post,index,fullSentence,directivePhrase,religiousSegment,qAuthored,sourceType,currentClassification,proposedClassification,religious,ruling,reason
"1","0","Expect massive riots organized in defiance and others fleeing the US to occur.","Expect massive riots organized in defiance and others fleeing the US to occur.","","true","q_post_body","Q Directive","Q Directive","false","KEEP_Q_DIRECTIVE","Q instructs or urges the reader directly."
"1","1","Proof check: Locate a NG member and ask if activated for duty 10/30 across most major cities.","Proof check: Locate a NG member and ask if activated for duty 10/30 across most major cities.","","true","q_post_body","Q Directive","Q Directive","false","KEEP_Q_DIRECTIVE","Q instructs or urges the reader directly."
"10","0","Remember, the FBI, and MI, have an open investigation into the CF.","Remember, the FBI, and MI, have an open investigation into the CF.","","unknown","q_post_body","Q Directive","Needs Context","false","NEEDS_CONTEXT","Source boundaries could not be established for this drop."
"10","1","Dig!!!!!","Dig!!!!!","","unknown","q_post_body","Q Directive","Needs Context","false","NEEDS_CONTEXT","Source boundaries could not be established for this drop."
"100","0","Define assets?","Define assets?","","true","q_post_body","Q Directive","Q Directive","false","KEEP_Q_DIRECTIVE","Q instructs or urges the reader directly."
"1001","0","Collect.","Collect.","","true","q_post_body","Q Directive","Q Directive","false","KEEP_Q_DIRECTIVE","Q instructs or urges the reader directly."
"1004","0","ACTIVATE D-PRIV","ACTIVATE D-PRIV","","true","q_post_body","Q Directive","Q Directive","false","KEEP_Q_DIRECTIVE","Q instructs or urges the reader directly."
"1006","0","COUNT YOUR BEATS.","COUNT YOUR BEATS.","","true","q_post_body","Q Directive","Q Directive","false","KEEP_Q_DIRECTIVE","Q instructs or urges the reader directly."
"1008","0","Trace background.","Trace background.","","true","q_post_body","Q Directive","Q Directive","false","KEEP_Q_DIRECTIVE","Q instructs or urges the reader directly."
"1008","1","Open source.","Open source.","","true","q_post_body","Q Directive","Q Directive","false","KEEP_Q_DIRECTIVE","Q instructs or urges the reader directly."
"1008","2","Trace background.","Trace background.","","true","q_post_body","Q Directive","Q Directive","false","KEEP_Q_DIRECTIVE","Q instructs or urges the reader directly."
"1008","3","Open source.","Open source.","","true","q_post_body","Q Directive","Q Directive","false","KEEP_Q_DIRECTIVE","Q instructs or urges the reader directly."
"1008","4","Trace background.","Trace background.","","true","q_post_body","Q Directive","Q Directive","false","KEEP_Q_DIRECTIVE","Q instructs or urges the reader directly."
"1008","5","Open source.","Open source.","","true","q_post_body","Q Directive","Q Directive","false","KEEP_Q_DIRECTIVE","Q instructs or urges the reader directly."
"1008","6","Define 'witness'.","Define 'witness'.","","true","q_post_body","Q Directive","Q Directive","false","KEEP_Q_DIRECTIVE","Q instructs or urges the reader directly."
"1008","7","Trust the plan.","Trust the plan.","","true","q_post_body","Q Directive","Q Directive","false","KEEP_Q_DIRECTIVE","Q instructs or urges the reader directly."
"1010","0","WATER","WATER","","true","q_post_body","Q Directive","Q Directive","false","KEEP_Q_DIRECTIVE","Q instructs or urges the reader directly."
"1016","0","Cross against POTUS' schedule.","Cross against POTUS' schedule.","","true","q_post_body","Q Directive","Q Directive","false","KEEP_Q_DIRECTIVE","Q instructs or urges the reader directly."
"1016","1","Cross against WH visitor log 11/22-1/18/17.","Cross against WH visitor log 11/22-1/18/17.","","true","q_post_body","Q Directive","Q Directive","false","KEEP_Q_DIRECTIVE","Q instructs or urges the reader directly."
"1018","0","Track edits.","Track edits.","","true","q_post_body","Q Directive","Q Directive","false","KEEP_Q_DIRECTIVE","Q instructs or urges the reader directly."
"1018","1","Watch for 'TheMagikBOT'.","Watch for 'TheMagikBOT'.","","true","q_post_body","Q Directive","Q Directive","false","KEEP_Q_DIRECTIVE","Q instructs or urges the reader directly."
"1019","0","Follow the LOOP.","Follow the LOOP.","","true","q_post_body","Q Directive","Q Directive","false","KEEP_Q_DIRECTIVE","Q instructs or urges the reader directly."
"102","0","Godspeed.","Godspeed.","","true","q_post_body","Q Directive","Removed from Q Directives","false","REMOVE_BLESSING_OR_VALEDICTION","A blessing, greeting or closing — it instructs no one."
"1020","0","Refer to old drops re: SA / NG.","Refer to old drops re: SA / NG.","","true","q_post_body","Q Directive","Q Directive","false","KEEP_Q_DIRECTIVE","Q instructs or urges the reader directly."
"1021","0","List the estimated wealth of religious organizations.","List the estimated wealth of religious organizations.","","true","q_post_body","Q Directive","Q Directive","false","KEEP_Q_DIRECTIVE","Q instructs or urges the reader directly."
"1025","0","God bless, Q","God bless, Q","","false","quoted_or_third_party","Q Directive","Removed from Q Directives","true","REMOVE_BLESSING_OR_VALEDICTION","A blessing, greeting or closing — it instructs no one."
"1027","0","Pray.","Pray.","","true","q_post_body","Q Directive","Q Directive + Religion & Spirituality","true","KEEP_DIRECTIVE_AND_RELIGIOUS_THEME","Q-authored religious command. Stays a Directive AND belongs to Religion & Spirituality."
"1027","1","Watch the news tomorrow.","Watch the news tomorrow.","","true","q_post_body","Q Directive","Q Directive","false","KEEP_Q_DIRECTIVE","Q instructs or urges the reader directly."
"103","0","Come home safe.","Come home safe.","","true","q_post_body","Q Directive","Q Directive","false","KEEP_Q_DIRECTIVE","Q instructs or urges the reader directly."
"103","1","Godspeed.","Godspeed.","","true","q_post_body","Q Directive","Removed from Q Directives","false","REMOVE_BLESSING_OR_VALEDICTION","A blessing, greeting or closing — it instructs no one."
"1030","0","Pray.","Pray.","","true","q_post_body","Q Directive","Q Directive + Religion & Spirituality","true","KEEP_DIRECTIVE_AND_RELIGIOUS_THEME","Q-authored religious command. Stays a Directive AND belongs to Religion & Spirituality."
"1032","0","Think Navy Ship crashes.","Think Navy Ship crashes.","","true","q_post_body","Q Directive","Q Directive","false","KEEP_Q_DIRECTIVE","Q instructs or urges the reader directly."
"1034","0","Track events.","Track events.","","true","q_post_body","Q Directive","Q Directive","false","KEEP_Q_DIRECTIVE","Q instructs or urges the reader directly."
"104","0","God bless the United States of America.","God bless the United States of America.","","true","q_post_body","Q Directive","Removed from Q Directives","true","REMOVE_BLESSING_OR_VALEDICTION","A blessing, greeting or closing — it instructs no one."
"1046","0","Enjoy the show.","Enjoy the show.","","true","q_post_body","Q Directive","Q Directive","false","KEEP_Q_DIRECTIVE","Q instructs or urges the reader directly."
"1048","0","Connect via past religious leaders (re: Hussein).","Connect via past religious leaders (re: Hussein).","","true","q_post_body","Q Directive","Q Directive","false","KEEP_Q_DIRECTIVE","Q instructs or urges the reader directly."
"1049","0","Think NK.","Think NK.","","true","q_post_body","Q Directive","Q Directive","false","KEEP_Q_DIRECTIVE","Q instructs or urges the reader directly."
"1049","1","Think Nuke stranglehold.","Think Nuke stranglehold.","","true","q_post_body","Q Directive","Q Directive","false","KEEP_Q_DIRECTIVE","Q instructs or urges the reader directly."
"1049","2","Think logically.","Think logically.","","true","q_post_body","Q Directive","Q Directive","false","KEEP_Q_DIRECTIVE","Q instructs or urges the reader directly."
"105","0","Please pray.","Please pray.","","true","q_post_body","Q Directive","Q Directive + Religion & Spirituality","true","KEEP_DIRECTIVE_AND_RELIGIOUS_THEME","Q-authored religious command. Stays a Directive AND belongs to Religion & Spirituality."
"105","1","Please pause and give thanks to those who would die to save our republic.","Please pause and give thanks to those who would die to save our republic.","","true","q_post_body","Q Directive","Q Directive","false","KEEP_Q_DIRECTIVE","Q instructs or urges the reader directly."
"1050","0","Stand strong.","Stand strong.","","true","q_post_body","Q Directive","Q Directive","false","KEEP_Q_DIRECTIVE","Q instructs or urges the reader directly."
"1052","0","Enjoy the show.","Enjoy the show.","","true","q_post_body","Q Directive","Q Directive","false","KEEP_Q_DIRECTIVE","Q instructs or urges the reader directly."
"1054","0","Look up Ray.Chandler.","Look up Ray.Chandler.","","true","q_post_body","Q Directive","Q Directive","false","KEEP_Q_DIRECTIVE","Q instructs or urges the reader directly."
"1055","0","Follow friends.","Follow friends.","","true","q_post_body","Q Directive","Q Directive","false","KEEP_Q_DIRECTIVE","Q instructs or urges the reader directly."
"1055","1","Open source.","Open source.","","true","q_post_body","Q Directive","Q Directive","false","KEEP_Q_DIRECTIVE","Q instructs or urges the reader directly."
"1056","0","Focus on friends (2).","Focus on friends (2).","","true","q_post_body","Q Directive","Q Directive","false","KEEP_Q_DIRECTIVE","Q instructs or urges the reader directly."
"1057","0","Report to FBI / DOJ.","Report to FBI / DOJ.","","true","q_post_body","Q Directive","Q Directive","false","KEEP_Q_DIRECTIVE","Q instructs or urges the reader directly."
"1057","1","Watch what happens.","Watch what happens.","","true","q_post_body","Q Directive","Q Directive","false","KEEP_Q_DIRECTIVE","Q instructs or urges the reader directly."
"1057","2","End.","End.","","true","q_post_body","Q Directive","Q Directive","false","KEEP_Q_DIRECTIVE","Q instructs or urges the reader directly."
"106","0","God bless.","God bless.","","true","q_post_body","Q Directive","Removed from Q Directives","true","REMOVE_BLESSING_OR_VALEDICTION","A blessing, greeting or closing — it instructs no one."
"1063","0","Spread out by design.","Spread out by design.","","true","q_post_body","Q Directive","Q Directive","false","KEEP_Q_DIRECTIVE","Q instructs or urges the reader directly."
"1063","1","Open the door.","Open the door.","","true","q_post_body","Q Directive","Q Directive","false","KEEP_Q_DIRECTIVE","Q instructs or urges the reader directly."
"1063","2","Close to door.","Close to door.","","true","q_post_body","Q Directive","Q Directive","false","KEEP_Q_DIRECTIVE","Q instructs or urges the reader directly."
"1068","0","Pray.","Pray.","","true","q_post_body","Q Directive","Q Directive + Religion & Spirituality","true","KEEP_DIRECTIVE_AND_RELIGIOUS_THEME","Q-authored religious command. Stays a Directive AND belongs to Religion & Spirituality."
"107","0","Note when we just sent the go orders and when this Tweet went live.","Note when we just sent the go orders and when this Tweet went live.","","false","quoted_or_third_party","Q Directive","Removed from Q Directives","false","REMOVE_QUOTED_OR_THIRD_PARTY","The command belongs to an Anonymous post, article, letter, image or screenshot quoted by Q."
"107","1","Pray.","Pray.","","true","q_post_body","Q Directive","Q Directive + Religion & Spirituality","true","KEEP_DIRECTIVE_AND_RELIGIOUS_THEME","Q-authored religious command. Stays a Directive AND belongs to Religion & Spirituality."
"1073","0","Listen carefully.","Listen carefully.","","true","q_post_body","Q Directive","Q Directive","false","KEEP_Q_DIRECTIVE","Q instructs or urges the reader directly."
"1074","0","Read between the lines.","Read between the lines.","","true","q_post_body","Q Directive","Q Directive","false","KEEP_Q_DIRECTIVE","Q instructs or urges the reader directly."
"1075","0","Buckle up.","Buckle up.","","true","q_post_body","Q Directive","Q Directive","false","KEEP_Q_DIRECTIVE","Q instructs or urges the reader directly."
"1077","0","Prevent at all costs.","Prevent at all costs.","","true","q_post_body","Q Directive","Q Directive","false","KEEP_Q_DIRECTIVE","Q instructs or urges the reader directly."
"1078","0","Contact window ok.","Contact window ok.","","true","q_post_body","Q Directive","Q Directive","false","KEEP_Q_DIRECTIVE","Q instructs or urges the reader directly."
"1079","0","Relay back channel S-WH-E-P1.","Relay back channel S-WH-E-P1.","","true","q_post_body","Q Directive","Q Directive","false","KEEP_Q_DIRECTIVE","Q instructs or urges the reader directly."
"108","0","Analyze time stamps of my go message to BO's Tweet.","Analyze time stamps of my go message to BO's Tweet.","","true","q_post_body","Q Directive","Q Directive","false","KEEP_Q_DIRECTIVE","Q instructs or urges the reader directly."
"1081","0","Think logically.","Think logically.","","true","q_post_body","Q Directive","Q Directive","false","KEEP_Q_DIRECTIVE","Q instructs or urges the reader directly."
"1082","0","Enjoy the show.","Enjoy the show.","","true","q_post_body","Q Directive","Q Directive","false","KEEP_Q_DIRECTIVE","Q instructs or urges the reader directly."
"1085","0","Think.","Think.","","true","q_post_body","Q Directive","Q Directive","false","KEEP_Q_DIRECTIVE","Q instructs or urges the reader directly."
"1085","1","Have faith.","Have faith.","","true","q_post_body","Q Directive","Removed from Q Directives","true","REMOVE_STATEMENT_OR_HEADING","Religious, but declarative — a statement, slogan or label rather than an instruction."
"1085","2","Trust the plan.","Trust the plan.","","true","q_post_body","Q Directive","Q Directive","false","KEEP_Q_DIRECTIVE","Q instructs or urges the reader directly."
"1090","0","Open source.","Open source.","","true","q_post_body","Q Directive","Q Directive","false","KEEP_Q_DIRECTIVE","Q instructs or urges the reader directly."
"1091","0","Think Double.","Think Double.","","true","q_post_body","Q Directive","Q Directive","false","KEEP_Q_DIRECTIVE","Q instructs or urges the reader directly."
"1093","0","Watch again.","Watch again.","","true","q_post_body","Q Directive","Q Directive","false","KEEP_Q_DIRECTIVE","Q instructs or urges the reader directly."
"1093","1","God bless you all.","God bless you all.","","true","q_post_body","Q Directive","Removed from Q Directives","true","REMOVE_BLESSING_OR_VALEDICTION","A blessing, greeting or closing — it instructs no one."
"1094","0","Flag.","Flag.","","true","q_post_body","Q Directive","Q Directive","false","KEEP_Q_DIRECTIVE","Q instructs or urges the reader directly."
"1097","0","Dig.","Dig.","","true","q_post_body","Q Directive","Q Directive","false","KEEP_Q_DIRECTIVE","Q instructs or urges the reader directly."
"1097","1","Find ALL pics.","Find ALL pics.","","true","q_post_body","Q Directive","Q Directive","false","KEEP_Q_DIRECTIVE","Q instructs or urges the reader directly."
"1098","0","Bring back the gallows!","Bring back the gallows!","","true","q_post_body","Q Directive","Q Directive","false","KEEP_Q_DIRECTIVE","Q instructs or urges the reader directly."
"1100","0","Track congressional intake (reported).","Track congressional intake (reported).","","true","q_post_body","Q Directive","Q Directive","false","KEEP_Q_DIRECTIVE","Q instructs or urges the reader directly."
"1100","1","Keep open (+6 mo).","Keep open (+6 mo).","","true","q_post_body","Q Directive","Q Directive","false","KEEP_Q_DIRECTIVE","Q instructs or urges the reader directly."
"1100","2","Drain the swamp.","Drain the swamp.","","true","q_post_body","Q Directive","Q Directive","false","KEEP_Q_DIRECTIVE","Q instructs or urges the reader directly."
"1101","0","Follow the family.","Follow the family.","","true","q_post_body","Q Directive","Q Directive","false","KEEP_Q_DIRECTIVE","Q instructs or urges the reader directly."
"1101","1","Re_read drops.","Re_read drops.","","true","q_post_body","Q Directive","Q Directive","false","KEEP_Q_DIRECTIVE","Q instructs or urges the reader directly."
"1102","0","Don't forget how to PLAY.","Don't forget how to PLAY.","","true","q_post_body","Q Directive","Q Directive","false","KEEP_Q_DIRECTIVE","Q instructs or urges the reader directly."
"1102","1","Think emails (LL, HRC, HUSSEIN, etc).","Think emails (LL, HRC, HUSSEIN, etc).","","true","q_post_body","Q Directive","Q Directive","false","KEEP_Q_DIRECTIVE","Q instructs or urges the reader directly."
"1104","0","Think 'Bridge'.","Think 'Bridge'.","","true","q_post_body","Q Directive","Q Directive","false","KEEP_Q_DIRECTIVE","Q instructs or urges the reader directly."
"1106","0","Hold until CONF.","Hold until CONF.","","true","q_post_body","Q Directive","Q Directive","false","KEEP_Q_DIRECTIVE","Q instructs or urges the reader directly."
"1106","1","Have faith.","Have faith.","","true","q_post_body","Q Directive","Removed from Q Directives","true","REMOVE_STATEMENT_OR_HEADING","Religious, but declarative — a statement, slogan or label rather than an instruction."
"1106","2","Trust POTUS.","Trust POTUS.","","true","q_post_body","Q Directive","Q Directive","false","KEEP_Q_DIRECTIVE","Q instructs or urges the reader directly."
"111","0","Pray.","Pray.","","true","q_post_body","Q Directive","Q Directive + Religion & Spirituality","true","KEEP_DIRECTIVE_AND_RELIGIOUS_THEME","Q-authored religious command. Stays a Directive AND belongs to Religion & Spirituality."
"111","1","Repeat.","Repeat.","","true","q_post_body","Q Directive","Q Directive","false","KEEP_Q_DIRECTIVE","Q instructs or urges the reader directly."
"1113","0","Learn our comms.","Learn our comms.","","true","q_post_body","Q Directive","Q Directive","false","KEEP_Q_DIRECTIVE","Q instructs or urges the reader directly."
"1115","0","Read carefully.","Read carefully.","","true","q_post_body","Q Directive","Q Directive","false","KEEP_Q_DIRECTIVE","Q instructs or urges the reader directly."
"112","0","Stay alert in main US cities (DC), sporting events, and other conservative gatherings.","Stay alert in main US cities (DC), sporting events, and other conservative gatherings.","","true","q_post_body","Q Directive","Q Directive","false","KEEP_Q_DIRECTIVE","Q instructs or urges the reader directly."
"112","1","Stay alert in main US cities (DC), sporting events, and other conservative gatherings.","Stay alert in main US cities (DC), sporting events, and other conservative gatherings.","","true","q_post_body","Q Directive","Q Directive","false","KEEP_Q_DIRECTIVE","Q instructs or urges the reader directly."
"112","2","Repeat.","Repeat.","","true","q_post_body","Q Directive","Q Directive","false","KEEP_Q_DIRECTIVE","Q instructs or urges the reader directly."
"112","3","Summarize and paint the picture.","Summarize and paint the picture.","","true","q_post_body","Q Directive","Q Directive","false","KEEP_Q_DIRECTIVE","Q instructs or urges the reader directly."
"1120","0","Clarify.","Clarify.","","true","q_post_body","Q Directive","Q Directive","false","KEEP_Q_DIRECTIVE","Q instructs or urges the reader directly."
"1120","1","Demand.","Demand.","","true","q_post_body","Q Directive","Q Directive","false","KEEP_Q_DIRECTIVE","Q instructs or urges the reader directly."
"1120","2","Confirm tariff reduction.","Confirm tariff reduction.","","true","q_post_body","Q Directive","Q Directive","false","KEEP_Q_DIRECTIVE","Q instructs or urges the reader directly."
"1120","3","Start.","Start.","","true","q_post_body","Q Directive","Q Directive","false","KEEP_Q_DIRECTIVE","Q instructs or urges the reader directly."
"1122","0","TRUST SESSIONS.","TRUST SESSIONS.","","true","q_post_body","Q Directive","Q Directive","false","KEEP_Q_DIRECTIVE","Q instructs or urges the reader directly."
"1122","1","TRUST WRAY.","TRUST WRAY.","","true","q_post_body","Q Directive","Q Directive","false","KEEP_Q_DIRECTIVE","Q instructs or urges the reader directly."
"1122","2","TRUST KANSAS.","TRUST KANSAS.","","true","q_post_body","Q Directive","Q Directive","false","KEEP_Q_DIRECTIVE","Q instructs or urges the reader directly."
"1122","3","TRUST HOROWITZ.","TRUST HOROWITZ.","","true","q_post_body","Q Directive","Q Directive","false","KEEP_Q_DIRECTIVE","Q instructs or urges the reader directly."
"1122","4","TRUST HUBER.","TRUST HUBER.","","true","q_post_body","Q Directive","Q Directive","false","KEEP_Q_DIRECTIVE","Q instructs or urges the reader directly."
"1124","0","END.","END.","","true","q_post_body","Q Directive","Q Directive","false","KEEP_Q_DIRECTIVE","Q instructs or urges the reader directly."
"1124","1","Testify then drop.","Testify then drop.","","true","q_post_body","Q Directive","Q Directive","false","KEEP_Q_DIRECTIVE","Q instructs or urges the reader directly."
"1127","0","Refer back - the 'Why?'","Refer back - the 'Why?'","","true","q_post_body","Q Directive","Q Directive","false","KEEP_Q_DIRECTIVE","Q instructs or urges the reader directly."
"1127","1","Trust the plan.","Trust the plan.","","true","q_post_body","Q Directive","Q Directive","false","KEEP_Q_DIRECTIVE","Q instructs or urges the reader directly."
"1138","0","Study carefully.","Study carefully.","","true","q_post_body","Q Directive","Q Directive","false","KEEP_Q_DIRECTIVE","Q instructs or urges the reader directly."
"1145","0","Trust POTUS.","Trust POTUS.","","true","q_post_body","Q Directive","Q Directive","false","KEEP_Q_DIRECTIVE","Q instructs or urges the reader directly."
"1146","0","Expand your thinking.","Expand your thinking.","","true","q_post_body","Q Directive","Q Directive","false","KEEP_Q_DIRECTIVE","Q instructs or urges the reader directly."
"1146","1","Trust the plan!","Trust the plan!","","true","q_post_body","Q Directive","Q Directive","false","KEEP_Q_DIRECTIVE","Q instructs or urges the reader directly."
"1149","0","Think timing.","Think timing.","","true","q_post_body","Q Directive","Q Directive","false","KEEP_Q_DIRECTIVE","Q instructs or urges the reader directly."
"1155","0","Focus should also be on Supreme Court promise.","Focus should also be on Supreme Court promise.","","true","q_post_body","Q Directive","Q Directive","false","KEEP_Q_DIRECTIVE","Q instructs or urges the reader directly."
"116","0","Archive immediately.","Archive immediately.","","true","q_post_body","Q Directive","Q Directive","false","KEEP_Q_DIRECTIVE","Q instructs or urges the reader directly."
"116","1","Upload to graphic.","Upload to graphic.","","true","q_post_body","Q Directive","Q Directive","false","KEEP_Q_DIRECTIVE","Q instructs or urges the reader directly."
"1164","0","Re_read Five Eyes.","Re_read Five Eyes.","","true","q_post_body","Q Directive","Q Directive","false","KEEP_Q_DIRECTIVE","Q instructs or urges the reader directly."
"1164","1","Avoid US data collection laws.","Avoid US data collection laws.","","true","q_post_body","Q Directive","Q Directive","false","KEEP_Q_DIRECTIVE","Q instructs or urges the reader directly."
"117","0","Define.","Define.","","true","q_post_body","Q Directive","Q Directive","false","KEEP_Q_DIRECTIVE","Q instructs or urges the reader directly."
"117","1","Reconcile.","Reconcile.","","true","q_post_body","Q Directive","Q Directive","false","KEEP_Q_DIRECTIVE","Q instructs or urges the reader directly."
"1176","0","Think logically.","Think logically.","","true","q_post_body","Q Directive","Q Directive","false","KEEP_Q_DIRECTIVE","Q instructs or urges the reader directly."
"1176","1","Think State of the Union - FREE.","Think State of the Union - FREE.","","true","q_post_body","Q Directive","Q Directive","false","KEEP_Q_DIRECTIVE","Q instructs or urges the reader directly."
"118","0","Think SA.","Think SA.","","true","q_post_body","Q Directive","Q Directive","false","KEEP_Q_DIRECTIVE","Q instructs or urges the reader directly."
"118","1","Think 'Taken'.","Think 'Taken'.","","true","q_post_body","Q Directive","Q Directive","false","KEEP_Q_DIRECTIVE","Q instructs or urges the reader directly."
"118","2","Repeat.","Repeat.","","true","q_post_body","Q Directive","Q Directive","false","KEEP_Q_DIRECTIVE","Q instructs or urges the reader directly."
"1180","0","Join POTUS' legal team.","Join POTUS' legal team.","","true","q_post_body","Q Directive","Q Directive","false","KEEP_Q_DIRECTIVE","Q instructs or urges the reader directly."
"1180","1","Enjoy the show.","Enjoy the show.","","true","q_post_body","Q Directive","Q Directive","false","KEEP_Q_DIRECTIVE","Q instructs or urges the reader directly."
"1181","0","Trust the plan.","Trust the plan.","","true","q_post_body","Q Directive","Q Directive","false","KEEP_Q_DIRECTIVE","Q instructs or urges the reader directly."
"1182","0","Update.","Update.","","true","q_post_body","Q Directive","Q Directive","false","KEEP_Q_DIRECTIVE","Q instructs or urges the reader directly."
"1182","1","Read.","Read.","","true","q_post_body","Q Directive","Q Directive","false","KEEP_Q_DIRECTIVE","Q instructs or urges the reader directly."
"1182","2","Study the EOs.","Study the EOs.","","true","q_post_body","Q Directive","Q Directive","false","KEEP_Q_DIRECTIVE","Q instructs or urges the reader directly."
"1182","3","Follow the 'pen'.","Follow the 'pen'.","","true","q_post_body","Q Directive","Q Directive","false","KEEP_Q_DIRECTIVE","Q instructs or urges the reader directly."
"1182","4","Connect.","Connect.","","true","q_post_body","Q Directive","Q Directive","false","KEEP_Q_DIRECTIVE","Q instructs or urges the reader directly."
"1182","5","Learn.","Learn.","","true","q_post_body","Q Directive","Q Directive","false","KEEP_Q_DIRECTIVE","Q instructs or urges the reader directly."
"1183","0","Push to DIVIDE is strong.","Push to DIVIDE is strong.","","true","q_post_body","Q Directive","Q Directive","false","KEEP_Q_DIRECTIVE","Q instructs or urges the reader directly."
"1183","1","Think pre vs post 2016 election.","Think pre vs post 2016 election.","","true","q_post_body","Q Directive","Q Directive","false","KEEP_Q_DIRECTIVE","Q instructs or urges the reader directly."
"1183","2","Stay TOGETHER.","Stay TOGETHER.","","true","q_post_body","Q Directive","Q Directive","false","KEEP_Q_DIRECTIVE","Q instructs or urges the reader directly."
"1183","3","Stay STRONG.","Stay STRONG.","","true","q_post_body","Q Directive","Q Directive","false","KEEP_Q_DIRECTIVE","Q instructs or urges the reader directly."
"1184","0","Archive immediately.","Archive immediately.","","true","q_post_body","Q Directive","Q Directive","false","KEEP_Q_DIRECTIVE","Q instructs or urges the reader directly."
"1186","0","Archive OFFLINE immediately.","Archive OFFLINE immediately.","","true","q_post_body","Q Directive","Q Directive","false","KEEP_Q_DIRECTIVE","Q instructs or urges the reader directly."
"1187","0","Think net worth.","Think net worth.","","true","q_post_body","Q Directive","Q Directive","false","KEEP_Q_DIRECTIVE","Q instructs or urges the reader directly."
"1188","0","Build profile 1XD x7","Build profile 1XD x7","","true","q_post_body","Q Directive","Q Directive","false","KEEP_Q_DIRECTIVE","Q instructs or urges the reader directly."
"119","0","List the Billionaires.","List the Billionaires.","","true","q_post_body","Q Directive","Q Directive","false","KEEP_Q_DIRECTIVE","Q instructs or urges the reader directly."
"119","1","Reconcile.","Reconcile.","","true","q_post_body","Q Directive","Q Directive","false","KEEP_Q_DIRECTIVE","Q instructs or urges the reader directly."
"1190","0","Think SC.","Think SC.","","true","q_post_body","Q Directive","Q Directive","false","KEEP_Q_DIRECTIVE","Q instructs or urges the reader directly."
"1197","0","Watch CA.","Watch CA.","","true","q_post_body","Q Directive","Q Directive","false","KEEP_Q_DIRECTIVE","Q instructs or urges the reader directly."
"1198","0","Keep up the good fight!","Keep up the good fight!","","true","q_post_body","Q Directive","Q Directive","false","KEEP_Q_DIRECTIVE","Q instructs or urges the reader directly."
"1199","0","Answer Q re: SR.","Answer Q re: SR.","","true","q_post_body","Q Directive","Q Directive","false","KEEP_Q_DIRECTIVE","Q instructs or urges the reader directly."
"120","0","Think Snowden.","Think Snowden.","","true","q_post_body","Q Directive","Q Directive","false","KEEP_Q_DIRECTIVE","Q instructs or urges the reader directly."
"1208","0","Expand further.","Expand further.","","true","q_post_body","Q Directive","Q Directive","false","KEEP_Q_DIRECTIVE","Q instructs or urges the reader directly."
"1208","1","Open source.","Open source.","","true","q_post_body","Q Directive","Q Directive","false","KEEP_Q_DIRECTIVE","Q instructs or urges the reader directly."
"1209","0","END.","END.","","true","q_post_body","Q Directive","Q Directive","false","KEEP_Q_DIRECTIVE","Q instructs or urges the reader directly."
"121","0","Compare.","Compare.","","true","q_post_body","Q Directive","Q Directive","false","KEEP_Q_DIRECTIVE","Q instructs or urges the reader directly."
"121","1","List.","List.","","true","q_post_body","Q Directive","Q Directive","false","KEEP_Q_DIRECTIVE","Q instructs or urges the reader directly."
"121","2","Laugh.","Laugh.","","true","q_post_body","Q Directive","Q Directive","false","KEEP_Q_DIRECTIVE","Q instructs or urges the reader directly."
"1213","0","Open source.","Open source.","","true","q_post_body","Q Directive","Q Directive","false","KEEP_Q_DIRECTIVE","Q instructs or urges the reader directly."
"1218","0","Push FAKE NEWS [4am] - MSM PRE BAD news [THEM].","Push FAKE NEWS [4am] - MSM PRE BAD news [THEM].","","true","q_post_body","Q Directive","Q Directive","false","KEEP_Q_DIRECTIVE","Q instructs or urges the reader directly."
"1219","0","Think Sessions.","Think Sessions.","","true","q_post_body","Q Directive","Q Directive","false","KEEP_Q_DIRECTIVE","Q instructs or urges the reader directly."
"1219","1","Expand your thinking outside of 'leaks'.","Expand your thinking outside of 'leaks'.","","true","q_post_body","Q Directive","Q Directive","false","KEEP_Q_DIRECTIVE","Q instructs or urges the reader directly."
"122","0","Refer back to black pop crumbs.","Refer back to black pop crumbs.","","true","q_post_body","Q Directive","Q Directive","false","KEEP_Q_DIRECTIVE","Q instructs or urges the reader directly."
"122","1","Paint the picture.","Paint the picture.","","true","q_post_body","Q Directive","Q Directive","false","KEEP_Q_DIRECTIVE","Q instructs or urges the reader directly."
"122","2","Pray.","Pray.","","true","q_post_body","Q Directive","Q Directive + Religion & Spirituality","true","KEEP_DIRECTIVE_AND_RELIGIOUS_THEME","Q-authored religious command. Stays a Directive AND belongs to Religion & Spirituality."
"1220","0","Protect domestic high prices.","Protect domestic high prices.","","true","q_post_body","Q Directive","Q Directive","false","KEEP_Q_DIRECTIVE","Q instructs or urges the reader directly."
"1221","0","Trust funds (3).","Trust funds (3).","","true","q_post_body","Q Directive","Q Directive","false","KEEP_Q_DIRECTIVE","Q instructs or urges the reader directly."
"1222","0","Think public & private Twitter accounts.","Think public & private Twitter accounts.","","true","q_post_body","Q Directive","Q Directive","false","KEEP_Q_DIRECTIVE","Q instructs or urges the reader directly."
"1223","0","Think private email addresses.","Think private email addresses.","","true","q_post_body","Q Directive","Q Directive","false","KEEP_Q_DIRECTIVE","Q instructs or urges the reader directly."
"1224","0","Think Wendy.","Think Wendy.","","true","q_post_body","Q Directive","Q Directive","false","KEEP_Q_DIRECTIVE","Q instructs or urges the reader directly."
"1224","1","Enjoy the show.","Enjoy the show.","","true","q_post_body","Q Directive","Q Directive","false","KEEP_Q_DIRECTIVE","Q instructs or urges the reader directly."
"1225","0","Learn our comms.","Learn our comms.","","true","q_post_body","Q Directive","Q Directive","false","KEEP_Q_DIRECTIVE","Q instructs or urges the reader directly."
"1228","0","Look at those palm trees!","Look at those palm trees!","","true","q_post_body","Q Directive","Q Directive","false","KEEP_Q_DIRECTIVE","Q instructs or urges the reader directly."
"1229","0","Expand further.","Expand further.","","true","q_post_body","Q Directive","Q Directive","false","KEEP_Q_DIRECTIVE","Q instructs or urges the reader directly."
"1232","0","Please stand by.","Please stand by.","","true","q_post_body","Q Directive","Q Directive","false","KEEP_Q_DIRECTIVE","Q instructs or urges the reader directly."
"1235","0","Don't forget about Huma.","Don't forget about Huma.","","true","q_post_body","Q Directive","Q Directive","false","KEEP_Q_DIRECTIVE","Q instructs or urges the reader directly."
"1238","0","Listen carefully.","Listen carefully.","","true","q_post_body","Q Directive","Q Directive","false","KEEP_Q_DIRECTIVE","Q instructs or urges the reader directly."
"1241","0","Think NK.","Think NK.","","true","q_post_body","Q Directive","Q Directive","false","KEEP_Q_DIRECTIVE","Q instructs or urges the reader directly."
"1241","1","Define nuclear stand-off.","Define nuclear stand-off.","","true","q_post_body","Q Directive","Q Directive","false","KEEP_Q_DIRECTIVE","Q instructs or urges the reader directly."
"1241","2","Think Paris accord.","Think Paris accord.","","true","q_post_body","Q Directive","Q Directive","false","KEEP_Q_DIRECTIVE","Q instructs or urges the reader directly."
"1241","3","Define kickback.","Define kickback.","","true","q_post_body","Q Directive","Q Directive","false","KEEP_Q_DIRECTIVE","Q instructs or urges the reader directly."
"1241","4","Define slush fund.","Define slush fund.","","true","q_post_body","Q Directive","Q Directive","false","KEEP_Q_DIRECTIVE","Q instructs or urges the reader directly."
"1245","0","Think SA.","Think SA.","","true","q_post_body","Q Directive","Q Directive","false","KEEP_Q_DIRECTIVE","Q instructs or urges the reader directly."
"1245","1","Define hostage.","Define hostage.","","true","q_post_body","Q Directive","Q Directive","false","KEEP_Q_DIRECTIVE","Q instructs or urges the reader directly."
"1245","2","Define protection.","Define protection.","","true","q_post_body","Q Directive","Q Directive","false","KEEP_Q_DIRECTIVE","Q instructs or urges the reader directly."
"1245","3","Trust the plan.","Trust the plan.","","true","q_post_body","Q Directive","Q Directive","false","KEEP_Q_DIRECTIVE","Q instructs or urges the reader directly."
"1248","0","Wake up!","Wake up!","","true","q_post_body","Q Directive","Q Directive","false","KEEP_Q_DIRECTIVE","Q instructs or urges the reader directly."
"1248","1","Learn.","Learn.","","true","q_post_body","Q Directive","Q Directive","false","KEEP_Q_DIRECTIVE","Q instructs or urges the reader directly."
"1248","2","Question.","Question.","","true","q_post_body","Q Directive","Q Directive","false","KEEP_Q_DIRECTIVE","Q instructs or urges the reader directly."
"1248","3","Fight!","Fight!","","true","q_post_body","Q Directive","Q Directive","false","KEEP_Q_DIRECTIVE","Q instructs or urges the reader directly."
"1249","0","Define smuggle.","Define smuggle.","","true","q_post_body","Q Directive","Q Directive","false","KEEP_Q_DIRECTIVE","Q instructs or urges the reader directly."
"1249","1","Follow the EOs.","Follow the EOs.","","true","q_post_body","Q Directive","Q Directive","false","KEEP_Q_DIRECTIVE","Q instructs or urges the reader directly."
"1250","0","Think logically.","Think logically.","","true","q_post_body","Q Directive","Q Directive","false","KEEP_Q_DIRECTIVE","Q instructs or urges the reader directly."
"1250","1","Follow the timeline.","Follow the timeline.","","true","q_post_body","Q Directive","Q Directive","false","KEEP_Q_DIRECTIVE","Q instructs or urges the reader directly."
"1250","2","Follow the timeline.","Follow the timeline.","","true","q_post_body","Q Directive","Q Directive","false","KEEP_Q_DIRECTIVE","Q instructs or urges the reader directly."
"1250","3","Define 'Exchange'.","Define 'Exchange'.","","true","q_post_body","Q Directive","Q Directive","false","KEEP_Q_DIRECTIVE","Q instructs or urges the reader directly."
"1251","0","Listen carefully.","Listen carefully.","","true","q_post_body","Q Directive","Q Directive","false","KEEP_Q_DIRECTIVE","Q instructs or urges the reader directly."
"1251","1","Trust the plan.","Trust the plan.","","true","q_post_body","Q Directive","Q Directive","false","KEEP_Q_DIRECTIVE","Q instructs or urges the reader directly."
"1252","0","Learn the term 'Projection'.","Learn the term 'Projection'.","","true","q_post_body","Q Directive","Q Directive","false","KEEP_Q_DIRECTIVE","Q instructs or urges the reader directly."
"1252","1","Learn the TRUTH.","Learn the TRUTH.","","true","q_post_body","Q Directive","Q Directive","false","KEEP_Q_DIRECTIVE","Q instructs or urges the reader directly."
"1252","2","Re_read drops re: slave grip of black pop.","Re_read drops re: slave grip of black pop.","","true","q_post_body","Q Directive","Q Directive","false","KEEP_Q_DIRECTIVE","Q instructs or urges the reader directly."
"1254","0","Re_read.","Re_read.","","true","q_post_body","Q Directive","Q Directive","false","KEEP_Q_DIRECTIVE","Q instructs or urges the reader directly."
"1258","0","Think logically.","Think logically.","","true","q_post_body","Q Directive","Q Directive","false","KEEP_Q_DIRECTIVE","Q instructs or urges the reader directly."
"1261","0","Stay awake.","Stay awake.","","true","q_post_body","Q Directive","Q Directive","false","KEEP_Q_DIRECTIVE","Q instructs or urges the reader directly."
"1261","1","Expect more (outcry).","Expect more (outcry).","","true","q_post_body","Q Directive","Q Directive","false","KEEP_Q_DIRECTIVE","Q instructs or urges the reader directly."
"1262","0","Think movie.","Think movie.","","true","q_post_body","Q Directive","Q Directive","false","KEEP_Q_DIRECTIVE","Q instructs or urges the reader directly."
"1263","0","Think logically.","Think logically.","","true","q_post_body","Q Directive","Q Directive","false","KEEP_Q_DIRECTIVE","Q instructs or urges the reader directly."
"1263","1","Apply leverage.","Apply leverage.","","true","q_post_body","Q Directive","Q Directive","false","KEEP_Q_DIRECTIVE","Q instructs or urges the reader directly."
"1264","0","Trust the plan.","Trust the plan.","","true","q_post_body","Q Directive","Q Directive","false","KEEP_Q_DIRECTIVE","Q instructs or urges the reader directly."
"1265","0","Think pushback.","Think pushback.","","true","q_post_body","Q Directive","Q Directive","false","KEEP_Q_DIRECTIVE","Q instructs or urges the reader directly."
"1265","1","Open source.","Open source.","","true","q_post_body","Q Directive","Q Directive","false","KEEP_Q_DIRECTIVE","Q instructs or urges the reader directly."
"1266","0","Trust the plan.","Trust the plan.","","true","q_post_body","Q Directive","Q Directive","false","KEEP_Q_DIRECTIVE","Q instructs or urges the reader directly."
"1266","1","Think resignations.","Think resignations.","","true","q_post_body","Q Directive","Q Directive","false","KEEP_Q_DIRECTIVE","Q instructs or urges the reader directly."
"1266","2","Have faith.","Have faith.","","true","q_post_body","Q Directive","Removed from Q Directives","true","REMOVE_STATEMENT_OR_HEADING","Religious, but declarative — a statement, slogan or label rather than an instruction."
"1269","0","LEARN THE TRUTH.","LEARN THE TRUTH.","","true","q_post_body","Q Directive","Q Directive","false","KEEP_Q_DIRECTIVE","Q instructs or urges the reader directly."
"1269","1","FIGHT FIGHT FIGHT","FIGHT FIGHT FIGHT","","true","q_post_body","Q Directive","Q Directive","false","KEEP_Q_DIRECTIVE","Q instructs or urges the reader directly."
"127","0","Let's pause and say hello to the rogue intelligence agencies currently monitoring these threads.","Let's pause and say hello to the rogue intelligence agencies currently monitoring these threads.","","true","q_post_body","Q Directive","Q Directive","false","KEEP_Q_DIRECTIVE","Q instructs or urges the reader directly."
"1271","0","Note 187.","Note 187.","","true","q_post_body","Q Directive","Q Directive","false","KEEP_Q_DIRECTIVE","Q instructs or urges the reader directly."
"1273","0","Connect.","Connect.","","true","q_post_body","Q Directive","Q Directive","false","KEEP_Q_DIRECTIVE","Q instructs or urges the reader directly."
"1275","0","No redactions.","No redactions.","","true","q_post_body","Q Directive","Q Directive","false","KEEP_Q_DIRECTIVE","Q instructs or urges the reader directly."
"1276","0","Follow the stars.","Follow the stars.","","true","q_post_body","Q Directive","Q Directive","false","KEEP_Q_DIRECTIVE","Q instructs or urges the reader directly."
"1278","0","Re_read.","Re_read.","","true","q_post_body","Q Directive","Q Directive","false","KEEP_Q_DIRECTIVE","Q instructs or urges the reader directly."
"1278","1","Reveal gmail draft comms.","Reveal gmail draft comms.","","true","q_post_body","Q Directive","Q Directive","false","KEEP_Q_DIRECTIVE","Q instructs or urges the reader directly."
"1278","2","Be heard.","Be heard.","","true","q_post_body","Q Directive","Q Directive","false","KEEP_Q_DIRECTIVE","Q instructs or urges the reader directly."
"1279","0","Think GOOG.","Think GOOG.","","true","q_post_body","Q Directive","Q Directive","false","KEEP_Q_DIRECTIVE","Q instructs or urges the reader directly."
"1279","1","Think ES departure.","Think ES departure.","","true","q_post_body","Q Directive","Q Directive","false","KEEP_Q_DIRECTIVE","Q instructs or urges the reader directly."
"1279","2","Think NK.","Think NK.","","true","q_post_body","Q Directive","Q Directive","false","KEEP_Q_DIRECTIVE","Q instructs or urges the reader directly."
"1279","3","Define Evergreen.","Define Evergreen.","","true","q_post_body","Q Directive","Q Directive","false","KEEP_Q_DIRECTIVE","Q instructs or urges the reader directly."
"128","0","Learn to distinguish between relevant/non-relevant news.","Learn to distinguish between relevant/non-relevant news.","","true","q_post_body","Q Directive","Q Directive","false","KEEP_Q_DIRECTIVE","Q instructs or urges the reader directly."
"128","1","Think mirror.","Think mirror.","","true","q_post_body","Q Directive","Q Directive","false","KEEP_Q_DIRECTIVE","Q instructs or urges the reader directly."
"128","2","Look there, or [here], or there, truth is behind you.","Look there, or [here], or there, truth is behind you.","","true","q_post_body","Q Directive","Q Directive","false","KEEP_Q_DIRECTIVE","Q instructs or urges the reader directly."
"128","3","Map provides picture.","Map provides picture.","","true","q_post_body","Q Directive","Q Directive","false","KEEP_Q_DIRECTIVE","Q instructs or urges the reader directly."
"128","4","Think direction.","Think direction.","","true","q_post_body","Q Directive","Q Directive","false","KEEP_Q_DIRECTIVE","Q instructs or urges the reader directly."
"128","5","Think full picture.","Think full picture.","","true","q_post_body","Q Directive","Q Directive","false","KEEP_Q_DIRECTIVE","Q instructs or urges the reader directly."
"128","6","Attention on deck.","Attention on deck.","","true","q_post_body","Q Directive","Q Directive","false","KEEP_Q_DIRECTIVE","Q instructs or urges the reader directly."
"128","7","Find the ke[y]stone.","Find the ke[y]stone.","","true","q_post_body","Q Directive","Q Directive","false","KEEP_Q_DIRECTIVE","Q instructs or urges the reader directly."
"128","8","Be [p]repared.","Be [p]repared.","","true","q_post_body","Q Directive","Q Directive","false","KEEP_Q_DIRECTIVE","Q instructs or urges the reader directly."
"1280","0","Define testimony.","Define testimony.","","true","q_post_body","Q Directive","Q Directive","false","KEEP_Q_DIRECTIVE","Q instructs or urges the reader directly."
"1280","1","Define 'on record'.","Define 'on record'.","","true","q_post_body","Q Directive","Q Directive","false","KEEP_Q_DIRECTIVE","Q instructs or urges the reader directly."
"1280","2","Expand your thinking.","Expand your thinking.","","true","q_post_body","Q Directive","Q Directive","false","KEEP_Q_DIRECTIVE","Q instructs or urges the reader directly."
"1281","0","Expand.","Expand.","","true","q_post_body","Q Directive","Q Directive","false","KEEP_Q_DIRECTIVE","Q instructs or urges the reader directly."
"1282","0","Expand.","Expand.","","true","q_post_body","Q Directive","Q Directive","false","KEEP_Q_DIRECTIVE","Q instructs or urges the reader directly."
"1283","0","Expand your thinking.","Expand your thinking.","","true","q_post_body","Q Directive","Q Directive","false","KEEP_Q_DIRECTIVE","Q instructs or urges the reader directly."
"1284","0","Re_read drops.","Re_read drops.","","true","q_post_body","Q Directive","Q Directive","false","KEEP_Q_DIRECTIVE","Q instructs or urges the reader directly."
"1285","0","Reconcile.","Reconcile.","","true","q_post_body","Q Directive","Q Directive","false","KEEP_Q_DIRECTIVE","Q instructs or urges the reader directly."
"1286","0","Reconcile.","Reconcile.","","true","q_post_body","Q Directive","Q Directive","false","KEEP_Q_DIRECTIVE","Q instructs or urges the reader directly."
"1286","1","ADD RUDY (quiet).","ADD RUDY (quiet).","","true","q_post_body","Q Directive","Q Directive","false","KEEP_Q_DIRECTIVE","Q instructs or urges the reader directly."
"1287","0","Think logically.","Think logically.","","true","q_post_body","Q Directive","Q Directive","false","KEEP_Q_DIRECTIVE","Q instructs or urges the reader directly."
"1287","1","Think resignations.","Think resignations.","","true","q_post_body","Q Directive","Q Directive","false","KEEP_Q_DIRECTIVE","Q instructs or urges the reader directly."
"1287","2","Question everything.","Question everything.","","true","q_post_body","Q Directive","Q Directive","false","KEEP_Q_DIRECTIVE","Q instructs or urges the reader directly."
"1288","0","Focus only on the FBI [for now].","Focus only on the FBI [for now].","","true","q_post_body","Q Directive","Q Directive","false","KEEP_Q_DIRECTIVE","Q instructs or urges the reader directly."
"1288","1","Think about the above.","Think about the above.","","true","q_post_body","Q Directive","Q Directive","false","KEEP_Q_DIRECTIVE","Q instructs or urges the reader directly."
"1291","0","See prev post re: FBI.","See prev post re: FBI.","","true","q_post_body","Q Directive","Q Directive","false","KEEP_Q_DIRECTIVE","Q instructs or urges the reader directly."
"1291","1","Trust the plan.","Trust the plan.","","true","q_post_body","Q Directive","Q Directive","false","KEEP_Q_DIRECTIVE","Q instructs or urges the reader directly."
"1291","2","Remove arrests.","Remove arrests.","","true","q_post_body","Q Directive","Q Directive","false","KEEP_Q_DIRECTIVE","Q instructs or urges the reader directly."
"1291","3","Godspeed, Patriot.","Godspeed, Patriot.","","true","q_post_body","Q Directive","Removed from Q Directives","false","REMOVE_BLESSING_OR_VALEDICTION","A blessing, greeting or closing — it instructs no one."
"1291","4","Step back.","Step back.","","true","q_post_body","Q Directive","Q Directive","false","KEEP_Q_DIRECTIVE","Q instructs or urges the reader directly."
"1294","0","Godspeed, Patriot(s).","Godspeed, Patriot(s).","","true","q_post_body","Q Directive","Removed from Q Directives","false","REMOVE_BLESSING_OR_VALEDICTION","A blessing, greeting or closing — it instructs no one."
"1294","1","Stay strong.","Stay strong.","","true","q_post_body","Q Directive","Q Directive","false","KEEP_Q_DIRECTIVE","Q instructs or urges the reader directly."
"1294","2","Stay united.","Stay united.","","true","q_post_body","Q Directive","Q Directive","false","KEEP_Q_DIRECTIVE","Q instructs or urges the reader directly."
"1295","0","Be careful who you are following.","Be careful who you are following.","","true","q_post_body","Q Directive","Q Directive","false","KEEP_Q_DIRECTIVE","Q instructs or urges the reader directly."
"1295","1","Think logically.","Think logically.","","true","q_post_body","Q Directive","Q Directive","false","KEEP_Q_DIRECTIVE","Q instructs or urges the reader directly."
"1295","2","God bless you all.","God bless you all.","","true","q_post_body","Q Directive","Removed from Q Directives","true","REMOVE_BLESSING_OR_VALEDICTION","A blessing, greeting or closing — it instructs no one."
"1295","3","The only profit we should all be striving for is TRUE FREEDOM.","The only profit we should all be striving for is TRUE FREEDOM.","","true","q_post_body","Q Directive","Q Directive","false","KEEP_Q_DIRECTIVE","Q instructs or urges the reader directly."
"1297","0","They fight unconditionally because they hold a core value, a value that we should all live in FREEDOM.","They fight unconditionally because they hold a core value, a value that we should all live in FREEDOM.","","true","q_post_body","Q Directive","Q Directive","false","KEEP_Q_DIRECTIVE","Q instructs or urges the reader directly."
"1297","1","We must do better to protect them.","We must do better to protect them.","","true","q_post_body","Q Directive","Q Directive","false","KEEP_Q_DIRECTIVE","Q instructs or urges the reader directly."
"1298","0","Think recent Mueller drops.","Think recent Mueller drops.","","true","q_post_body","Q Directive","Q Directive","false","KEEP_Q_DIRECTIVE","Q instructs or urges the reader directly."
"1298","1","Think private comms.","Think private comms.","","true","q_post_body","Q Directive","Q Directive","false","KEEP_Q_DIRECTIVE","Q instructs or urges the reader directly."
"1298","2","Watch what happens.","Watch what happens.","","true","q_post_body","Q Directive","Q Directive","false","KEEP_Q_DIRECTIVE","Q instructs or urges the reader directly."
"13","0","Now think about the timing of POTUS traveling to China/SK.","Now think about the timing of POTUS traveling to China/SK.","","true","q_post_body","Q Directive","Q Directive","false","KEEP_Q_DIRECTIVE","Q instructs or urges the reader directly."
"13","1","God bless, Patriots.","God bless, Patriots.","","true","q_post_body","Q Directive","Removed from Q Directives","true","REMOVE_BLESSING_OR_VALEDICTION","A blessing, greeting or closing — it instructs no one."
"1301","0","Connect.","Connect.","","true","q_post_body","Q Directive","Q Directive","false","KEEP_Q_DIRECTIVE","Q instructs or urges the reader directly."
"1306","0","Define the terms of the Iran nuclear deal.","Define the terms of the Iran nuclear deal.","","true","q_post_body","Q Directive","Q Directive","false","KEEP_Q_DIRECTIVE","Q instructs or urges the reader directly."
"1306","1","Define cover.","Define cover.","","true","q_post_body","Q Directive","Q Directive","false","KEEP_Q_DIRECTIVE","Q instructs or urges the reader directly."
"1306","2","Define cover.","Define cover.","","true","q_post_body","Q Directive","Q Directive","false","KEEP_Q_DIRECTIVE","Q instructs or urges the reader directly."
"1306","3","Define cover.","Define cover.","","true","q_post_body","Q Directive","Q Directive","false","KEEP_Q_DIRECTIVE","Q instructs or urges the reader directly."
"1307","0","Think logically.","Think logically.","","true","q_post_body","Q Directive","Q Directive","false","KEEP_Q_DIRECTIVE","Q instructs or urges the reader directly."
"131","0","Please stand by.","Please stand by.","","true","q_post_body","Q Directive","Q Directive","false","KEEP_Q_DIRECTIVE","Q instructs or urges the reader directly."
"1316","0","Cross against House/Senate resignations/final term announcements + CEO departures.","Cross against House/Senate resignations/final term announcements + CEO departures.","","true","q_post_body","Q Directive","Q Directive","false","KEEP_Q_DIRECTIVE","Q instructs or urges the reader directly."
"1316","1","TRUST THE PLAN.","TRUST THE PLAN.","","true","q_post_body","Q Directive","Q Directive","false","KEEP_Q_DIRECTIVE","Q instructs or urges the reader directly."
"1317","0","Re_read drops.","Re_read drops.","","true","q_post_body","Q Directive","Q Directive","false","KEEP_Q_DIRECTIVE","Q instructs or urges the reader directly."
"1318","0","Think LOGICALLY.","Think LOGICALLY.","","true","q_post_body","Q Directive","Q Directive","false","KEEP_Q_DIRECTIVE","Q instructs or urges the reader directly."
"1318","1","Re_read DOJ org change (open source - more in pipe)","Re_read DOJ org change (open source - more in pipe)","","true","q_post_body","Q Directive","Q Directive","false","KEEP_Q_DIRECTIVE","Q instructs or urges the reader directly."
"1318","2","Re_read FBI org change (open source - more in pipe)","Re_read FBI org change (open source - more in pipe)","","true","q_post_body","Q Directive","Q Directive","false","KEEP_Q_DIRECTIVE","Q instructs or urges the reader directly."
"1318","3","Use LOGIC.","Use LOGIC.","","true","q_post_body","Q Directive","Q Directive","false","KEEP_Q_DIRECTIVE","Q instructs or urges the reader directly."
"1318","4","Use LOGIC.","Use LOGIC.","","true","q_post_body","Q Directive","Q Directive","false","KEEP_Q_DIRECTIVE","Q instructs or urges the reader directly."
"1318","5","Use LOGIC.","Use LOGIC.","","true","q_post_body","Q Directive","Q Directive","false","KEEP_Q_DIRECTIVE","Q instructs or urges the reader directly."
"1318","6","Define single shooter.","Define single shooter.","","true","q_post_body","Q Directive","Q Directive","false","KEEP_Q_DIRECTIVE","Q instructs or urges the reader directly."
"1318","7","Define IG.","Define IG.","","true","q_post_body","Q Directive","Q Directive","false","KEEP_Q_DIRECTIVE","Q instructs or urges the reader directly."
"1318","8","Think logically.","Think logically.","","true","q_post_body","Q Directive","Q Directive","false","KEEP_Q_DIRECTIVE","Q instructs or urges the reader directly."
"1318","9","No outside comms.","No outside comms.","","true","q_post_body","Q Directive","Q Directive","false","KEEP_Q_DIRECTIVE","Q instructs or urges the reader directly."
"1319","0","Review Time.","Review Time.","","true","q_post_body","Q Directive","Q Directive","false","KEEP_Q_DIRECTIVE","Q instructs or urges the reader directly."
"1319","1","Define roadblock.","Define roadblock.","","true","q_post_body","Q Directive","Q Directive","false","KEEP_Q_DIRECTIVE","Q instructs or urges the reader directly."
"1319","2","Do not fall victim to MSM/other fake/false narrative pushes.","Do not fall victim to MSM/other fake/false narrative pushes.","","true","q_post_body","Q Directive","Q Directive","false","KEEP_Q_DIRECTIVE","Q instructs or urges the reader directly."
"1319","3","STAY THE COURSE.","STAY THE COURSE.","","true","q_post_body","Q Directive","Q Directive","false","KEEP_Q_DIRECTIVE","Q instructs or urges the reader directly."
"132","0","Correct.","Correct.","","true","q_post_body","Q Directive","Q Directive","false","KEEP_Q_DIRECTIVE","Q instructs or urges the reader directly."
"1320","0","Ask yourself, why are they panicking?","Ask yourself, why are they panicking?","","true","q_post_body","Q Directive","Q Directive","false","KEEP_Q_DIRECTIVE","Q instructs or urges the reader directly."
"1320","1","Ask yourself, why is UK, France, and Germany so involved?","Ask yourself, why is UK, France, and Germany so involved?","","true","q_post_body","Q Directive","Q Directive","false","KEEP_Q_DIRECTIVE","Q instructs or urges the reader directly."
"1328","0","Do not fall victim to con artists.","Do not fall victim to con artists.","","true","q_post_body","Q Directive","Q Directive","false","KEEP_Q_DIRECTIVE","Q instructs or urges the reader directly."
"1328","1","Use LOGIC.","Use LOGIC.","","true","q_post_body","Q Directive","Q Directive","false","KEEP_Q_DIRECTIVE","Q instructs or urges the reader directly."
"1328","2","Stay on point.","Stay on point.","","true","q_post_body","Q Directive","Q Directive","false","KEEP_Q_DIRECTIVE","Q instructs or urges the reader directly."
"133","0","Focus on above (3).","Focus on above (3).","","true","q_post_body","Q Directive","Q Directive","false","KEEP_Q_DIRECTIVE","Q instructs or urges the reader directly."
"133","1","Think slush funds (feeder).","Think slush funds (feeder).","","true","q_post_body","Q Directive","Q Directive","false","KEEP_Q_DIRECTIVE","Q instructs or urges the reader directly."
"133","2","Think war (feeder).","Think war (feeder).","","true","q_post_body","Q Directive","Q Directive","false","KEEP_Q_DIRECTIVE","Q instructs or urges the reader directly."
"133","3","Think environmental pacts (feeder).","Think environmental pacts (feeder).","","true","q_post_body","Q Directive","Q Directive","false","KEEP_Q_DIRECTIVE","Q instructs or urges the reader directly."
"133","4","Follow the bloodlines.","Follow the bloodlines.","","true","q_post_body","Q Directive","Q Directive","false","KEEP_Q_DIRECTIVE","Q instructs or urges the reader directly."
"1332","0","Stay the course and trust the plan.","Stay the course and trust the plan.","","true","q_post_body","Q Directive","Q Directive","false","KEEP_Q_DIRECTIVE","Q instructs or urges the reader directly."
"1332","1","Remain BRAVE.","Remain BRAVE.","","true","q_post_body","Q Directive","Q Directive","false","KEEP_Q_DIRECTIVE","Q instructs or urges the reader directly."
"1334","0","Rank & File.","Rank & File.","","true","q_post_body","Q Directive","Q Directive","false","KEEP_Q_DIRECTIVE","Q instructs or urges the reader directly."
"1335","0","Note the pictures we post are ALL originals.","Note the pictures we post are ALL originals.","","true","q_post_body","Q Directive","Q Directive","false","KEEP_Q_DIRECTIVE","Q instructs or urges the reader directly."
"1335","1","Think about what that means.","Think about what that means.","","true","q_post_body","Q Directive","Q Directive","false","KEEP_Q_DIRECTIVE","Q instructs or urges the reader directly."
"1336","0","Post Election Loss.","Post Election Loss.","","true","q_post_body","Q Directive","Q Directive","false","KEEP_Q_DIRECTIVE","Q instructs or urges the reader directly."
"1336","1","Read below slow and carefully.","Read below slow and carefully.","","true","q_post_body","Q Directive","Q Directive","false","KEEP_Q_DIRECTIVE","Q instructs or urges the reader directly."
"1336","2","Read above slow and carefully.","Read above slow and carefully.","","true","q_post_body","Q Directive","Q Directive","false","KEEP_Q_DIRECTIVE","Q instructs or urges the reader directly."
"1339","0","Expand your thinking.","Expand your thinking.","","true","q_post_body","Q Directive","Q Directive","false","KEEP_Q_DIRECTIVE","Q instructs or urges the reader directly."
"1339","1","Use logic.","Use logic.","","true","q_post_body","Q Directive","Q Directive","false","KEEP_Q_DIRECTIVE","Q instructs or urges the reader directly."
"1339","2","Think for yourself.","Think for yourself.","","true","q_post_body","Q Directive","Q Directive","false","KEEP_Q_DIRECTIVE","Q instructs or urges the reader directly."
"1339","3","Define Media.","Define Media.","","true","q_post_body","Q Directive","Q Directive","false","KEEP_Q_DIRECTIVE","Q instructs or urges the reader directly."
"1339","4","Be careful who you follow.","Be careful who you follow.","","true","q_post_body","Q Directive","Q Directive","false","KEEP_Q_DIRECTIVE","Q instructs or urges the reader directly."
"1339","5","Define 'Patriot'.","Define 'Patriot'.","","true","q_post_body","Q Directive","Q Directive","false","KEEP_Q_DIRECTIVE","Q instructs or urges the reader directly."
"1339","6","Control the information (THEY).","Control the information (THEY).","","true","q_post_body","Q Directive","Q Directive","false","KEEP_Q_DIRECTIVE","Q instructs or urges the reader directly."
"134","0","List names, family history, investment/ownership stakes, and point-to-point contacts.","List names, family history, investment/ownership stakes, and point-to-point contacts.","","true","q_post_body","Q Directive","Q Directive","false","KEEP_Q_DIRECTIVE","Q instructs or urges the reader directly."
"134","1","Follow the money.","Follow the money.","","true","q_post_body","Q Directive","Q Directive","false","KEEP_Q_DIRECTIVE","Q instructs or urges the reader directly."
"1341","0","Time to move on.","Time to move on.","","true","q_post_body","Q Directive","Q Directive","false","KEEP_Q_DIRECTIVE","Q instructs or urges the reader directly."
"1343","0","Stay the course.","Stay the course.","","true","q_post_body","Q Directive","Q Directive","false","KEEP_Q_DIRECTIVE","Q instructs or urges the reader directly."
"1345","0","Re_read crumbs re: Iran.","Re_read crumbs re: Iran.","","true","q_post_body","Q Directive","Q Directive","false","KEEP_Q_DIRECTIVE","Q instructs or urges the reader directly."
"1345","1","Define bribe.","Define bribe.","","true","q_post_body","Q Directive","Q Directive","false","KEEP_Q_DIRECTIVE","Q instructs or urges the reader directly."
"1345","2","Define kickback.","Define kickback.","","true","q_post_body","Q Directive","Q Directive","false","KEEP_Q_DIRECTIVE","Q instructs or urges the reader directly."
"1345","3","Cross check Co's against political + foundation payments.","Cross check Co's against political + foundation payments.","","true","q_post_body","Q Directive","Q Directive","false","KEEP_Q_DIRECTIVE","Q instructs or urges the reader directly."
"1345","4","Define bribe.","Define bribe.","","true","q_post_body","Q Directive","Q Directive","false","KEEP_Q_DIRECTIVE","Q instructs or urges the reader directly."
"1345","5","Define kickback.","Define kickback.","","true","q_post_body","Q Directive","Q Directive","false","KEEP_Q_DIRECTIVE","Q instructs or urges the reader directly."
"1346","0","Digest.","Digest.","","true","q_post_body","Q Directive","Q Directive","false","KEEP_Q_DIRECTIVE","Q instructs or urges the reader directly."
"1346","1","Cross check against Co's in Iran post deal.","Cross check against Co's in Iran post deal.","","true","q_post_body","Q Directive","Q Directive","false","KEEP_Q_DIRECTIVE","Q instructs or urges the reader directly."
"1347","0","Eyes on.","Eyes on.","","true","q_post_body","Q Directive","Q Directive","false","KEEP_Q_DIRECTIVE","Q instructs or urges the reader directly."
"1349","0","Godspeed, Patriot.","Godspeed, Patriot.","","true","q_post_body","Q Directive","Removed from Q Directives","false","REMOVE_BLESSING_OR_VALEDICTION","A blessing, greeting or closing — it instructs no one."
"1350","0","God bless our brave fighting men & women.","God bless our brave fighting men & women.","","true","q_post_body","Q Directive","Removed from Q Directives","true","REMOVE_BLESSING_OR_VALEDICTION","A blessing, greeting or closing — it instructs no one."
"1351","0","Define indictment.","Define indictment.","","true","q_post_body","Q Directive","Q Directive","false","KEEP_Q_DIRECTIVE","Q instructs or urges the reader directly."
"1351","1","Re_read crumbs re: DOJ / FBI re: IG / Huber","Re_read crumbs re: DOJ / FBI re: IG / Huber","","true","q_post_body","Q Directive","Q Directive","false","KEEP_Q_DIRECTIVE","Q instructs or urges the reader directly."
"1355","0","Watch what happens [-30].","Watch what happens [-30].","","true","q_post_body","Q Directive","Q Directive","false","KEEP_Q_DIRECTIVE","Q instructs or urges the reader directly."
"1357","0","Post midterms.","Post midterms.","","true","q_post_body","Q Directive","Q Directive","false","KEEP_Q_DIRECTIVE","Q instructs or urges the reader directly."
"1358","0","Do not glorify us.","Do not glorify us.","","true","q_post_body","Q Directive","Q Directive","false","KEEP_Q_DIRECTIVE","Q instructs or urges the reader directly."
"1358","1","Stay united.","Stay united.","","true","q_post_body","Q Directive","Q Directive","false","KEEP_Q_DIRECTIVE","Q instructs or urges the reader directly."
"1358","2","Stay together.","Stay together.","","true","q_post_body","Q Directive","Q Directive","false","KEEP_Q_DIRECTIVE","Q instructs or urges the reader directly."
"1358","3","Stay strong.","Stay strong.","","true","q_post_body","Q Directive","Q Directive","false","KEEP_Q_DIRECTIVE","Q instructs or urges the reader directly."
"1358","4","Trust in yourself.","Trust in yourself.","","true","q_post_body","Q Directive","Q Directive","false","KEEP_Q_DIRECTIVE","Q instructs or urges the reader directly."
"1358","5","God bless you all.","God bless you all.","","true","q_post_body","Q Directive","Removed from Q Directives","true","REMOVE_BLESSING_OR_VALEDICTION","A blessing, greeting or closing — it instructs no one."
"1358","6","Trust must be earned.","Trust must be earned.","","true","q_post_body","Q Directive","Q Directive","false","KEEP_Q_DIRECTIVE","Q instructs or urges the reader directly."
"1358","7","Trust is not blind, nor is truth.","Trust is not blind, nor is truth.","","true","q_post_body","Q Directive","Q Directive","false","KEEP_Q_DIRECTIVE","Q instructs or urges the reader directly."
"1359","0","Trade between Germany and Iran reached 3.4 billion euros ($4 billion) last year, according to BGA, another foreign trade association.""","Trade between Germany and Iran reached 3.4 billion euros ($4 billion) last year, according to BGA, another foreign trade association.""","","true","q_post_body","Q Directive","Q Directive","false","KEEP_Q_DIRECTIVE","Q instructs or urges the reader directly."
"1361","0","Ask yourself, WHY?","Ask yourself, WHY?","","true","q_post_body","Q Directive","Q Directive","false","KEEP_Q_DIRECTIVE","Q instructs or urges the reader directly."
"1364","0","Re_read drops re: Who knows where….","Re_read drops re: Who knows where….","","true","q_post_body","Q Directive","Q Directive","false","KEEP_Q_DIRECTIVE","Q instructs or urges the reader directly."
"1368","0","Watch NYC.","Watch NYC.","","true","q_post_body","Q Directive","Q Directive","false","KEEP_Q_DIRECTIVE","Q instructs or urges the reader directly."
"1368","1","Watch CA.","Watch CA.","","true","q_post_body","Q Directive","Q Directive","false","KEEP_Q_DIRECTIVE","Q instructs or urges the reader directly."
"1370","0","Define ""On the Record.""","Define ""On the Record.""","","true","q_post_body","Q Directive","Q Directive","false","KEEP_Q_DIRECTIVE","Q instructs or urges the reader directly."
"1370","1","ENJOY THE SHOW.","ENJOY THE SHOW.","","true","q_post_body","Q Directive","Q Directive","false","KEEP_Q_DIRECTIVE","Q instructs or urges the reader directly."
"1371","0","Find the [2] NYPD detectives [187] mid 2017.","Find the [2] NYPD detectives [187] mid 2017.","","true","q_post_body","Q Directive","Q Directive","false","KEEP_Q_DIRECTIVE","Q instructs or urges the reader directly."
"1375","0","Be proud.","Be proud.","","true","q_post_body","Q Directive","Q Directive","false","KEEP_Q_DIRECTIVE","Q instructs or urges the reader directly."
"1376","0","Godspeed, Patriot.","Godspeed, Patriot.","","true","q_post_body","Q Directive","Removed from Q Directives","false","REMOVE_BLESSING_OR_VALEDICTION","A blessing, greeting or closing — it instructs no one."
"1377","0","Reconcile.","Reconcile.","","true","q_post_body","Q Directive","Q Directive","false","KEEP_Q_DIRECTIVE","Q instructs or urges the reader directly."
"1378","0","Start a Storm.","Start a Storm.","","true","q_post_body","Q Directive","Q Directive","false","KEEP_Q_DIRECTIVE","Q instructs or urges the reader directly."
"1380","0","Reconcile.","Reconcile.","","true","q_post_body","Q Directive","Q Directive","false","KEEP_Q_DIRECTIVE","Q instructs or urges the reader directly."
"1380","1","Focus.","Focus.","","true","q_post_body","Q Directive","Q Directive","false","KEEP_Q_DIRECTIVE","Q instructs or urges the reader directly."
"1381","0","Follow the pen.","Follow the pen.","","true","q_post_body","Q Directive","Q Directive","false","KEEP_Q_DIRECTIVE","Q instructs or urges the reader directly."
"1389","0","Do what is right.","Do what is right.","","true","q_post_body","Q Directive","Q Directive","false","KEEP_Q_DIRECTIVE","Q instructs or urges the reader directly."
"139","0","Re-read crumbs.","Re-read crumbs.","","true","q_post_body","Q Directive","Q Directive","false","KEEP_Q_DIRECTIVE","Q instructs or urges the reader directly."
"1394","0","Think Pickle Factory.","Think Pickle Factory.","","true","q_post_body","Q Directive","Q Directive","false","KEEP_Q_DIRECTIVE","Q instructs or urges the reader directly."
"140","0","Return to SA.","Return to SA.","","true","q_post_body","Q Directive","Q Directive","false","KEEP_Q_DIRECTIVE","Q instructs or urges the reader directly."
"140","1","Refer back to graphic.","Refer back to graphic.","","true","q_post_body","Q Directive","Q Directive","false","KEEP_Q_DIRECTIVE","Q instructs or urges the reader directly."
"1400","0","Stay vigilant.","Stay vigilant.","","true","q_post_body","Q Directive","Q Directive","false","KEEP_Q_DIRECTIVE","Q instructs or urges the reader directly."
"1401","0","God Bless the United States of America.","God Bless the United States of America.","","true","q_post_body","Q Directive","Removed from Q Directives","true","REMOVE_BLESSING_OR_VALEDICTION","A blessing, greeting or closing — it instructs no one."
"1402","0","Think logically.","Think logically.","","true","q_post_body","Q Directive","Q Directive","false","KEEP_Q_DIRECTIVE","Q instructs or urges the reader directly."
"1402","1","Think DOJ & FBI.","Think DOJ & FBI.","","true","q_post_body","Q Directive","Q Directive","false","KEEP_Q_DIRECTIVE","Q instructs or urges the reader directly."
"1402","2","Think cleaning.","Think cleaning.","","true","q_post_body","Q Directive","Q Directive","false","KEEP_Q_DIRECTIVE","Q instructs or urges the reader directly."
"1407","0","Note the jackets.","Note the jackets.","","true","q_post_body","Q Directive","Q Directive","false","KEEP_Q_DIRECTIVE","Q instructs or urges the reader directly."
"141","0","Archive and coordinate.","Archive and coordinate.","","true","q_post_body","Q Directive","Q Directive","false","KEEP_Q_DIRECTIVE","Q instructs or urges the reader directly."
"141","1","God bless you all.","God bless you all.","","true","q_post_body","Q Directive","Removed from Q Directives","true","REMOVE_BLESSING_OR_VALEDICTION","A blessing, greeting or closing — it instructs no one."
"1414","0","END.","END.","","true","q_post_body","Q Directive","Q Directive","false","KEEP_Q_DIRECTIVE","Q instructs or urges the reader directly."
"1415","0","Follow the pen.","Follow the pen.","","true","q_post_body","Q Directive","Q Directive","false","KEEP_Q_DIRECTIVE","Q instructs or urges the reader directly."
"142","0","Trace the bloodlines of these (3) families.","Trace the bloodlines of these (3) families.","","true","q_post_body","Q Directive","Q Directive","false","KEEP_Q_DIRECTIVE","Q instructs or urges the reader directly."
"142","1","Follow the bloodline.","Follow the bloodline.","","true","q_post_body","Q Directive","Q Directive","false","KEEP_Q_DIRECTIVE","Q instructs or urges the reader directly."
"1423","0","Note the time.","Note the time.","","true","q_post_body","Q Directive","Q Directive","false","KEEP_Q_DIRECTIVE","Q instructs or urges the reader directly."
"1423","1","Note the vehicles on the road.","Note the vehicles on the road.","","true","q_post_body","Q Directive","Q Directive","false","KEEP_Q_DIRECTIVE","Q instructs or urges the reader directly."
"1423","2","Compare against 2.16.18.","Compare against 2.16.18.","","true","q_post_body","Q Directive","Q Directive","false","KEEP_Q_DIRECTIVE","Q instructs or urges the reader directly."
"1424","0","Follow the PEN.","Follow the PEN.","","true","q_post_body","Q Directive","Q Directive","false","KEEP_Q_DIRECTIVE","Q instructs or urges the reader directly."
"1424","1","Think timing.","Think timing.","","true","q_post_body","Q Directive","Q Directive","false","KEEP_Q_DIRECTIVE","Q instructs or urges the reader directly."
"1425","0","Be prepared.","Be prepared.","","true","q_post_body","Q Directive","Q Directive","false","KEEP_Q_DIRECTIVE","Q instructs or urges the reader directly."
"1425","1","TRUST the plan.","TRUST the plan.","","true","q_post_body","Q Directive","Q Directive","false","KEEP_Q_DIRECTIVE","Q instructs or urges the reader directly."
"1425","2","Given we have now undeniably [on purpose] verified ourselves to be an inside source, expect the MSM [Clown Army] to attack in full cooperation w/ foreign and domestic assets.","Given we have now undeniably [on purpose] verified ourselves to be an inside source, expect the MSM [Clown Army] to attack in full cooperation w/ foreign and domestic assets.","","true","q_post_body","Q Directive","Q Directive","false","KEEP_Q_DIRECTIVE","Q instructs or urges the reader directly."
"143","0","Go deeper.","Go deeper.","","true","q_post_body","Q Directive","Q Directive","false","KEEP_Q_DIRECTIVE","Q instructs or urges the reader directly."
"1430","0","Use Logic.","Use Logic.","","true","q_post_body","Q Directive","Q Directive","false","KEEP_Q_DIRECTIVE","Q instructs or urges the reader directly."
"1430","1","Be careful who you follow.","Be careful who you follow.","","true","q_post_body","Q Directive","Q Directive","false","KEEP_Q_DIRECTIVE","Q instructs or urges the reader directly."
"1432","0","Put on the full armor of God so that you can take your stand against the devil's schemes.","Put on the full armor of God so that you can take your stand against the devil's schemes.","","true","q_post_body","Q Directive","Removed from Q Directives","true","REMOVE_QUOTED_SCRIPTURE","Grammatically imperative, but the imperative belongs to quoted Bible text, not to Q."
"1432","1","Stand firm then, with the belt of truth buckled around your waist, with the breastplate of righteousness in place, and with your feet fitted with the readiness that comes from the gospel of peace.","Stand firm then, with the belt of truth buckled around your waist, with the breastplate of righteousness in place, and with your feet fitted with the readiness that comes from the gospel of peace.","","true","q_post_body","Q Directive","Removed from Q Directives","false","REMOVE_QUOTED_SCRIPTURE","Grammatically imperative, but the imperative belongs to quoted Bible text, not to Q."
"1432","2","Take the helmet of salvation and the sword of the Spirit, which is the word of God.","Take the helmet of salvation and the sword of the Spirit, which is the word of God.","","true","q_post_body","Q Directive","Removed from Q Directives","true","REMOVE_QUOTED_SCRIPTURE","Grammatically imperative, but the imperative belongs to quoted Bible text, not to Q."
"1433","0","Think timing.","Think timing.","","true","q_post_body","Q Directive","Q Directive","false","KEEP_Q_DIRECTIVE","Q instructs or urges the reader directly."
"1433","1","TRUST (name).","TRUST (name).","","true","q_post_body","Q Directive","Q Directive","false","KEEP_Q_DIRECTIVE","Q instructs or urges the reader directly."
"1434","0","Re_read.","Re_read.","","true","q_post_body","Q Directive","Q Directive","false","KEEP_Q_DIRECTIVE","Q instructs or urges the reader directly."
"1435","0","Avoid NSA data collection.","Avoid NSA data collection.","","true","q_post_body","Q Directive","Q Directive","false","KEEP_Q_DIRECTIVE","Q instructs or urges the reader directly."
"1439","0","Enjoy the show.","Enjoy the show.","","true","q_post_body","Q Directive","Q Directive","false","KEEP_Q_DIRECTIVE","Q instructs or urges the reader directly."
"144","0","Paint the picture.","Paint the picture.","","true","q_post_body","Q Directive","Q Directive","false","KEEP_Q_DIRECTIVE","Q instructs or urges the reader directly."
"144","1","Think social media platforms.","Think social media platforms.","","true","q_post_body","Q Directive","Q Directive","false","KEEP_Q_DIRECTIVE","Q instructs or urges the reader directly."
"144","2","Think Snowden (inside terms dropped).","Think Snowden (inside terms dropped).","","true","q_post_body","Q Directive","Q Directive","false","KEEP_Q_DIRECTIVE","Q instructs or urges the reader directly."
"1441","0","Start the Clock.","Start the Clock.","","true","q_post_body","Q Directive","Q Directive","false","KEEP_Q_DIRECTIVE","Q instructs or urges the reader directly."
"1441","1","Think Logically.","Think Logically.","","true","q_post_body","Q Directive","Q Directive","false","KEEP_Q_DIRECTIVE","Q instructs or urges the reader directly."
"1443","0","Do what is right.","Do what is right.","","true","q_post_body","Q Directive","Q Directive","false","KEEP_Q_DIRECTIVE","Q instructs or urges the reader directly."
"1445","0","Track ALL suicides.","Track ALL suicides.","","true","q_post_body","Q Directive","Q Directive","false","KEEP_Q_DIRECTIVE","Q instructs or urges the reader directly."
"1445","1","Think Spade.","Think Spade.","","true","q_post_body","Q Directive","Q Directive","false","KEEP_Q_DIRECTIVE","Q instructs or urges the reader directly."
"1445","2","Trace to Children Foundation(s) (NY).","Trace to Children Foundation(s) (NY).","","true","q_post_body","Q Directive","Q Directive","false","KEEP_Q_DIRECTIVE","Q instructs or urges the reader directly."
"1445","3","Trace to Import/Export.","Trace to Import/Export.","","true","q_post_body","Q Directive","Q Directive","false","KEEP_Q_DIRECTIVE","Q instructs or urges the reader directly."
"1445","4","Trace from China/MX to Long Beach.","Trace from China/MX to Long Beach.","","true","q_post_body","Q Directive","Q Directive","false","KEEP_Q_DIRECTIVE","Q instructs or urges the reader directly."
"1445","5","Trace to CF.","Trace to CF.","","true","q_post_body","Q Directive","Q Directive","false","KEEP_Q_DIRECTIVE","Q instructs or urges the reader directly."
"1445","6","Trace to Port (Security Clearance Profile (L5)).","Trace to Port (Security Clearance Profile (L5)).","","true","q_post_body","Q Directive","Q Directive","false","KEEP_Q_DIRECTIVE","Q instructs or urges the reader directly."
"1445","7","Trace sale/spin off of Co.","Trace sale/spin off of Co.","","true","q_post_body","Q Directive","Q Directive","false","KEEP_Q_DIRECTIVE","Q instructs or urges the reader directly."
"1445","8","Expect A LOT more.","Expect A LOT more.","","true","q_post_body","Q Directive","Q Directive","false","KEEP_Q_DIRECTIVE","Q instructs or urges the reader directly."
"1446","0","Think about what that means.","Think about what that means.","","true","q_post_body","Q Directive","Q Directive","false","KEEP_Q_DIRECTIVE","Q instructs or urges the reader directly."
"1448","0","Stay vigilant and maintain situational awareness.","Stay vigilant and maintain situational awareness.","","true","q_post_body","Q Directive","Q Directive","false","KEEP_Q_DIRECTIVE","Q instructs or urges the reader directly."
"1449","0","Enjoy the show.","Enjoy the show.","","true","q_post_body","Q Directive","Q Directive","false","KEEP_Q_DIRECTIVE","Q instructs or urges the reader directly."
"145","0","Pray.","Pray.","","true","q_post_body","Q Directive","Q Directive + Religion & Spirituality","true","KEEP_DIRECTIVE_AND_RELIGIOUS_THEME","Q-authored religious command. Stays a Directive AND belongs to Religion & Spirituality."
"1450","0","See prev pic.","See prev pic.","","true","q_post_body","Q Directive","Q Directive","false","KEEP_Q_DIRECTIVE","Q instructs or urges the reader directly."
"1453","0","Re_read (again).","Re_read (again).","","true","q_post_body","Q Directive","Q Directive","false","KEEP_Q_DIRECTIVE","Q instructs or urges the reader directly."
"1455","0","Find the markers [street/surroundings updates]","Find the markers [street/surroundings updates]","","true","q_post_body","Q Directive","Q Directive","false","KEEP_Q_DIRECTIVE","Q instructs or urges the reader directly."
"1455","1","Contact window(s) [GOOD]","Contact window(s) [GOOD]","","true","q_post_body","Q Directive","Q Directive","false","KEEP_Q_DIRECTIVE","Q instructs or urges the reader directly."
"1456","0","Think Hyde Park.","Think Hyde Park.","","true","q_post_body","Q Directive","Q Directive","false","KEEP_Q_DIRECTIVE","Q instructs or urges the reader directly."
"1456","1","Think prev pic [2] people.","Think prev pic [2] people.","","true","q_post_body","Q Directive","Q Directive","false","KEEP_Q_DIRECTIVE","Q instructs or urges the reader directly."
"146","0","Pray.","Pray.","","true","q_post_body","Q Directive","Q Directive + Religion & Spirituality","true","KEEP_DIRECTIVE_AND_RELIGIOUS_THEME","Q-authored religious command. Stays a Directive AND belongs to Religion & Spirituality."
"1460","0","Learn.","Learn.","","true","q_post_body","Q Directive","Q Directive","false","KEEP_Q_DIRECTIVE","Q instructs or urges the reader directly."
"1460","1","Use logic.","Use logic.","","true","q_post_body","Q Directive","Q Directive","false","KEEP_Q_DIRECTIVE","Q instructs or urges the reader directly."
"1471","0","Think strategically.","Think strategically.","","true","q_post_body","Q Directive","Q Directive","false","KEEP_Q_DIRECTIVE","Q instructs or urges the reader directly."
"1471","1","Let them all DIG THEIR OWN GRAVES.","Let them all DIG THEIR OWN GRAVES.","","true","q_post_body","Q Directive","Q Directive","false","KEEP_Q_DIRECTIVE","Q instructs or urges the reader directly."
"1475","0","GODSPEED ONE AND ALL.","GODSPEED ONE AND ALL.","","true","q_post_body","Q Directive","Removed from Q Directives","false","REMOVE_BLESSING_OR_VALEDICTION","A blessing, greeting or closing — it instructs no one."
"1479","0","Think hack.","Think hack.","","true","q_post_body","Q Directive","Q Directive","false","KEEP_Q_DIRECTIVE","Q instructs or urges the reader directly."
"148","0","Read between the lines.","Read between the lines.","","true","q_post_body","Q Directive","Q Directive","false","KEEP_Q_DIRECTIVE","Q instructs or urges the reader directly."
"148","1","Update the graphic.","Update the graphic.","","true","q_post_body","Q Directive","Q Directive","false","KEEP_Q_DIRECTIVE","Q instructs or urges the reader directly."
"148","2","Godspeed.","Godspeed.","","true","q_post_body","Q Directive","Removed from Q Directives","false","REMOVE_BLESSING_OR_VALEDICTION","A blessing, greeting or closing — it instructs no one."
"1487","0","Think new arrivals.","Think new arrivals.","","true","q_post_body","Q Directive","Q Directive","false","KEEP_Q_DIRECTIVE","Q instructs or urges the reader directly."
"1489","0","DO NOT BE SILENT (MAJORITY).","DO NOT BE SILENT (MAJORITY).","","true","q_post_body","Q Directive","Q Directive","false","KEEP_Q_DIRECTIVE","Q instructs or urges the reader directly."
"1489","1","TRUST YOURSELF.","TRUST YOURSELF.","","true","q_post_body","Q Directive","Q Directive","false","KEEP_Q_DIRECTIVE","Q instructs or urges the reader directly."
"1489","2","Expect bigger push.","Expect bigger push.","","true","q_post_body","Q Directive","Q Directive","false","KEEP_Q_DIRECTIVE","Q instructs or urges the reader directly."
"1492","0","STOP AFTER EACH SENTENCE.","STOP AFTER EACH SENTENCE.","","true","q_post_body","Q Directive","Q Directive","false","KEEP_Q_DIRECTIVE","Q instructs or urges the reader directly."
"1492","1","ANALYZE.","ANALYZE.","","true","q_post_body","Q Directive","Q Directive","false","KEEP_Q_DIRECTIVE","Q instructs or urges the reader directly."
"1492","2","UNDERSTAND SIGNIFICANCE.","UNDERSTAND SIGNIFICANCE.","","true","q_post_body","Q Directive","Q Directive","false","KEEP_Q_DIRECTIVE","Q instructs or urges the reader directly."
"1492","3","RE_READ.","RE_READ.","","true","q_post_body","Q Directive","Q Directive","false","KEEP_Q_DIRECTIVE","Q instructs or urges the reader directly."
"1492","4","CONTINUE.","CONTINUE.","","true","q_post_body","Q Directive","Q Directive","false","KEEP_Q_DIRECTIVE","Q instructs or urges the reader directly."
"1492","5","THINK WHY.","THINK WHY.","","true","q_post_body","Q Directive","Q Directive","false","KEEP_Q_DIRECTIVE","Q instructs or urges the reader directly."
"1492","6","Re_read 10x 50x 100x.","Re_read 10x 50x 100x.","","true","q_post_body","Q Directive","Q Directive","false","KEEP_Q_DIRECTIVE","Q instructs or urges the reader directly."
"1494","0","USE LOGIC.","USE LOGIC.","","true","q_post_body","Q Directive","Q Directive","false","KEEP_Q_DIRECTIVE","Q instructs or urges the reader directly."
"1496","0","Be loud.","Be loud.","","true","q_post_body","Q Directive","Q Directive","false","KEEP_Q_DIRECTIVE","Q instructs or urges the reader directly."
"1496","1","Be heard.","Be heard.","","true","q_post_body","Q Directive","Q Directive","false","KEEP_Q_DIRECTIVE","Q instructs or urges the reader directly."
"1496","2","Fight for TRUTH.","Fight for TRUTH.","","true","q_post_body","Q Directive","Q Directive","false","KEEP_Q_DIRECTIVE","Q instructs or urges the reader directly."
"15","0","Realize Soros, Clintons, Obama, Putin, etc. are all controlled by 3 families (the 4th was removed post Trump's victory).","Realize Soros, Clintons, Obama, Putin, etc. are all controlled by 3 families (the 4th was removed post Trump's victory).","","true","q_post_body","Q Directive","Q Directive","false","KEEP_Q_DIRECTIVE","Q instructs or urges the reader directly."
"1503","0","Think meeting yesterday.","Think meeting yesterday.","","true","q_post_body","Q Directive","Q Directive","false","KEEP_Q_DIRECTIVE","Q instructs or urges the reader directly."
"1504","0","Re_read drops re: private emails re: convicting HRC = convicting themselves.","Re_read drops re: private emails re: convicting HRC = convicting themselves.","","true","q_post_body","Q Directive","Q Directive","false","KEEP_Q_DIRECTIVE","Q instructs or urges the reader directly."
"1505","0","Have a wonderful weekend.","Have a wonderful weekend.","","true","q_post_body","Q Directive","Q Directive","false","KEEP_Q_DIRECTIVE","Q instructs or urges the reader directly."
"1505","1","Trust in your President!","Trust in your President!","","true","q_post_body","Q Directive","Q Directive","false","KEEP_Q_DIRECTIVE","Q instructs or urges the reader directly."
"1506","0","Check timestamp.","Check timestamp.","","true","q_post_body","Q Directive","Q Directive","false","KEEP_Q_DIRECTIVE","Q instructs or urges the reader directly."
"1509","0","Search Hussein admin.","Search Hussein admin.","","true","q_post_body","Q Directive","Q Directive","false","KEEP_Q_DIRECTIVE","Q instructs or urges the reader directly."
"151","0","Have faith, Patriots.","Have faith, Patriots.","","true","q_post_body","Q Directive","Removed from Q Directives","true","REMOVE_STATEMENT_OR_HEADING","Religious, but declarative — a statement, slogan or label rather than an instruction."
"1510","0","Keep your eyes on the ball.","Keep your eyes on the ball.","","true","q_post_body","Q Directive","Q Directive","false","KEEP_Q_DIRECTIVE","Q instructs or urges the reader directly."
"1510","1","Watch the vid again if you need clarity ('speech that will get POTUS elected').","Watch the vid again if you need clarity ('speech that will get POTUS elected').","","true","q_post_body","Q Directive","Q Directive","false","KEEP_Q_DIRECTIVE","Q instructs or urges the reader directly."
"1511","0","Search foreign posts (State).","Search foreign posts (State).","","true","q_post_body","Q Directive","Q Directive","false","KEEP_Q_DIRECTIVE","Q instructs or urges the reader directly."
"1512","0","Note CF children drop in IG report.","Note CF children drop in IG report.","","true","q_post_body","Q Directive","Q Directive","false","KEEP_Q_DIRECTIVE","Q instructs or urges the reader directly."
"1517","0","Think:","Think:","","true","q_post_body","Q Directive","Q Directive","false","KEEP_Q_DIRECTIVE","Q instructs or urges the reader directly."
"1517","1","Careful of clickbait.","Careful of clickbait.","","true","q_post_body","Q Directive","Q Directive","false","KEEP_Q_DIRECTIVE","Q instructs or urges the reader directly."
"1520","0","Have faith.","Have faith.","","true","q_post_body","Q Directive","Removed from Q Directives","true","REMOVE_STATEMENT_OR_HEADING","Religious, but declarative — a statement, slogan or label rather than an instruction."
"1524","0","Track history.","Track history.","","true","q_post_body","Q Directive","Q Directive","false","KEEP_Q_DIRECTIVE","Q instructs or urges the reader directly."
"1525","0","Listen carefully.","Listen carefully.","","true","q_post_body","Q Directive","Q Directive","false","KEEP_Q_DIRECTIVE","Q instructs or urges the reader directly."
"153","0","Ask yourself an honest question, why would a billionaire who has it all, fame, fortune, a warm and loving family, friends, etc. want to endanger himself and his family by becoming POTUS?","Ask yourself an honest question, why would a billionaire who has it all, fame, fortune, a warm and loving family, friends, etc. want to endanger himself and his family by becoming POTUS?","","true","q_post_body","Q Directive","Q Directive","false","KEEP_Q_DIRECTIVE","Q instructs or urges the reader directly."
"153","1","Make a list.","Make a list.","","true","q_post_body","Q Directive","Q Directive","false","KEEP_Q_DIRECTIVE","Q instructs or urges the reader directly."
"153","2","Reconcile.","Reconcile.","","true","q_post_body","Q Directive","Q Directive","false","KEEP_Q_DIRECTIVE","Q instructs or urges the reader directly."
"153","3","Follow the money.","Follow the money.","","true","q_post_body","Q Directive","Q Directive","false","KEEP_Q_DIRECTIVE","Q instructs or urges the reader directly."
"153","4","Laugh.","Laugh.","","true","q_post_body","Q Directive","Q Directive","false","KEEP_Q_DIRECTIVE","Q instructs or urges the reader directly."
"1534","0","Enjoy the show.","Enjoy the show.","","true","q_post_body","Q Directive","Q Directive","false","KEEP_Q_DIRECTIVE","Q instructs or urges the reader directly."
"1535","0","Review lawsuit.","Review lawsuit.","","true","q_post_body","Q Directive","Q Directive","false","KEEP_Q_DIRECTIVE","Q instructs or urges the reader directly."
"1535","1","Review GoFundMe plea.","Review GoFundMe plea.","","true","q_post_body","Q Directive","Q Directive","false","KEEP_Q_DIRECTIVE","Q instructs or urges the reader directly."
"1535","2","Review financial disclosure.","Review financial disclosure.","","true","q_post_body","Q Directive","Q Directive","false","KEEP_Q_DIRECTIVE","Q instructs or urges the reader directly."
"1535","3","Review formation date.","Review formation date.","","true","q_post_body","Q Directive","Q Directive","false","KEEP_Q_DIRECTIVE","Q instructs or urges the reader directly."
"1535","4","Review initial investor(s).","Review initial investor(s).","","true","q_post_body","Q Directive","Q Directive","false","KEEP_Q_DIRECTIVE","Q instructs or urges the reader directly."
"154","0","Remember, the more people there are, the more power the people have.","Remember, the more people there are, the more power the people have.","","true","q_post_body","Q Directive","Q Directive","false","KEEP_Q_DIRECTIVE","Q instructs or urges the reader directly."
"154","1","Give us this day our daily bread, and forgive us our trespasses, as we forgive those who trespass against us,","Give us this day our daily bread, and forgive us our trespasses, as we forgive those who trespass against us,","","false","quoted_or_third_party","Q Directive","Removed from Q Directives","false","REMOVE_PRAYER_TEXT","A petition addressed to God, not an instruction to the reader."
"1540","0","See next.","See next.","","true","q_post_body","Q Directive","Q Directive","false","KEEP_Q_DIRECTIVE","Q instructs or urges the reader directly."
"155","0","Godspeed.","Godspeed.","","true","q_post_body","Q Directive","Removed from Q Directives","false","REMOVE_BLESSING_OR_VALEDICTION","A blessing, greeting or closing — it instructs no one."
"1556","0","Look close (behind BC).","Look close (behind BC).","","true","q_post_body","Q Directive","Q Directive","false","KEEP_Q_DIRECTIVE","Q instructs or urges the reader directly."
"1557","0","Let's start here.","Let's start here.","","true","q_post_body","Q Directive","Q Directive","false","KEEP_Q_DIRECTIVE","Q instructs or urges the reader directly."
"1558","0","Fight","Fight","","true","q_post_body","Q Directive","Q Directive","false","KEEP_Q_DIRECTIVE","Q instructs or urges the reader directly."
"1559","0","Define title.","Define title.","","true","q_post_body","Q Directive","Q Directive","false","KEEP_Q_DIRECTIVE","Q instructs or urges the reader directly."
"1559","1","Define role w/ Mueller.","Define role w/ Mueller.","","true","q_post_body","Q Directive","Q Directive","false","KEEP_Q_DIRECTIVE","Q instructs or urges the reader directly."
"1569","0","God bless and stay safe.","stay safe","God bless","true","q_post_body","Q Directive","Q Directive + Religion & Spirituality (segmented)","true","SPLIT_MIXED_SENTENCE","One sentence carries a blessing and a real instruction. Keep the complete sentence as the highlight; store the segments as metadata."
"157","0","Define corruption.","Define corruption.","","true","q_post_body","Q Directive","Q Directive","false","KEEP_Q_DIRECTIVE","Q instructs or urges the reader directly."
"157","1","Define corruption.","Define corruption.","","true","q_post_body","Q Directive","Q Directive","false","KEEP_Q_DIRECTIVE","Q instructs or urges the reader directly."
"157","2","Define censorship.","Define censorship.","","true","q_post_body","Q Directive","Q Directive","false","KEEP_Q_DIRECTIVE","Q instructs or urges the reader directly."
"157","3","Define 'controlled' censorship.","Define 'controlled' censorship.","","true","q_post_body","Q Directive","Q Directive","false","KEEP_Q_DIRECTIVE","Q instructs or urges the reader directly."
"157","4","Rinse and repeat.","Rinse and repeat.","","true","q_post_body","Q Directive","Q Directive","false","KEEP_Q_DIRECTIVE","Q instructs or urges the reader directly."
"1573","0","Re_read drops re: 302 mod","Re_read drops re: 302 mod","","true","q_post_body","Q Directive","Q Directive","false","KEEP_Q_DIRECTIVE","Q instructs or urges the reader directly."
"1573","1","Rank & file testifying as informants.","Rank & file testifying as informants.","","true","q_post_body","Q Directive","Q Directive","false","KEEP_Q_DIRECTIVE","Q instructs or urges the reader directly."
"1575","0","Abandon ship!","Abandon ship!","","true","q_post_body","Q Directive","Q Directive","false","KEEP_Q_DIRECTIVE","Q instructs or urges the reader directly."
"1578","0","Look for more direct confirmations.","Look for more direct confirmations.","","true","q_post_body","Q Directive","Q Directive","false","KEEP_Q_DIRECTIVE","Q instructs or urges the reader directly."
"158","0","Define oppression.","Define oppression.","","true","q_post_body","Q Directive","Q Directive","false","KEEP_Q_DIRECTIVE","Q instructs or urges the reader directly."
"158","1","Define 'lead-in' (think play)?","Define 'lead-in' (think play)?","","true","q_post_body","Q Directive","Q Directive","false","KEEP_Q_DIRECTIVE","Q instructs or urges the reader directly."
"158","2","Define blackmail.","Define blackmail.","","true","q_post_body","Q Directive","Q Directive","false","KEEP_Q_DIRECTIVE","Q instructs or urges the reader directly."
"1583","0","God bless you all.","God bless you all.","","true","q_post_body","Q Directive","Removed from Q Directives","true","REMOVE_BLESSING_OR_VALEDICTION","A blessing, greeting or closing — it instructs no one."
"1584","0","Be ready.","Be ready.","","true","q_post_body","Q Directive","Q Directive","false","KEEP_Q_DIRECTIVE","Q instructs or urges the reader directly."
"1585","0","Trust yourself.","Trust yourself.","","true","q_post_body","Q Directive","Q Directive","false","KEEP_Q_DIRECTIVE","Q instructs or urges the reader directly."
"1588","0","Review image/location.","Review image/location.","","true","q_post_body","Q Directive","Q Directive","false","KEEP_Q_DIRECTIVE","Q instructs or urges the reader directly."
"1589","0","Define.","Define.","","true","q_post_body","Q Directive","Q Directive","false","KEEP_Q_DIRECTIVE","Q instructs or urges the reader directly."
"1589","1","SET UP.","SET UP.","","true","q_post_body","Q Directive","Q Directive","false","KEEP_Q_DIRECTIVE","Q instructs or urges the reader directly."
"1589","2","Do not underestimate our resolve.","Do not underestimate our resolve.","","true","q_post_body","Q Directive","Q Directive","false","KEEP_Q_DIRECTIVE","Q instructs or urges the reader directly."
"1591","0","Think JC.","Think JC.","","true","q_post_body","Q Directive","Q Directive","false","KEEP_Q_DIRECTIVE","Q instructs or urges the reader directly."
"1595","0","Time to FEED.","Time to FEED.","","true","q_post_body","Q Directive","Q Directive","false","KEEP_Q_DIRECTIVE","Q instructs or urges the reader directly."
"1599","0","Expand your thinking.","Expand your thinking.","","true","q_post_body","Q Directive","Q Directive","false","KEEP_Q_DIRECTIVE","Q instructs or urges the reader directly."
"16","0","Get the popcorn, Friday & Saturday will deliver on the MAGA promise.","Get the popcorn, Friday & Saturday will deliver on the MAGA promise.","","true","q_post_body","Q Directive","Q Directive","false","KEEP_Q_DIRECTIVE","Q instructs or urges the reader directly."
"16","1","Remember, AG Sessions cannot look like an impartial player that is out to get all former Obama team members as we need him for other important work.","Remember, AG Sessions cannot look like an impartial player that is out to get all former Obama team members as we need him for other important work.","","true","q_post_body","Q Directive","Q Directive","false","KEEP_Q_DIRECTIVE","Q instructs or urges the reader directly."
"1600","0","Be vigilant.","Be vigilant.","","true","q_post_body","Q Directive","Q Directive","false","KEEP_Q_DIRECTIVE","Q instructs or urges the reader directly."
"1601","0","Keep up the good fight, Patriot.","Keep up the good fight, Patriot.","","true","q_post_body","Q Directive","Q Directive","false","KEEP_Q_DIRECTIVE","Q instructs or urges the reader directly."
"1602","0","You should know this based on earlier drops re: SA / Nat Guard / MIL Assets activate US soil.","You should know this based on earlier drops re: SA / Nat Guard / MIL Assets activate US soil.","","false","quoted_or_third_party","Q Directive","Removed from Q Directives","false","REMOVE_QUOTED_OR_THIRD_PARTY","The command belongs to an Anonymous post, article, letter, image or screenshot quoted by Q."
"1603","0","Read the BIBLE.","Read the BIBLE.","","true","q_post_body","Q Directive","Q Directive + Religion & Spirituality","true","KEEP_DIRECTIVE_AND_RELIGIOUS_THEME","Q-authored religious command. Stays a Directive AND belongs to Religion & Spirituality."
"1604","0","RISE UP and DEMAND THEY BE REMOVED.","RISE UP and DEMAND THEY BE REMOVED.","","true","q_post_body","Q Directive","Q Directive","false","KEEP_Q_DIRECTIVE","Q instructs or urges the reader directly."
"1604","1","Stay safe.","Stay safe.","","true","q_post_body","Q Directive","Q Directive","false","KEEP_Q_DIRECTIVE","Q instructs or urges the reader directly."
"1604","2","God bless.","God bless.","","true","q_post_body","Q Directive","Removed from Q Directives","true","REMOVE_BLESSING_OR_VALEDICTION","A blessing, greeting or closing — it instructs no one."
"1607","0","Remember, Kennedy was the swing vote.","Remember, Kennedy was the swing vote.","","true","q_post_body","Q Directive","Q Directive","false","KEEP_Q_DIRECTIVE","Q instructs or urges the reader directly."
"1609","0","DO YOU NOT BELIEVE WE ARE WINNING?http://www.breitbart.com/big-journalism/2018/06/27/poll-72-of-americans-believe-establishment-media-intentionally-report-fake-news/","DO YOU NOT BELIEVE WE ARE WINNING?http://www.breitbart.com/big-journalism/2018/06/27/poll-72-of-americans-believe-establishment-media-intentionally-report-fake-news/","","true","q_post_body","Q Directive","Q Directive","false","KEEP_Q_DIRECTIVE","Q instructs or urges the reader directly."
"1609","1","FIGHT, FIGHT, FIGHT!","FIGHT, FIGHT, FIGHT!","","true","q_post_body","Q Directive","Q Directive","false","KEEP_Q_DIRECTIVE","Q instructs or urges the reader directly."
"1610","0","Link to article placed incorrectly.","Link to article placed incorrectly.","","true","q_post_body","Q Directive","Q Directive","false","KEEP_Q_DIRECTIVE","Q instructs or urges the reader directly."
"1613","0","Rest assured JUSTICE will be served.","Rest assured JUSTICE will be served.","","true","q_post_body","Q Directive","Q Directive","false","KEEP_Q_DIRECTIVE","Q instructs or urges the reader directly."
"1618","0","Focus on House floor vote (now).","Focus on House floor vote (now).","","true","q_post_body","Q Directive","Q Directive","false","KEEP_Q_DIRECTIVE","Q instructs or urges the reader directly."
"1620","0","Read between the lines.","Read between the lines.","","true","q_post_body","Q Directive","Q Directive","false","KEEP_Q_DIRECTIVE","Q instructs or urges the reader directly."
"1621","0","Listen carefully.","Listen carefully.","","true","q_post_body","Q Directive","Q Directive","false","KEEP_Q_DIRECTIVE","Q instructs or urges the reader directly."
"163","0","Put it this way, six attempts were made to silence the witness scheduled to appear tomorrow.","Put it this way, six attempts were made to silence the witness scheduled to appear tomorrow.","","true","q_post_body","Q Directive","Q Directive","false","KEEP_Q_DIRECTIVE","Q instructs or urges the reader directly."
"1633","0","Find paper articles re: Freemasons.","Find paper articles re: Freemasons.","","true","q_post_body","Q Directive","Q Directive","false","KEEP_Q_DIRECTIVE","Q instructs or urges the reader directly."
"1636","0","Find the link (common denominator).","Find the link (common denominator).","","true","q_post_body","Q Directive","Q Directive","false","KEEP_Q_DIRECTIVE","Q instructs or urges the reader directly."
"1636","1","End (for now).","End (for now).","","true","q_post_body","Q Directive","Q Directive","false","KEEP_Q_DIRECTIVE","Q instructs or urges the reader directly."
"1637","0","Think strategy.","Think strategy.","","true","q_post_body","Q Directive","Q Directive","false","KEEP_Q_DIRECTIVE","Q instructs or urges the reader directly."
"1638","0","Think Bourne.","Think Bourne.","","true","q_post_body","Q Directive","Q Directive","false","KEEP_Q_DIRECTIVE","Q instructs or urges the reader directly."
"1638","1","Think Cell.","Think Cell.","","true","q_post_body","Q Directive","Q Directive","false","KEEP_Q_DIRECTIVE","Q instructs or urges the reader directly."
"164","0","Keep up the good fight.","Keep up the good fight.","","true","q_post_body","Q Directive","Q Directive","false","KEEP_Q_DIRECTIVE","Q instructs or urges the reader directly."
"1641","0","Push violence (trap).","Push violence (trap).","","true","q_post_body","Q Directive","Q Directive","false","KEEP_Q_DIRECTIVE","Q instructs or urges the reader directly."
"1644","0","See attacks.","See attacks.","","true","q_post_body","Q Directive","Q Directive","false","KEEP_Q_DIRECTIVE","Q instructs or urges the reader directly."
"1644","1","Do not be afraid.","Do not be afraid.","","true","q_post_body","Q Directive","Q Directive","false","KEEP_Q_DIRECTIVE","Q instructs or urges the reader directly."
"1644","2","Think Huber.","Think Huber.","","true","q_post_body","Q Directive","Q Directive","false","KEEP_Q_DIRECTIVE","Q instructs or urges the reader directly."
"1644","3","Think DOJ/FBI reorg.","Think DOJ/FBI reorg.","","true","q_post_body","Q Directive","Q Directive","false","KEEP_Q_DIRECTIVE","Q instructs or urges the reader directly."
"1644","4","Think sex/child arrests / news.","Think sex/child arrests / news.","","true","q_post_body","Q Directive","Q Directive","false","KEEP_Q_DIRECTIVE","Q instructs or urges the reader directly."
"1644","5","Think resignations (loss of control).","Think resignations (loss of control).","","true","q_post_body","Q Directive","Q Directive","false","KEEP_Q_DIRECTIVE","Q instructs or urges the reader directly."
"1644","6","Think of every post made.","Think of every post made.","","true","q_post_body","Q Directive","Q Directive","false","KEEP_Q_DIRECTIVE","Q instructs or urges the reader directly."
"1645","0","Be PROUD!","Be PROUD!","","true","q_post_body","Q Directive","Q Directive","false","KEEP_Q_DIRECTIVE","Q instructs or urges the reader directly."
"1645","1","FIGHT for what is RIGHT!","FIGHT for what is RIGHT!","","true","q_post_body","Q Directive","Q Directive","false","KEEP_Q_DIRECTIVE","Q instructs or urges the reader directly."
"1645","2","FIGHT for FREEDOM!","FIGHT for FREEDOM!","","true","q_post_body","Q Directive","Q Directive","false","KEEP_Q_DIRECTIVE","Q instructs or urges the reader directly."
"1645","3","Play LOUD.","Play LOUD.","","true","q_post_body","Q Directive","Q Directive","false","KEEP_Q_DIRECTIVE","Q instructs or urges the reader directly."
"1646","0","COMPARE TO HITLER/NAZIS?","COMPARE TO HITLER/NAZIS?","","true","q_post_body","Q Directive","Q Directive","false","KEEP_Q_DIRECTIVE","Q instructs or urges the reader directly."
"1646","1","THINK FOR YOURSELF.","THINK FOR YOURSELF.","","true","q_post_body","Q Directive","Q Directive","false","KEEP_Q_DIRECTIVE","Q instructs or urges the reader directly."
"1646","2","TRUST YOURSELF.","TRUST YOURSELF.","","true","q_post_body","Q Directive","Q Directive","false","KEEP_Q_DIRECTIVE","Q instructs or urges the reader directly."
"1646","3","GOD BLESS AMERICA.","GOD BLESS AMERICA.","","true","q_post_body","Q Directive","Removed from Q Directives","true","REMOVE_BLESSING_OR_VALEDICTION","A blessing, greeting or closing — it instructs no one."
"1646","4","GOD BLESS PATRIOTS AROUND THE WORLD.","GOD BLESS PATRIOTS AROUND THE WORLD.","","true","q_post_body","Q Directive","Removed from Q Directives","true","REMOVE_BLESSING_OR_VALEDICTION","A blessing, greeting or closing — it instructs no one."
"1647","0","Think logically.","Think logically.","","true","q_post_body","Q Directive","Q Directive","false","KEEP_Q_DIRECTIVE","Q instructs or urges the reader directly."
"1647","1","Ask yourself - is this normal?","Ask yourself - is this normal?","","true","q_post_body","Q Directive","Q Directive","false","KEEP_Q_DIRECTIVE","Q instructs or urges the reader directly."
"1648","0","Think logically.","Think logically.","","true","q_post_body","Q Directive","Q Directive","false","KEEP_Q_DIRECTIVE","Q instructs or urges the reader directly."
"1648","1","Ask yourself - is this normal?","Ask yourself - is this normal?","","true","q_post_body","Q Directive","Q Directive","false","KEEP_Q_DIRECTIVE","Q instructs or urges the reader directly."
"1649","0","Think SC vote to confirm (coming).","Think SC vote to confirm (coming).","","true","q_post_body","Q Directive","Q Directive","false","KEEP_Q_DIRECTIVE","Q instructs or urges the reader directly."
"1649","1","Enjoy the show.","Enjoy the show.","","true","q_post_body","Q Directive","Q Directive","false","KEEP_Q_DIRECTIVE","Q instructs or urges the reader directly."
"165","0","Expand your thinking.","Expand your thinking.","","true","q_post_body","Q Directive","Q Directive","false","KEEP_Q_DIRECTIVE","Q instructs or urges the reader directly."
"165","1","Expand your thinking.","Expand your thinking.","","true","q_post_body","Q Directive","Q Directive","false","KEEP_Q_DIRECTIVE","Q instructs or urges the reader directly."
"165","2","Define the 'known' action.","Define the 'known' action.","","true","q_post_body","Q Directive","Q Directive","false","KEEP_Q_DIRECTIVE","Q instructs or urges the reader directly."
"165","3","Re-read crumbs on this topic (necessary).","Re-read crumbs on this topic (necessary).","","true","q_post_body","Q Directive","Q Directive","false","KEEP_Q_DIRECTIVE","Q instructs or urges the reader directly."
"165","4","Patriots, get the word out.","Patriots, get the word out.","","true","q_post_body","Q Directive","Q Directive","false","KEEP_Q_DIRECTIVE","Q instructs or urges the reader directly."
"1656","0","Make no mistake-","Make no mistake-","","true","q_post_body","Q Directive","Q Directive","false","KEEP_Q_DIRECTIVE","Q instructs or urges the reader directly."
"1657","0","Stay UNITED!","Stay UNITED!","","true","q_post_body","Q Directive","Q Directive","false","KEEP_Q_DIRECTIVE","Q instructs or urges the reader directly."
"1658","0","Ask yourself - is this normal?","Ask yourself - is this normal?","","true","q_post_body","Q Directive","Q Directive","false","KEEP_Q_DIRECTIVE","Q instructs or urges the reader directly."
"1659","0","Ask yourself - who is filing the indictments?","Ask yourself - who is filing the indictments?","","true","q_post_body","Q Directive","Q Directive","false","KEEP_Q_DIRECTIVE","Q instructs or urges the reader directly."
"166","0","Expand your thinking.","Expand your thinking.","","true","q_post_body","Q Directive","Q Directive","false","KEEP_Q_DIRECTIVE","Q instructs or urges the reader directly."
"166","1","Expand your thinking.","Expand your thinking.","","true","q_post_body","Q Directive","Q Directive","false","KEEP_Q_DIRECTIVE","Q instructs or urges the reader directly."
"166","2","Define the 'known' action.","Define the 'known' action.","","true","q_post_body","Q Directive","Q Directive","false","KEEP_Q_DIRECTIVE","Q instructs or urges the reader directly."
"166","3","Re-read crumbs on this topic (necessary).","Re-read crumbs on this topic (necessary).","","true","q_post_body","Q Directive","Q Directive","false","KEEP_Q_DIRECTIVE","Q instructs or urges the reader directly."
"166","4","Patriots, get the word out.","Patriots, get the word out.","","true","q_post_body","Q Directive","Q Directive","false","KEEP_Q_DIRECTIVE","Q instructs or urges the reader directly."
"1660","0","Ask yourself - does Huber have the ability to file across all 50 states?","Ask yourself - does Huber have the ability to file across all 50 states?","","true","q_post_body","Q Directive","Q Directive","false","KEEP_Q_DIRECTIVE","Q instructs or urges the reader directly."
"1660","1","Think sealed indictments.","Think sealed indictments.","","true","q_post_body","Q Directive","Q Directive","false","KEEP_Q_DIRECTIVE","Q instructs or urges the reader directly."
"1660","2","Think resignations of CEOs.","Think resignations of CEOs.","","true","q_post_body","Q Directive","Q Directive","false","KEEP_Q_DIRECTIVE","Q instructs or urges the reader directly."
"1660","3","Think resignations of Senators.","Think resignations of Senators.","","true","q_post_body","Q Directive","Q Directive","false","KEEP_Q_DIRECTIVE","Q instructs or urges the reader directly."
"1660","4","Think resignations of Congress.","Think resignations of Congress.","","true","q_post_body","Q Directive","Q Directive","false","KEEP_Q_DIRECTIVE","Q instructs or urges the reader directly."
"1660","5","Think termination of senior FBI….","Think termination of senior FBI….","","true","q_post_body","Q Directive","Q Directive","false","KEEP_Q_DIRECTIVE","Q instructs or urges the reader directly."
"1660","6","Think termination of senior DOJ….","Think termination of senior DOJ….","","true","q_post_body","Q Directive","Q Directive","false","KEEP_Q_DIRECTIVE","Q instructs or urges the reader directly."
"1660","7","Think 470.","Think 470.","","true","q_post_body","Q Directive","Q Directive","false","KEEP_Q_DIRECTIVE","Q instructs or urges the reader directly."
"1661","0","Think stages.","Think stages.","","true","q_post_body","Q Directive","Q Directive","false","KEEP_Q_DIRECTIVE","Q instructs or urges the reader directly."
"1666","0","Turn taken.","Turn taken.","","true","q_post_body","Q Directive","Q Directive","false","KEEP_Q_DIRECTIVE","Q instructs or urges the reader directly."
"167","0","Expand your thinking.","Expand your thinking.","","true","q_post_body","Q Directive","Q Directive","false","KEEP_Q_DIRECTIVE","Q instructs or urges the reader directly."
"1671","0","Think logically.","Think logically.","","true","q_post_body","Q Directive","Q Directive","false","KEEP_Q_DIRECTIVE","Q instructs or urges the reader directly."
"1671","1","Think what's missing.","Think what's missing.","","true","q_post_body","Q Directive","Q Directive","false","KEEP_Q_DIRECTIVE","Q instructs or urges the reader directly."
"1671","2","Think NATIONAL SECURITY.","Think NATIONAL SECURITY.","","true","q_post_body","Q Directive","Q Directive","false","KEEP_Q_DIRECTIVE","Q instructs or urges the reader directly."
"1672","0","See last.","See last.","","true","q_post_body","Q Directive","Q Directive","false","KEEP_Q_DIRECTIVE","Q instructs or urges the reader directly."
"1672","1","Connect.","Connect.","","true","q_post_body","Q Directive","Q Directive","false","KEEP_Q_DIRECTIVE","Q instructs or urges the reader directly."
"1674","0","Add another to the list.","Add another to the list.","","true","q_post_body","Q Directive","Q Directive","false","KEEP_Q_DIRECTIVE","Q instructs or urges the reader directly."
"1678","0","Enjoy!","Enjoy!","","true","q_post_body","Q Directive","Q Directive","false","KEEP_Q_DIRECTIVE","Q instructs or urges the reader directly."
"168","0","Follow the map.","Follow the map.","","true","q_post_body","Q Directive","Q Directive","false","KEEP_Q_DIRECTIVE","Q instructs or urges the reader directly."
"1682","0","Define evidence.","Define evidence.","","true","q_post_body","Q Directive","Q Directive","false","KEEP_Q_DIRECTIVE","Q instructs or urges the reader directly."
"1682","1","Think Twitter.","Think Twitter.","","true","q_post_body","Q Directive","Q Directive","false","KEEP_Q_DIRECTIVE","Q instructs or urges the reader directly."
"1686","0","Think HUBER.","Think HUBER.","","true","q_post_body","Q Directive","Q Directive","false","KEEP_Q_DIRECTIVE","Q instructs or urges the reader directly."
"1687","0","Enjoy the show!","Enjoy the show!","","true","q_post_body","Q Directive","Q Directive","false","KEEP_Q_DIRECTIVE","Q instructs or urges the reader directly."
"1688","0","Study Nazism.","Study Nazism.","","true","q_post_body","Q Directive","Q Directive","false","KEEP_Q_DIRECTIVE","Q instructs or urges the reader directly."
"1688","1","Compare/contrast ANTIFA.","Compare/contrast ANTIFA.","","true","q_post_body","Q Directive","Q Directive","false","KEEP_Q_DIRECTIVE","Q instructs or urges the reader directly."
"1688","2","Compare/contrast SOCIALISM push.","Compare/contrast SOCIALISM push.","","true","q_post_body","Q Directive","Q Directive","false","KEEP_Q_DIRECTIVE","Q instructs or urges the reader directly."
"1688","3","Push for REBIRTH.","Push for REBIRTH.","","true","q_post_body","Q Directive","Q Directive","false","KEEP_Q_DIRECTIVE","Q instructs or urges the reader directly."
"1691","0","God bless Patriots!","God bless Patriots!","","true","q_post_body","Q Directive","Removed from Q Directives","true","REMOVE_BLESSING_OR_VALEDICTION","A blessing, greeting or closing — it instructs no one."
"1698","0","Remember.","Remember.","","true","q_post_body","Q Directive","Q Directive","false","KEEP_Q_DIRECTIVE","Q instructs or urges the reader directly."
"17","0","Focus on the power of POTUS as it relates to the Marines.","Focus on the power of POTUS as it relates to the Marines.","","true","q_post_body","Q Directive","Q Directive","false","KEEP_Q_DIRECTIVE","Q instructs or urges the reader directly."
"1702","0","GO KANSAS!","GO KANSAS!","","true","q_post_body","Q Directive","Q Directive","false","KEEP_Q_DIRECTIVE","Q instructs or urges the reader directly."
"1708","0","Think source files.","Think source files.","","true","q_post_body","Q Directive","Q Directive","false","KEEP_Q_DIRECTIVE","Q instructs or urges the reader directly."
"1711","0","Think logically.","Think logically.","","true","q_post_body","Q Directive","Q Directive","false","KEEP_Q_DIRECTIVE","Q instructs or urges the reader directly."
"1711","1","Think logically.","Think logically.","","true","q_post_body","Q Directive","Q Directive","false","KEEP_Q_DIRECTIVE","Q instructs or urges the reader directly."
"1711","2","Think for yourself.","Think for yourself.","","true","q_post_body","Q Directive","Q Directive","false","KEEP_Q_DIRECTIVE","Q instructs or urges the reader directly."
"1711","3","Trust yourself.","Trust yourself.","","true","q_post_body","Q Directive","Q Directive","false","KEEP_Q_DIRECTIVE","Q instructs or urges the reader directly."
"1711","4","Enjoy the show.","Enjoy the show.","","true","q_post_body","Q Directive","Q Directive","false","KEEP_Q_DIRECTIVE","Q instructs or urges the reader directly."
"1712","0","Put to death, therefore, whatever belongs to your earthly nature: sexual immorality, impurity, lust, evil desires and greed, which is idolatry.","Put to death, therefore, whatever belongs to your earthly nature: sexual immorality, impurity, lust, evil desires and greed, which is idolatry.","","true","q_post_body","Q Directive","Removed from Q Directives","false","REMOVE_QUOTED_SCRIPTURE","Grammatically imperative, but the imperative belongs to quoted Bible text, not to Q."
"1717","0","Think optics.","Think optics.","","true","q_post_body","Q Directive","Q Directive","false","KEEP_Q_DIRECTIVE","Q instructs or urges the reader directly."
"1721","0","Keep your promise.","Keep your promise.","","true","q_post_body","Q Directive","Q Directive","false","KEEP_Q_DIRECTIVE","Q instructs or urges the reader directly."
"1724","0","Decipher re: last.","Decipher re: last.","","true","q_post_body","Q Directive","Q Directive","false","KEEP_Q_DIRECTIVE","Q instructs or urges the reader directly."
"1735","0","God bless.","God bless.","","true","q_post_body","Q Directive","Removed from Q Directives","true","REMOVE_BLESSING_OR_VALEDICTION","A blessing, greeting or closing — it instructs no one."
"1742","0","Follow the family.","Follow the family.","","true","q_post_body","Q Directive","Q Directive","false","KEEP_Q_DIRECTIVE","Q instructs or urges the reader directly."
"1742","1","Think texts between PS/MH.","Think texts between PS/MH.","","true","q_post_body","Q Directive","Q Directive","false","KEEP_Q_DIRECTIVE","Q instructs or urges the reader directly."
"1742","2","Think past settlements.","Think past settlements.","","true","q_post_body","Q Directive","Q Directive","false","KEEP_Q_DIRECTIVE","Q instructs or urges the reader directly."
"1743","0","Think connections.","Think connections.","","true","q_post_body","Q Directive","Q Directive","false","KEEP_Q_DIRECTIVE","Q instructs or urges the reader directly."
"1746","0","REFER BACK TO PREV DROPS.","REFER BACK TO PREV DROPS.","","true","q_post_body","Q Directive","Q Directive","false","KEEP_Q_DIRECTIVE","Q instructs or urges the reader directly."
"1748","0","Listen VERY carefully.","Listen VERY carefully.","","true","q_post_body","Q Directive","Q Directive","false","KEEP_Q_DIRECTIVE","Q instructs or urges the reader directly."
"175","0","Expand your thinking.","Expand your thinking.","","true","q_post_body","Q Directive","Q Directive","false","KEEP_Q_DIRECTIVE","Q instructs or urges the reader directly."
"175","1","Learn how to read the map.","Learn how to read the map.","","true","q_post_body","Q Directive","Q Directive","false","KEEP_Q_DIRECTIVE","Q instructs or urges the reader directly."
"1750","0","Think election 2016.","Think election 2016.","","true","q_post_body","Q Directive","Q Directive","false","KEEP_Q_DIRECTIVE","Q instructs or urges the reader directly."
"1751","0","Recognize.","Recognize.","","true","q_post_body","Q Directive","Q Directive","false","KEEP_Q_DIRECTIVE","Q instructs or urges the reader directly."
"1752","0","Buckle up!","Buckle up!","","true","q_post_body","Q Directive","Q Directive","false","KEEP_Q_DIRECTIVE","Q instructs or urges the reader directly."
"1753","0","Start.","Start.","","true","q_post_body","Q Directive","Q Directive","false","KEEP_Q_DIRECTIVE","Q instructs or urges the reader directly."
"1753","1","Think criminal/illegal act(s) to prevent/overturn Presidential election of POTUS.","Think criminal/illegal act(s) to prevent/overturn Presidential election of POTUS.","","true","q_post_body","Q Directive","Q Directive","false","KEEP_Q_DIRECTIVE","Q instructs or urges the reader directly."
"1753","2","Think Sessions open statement re: leak investigations.","Think Sessions open statement re: leak investigations.","","true","q_post_body","Q Directive","Q Directive","false","KEEP_Q_DIRECTIVE","Q instructs or urges the reader directly."
"176","0","Learn to read the map.","Learn to read the map.","","true","q_post_body","Q Directive","Q Directive","false","KEEP_Q_DIRECTIVE","Q instructs or urges the reader directly."
"1761","0","Stay the course.","Stay the course.","","true","q_post_body","Q Directive","Q Directive","false","KEEP_Q_DIRECTIVE","Q instructs or urges the reader directly."
"1764","0","Think FISA.","Think FISA.","","true","q_post_body","Q Directive","Q Directive","false","KEEP_Q_DIRECTIVE","Q instructs or urges the reader directly."
"1764","1","Think NO NAME.","Think NO NAME.","","true","q_post_body","Q Directive","Q Directive","false","KEEP_Q_DIRECTIVE","Q instructs or urges the reader directly."
"1764","2","Think UK.","Think UK.","","true","q_post_body","Q Directive","Q Directive","false","KEEP_Q_DIRECTIVE","Q instructs or urges the reader directly."
"1769","0","Stay the course.","Stay the course.","","true","q_post_body","Q Directive","Q Directive","false","KEEP_Q_DIRECTIVE","Q instructs or urges the reader directly."
"177","0","Confirm.","Confirm.","","true","q_post_body","Q Directive","Q Directive","false","KEEP_Q_DIRECTIVE","Q instructs or urges the reader directly."
"177","1","Learn to read the map.","Learn to read the map.","","true","q_post_body","Q Directive","Q Directive","false","KEEP_Q_DIRECTIVE","Q instructs or urges the reader directly."
"1770","0","Enjoy the show.","Enjoy the show.","","true","q_post_body","Q Directive","Q Directive","false","KEEP_Q_DIRECTIVE","Q instructs or urges the reader directly."
"1773","0","Track last.","Track last.","","true","q_post_body","Q Directive","Q Directive","false","KEEP_Q_DIRECTIVE","Q instructs or urges the reader directly."
"1777","0","Please post your pic/vid as POTUS specifically pointed at you moments ago.","Please post your pic/vid as POTUS specifically pointed at you moments ago.","","false","quoted_or_third_party","Q Directive","Removed from Q Directives","false","REMOVE_QUOTED_OR_THIRD_PARTY","The command belongs to an Anonymous post, article, letter, image or screenshot quoted by Q."
"178","0","Archive immediately.","Archive immediately.","","true","q_post_body","Q Directive","Q Directive","false","KEEP_Q_DIRECTIVE","Q instructs or urges the reader directly."
"178","1","Confirm.","Confirm.","","true","q_post_body","Q Directive","Q Directive","false","KEEP_Q_DIRECTIVE","Q instructs or urges the reader directly."
"178","2","Learn to read the map.","Learn to read the map.","","true","q_post_body","Q Directive","Q Directive","false","KEEP_Q_DIRECTIVE","Q instructs or urges the reader directly."
"1782","0","Enjoy the show!","Enjoy the show!","","true","q_post_body","Q Directive","Q Directive","false","KEEP_Q_DIRECTIVE","Q instructs or urges the reader directly."
"1783","0","God bless!","God bless!","","true","q_post_body","Q Directive","Removed from Q Directives","true","REMOVE_BLESSING_OR_VALEDICTION","A blessing, greeting or closing — it instructs no one."
"1785","0","Enjoy the show.","Enjoy the show.","","true","q_post_body","Q Directive","Q Directive","false","KEEP_Q_DIRECTIVE","Q instructs or urges the reader directly."
"1786","0","Handle w/ care.","Handle w/ care.","","true","q_post_body","Q Directive","Q Directive","false","KEEP_Q_DIRECTIVE","Q instructs or urges the reader directly."
"1787","0","Eyes on: 300-350mm","Eyes on: 300-350mm","","true","q_post_body","Q Directive","Q Directive","false","KEEP_Q_DIRECTIVE","Q instructs or urges the reader directly."
"1787","1","Think email.","Think email.","","true","q_post_body","Q Directive","Q Directive","false","KEEP_Q_DIRECTIVE","Q instructs or urges the reader directly."
"1787","2","Think #1776.","Think #1776.","","true","q_post_body","Q Directive","Q Directive","false","KEEP_Q_DIRECTIVE","Q instructs or urges the reader directly."
"179","0","Act II, Scene IV.","Act II, Scene IV.","","true","q_post_body","Q Directive","Q Directive","false","KEEP_Q_DIRECTIVE","Q instructs or urges the reader directly."
"1792","0","Fear not.","Fear not.","","true","q_post_body","Q Directive","Q Directive","false","KEEP_Q_DIRECTIVE","Q instructs or urges the reader directly."
"1796","0","Ask yourself, why?","Ask yourself, why?","","true","q_post_body","Q Directive","Q Directive","false","KEEP_Q_DIRECTIVE","Q instructs or urges the reader directly."
"1796","1","Enjoy the show!","Enjoy the show!","","true","q_post_body","Q Directive","Q Directive","false","KEEP_Q_DIRECTIVE","Q instructs or urges the reader directly."
"1804","0","Rally: USSS threat IDEN > action taken.","Rally: USSS threat IDEN > action taken.","","true","q_post_body","Q Directive","Q Directive","false","KEEP_Q_DIRECTIVE","Q instructs or urges the reader directly."
"1805","0","Think connection.","Think connection.","","true","q_post_body","Q Directive","Q Directive","false","KEEP_Q_DIRECTIVE","Q instructs or urges the reader directly."
"1805","1","Post noted (VIP access).","Post noted (VIP access).","","true","q_post_body","Q Directive","Q Directive","false","KEEP_Q_DIRECTIVE","Q instructs or urges the reader directly."
"181","0","Godspeed, Patriot.","Godspeed, Patriot.","","true","q_post_body","Q Directive","Removed from Q Directives","false","REMOVE_BLESSING_OR_VALEDICTION","A blessing, greeting or closing — it instructs no one."
"1812","0","Think WRAY (yesterday).","Think WRAY (yesterday).","","true","q_post_body","Q Directive","Q Directive","false","KEEP_Q_DIRECTIVE","Q instructs or urges the reader directly."
"1812","1","Think [RR] (today).","Think [RR] (today).","","true","q_post_body","Q Directive","Q Directive","false","KEEP_Q_DIRECTIVE","Q instructs or urges the reader directly."
"1817","0","Be aware of your surroundings.","Be aware of your surroundings.","","true","q_post_body","Q Directive","Q Directive","false","KEEP_Q_DIRECTIVE","Q instructs or urges the reader directly."
"1817","1","See something.","See something.","","true","q_post_body","Q Directive","Q Directive","false","KEEP_Q_DIRECTIVE","Q instructs or urges the reader directly."
"1817","2","Say something.","Say something.","","true","q_post_body","Q Directive","Q Directive","false","KEEP_Q_DIRECTIVE","Q instructs or urges the reader directly."
"1818","0","Reconcile.","Reconcile.","","true","q_post_body","Q Directive","Q Directive","false","KEEP_Q_DIRECTIVE","Q instructs or urges the reader directly."
"1822","0","Define Conspiracy.","Define Conspiracy.","","true","q_post_body","Q Directive","Q Directive","false","KEEP_Q_DIRECTIVE","Q instructs or urges the reader directly."
"1822","1","Think WL list of journalists who colluded w/ HRC/DNC (2016 Pres election).","Think WL list of journalists who colluded w/ HRC/DNC (2016 Pres election).","","true","q_post_body","Q Directive","Q Directive","false","KEEP_Q_DIRECTIVE","Q instructs or urges the reader directly."
"1822","2","Research for yourself.","Research for yourself.","","true","q_post_body","Q Directive","Q Directive","false","KEEP_Q_DIRECTIVE","Q instructs or urges the reader directly."
"1822","3","Think for yourself.","Think for yourself.","","true","q_post_body","Q Directive","Q Directive","false","KEEP_Q_DIRECTIVE","Q instructs or urges the reader directly."
"1822","4","Trust yourself.","Trust yourself.","","true","q_post_body","Q Directive","Q Directive","false","KEEP_Q_DIRECTIVE","Q instructs or urges the reader directly."
"1822","5","Think resignations of CEOs.","Think resignations of CEOs.","","true","q_post_body","Q Directive","Q Directive","false","KEEP_Q_DIRECTIVE","Q instructs or urges the reader directly."
"1822","6","Think resignations of Senators.","Think resignations of Senators.","","true","q_post_body","Q Directive","Q Directive","false","KEEP_Q_DIRECTIVE","Q instructs or urges the reader directly."
"1822","7","Think resignations of Congress.","Think resignations of Congress.","","true","q_post_body","Q Directive","Q Directive","false","KEEP_Q_DIRECTIVE","Q instructs or urges the reader directly."
"1822","8","Think termination of sr FBI…","Think termination of sr FBI…","","true","q_post_body","Q Directive","Q Directive","false","KEEP_Q_DIRECTIVE","Q instructs or urges the reader directly."
"1822","9","Think termination of sr DOJ…","Think termination of sr DOJ…","","true","q_post_body","Q Directive","Q Directive","false","KEEP_Q_DIRECTIVE","Q instructs or urges the reader directly."
"1822","10","Ask yourself a simple question – WHY????","Ask yourself a simple question – WHY????","","true","q_post_body","Q Directive","Q Directive","false","KEEP_Q_DIRECTIVE","Q instructs or urges the reader directly."
"1822","11","Think sealed indictments count.","Think sealed indictments count.","","true","q_post_body","Q Directive","Q Directive","false","KEEP_Q_DIRECTIVE","Q instructs or urges the reader directly."
"1823","0","Think Russian bots.","Think Russian bots.","","true","q_post_body","Q Directive","Q Directive","false","KEEP_Q_DIRECTIVE","Q instructs or urges the reader directly."
"1823","1","Think Foreign propaganda.","Think Foreign propaganda.","","true","q_post_body","Q Directive","Q Directive","false","KEEP_Q_DIRECTIVE","Q instructs or urges the reader directly."
"1824","0","Ask yourself, if the U.S.","Ask yourself, if the U.S.","","true","q_post_body","Q Directive","Q Directive","false","KEEP_Q_DIRECTIVE","Q instructs or urges the reader directly."
"1825","0","Digest and understand.","Digest and understand.","","true","q_post_body","Q Directive","Q Directive","false","KEEP_Q_DIRECTIVE","Q instructs or urges the reader directly."
"1829","0","Think several.","Think several.","","true","q_post_body","Q Directive","Q Directive","false","KEEP_Q_DIRECTIVE","Q instructs or urges the reader directly."
"1831","0","Think Haiti [14:40]","Think Haiti [14:40]","","true","q_post_body","Q Directive","Q Directive","false","KEEP_Q_DIRECTIVE","Q instructs or urges the reader directly."
"1831","1","Think Watergate Commission [removed_why_investigate].","Think Watergate Commission [removed_why_investigate].","","true","q_post_body","Q Directive","Q Directive","false","KEEP_Q_DIRECTIVE","Q instructs or urges the reader directly."
"1831","2","Listen very carefully.","Listen very carefully.","","true","q_post_body","Q Directive","Q Directive","false","KEEP_Q_DIRECTIVE","Q instructs or urges the reader directly."
"1831","3","NEVER STOP PRAYING.","NEVER STOP PRAYING.","","true","q_post_body","Q Directive","Q Directive + Religion & Spirituality","true","KEEP_DIRECTIVE_AND_RELIGIOUS_THEME","Q-authored religious command. Stays a Directive AND belongs to Religion & Spirituality."
"1832","0","Re_read drops re: Haiti.","Re_read drops re: Haiti.","","true","q_post_body","Q Directive","Q Directive","false","KEEP_Q_DIRECTIVE","Q instructs or urges the reader directly."
"1837","0","STAY STRONG.","STAY STRONG.","","true","q_post_body","Q Directive","Q Directive","false","KEEP_Q_DIRECTIVE","Q instructs or urges the reader directly."
"1837","1","STAY TOGETHER.","STAY TOGETHER.","","true","q_post_body","Q Directive","Q Directive","false","KEEP_Q_DIRECTIVE","Q instructs or urges the reader directly."
"1838","0","CHECK-IN 00:00+[37209-a271927]-[381937821]","CHECK-IN 00:00+[37209-a271927]-[381937821]","","true","q_post_body","Q Directive","Q Directive","false","KEEP_Q_DIRECTIVE","Q instructs or urges the reader directly."
"184","0","Follow the Owl & Y head around the world.","Follow the Owl & Y head around the world.","","true","q_post_body","Q Directive","Q Directive","false","KEEP_Q_DIRECTIVE","Q instructs or urges the reader directly."
"184","1","Identify and list.","Identify and list.","","true","q_post_body","Q Directive","Q Directive","false","KEEP_Q_DIRECTIVE","Q instructs or urges the reader directly."
"1841","0","Define Antitrust Law(s).","Define Antitrust Law(s).","","true","q_post_body","Q Directive","Q Directive","false","KEEP_Q_DIRECTIVE","Q instructs or urges the reader directly."
"1841","1","Reconcile.","Reconcile.","","true","q_post_body","Q Directive","Q Directive","false","KEEP_Q_DIRECTIVE","Q instructs or urges the reader directly."
"1845","0","Think missile.","Think missile.","","true","q_post_body","Q Directive","Q Directive","false","KEEP_Q_DIRECTIVE","Q instructs or urges the reader directly."
"1847","0",">>Test strength of midterms through private analysis (win/loss ratio)",">>Test strength of midterms through private analysis (win/loss ratio)","","true","q_post_body","Q Directive","Q Directive","false","KEEP_Q_DIRECTIVE","Q instructs or urges the reader directly."
"1847","1","Think missile(s) accidentally fired.","Think missile(s) accidentally fired.","","true","q_post_body","Q Directive","Q Directive","false","KEEP_Q_DIRECTIVE","Q instructs or urges the reader directly."
"1856","0","Enjoy the show.","Enjoy the show.","","true","q_post_body","Q Directive","Q Directive","false","KEEP_Q_DIRECTIVE","Q instructs or urges the reader directly."
"186","0","Godspeed.","Godspeed.","","true","q_post_body","Q Directive","Removed from Q Directives","false","REMOVE_BLESSING_OR_VALEDICTION","A blessing, greeting or closing — it instructs no one."
"1862","0","Define 'Projection'.","Define 'Projection'.","","true","q_post_body","Q Directive","Q Directive","false","KEEP_Q_DIRECTIVE","Q instructs or urges the reader directly."
"1862","1","Define 'Insurance Policy'.","Define 'Insurance Policy'.","","true","q_post_body","Q Directive","Q Directive","false","KEEP_Q_DIRECTIVE","Q instructs or urges the reader directly."
"1862","2","Define 'Warning Against Attempts to Unveil'.","Define 'Warning Against Attempts to Unveil'.","","true","q_post_body","Q Directive","Q Directive","false","KEEP_Q_DIRECTIVE","Q instructs or urges the reader directly."
"1862","3","Smile for the Camera.","Smile for the Camera.","","true","q_post_body","Q Directive","Q Directive","false","KEEP_Q_DIRECTIVE","Q instructs or urges the reader directly."
"1863","0","Do not let this HYPOCRISY stand.","Do not let this HYPOCRISY stand.","","true","q_post_body","Q Directive","Q Directive","false","KEEP_Q_DIRECTIVE","Q instructs or urges the reader directly."
"1863","1","FIGHT!","FIGHT!","","true","q_post_body","Q Directive","Q Directive","false","KEEP_Q_DIRECTIVE","Q instructs or urges the reader directly."
"1866","0","EYES ON.","EYES ON.","","true","q_post_body","Q Directive","Q Directive","false","KEEP_Q_DIRECTIVE","Q instructs or urges the reader directly."
"1866","1","Think offense.","Think offense.","","true","q_post_body","Q Directive","Q Directive","false","KEEP_Q_DIRECTIVE","Q instructs or urges the reader directly."
"1867","0","Enjoy the show.","Enjoy the show.","","true","q_post_body","Q Directive","Q Directive","false","KEEP_Q_DIRECTIVE","Q instructs or urges the reader directly."
"1868","0","Do not link to [CF].","Do not link to [CF].","","true","q_post_body","Q Directive","Q Directive","false","KEEP_Q_DIRECTIVE","Q instructs or urges the reader directly."
"1869","0","Calculate probability.","Calculate probability.","","true","q_post_body","Q Directive","Q Directive","false","KEEP_Q_DIRECTIVE","Q instructs or urges the reader directly."
"1869","1","Think missile intercept.","Think missile intercept.","","true","q_post_body","Q Directive","Q Directive","false","KEEP_Q_DIRECTIVE","Q instructs or urges the reader directly."
"1869","2","Think aircraft.","Think aircraft.","","true","q_post_body","Q Directive","Q Directive","false","KEEP_Q_DIRECTIVE","Q instructs or urges the reader directly."
"1870","0","Think waves.","Think waves.","","true","q_post_body","Q Directive","Q Directive","false","KEEP_Q_DIRECTIVE","Q instructs or urges the reader directly."
"1870","1","Think coordinated.","Think coordinated.","","true","q_post_body","Q Directive","Q Directive","false","KEEP_Q_DIRECTIVE","Q instructs or urges the reader directly."
"1870","2","Think ALL outlets utilized + FAKES [Fake MAGA]","Think ALL outlets utilized + FAKES [Fake MAGA]","","true","q_post_body","Q Directive","Q Directive","false","KEEP_Q_DIRECTIVE","Q instructs or urges the reader directly."
"1871","0","Find the connections.","Find the connections.","","true","q_post_body","Q Directive","Q Directive","false","KEEP_Q_DIRECTIVE","Q instructs or urges the reader directly."
"1872","0","Think previous: BOOM BOOM BOOM BOOM","Think previous: BOOM BOOM BOOM BOOM","","true","q_post_body","Q Directive","Q Directive","false","KEEP_Q_DIRECTIVE","Q instructs or urges the reader directly."
"1872","1","Re_read drops re: SET UP.","Re_read drops re: SET UP.","","true","q_post_body","Q Directive","Q Directive","false","KEEP_Q_DIRECTIVE","Q instructs or urges the reader directly."
"1873","0","Ask yourself - WHY?","Ask yourself - WHY?","","true","q_post_body","Q Directive","Q Directive","false","KEEP_Q_DIRECTIVE","Q instructs or urges the reader directly."
"1876","0","Think XKeyscore + PRISM specifically.","Think XKeyscore + PRISM specifically.","","true","q_post_body","Q Directive","Q Directive","false","KEEP_Q_DIRECTIVE","Q instructs or urges the reader directly."
"1876","1","Think SIGINT.","Think SIGINT.","","true","q_post_body","Q Directive","Q Directive","false","KEEP_Q_DIRECTIVE","Q instructs or urges the reader directly."
"1879","0","Expect MANY MANY MANY similar reports to surface from around the world.","Expect MANY MANY MANY similar reports to surface from around the world.","","true","q_post_body","Q Directive","Q Directive","false","KEEP_Q_DIRECTIVE","Q instructs or urges the reader directly."
"1882","0","Read very carefully.","Read very carefully.","","true","q_post_body","Q Directive","Q Directive","false","KEEP_Q_DIRECTIVE","Q instructs or urges the reader directly."
"1886","0","Put on the full armor of God so that you can take your stand against the devil's schemes.","Put on the full armor of God so that you can take your stand against the devil's schemes.","","true","q_post_body","Q Directive","Removed from Q Directives","true","REMOVE_QUOTED_SCRIPTURE","Grammatically imperative, but the imperative belongs to quoted Bible text, not to Q."
"1886","1","Stand firm then, with the belt of truth buckled around your waist, with the breastplate of righteousness in place, and with your feet fitted with the readiness that comes from the gospel of peace.","Stand firm then, with the belt of truth buckled around your waist, with the breastplate of righteousness in place, and with your feet fitted with the readiness that comes from the gospel of peace.","","true","q_post_body","Q Directive","Removed from Q Directives","false","REMOVE_QUOTED_SCRIPTURE","Grammatically imperative, but the imperative belongs to quoted Bible text, not to Q."
"1886","2","Take the helmet of salvation and the sword of the Spirit, which is the word of God.","Take the helmet of salvation and the sword of the Spirit, which is the word of God.","","true","q_post_body","Q Directive","Removed from Q Directives","true","REMOVE_QUOTED_SCRIPTURE","Grammatically imperative, but the imperative belongs to quoted Bible text, not to Q."
"1887","0","Define C_A regional assets.","Define C_A regional assets.","","true","q_post_body","Q Directive","Q Directive","false","KEEP_Q_DIRECTIVE","Q instructs or urges the reader directly."
"189","0","Identify symbolism (Owl / Y).","Identify symbolism (Owl / Y).","","true","q_post_body","Q Directive","Q Directive","false","KEEP_Q_DIRECTIVE","Q instructs or urges the reader directly."
"189","1","Push conspiracy theory.","Push conspiracy theory.","","true","q_post_body","Q Directive","Q Directive","false","KEEP_Q_DIRECTIVE","Q instructs or urges the reader directly."
"189","2","Push conspiracy theory and institute new rules allowing for ban.","Push conspiracy theory and institute new rules allowing for ban.","","true","q_post_body","Q Directive","Q Directive","false","KEEP_Q_DIRECTIVE","Q instructs or urges the reader directly."
"189","3","Re-read graphic (ex: what family did Soros replace (Y)).","Re-read graphic (ex: what family did Soros replace (Y)).","","true","q_post_body","Q Directive","Q Directive","false","KEEP_Q_DIRECTIVE","Q instructs or urges the reader directly."
"1892","0","NEVER FORGET.","NEVER FORGET.","","true","q_post_body","Q Directive","Q Directive","false","KEEP_Q_DIRECTIVE","Q instructs or urges the reader directly."
"1895","0","Focus on her necklace.","Focus on her necklace.","","true","q_post_body","Q Directive","Q Directive","false","KEEP_Q_DIRECTIVE","Q instructs or urges the reader directly."
"1895","1","Find the match.","Find the match.","","true","q_post_body","Q Directive","Q Directive","false","KEEP_Q_DIRECTIVE","Q instructs or urges the reader directly."
"1897","0","Find the matches.","Find the matches.","","true","q_post_body","Q Directive","Q Directive","false","KEEP_Q_DIRECTIVE","Q instructs or urges the reader directly."
"1897","1","Open source.","Open source.","","true","q_post_body","Q Directive","Q Directive","false","KEEP_Q_DIRECTIVE","Q instructs or urges the reader directly."
"1898","0","Compare pool of V w/ painting of kids in pool (red shoes).","Compare pool of V w/ painting of kids in pool (red shoes).","","true","q_post_body","Q Directive","Q Directive","false","KEEP_Q_DIRECTIVE","Q instructs or urges the reader directly."
"1899","0","Cross against Podesta.","Cross against Podesta.","","true","q_post_body","Q Directive","Q Directive","false","KEEP_Q_DIRECTIVE","Q instructs or urges the reader directly."
"1899","1","Review 2015/2016 pics (inside only).","Review 2015/2016 pics (inside only).","","true","q_post_body","Q Directive","Q Directive","false","KEEP_Q_DIRECTIVE","Q instructs or urges the reader directly."
"1899","2","Travel to Rome.","Travel to Rome.","","true","q_post_body","Q Directive","Q Directive","false","KEEP_Q_DIRECTIVE","Q instructs or urges the reader directly."
"19","0","Follow the money.","Follow the money.","","true","q_post_body","Q Directive","Q Directive","false","KEEP_Q_DIRECTIVE","Q instructs or urges the reader directly."
"190","0","Have faith.","Have faith.","","true","q_post_body","Q Directive","Removed from Q Directives","true","REMOVE_STATEMENT_OR_HEADING","Religious, but declarative — a statement, slogan or label rather than an instruction."
"1902","0","Compare & contrast.","Compare & contrast.","","true","q_post_body","Q Directive","Q Directive","false","KEEP_Q_DIRECTIVE","Q instructs or urges the reader directly."
"1902","1","Travel to Rome.","Travel to Rome.","","true","q_post_body","Q Directive","Q Directive","false","KEEP_Q_DIRECTIVE","Q instructs or urges the reader directly."
"1908","0","Ask yourself simple questions.","Ask yourself simple questions.","","true","q_post_body","Q Directive","Q Directive","false","KEEP_Q_DIRECTIVE","Q instructs or urges the reader directly."
"1908","1","Ask yourself, would you NOT want to be at your preferred destination PRIOR TO going public?","Ask yourself, would you NOT want to be at your preferred destination PRIOR TO going public?","","true","q_post_body","Q Directive","Q Directive","false","KEEP_Q_DIRECTIVE","Q instructs or urges the reader directly."
"1911","0","God bless.","God bless.","","true","q_post_body","Q Directive","Removed from Q Directives","true","REMOVE_BLESSING_OR_VALEDICTION","A blessing, greeting or closing — it instructs no one."
"1912","0","Smile for the camera.","Smile for the camera.","","true","q_post_body","Q Directive","Q Directive","false","KEEP_Q_DIRECTIVE","Q instructs or urges the reader directly."
"1916","0","See something.","See something.","","true","q_post_body","Q Directive","Q Directive","false","KEEP_Q_DIRECTIVE","Q instructs or urges the reader directly."
"1916","1","Say something.","Say something.","","true","q_post_body","Q Directive","Q Directive","false","KEEP_Q_DIRECTIVE","Q instructs or urges the reader directly."
"1916","2","PEOPLE must unite to clean out these old institutions.","PEOPLE must unite to clean out these old institutions.","","true","q_post_body","Q Directive","Q Directive","false","KEEP_Q_DIRECTIVE","Q instructs or urges the reader directly."
"1919","0","Remember, 'conspiracy' friends, LARPS have access to a full stock of 'original' surveillance photos.","Remember, 'conspiracy' friends, LARPS have access to a full stock of 'original' surveillance photos.","","true","q_post_body","Q Directive","Q Directive","false","KEEP_Q_DIRECTIVE","Q instructs or urges the reader directly."
"1919","1","Enjoy the show.","Enjoy the show.","","true","q_post_body","Q Directive","Q Directive","false","KEEP_Q_DIRECTIVE","Q instructs or urges the reader directly."
"192","0","Compare.","Compare.","","true","q_post_body","Q Directive","Q Directive","false","KEEP_Q_DIRECTIVE","Q instructs or urges the reader directly."
"192","1","Think.","Think.","","true","q_post_body","Q Directive","Q Directive","false","KEEP_Q_DIRECTIVE","Q instructs or urges the reader directly."
"1925","0","Watch the budget.","Watch the budget.","","true","q_post_body","Q Directive","Q Directive","false","KEEP_Q_DIRECTIVE","Q instructs or urges the reader directly."
"1926","0","Define 'Fascism'.","Define 'Fascism'.","","true","q_post_body","Q Directive","Q Directive","false","KEEP_Q_DIRECTIVE","Q instructs or urges the reader directly."
"1926","1","Define 'Censorship'.","Define 'Censorship'.","","true","q_post_body","Q Directive","Q Directive","false","KEEP_Q_DIRECTIVE","Q instructs or urges the reader directly."
"1926","2","Define 'Narrative'.","Define 'Narrative'.","","true","q_post_body","Q Directive","Q Directive","false","KEEP_Q_DIRECTIVE","Q instructs or urges the reader directly."
"1926","3","Define 'Projection'.","Define 'Projection'.","","true","q_post_body","Q Directive","Q Directive","false","KEEP_Q_DIRECTIVE","Q instructs or urges the reader directly."
"1926","4","Define 'Psychological Projection'.","Define 'Psychological Projection'.","","true","q_post_body","Q Directive","Q Directive","false","KEEP_Q_DIRECTIVE","Q instructs or urges the reader directly."
"1926","5","Define 'Narcissist'.","Define 'Narcissist'.","","true","q_post_body","Q Directive","Q Directive","false","KEEP_Q_DIRECTIVE","Q instructs or urges the reader directly."
"1926","6","Define 'Dogma'.","Define 'Dogma'.","","true","q_post_body","Q Directive","Q Directive","false","KEEP_Q_DIRECTIVE","Q instructs or urges the reader directly."
"1926","7","Define 'Aggression'.","Define 'Aggression'.","","true","q_post_body","Q Directive","Q Directive","false","KEEP_Q_DIRECTIVE","Q instructs or urges the reader directly."
"1926","8","Define 'Suppression'.","Define 'Suppression'.","","true","q_post_body","Q Directive","Q Directive","false","KEEP_Q_DIRECTIVE","Q instructs or urges the reader directly."
"1926","9","Define 'Realism'.","Define 'Realism'.","","true","q_post_body","Q Directive","Q Directive","false","KEEP_Q_DIRECTIVE","Q instructs or urges the reader directly."
"1927","0","Define 'Subversion'.","Define 'Subversion'.","","true","q_post_body","Q Directive","Q Directive","false","KEEP_Q_DIRECTIVE","Q instructs or urges the reader directly."
"1928","0","Enjoy the show.","Enjoy the show.","","true","q_post_body","Q Directive","Q Directive","false","KEEP_Q_DIRECTIVE","Q instructs or urges the reader directly."
"1929","0","Enjoy the show.","Enjoy the show.","","true","q_post_body","Q Directive","Q Directive","false","KEEP_Q_DIRECTIVE","Q instructs or urges the reader directly."
"1935","0","Focus Here:","Focus Here:","","true","q_post_body","Q Directive","Q Directive","false","KEEP_Q_DIRECTIVE","Q instructs or urges the reader directly."
"1935","1","Define 'Projection'.","Define 'Projection'.","","true","q_post_body","Q Directive","Q Directive","false","KEEP_Q_DIRECTIVE","Q instructs or urges the reader directly."
"1935","2","Ask yourself, if above are central to operational success, who would you pick to lead such orgs?","Ask yourself, if above are central to operational success, who would you pick to lead such orgs?","","true","q_post_body","Q Directive","Q Directive","false","KEEP_Q_DIRECTIVE","Q instructs or urges the reader directly."
"1935","3","Compare donors.","Compare donors.","","true","q_post_body","Q Directive","Q Directive","false","KEEP_Q_DIRECTIVE","Q instructs or urges the reader directly."
"1935","4","Define DARK MONEY.","Define DARK MONEY.","","true","q_post_body","Q Directive","Q Directive","false","KEEP_Q_DIRECTIVE","Q instructs or urges the reader directly."
"1935","5","Think FLYNN [30].","Think FLYNN [30].","","true","q_post_body","Q Directive","Q Directive","false","KEEP_Q_DIRECTIVE","Q instructs or urges the reader directly."
"1936","0","Think for yourself.","Think for yourself.","","true","q_post_body","Q Directive","Q Directive","false","KEEP_Q_DIRECTIVE","Q instructs or urges the reader directly."
"1936","1","Research for yourself.","Research for yourself.","","true","q_post_body","Q Directive","Q Directive","false","KEEP_Q_DIRECTIVE","Q instructs or urges the reader directly."
"1936","2","Trust yourself.","Trust yourself.","","true","q_post_body","Q Directive","Q Directive","false","KEEP_Q_DIRECTIVE","Q instructs or urges the reader directly."
"1936","3","FOLLOW THE FACTS.","FOLLOW THE FACTS.","","true","q_post_body","Q Directive","Q Directive","false","KEEP_Q_DIRECTIVE","Q instructs or urges the reader directly."
"194","0","Re-read drops re: NK / Iran.","Re-read drops re: NK / Iran.","","true","q_post_body","Q Directive","Q Directive","false","KEEP_Q_DIRECTIVE","Q instructs or urges the reader directly."
"1943","0","Watch IRAN.","Watch IRAN.","","true","q_post_body","Q Directive","Q Directive","false","KEEP_Q_DIRECTIVE","Q instructs or urges the reader directly."
"1943","1","FIGHT FOR YOUR FREEDOM.","FIGHT FOR YOUR FREEDOM.","","true","q_post_body","Q Directive","Q Directive","false","KEEP_Q_DIRECTIVE","Q instructs or urges the reader directly."
"1944","0","Define 'State Secrets'.","Define 'State Secrets'.","","true","q_post_body","Q Directive","Q Directive","false","KEEP_Q_DIRECTIVE","Q instructs or urges the reader directly."
"1944","1","Define 'Projection'.","Define 'Projection'.","","true","q_post_body","Q Directive","Q Directive","false","KEEP_Q_DIRECTIVE","Q instructs or urges the reader directly."
"1945","0","Define 'Treason'.","Define 'Treason'.","","true","q_post_body","Q Directive","Q Directive","false","KEEP_Q_DIRECTIVE","Q instructs or urges the reader directly."
"1945","1","Define 'Treason'.","Define 'Treason'.","","true","q_post_body","Q Directive","Q Directive","false","KEEP_Q_DIRECTIVE","Q instructs or urges the reader directly."
"1945","2","Define 'Projection'.","Define 'Projection'.","","true","q_post_body","Q Directive","Q Directive","false","KEEP_Q_DIRECTIVE","Q instructs or urges the reader directly."
"1947","0","DEFEND GOOG AT ALL COSTS.","DEFEND GOOG AT ALL COSTS.","","true","q_post_body","Q Directive","Q Directive","false","KEEP_Q_DIRECTIVE","Q instructs or urges the reader directly."
"1947","1","OPEN THE DOOR AND WE SHALL ALWAYS WALK THROUGH AND TAKE CONTROL.","OPEN THE DOOR AND WE SHALL ALWAYS WALK THROUGH AND TAKE CONTROL.","","true","q_post_body","Q Directive","Q Directive","false","KEEP_Q_DIRECTIVE","Q instructs or urges the reader directly."
"1948","0","Define 'Contractor'.","Define 'Contractor'.","","true","q_post_body","Q Directive","Q Directive","false","KEEP_Q_DIRECTIVE","Q instructs or urges the reader directly."
"1948","1","Define the 'PRISM' program.","Define the 'PRISM' program.","","true","q_post_body","Q Directive","Q Directive","false","KEEP_Q_DIRECTIVE","Q instructs or urges the reader directly."
"195","0","Re-read drops re: NK / Iran.","Re-read drops re: NK / Iran.","","true","q_post_body","Q Directive","Q Directive","false","KEEP_Q_DIRECTIVE","Q instructs or urges the reader directly."
"1953","0","Stay LOCAL (U.S.)","Stay LOCAL (U.S.)","","true","q_post_body","Q Directive","Q Directive","false","KEEP_Q_DIRECTIVE","Q instructs or urges the reader directly."
"1953","1","Think MIRROR.","Think MIRROR.","","true","q_post_body","Q Directive","Q Directive","false","KEEP_Q_DIRECTIVE","Q instructs or urges the reader directly."
"1953","2","Know your enemy.","Know your enemy.","","true","q_post_body","Q Directive","Q Directive","false","KEEP_Q_DIRECTIVE","Q instructs or urges the reader directly."
"1955","0","Do not force those not yet ready.","Do not force those not yet ready.","","true","q_post_body","Q Directive","Q Directive","false","KEEP_Q_DIRECTIVE","Q instructs or urges the reader directly."
"1955","1","Do not isolate yourself within your own family.","Do not isolate yourself within your own family.","","true","q_post_body","Q Directive","Q Directive","false","KEEP_Q_DIRECTIVE","Q instructs or urges the reader directly."
"1955","2","Stay Strong.","Stay Strong.","","true","q_post_body","Q Directive","Q Directive","false","KEEP_Q_DIRECTIVE","Q instructs or urges the reader directly."
"1956","0","You MUST stay TOGETHER.","You MUST stay TOGETHER.","","true","q_post_body","Q Directive","Q Directive","false","KEEP_Q_DIRECTIVE","Q instructs or urges the reader directly."
"1957","0","Buy a history book published 20 years ago.","Buy a history book published 20 years ago.","","true","q_post_body","Q Directive","Q Directive","false","KEEP_Q_DIRECTIVE","Q instructs or urges the reader directly."
"1957","1","Buy a history book published 10 years ago.","Buy a history book published 10 years ago.","","true","q_post_body","Q Directive","Q Directive","false","KEEP_Q_DIRECTIVE","Q instructs or urges the reader directly."
"1957","2","Buy a history book published this year.","Buy a history book published this year.","","true","q_post_body","Q Directive","Q Directive","false","KEEP_Q_DIRECTIVE","Q instructs or urges the reader directly."
"1957","3","Compare.","Compare.","","true","q_post_body","Q Directive","Q Directive","false","KEEP_Q_DIRECTIVE","Q instructs or urges the reader directly."
"1957","4","Focus on WWI/WWII","Focus on WWI/WWII","","true","q_post_body","Q Directive","Q Directive","false","KEEP_Q_DIRECTIVE","Q instructs or urges the reader directly."
"1958","0","Listen carefully.","Listen carefully.","","true","q_post_body","Q Directive","Q Directive","false","KEEP_Q_DIRECTIVE","Q instructs or urges the reader directly."
"1960","0","Pro TIP: Look @ CrowdStrike","Pro TIP: Look @ CrowdStrike","","true","q_post_body","Q Directive","Q Directive","false","KEEP_Q_DIRECTIVE","Q instructs or urges the reader directly."
"1961","0","Stay strong.","Stay strong.","","true","q_post_body","Q Directive","Q Directive","false","KEEP_Q_DIRECTIVE","Q instructs or urges the reader directly."
"1961","1","Stay the course.","Stay the course.","","true","q_post_body","Q Directive","Q Directive","false","KEEP_Q_DIRECTIVE","Q instructs or urges the reader directly."
"1961","2","GOD BLESS YOU & YOUR FAMILY.","GOD BLESS YOU & YOUR FAMILY.","","true","q_post_body","Q Directive","Removed from Q Directives","true","REMOVE_BLESSING_OR_VALEDICTION","A blessing, greeting or closing — it instructs no one."
"1964","0","Stay the course.","Stay the course.","","true","q_post_body","Q Directive","Q Directive","false","KEEP_Q_DIRECTIVE","Q instructs or urges the reader directly."
"1964","1","Think LISA BARSOOMIAN (Smile).","Think LISA BARSOOMIAN (Smile).","","true","q_post_body","Q Directive","Q Directive","false","KEEP_Q_DIRECTIVE","Q instructs or urges the reader directly."
"1967","0","Read","Read","","true","q_post_body","Q Directive","Q Directive","false","KEEP_Q_DIRECTIVE","Q instructs or urges the reader directly."
"1967","1","Use Logic","Use Logic","","true","q_post_body","Q Directive","Q Directive","false","KEEP_Q_DIRECTIVE","Q instructs or urges the reader directly."
"1968","0","See above, reflect, use logic.","See above, reflect, use logic.","","true","q_post_body","Q Directive","Q Directive","false","KEEP_Q_DIRECTIVE","Q instructs or urges the reader directly."
"1972","0","Define 'Shelter'.","Define 'Shelter'.","","true","q_post_body","Q Directive","Q Directive","false","KEEP_Q_DIRECTIVE","Q instructs or urges the reader directly."
"1974","0","Trust the Plan.","Trust the Plan.","","true","q_post_body","Q Directive","Q Directive","false","KEEP_Q_DIRECTIVE","Q instructs or urges the reader directly."
"1979","0","Reconcile.","Reconcile.","","true","q_post_body","Q Directive","Q Directive","false","KEEP_Q_DIRECTIVE","Q instructs or urges the reader directly."
"198","0","Expand your thinking.","Expand your thinking.","","true","q_post_body","Q Directive","Q Directive","false","KEEP_Q_DIRECTIVE","Q instructs or urges the reader directly."
"198","1","Re-read crumbs.","Re-read crumbs.","","true","q_post_body","Q Directive","Q Directive","false","KEEP_Q_DIRECTIVE","Q instructs or urges the reader directly."
"1980","0","Swap ""of"" w/ ""in.""","Swap ""of"" w/ ""in.""","","true","q_post_body","Q Directive","Q Directive","false","KEEP_Q_DIRECTIVE","Q instructs or urges the reader directly."
"1983","0","Think Sever Access [granted]","Think Sever Access [granted]","","true","q_post_body","Q Directive","Q Directive","false","KEEP_Q_DIRECTIVE","Q instructs or urges the reader directly."
"1987","0","Enjoy the show.","Enjoy the show.","","true","q_post_body","Q Directive","Q Directive","false","KEEP_Q_DIRECTIVE","Q instructs or urges the reader directly."
"1998","0","Expect another BIG coordinated wave [#3] of attacks by FAKE NEWS.","Expect another BIG coordinated wave [#3] of attacks by FAKE NEWS.","","true","q_post_body","Q Directive","Q Directive","false","KEEP_Q_DIRECTIVE","Q instructs or urges the reader directly."
"2","0","Follow Huma.","Follow Huma.","","true","q_post_body","Q Directive","Q Directive","false","KEEP_Q_DIRECTIVE","Q instructs or urges the reader directly."
"2","1","God bless fellow Patriots.","God bless fellow Patriots.","","true","q_post_body","Q Directive","Removed from Q Directives","true","REMOVE_BLESSING_OR_VALEDICTION","A blessing, greeting or closing — it instructs no one."
"2000","0","Think about this.","Think about this.","","true","q_post_body","Q Directive","Q Directive","false","KEEP_Q_DIRECTIVE","Q instructs or urges the reader directly."
"2000","1","Ask yourself, why?","Ask yourself, why?","","true","q_post_body","Q Directive","Q Directive","false","KEEP_Q_DIRECTIVE","Q instructs or urges the reader directly."
"2005","0","Follow the LEADER.","Follow the LEADER.","","true","q_post_body","Q Directive","Q Directive","false","KEEP_Q_DIRECTIVE","Q instructs or urges the reader directly."
"2005","1","Focus Here:","Focus Here:","","true","q_post_body","Q Directive","Q Directive","false","KEEP_Q_DIRECTIVE","Q instructs or urges the reader directly."
"2012","0","HAVE A NICE DAY.","HAVE A NICE DAY.","","true","q_post_body","Q Directive","Q Directive","false","KEEP_Q_DIRECTIVE","Q instructs or urges the reader directly."
"2029","0","Think 'Polls' posted yesterday - [WAPO].","Think 'Polls' posted yesterday - [WAPO].","","true","q_post_body","Q Directive","Q Directive","false","KEEP_Q_DIRECTIVE","Q instructs or urges the reader directly."
"2030","0","Think [WAPO]","Think [WAPO]","","true","q_post_body","Q Directive","Q Directive","false","KEEP_Q_DIRECTIVE","Q instructs or urges the reader directly."
"2032","0","Reconcile against results.","Reconcile against results.","","true","q_post_body","Q Directive","Q Directive","false","KEEP_Q_DIRECTIVE","Q instructs or urges the reader directly."
"2032","1","Define 'Human Nature'.","Define 'Human Nature'.","","true","q_post_body","Q Directive","Q Directive","false","KEEP_Q_DIRECTIVE","Q instructs or urges the reader directly."
"2032","2","Define 'Echo Chamber'.","Define 'Echo Chamber'.","","true","q_post_body","Q Directive","Q Directive","false","KEEP_Q_DIRECTIVE","Q instructs or urges the reader directly."
"2037","0","Think Ports.","Think Ports.","","true","q_post_body","Q Directive","Q Directive","false","KEEP_Q_DIRECTIVE","Q instructs or urges the reader directly."
"2037","1","Think Legal PROTECTION.","Think Legal PROTECTION.","","true","q_post_body","Q Directive","Q Directive","false","KEEP_Q_DIRECTIVE","Q instructs or urges the reader directly."
"2037","2","COMPARE VS OTHER STATES.","COMPARE VS OTHER STATES.","","true","q_post_body","Q Directive","Q Directive","false","KEEP_Q_DIRECTIVE","Q instructs or urges the reader directly."
"2038","0","FIGHT!","FIGHT!","","true","q_post_body","Q Directive","Q Directive","false","KEEP_Q_DIRECTIVE","Q instructs or urges the reader directly."
"2039","0","GOD BLESS YOU ALL.","GOD BLESS YOU ALL.","","true","q_post_body","Q Directive","Removed from Q Directives","true","REMOVE_BLESSING_OR_VALEDICTION","A blessing, greeting or closing — it instructs no one."
"2039","1","LET FREEDOM RING, PATRIOTS.","LET FREEDOM RING, PATRIOTS.","","true","q_post_body","Q Directive","Q Directive","false","KEEP_Q_DIRECTIVE","Q instructs or urges the reader directly."
"2048","0","Enjoy the show.","Enjoy the show.","","true","q_post_body","Q Directive","Q Directive","false","KEEP_Q_DIRECTIVE","Q instructs or urges the reader directly."
"2049","0","Re_read drops re: SA","Re_read drops re: SA","","true","q_post_body","Q Directive","Q Directive","false","KEEP_Q_DIRECTIVE","Q instructs or urges the reader directly."
"2049","1","Have faith.","Have faith.","","true","q_post_body","Q Directive","Removed from Q Directives","true","REMOVE_STATEMENT_OR_HEADING","Religious, but declarative — a statement, slogan or label rather than an instruction."
"205","0","Pick up your phone.","Pick up your phone.","","true","q_post_body","Q Directive","Q Directive","false","KEEP_Q_DIRECTIVE","Q instructs or urges the reader directly."
"2056","0","Every moment together is a moment you should not waste.","Every moment together is a moment you should not waste.","","true","q_post_body","Q Directive","Q Directive","false","KEEP_Q_DIRECTIVE","Q instructs or urges the reader directly."
"2062","0","Read between the lines.","Read between the lines.","","true","q_post_body","Q Directive","Q Directive","false","KEEP_Q_DIRECTIVE","Q instructs or urges the reader directly."
"2063","0","Think GMAIL.","Think GMAIL.","","true","q_post_body","Q Directive","Q Directive","false","KEEP_Q_DIRECTIVE","Q instructs or urges the reader directly."
"2063","1","Think GMAIL DRAFTS.","Think GMAIL DRAFTS.","","true","q_post_body","Q Directive","Q Directive","false","KEEP_Q_DIRECTIVE","Q instructs or urges the reader directly."
"2063","2","Think ES RESIGNATION.","Think ES RESIGNATION.","","true","q_post_body","Q Directive","Q Directive","false","KEEP_Q_DIRECTIVE","Q instructs or urges the reader directly."
"2072","0","Trust yourself.","Trust yourself.","","true","q_post_body","Q Directive","Q Directive","false","KEEP_Q_DIRECTIVE","Q instructs or urges the reader directly."
"2072","1","Think for yourself.","Think for yourself.","","true","q_post_body","Q Directive","Q Directive","false","KEEP_Q_DIRECTIVE","Q instructs or urges the reader directly."
"2077","0","Enjoy the show.","Enjoy the show.","","true","q_post_body","Q Directive","Q Directive","false","KEEP_Q_DIRECTIVE","Q instructs or urges the reader directly."
"2079","0","Add to the list.","Add to the list.","","true","q_post_body","Q Directive","Q Directive","false","KEEP_Q_DIRECTIVE","Q instructs or urges the reader directly."
"2089","0","Ask yourself a (simple) logical question…","Ask yourself a (simple) logical question…","","true","q_post_body","Q Directive","Q Directive","false","KEEP_Q_DIRECTIVE","Q instructs or urges the reader directly."
"209","0","Expand your thinking.","Expand your thinking.","","true","q_post_body","Q Directive","Q Directive","false","KEEP_Q_DIRECTIVE","Q instructs or urges the reader directly."
"2094","0","Think EO.","Think EO.","","true","q_post_body","Q Directive","Q Directive","false","KEEP_Q_DIRECTIVE","Q instructs or urges the reader directly."
"2094","1","Think HRC panic.","Think HRC panic.","","true","q_post_body","Q Directive","Q Directive","false","KEEP_Q_DIRECTIVE","Q instructs or urges the reader directly."
"2096","0","Stay the course and trust the plan.","Stay the course and trust the plan.","","true","q_post_body","Q Directive","Q Directive","false","KEEP_Q_DIRECTIVE","Q instructs or urges the reader directly."
"2096","1","Remain BRAVE.","Remain BRAVE.","","true","q_post_body","Q Directive","Q Directive","false","KEEP_Q_DIRECTIVE","Q instructs or urges the reader directly."
"2097","0","Read between the lines.","Read between the lines.","","true","q_post_body","Q Directive","Q Directive","false","KEEP_Q_DIRECTIVE","Q instructs or urges the reader directly."
"2098","0","Enjoy the show tonight.","Enjoy the show tonight.","","true","q_post_body","Q Directive","Q Directive","false","KEEP_Q_DIRECTIVE","Q instructs or urges the reader directly."
"2101","0","Think 'collective' attacks v.","Think 'collective' attacks v.","","true","q_post_body","Q Directive","Q Directive","false","KEEP_Q_DIRECTIVE","Q instructs or urges the reader directly."
"2102","0","Think Mueller.","Think Mueller.","","true","q_post_body","Q Directive","Q Directive","false","KEEP_Q_DIRECTIVE","Q instructs or urges the reader directly."
"2102","1","Control & Divide.","Control & Divide.","","true","q_post_body","Q Directive","Q Directive","false","KEEP_Q_DIRECTIVE","Q instructs or urges the reader directly."
"2104","0","Follow the picture.","Follow the picture.","","true","q_post_body","Q Directive","Q Directive","false","KEEP_Q_DIRECTIVE","Q instructs or urges the reader directly."
"2107","0","Think HRC [paid for] FAKE DOSSIER [bulk].","Think HRC [paid for] FAKE DOSSIER [bulk].","","true","q_post_body","Q Directive","Q Directive","false","KEEP_Q_DIRECTIVE","Q instructs or urges the reader directly."
"2107","1","Think Steele > BO [post FBI firing] intel collection.","Think Steele > BO [post FBI firing] intel collection.","","true","q_post_body","Q Directive","Q Directive","false","KEEP_Q_DIRECTIVE","Q instructs or urges the reader directly."
"2107","2","Think DOJ/FBI classified leaks to FAKE NEWS > insert into FISA app in effort to provide 'new sources'.","Think DOJ/FBI classified leaks to FAKE NEWS > insert into FISA app in effort to provide 'new sources'.","","true","q_post_body","Q Directive","Q Directive","false","KEEP_Q_DIRECTIVE","Q instructs or urges the reader directly."
"2107","3","Think PDB placement by BRENNAN to AUTHENTICATE source as credible.","Think PDB placement by BRENNAN to AUTHENTICATE source as credible.","","true","q_post_body","Q Directive","Q Directive","false","KEEP_Q_DIRECTIVE","Q instructs or urges the reader directly."
"2107","4","Think BO >>> WEISSMANN 'regular updates' re: Steele [Firewall][Mueller]","Think BO >>> WEISSMANN 'regular updates' re: Steele [Firewall][Mueller]","","true","q_post_body","Q Directive","Q Directive","false","KEEP_Q_DIRECTIVE","Q instructs or urges the reader directly."
"2113","0","Follow the connections.","Follow the connections.","","true","q_post_body","Q Directive","Q Directive","false","KEEP_Q_DIRECTIVE","Q instructs or urges the reader directly."
"2115","0","Think NYT 'Anon' article (Ex)","Think NYT 'Anon' article (Ex)","","true","q_post_body","Q Directive","Q Directive","false","KEEP_Q_DIRECTIVE","Q instructs or urges the reader directly."
"2123","0","Reconcile.","Reconcile.","","true","q_post_body","Q Directive","Q Directive","false","KEEP_Q_DIRECTIVE","Q instructs or urges the reader directly."
"2123","1","Reconcile.","Reconcile.","","true","q_post_body","Q Directive","Q Directive","false","KEEP_Q_DIRECTIVE","Q instructs or urges the reader directly."
"2123","2","Reconcile.","Reconcile.","","true","q_post_body","Q Directive","Q Directive","false","KEEP_Q_DIRECTIVE","Q instructs or urges the reader directly."
"2123","3","Reconcile.","Reconcile.","","true","q_post_body","Q Directive","Q Directive","false","KEEP_Q_DIRECTIVE","Q instructs or urges the reader directly."
"2123","4","Do not let their attempts corrupt GOOD organizations.","Do not let their attempts corrupt GOOD organizations.","","true","q_post_body","Q Directive","Q Directive","false","KEEP_Q_DIRECTIVE","Q instructs or urges the reader directly."
"2123","5","Think OANN.","Think OANN.","","true","q_post_body","Q Directive","Q Directive","false","KEEP_Q_DIRECTIVE","Q instructs or urges the reader directly."
"2123","6","Stay STRONG.","Stay STRONG.","","true","q_post_body","Q Directive","Q Directive","false","KEEP_Q_DIRECTIVE","Q instructs or urges the reader directly."
"2123","7","Stay TOGETHER.","Stay TOGETHER.","","true","q_post_body","Q Directive","Q Directive","false","KEEP_Q_DIRECTIVE","Q instructs or urges the reader directly."
"2126","0","KEEP UP THE GOOD FIGHT.","KEEP UP THE GOOD FIGHT.","","true","q_post_body","Q Directive","Q Directive","false","KEEP_Q_DIRECTIVE","Q instructs or urges the reader directly."
"2126","1","READY THE MEMES.","READY THE MEMES.","","true","q_post_body","Q Directive","Q Directive","false","KEEP_Q_DIRECTIVE","Q instructs or urges the reader directly."
"2135","0","Think DOJ/FBI classified leaks to FAKE NEWS > insert into FISA app in effort to provide 'new sources'.","Think DOJ/FBI classified leaks to FAKE NEWS > insert into FISA app in effort to provide 'new sources'.","","true","q_post_body","Q Directive","Q Directive","false","KEEP_Q_DIRECTIVE","Q instructs or urges the reader directly."
"2139","0","Update requested.","Update requested.","","true","q_post_body","Q Directive","Q Directive","false","KEEP_Q_DIRECTIVE","Q instructs or urges the reader directly."
"2141","0","Make it and they will crumb.","Make it and they will crumb.","","true","q_post_body","Q Directive","Q Directive","false","KEEP_Q_DIRECTIVE","Q instructs or urges the reader directly."
"2146","0","PREPARE YOUR MEMES.","PREPARE YOUR MEMES.","","true","q_post_body","Q Directive","Q Directive","false","KEEP_Q_DIRECTIVE","Q instructs or urges the reader directly."
"2147","0","ATTENTION ON DECK.","ATTENTION ON DECK.","","true","q_post_body","Q Directive","Q Directive","false","KEEP_Q_DIRECTIVE","Q instructs or urges the reader directly."
"215","0","Focus on his wife.","Focus on his wife.","","true","q_post_body","Q Directive","Q Directive","false","KEEP_Q_DIRECTIVE","Q instructs or urges the reader directly."
"2161","0","Enjoy the show.","Enjoy the show.","","true","q_post_body","Q Directive","Q Directive","false","KEEP_Q_DIRECTIVE","Q instructs or urges the reader directly."
"2165","0","Reconcile.","Reconcile.","","true","q_post_body","Q Directive","Q Directive","false","KEEP_Q_DIRECTIVE","Q instructs or urges the reader directly."
"2165","1","THINK TODAY.","THINK TODAY.","","true","q_post_body","Q Directive","Q Directive","false","KEEP_Q_DIRECTIVE","Q instructs or urges the reader directly."
"2166","0","STAY STRONG.","STAY STRONG.","","true","q_post_body","Q Directive","Q Directive","false","KEEP_Q_DIRECTIVE","Q instructs or urges the reader directly."
"2166","1","STAY TOGETHER.","STAY TOGETHER.","","true","q_post_body","Q Directive","Q Directive","false","KEEP_Q_DIRECTIVE","Q instructs or urges the reader directly."
"2166","2","EXPECT TWITTER/FB FORCE NEXT.","EXPECT TWITTER/FB FORCE NEXT.","","true","q_post_body","Q Directive","Q Directive","false","KEEP_Q_DIRECTIVE","Q instructs or urges the reader directly."
"2171","0","Define 'Fascism'.","Define 'Fascism'.","","true","q_post_body","Q Directive","Q Directive","false","KEEP_Q_DIRECTIVE","Q instructs or urges the reader directly."
"2171","1","Define 'Censorship'.","Define 'Censorship'.","","true","q_post_body","Q Directive","Q Directive","false","KEEP_Q_DIRECTIVE","Q instructs or urges the reader directly."
"2171","2","Define 'Narrative'.","Define 'Narrative'.","","true","q_post_body","Q Directive","Q Directive","false","KEEP_Q_DIRECTIVE","Q instructs or urges the reader directly."
"2171","3","Define 'Projection'.","Define 'Projection'.","","true","q_post_body","Q Directive","Q Directive","false","KEEP_Q_DIRECTIVE","Q instructs or urges the reader directly."
"2171","4","Define 'Psychological Projection'.","Define 'Psychological Projection'.","","true","q_post_body","Q Directive","Q Directive","false","KEEP_Q_DIRECTIVE","Q instructs or urges the reader directly."
"2171","5","Define 'Narcissist'.","Define 'Narcissist'.","","true","q_post_body","Q Directive","Q Directive","false","KEEP_Q_DIRECTIVE","Q instructs or urges the reader directly."
"2171","6","Define 'Dogma'.","Define 'Dogma'.","","true","q_post_body","Q Directive","Q Directive","false","KEEP_Q_DIRECTIVE","Q instructs or urges the reader directly."
"2171","7","Define 'Aggression'.","Define 'Aggression'.","","true","q_post_body","Q Directive","Q Directive","false","KEEP_Q_DIRECTIVE","Q instructs or urges the reader directly."
"2171","8","Define 'Suppression'.","Define 'Suppression'.","","true","q_post_body","Q Directive","Q Directive","false","KEEP_Q_DIRECTIVE","Q instructs or urges the reader directly."
"2171","9","Define 'Realism'.","Define 'Realism'.","","true","q_post_body","Q Directive","Q Directive","false","KEEP_Q_DIRECTIVE","Q instructs or urges the reader directly."
"2178","0","REMEMBER YOUR OATH","REMEMBER YOUR OATH","","true","q_post_body","Q Directive","Q Directive","false","KEEP_Q_DIRECTIVE","Q instructs or urges the reader directly."
"2180","0","Define 'Traitor'.","Define 'Traitor'.","","true","q_post_body","Q Directive","Q Directive","false","KEEP_Q_DIRECTIVE","Q instructs or urges the reader directly."
"2184","0","Buckle up.","Buckle up.","","true","q_post_body","Q Directive","Q Directive","false","KEEP_Q_DIRECTIVE","Q instructs or urges the reader directly."
"2186","0","Compare date(s) of article(s) to drop.","Compare date(s) of article(s) to drop.","","true","q_post_body","Q Directive","Q Directive","false","KEEP_Q_DIRECTIVE","Q instructs or urges the reader directly."
"2187","0","TEST [Thursday] by DoD to confirm 'free-flow' of direct comms.","TEST [Thursday] by DoD to confirm 'free-flow' of direct comms.","","true","q_post_body","Q Directive","Q Directive","false","KEEP_Q_DIRECTIVE","Q instructs or urges the reader directly."
"2189","0","Attention on deck.","Attention on deck.","","true","q_post_body","Q Directive","Q Directive","false","KEEP_Q_DIRECTIVE","Q instructs or urges the reader directly."
"219","0","Godspeed.","Godspeed.","","true","q_post_body","Q Directive","Removed from Q Directives","false","REMOVE_BLESSING_OR_VALEDICTION","A blessing, greeting or closing — it instructs no one."
"2190","0","FIGHT, FIGHT, FIGHT!","FIGHT, FIGHT, FIGHT!","","true","q_post_body","Q Directive","Q Directive","false","KEEP_Q_DIRECTIVE","Q instructs or urges the reader directly."
"2197","0","Activate ]SESSIONS[","Activate ]SESSIONS[","","true","q_post_body","Q Directive","Q Directive","false","KEEP_Q_DIRECTIVE","Q instructs or urges the reader directly."
"22","0","Study and prepare.","Study and prepare.","","true","q_post_body","Q Directive","Q Directive","false","KEEP_Q_DIRECTIVE","Q instructs or urges the reader directly."
"22","1","Clean and swift.","Clean and swift.","","true","q_post_body","Q Directive","Q Directive","false","KEEP_Q_DIRECTIVE","Q instructs or urges the reader directly."
"2206","0","DEFINE PROJECTION.","DEFINE PROJECTION.","","true","q_post_body","Q Directive","Q Directive","false","KEEP_Q_DIRECTIVE","Q instructs or urges the reader directly."
"2206","1","THINK ABOUT REAL-TIME 'Q' TRACKING.","THINK ABOUT REAL-TIME 'Q' TRACKING.","","true","q_post_body","Q Directive","Q Directive","false","KEEP_Q_DIRECTIVE","Q instructs or urges the reader directly."
"2206","2","FIGHT!","FIGHT!","","true","q_post_body","Q Directive","Q Directive","false","KEEP_Q_DIRECTIVE","Q instructs or urges the reader directly."
"2209","0","Listen carefully.","Listen carefully.","","true","q_post_body","Q Directive","Q Directive","false","KEEP_Q_DIRECTIVE","Q instructs or urges the reader directly."
"221","0","Expand your thinking.","Expand your thinking.","","true","q_post_body","Q Directive","Q Directive","false","KEEP_Q_DIRECTIVE","Q instructs or urges the reader directly."
"221","1","Re-read dumps.","Re-read dumps.","","true","q_post_body","Q Directive","Q Directive","false","KEEP_Q_DIRECTIVE","Q instructs or urges the reader directly."
"2211","0","Think yesterday.","Think yesterday.","","true","q_post_body","Q Directive","Q Directive","false","KEEP_Q_DIRECTIVE","Q instructs or urges the reader directly."
"2212","0","Enjoy the show.","Enjoy the show.","","true","q_post_body","Q Directive","Q Directive","false","KEEP_Q_DIRECTIVE","Q instructs or urges the reader directly."
"2213","0","Think of context.","Think of context.","","true","q_post_body","Q Directive","Q Directive","false","KEEP_Q_DIRECTIVE","Q instructs or urges the reader directly."
"2219","0","Watch those announcing 2020 P running.","Watch those announcing 2020 P running.","","true","q_post_body","Q Directive","Q Directive","false","KEEP_Q_DIRECTIVE","Q instructs or urges the reader directly."
"2222","0","Consider the vastness of space.","Consider the vastness of space.","","true","q_post_body","Q Directive","Q Directive","false","KEEP_Q_DIRECTIVE","Q instructs or urges the reader directly."
"223","0","Expand your thinking.","Expand your thinking.","","true","q_post_body","Q Directive","Q Directive","false","KEEP_Q_DIRECTIVE","Q instructs or urges the reader directly."
"2230","0","Note IG involved.","Note IG involved.","","true","q_post_body","Q Directive","Q Directive","false","KEEP_Q_DIRECTIVE","Q instructs or urges the reader directly."
"2231","0","Correct, Anon.","Correct, Anon.","","true","q_post_body","Q Directive","Q Directive","false","KEEP_Q_DIRECTIVE","Q instructs or urges the reader directly."
"2234","0","Imagine the frustration if we weren't here communicating w/ you.","Imagine the frustration if we weren't here communicating w/ you.","","true","q_post_body","Q Directive","Q Directive","false","KEEP_Q_DIRECTIVE","Q instructs or urges the reader directly."
"2234","1","Let your VOICES BE HEARD.","Let your VOICES BE HEARD.","","true","q_post_body","Q Directive","Q Directive","false","KEEP_Q_DIRECTIVE","Q instructs or urges the reader directly."
"2235","0","God bless, Patriot.","God bless, Patriot.","","true","q_post_body","Q Directive","Removed from Q Directives","true","REMOVE_BLESSING_OR_VALEDICTION","A blessing, greeting or closing — it instructs no one."
"2239","0","See something","See something","","true","q_post_body","Q Directive","Q Directive","false","KEEP_Q_DIRECTIVE","Q instructs or urges the reader directly."
"2239","1","Say something","Say something","","true","q_post_body","Q Directive","Q Directive","false","KEEP_Q_DIRECTIVE","Q instructs or urges the reader directly."
"224","0","Expand your thinking.","Expand your thinking.","","true","q_post_body","Q Directive","Q Directive","false","KEEP_Q_DIRECTIVE","Q instructs or urges the reader directly."
"224","1","Re-read.","Re-read.","","true","q_post_body","Q Directive","Q Directive","false","KEEP_Q_DIRECTIVE","Q instructs or urges the reader directly."
"2248","0","Ask yourself, how would 'FOREIGN' Allies' KNOW what is within a US TOP SECRET FISA warrant?","Ask yourself, how would 'FOREIGN' Allies' KNOW what is within a US TOP SECRET FISA warrant?","","true","q_post_body","Q Directive","Q Directive","false","KEEP_Q_DIRECTIVE","Q instructs or urges the reader directly."
"2248","1","Ask yourself, why are [2] 'KEY' Allies' VERY CONCERNED re: DECLAS & RELEASE?","Ask yourself, why are [2] 'KEY' Allies' VERY CONCERNED re: DECLAS & RELEASE?","","true","q_post_body","Q Directive","Q Directive","false","KEEP_Q_DIRECTIVE","Q instructs or urges the reader directly."
"2249","0","Imagine the information being shared NOW out of FEAR.","Imagine the information being shared NOW out of FEAR.","","true","q_post_body","Q Directive","Q Directive","false","KEEP_Q_DIRECTIVE","Q instructs or urges the reader directly."
"225","0","Expand further.","Expand further.","","true","q_post_body","Q Directive","Q Directive","false","KEEP_Q_DIRECTIVE","Q instructs or urges the reader directly."
"225","1","Make the connection.","Make the connection.","","true","q_post_body","Q Directive","Q Directive","false","KEEP_Q_DIRECTIVE","Q instructs or urges the reader directly."
"225","2","Map currently has 43 confirmed connections.","Map currently has 43 confirmed connections.","","true","q_post_body","Q Directive","Q Directive","false","KEEP_Q_DIRECTIVE","Q instructs or urges the reader directly."
"2250","0","Read carefully - significant!","Read carefully - significant!","","true","q_post_body","Q Directive","Q Directive","false","KEEP_Q_DIRECTIVE","Q instructs or urges the reader directly."
"2251","0","THINK FAKE NEWS MEDIA ATTACKS!","THINK FAKE NEWS MEDIA ATTACKS!","","true","q_post_body","Q Directive","Q Directive","false","KEEP_Q_DIRECTIVE","Q instructs or urges the reader directly."
"2254","0","Remain CALM.","Remain CALM.","","true","q_post_body","Q Directive","Q Directive","false","KEEP_Q_DIRECTIVE","Q instructs or urges the reader directly."
"2255","0","Think PLAYBOOK.","Think PLAYBOOK.","","true","q_post_body","Q Directive","Q Directive","false","KEEP_Q_DIRECTIVE","Q instructs or urges the reader directly."
"2255","1","Think NYT article.","Think NYT article.","","true","q_post_body","Q Directive","Q Directive","false","KEEP_Q_DIRECTIVE","Q instructs or urges the reader directly."
"2255","2","Think [RR] meetings push.","Think [RR] meetings push.","","true","q_post_body","Q Directive","Q Directive","false","KEEP_Q_DIRECTIVE","Q instructs or urges the reader directly."
"226","0","Godspeed.","Godspeed.","","true","q_post_body","Q Directive","Removed from Q Directives","false","REMOVE_BLESSING_OR_VALEDICTION","A blessing, greeting or closing — it instructs no one."
"2263","0","ENJOY THE RALLY @ THE 'Q' TONIGHT!","ENJOY THE RALLY @ THE 'Q' TONIGHT!","","true","q_post_body","Q Directive","Q Directive","false","KEEP_Q_DIRECTIVE","Q instructs or urges the reader directly."
"2265","0","Think [Comey] memos.","Think [Comey] memos.","","true","q_post_body","Q Directive","Q Directive","false","KEEP_Q_DIRECTIVE","Q instructs or urges the reader directly."
"2269","0","Time to UNITE.","Time to UNITE.","","true","q_post_body","Q Directive","Q Directive","false","KEEP_Q_DIRECTIVE","Q instructs or urges the reader directly."
"2273","0","PREPARE FOR 'SKY IS FALLING' WEEK.","PREPARE FOR 'SKY IS FALLING' WEEK.","","true","q_post_body","Q Directive","Q Directive","false","KEEP_Q_DIRECTIVE","Q instructs or urges the reader directly."
"2274","0","TRUST GRASSLEY.","TRUST GRASSLEY.","","true","q_post_body","Q Directive","Q Directive","false","KEEP_Q_DIRECTIVE","Q instructs or urges the reader directly."
"2285","0","Think for yourself.","Think for yourself.","","true","q_post_body","Q Directive","Q Directive","false","KEEP_Q_DIRECTIVE","Q instructs or urges the reader directly."
"2285","1","Trust yourself.","Trust yourself.","","true","q_post_body","Q Directive","Q Directive","false","KEEP_Q_DIRECTIVE","Q instructs or urges the reader directly."
"2287","0","FIGHT!","FIGHT!","","true","q_post_body","Q Directive","Q Directive","false","KEEP_Q_DIRECTIVE","Q instructs or urges the reader directly."
"2291","0","Enjoy the show!","Enjoy the show!","","true","q_post_body","Q Directive","Q Directive","false","KEEP_Q_DIRECTIVE","Q instructs or urges the reader directly."
"2292","0","Have faith, Patriots.","Have faith, Patriots.","","true","q_post_body","Q Directive","Removed from Q Directives","true","REMOVE_STATEMENT_OR_HEADING","Religious, but declarative — a statement, slogan or label rather than an instruction."
"2295","0","Reconcile.","Reconcile.","","true","q_post_body","Q Directive","Q Directive","false","KEEP_Q_DIRECTIVE","Q instructs or urges the reader directly."
"2297","0","PREPARE.","PREPARE.","","true","q_post_body","Q Directive","Q Directive","false","KEEP_Q_DIRECTIVE","Q instructs or urges the reader directly."
"2298","0","DROP THE MEMES","DROP THE MEMES","","true","q_post_body","Q Directive","Q Directive","false","KEEP_Q_DIRECTIVE","Q instructs or urges the reader directly."
"2298","1","BE LOUD - YOU HAVE A VOICE","BE LOUD - YOU HAVE A VOICE","","true","q_post_body","Q Directive","Q Directive","false","KEEP_Q_DIRECTIVE","Q instructs or urges the reader directly."
"2298","2","VOTE THEM ALL OUT","VOTE THEM ALL OUT","","true","q_post_body","Q Directive","Q Directive","false","KEEP_Q_DIRECTIVE","Q instructs or urges the reader directly."
"2298","3","PREPARE","PREPARE","","true","q_post_body","Q Directive","Q Directive","false","KEEP_Q_DIRECTIVE","Q instructs or urges the reader directly."
"2298","4","EXPECT COMMS BLACKOUT ATTEMPT (POTUS TWITTER)","EXPECT COMMS BLACKOUT ATTEMPT (POTUS TWITTER)","","true","q_post_body","Q Directive","Q Directive","false","KEEP_Q_DIRECTIVE","Q instructs or urges the reader directly."
"2298","5","THE TIME TO FIGHT!!!!!!!!","THE TIME TO FIGHT!!!!!!!!","","true","q_post_body","Q Directive","Q Directive","false","KEEP_Q_DIRECTIVE","Q instructs or urges the reader directly."
"23","0","Note MI has the same SAPs as NSA, CIA etc as designated post 9-11.","Note MI has the same SAPs as NSA, CIA etc as designated post 9-11.","","true","q_post_body","Q Directive","Q Directive","false","KEEP_Q_DIRECTIVE","Q instructs or urges the reader directly."
"230","0","Test","Test","","true","q_post_body","Q Directive","Q Directive","false","KEEP_Q_DIRECTIVE","Q instructs or urges the reader directly."
"230","1","Test","Test","","true","q_post_body","Q Directive","Q Directive","false","KEEP_Q_DIRECTIVE","Q instructs or urges the reader directly."
"2300","0","Define 'Treason'.","Define 'Treason'.","","true","q_post_body","Q Directive","Q Directive","false","KEEP_Q_DIRECTIVE","Q instructs or urges the reader directly."
"2300","1","Define 'Subversion'.","Define 'Subversion'.","","true","q_post_body","Q Directive","Q Directive","false","KEEP_Q_DIRECTIVE","Q instructs or urges the reader directly."
"2300","2","Think line of questions re: Sen.","Think line of questions re: Sen.","","true","q_post_body","Q Directive","Q Directive","false","KEEP_Q_DIRECTIVE","Q instructs or urges the reader directly."
"2301","0","STAY TUNED AND WATCH!","STAY TUNED AND WATCH!","","true","q_post_body","Q Directive","Q Directive","false","KEEP_Q_DIRECTIVE","Q instructs or urges the reader directly."
"2305","0","Think NYC bomber 'fireworks' hours prior.","Think NYC bomber 'fireworks' hours prior.","","true","q_post_body","Q Directive","Q Directive","false","KEEP_Q_DIRECTIVE","Q instructs or urges the reader directly."
"2306","0","Think WHY.","Think WHY.","","true","q_post_body","Q Directive","Q Directive","false","KEEP_Q_DIRECTIVE","Q instructs or urges the reader directly."
"2309","0","Reconcile.","Reconcile.","","true","q_post_body","Q Directive","Q Directive","false","KEEP_Q_DIRECTIVE","Q instructs or urges the reader directly."
"231","0","Godspeed.","Godspeed.","","true","q_post_body","Q Directive","Removed from Q Directives","false","REMOVE_BLESSING_OR_VALEDICTION","A blessing, greeting or closing — it instructs no one."
"2312","0","God bless you, Patriot.","God bless you, Patriot.","","true","q_post_body","Q Directive","Removed from Q Directives","true","REMOVE_BLESSING_OR_VALEDICTION","A blessing, greeting or closing — it instructs no one."
"2314","0","Trust your fellow man.","Trust your fellow man.","","true","q_post_body","Q Directive","Q Directive","false","KEEP_Q_DIRECTIVE","Q instructs or urges the reader directly."
"2314","1","God bless you and your family.","God bless you and your family.","","true","q_post_body","Q Directive","Removed from Q Directives","true","REMOVE_BLESSING_OR_VALEDICTION","A blessing, greeting or closing — it instructs no one."
"2314","2","Allow us to carry this heavy burden.","Allow us to carry this heavy burden.","","true","q_post_body","Q Directive","Q Directive","false","KEEP_Q_DIRECTIVE","Q instructs or urges the reader directly."
"2321","0","Think GJ information.","Think GJ information.","","true","q_post_body","Q Directive","Q Directive","false","KEEP_Q_DIRECTIVE","Q instructs or urges the reader directly."
"2324","0","Enjoy the show!","Enjoy the show!","","true","q_post_body","Q Directive","Q Directive","false","KEEP_Q_DIRECTIVE","Q instructs or urges the reader directly."
"2326","0","Read carefully.","Read carefully.","","true","q_post_body","Q Directive","Q Directive","false","KEEP_Q_DIRECTIVE","Q instructs or urges the reader directly."
"2326","1","Follow the pattern.","Follow the pattern.","","true","q_post_body","Q Directive","Q Directive","false","KEEP_Q_DIRECTIVE","Q instructs or urges the reader directly."
"2327","0","Think DECLAS.","Think DECLAS.","","true","q_post_body","Q Directive","Q Directive","false","KEEP_Q_DIRECTIVE","Q instructs or urges the reader directly."
"2330","0","Read carefully.","Read carefully.","","true","q_post_body","Q Directive","Q Directive","false","KEEP_Q_DIRECTIVE","Q instructs or urges the reader directly."
"2332","0","Think DECLAS.","Think DECLAS.","","false","quoted_or_third_party","Q Directive","Removed from Q Directives","false","REMOVE_QUOTED_OR_THIRD_PARTY","The command belongs to an Anonymous post, article, letter, image or screenshot quoted by Q."
"234","0","Select people removed.","Select people removed.","","true","q_post_body","Q Directive","Q Directive","false","KEEP_Q_DIRECTIVE","Q instructs or urges the reader directly."
"234","1","Stay strong.","Stay strong.","","true","q_post_body","Q Directive","Q Directive","false","KEEP_Q_DIRECTIVE","Q instructs or urges the reader directly."
"234","2","Control / protection lost.","Control / protection lost.","","true","q_post_body","Q Directive","Q Directive","false","KEEP_Q_DIRECTIVE","Q instructs or urges the reader directly."
"235","0","Reconcile.","Reconcile.","","true","q_post_body","Q Directive","Q Directive","false","KEEP_Q_DIRECTIVE","Q instructs or urges the reader directly."
"2350","0","Post Justice K confirmation.","Post Justice K confirmation.","","true","q_post_body","Q Directive","Q Directive","false","KEEP_Q_DIRECTIVE","Q instructs or urges the reader directly."
"2350","1","Think UK / AUS >> RUSSIA RUSSIA RUSSIA","Think UK / AUS >> RUSSIA RUSSIA RUSSIA","","true","q_post_body","Q Directive","Q Directive","false","KEEP_Q_DIRECTIVE","Q instructs or urges the reader directly."
"2351","0","Look HERE [RUSSIA]","Look HERE [RUSSIA]","","true","q_post_body","Q Directive","Q Directive","false","KEEP_Q_DIRECTIVE","Q instructs or urges the reader directly."
"2351","1","DO NOT LOOK HERE [CHINA] https://www.youtube.com/watch?v=aeVrMniBjSc","DO NOT LOOK HERE [CHINA] https://www.youtube.com/watch?v=aeVrMniBjSc","","false","quoted_or_third_party","Q Directive","Removed from Q Directives","false","REMOVE_QUOTED_OR_THIRD_PARTY","The command belongs to an Anonymous post, article, letter, image or screenshot quoted by Q."
"2352","0","Research for yourself.","Research for yourself.","","true","q_post_body","Q Directive","Q Directive","false","KEEP_Q_DIRECTIVE","Q instructs or urges the reader directly."
"2352","1","Think for yourself.","Think for yourself.","","true","q_post_body","Q Directive","Q Directive","false","KEEP_Q_DIRECTIVE","Q instructs or urges the reader directly."
"2352","2","Trust yourself.","Trust yourself.","","true","q_post_body","Q Directive","Q Directive","false","KEEP_Q_DIRECTIVE","Q instructs or urges the reader directly."
"2352","3","Save the Republic!","Save the Republic!","","true","q_post_body","Q Directive","Q Directive","false","KEEP_Q_DIRECTIVE","Q instructs or urges the reader directly."
"2355","0","Celebrate - this means so much.","Celebrate - this means so much.","","true","q_post_body","Q Directive","Q Directive","false","KEEP_Q_DIRECTIVE","Q instructs or urges the reader directly."
"2355","1","God bless, Patriot.","God bless, Patriot.","","true","q_post_body","Q Directive","Removed from Q Directives","true","REMOVE_BLESSING_OR_VALEDICTION","A blessing, greeting or closing — it instructs no one."
"2357","0","CELEBRATE, PATRIOTS!!!","CELEBRATE, PATRIOTS!!!","","true","q_post_body","Q Directive","Q Directive","false","KEEP_Q_DIRECTIVE","Q instructs or urges the reader directly."
"2358","0","Expect this.","Expect this.","","true","q_post_body","Q Directive","Q Directive","false","KEEP_Q_DIRECTIVE","Q instructs or urges the reader directly."
"236","0","Focus on Hussein.","Focus on Hussein.","","true","q_post_body","Q Directive","Q Directive","false","KEEP_Q_DIRECTIVE","Q instructs or urges the reader directly."
"236","1","Follow the money pre-pres.","Follow the money pre-pres.","","true","q_post_body","Q Directive","Q Directive","false","KEEP_Q_DIRECTIVE","Q instructs or urges the reader directly."
"236","2","Follow the connections pre-pres.","Follow the connections pre-pres.","","true","q_post_body","Q Directive","Q Directive","false","KEEP_Q_DIRECTIVE","Q instructs or urges the reader directly."
"236","3","Think Asia.","Think Asia.","","true","q_post_body","Q Directive","Q Directive","false","KEEP_Q_DIRECTIVE","Q instructs or urges the reader directly."
"236","4","Think NK.","Think NK.","","true","q_post_body","Q Directive","Q Directive","false","KEEP_Q_DIRECTIVE","Q instructs or urges the reader directly."
"236","5","Reconcile.","Reconcile.","","true","q_post_body","Q Directive","Q Directive","false","KEEP_Q_DIRECTIVE","Q instructs or urges the reader directly."
"236","6","Define hostage.","Define hostage.","","true","q_post_body","Q Directive","Q Directive","false","KEEP_Q_DIRECTIVE","Q instructs or urges the reader directly."
"236","7","Define stages.","Define stages.","","true","q_post_body","Q Directive","Q Directive","false","KEEP_Q_DIRECTIVE","Q instructs or urges the reader directly."
"236","8","Define puppets.","Define puppets.","","true","q_post_body","Q Directive","Q Directive","false","KEEP_Q_DIRECTIVE","Q instructs or urges the reader directly."
"236","9","Define puppet handlers.","Define puppet handlers.","","true","q_post_body","Q Directive","Q Directive","false","KEEP_Q_DIRECTIVE","Q instructs or urges the reader directly."
"236","10","Define proxy war.","Define proxy war.","","true","q_post_body","Q Directive","Q Directive","false","KEEP_Q_DIRECTIVE","Q instructs or urges the reader directly."
"236","11","Define proxy war.","Define proxy war.","","true","q_post_body","Q Directive","Q Directive","false","KEEP_Q_DIRECTIVE","Q instructs or urges the reader directly."
"236","12","Define proxy war.","Define proxy war.","","true","q_post_body","Q Directive","Q Directive","false","KEEP_Q_DIRECTIVE","Q instructs or urges the reader directly."
"236","13","Expand your thinking.","Expand your thinking.","","true","q_post_body","Q Directive","Q Directive","false","KEEP_Q_DIRECTIVE","Q instructs or urges the reader directly."
"236","14","Think.","Think.","","true","q_post_body","Q Directive","Q Directive","false","KEEP_Q_DIRECTIVE","Q instructs or urges the reader directly."
"236","15","Think.","Think.","","true","q_post_body","Q Directive","Q Directive","false","KEEP_Q_DIRECTIVE","Q instructs or urges the reader directly."
"236","16","Have faith.","Have faith.","","true","q_post_body","Q Directive","Removed from Q Directives","true","REMOVE_STATEMENT_OR_HEADING","Religious, but declarative — a statement, slogan or label rather than an instruction."
"2361","0","THINK for yourself.","THINK for yourself.","","true","q_post_body","Q Directive","Q Directive","false","KEEP_Q_DIRECTIVE","Q instructs or urges the reader directly."
"2361","1","RESEARCH for yourself.","RESEARCH for yourself.","","true","q_post_body","Q Directive","Q Directive","false","KEEP_Q_DIRECTIVE","Q instructs or urges the reader directly."
"2361","2","TRUST yourself.","TRUST yourself.","","true","q_post_body","Q Directive","Q Directive","false","KEEP_Q_DIRECTIVE","Q instructs or urges the reader directly."
"2361","3","FIND THE TRUTH.","FIND THE TRUTH.","","true","q_post_body","Q Directive","Q Directive","false","KEEP_Q_DIRECTIVE","Q instructs or urges the reader directly."
"2361","4","DON'T BE A PAWN IN THEIR SICK GAME.","DON'T BE A PAWN IN THEIR SICK GAME.","","true","q_post_body","Q Directive","Q Directive","false","KEEP_Q_DIRECTIVE","Q instructs or urges the reader directly."
"2361","5","UNPLUG FROM FAKE NEWS [FALSE REALITY]","UNPLUG FROM FAKE NEWS [FALSE REALITY]","","true","q_post_body","Q Directive","Q Directive","false","KEEP_Q_DIRECTIVE","Q instructs or urges the reader directly."
"2367","0","Think Red Line.","Think Red Line.","","true","q_post_body","Q Directive","Q Directive","false","KEEP_Q_DIRECTIVE","Q instructs or urges the reader directly."
"2368","0","Think [HERD SHEEP].","Think [HERD SHEEP].","","true","q_post_body","Q Directive","Q Directive","false","KEEP_Q_DIRECTIVE","Q instructs or urges the reader directly."
"2368","1","Think 2/3rd Senate vote req to impeach [impossible].","Think 2/3rd Senate vote req to impeach [impossible].","","true","q_post_body","Q Directive","Q Directive","false","KEEP_Q_DIRECTIVE","Q instructs or urges the reader directly."
"2369","0","Define 'Projection'.","Define 'Projection'.","","true","q_post_body","Q Directive","Q Directive","false","KEEP_Q_DIRECTIVE","Q instructs or urges the reader directly."
"2375","0","Think GOOG+ / Gmail / etc.","Think GOOG+ / Gmail / etc.","","true","q_post_body","Q Directive","Q Directive","false","KEEP_Q_DIRECTIVE","Q instructs or urges the reader directly."
"2378","0","Look HERE [RUSSIA]","Look HERE [RUSSIA]","","true","q_post_body","Q Directive","Q Directive","false","KEEP_Q_DIRECTIVE","Q instructs or urges the reader directly."
"2378","1","DO NOT LOOK HERE [CHINA] https://www.youtube.com/watch?v=aeVrMniBjSc","DO NOT LOOK HERE [CHINA] https://www.youtube.com/watch?v=aeVrMniBjSc","","false","quoted_or_third_party","Q Directive","Removed from Q Directives","false","REMOVE_QUOTED_OR_THIRD_PARTY","The command belongs to an Anonymous post, article, letter, image or screenshot quoted by Q."
"2381","0","Think Federal Judge rulings [obstruction] [POTUS' granted CONSTITUTIONAL authority].","Think Federal Judge rulings [obstruction] [POTUS' granted CONSTITUTIONAL authority].","","true","q_post_body","Q Directive","Q Directive","false","KEEP_Q_DIRECTIVE","Q instructs or urges the reader directly."
"2381","1","Think Justice K (5 to 4).","Think Justice K (5 to 4).","","true","q_post_body","Q Directive","Q Directive","false","KEEP_Q_DIRECTIVE","Q instructs or urges the reader directly."
"2381","2","USE A STEALTH BOMBER","USE A STEALTH BOMBER","","true","q_post_body","Q Directive","Q Directive","false","KEEP_Q_DIRECTIVE","Q instructs or urges the reader directly."
"2382","0","Do not let them DIVIDE you.","Do not let them DIVIDE you.","","true","q_post_body","Q Directive","Q Directive","false","KEEP_Q_DIRECTIVE","Q instructs or urges the reader directly."
"2382","1","Re_read drops re: Polls https://www.oge.gov/web/oge.nsf/Resources/Political+Activities https://osc.gov/resources/ha%20pamphlet%20sept%202014.pdf","Re_read drops re: Polls https://www.oge.gov/web/oge.nsf/Resources/Political+Activities https://osc.gov/resources/ha%20pamphlet%20sept%202014.pdf","","false","quoted_or_third_party","Q Directive","Removed from Q Directives","false","REMOVE_QUOTED_OR_THIRD_PARTY","The command belongs to an Anonymous post, article, letter, image or screenshot quoted by Q."
"2382","2","Re_read drops re: Polls","Re_read drops re: Polls","","true","q_post_body","Q Directive","Q Directive","false","KEEP_Q_DIRECTIVE","Q instructs or urges the reader directly."
"2383","0","Think MSM attacks re: Q (We, the People).","Think MSM attacks re: Q (We, the People).","","true","q_post_body","Q Directive","Q Directive","false","KEEP_Q_DIRECTIVE","Q instructs or urges the reader directly."
"2386","0","Ask yourself a very simple question.","Ask yourself a very simple question.","","true","q_post_body","Q Directive","Q Directive","false","KEEP_Q_DIRECTIVE","Q instructs or urges the reader directly."
"2386","1","Fight, Fight, Fight!","Fight, Fight, Fight!","","true","q_post_body","Q Directive","Q Directive","false","KEEP_Q_DIRECTIVE","Q instructs or urges the reader directly."
"2386","2","Think Executive Branch / NSA / etc.","Think Executive Branch / NSA / etc.","","true","q_post_body","Q Directive","Q Directive","false","KEEP_Q_DIRECTIVE","Q instructs or urges the reader directly."
"2387","0","Re_read drops re: Memes","Re_read drops re: Memes","","true","q_post_body","Q Directive","Q Directive","false","KEEP_Q_DIRECTIVE","Q instructs or urges the reader directly."
"2389","0","Never forget.","Never forget.","","true","q_post_body","Q Directive","Q Directive","false","KEEP_Q_DIRECTIVE","Q instructs or urges the reader directly."
"2392","0","Cross reference 'blue' areas w/ illegal immigrant high pop zones.","Cross reference 'blue' areas w/ illegal immigrant high pop zones.","","true","q_post_body","Q Directive","Q Directive","false","KEEP_Q_DIRECTIVE","Q instructs or urges the reader directly."
"2393","0","God bless you, Patriots!","God bless you, Patriots!","","true","q_post_body","Q Directive","Removed from Q Directives","true","REMOVE_BLESSING_OR_VALEDICTION","A blessing, greeting or closing — it instructs no one."
"2395","0","Re_read drops re: MS13 https://twitter.com/RepMattGaetz/status/1052629557826736129","Re_read drops re: MS13 https://twitter.com/RepMattGaetz/status/1052629557826736129","","false","quoted_or_third_party","Q Directive","Removed from Q Directives","false","REMOVE_QUOTED_OR_THIRD_PARTY","The command belongs to an Anonymous post, article, letter, image or screenshot quoted by Q."
"2395","1","Re_read drops re: MS13","Re_read drops re: MS13","","true","q_post_body","Q Directive","Q Directive","false","KEEP_Q_DIRECTIVE","Q instructs or urges the reader directly."
"2397","0","Keep your eye on the ball.","Keep your eye on the ball.","","true","q_post_body","Q Directive","Q Directive","false","KEEP_Q_DIRECTIVE","Q instructs or urges the reader directly."
"2397","1","Remember, POTUS already ordered the DECLAS.","Remember, POTUS already ordered the DECLAS.","","true","q_post_body","Q Directive","Q Directive","false","KEEP_Q_DIRECTIVE","Q instructs or urges the reader directly."
"2397","2","USE A STEALTH BOMBER","USE A STEALTH BOMBER","","true","q_post_body","Q Directive","Q Directive","false","KEEP_Q_DIRECTIVE","Q instructs or urges the reader directly."
"2397","3","VOTE!","VOTE!","","true","q_post_body","Q Directive","Q Directive","false","KEEP_Q_DIRECTIVE","Q instructs or urges the reader directly."
"2397","4","VOTE!","VOTE!","","true","q_post_body","Q Directive","Q Directive","false","KEEP_Q_DIRECTIVE","Q instructs or urges the reader directly."
"2397","5","VOTE!","VOTE!","","true","q_post_body","Q Directive","Q Directive","false","KEEP_Q_DIRECTIVE","Q instructs or urges the reader directly."
"2398","0","Re_read drops re: Soros & taxpayer funding","Re_read drops re: Soros & taxpayer funding","","true","q_post_body","Q Directive","Q Directive","false","KEEP_Q_DIRECTIVE","Q instructs or urges the reader directly."
"2398","1","VOTE!","VOTE!","","true","q_post_body","Q Directive","Q Directive","false","KEEP_Q_DIRECTIVE","Q instructs or urges the reader directly."
"2398","2","VOTE!","VOTE!","","true","q_post_body","Q Directive","Q Directive","false","KEEP_Q_DIRECTIVE","Q instructs or urges the reader directly."
"2398","3","VOTE!","VOTE!","","true","q_post_body","Q Directive","Q Directive","false","KEEP_Q_DIRECTIVE","Q instructs or urges the reader directly."
"2400","0","Eyes on, VIP Patriot!","Eyes on, VIP Patriot!","","true","q_post_body","Q Directive","Q Directive","false","KEEP_Q_DIRECTIVE","Q instructs or urges the reader directly."
"2402","0","Eyes on, VIP Patriot!","Eyes on, VIP Patriot!","","true","q_post_body","Q Directive","Q Directive","false","KEEP_Q_DIRECTIVE","Q instructs or urges the reader directly."
"2403","0","Put on the full armor of God so that you can take your stand against the devil's schemes.","Put on the full armor of God so that you can take your stand against the devil's schemes.","","true","q_post_body","Q Directive","Removed from Q Directives","true","REMOVE_QUOTED_SCRIPTURE","Grammatically imperative, but the imperative belongs to quoted Bible text, not to Q."
"2403","1","Stand firm then, with the belt of truth buckled around your waist, with the breastplate of righteousness in place, and with your feet fitted with the readiness that comes from the gospel of peace.","Stand firm then, with the belt of truth buckled around your waist, with the breastplate of righteousness in place, and with your feet fitted with the readiness that comes from the gospel of peace.","","true","q_post_body","Q Directive","Removed from Q Directives","false","REMOVE_QUOTED_SCRIPTURE","Grammatically imperative, but the imperative belongs to quoted Bible text, not to Q."
"2403","2","Take the helmet of salvation and the sword of the Spirit, which is the word of God.","Take the helmet of salvation and the sword of the Spirit, which is the word of God.","","true","q_post_body","Q Directive","Removed from Q Directives","true","REMOVE_QUOTED_SCRIPTURE","Grammatically imperative, but the imperative belongs to quoted Bible text, not to Q."
"2404","0","Eyes on, VIP Patriots!","Eyes on, VIP Patriots!","","true","q_post_body","Q Directive","Q Directive","false","KEEP_Q_DIRECTIVE","Q instructs or urges the reader directly."
"2405","0","ALL HANDS ON DECK.","ALL HANDS ON DECK.","","true","q_post_body","Q Directive","Q Directive","false","KEEP_Q_DIRECTIVE","Q instructs or urges the reader directly."
"2406","0","Listen carefully - strategic speech to be used in the future.","Listen carefully - strategic speech to be used in the future.","","true","q_post_body","Q Directive","Q Directive","false","KEEP_Q_DIRECTIVE","Q instructs or urges the reader directly."
"241","0","Think.","Think.","","true","q_post_body","Q Directive","Q Directive","false","KEEP_Q_DIRECTIVE","Q instructs or urges the reader directly."
"2414","0","Eyes On, VIP Patriots!","Eyes On, VIP Patriots!","","true","q_post_body","Q Directive","Q Directive","false","KEEP_Q_DIRECTIVE","Q instructs or urges the reader directly."
"2415","0","Eyes On, Patriots!","Eyes On, Patriots!","","true","q_post_body","Q Directive","Q Directive","false","KEEP_Q_DIRECTIVE","Q instructs or urges the reader directly."
"2416","0","See Something","See Something","","true","q_post_body","Q Directive","Q Directive","false","KEEP_Q_DIRECTIVE","Q instructs or urges the reader directly."
"2416","1","See Something","See Something","","true","q_post_body","Q Directive","Q Directive","false","KEEP_Q_DIRECTIVE","Q instructs or urges the reader directly."
"2416","2","Say Something","Say Something","","true","q_post_body","Q Directive","Q Directive","false","KEEP_Q_DIRECTIVE","Q instructs or urges the reader directly."
"2418","0","VOTE!","VOTE!","","true","q_post_body","Q Directive","Q Directive","false","KEEP_Q_DIRECTIVE","Q instructs or urges the reader directly."
"2418","1","VOTE!","VOTE!","","true","q_post_body","Q Directive","Q Directive","false","KEEP_Q_DIRECTIVE","Q instructs or urges the reader directly."
"2418","2","VOTE!","VOTE!","","true","q_post_body","Q Directive","Q Directive","false","KEEP_Q_DIRECTIVE","Q instructs or urges the reader directly."
"242","0","Be here tomorrow.","Be here tomorrow.","","true","q_post_body","Q Directive","Q Directive","false","KEEP_Q_DIRECTIVE","Q instructs or urges the reader directly."
"2425","0","VOTE!","VOTE!","","true","q_post_body","Q Directive","Q Directive","false","KEEP_Q_DIRECTIVE","Q instructs or urges the reader directly."
"2425","1","VOTE!","VOTE!","","true","q_post_body","Q Directive","Q Directive","false","KEEP_Q_DIRECTIVE","Q instructs or urges the reader directly."
"2425","2","VOTE!","VOTE!","","true","q_post_body","Q Directive","Q Directive","false","KEEP_Q_DIRECTIVE","Q instructs or urges the reader directly."
"2425","3","VOTE!","VOTE!","","true","q_post_body","Q Directive","Q Directive","false","KEEP_Q_DIRECTIVE","Q instructs or urges the reader directly."
"2425","4","VOTE!","VOTE!","","true","q_post_body","Q Directive","Q Directive","false","KEEP_Q_DIRECTIVE","Q instructs or urges the reader directly."
"2425","5","VOTE!","VOTE!","","true","q_post_body","Q Directive","Q Directive","false","KEEP_Q_DIRECTIVE","Q instructs or urges the reader directly."
"2425","6","VOTE!","VOTE!","","true","q_post_body","Q Directive","Q Directive","false","KEEP_Q_DIRECTIVE","Q instructs or urges the reader directly."
"2425","7","VOTE!","VOTE!","","true","q_post_body","Q Directive","Q Directive","false","KEEP_Q_DIRECTIVE","Q instructs or urges the reader directly."
"2425","8","VOTE!","VOTE!","","true","q_post_body","Q Directive","Q Directive","false","KEEP_Q_DIRECTIVE","Q instructs or urges the reader directly."
"2429","0","Remain in the public light (safety).","Remain in the public light (safety).","","true","q_post_body","Q Directive","Q Directive","false","KEEP_Q_DIRECTIVE","Q instructs or urges the reader directly."
"243","0","List who will not be running for re_election.","List who will not be running for re_election.","","true","q_post_body","Q Directive","Q Directive","false","KEEP_Q_DIRECTIVE","Q instructs or urges the reader directly."
"243","1","Just wait until next week.","Just wait until next week.","","true","q_post_body","Q Directive","Q Directive","false","KEEP_Q_DIRECTIVE","Q instructs or urges the reader directly."
"2430","0","Eyes On, Patriots!","Eyes On, Patriots!","","true","q_post_body","Q Directive","Q Directive","false","KEEP_Q_DIRECTIVE","Q instructs or urges the reader directly."
"2434","0","Think Merkel.","Think Merkel.","","true","q_post_body","Q Directive","Q Directive","false","KEEP_Q_DIRECTIVE","Q instructs or urges the reader directly."
"2435","0","VOTE! & MEME!","VOTE! & MEME!","","true","q_post_body","Q Directive","Q Directive","false","KEEP_Q_DIRECTIVE","Q instructs or urges the reader directly."
"2435","1","VOTE! & MEME!","VOTE! & MEME!","","true","q_post_body","Q Directive","Q Directive","false","KEEP_Q_DIRECTIVE","Q instructs or urges the reader directly."
"2435","2","VOTE! & MEME!","VOTE! & MEME!","","true","q_post_body","Q Directive","Q Directive","false","KEEP_Q_DIRECTIVE","Q instructs or urges the reader directly."
"2436","0","Remember the battles of Lexington and Concord - ""Give Me Liberty or Give Me Death!""","Remember the battles of Lexington and Concord - ""Give Me Liberty or Give Me Death!""","","false","quoted_or_third_party","Q Directive","Removed from Q Directives","false","REMOVE_QUOTED_OR_THIRD_PARTY","The command belongs to an Anonymous post, article, letter, image or screenshot quoted by Q."
"2436","1","GOD BLESS AMERICA.","GOD BLESS AMERICA.","","true","q_post_body","Q Directive","Removed from Q Directives","true","REMOVE_BLESSING_OR_VALEDICTION","A blessing, greeting or closing — it instructs no one."
"2436","2","WE MUST RISE AGAIN.","WE MUST RISE AGAIN.","","true","q_post_body","Q Directive","Q Directive","false","KEEP_Q_DIRECTIVE","Q instructs or urges the reader directly."
"2436","3","WE MUST UNITE AGAIN.","WE MUST UNITE AGAIN.","","true","q_post_body","Q Directive","Q Directive","false","KEEP_Q_DIRECTIVE","Q instructs or urges the reader directly."
"2436","4","WE MUST FIGHT AGAIN.","WE MUST FIGHT AGAIN.","","true","q_post_body","Q Directive","Q Directive","false","KEEP_Q_DIRECTIVE","Q instructs or urges the reader directly."
"2437","0","SHOW YOUR LOVE OF COUNTRY BY VOTING TODAY.","SHOW YOUR LOVE OF COUNTRY BY VOTING TODAY.","","true","q_post_body","Q Directive","Q Directive","false","KEEP_Q_DIRECTIVE","Q instructs or urges the reader directly."
"2437","1","RETURN POWER TO THE PEOPLE.","RETURN POWER TO THE PEOPLE.","","true","q_post_body","Q Directive","Q Directive","false","KEEP_Q_DIRECTIVE","Q instructs or urges the reader directly."
"2437","2","RETURN OLD GLORY TO HER FORMER STATE.","RETURN OLD GLORY TO HER FORMER STATE.","","true","q_post_body","Q Directive","Q Directive","false","KEEP_Q_DIRECTIVE","Q instructs or urges the reader directly."
"2437","3","VOTE!","VOTE!","","true","q_post_body","Q Directive","Q Directive","false","KEEP_Q_DIRECTIVE","Q instructs or urges the reader directly."
"2437","4","VOTE!","VOTE!","","true","q_post_body","Q Directive","Q Directive","false","KEEP_Q_DIRECTIVE","Q instructs or urges the reader directly."
"2437","5","VOTE!","VOTE!","","true","q_post_body","Q Directive","Q Directive","false","KEEP_Q_DIRECTIVE","Q instructs or urges the reader directly."
"2439","0","Protect the VOTE!","Protect the VOTE!","","true","q_post_body","Q Directive","Q Directive","false","KEEP_Q_DIRECTIVE","Q instructs or urges the reader directly."
"244","0","God bless.","God bless.","","true","q_post_body","Q Directive","Removed from Q Directives","true","REMOVE_BLESSING_OR_VALEDICTION","A blessing, greeting or closing — it instructs no one."
"2440","0","BE PROUD, PATRIOTS.","BE PROUD, PATRIOTS.","","true","q_post_body","Q Directive","Q Directive","false","KEEP_Q_DIRECTIVE","Q instructs or urges the reader directly."
"2444","0","Think Judges (SC) & Cabinet.","Think Judges (SC) & Cabinet.","","true","q_post_body","Q Directive","Q Directive","false","KEEP_Q_DIRECTIVE","Q instructs or urges the reader directly."
"2445","0","TRUST GRASSLEY","TRUST GRASSLEY","","true","q_post_body","Q Directive","Q Directive","false","KEEP_Q_DIRECTIVE","Q instructs or urges the reader directly."
"2448","0","Think logically.","Think logically.","","true","q_post_body","Q Directive","Q Directive","false","KEEP_Q_DIRECTIVE","Q instructs or urges the reader directly."
"2448","1","Buckle up.","Buckle up.","","true","q_post_body","Q Directive","Q Directive","false","KEEP_Q_DIRECTIVE","Q instructs or urges the reader directly."
"2453","0","Enjoy the show!","Enjoy the show!","","true","q_post_body","Q Directive","Q Directive","false","KEEP_Q_DIRECTIVE","Q instructs or urges the reader directly."
"2459","0","Imagine if the new acting AG now releases all previously 'blocked' doc requests by the House (including the [RR] secondary CLAS scope doc).","Imagine if the new acting AG now releases all previously 'blocked' doc requests by the House (including the [RR] secondary CLAS scope doc).","","true","q_post_body","Q Directive","Q Directive","false","KEEP_Q_DIRECTIVE","Q instructs or urges the reader directly."
"2467","0","Expand your thinking.","Expand your thinking.","","true","q_post_body","Q Directive","Q Directive","false","KEEP_Q_DIRECTIVE","Q instructs or urges the reader directly."
"2468","0","Think Whitaker.","Think Whitaker.","","true","q_post_body","Q Directive","Q Directive","false","KEEP_Q_DIRECTIVE","Q instructs or urges the reader directly."
"2468","1","CONTROL = POWER","CONTROL = POWER","","true","q_post_body","Q Directive","Q Directive","false","KEEP_Q_DIRECTIVE","Q instructs or urges the reader directly."
"247","0","Focus on the date.","Focus on the date.","","true","q_post_body","Q Directive","Q Directive","false","KEEP_Q_DIRECTIVE","Q instructs or urges the reader directly."
"247","1","Follow the wives.","Follow the wives.","","true","q_post_body","Q Directive","Q Directive","false","KEEP_Q_DIRECTIVE","Q instructs or urges the reader directly."
"247","2","Keep watching the news this week.","Keep watching the news this week.","","true","q_post_body","Q Directive","Q Directive","false","KEEP_Q_DIRECTIVE","Q instructs or urges the reader directly."
"247","3","Re-read crumbs.","Re-read crumbs.","","true","q_post_body","Q Directive","Q Directive","false","KEEP_Q_DIRECTIVE","Q instructs or urges the reader directly."
"247","4","Think HRC emails, Weiner laptop, etc.","Think HRC emails, Weiner laptop, etc.","","true","q_post_body","Q Directive","Q Directive","false","KEEP_Q_DIRECTIVE","Q instructs or urges the reader directly."
"2471","0","Expand further.","Expand further.","","true","q_post_body","Q Directive","Q Directive","false","KEEP_Q_DIRECTIVE","Q instructs or urges the reader directly."
"2474","0","FIGHT!","FIGHT!","","true","q_post_body","Q Directive","Q Directive","false","KEEP_Q_DIRECTIVE","Q instructs or urges the reader directly."
"2476","0","Dig deeper!","Dig deeper!","","true","q_post_body","Q Directive","Q Directive","false","KEEP_Q_DIRECTIVE","Q instructs or urges the reader directly."
"2476","1","Re_read drops re: Gmail + Xbox / PS comms","Re_read drops re: Gmail + Xbox / PS comms","","true","q_post_body","Q Directive","Q Directive","false","KEEP_Q_DIRECTIVE","Q instructs or urges the reader directly."
"2478","0","Let the unsealing begin.","Let the unsealing begin.","","true","q_post_body","Q Directive","Q Directive","false","KEEP_Q_DIRECTIVE","Q instructs or urges the reader directly."
"2478","1","Let the DEC[L]AS begin.","Let the DEC[L]AS begin.","","true","q_post_body","Q Directive","Q Directive","false","KEEP_Q_DIRECTIVE","Q instructs or urges the reader directly."
"2478","2","Let the WORLD witness the TRUTH.","Let the WORLD witness the TRUTH.","","true","q_post_body","Q Directive","Q Directive","false","KEEP_Q_DIRECTIVE","Q instructs or urges the reader directly."
"249","0","Expand your thinking.","Expand your thinking.","","true","q_post_body","Q Directive","Q Directive","false","KEEP_Q_DIRECTIVE","Q instructs or urges the reader directly."
"2498","0","Think D5.","Think D5.","","true","q_post_body","Q Directive","Q Directive","false","KEEP_Q_DIRECTIVE","Q instructs or urges the reader directly."
"2499","0","Think timing of Tweet (above) v last drops [HouseOfCards] re: Maggie NYT re: WL 'Maggie' drops re: WL attack re: 'Q'","Think timing of Tweet (above) v last drops [HouseOfCards] re: Maggie NYT re: WL 'Maggie' drops re: WL attack re: 'Q'","","true","q_post_body","Q Directive","Q Directive","false","KEEP_Q_DIRECTIVE","Q instructs or urges the reader directly."
"2499","1","See something.","See something.","","true","q_post_body","Q Directive","Q Directive","false","KEEP_Q_DIRECTIVE","Q instructs or urges the reader directly."
"2499","2","Be 'extremely' vigilant in Dec.","Be 'extremely' vigilant in Dec.","","true","q_post_body","Q Directive","Q Directive","false","KEEP_Q_DIRECTIVE","Q instructs or urges the reader directly."
"2499","3","Say something.","Say something.","","true","q_post_body","Q Directive","Q Directive","false","KEEP_Q_DIRECTIVE","Q instructs or urges the reader directly."
"25","0","Follow up to last post.","Follow up to last post.","","true","q_post_body","Q Directive","Q Directive","false","KEEP_Q_DIRECTIVE","Q instructs or urges the reader directly."
"25","1","Return to comments re: Pelosi and John M (some of us refuse to say his last name for a reason).","Return to comments re: Pelosi and John M (some of us refuse to say his last name for a reason).","","false","quoted_or_third_party","Q Directive","Removed from Q Directives","false","REMOVE_QUOTED_OR_THIRD_PARTY","The command belongs to an Anonymous post, article, letter, image or screenshot quoted by Q."
"25","2","Keep up the good fight.","Keep up the good fight.","","true","q_post_body","Q Directive","Q Directive","false","KEEP_Q_DIRECTIVE","Q instructs or urges the reader directly."
"25","3","God bless.","God bless.","","true","q_post_body","Q Directive","Removed from Q Directives","true","REMOVE_BLESSING_OR_VALEDICTION","A blessing, greeting or closing — it instructs no one."
"2500","0","Re_read drops re: WARNINGS https://www.washingtonpost.com/politics/new-book-by-trump-advisers-calls-out-the-presidents-embedded-enemies/2018/11/24/afcbd0fc-ede3-11e8-baac-2a674e91502b_story.html?utm_term=.80e6d1b24752","Re_read drops re: WARNINGS https://www.washingtonpost.com/politics/new-book-by-trump-advisers-calls-out-the-presidents-embedded-enemies/2018/11/24/afcbd0fc-ede3-11e8-baac-2a674e91502b_story.html?utm_term=.80e6d1b24752","","false","quoted_or_third_party","Q Directive","Removed from Q Directives","false","REMOVE_QUOTED_OR_THIRD_PARTY","The command belongs to an Anonymous post, article, letter, image or screenshot quoted by Q."
"2500","1","Re_read drops re: WARNINGS","Re_read drops re: WARNINGS","","true","q_post_body","Q Directive","Q Directive","false","KEEP_Q_DIRECTIVE","Q instructs or urges the reader directly."
"2501","0","List advantages.","List advantages.","","true","q_post_body","Q Directive","Q Directive","false","KEEP_Q_DIRECTIVE","Q instructs or urges the reader directly."
"2501","1","List advantages.","List advantages.","","true","q_post_body","Q Directive","Q Directive","false","KEEP_Q_DIRECTIVE","Q instructs or urges the reader directly."
"2504","0","Think timing.","Think timing.","","true","q_post_body","Q Directive","Q Directive","false","KEEP_Q_DIRECTIVE","Q instructs or urges the reader directly."
"2504","1","Think Senate lock.","Think Senate lock.","","true","q_post_body","Q Directive","Q Directive","false","KEEP_Q_DIRECTIVE","Q instructs or urges the reader directly."
"2504","2","Think SC lock.","Think SC lock.","","true","q_post_body","Q Directive","Q Directive","false","KEEP_Q_DIRECTIVE","Q instructs or urges the reader directly."
"2507","0","NO FURTHER DETAILS SHOULD BE RELEASED [WARNING]","NO FURTHER DETAILS SHOULD BE RELEASED [WARNING]","","true","q_post_body","Q Directive","Q Directive","false","KEEP_Q_DIRECTIVE","Q instructs or urges the reader directly."
"2509","0","Do the math.","Do the math.","","true","q_post_body","Q Directive","Q Directive","false","KEEP_Q_DIRECTIVE","Q instructs or urges the reader directly."
"251","0","Focus on Hussein AIDS Video.","Focus on Hussein AIDS Video.","","true","q_post_body","Q Directive","Q Directive","false","KEEP_Q_DIRECTIVE","Q instructs or urges the reader directly."
"251","1","Cross reference.","Cross reference.","","true","q_post_body","Q Directive","Q Directive","false","KEEP_Q_DIRECTIVE","Q instructs or urges the reader directly."
"251","2","Learn to decider.","Learn to decider.","","true","q_post_body","Q Directive","Q Directive","false","KEEP_Q_DIRECTIVE","Q instructs or urges the reader directly."
"251","3","Find the keystone.","Find the keystone.","","true","q_post_body","Q Directive","Q Directive","false","KEEP_Q_DIRECTIVE","Q instructs or urges the reader directly."
"2510","0","Do the math.","Do the math.","","true","q_post_body","Q Directive","Q Directive","false","KEEP_Q_DIRECTIVE","Q instructs or urges the reader directly."
"2514","0","Enjoy the show.","Enjoy the show.","","true","q_post_body","Q Directive","Q Directive","false","KEEP_Q_DIRECTIVE","Q instructs or urges the reader directly."
"2516","0","Watch the news.","Watch the news.","","true","q_post_body","Q Directive","Q Directive","false","KEEP_Q_DIRECTIVE","Q instructs or urges the reader directly."
"252","0","Think AIDS.","Think AIDS.","","true","q_post_body","Q Directive","Q Directive","false","KEEP_Q_DIRECTIVE","Q instructs or urges the reader directly."
"2523","0","Define 'Treason'","Define 'Treason'","","true","q_post_body","Q Directive","Q Directive","false","KEEP_Q_DIRECTIVE","Q instructs or urges the reader directly."
"2524","0","Think multiple meanings.","Think multiple meanings.","","true","q_post_body","Q Directive","Q Directive","false","KEEP_Q_DIRECTIVE","Q instructs or urges the reader directly."
"2524","1","Learn our comms.","Learn our comms.","","true","q_post_body","Q Directive","Q Directive","false","KEEP_Q_DIRECTIVE","Q instructs or urges the reader directly."
"2527","0","Think WAVES.","Think WAVES.","","true","q_post_body","Q Directive","Q Directive","false","KEEP_Q_DIRECTIVE","Q instructs or urges the reader directly."
"2527","1","Define 'unified'","Define 'unified'","","true","q_post_body","Q Directive","Q Directive","false","KEEP_Q_DIRECTIVE","Q instructs or urges the reader directly."
"2528","0","Think Fake News attacks [2nd only to POTUS himself].","Think Fake News attacks [2nd only to POTUS himself].","","true","q_post_body","Q Directive","Q Directive","false","KEEP_Q_DIRECTIVE","Q instructs or urges the reader directly."
"2528","1","Trust yourself.","Trust yourself.","","true","q_post_body","Q Directive","Q Directive","false","KEEP_Q_DIRECTIVE","Q instructs or urges the reader directly."
"2528","2","Think for yourself.","Think for yourself.","","true","q_post_body","Q Directive","Q Directive","false","KEEP_Q_DIRECTIVE","Q instructs or urges the reader directly."
"2528","3","Open your heart and your mind.","Open your heart and your mind.","","true","q_post_body","Q Directive","Q Directive","false","KEEP_Q_DIRECTIVE","Q instructs or urges the reader directly."
"2529","0","Do not mistake silence for size.","Do not mistake silence for size.","","true","q_post_body","Q Directive","Q Directive","false","KEEP_Q_DIRECTIVE","Q instructs or urges the reader directly."
"2529","1","God bless, Patriot.","God bless, Patriot.","","true","q_post_body","Q Directive","Removed from Q Directives","true","REMOVE_BLESSING_OR_VALEDICTION","A blessing, greeting or closing — it instructs no one."
"2534","0","Ask yourself a very simple question, why is there a total & complete MSM blackout re: France, Belgium, Germany, EU riots etc?","Ask yourself a very simple question, why is there a total & complete MSM blackout re: France, Belgium, Germany, EU riots etc?","","true","q_post_body","Q Directive","Q Directive","false","KEEP_Q_DIRECTIVE","Q instructs or urges the reader directly."
"2536","0","Be proud!","Be proud!","","true","q_post_body","Q Directive","Q Directive","false","KEEP_Q_DIRECTIVE","Q instructs or urges the reader directly."
"254","0","Expand your thinking.","Expand your thinking.","","true","q_post_body","Q Directive","Q Directive","false","KEEP_Q_DIRECTIVE","Q instructs or urges the reader directly."
"2540","0","Please allow us to counter.","Please allow us to counter.","","true","q_post_body","Q Directive","Q Directive","false","KEEP_Q_DIRECTIVE","Q instructs or urges the reader directly."
"2546","0","Watch the News.","Watch the News.","","true","q_post_body","Q Directive","Q Directive","false","KEEP_Q_DIRECTIVE","Q instructs or urges the reader directly."
"2546","1","Watch the FBI.","Watch the FBI.","","true","q_post_body","Q Directive","Q Directive","false","KEEP_Q_DIRECTIVE","Q instructs or urges the reader directly."
"2546","2","Watch the DOJ.","Watch the DOJ.","","true","q_post_body","Q Directive","Q Directive","false","KEEP_Q_DIRECTIVE","Q instructs or urges the reader directly."
"2547","0","Focus: 41","Focus: 41","","true","q_post_body","Q Directive","Q Directive","false","KEEP_Q_DIRECTIVE","Q instructs or urges the reader directly."
"2548","0","Think No Name.","Think No Name.","","true","q_post_body","Q Directive","Q Directive","false","KEEP_Q_DIRECTIVE","Q instructs or urges the reader directly."
"2549","0","Think ABC agency.","Think ABC agency.","","true","q_post_body","Q Directive","Q Directive","false","KEEP_Q_DIRECTIVE","Q instructs or urges the reader directly."
"255","0","Learn to read the map.","Learn to read the map.","","true","q_post_body","Q Directive","Q Directive","false","KEEP_Q_DIRECTIVE","Q instructs or urges the reader directly."
"2550","0","Attention On Deck!","Attention On Deck!","","true","q_post_body","Q Directive","Q Directive","false","KEEP_Q_DIRECTIVE","Q instructs or urges the reader directly."
"2552","0","Follow the names on the list provided [update].","Follow the names on the list provided [update].","","true","q_post_body","Q Directive","Q Directive","false","KEEP_Q_DIRECTIVE","Q instructs or urges the reader directly."
"2554","0","Move and countermoves.","Move and countermoves.","","true","q_post_body","Q Directive","Q Directive","false","KEEP_Q_DIRECTIVE","Q instructs or urges the reader directly."
"2554","1","See something.","See something.","","true","q_post_body","Q Directive","Q Directive","false","KEEP_Q_DIRECTIVE","Q instructs or urges the reader directly."
"2554","2","Say something.","Say something.","","true","q_post_body","Q Directive","Q Directive","false","KEEP_Q_DIRECTIVE","Q instructs or urges the reader directly."
"2559","0","Define 'PROJECTION'.","Define 'PROJECTION'.","","true","q_post_body","Q Directive","Q Directive","false","KEEP_Q_DIRECTIVE","Q instructs or urges the reader directly."
"256","0","Analyze the connection.","Analyze the connection.","","true","q_post_body","Q Directive","Q Directive","false","KEEP_Q_DIRECTIVE","Q instructs or urges the reader directly."
"256","1","Learn to read the map.","Learn to read the map.","","true","q_post_body","Q Directive","Q Directive","false","KEEP_Q_DIRECTIVE","Q instructs or urges the reader directly."
"2560","0","Read carefully.","Read carefully.","","true","q_post_body","Q Directive","Q Directive","false","KEEP_Q_DIRECTIVE","Q instructs or urges the reader directly."
"2562","0","COME[Y]","COME[Y]","","true","q_post_body","Q Directive","Q Directive","false","KEEP_Q_DIRECTIVE","Q instructs or urges the reader directly."
"2567","0",">Add multiple layers of 'coincidences' which mathematically proves legitimacy (standard deviation)<",">Add multiple layers of 'coincidences' which mathematically proves legitimacy (standard deviation)<","","false","quoted_or_third_party","Q Directive","Removed from Q Directives","false","REMOVE_QUOTED_OR_THIRD_PARTY","The command belongs to an Anonymous post, article, letter, image or screenshot quoted by Q."
"2568","0","Define 'Projection'.","Define 'Projection'.","","true","q_post_body","Q Directive","Q Directive","false","KEEP_Q_DIRECTIVE","Q instructs or urges the reader directly."
"2568","1","Define 'Getting Ahead of the Story'.","Define 'Getting Ahead of the Story'.","","true","q_post_body","Q Directive","Q Directive","false","KEEP_Q_DIRECTIVE","Q instructs or urges the reader directly."
"2568","2","ADD BRENNAN TO GRAPHIC AND UPDATE.","ADD BRENNAN TO GRAPHIC AND UPDATE.","","true","q_post_body","Q Directive","Q Directive","false","KEEP_Q_DIRECTIVE","Q instructs or urges the reader directly."
"2572","0","Do not let them DIVIDE you.","Do not let them DIVIDE you.","","true","q_post_body","Q Directive","Q Directive","false","KEEP_Q_DIRECTIVE","Q instructs or urges the reader directly."
"2578","0","Keep the faith, Patriot.","Keep the faith, Patriot.","","true","q_post_body","Q Directive","Q Directive","true","KEEP_Q_DIRECTIVE","Q instructs or urges the reader directly."
"258","0","Decode.","Decode.","","true","q_post_body","Q Directive","Q Directive","false","KEEP_Q_DIRECTIVE","Q instructs or urges the reader directly."
"258","1","Pray.","Pray.","","true","q_post_body","Q Directive","Q Directive + Religion & Spirituality","true","KEEP_DIRECTIVE_AND_RELIGIOUS_THEME","Q-authored religious command. Stays a Directive AND belongs to Religion & Spirituality."
"2581","0","Read carefully.","Read carefully.","","true","q_post_body","Q Directive","Q Directive","false","KEEP_Q_DIRECTIVE","Q instructs or urges the reader directly."
"2581","1","Name IDEN Public > FBI 'intrusion' > Lawsuit > Response to Lawsuit > Public Reveal (otherwise sealed?)","Name IDEN Public > FBI 'intrusion' > Lawsuit > Response to Lawsuit > Public Reveal (otherwise sealed?)","","true","q_post_body","Q Directive","Q Directive","false","KEEP_Q_DIRECTIVE","Q instructs or urges the reader directly."
"2582","0","Learn the Constitution re: vested powers of POTUS re: matters of NAT SEC.","Learn the Constitution re: vested powers of POTUS re: matters of NAT SEC.","","false","quoted_or_third_party","Q Directive","Removed from Q Directives","false","REMOVE_QUOTED_OR_THIRD_PARTY","The command belongs to an Anonymous post, article, letter, image or screenshot quoted by Q."
"2583","0","Think Graham KAV exchange.","Think Graham KAV exchange.","","true","q_post_body","Q Directive","Q Directive","false","KEEP_Q_DIRECTIVE","Q instructs or urges the reader directly."
"2587","0","Start a FIRE.","Start a FIRE.","","true","q_post_body","Q Directive","Q Directive","false","KEEP_Q_DIRECTIVE","Q instructs or urges the reader directly."
"2588","0","Follow the money.","Follow the money.","","true","q_post_body","Q Directive","Q Directive","false","KEEP_Q_DIRECTIVE","Q instructs or urges the reader directly."
"2593","0","Think Green/Red Castle.","Think Green/Red Castle.","","true","q_post_body","Q Directive","Q Directive","false","KEEP_Q_DIRECTIVE","Q instructs or urges the reader directly."
"2593","1","Think MIL.","Think MIL.","","true","q_post_body","Q Directive","Q Directive","false","KEEP_Q_DIRECTIVE","Q instructs or urges the reader directly."
"2594","0","Define 'pecking' [animals].","Define 'pecking' [animals].","","true","q_post_body","Q Directive","Q Directive","false","KEEP_Q_DIRECTIVE","Q instructs or urges the reader directly."
"2595","0","Think 'Elf on the Shelf'.","Think 'Elf on the Shelf'.","","true","q_post_body","Q Directive","Q Directive","false","KEEP_Q_DIRECTIVE","Q instructs or urges the reader directly."
"2596","0","NEVER STOP FIGHTING!","NEVER STOP FIGHTING!","","true","q_post_body","Q Directive","Q Directive","false","KEEP_Q_DIRECTIVE","Q instructs or urges the reader directly."
"2599","0","Think POTUS Tweet re: PEPE","Think POTUS Tweet re: PEPE","","true","q_post_body","Q Directive","Q Directive","false","KEEP_Q_DIRECTIVE","Q instructs or urges the reader directly."
"26","0","Think about it logically.","Think about it logically.","","true","q_post_body","Q Directive","Q Directive","false","KEEP_Q_DIRECTIVE","Q instructs or urges the reader directly."
"26","1","Save & spread (once 11.3 verifies as 1st marker).","Save & spread (once 11.3 verifies as 1st marker).","","true","q_post_body","Q Directive","Q Directive","false","KEEP_Q_DIRECTIVE","Q instructs or urges the reader directly."
"2604","0","Use Logic.","Use Logic.","","true","q_post_body","Q Directive","Q Directive","false","KEEP_Q_DIRECTIVE","Q instructs or urges the reader directly."
"2604","1","Think for yourself.","Think for yourself.","","true","q_post_body","Q Directive","Q Directive","false","KEEP_Q_DIRECTIVE","Q instructs or urges the reader directly."
"2604","2","Trust yourself.","Trust yourself.","","true","q_post_body","Q Directive","Q Directive","false","KEEP_Q_DIRECTIVE","Q instructs or urges the reader directly."
"2604","3","Research for yourself.","Research for yourself.","","true","q_post_body","Q Directive","Q Directive","false","KEEP_Q_DIRECTIVE","Q instructs or urges the reader directly."
"2604","4","NEVER let someone else DRIVE YOU.","NEVER let someone else DRIVE YOU.","","true","q_post_body","Q Directive","Q Directive","false","KEEP_Q_DIRECTIVE","Q instructs or urges the reader directly."
"2604","5","Be in control of yourself.","Be in control of yourself.","","true","q_post_body","Q Directive","Q Directive","false","KEEP_Q_DIRECTIVE","Q instructs or urges the reader directly."
"262","0","Analyze.","Analyze.","","true","q_post_body","Q Directive","Q Directive","false","KEEP_Q_DIRECTIVE","Q instructs or urges the reader directly."
"262","1","Think circle.","Think circle.","","true","q_post_body","Q Directive","Q Directive","false","KEEP_Q_DIRECTIVE","Q instructs or urges the reader directly."
"262","2","Expand your thinking.","Expand your thinking.","","true","q_post_body","Q Directive","Q Directive","false","KEEP_Q_DIRECTIVE","Q instructs or urges the reader directly."
"262","3","Take multiple paths.","Take multiple paths.","","true","q_post_body","Q Directive","Q Directive","false","KEEP_Q_DIRECTIVE","Q instructs or urges the reader directly."
"262","4","Learn to read the map.","Learn to read the map.","","true","q_post_body","Q Directive","Q Directive","false","KEEP_Q_DIRECTIVE","Q instructs or urges the reader directly."
"262","5","Find the keystone.","Find the keystone.","","true","q_post_body","Q Directive","Q Directive","false","KEEP_Q_DIRECTIVE","Q instructs or urges the reader directly."
"2623","0","Monitor funding.","Monitor funding.","","true","q_post_body","Q Directive","Q Directive","false","KEEP_Q_DIRECTIVE","Q instructs or urges the reader directly."
"2628","0","Listen very carefully.","Listen very carefully.","","true","q_post_body","Q Directive","Q Directive","false","KEEP_Q_DIRECTIVE","Q instructs or urges the reader directly."
"2630","0","Think DECLAS.","Think DECLAS.","","true","q_post_body","Q Directive","Q Directive","false","KEEP_Q_DIRECTIVE","Q instructs or urges the reader directly."
"2630","1","Think SC.","Think SC.","","true","q_post_body","Q Directive","Q Directive","false","KEEP_Q_DIRECTIVE","Q instructs or urges the reader directly."
"2633","0","Drop Dec 22 2017:","Drop Dec 22 2017:","","true","q_post_body","Q Directive","Q Directive","false","KEEP_Q_DIRECTIVE","Q instructs or urges the reader directly."
"2639","0","Compare & Contrast.","Compare & Contrast.","","true","q_post_body","Q Directive","Q Directive","false","KEEP_Q_DIRECTIVE","Q instructs or urges the reader directly."
"264","0","God bless, Patriots.","God bless, Patriots.","","true","q_post_body","Q Directive","Removed from Q Directives","true","REMOVE_BLESSING_OR_VALEDICTION","A blessing, greeting or closing — it instructs no one."
"2640","0","Think DOJ.","Think DOJ.","","true","q_post_body","Q Directive","Q Directive","false","KEEP_Q_DIRECTIVE","Q instructs or urges the reader directly."
"2640","1","Think FBI.","Think FBI.","","true","q_post_body","Q Directive","Q Directive","false","KEEP_Q_DIRECTIVE","Q instructs or urges the reader directly."
"2640","2","Think C_A.","Think C_A.","","true","q_post_body","Q Directive","Q Directive","false","KEEP_Q_DIRECTIVE","Q instructs or urges the reader directly."
"2640","3","Think NAT SEC.","Think NAT SEC.","","true","q_post_body","Q Directive","Q Directive","false","KEEP_Q_DIRECTIVE","Q instructs or urges the reader directly."
"2640","4","EYES ON TARGET.","EYES ON TARGET.","","true","q_post_body","Q Directive","Q Directive","false","KEEP_Q_DIRECTIVE","Q instructs or urges the reader directly."
"2642","0","Research for yourself.","Research for yourself.","","true","q_post_body","Q Directive","Q Directive","false","KEEP_Q_DIRECTIVE","Q instructs or urges the reader directly."
"2643","0","Re_read Re: [MUELLER] designed to….","Re_read Re: [MUELLER] designed to….","","true","q_post_body","Q Directive","Q Directive","false","KEEP_Q_DIRECTIVE","Q instructs or urges the reader directly."
"2645","0","Ask yourself, why?","Ask yourself, why?","","true","q_post_body","Q Directive","Q Directive","false","KEEP_Q_DIRECTIVE","Q instructs or urges the reader directly."
"2646","0","MAKE THE PEOPLE FIGHT THEMSELVES VS ORIGINAL TARGETS (OLD GUARD).","MAKE THE PEOPLE FIGHT THEMSELVES VS ORIGINAL TARGETS (OLD GUARD).","","true","q_post_body","Q Directive","Q Directive","false","KEEP_Q_DIRECTIVE","Q instructs or urges the reader directly."
"2646","1","RECONCILE.","RECONCILE.","","true","q_post_body","Q Directive","Q Directive","false","KEEP_Q_DIRECTIVE","Q instructs or urges the reader directly."
"2647","0","Follow the watch.","Follow the watch.","","true","q_post_body","Q Directive","Q Directive","false","KEEP_Q_DIRECTIVE","Q instructs or urges the reader directly."
"265","0","Update the list.","Update the list.","","true","q_post_body","Q Directive","Q Directive","false","KEEP_Q_DIRECTIVE","Q instructs or urges the reader directly."
"265","1","Watch the news.","Watch the news.","","true","q_post_body","Q Directive","Q Directive","false","KEEP_Q_DIRECTIVE","Q instructs or urges the reader directly."
"2651","0","Listen again, carefully.","Listen again, carefully.","","true","q_post_body","Q Directive","Q Directive","false","KEEP_Q_DIRECTIVE","Q instructs or urges the reader directly."
"2653","0","Remember [her] history.","Remember [her] history.","","true","q_post_body","Q Directive","Q Directive","false","KEEP_Q_DIRECTIVE","Q instructs or urges the reader directly."
"2659","0","Get in line.","Get in line.","","true","q_post_body","Q Directive","Q Directive","false","KEEP_Q_DIRECTIVE","Q instructs or urges the reader directly."
"2660","0","Read the warning label.","Read the warning label.","","true","q_post_body","Q Directive","Q Directive","false","KEEP_Q_DIRECTIVE","Q instructs or urges the reader directly."
"2661","0","Regular service appointments should be made in order to maintain functionality.","Regular service appointments should be made in order to maintain functionality.","","true","q_post_body","Q Directive","Q Directive","false","KEEP_Q_DIRECTIVE","Q instructs or urges the reader directly."
"2664","0","Compare & Contrast.","Compare & Contrast.","","true","q_post_body","Q Directive","Q Directive","false","KEEP_Q_DIRECTIVE","Q instructs or urges the reader directly."
"2664","1","Think Drop Yesterday.","Think Drop Yesterday.","","true","q_post_body","Q Directive","Q Directive","false","KEEP_Q_DIRECTIVE","Q instructs or urges the reader directly."
"2666","0","Imagine that.","Imagine that.","","true","q_post_body","Q Directive","Q Directive","false","KEEP_Q_DIRECTIVE","Q instructs or urges the reader directly."
"2671","0","Enjoy the show.","Enjoy the show.","","true","q_post_body","Q Directive","Q Directive","false","KEEP_Q_DIRECTIVE","Q instructs or urges the reader directly."
"2676","0","Re_read Mueller re: 'designed to' drops.","Re_read Mueller re: 'designed to' drops.","","true","q_post_body","Q Directive","Q Directive","false","KEEP_Q_DIRECTIVE","Q instructs or urges the reader directly."
"2676","1","Re_read drops re: 'Scaramucci' model.","Re_read drops re: 'Scaramucci' model.","","true","q_post_body","Q Directive","Q Directive","false","KEEP_Q_DIRECTIVE","Q instructs or urges the reader directly."
"2676","2","Do not mistake 'public' silence for inaction.","Do not mistake 'public' silence for inaction.","","true","q_post_body","Q Directive","Q Directive","false","KEEP_Q_DIRECTIVE","Q instructs or urges the reader directly."
"2677","0","It's time to return publicly.","It's time to return publicly.","","true","q_post_body","Q Directive","Q Directive","false","KEEP_Q_DIRECTIVE","Q instructs or urges the reader directly."
"2678","0","Ask yourself, why?","Ask yourself, why?","","true","q_post_body","Q Directive","Q Directive","false","KEEP_Q_DIRECTIVE","Q instructs or urges the reader directly."
"2680","0","Read between the lines.","Read between the lines.","","true","q_post_body","Q Directive","Q Directive","false","KEEP_Q_DIRECTIVE","Q instructs or urges the reader directly."
"2682","0","Define 'Projection'.","Define 'Projection'.","","true","q_post_body","Q Directive","Q Directive","false","KEEP_Q_DIRECTIVE","Q instructs or urges the reader directly."
"2682","1","Think FBI/DOJ 'exit' list.","Think FBI/DOJ 'exit' list.","","true","q_post_body","Q Directive","Q Directive","false","KEEP_Q_DIRECTIVE","Q instructs or urges the reader directly."
"2682","2","See above re: Control.","See above re: Control.","","true","q_post_body","Q Directive","Q Directive","false","KEEP_Q_DIRECTIVE","Q instructs or urges the reader directly."
"2683","0","Deploy scare tactics & political cross-talk","Deploy scare tactics & political cross-talk","","true","q_post_body","Q Directive","Q Directive","false","KEEP_Q_DIRECTIVE","Q instructs or urges the reader directly."
"2683","1","Think for yourself.","Think for yourself.","","true","q_post_body","Q Directive","Q Directive","false","KEEP_Q_DIRECTIVE","Q instructs or urges the reader directly."
"2683","2","Research for yourself.","Research for yourself.","","true","q_post_body","Q Directive","Q Directive","false","KEEP_Q_DIRECTIVE","Q instructs or urges the reader directly."
"2683","3","Trust yourself.","Trust yourself.","","true","q_post_body","Q Directive","Q Directive","false","KEEP_Q_DIRECTIVE","Q instructs or urges the reader directly."
"2683","4","Control volume.","Control volume.","","true","q_post_body","Q Directive","Q Directive","false","KEEP_Q_DIRECTIVE","Q instructs or urges the reader directly."
"2686","0","See past drops re: [PP] re: Congressional report (WARNING: GRAPHIC)","See past drops re: [PP] re: Congressional report (WARNING: GRAPHIC)","","true","q_post_body","Q Directive","Q Directive","false","KEEP_Q_DIRECTIVE","Q instructs or urges the reader directly."
"2686","1","Ask yourself a very simple question:","Ask yourself a very simple question:","","true","q_post_body","Q Directive","Q Directive","false","KEEP_Q_DIRECTIVE","Q instructs or urges the reader directly."
"2689","0","Find the connection.","Find the connection.","","true","q_post_body","Q Directive","Q Directive","false","KEEP_Q_DIRECTIVE","Q instructs or urges the reader directly."
"2691","0","Ask yourself, why?","Ask yourself, why?","","true","q_post_body","Q Directive","Q Directive","false","KEEP_Q_DIRECTIVE","Q instructs or urges the reader directly."
"2692","0","Re_read drops re: FBI 'Midyear' OIG ……. & review graphics.","Re_read drops re: FBI 'Midyear' OIG ……. & review graphics.","","true","q_post_body","Q Directive","Q Directive","false","KEEP_Q_DIRECTIVE","Q instructs or urges the reader directly."
"2693","0","Let's actually use 'FACTS':","Let's actually use 'FACTS':","","true","q_post_body","Q Directive","Q Directive","false","KEEP_Q_DIRECTIVE","Q instructs or urges the reader directly."
"270","0","Apply the Keystone.","Apply the Keystone.","","true","q_post_body","Q Directive","Q Directive","false","KEEP_Q_DIRECTIVE","Q instructs or urges the reader directly."
"270","1","Paint the picture.","Paint the picture.","","true","q_post_body","Q Directive","Q Directive","false","KEEP_Q_DIRECTIVE","Q instructs or urges the reader directly."
"2707","0","Track 7B-DS","Track 7B-DS","","true","q_post_body","Q Directive","Q Directive","false","KEEP_Q_DIRECTIVE","Q instructs or urges the reader directly."
"2709","0","Scan P-P100z","Scan P-P100z","","true","q_post_body","Q Directive","Q Directive","false","KEEP_Q_DIRECTIVE","Q instructs or urges the reader directly."
"2709","1","Pull all views +/- [10]","Pull all views +/- [10]","","true","q_post_body","Q Directive","Q Directive","false","KEEP_Q_DIRECTIVE","Q instructs or urges the reader directly."
"2710","0","Stop track.","Stop track.","","true","q_post_body","Q Directive","Q Directive","false","KEEP_Q_DIRECTIVE","Q instructs or urges the reader directly."
"2710","1","Register all data pulls to location.","Register all data pulls to location.","","true","q_post_body","Q Directive","Q Directive","false","KEEP_Q_DIRECTIVE","Q instructs or urges the reader directly."
"2712","0","Think NAT SEC laws.","Think NAT SEC laws.","","true","q_post_body","Q Directive","Q Directive","false","KEEP_Q_DIRECTIVE","Q instructs or urges the reader directly."
"2715","0","Use caution - high follower count targeting to direct 'deep in narrative' mob as method to remove.","Use caution - high follower count targeting to direct 'deep in narrative' mob as method to remove.","","true","q_post_body","Q Directive","Q Directive","false","KEEP_Q_DIRECTIVE","Q instructs or urges the reader directly."
"2718","0","Define the word 'plan'.","Define the word 'plan'.","","true","q_post_body","Q Directive","Q Directive","false","KEEP_Q_DIRECTIVE","Q instructs or urges the reader directly."
"2726","0","See something > Say something.","See something > Say something.","","true","q_post_body","Q Directive","Q Directive","false","KEEP_Q_DIRECTIVE","Q instructs or urges the reader directly."
"2726","1","Be alert next 10 days.","Be alert next 10 days.","","true","q_post_body","Q Directive","Q Directive","false","KEEP_Q_DIRECTIVE","Q instructs or urges the reader directly."
"2731","0","Think McCabe [#2] interview re: meeting re: 25th amendment","Think McCabe [#2] interview re: meeting re: 25th amendment","","true","q_post_body","Q Directive","Q Directive","false","KEEP_Q_DIRECTIVE","Q instructs or urges the reader directly."
"2731","1","Think [RR] wear a wire re: attempt to entrap re: 25th….","Think [RR] wear a wire re: attempt to entrap re: 25th….","","true","q_post_body","Q Directive","Q Directive","false","KEEP_Q_DIRECTIVE","Q instructs or urges the reader directly."
"2731","2","Note 'Border Open' context same drop.","Note 'Border Open' context same drop.","","true","q_post_body","Q Directive","Q Directive","false","KEEP_Q_DIRECTIVE","Q instructs or urges the reader directly."
"2735","0","Be prepared for more FAKE NEWS disinfo claiming we stated 'death'.","Be prepared for more FAKE NEWS disinfo claiming we stated 'death'.","","true","q_post_body","Q Directive","Q Directive","false","KEEP_Q_DIRECTIVE","Q instructs or urges the reader directly."
"2735","1","Read carefully.","Read carefully.","","true","q_post_body","Q Directive","Q Directive","false","KEEP_Q_DIRECTIVE","Q instructs or urges the reader directly."
"2737","0","Be careful who you follow.","Be careful who you follow.","","true","q_post_body","Q Directive","Q Directive","false","KEEP_Q_DIRECTIVE","Q instructs or urges the reader directly."
"274","0","Be prepared for what you find.","Be prepared for what you find.","","true","q_post_body","Q Directive","Q Directive","false","KEEP_Q_DIRECTIVE","Q instructs or urges the reader directly."
"2745","0","Buckle up!","Buckle up!","","true","q_post_body","Q Directive","Q Directive","false","KEEP_Q_DIRECTIVE","Q instructs or urges the reader directly."
"2749","0","Trust your President!","Trust your President!","","true","q_post_body","Q Directive","Q Directive","false","KEEP_Q_DIRECTIVE","Q instructs or urges the reader directly."
"2754","0","Compare v.","Compare v.","","true","q_post_body","Q Directive","Q Directive","false","KEEP_Q_DIRECTIVE","Q instructs or urges the reader directly."
"2757","0","Swap 'we' for 'you'.","Swap 'we' for 'you'.","","true","q_post_body","Q Directive","Q Directive","false","KEEP_Q_DIRECTIVE","Q instructs or urges the reader directly."
"2762","0","Think about why separated both maps (2 posts) instead of placing both in the orig.","Think about why separated both maps (2 posts) instead of placing both in the orig.","","true","q_post_body","Q Directive","Q Directive","false","KEEP_Q_DIRECTIVE","Q instructs or urges the reader directly."
"277","0","Add to list.","Add to list.","","true","q_post_body","Q Directive","Q Directive","false","KEEP_Q_DIRECTIVE","Q instructs or urges the reader directly."
"2771","0","Think about now.","Think about now.","","true","q_post_body","Q Directive","Q Directive","false","KEEP_Q_DIRECTIVE","Q instructs or urges the reader directly."
"2772","0","Expect 'attacks' to dramatically intensify across all platforms.","Expect 'attacks' to dramatically intensify across all platforms.","","true","q_post_body","Q Directive","Q Directive","false","KEEP_Q_DIRECTIVE","Q instructs or urges the reader directly."
"2777","0","Disregard any misspelling.","Disregard any misspelling.","","true","q_post_body","Q Directive","Q Directive","false","KEEP_Q_DIRECTIVE","Q instructs or urges the reader directly."
"2785","0","Read between the lines re: MSM 'LEFT'….","Read between the lines re: MSM 'LEFT'….","","true","q_post_body","Q Directive","Q Directive","false","KEEP_Q_DIRECTIVE","Q instructs or urges the reader directly."
"2785","1","Research for yourself.","Research for yourself.","","true","q_post_body","Q Directive","Q Directive","false","KEEP_Q_DIRECTIVE","Q instructs or urges the reader directly."
"2785","2","Trust yourself.","Trust yourself.","","true","q_post_body","Q Directive","Q Directive","false","KEEP_Q_DIRECTIVE","Q instructs or urges the reader directly."
"2786","0","Stop and understand the GRAVITY of acknowledgement.","Stop and understand the GRAVITY of acknowledgement.","","true","q_post_body","Q Directive","Q Directive","false","KEEP_Q_DIRECTIVE","Q instructs or urges the reader directly."
"2787","0","Define 'Projection'.","Define 'Projection'.","","true","q_post_body","Q Directive","Q Directive","false","KEEP_Q_DIRECTIVE","Q instructs or urges the reader directly."
"2788","0","Think logically.","Think logically.","","true","q_post_body","Q Directive","Q Directive","false","KEEP_Q_DIRECTIVE","Q instructs or urges the reader directly."
"2788","1","Ask yourself, why are 'Liberals' always angry?","Ask yourself, why are 'Liberals' always angry?","","true","q_post_body","Q Directive","Q Directive","false","KEEP_Q_DIRECTIVE","Q instructs or urges the reader directly."
"2788","2","TRUST YOURSELF.","TRUST YOURSELF.","","true","q_post_body","Q Directive","Q Directive","false","KEEP_Q_DIRECTIVE","Q instructs or urges the reader directly."
"2788","3","TRUST THAT YOU ARE NOT ALONE.","TRUST THAT YOU ARE NOT ALONE.","","true","q_post_body","Q Directive","Q Directive","false","KEEP_Q_DIRECTIVE","Q instructs or urges the reader directly."
"2788","4","TRUST THAT THERE ARE GOOD PEOPLE RIGHT BESIDE YOU FIGHTING FOR WHAT WE KNOW TO BE RIGHT.","TRUST THAT THERE ARE GOOD PEOPLE RIGHT BESIDE YOU FIGHTING FOR WHAT WE KNOW TO BE RIGHT.","","true","q_post_body","Q Directive","Q Directive","false","KEEP_Q_DIRECTIVE","Q instructs or urges the reader directly."
"2788","5","GOD BLESS YOU ALL.","GOD BLESS YOU ALL.","","true","q_post_body","Q Directive","Removed from Q Directives","true","REMOVE_BLESSING_OR_VALEDICTION","A blessing, greeting or closing — it instructs no one."
"2793","0","Think Emergency Alert System.","Think Emergency Alert System.","","true","q_post_body","Q Directive","Q Directive","false","KEEP_Q_DIRECTIVE","Q instructs or urges the reader directly."
"2793","1","Think WH controlled *new* RT 'news' website","Think WH controlled *new* RT 'news' website","","true","q_post_body","Q Directive","Q Directive","false","KEEP_Q_DIRECTIVE","Q instructs or urges the reader directly."
"2793","2","Think WH controlled *new* video stream platform","Think WH controlled *new* video stream platform","","true","q_post_body","Q Directive","Q Directive","false","KEEP_Q_DIRECTIVE","Q instructs or urges the reader directly."
"2793","3","Think Here.","Think Here.","","true","q_post_body","Q Directive","Q Directive","false","KEEP_Q_DIRECTIVE","Q instructs or urges the reader directly."
"28","0","Picture being painted.","Picture being painted.","","true","q_post_body","Q Directive","Q Directive","false","KEEP_Q_DIRECTIVE","Q instructs or urges the reader directly."
"280","0","Watch the news.","Watch the news.","","true","q_post_body","Q Directive","Q Directive","false","KEEP_Q_DIRECTIVE","Q instructs or urges the reader directly."
"2801","0","Pick a Network – Any Network.","Pick a Network – Any Network.","","true","q_post_body","Q Directive","Q Directive","false","KEEP_Q_DIRECTIVE","Q instructs or urges the reader directly."
"2801","1","Search 'Qanon' https://www.nbcnews.com/pages/search/?q=qanon https://abcnews.go.com/search?searchtext=qanon","Search 'Qanon' https://www.nbcnews.com/pages/search/?q=qanon https://abcnews.go.com/search?searchtext=qanon","","false","quoted_or_third_party","Q Directive","Removed from Q Directives","false","REMOVE_QUOTED_OR_THIRD_PARTY","The command belongs to an Anonymous post, article, letter, image or screenshot quoted by Q."
"2801","2","Reconcile.","Reconcile.","","true","q_post_body","Q Directive","Q Directive","false","KEEP_Q_DIRECTIVE","Q instructs or urges the reader directly."
"2801","3","Search 'Qanon'","Search 'Qanon'","","true","q_post_body","Q Directive","Q Directive","false","KEEP_Q_DIRECTIVE","Q instructs or urges the reader directly."
"2802","0","Think calendar.","Think calendar.","","true","q_post_body","Q Directive","Q Directive","false","KEEP_Q_DIRECTIVE","Q instructs or urges the reader directly."
"2803","0","Look for 'Placeholder' updates @ /PatriotsFight","Look for 'Placeholder' updates @ /PatriotsFight","","true","q_post_body","Q Directive","Q Directive","false","KEEP_Q_DIRECTIVE","Q instructs or urges the reader directly."
"2807","0","GOD BLESS THE UNITED STATES OF AMERICA.","GOD BLESS THE UNITED STATES OF AMERICA.","","true","q_post_body","Q Directive","Removed from Q Directives","true","REMOVE_BLESSING_OR_VALEDICTION","A blessing, greeting or closing — it instructs no one."
"2807","1","WE MUST RISE.","WE MUST RISE.","","true","q_post_body","Q Directive","Q Directive","false","KEEP_Q_DIRECTIVE","Q instructs or urges the reader directly."
"2807","2","WE MUST FIGHT.","WE MUST FIGHT.","","true","q_post_body","Q Directive","Q Directive","false","KEEP_Q_DIRECTIVE","Q instructs or urges the reader directly."
"281","0","Never forget that.","Never forget that.","","true","q_post_body","Q Directive","Q Directive","false","KEEP_Q_DIRECTIVE","Q instructs or urges the reader directly."
"2810","0","Start from beginning.","Start from beginning.","","true","q_post_body","Q Directive","Q Directive","false","KEEP_Q_DIRECTIVE","Q instructs or urges the reader directly."
"2816","0","Do not let personal (emotional) desires (""do it now""""now""""what is taking so long""""NOW!"") take over.","Do not let personal (emotional) desires (""do it now""""now""""what is taking so long""""NOW!"") take over.","","true","q_post_body","Q Directive","Q Directive","false","KEEP_Q_DIRECTIVE","Q instructs or urges the reader directly."
"2816","1","Define the following:","Define the following:","","true","q_post_body","Q Directive","Q Directive","false","KEEP_Q_DIRECTIVE","Q instructs or urges the reader directly."
"2816","2","WE MUST STAND TOGETHER IN THIS FIGHT.","WE MUST STAND TOGETHER IN THIS FIGHT.","","true","q_post_body","Q Directive","Q Directive","false","KEEP_Q_DIRECTIVE","Q instructs or urges the reader directly."
"2819","0","Review time.","Review time.","","true","q_post_body","Q Directive","Q Directive","false","KEEP_Q_DIRECTIVE","Q instructs or urges the reader directly."
"2820","0","Review time.","Review time.","","true","q_post_body","Q Directive","Q Directive","false","KEEP_Q_DIRECTIVE","Q instructs or urges the reader directly."
"283","0","Expand your thinking.","Expand your thinking.","","true","q_post_body","Q Directive","Q Directive","false","KEEP_Q_DIRECTIVE","Q instructs or urges the reader directly."
"284","0","Follow the news.","Follow the news.","","true","q_post_body","Q Directive","Q Directive","false","KEEP_Q_DIRECTIVE","Q instructs or urges the reader directly."
"2844","0","Define 'Renegade'.","Define 'Renegade'.","","true","q_post_body","Q Directive","Q Directive","false","KEEP_Q_DIRECTIVE","Q instructs or urges the reader directly."
"2846","0","Be ready for the 'Q', Anon(s).","Be ready for the 'Q', Anon(s).","","true","q_post_body","Q Directive","Q Directive","false","KEEP_Q_DIRECTIVE","Q instructs or urges the reader directly."
"2846","1","Eyes on increasing +each day.","Eyes on increasing +each day.","","true","q_post_body","Q Directive","Q Directive","false","KEEP_Q_DIRECTIVE","Q instructs or urges the reader directly."
"2846","2","Handle w/ care.","Handle w/ care.","","true","q_post_body","Q Directive","Q Directive","false","KEEP_Q_DIRECTIVE","Q instructs or urges the reader directly."
"2849","0","Reconcile.","Reconcile.","","true","q_post_body","Q Directive","Q Directive","false","KEEP_Q_DIRECTIVE","Q instructs or urges the reader directly."
"2856","0","Watch the news.","Watch the news.","","true","q_post_body","Q Directive","Q Directive","false","KEEP_Q_DIRECTIVE","Q instructs or urges the reader directly."
"2856","1","DO NOT TRUST THE FAKE NEWS MEDIA.","DO NOT TRUST THE FAKE NEWS MEDIA.","","true","q_post_body","Q Directive","Q Directive","false","KEEP_Q_DIRECTIVE","Q instructs or urges the reader directly."
"2857","0","God bless each and every one of you.","God bless each and every one of you.","","true","q_post_body","Q Directive","Removed from Q Directives","true","REMOVE_BLESSING_OR_VALEDICTION","A blessing, greeting or closing — it instructs no one."
"286","0","Strike package Bravo-dT450-1","Strike package Bravo-dT450-1","","true","q_post_body","Q Directive","Q Directive","false","KEEP_Q_DIRECTIVE","Q instructs or urges the reader directly."
"2861","0","Enjoy the show!","Enjoy the show!","","true","q_post_body","Q Directive","Q Directive","false","KEEP_Q_DIRECTIVE","Q instructs or urges the reader directly."
"2866","0","Enjoy the show!","Enjoy the show!","","true","q_post_body","Q Directive","Q Directive","false","KEEP_Q_DIRECTIVE","Q instructs or urges the reader directly."
"2877","0","Disregard all spelling/other errors.","Disregard all spelling/other errors.","","true","q_post_body","Q Directive","Q Directive","false","KEEP_Q_DIRECTIVE","Q instructs or urges the reader directly."
"2878","0","Link embedded in article.","Link embedded in article.","","true","q_post_body","Q Directive","Q Directive","false","KEEP_Q_DIRECTIVE","Q instructs or urges the reader directly."
"2887","0","Ask yourself a simple question, should a woman who travels to Syria to support and encourage 'JIHAD' against the 'West' deserve to live……………….?","Ask yourself a simple question, should a woman who travels to Syria to support and encourage 'JIHAD' against the 'West' deserve to live……………….?","","true","q_post_body","Q Directive","Q Directive","false","KEEP_Q_DIRECTIVE","Q instructs or urges the reader directly."
"2887","1","Ask yourself a simpler question, if brainwashed by ISIS terrorists (her husband and other close-proximity fighters), could this same woman be 'tasked' & 'trained' to carry out a TERRORIST ACT upon return?","Ask yourself a simpler question, if brainwashed by ISIS terrorists (her husband and other close-proximity fighters), could this same woman be 'tasked' & 'trained' to carry out a TERRORIST ACT upon return?","","true","q_post_body","Q Directive","Q Directive","false","KEEP_Q_DIRECTIVE","Q instructs or urges the reader directly."
"289","0","Godspeed.","Godspeed.","","true","q_post_body","Q Directive","Removed from Q Directives","false","REMOVE_BLESSING_OR_VALEDICTION","A blessing, greeting or closing — it instructs no one."
"2893","0","Think context.","Think context.","","true","q_post_body","Q Directive","Q Directive","false","KEEP_Q_DIRECTIVE","Q instructs or urges the reader directly."
"2893","1","Think bigger picture.","Think bigger picture.","","true","q_post_body","Q Directive","Q Directive","false","KEEP_Q_DIRECTIVE","Q instructs or urges the reader directly."
"2893","2","Think connections.","Think connections.","","true","q_post_body","Q Directive","Q Directive","false","KEEP_Q_DIRECTIVE","Q instructs or urges the reader directly."
"2893","3","Define 'Map'.","Define 'Map'.","","true","q_post_body","Q Directive","Q Directive","false","KEEP_Q_DIRECTIVE","Q instructs or urges the reader directly."
"2897","0","Watch the news.","Watch the news.","","true","q_post_body","Q Directive","Q Directive","false","KEEP_Q_DIRECTIVE","Q instructs or urges the reader directly."
"2904","0","Put on the full armor of God, so that you can take your stand against the devil's schemes.","Put on the full armor of God, so that you can take your stand against the devil's schemes.","","true","q_post_body","Q Directive","Removed from Q Directives","true","REMOVE_QUOTED_SCRIPTURE","Grammatically imperative, but the imperative belongs to quoted Bible text, not to Q."
"2904","1","Stand firm then, with the belt of truth buckled around your waist, with the breastplate of righteousness in place, and with your feet fitted with the readiness that comes from the gospel of peace.","Stand firm then, with the belt of truth buckled around your waist, with the breastplate of righteousness in place, and with your feet fitted with the readiness that comes from the gospel of peace.","","true","q_post_body","Q Directive","Removed from Q Directives","false","REMOVE_QUOTED_SCRIPTURE","Grammatically imperative, but the imperative belongs to quoted Bible text, not to Q."
"2904","2","Take the helmet of salvation and the sword of the Spirit, which is the word of God.","Take the helmet of salvation and the sword of the Spirit, which is the word of God.","","true","q_post_body","Q Directive","Removed from Q Directives","true","REMOVE_QUOTED_SCRIPTURE","Grammatically imperative, but the imperative belongs to quoted Bible text, not to Q."
"2919","0","Stay in the LIGHT.","Stay in the LIGHT.","","true","q_post_body","Q Directive","Q Directive","false","KEEP_Q_DIRECTIVE","Q instructs or urges the reader directly."
"2927","0","Think pre_nominee.","Think pre_nominee.","","true","q_post_body","Q Directive","Q Directive","false","KEEP_Q_DIRECTIVE","Q instructs or urges the reader directly."
"2929","0","Think 2015.","Think 2015.","","true","q_post_body","Q Directive","Q Directive","false","KEEP_Q_DIRECTIVE","Q instructs or urges the reader directly."
"2931","0","Think formation of the Freedom Caucus.","Think formation of the Freedom Caucus.","","true","q_post_body","Q Directive","Q Directive","false","KEEP_Q_DIRECTIVE","Q instructs or urges the reader directly."
"2931","1","Think Freedom Caucus today.","Think Freedom Caucus today.","","true","q_post_body","Q Directive","Q Directive","false","KEEP_Q_DIRECTIVE","Q instructs or urges the reader directly."
"2931","2","Think Jim Jordan.","Think Jim Jordan.","","true","q_post_body","Q Directive","Q Directive","false","KEEP_Q_DIRECTIVE","Q instructs or urges the reader directly."
"2931","3","Think Mark Meadows.","Think Mark Meadows.","","true","q_post_body","Q Directive","Q Directive","false","KEEP_Q_DIRECTIVE","Q instructs or urges the reader directly."
"2937","0","Define 'game theory'.","Define 'game theory'.","","true","q_post_body","Q Directive","Q Directive","false","KEEP_Q_DIRECTIVE","Q instructs or urges the reader directly."
"2937","1","Define 'open source'.","Define 'open source'.","","true","q_post_body","Q Directive","Q Directive","false","KEEP_Q_DIRECTIVE","Q instructs or urges the reader directly."
"2937","2","Define 'public purview'.","Define 'public purview'.","","true","q_post_body","Q Directive","Q Directive","false","KEEP_Q_DIRECTIVE","Q instructs or urges the reader directly."
"2937","3","Define 'plausible deniability'.","Define 'plausible deniability'.","","true","q_post_body","Q Directive","Q Directive","false","KEEP_Q_DIRECTIVE","Q instructs or urges the reader directly."
"2937","4","Think 'umbrella surv'.","Think 'umbrella surv'.","","true","q_post_body","Q Directive","Q Directive","false","KEEP_Q_DIRECTIVE","Q instructs or urges the reader directly."
"2937","5","Think Whitaker.","Think Whitaker.","","true","q_post_body","Q Directive","Q Directive","false","KEEP_Q_DIRECTIVE","Q instructs or urges the reader directly."
"2937","6","Define 'stage set'.","Define 'stage set'.","","true","q_post_body","Q Directive","Q Directive","false","KEEP_Q_DIRECTIVE","Q instructs or urges the reader directly."
"2937","7","Think Bill Clinton impeachment.","Think Bill Clinton impeachment.","","true","q_post_body","Q Directive","Q Directive","false","KEEP_Q_DIRECTIVE","Q instructs or urges the reader directly."
"2937","8","Define 'thesis' statement.","Define 'thesis' statement.","","true","q_post_body","Q Directive","Q Directive","false","KEEP_Q_DIRECTIVE","Q instructs or urges the reader directly."
"2938","0","Ask yourself a very simple, logical, question.","Ask yourself a very simple, logical, question.","","true","q_post_body","Q Directive","Q Directive","false","KEEP_Q_DIRECTIVE","Q instructs or urges the reader directly."
"2938","1","Think call to POTUS to prevent DECLAS [sources & methods].","Think call to POTUS to prevent DECLAS [sources & methods].","","true","q_post_body","Q Directive","Q Directive","false","KEEP_Q_DIRECTIVE","Q instructs or urges the reader directly."
"2938","2","Think Nunes' statement ""not through normal collection, gathering, and reporting/oversight re: (FVEY).""","Think Nunes' statement ""not through normal collection, gathering, and reporting/oversight re: (FVEY).""","","true","q_post_body","Q Directive","Q Directive","false","KEEP_Q_DIRECTIVE","Q instructs or urges the reader directly."
"2940","0","Note: Not all are USA v. [ ]","Note: Not all are USA v. [ ]","","true","q_post_body","Q Directive","Q Directive","false","KEEP_Q_DIRECTIVE","Q instructs or urges the reader directly."
"2941","0","Read the comments.","Read the comments.","","true","q_post_body","Q Directive","Q Directive","false","KEEP_Q_DIRECTIVE","Q instructs or urges the reader directly."
"2942","0","Prepare.","Prepare.","","true","q_post_body","Q Directive","Q Directive","false","KEEP_Q_DIRECTIVE","Q instructs or urges the reader directly."
"2945","0","You should update your T-banner pic to properly reflect the crowd size when the event actually started.","You should update your T-banner pic to properly reflect the crowd size when the event actually started.","","true","q_post_body","Q Directive","Q Directive","false","KEEP_Q_DIRECTIVE","Q instructs or urges the reader directly."
"2958","0","Define 'backchannel'.","Define 'backchannel'.","","true","q_post_body","Q Directive","Q Directive","false","KEEP_Q_DIRECTIVE","Q instructs or urges the reader directly."
"2963","0","Assist P_193","Assist P_193","","true","q_post_body","Q Directive","Q Directive","false","KEEP_Q_DIRECTIVE","Q instructs or urges the reader directly."
"2964","0","CLEAR ALL NONS.","CLEAR ALL NONS.","","true","q_post_body","Q Directive","Q Directive","false","KEEP_Q_DIRECTIVE","Q instructs or urges the reader directly."
"2966","0","Track report (2)","Track report (2)","","true","q_post_body","Q Directive","Q Directive","false","KEEP_Q_DIRECTIVE","Q instructs or urges the reader directly."
"2966","1","Track confirm (2)","Track confirm (2)","","true","q_post_body","Q Directive","Q Directive","false","KEEP_Q_DIRECTIVE","Q instructs or urges the reader directly."
"2967","0","Switch private_reg_C.","Switch private_reg_C.","","true","q_post_body","Q Directive","Q Directive","false","KEEP_Q_DIRECTIVE","Q instructs or urges the reader directly."
"2971","0","Listen carefully ref re: proof v evidence.","Listen carefully ref re: proof v evidence.","","true","q_post_body","Q Directive","Q Directive","false","KEEP_Q_DIRECTIVE","Q instructs or urges the reader directly."
"2971","1","Define 'evidence'.","Define 'evidence'.","","true","q_post_body","Q Directive","Q Directive","false","KEEP_Q_DIRECTIVE","Q instructs or urges the reader directly."
"2971","2","Listen to the clip again re: proof & evidence.","Listen to the clip again re: proof & evidence.","","false","quoted_or_third_party","Q Directive","Removed from Q Directives","false","REMOVE_QUOTED_OR_THIRD_PARTY","The command belongs to an Anonymous post, article, letter, image or screenshot quoted by Q."
"2971","3","Define 'brainwashing'.","Define 'brainwashing'.","","false","quoted_or_third_party","Q Directive","Removed from Q Directives","false","REMOVE_QUOTED_OR_THIRD_PARTY","The command belongs to an Anonymous post, article, letter, image or screenshot quoted by Q."
"2971","4","Think for yourself!","Think for yourself!","","false","quoted_or_third_party","Q Directive","Removed from Q Directives","false","REMOVE_QUOTED_OR_THIRD_PARTY","The command belongs to an Anonymous post, article, letter, image or screenshot quoted by Q."
"2972","0","Watch the news.","Watch the news.","","true","q_post_body","Q Directive","Q Directive","false","KEEP_Q_DIRECTIVE","Q instructs or urges the reader directly."
"2973","0","Think scope.","Think scope.","","true","q_post_body","Q Directive","Q Directive","false","KEEP_Q_DIRECTIVE","Q instructs or urges the reader directly."
"2980","0","Read carefully knowing what you know now.","Read carefully knowing what you know now.","","true","q_post_body","Q Directive","Q Directive","false","KEEP_Q_DIRECTIVE","Q instructs or urges the reader directly."
"2984","0","LOCATE (3) PUBLIC.","LOCATE (3) PUBLIC.","","true","q_post_body","Q Directive","Q Directive","false","KEEP_Q_DIRECTIVE","Q instructs or urges the reader directly."
"2984","1","THINK C_A [BRENNAN] AUTH SPY CAMPAIGN US SENATE UNDER HUSSEIN.","THINK C_A [BRENNAN] AUTH SPY CAMPAIGN US SENATE UNDER HUSSEIN.","","true","q_post_body","Q Directive","Q Directive","false","KEEP_Q_DIRECTIVE","Q instructs or urges the reader directly."
"2984","2","THINK C_A INSTALL CAMPAIGN US HOUSE & SENATE INFILTRATION.","THINK C_A INSTALL CAMPAIGN US HOUSE & SENATE INFILTRATION.","","true","q_post_body","Q Directive","Q Directive","false","KEEP_Q_DIRECTIVE","Q instructs or urges the reader directly."
"2987","0",">Return Power Back to the People",">Return Power Back to the People","","false","quoted_or_third_party","Q Directive","Removed from Q Directives","false","REMOVE_QUOTED_OR_THIRD_PARTY","The command belongs to an Anonymous post, article, letter, image or screenshot quoted by Q."
"2988","0","Define 'Lifelog' [DARPA].","Define 'Lifelog' [DARPA].","","true","q_post_body","Q Directive","Q Directive","false","KEEP_Q_DIRECTIVE","Q instructs or urges the reader directly."
"2988","1","Define 'FB'.","Define 'FB'.","","true","q_post_body","Q Directive","Q Directive","false","KEEP_Q_DIRECTIVE","Q instructs or urges the reader directly."
"2988","2","Compare & Contrast.","Compare & Contrast.","","true","q_post_body","Q Directive","Q Directive","false","KEEP_Q_DIRECTIVE","Q instructs or urges the reader directly."
"2989","0","Define 'Black Budget'.","Define 'Black Budget'.","","true","q_post_body","Q Directive","Q Directive","false","KEEP_Q_DIRECTIVE","Q instructs or urges the reader directly."
"299","0","Expand your thinking.","Expand your thinking.","","true","q_post_body","Q Directive","Q Directive","false","KEEP_Q_DIRECTIVE","Q instructs or urges the reader directly."
"2990","0","Expand your thinking.","Expand your thinking.","","true","q_post_body","Q Directive","Q Directive","false","KEEP_Q_DIRECTIVE","Q instructs or urges the reader directly."
"2990","1","Expand your thinking further.","Expand your thinking further.","","true","q_post_body","Q Directive","Q Directive","false","KEEP_Q_DIRECTIVE","Q instructs or urges the reader directly."
"2993","0","ASK YOURSELF A VERY SIMPLE QUESTION, WOULD YOU RELEASE (GO LIVE) TO THE PUBLIC ACROSS THE MEDIA ALL HIGHLY CLASSIFIED MATERIAL (NSA) ……………PRIOR TO…………..GETTING TO YOUR END DESTINATION?","ASK YOURSELF A VERY SIMPLE QUESTION, WOULD YOU RELEASE (GO LIVE) TO THE PUBLIC ACROSS THE MEDIA ALL HIGHLY CLASSIFIED MATERIAL (NSA) ……………PRIOR TO…………..GETTING TO YOUR END DESTINATION?","","true","q_post_body","Q Directive","Q Directive","false","KEEP_Q_DIRECTIVE","Q instructs or urges the reader directly."
"2994","0","STAY STRONG, PATRIOTS.","STAY STRONG, PATRIOTS.","","true","q_post_body","Q Directive","Q Directive","false","KEEP_Q_DIRECTIVE","Q instructs or urges the reader directly."
"2994","1","STAY UNITED, NOT DIVIDED.","STAY UNITED, NOT DIVIDED.","","true","q_post_body","Q Directive","Q Directive","false","KEEP_Q_DIRECTIVE","Q instructs or urges the reader directly."
"2998","0","Something you should explore further.","Something you should explore further.","","true","q_post_body","Q Directive","Q Directive","false","KEEP_Q_DIRECTIVE","Q instructs or urges the reader directly."
"2999","0","Remember, it goes both ways.","Remember, it goes both ways.","","true","q_post_body","Q Directive","Q Directive","false","KEEP_Q_DIRECTIVE","Q instructs or urges the reader directly."
"3","0","Open your eyes.","Open your eyes.","","true","q_post_body","Q Directive","Q Directive","false","KEEP_Q_DIRECTIVE","Q instructs or urges the reader directly."
"3","1","Don't you think POTUS would be tweeting about removal given clear conflict.","Don't you think POTUS would be tweeting about removal given clear conflict.","","false","quoted_or_third_party","Q Directive","Removed from Q Directives","false","REMOVE_QUOTED_OR_THIRD_PARTY","The command belongs to an Anonymous post, article, letter, image or screenshot quoted by Q."
"3","2","Follow Huma.","Follow Huma.","","true","q_post_body","Q Directive","Q Directive","false","KEEP_Q_DIRECTIVE","Q instructs or urges the reader directly."
"3","3","Trust in your President.","Trust in your President.","","true","q_post_body","Q Directive","Q Directive","false","KEEP_Q_DIRECTIVE","Q instructs or urges the reader directly."
"3","4","God bless, Patriots.","God bless, Patriots.","","true","q_post_body","Q Directive","Removed from Q Directives","true","REMOVE_BLESSING_OR_VALEDICTION","A blessing, greeting or closing — it instructs no one."
"30","0","Think xkeysc on steroids.","Think xkeysc on steroids.","","false","quoted_or_third_party","Q Directive","Removed from Q Directives","false","REMOVE_QUOTED_OR_THIRD_PARTY","The command belongs to an Anonymous post, article, letter, image or screenshot quoted by Q."
"300","0","Don't come here again.","Don't come here again.","","true","q_post_body","Q Directive","Q Directive","false","KEEP_Q_DIRECTIVE","Q instructs or urges the reader directly."
"3000","0","Keep the calendar up-to-date, Patriot.","Keep the calendar up-to-date, Patriot.","","true","q_post_body","Q Directive","Q Directive","false","KEEP_Q_DIRECTIVE","Q instructs or urges the reader directly."
"3000","1","Check off and log.","Check off and log.","","true","q_post_body","Q Directive","Q Directive","false","KEEP_Q_DIRECTIVE","Q instructs or urges the reader directly."
"3004","0",">clear vision for the @DOJ",">clear vision for the @DOJ","","false","quoted_or_third_party","Q Directive","Removed from Q Directives","false","REMOVE_QUOTED_OR_THIRD_PARTY","The command belongs to an Anonymous post, article, letter, image or screenshot quoted by Q."
"3006","0","Think [Brennan] spy campaign > US SENATE","Think [Brennan] spy campaign > US SENATE","","true","q_post_body","Q Directive","Q Directive","false","KEEP_Q_DIRECTIVE","Q instructs or urges the reader directly."
"3007","0","Define 'Protection'.","Define 'Protection'.","","true","q_post_body","Q Directive","Q Directive","false","KEEP_Q_DIRECTIVE","Q instructs or urges the reader directly."
"3010","0","BE VIGILANT.","BE VIGILANT.","","true","q_post_body","Q Directive","Q Directive","false","KEEP_Q_DIRECTIVE","Q instructs or urges the reader directly."
"3014","0","ENJOY THE SHOW!","ENJOY THE SHOW!","","true","q_post_body","Q Directive","Q Directive","false","KEEP_Q_DIRECTIVE","Q instructs or urges the reader directly."
"3016","0","Follow the MAPS.","Follow the MAPS.","","true","q_post_body","Q Directive","Q Directive","false","KEEP_Q_DIRECTIVE","Q instructs or urges the reader directly."
"3020","0","Define 'Surveillance state'.","Define 'Surveillance state'.","","true","q_post_body","Q Directive","Q Directive","false","KEEP_Q_DIRECTIVE","Q instructs or urges the reader directly."
"3022","0","Define 'Spook'.","Define 'Spook'.","","true","q_post_body","Q Directive","Q Directive","false","KEEP_Q_DIRECTIVE","Q instructs or urges the reader directly."
"3022","1","Define 'Shadow'.","Define 'Shadow'.","","true","q_post_body","Q Directive","Q Directive","false","KEEP_Q_DIRECTIVE","Q instructs or urges the reader directly."
"3022","2","STAND STRONG, GINA.","STAND STRONG, GINA.","","true","q_post_body","Q Directive","Q Directive","false","KEEP_Q_DIRECTIVE","Q instructs or urges the reader directly."
"3025","0","Reconcile.","Reconcile.","","true","q_post_body","Q Directive","Q Directive","false","KEEP_Q_DIRECTIVE","Q instructs or urges the reader directly."
"3028","0","Think timing.","Think timing.","","true","q_post_body","Q Directive","Q Directive","false","KEEP_Q_DIRECTIVE","Q instructs or urges the reader directly."
"3028","1","SAVE AMERICA.","SAVE AMERICA.","","true","q_post_body","Q Directive","Q Directive","false","KEEP_Q_DIRECTIVE","Q instructs or urges the reader directly."
"3033","0","Stay in the LIGHT.","Stay in the LIGHT.","","true","q_post_body","Q Directive","Q Directive","false","KEEP_Q_DIRECTIVE","Q instructs or urges the reader directly."
"3033","1","Remain in open comms w/ Sen Graham & Grassley re: Whistleblower Protection Act.","Remain in open comms w/ Sen Graham & Grassley re: Whistleblower Protection Act.","","true","q_post_body","Q Directive","Q Directive","false","KEEP_Q_DIRECTIVE","Q instructs or urges the reader directly."
"3034","0","Stay tuned!","Stay tuned!","","true","q_post_body","Q Directive","Q Directive","false","KEEP_Q_DIRECTIVE","Q instructs or urges the reader directly."
"3036","0","Re_read drop:","Re_read drop:","","true","q_post_body","Q Directive","Q Directive","false","KEEP_Q_DIRECTIVE","Q instructs or urges the reader directly."
"3038","0",">Decide for yourself (be free from outside opinion).",">Decide for yourself (be free from outside opinion).","","false","quoted_or_third_party","Q Directive","Removed from Q Directives","false","REMOVE_QUOTED_OR_THIRD_PARTY","The command belongs to an Anonymous post, article, letter, image or screenshot quoted by Q."
"3038","1",">Decide for yourself (be objective in your conclusions).",">Decide for yourself (be objective in your conclusions).","","false","quoted_or_third_party","Q Directive","Removed from Q Directives","false","REMOVE_QUOTED_OR_THIRD_PARTY","The command belongs to an Anonymous post, article, letter, image or screenshot quoted by Q."
"3038","2",">Decide for yourself (be true in your own beliefs).",">Decide for yourself (be true in your own beliefs).","","false","quoted_or_third_party","Q Directive","Removed from Q Directives","false","REMOVE_QUOTED_OR_THIRD_PARTY","The command belongs to an Anonymous post, article, letter, image or screenshot quoted by Q."
"3038","3",">Decide for yourself (be open to following the facts).",">Decide for yourself (be open to following the facts).","","false","quoted_or_third_party","Q Directive","Removed from Q Directives","false","REMOVE_QUOTED_OR_THIRD_PARTY","The command belongs to an Anonymous post, article, letter, image or screenshot quoted by Q."
"3038","4",">Decide for yourself (be strong in defending your beliefs).",">Decide for yourself (be strong in defending your beliefs).","","false","quoted_or_third_party","Q Directive","Removed from Q Directives","false","REMOVE_QUOTED_OR_THIRD_PARTY","The command belongs to an Anonymous post, article, letter, image or screenshot quoted by Q."
"3038","5",">Decide for yourself (be resistant to blindly accepting fact-less statements).",">Decide for yourself (be resistant to blindly accepting fact-less statements).","","false","quoted_or_third_party","Q Directive","Removed from Q Directives","false","REMOVE_QUOTED_OR_THIRD_PARTY","The command belongs to an Anonymous post, article, letter, image or screenshot quoted by Q."
"3038","6",">Decide for yourself (be free)",">Decide for yourself (be free)","","false","quoted_or_third_party","Q Directive","Removed from Q Directives","false","REMOVE_QUOTED_OR_THIRD_PARTY","The command belongs to an Anonymous post, article, letter, image or screenshot quoted by Q."
"3038","7","Trust and put faith in yourself.","Trust and put faith in yourself.","","true","q_post_body","Q Directive","Q Directive","true","KEEP_Q_DIRECTIVE","Q instructs or urges the reader directly."
"3040","0","Change We Can Believe In.","Change We Can Believe In.","","true","q_post_body","Q Directive","Q Directive","false","KEEP_Q_DIRECTIVE","Q instructs or urges the reader directly."
"3040","1","Let Freedom Ring!","Let Freedom Ring!","","true","q_post_body","Q Directive","Q Directive","false","KEEP_Q_DIRECTIVE","Q instructs or urges the reader directly."
"3045","0","Take a moment and think about what that means.","Take a moment and think about what that means.","","true","q_post_body","Q Directive","Q Directive","false","KEEP_Q_DIRECTIVE","Q instructs or urges the reader directly."
"3048","0","Think LifeLog dump.","Think LifeLog dump.","","true","q_post_body","Q Directive","Q Directive","false","KEEP_Q_DIRECTIVE","Q instructs or urges the reader directly."
"3050","0","Pray for the victims.","Pray for the victims.","","true","q_post_body","Q Directive","Q Directive + Religion & Spirituality","true","KEEP_DIRECTIVE_AND_RELIGIOUS_THEME","Q-authored religious command. Stays a Directive AND belongs to Religion & Spirituality."
"3053","0","Whistle while you work……","Whistle while you work……","","true","q_post_body","Q Directive","Q Directive","false","KEEP_Q_DIRECTIVE","Q instructs or urges the reader directly."
"3056","0","God bless.","God bless.","","true","q_post_body","Q Directive","Removed from Q Directives","true","REMOVE_BLESSING_OR_VALEDICTION","A blessing, greeting or closing — it instructs no one."
"3062","0","Remember this important FACT.","Remember this important FACT.","","true","q_post_body","Q Directive","Q Directive","false","KEEP_Q_DIRECTIVE","Q instructs or urges the reader directly."
"3063","0","REMEMBER THIS IMPORTANT FACT.","REMEMBER THIS IMPORTANT FACT.","","true","q_post_body","Q Directive","Q Directive","false","KEEP_Q_DIRECTIVE","Q instructs or urges the reader directly."
"3067","0","Do you see ""CI A?""","Do you see ""CI A?""","","true","q_post_body","Q Directive","Q Directive","false","KEEP_Q_DIRECTIVE","Q instructs or urges the reader directly."
"3069","0","Clear history/cookies to bypass all PAYWALLS.","Clear history/cookies to bypass all PAYWALLS.","","true","q_post_body","Q Directive","Q Directive","false","KEEP_Q_DIRECTIVE","Q instructs or urges the reader directly."
"3069","1","Read FREE.","Read FREE.","","true","q_post_body","Q Directive","Q Directive","false","KEEP_Q_DIRECTIVE","Q instructs or urges the reader directly."
"307","0","Learn to read the map.","Learn to read the map.","","true","q_post_body","Q Directive","Q Directive","false","KEEP_Q_DIRECTIVE","Q instructs or urges the reader directly."
"3071","0",">VOTE TO ALLOW 'ILLEGAL' IMMIGRANTS RIGHT TO VOTE IN ELECTIONS",">VOTE TO ALLOW 'ILLEGAL' IMMIGRANTS RIGHT TO VOTE IN ELECTIONS","","false","quoted_or_third_party","Q Directive","Removed from Q Directives","false","REMOVE_QUOTED_OR_THIRD_PARTY","The command belongs to an Anonymous post, article, letter, image or screenshot quoted by Q."
"3072","0","Disregard spelling error.","Disregard spelling error.","","true","q_post_body","Q Directive","Q Directive","false","KEEP_Q_DIRECTIVE","Q instructs or urges the reader directly."
"3075","0","Stand strong, Patriots.","Stand strong, Patriots.","","true","q_post_body","Q Directive","Q Directive","false","KEEP_Q_DIRECTIVE","Q instructs or urges the reader directly."
"3077","0","Be vigilant at all times.","Be vigilant at all times.","","true","q_post_body","Q Directive","Q Directive","false","KEEP_Q_DIRECTIVE","Q instructs or urges the reader directly."
"3077","1","See Something.","See Something.","","true","q_post_body","Q Directive","Q Directive","false","KEEP_Q_DIRECTIVE","Q instructs or urges the reader directly."
"3077","2","Say Something.","Say Something.","","true","q_post_body","Q Directive","Q Directive","false","KEEP_Q_DIRECTIVE","Q instructs or urges the reader directly."
"3078","0","Think days.","Think days.","","true","q_post_body","Q Directive","Q Directive","false","KEEP_Q_DIRECTIVE","Q instructs or urges the reader directly."
"308","0","Expand your thinking.","Expand your thinking.","","true","q_post_body","Q Directive","Q Directive","false","KEEP_Q_DIRECTIVE","Q instructs or urges the reader directly."
"31","0","There is so much string pulling and blackmail that we need to cut these off to truly gain the power granted to us by the Patriots and hard working people of this great country.","There is so much string pulling and blackmail that we need to cut these off to truly gain the power granted to us by the Patriots and hard working people of this great country.","","false","quoted_or_third_party","Q Directive","Removed from Q Directives","false","REMOVE_QUOTED_OR_THIRD_PARTY","The command belongs to an Anonymous post, article, letter, image or screenshot quoted by Q."
"310","0","Expand your thinking.","Expand your thinking.","","true","q_post_body","Q Directive","Q Directive","false","KEEP_Q_DIRECTIVE","Q instructs or urges the reader directly."
"310","1","Connect the 'markers.'","Connect the 'markers.'","","true","q_post_body","Q Directive","Q Directive","false","KEEP_Q_DIRECTIVE","Q instructs or urges the reader directly."
"310","2","Expand your thinking.","Expand your thinking.","","true","q_post_body","Q Directive","Q Directive","false","KEEP_Q_DIRECTIVE","Q instructs or urges the reader directly."
"310","3","Re-read crumbs.","Re-read crumbs.","","true","q_post_body","Q Directive","Q Directive","false","KEEP_Q_DIRECTIVE","Q instructs or urges the reader directly."
"310","4","Re-listen to yesterday's speech.","Re-listen to yesterday's speech.","","true","q_post_body","Q Directive","Q Directive","false","KEEP_Q_DIRECTIVE","Q instructs or urges the reader directly."
"311","0","Define.","Define.","","true","q_post_body","Q Directive","Q Directive","false","KEEP_Q_DIRECTIVE","Q instructs or urges the reader directly."
"311","1","Expand your thinking.","Expand your thinking.","","true","q_post_body","Q Directive","Q Directive","false","KEEP_Q_DIRECTIVE","Q instructs or urges the reader directly."
"3111","0","Let's Keep Playing…","Let's Keep Playing…","","true","q_post_body","Q Directive","Q Directive","false","KEEP_Q_DIRECTIVE","Q instructs or urges the reader directly."
"3113","0","Never interfere with an enemy……..","Never interfere with an enemy……..","","true","q_post_body","Q Directive","Q Directive","false","KEEP_Q_DIRECTIVE","Q instructs or urges the reader directly."
"312","0","Learn.","Learn.","","true","q_post_body","Q Directive","Q Directive","false","KEEP_Q_DIRECTIVE","Q instructs or urges the reader directly."
"3123","0","Listen carefully.","Listen carefully.","","true","q_post_body","Q Directive","Q Directive","false","KEEP_Q_DIRECTIVE","Q instructs or urges the reader directly."
"3126","0","Think then.","Think then.","","true","q_post_body","Q Directive","Q Directive","false","KEEP_Q_DIRECTIVE","Q instructs or urges the reader directly."
"3126","1","Think now.","Think now.","","true","q_post_body","Q Directive","Q Directive","false","KEEP_Q_DIRECTIVE","Q instructs or urges the reader directly."
"3127","0","Ask yourself a very simple Q.","Ask yourself a very simple Q.","","true","q_post_body","Q Directive","Q Directive","false","KEEP_Q_DIRECTIVE","Q instructs or urges the reader directly."
"3130","0","Start a list.","Start a list.","","true","q_post_body","Q Directive","Q Directive","false","KEEP_Q_DIRECTIVE","Q instructs or urges the reader directly."
"3131","0","Drop #3050","Drop #3050","","true","q_post_body","Q Directive","Q Directive","false","KEEP_Q_DIRECTIVE","Q instructs or urges the reader directly."
"3131","1","Follow the ATTORNEY.","Follow the ATTORNEY.","","true","q_post_body","Q Directive","Q Directive","false","KEEP_Q_DIRECTIVE","Q instructs or urges the reader directly."
"3136","0","Watch the news for Rachel Chandler.","Watch the news for Rachel Chandler.","","true","q_post_body","Q Directive","Q Directive","false","KEEP_Q_DIRECTIVE","Q instructs or urges the reader directly."
"314","0","Godspeed, Patriots.","Godspeed, Patriots.","","true","q_post_body","Q Directive","Removed from Q Directives","false","REMOVE_BLESSING_OR_VALEDICTION","A blessing, greeting or closing — it instructs no one."
"314","1","Be the autists we know you are.","Be the autists we know you are.","","true","q_post_body","Q Directive","Q Directive","false","KEEP_Q_DIRECTIVE","Q instructs or urges the reader directly."
"3155","0","Keep digging, Anons.","Keep digging, Anons.","","true","q_post_body","Q Directive","Q Directive","false","KEEP_Q_DIRECTIVE","Q instructs or urges the reader directly."
"316","0","Expand your thinking.","Expand your thinking.","","true","q_post_body","Q Directive","Q Directive","false","KEEP_Q_DIRECTIVE","Q instructs or urges the reader directly."
"316","1","Connect the 'markers.'","Connect the 'markers.'","","true","q_post_body","Q Directive","Q Directive","false","KEEP_Q_DIRECTIVE","Q instructs or urges the reader directly."
"316","2","Expand your thinking.","Expand your thinking.","","true","q_post_body","Q Directive","Q Directive","false","KEEP_Q_DIRECTIVE","Q instructs or urges the reader directly."
"316","3","Re-read crumbs.","Re-read crumbs.","","true","q_post_body","Q Directive","Q Directive","false","KEEP_Q_DIRECTIVE","Q instructs or urges the reader directly."
"316","4","Re-listen to yesterday's speech.","Re-listen to yesterday's speech.","","true","q_post_body","Q Directive","Q Directive","false","KEEP_Q_DIRECTIVE","Q instructs or urges the reader directly."
"317","0","Don't mistake journalists invited to parties as 'insiders'.","Don't mistake journalists invited to parties as 'insiders'.","","true","q_post_body","Q Directive","Q Directive","false","KEEP_Q_DIRECTIVE","Q instructs or urges the reader directly."
"3172","0","MEME misspelled but drives the point across.","MEME misspelled but drives the point across.","","true","q_post_body","Q Directive","Q Directive","false","KEEP_Q_DIRECTIVE","Q instructs or urges the reader directly."
"3176","0","THINK FOR YOURSELF AND STOP BEING A SHEEP TO THEIR NARRATIVE.","THINK FOR YOURSELF AND STOP BEING A SHEEP TO THEIR NARRATIVE.","","true","q_post_body","Q Directive","Q Directive","false","KEEP_Q_DIRECTIVE","Q instructs or urges the reader directly."
"3179","0","LISTEN & WATCH SEAN HANNITY TODAY.","LISTEN & WATCH SEAN HANNITY TODAY.","","true","q_post_body","Q Directive","Q Directive","false","KEEP_Q_DIRECTIVE","Q instructs or urges the reader directly."
"3180","0","Listen very carefully.","Listen very carefully.","","true","q_post_body","Q Directive","Q Directive","false","KEEP_Q_DIRECTIVE","Q instructs or urges the reader directly."
"3180","1","DIGEST the FULL GRAVITY of what the PRESIDENT OF THE UNITED STATES says in this clip.","DIGEST the FULL GRAVITY of what the PRESIDENT OF THE UNITED STATES says in this clip.","","true","q_post_body","Q Directive","Q Directive","false","KEEP_Q_DIRECTIVE","Q instructs or urges the reader directly."
"3182","0","Be careful who you follow.","Be careful who you follow.","","true","q_post_body","Q Directive","Q Directive","false","KEEP_Q_DIRECTIVE","Q instructs or urges the reader directly."
"3182","1","Follow the money.","Follow the money.","","true","q_post_body","Q Directive","Q Directive","false","KEEP_Q_DIRECTIVE","Q instructs or urges the reader directly."
"3182","2","Follow the expenses.","Follow the expenses.","","true","q_post_body","Q Directive","Q Directive","false","KEEP_Q_DIRECTIVE","Q instructs or urges the reader directly."
"3193","0","Have a Great Night!","Have a Great Night!","","true","q_post_body","Q Directive","Q Directive","false","KEEP_Q_DIRECTIVE","Q instructs or urges the reader directly."
"3197","0","Read the drop carefully, again.","Read the drop carefully, again.","","true","q_post_body","Q Directive","Q Directive","false","KEEP_Q_DIRECTIVE","Q instructs or urges the reader directly."
"320","0","Expand your thinking.","Expand your thinking.","","true","q_post_body","Q Directive","Q Directive","false","KEEP_Q_DIRECTIVE","Q instructs or urges the reader directly."
"321","0","Post: 1:34 US Military","Post: 1:34 US Military","","true","q_post_body","Q Directive","Q Directive","false","KEEP_Q_DIRECTIVE","Q instructs or urges the reader directly."
"3211","0","Bake your noodle.","Bake your noodle.","","true","q_post_body","Q Directive","Q Directive","false","KEEP_Q_DIRECTIVE","Q instructs or urges the reader directly."
"3212","0","Think Rogers T-Tower meeting (right after SCIF set up in Tower).","Think Rogers T-Tower meeting (right after SCIF set up in Tower).","","true","q_post_body","Q Directive","Q Directive","false","KEEP_Q_DIRECTIVE","Q instructs or urges the reader directly."
"3212","1","Think POTUS campaign leaving T-Tower (base of operations) THE VERY NEXT DAY.","Think POTUS campaign leaving T-Tower (base of operations) THE VERY NEXT DAY.","","true","q_post_body","Q Directive","Q Directive","false","KEEP_Q_DIRECTIVE","Q instructs or urges the reader directly."
"3215","0","Start late 2015.","Start late 2015.","","true","q_post_body","Q Directive","Q Directive","false","KEEP_Q_DIRECTIVE","Q instructs or urges the reader directly."
"3220","0","THINK.","THINK.","","true","q_post_body","Q Directive","Q Directive","false","KEEP_Q_DIRECTIVE","Q instructs or urges the reader directly."
"3222","0","Follow the money.","Follow the money.","","true","q_post_body","Q Directive","Q Directive","false","KEEP_Q_DIRECTIVE","Q instructs or urges the reader directly."
"3222","1","Track donations vs. expenses.","Track donations vs. expenses.","","true","q_post_body","Q Directive","Q Directive","false","KEEP_Q_DIRECTIVE","Q instructs or urges the reader directly."
"3222","2","Keep your eye on the ball.","Keep your eye on the ball.","","true","q_post_body","Q Directive","Q Directive","false","KEEP_Q_DIRECTIVE","Q instructs or urges the reader directly."
"3223","0","Watch Hannity tonight.","Watch Hannity tonight.","","true","q_post_body","Q Directive","Q Directive","false","KEEP_Q_DIRECTIVE","Q instructs or urges the reader directly."
"3225","0","Think plane tracking.","Think plane tracking.","","true","q_post_body","Q Directive","Q Directive","false","KEEP_Q_DIRECTIVE","Q instructs or urges the reader directly."
"323","0","God bless each and every one of you.","God bless each and every one of you.","","true","q_post_body","Q Directive","Removed from Q Directives","true","REMOVE_BLESSING_OR_VALEDICTION","A blessing, greeting or closing — it instructs no one."
"3231","0","Set.","Set.","","true","q_post_body","Q Directive","Q Directive","false","KEEP_Q_DIRECTIVE","Q instructs or urges the reader directly."
"3232","0","Set.","Set.","","true","q_post_body","Q Directive","Q Directive","false","KEEP_Q_DIRECTIVE","Q instructs or urges the reader directly."
"3234","0","Find the reflection inside the castle.","Find the reflection inside the castle.","","true","q_post_body","Q Directive","Q Directive","false","KEEP_Q_DIRECTIVE","Q instructs or urges the reader directly."
"324","0","Please pray tonight.","Please pray tonight.","","true","q_post_body","Q Directive","Q Directive + Religion & Spirituality","true","KEEP_DIRECTIVE_AND_RELIGIOUS_THEME","Q-authored religious command. Stays a Directive AND belongs to Religion & Spirituality."
"3248","0","FOCUS HERE:","FOCUS HERE:","","true","q_post_body","Q Directive","Q Directive","false","KEEP_Q_DIRECTIVE","Q instructs or urges the reader directly."
"3249","0","Follow keyword designators.","Follow keyword designators.","","true","q_post_body","Q Directive","Q Directive","false","KEEP_Q_DIRECTIVE","Q instructs or urges the reader directly."
"325","0","Enjoy the show.","Enjoy the show.","","true","q_post_body","Q Directive","Q Directive","false","KEEP_Q_DIRECTIVE","Q instructs or urges the reader directly."
"326","0","Expect fireworks.","Expect fireworks.","","true","q_post_body","Q Directive","Q Directive","false","KEEP_Q_DIRECTIVE","Q instructs or urges the reader directly."
"3261","0","Enjoy the show.","Enjoy the show.","","true","q_post_body","Q Directive","Q Directive","false","KEEP_Q_DIRECTIVE","Q instructs or urges the reader directly."
"3265","0","Enjoy the show, VIP Patriot!","Enjoy the show, VIP Patriot!","","true","q_post_body","Q Directive","Q Directive","false","KEEP_Q_DIRECTIVE","Q instructs or urges the reader directly."
"3266","0","Enjoy the show, VIP Patriot!","Enjoy the show, VIP Patriot!","","true","q_post_body","Q Directive","Q Directive","false","KEEP_Q_DIRECTIVE","Q instructs or urges the reader directly."
"3267","0","Enjoy the show, VIP Patriot!","Enjoy the show, VIP Patriot!","","true","q_post_body","Q Directive","Q Directive","false","KEEP_Q_DIRECTIVE","Q instructs or urges the reader directly."
"3268","0","Enjoy the show, VIP Patriot!","Enjoy the show, VIP Patriot!","","true","q_post_body","Q Directive","Q Directive","false","KEEP_Q_DIRECTIVE","Q instructs or urges the reader directly."
"3269","0","Enjoy the show, VIP Patriots!","Enjoy the show, VIP Patriots!","","true","q_post_body","Q Directive","Q Directive","false","KEEP_Q_DIRECTIVE","Q instructs or urges the reader directly."
"327","0","Think currency.","Think currency.","","true","q_post_body","Q Directive","Q Directive","false","KEEP_Q_DIRECTIVE","Q instructs or urges the reader directly."
"327","1","Think fireworks.","Think fireworks.","","true","q_post_body","Q Directive","Q Directive","false","KEEP_Q_DIRECTIVE","Q instructs or urges the reader directly."
"3270","0","Enjoy the show, VIP Patriot!","Enjoy the show, VIP Patriot!","","true","q_post_body","Q Directive","Q Directive","false","KEEP_Q_DIRECTIVE","Q instructs or urges the reader directly."
"3271","0","Enjoy the show, VIP Patriot!","Enjoy the show, VIP Patriot!","","true","q_post_body","Q Directive","Q Directive","false","KEEP_Q_DIRECTIVE","Q instructs or urges the reader directly."
"3272","0","Enjoy the show, VIP Patriot!","Enjoy the show, VIP Patriot!","","true","q_post_body","Q Directive","Q Directive","false","KEEP_Q_DIRECTIVE","Q instructs or urges the reader directly."
"3273","0","Enjoy the show, VIP Patriot!","Enjoy the show, VIP Patriot!","","true","q_post_body","Q Directive","Q Directive","false","KEEP_Q_DIRECTIVE","Q instructs or urges the reader directly."
"3274","0","Enjoy the show, VIP Patriot!","Enjoy the show, VIP Patriot!","","true","q_post_body","Q Directive","Q Directive","false","KEEP_Q_DIRECTIVE","Q instructs or urges the reader directly."
"3280","0","Enjoy the show, VIP Patriot!","Enjoy the show, VIP Patriot!","","true","q_post_body","Q Directive","Q Directive","false","KEEP_Q_DIRECTIVE","Q instructs or urges the reader directly."
"3283","0","Enjoy the show, VIP Patriot!","Enjoy the show, VIP Patriot!","","true","q_post_body","Q Directive","Q Directive","false","KEEP_Q_DIRECTIVE","Q instructs or urges the reader directly."
"329","0","Follow the wives.","Follow the wives.","","true","q_post_body","Q Directive","Q Directive","false","KEEP_Q_DIRECTIVE","Q instructs or urges the reader directly."
"3299","0","MAKE CA GREAT AGAIN!","MAKE CA GREAT AGAIN!","","true","q_post_body","Q Directive","Q Directive","false","KEEP_Q_DIRECTIVE","Q instructs or urges the reader directly."
"33","0","Note few if any shills inside this thread.","Note few if any shills inside this thread.","","true","q_post_body","Q Directive","Q Directive","false","KEEP_Q_DIRECTIVE","Q instructs or urges the reader directly."
"33","1","Take good care.","Take good care.","","true","q_post_body","Q Directive","Q Directive","false","KEEP_Q_DIRECTIVE","Q instructs or urges the reader directly."
"33","2","God bless.","God bless.","","true","q_post_body","Q Directive","Removed from Q Directives","true","REMOVE_BLESSING_OR_VALEDICTION","A blessing, greeting or closing — it instructs no one."
"3303","0","Eyes on.","Eyes on.","","true","q_post_body","Q Directive","Q Directive","false","KEEP_Q_DIRECTIVE","Q instructs or urges the reader directly."
"3306","0","Look for keywords to be repeated by many (controller & coordinated roll out).","Look for keywords to be repeated by many (controller & coordinated roll out).","","true","q_post_body","Q Directive","Q Directive","false","KEEP_Q_DIRECTIVE","Q instructs or urges the reader directly."
"3307","0","Define 'deflection'.","Define 'deflection'.","","true","q_post_body","Q Directive","Q Directive","false","KEEP_Q_DIRECTIVE","Q instructs or urges the reader directly."
"3308","0","Disregard any spelling errors.","Disregard any spelling errors.","","true","q_post_body","Q Directive","Q Directive","false","KEEP_Q_DIRECTIVE","Q instructs or urges the reader directly."
"3309","0","Define 'Bait'.","Define 'Bait'.","","true","q_post_body","Q Directive","Q Directive","false","KEEP_Q_DIRECTIVE","Q instructs or urges the reader directly."
"3310","0","Reconcile using logic.","Reconcile using logic.","","true","q_post_body","Q Directive","Q Directive","false","KEEP_Q_DIRECTIVE","Q instructs or urges the reader directly."
"3310","1","THINK FOR YOURSELF.","THINK FOR YOURSELF.","","true","q_post_body","Q Directive","Q Directive","false","KEEP_Q_DIRECTIVE","Q instructs or urges the reader directly."
"3312","0","Think BLOCKADE.","Think BLOCKADE.","","true","q_post_body","Q Directive","Q Directive","false","KEEP_Q_DIRECTIVE","Q instructs or urges the reader directly."
"3317","0","Listen very carefully to statements made by Joe D.","Listen very carefully to statements made by Joe D.","","true","q_post_body","Q Directive","Q Directive","false","KEEP_Q_DIRECTIVE","Q instructs or urges the reader directly."
"332","0","Be prepared to lose access.","Be prepared to lose access.","","true","q_post_body","Q Directive","Q Directive","false","KEEP_Q_DIRECTIVE","Q instructs or urges the reader directly."
"3322","0","Stay tuned.","Stay tuned.","","true","q_post_body","Q Directive","Q Directive","false","KEEP_Q_DIRECTIVE","Q instructs or urges the reader directly."
"3325","0","Define 'Renegade'.","Define 'Renegade'.","","true","q_post_body","Q Directive","Q Directive","false","KEEP_Q_DIRECTIVE","Q instructs or urges the reader directly."
"3326","0","DRAIN THE [SWAMP].","DRAIN THE [SWAMP].","","true","q_post_body","Q Directive","Q Directive","false","KEEP_Q_DIRECTIVE","Q instructs or urges the reader directly."
"3331","0","Enjoy the show!","Enjoy the show!","","true","q_post_body","Q Directive","Q Directive","false","KEEP_Q_DIRECTIVE","Q instructs or urges the reader directly."
"3333","0","Eyes on.","Eyes on.","","true","q_post_body","Q Directive","Q Directive","false","KEEP_Q_DIRECTIVE","Q instructs or urges the reader directly."
"3338","0","Follow the watch.","Follow the watch.","","true","q_post_body","Q Directive","Q Directive","false","KEEP_Q_DIRECTIVE","Q instructs or urges the reader directly."
"3350","0","Be ready.","Be ready.","","true","q_post_body","Q Directive","Q Directive","false","KEEP_Q_DIRECTIVE","Q instructs or urges the reader directly."
"336","0","Have faith.","Have faith.","","true","q_post_body","Q Directive","Removed from Q Directives","true","REMOVE_STATEMENT_OR_HEADING","Religious, but declarative — a statement, slogan or label rather than an instruction."
"3362","0","Connect the dots.","Connect the dots.","","true","q_post_body","Q Directive","Q Directive","false","KEEP_Q_DIRECTIVE","Q instructs or urges the reader directly."
"3366","0","Connect the dots.","Connect the dots.","","true","q_post_body","Q Directive","Q Directive","false","KEEP_Q_DIRECTIVE","Q instructs or urges the reader directly."
"337","0","Watch, confirm, and disseminate.","Watch, confirm, and disseminate.","","true","q_post_body","Q Directive","Q Directive","false","KEEP_Q_DIRECTIVE","Q instructs or urges the reader directly."
"337","1","Have faith.","Have faith.","","true","q_post_body","Q Directive","Removed from Q Directives","true","REMOVE_STATEMENT_OR_HEADING","Religious, but declarative — a statement, slogan or label rather than an instruction."
"337","2","Patriots, rest assured we are in control.","Patriots, rest assured we are in control.","","true","q_post_body","Q Directive","Q Directive","false","KEEP_Q_DIRECTIVE","Q instructs or urges the reader directly."
"337","3","Re-read crumbs re: slave grip the D's have on the black pop.","Re-read crumbs re: slave grip the D's have on the black pop.","","true","q_post_body","Q Directive","Q Directive","false","KEEP_Q_DIRECTIVE","Q instructs or urges the reader directly."
"3371","0","Sometimes you need to 'take one for the team publicly' before you are vindicated as a hero.","Sometimes you need to 'take one for the team publicly' before you are vindicated as a hero.","","true","q_post_body","Q Directive","Q Directive","false","KEEP_Q_DIRECTIVE","Q instructs or urges the reader directly."
"3373","0","Sleep well.","Sleep well.","","true","q_post_body","Q Directive","Q Directive","false","KEEP_Q_DIRECTIVE","Q instructs or urges the reader directly."
"3381","0",">Follow the Family",">Follow the Family","","false","quoted_or_third_party","Q Directive","Removed from Q Directives","false","REMOVE_QUOTED_OR_THIRD_PARTY","The command belongs to an Anonymous post, article, letter, image or screenshot quoted by Q."
"3381","1","DRAIN THE SWAMP.","DRAIN THE SWAMP.","","true","q_post_body","Q Directive","Q Directive","false","KEEP_Q_DIRECTIVE","Q instructs or urges the reader directly."
"3383","0","Imagine what would happen, if, by law, every US Congressman/woman, US Senator, President etc. was by US law audited every 1-2 years by an independent agency.","Imagine what would happen, if, by law, every US Congressman/woman, US Senator, President etc. was by US law audited every 1-2 years by an independent agency.","","true","q_post_body","Q Directive","Q Directive","false","KEEP_Q_DIRECTIVE","Q instructs or urges the reader directly."
"3383","1","DRAIN THE SWAMP.","DRAIN THE SWAMP.","","true","q_post_body","Q Directive","Q Directive","false","KEEP_Q_DIRECTIVE","Q instructs or urges the reader directly."
"3385","0","Expect a lot more to become public (unsealing).","Expect a lot more to become public (unsealing).","","true","q_post_body","Q Directive","Q Directive","false","KEEP_Q_DIRECTIVE","Q instructs or urges the reader directly."
"3387","0","Listen very carefully (again).","Listen very carefully (again).","","true","q_post_body","Q Directive","Q Directive","false","KEEP_Q_DIRECTIVE","Q instructs or urges the reader directly."
"3387","1","Note past (2) years.","Note past (2) years.","","true","q_post_body","Q Directive","Q Directive","false","KEEP_Q_DIRECTIVE","Q instructs or urges the reader directly."
"3387","2","Note next (6) years.","Note next (6) years.","","true","q_post_body","Q Directive","Q Directive","false","KEEP_Q_DIRECTIVE","Q instructs or urges the reader directly."
"3399","0","Ask yourself, is this normal?","Ask yourself, is this normal?","","true","q_post_body","Q Directive","Q Directive","false","KEEP_Q_DIRECTIVE","Q instructs or urges the reader directly."
"34","0","Rest assured, the safety and well-being of every man, woman, and child of this country is being exhausted in full.","Rest assured, the safety and well-being of every man, woman, and child of this country is being exhausted in full.","","true","q_post_body","Q Directive","Q Directive","false","KEEP_Q_DIRECTIVE","Q instructs or urges the reader directly."
"3401","0","Note ""2013"" on the bottom.","Note ""2013"" on the bottom.","","true","q_post_body","Q Directive","Q Directive","false","KEEP_Q_DIRECTIVE","Q instructs or urges the reader directly."
"3404","0","Follow the date.","Follow the date.","","true","q_post_body","Q Directive","Q Directive","false","KEEP_Q_DIRECTIVE","Q instructs or urges the reader directly."
"3409","0","Trust yourself (always).","Trust yourself (always).","","true","q_post_body","Q Directive","Q Directive","false","KEEP_Q_DIRECTIVE","Q instructs or urges the reader directly."
"341","0","Review the law.","Review the law.","","true","q_post_body","Q Directive","Q Directive","false","KEEP_Q_DIRECTIVE","Q instructs or urges the reader directly."
"3417","0","Find the bridge.","Find the bridge.","","true","q_post_body","Q Directive","Q Directive","false","KEEP_Q_DIRECTIVE","Q instructs or urges the reader directly."
"3417","1","Think Company.","Think Company.","","true","q_post_body","Q Directive","Q Directive","false","KEEP_Q_DIRECTIVE","Q instructs or urges the reader directly."
"3417","2","GO BACKWARDS.","GO BACKWARDS.","","true","q_post_body","Q Directive","Q Directive","false","KEEP_Q_DIRECTIVE","Q instructs or urges the reader directly."
"3417","3",">>>>>>>>WATCH NYC<<<<<<<<<",">>>>>>>>WATCH NYC<<<<<<<<<","","true","q_post_body","Q Directive","Q Directive","false","KEEP_Q_DIRECTIVE","Q instructs or urges the reader directly."
"3418","0","Watch CA.","Watch CA.","","true","q_post_body","Q Directive","Q Directive","false","KEEP_Q_DIRECTIVE","Q instructs or urges the reader directly."
"3428","0","Follow the Family.","Follow the Family.","","true","q_post_body","Q Directive","Q Directive","false","KEEP_Q_DIRECTIVE","Q instructs or urges the reader directly."
"3428","1","Open source.","Open source.","","true","q_post_body","Q Directive","Q Directive","false","KEEP_Q_DIRECTIVE","Q instructs or urges the reader directly."
"3428","2","Find [4] http://www.zimbio.com/photos/Ghislaine+Maxwell/2014+ETM+Children+Benefit+Gala/Vl0uC7GgK_w","Find [4] http://www.zimbio.com/photos/Ghislaine+Maxwell/2014+ETM+Children+Benefit+Gala/Vl0uC7GgK_w","","false","quoted_or_third_party","Q Directive","Removed from Q Directives","false","REMOVE_QUOTED_OR_THIRD_PARTY","The command belongs to an Anonymous post, article, letter, image or screenshot quoted by Q."
"3428","3","Find [4]","Find [4]","","true","q_post_body","Q Directive","Q Directive","false","KEEP_Q_DIRECTIVE","Q instructs or urges the reader directly."
"3429","0","Reconcile.","Reconcile.","","true","q_post_body","Q Directive","Q Directive","false","KEEP_Q_DIRECTIVE","Q instructs or urges the reader directly."
"3431","0","Think LdR.","Think LdR.","","true","q_post_body","Q Directive","Q Directive","false","KEEP_Q_DIRECTIVE","Q instructs or urges the reader directly."
"3431","1","Think Epstein.","Think Epstein.","","true","q_post_body","Q Directive","Q Directive","false","KEEP_Q_DIRECTIVE","Q instructs or urges the reader directly."
"3431","2","Think…….","Think…….","","true","q_post_body","Q Directive","Q Directive","false","KEEP_Q_DIRECTIVE","Q instructs or urges the reader directly."
"3431","3","Think Gloria V.","Think Gloria V.","","true","q_post_body","Q Directive","Q Directive","false","KEEP_Q_DIRECTIVE","Q instructs or urges the reader directly."
"3433","0","Think size & scope of continual MSM attack(s).","Think size & scope of continual MSM attack(s).","","true","q_post_body","Q Directive","Q Directive","false","KEEP_Q_DIRECTIVE","Q instructs or urges the reader directly."
"3435","0","Watch the news.","Watch the news.","","true","q_post_body","Q Directive","Q Directive","false","KEEP_Q_DIRECTIVE","Q instructs or urges the reader directly."
"3436","0","Define 'Projection'.","Define 'Projection'.","","true","q_post_body","Q Directive","Q Directive","false","KEEP_Q_DIRECTIVE","Q instructs or urges the reader directly."
"3437","0","Think for yourself.","Think for yourself.","","true","q_post_body","Q Directive","Q Directive","false","KEEP_Q_DIRECTIVE","Q instructs or urges the reader directly."
"3437","1","SEE truth.","SEE truth.","","true","q_post_body","Q Directive","Q Directive","false","KEEP_Q_DIRECTIVE","Q instructs or urges the reader directly."
"344","0","Focus on papers on table.","Focus on papers on table.","","true","q_post_body","Q Directive","Q Directive","false","KEEP_Q_DIRECTIVE","Q instructs or urges the reader directly."
"345","0","Archive - watchers will now erase from web.","Archive - watchers will now erase from web.","","true","q_post_body","Q Directive","Q Directive","false","KEEP_Q_DIRECTIVE","Q instructs or urges the reader directly."
"345","1","Enhance.","Enhance.","","true","q_post_body","Q Directive","Q Directive","false","KEEP_Q_DIRECTIVE","Q instructs or urges the reader directly."
"3453","0","Note the date of the post - Nov 2017.","Note the date of the post - Nov 2017.","","true","q_post_body","Q Directive","Q Directive","false","KEEP_Q_DIRECTIVE","Q instructs or urges the reader directly."
"3453","1","Note events happening today.","Note events happening today.","","true","q_post_body","Q Directive","Q Directive","false","KEEP_Q_DIRECTIVE","Q instructs or urges the reader directly."
"3453","2","Reconcile.","Reconcile.","","true","q_post_body","Q Directive","Q Directive","false","KEEP_Q_DIRECTIVE","Q instructs or urges the reader directly."
"3454","0","Think for yourself.","Think for yourself.","","true","q_post_body","Q Directive","Q Directive","false","KEEP_Q_DIRECTIVE","Q instructs or urges the reader directly."
"3455","0","Reconcile.","Reconcile.","","true","q_post_body","Q Directive","Q Directive","false","KEEP_Q_DIRECTIVE","Q instructs or urges the reader directly."
"3459","0","Ask yourself a very simple Q - why?","Ask yourself a very simple Q - why?","","true","q_post_body","Q Directive","Q Directive","false","KEEP_Q_DIRECTIVE","Q instructs or urges the reader directly."
"346","0","Godspeed, Patriots.","Godspeed, Patriots.","","true","q_post_body","Q Directive","Removed from Q Directives","false","REMOVE_BLESSING_OR_VALEDICTION","A blessing, greeting or closing — it instructs no one."
"3466","0","Enjoy the show!","Enjoy the show!","","true","q_post_body","Q Directive","Q Directive","false","KEEP_Q_DIRECTIVE","Q instructs or urges the reader directly."
"3488","0","Analyze carefully.","Analyze carefully.","","true","q_post_body","Q Directive","Q Directive","false","KEEP_Q_DIRECTIVE","Q instructs or urges the reader directly."
"349","0","God bless, Q","God bless, Q","","false","quoted_or_third_party","Q Directive","Removed from Q Directives","true","REMOVE_BLESSING_OR_VALEDICTION","A blessing, greeting or closing — it instructs no one."
"3490","0","Archive and save.","Archive and save.","","true","q_post_body","Q Directive","Q Directive","false","KEEP_Q_DIRECTIVE","Q instructs or urges the reader directly."
"3491","0","Eyes on.","Eyes on.","","true","q_post_body","Q Directive","Q Directive","false","KEEP_Q_DIRECTIVE","Q instructs or urges the reader directly."
"3494","0","Expand your thinking.","Expand your thinking.","","true","q_post_body","Q Directive","Q Directive","false","KEEP_Q_DIRECTIVE","Q instructs or urges the reader directly."
"35","0","Follow the questions from the previous thread(s) and remain calm, the primary targets are within DC and remain at the top (on both sides).","Follow the questions from the previous thread(s) and remain calm, the primary targets are within DC and remain at the top (on both sides).","","true","q_post_body","Q Directive","Q Directive","false","KEEP_Q_DIRECTIVE","Q instructs or urges the reader directly."
"35","1","Look for more false flags – stay alert, be vigilant, and above all, please pray.","Look for more false flags – stay alert, be vigilant, and above all, please pray.","","true","q_post_body","Q Directive","Q Directive","true","KEEP_Q_DIRECTIVE","Q instructs or urges the reader directly."
"35","2","God bless my fellow Americans.","God bless my fellow Americans.","","true","q_post_body","Q Directive","Removed from Q Directives","true","REMOVE_BLESSING_OR_VALEDICTION","A blessing, greeting or closing — it instructs no one."
"35","3","It is time to take back our country and make America great again.","It is time to take back our country and make America great again.","","true","q_post_body","Q Directive","Q Directive","false","KEEP_Q_DIRECTIVE","Q instructs or urges the reader directly."
"35","4","Let us salute and pray for the brave men and women in uniform who will undertake this assignment to bring forth peace, unity, and return power to the people.","Let us salute and pray for the brave men and women in uniform who will undertake this assignment to bring forth peace, unity, and return power to the people.","","true","q_post_body","Q Directive","Q Directive + Religion & Spirituality","true","KEEP_DIRECTIVE_AND_RELIGIOUS_THEME","Q-authored religious command. Stays a Directive AND belongs to Religion & Spirituality."
"350","0","Find the spider(s) and build the web (the 'map').","Find the spider(s) and build the web (the 'map').","","true","q_post_body","Q Directive","Q Directive","false","KEEP_Q_DIRECTIVE","Q instructs or urges the reader directly."
"350","1","Remember, they consider you to be the fly (specifically, the 'feeder').","Remember, they consider you to be the fly (specifically, the 'feeder').","","true","q_post_body","Q Directive","Q Directive","false","KEEP_Q_DIRECTIVE","Q instructs or urges the reader directly."
"350","2","Remember, they never thought she was going to lose.","Remember, they never thought she was going to lose.","","true","q_post_body","Q Directive","Q Directive","false","KEEP_Q_DIRECTIVE","Q instructs or urges the reader directly."
"350","3","Follow the husbands.","Follow the husbands.","","true","q_post_body","Q Directive","Q Directive","false","KEEP_Q_DIRECTIVE","Q instructs or urges the reader directly."
"3501","0","Define 'False Flag'.","Define 'False Flag'.","","true","q_post_body","Q Directive","Q Directive","false","KEEP_Q_DIRECTIVE","Q instructs or urges the reader directly."
"3503","0","God bless and thank you.","God bless and thank you.","","true","q_post_body","Q Directive","Removed from Q Directives","true","REMOVE_BLESSING_OR_VALEDICTION","A blessing, greeting or closing — it instructs no one."
"3507","0","Think for yourself.","Think for yourself.","","true","q_post_body","Q Directive","Q Directive","false","KEEP_Q_DIRECTIVE","Q instructs or urges the reader directly."
"351","0","Godspeed, Patriots.","Godspeed, Patriots.","","true","q_post_body","Q Directive","Removed from Q Directives","false","REMOVE_BLESSING_OR_VALEDICTION","A blessing, greeting or closing — it instructs no one."
"3514","0","Stay awake.","Stay awake.","","true","q_post_body","Q Directive","Q Directive","false","KEEP_Q_DIRECTIVE","Q instructs or urges the reader directly."
"3518","0","Ask yourself a very simple Q -","Ask yourself a very simple Q -","","true","q_post_body","Q Directive","Q Directive","false","KEEP_Q_DIRECTIVE","Q instructs or urges the reader directly."
"3524","0","Pause, re-read above.","Pause, re-read above.","","true","q_post_body","Q Directive","Q Directive","false","KEEP_Q_DIRECTIVE","Q instructs or urges the reader directly."
"3524","1","Pause, re-read above (again).","Pause, re-read above (again).","","true","q_post_body","Q Directive","Q Directive","false","KEEP_Q_DIRECTIVE","Q instructs or urges the reader directly."
"3528","0","DRAIN THE SWAMP!","DRAIN THE SWAMP!","","true","q_post_body","Q Directive","Q Directive","false","KEEP_Q_DIRECTIVE","Q instructs or urges the reader directly."
"353","0","Godspeed, Q","Godspeed, Q","","false","quoted_or_third_party","Q Directive","Removed from Q Directives","false","REMOVE_BLESSING_OR_VALEDICTION","A blessing, greeting or closing — it instructs no one."
"3530","0","Follow the money.","Follow the money.","","true","q_post_body","Q Directive","Q Directive","false","KEEP_Q_DIRECTIVE","Q instructs or urges the reader directly."
"3530","1","Follow the family.","Follow the family.","","true","q_post_body","Q Directive","Q Directive","false","KEEP_Q_DIRECTIVE","Q instructs or urges the reader directly."
"3533","0","Think 2020.","Think 2020.","","true","q_post_body","Q Directive","Q Directive","false","KEEP_Q_DIRECTIVE","Q instructs or urges the reader directly."
"3539","0","Enjoy the show.","Enjoy the show.","","true","q_post_body","Q Directive","Q Directive","false","KEEP_Q_DIRECTIVE","Q instructs or urges the reader directly."
"354","0","Find the spider(s) and build the web (the 'map').","Find the spider(s) and build the web (the 'map').","","true","q_post_body","Q Directive","Q Directive","false","KEEP_Q_DIRECTIVE","Q instructs or urges the reader directly."
"354","1","Remember, they consider you to be the fly (specifically, the 'feeder').","Remember, they consider you to be the fly (specifically, the 'feeder').","","true","q_post_body","Q Directive","Q Directive","false","KEEP_Q_DIRECTIVE","Q instructs or urges the reader directly."
"354","2","Remember, they never thought she was going to lose.","Remember, they never thought she was going to lose.","","true","q_post_body","Q Directive","Q Directive","false","KEEP_Q_DIRECTIVE","Q instructs or urges the reader directly."
"354","3","Follow the husbands.","Follow the husbands.","","true","q_post_body","Q Directive","Q Directive","false","KEEP_Q_DIRECTIVE","Q instructs or urges the reader directly."
"3540","0","Ask yourself a simple Q - why?","Ask yourself a simple Q - why?","","true","q_post_body","Q Directive","Q Directive","false","KEEP_Q_DIRECTIVE","Q instructs or urges the reader directly."
"3553","0","Re-read past drops re: VOTER ID.","Re-read past drops re: VOTER ID.","","true","q_post_body","Q Directive","Q Directive","false","KEEP_Q_DIRECTIVE","Q instructs or urges the reader directly."
"3556","0","Prepare for 'VOTER ID = voter suppression of minority vote'.","Prepare for 'VOTER ID = voter suppression of minority vote'.","","true","q_post_body","Q Directive","Q Directive","false","KEEP_Q_DIRECTIVE","Q instructs or urges the reader directly."
"3559","0","Watch the news this week.","Watch the news this week.","","true","q_post_body","Q Directive","Q Directive","false","KEEP_Q_DIRECTIVE","Q instructs or urges the reader directly."
"3567","0","See Guardian article.","See Guardian article.","","true","q_post_body","Q Directive","Q Directive","false","KEEP_Q_DIRECTIVE","Q instructs or urges the reader directly."
"3568","0","Be vigilant.","Be vigilant.","","true","q_post_body","Q Directive","Q Directive","false","KEEP_Q_DIRECTIVE","Q instructs or urges the reader directly."
"3568","1","See something.","See something.","","true","q_post_body","Q Directive","Q Directive","false","KEEP_Q_DIRECTIVE","Q instructs or urges the reader directly."
"3568","2","Say something.","Say something.","","true","q_post_body","Q Directive","Q Directive","false","KEEP_Q_DIRECTIVE","Q instructs or urges the reader directly."
"3568","3","Know your surroundings at all times.","Know your surroundings at all times.","","true","q_post_body","Q Directive","Q Directive","false","KEEP_Q_DIRECTIVE","Q instructs or urges the reader directly."
"3581","0","Be ready, Patriots.","Be ready, Patriots.","","true","q_post_body","Q Directive","Q Directive","false","KEEP_Q_DIRECTIVE","Q instructs or urges the reader directly."
"3582","0","Ask yourself, why?","Ask yourself, why?","","true","q_post_body","Q Directive","Q Directive","false","KEEP_Q_DIRECTIVE","Q instructs or urges the reader directly."
"3586","0","Define 'black op' [clandestine]","Define 'black op' [clandestine]","","true","q_post_body","Q Directive","Q Directive","false","KEEP_Q_DIRECTIVE","Q instructs or urges the reader directly."
"3586","1","Define 'black op' [clandestine]","Define 'black op' [clandestine]","","true","q_post_body","Q Directive","Q Directive","false","KEEP_Q_DIRECTIVE","Q instructs or urges the reader directly."
"3588","0","Ask yourself a very basic question – would the FAKE NEWS complex [NYT, WASHPOST, NBC, ABC, BBC, ………………………………………………………….] attack us if we weren't a 'real' threat?","Ask yourself a very basic question – would the FAKE NEWS complex [NYT, WASHPOST, NBC, ABC, BBC, ………………………………………………………….] attack us if we weren't a 'real' threat?","","true","q_post_body","Q Directive","Q Directive","false","KEEP_Q_DIRECTIVE","Q instructs or urges the reader directly."
"3588","1","Ask yourself a very basic question – why is the 'forum' where [drops] are made under constant attack?","Ask yourself a very basic question – why is the 'forum' where [drops] are made under constant attack?","","true","q_post_body","Q Directive","Q Directive","false","KEEP_Q_DIRECTIVE","Q instructs or urges the reader directly."
"3588","2","Trust yourself.","Trust yourself.","","true","q_post_body","Q Directive","Q Directive","false","KEEP_Q_DIRECTIVE","Q instructs or urges the reader directly."
"3588","3","RETURN POWER TO THE PEOPLE.","RETURN POWER TO THE PEOPLE.","","true","q_post_body","Q Directive","Q Directive","false","KEEP_Q_DIRECTIVE","Q instructs or urges the reader directly."
"3588","4","Be free in your thoughts.","Be free in your thoughts.","","true","q_post_body","Q Directive","Q Directive","false","KEEP_Q_DIRECTIVE","Q instructs or urges the reader directly."
"3590","0","Read carefully.","Read carefully.","","true","q_post_body","Q Directive","Q Directive","false","KEEP_Q_DIRECTIVE","Q instructs or urges the reader directly."
"3590","1","Re-read carefully.","Re-read carefully.","","true","q_post_body","Q Directive","Q Directive","false","KEEP_Q_DIRECTIVE","Q instructs or urges the reader directly."
"3590","2","Re-read drops re: Spy_insert.","Re-read drops re: Spy_insert.","","true","q_post_body","Q Directive","Q Directive","false","KEEP_Q_DIRECTIVE","Q instructs or urges the reader directly."
"3591","0","Follow the family.","Follow the family.","","true","q_post_body","Q Directive","Q Directive","false","KEEP_Q_DIRECTIVE","Q instructs or urges the reader directly."
"3592","0","Follow the family.","Follow the family.","","true","q_post_body","Q Directive","Q Directive","false","KEEP_Q_DIRECTIVE","Q instructs or urges the reader directly."
"3593","0","Put on the full armor of God, so that you can take your stand against the devil's schemes.","Put on the full armor of God, so that you can take your stand against the devil's schemes.","","true","q_post_body","Q Directive","Removed from Q Directives","true","REMOVE_QUOTED_SCRIPTURE","Grammatically imperative, but the imperative belongs to quoted Bible text, not to Q."
"3593","1","Stand firm then, with the belt of truth buckled around your waist, with the breastplate of righteousness in place, and with your feet fitted with the readiness that comes from the gospel of peace.","Stand firm then, with the belt of truth buckled around your waist, with the breastplate of righteousness in place, and with your feet fitted with the readiness that comes from the gospel of peace.","","true","q_post_body","Q Directive","Removed from Q Directives","false","REMOVE_QUOTED_SCRIPTURE","Grammatically imperative, but the imperative belongs to quoted Bible text, not to Q."
"3593","2","Take the helmet of salvation and the sword of the Spirit, which is the word of God.","Take the helmet of salvation and the sword of the Spirit, which is the word of God.","","true","q_post_body","Q Directive","Removed from Q Directives","true","REMOVE_QUOTED_SCRIPTURE","Grammatically imperative, but the imperative belongs to quoted Bible text, not to Q."
"3593","3","Prepare.","Prepare.","","true","q_post_body","Q Directive","Q Directive","false","KEEP_Q_DIRECTIVE","Q instructs or urges the reader directly."
"3594","0","Put on the full armor of God, so that you can take your stand against the devil's schemes.","Put on the full armor of God, so that you can take your stand against the devil's schemes.","","true","q_post_body","Q Directive","Removed from Q Directives","true","REMOVE_QUOTED_SCRIPTURE","Grammatically imperative, but the imperative belongs to quoted Bible text, not to Q."
"3594","1","Stand firm then, with the belt of truth buckled around your waist, with the breastplate of righteousness in place, and with your feet fitted with the readiness that comes from the gospel of peace.","Stand firm then, with the belt of truth buckled around your waist, with the breastplate of righteousness in place, and with your feet fitted with the readiness that comes from the gospel of peace.","","true","q_post_body","Q Directive","Removed from Q Directives","false","REMOVE_QUOTED_SCRIPTURE","Grammatically imperative, but the imperative belongs to quoted Bible text, not to Q."
"3594","2","Take the helmet of salvation and the sword of the Spirit, which is the word of God.","Take the helmet of salvation and the sword of the Spirit, which is the word of God.","","true","q_post_body","Q Directive","Removed from Q Directives","true","REMOVE_QUOTED_SCRIPTURE","Grammatically imperative, but the imperative belongs to quoted Bible text, not to Q."
"3594","3","Prepare.","Prepare.","","true","q_post_body","Q Directive","Q Directive","false","KEEP_Q_DIRECTIVE","Q instructs or urges the reader directly."
"3596","0","Enjoy the show!","Enjoy the show!","","true","q_post_body","Q Directive","Q Directive","false","KEEP_Q_DIRECTIVE","Q instructs or urges the reader directly."
"3597","0","Reconcile.","Reconcile.","","true","q_post_body","Q Directive","Q Directive","false","KEEP_Q_DIRECTIVE","Q instructs or urges the reader directly."
"36","0","Focus on Flynn.","Focus on Flynn.","","true","q_post_body","Q Directive","Q Directive","false","KEEP_Q_DIRECTIVE","Q instructs or urges the reader directly."
"36","1","Remember it was expected HRC was going to win during this time period.","Remember it was expected HRC was going to win during this time period.","","true","q_post_body","Q Directive","Q Directive","false","KEEP_Q_DIRECTIVE","Q instructs or urges the reader directly."
"36","2","Dig deeper - missing critical points to paint the full picture.","Dig deeper - missing critical points to paint the full picture.","","true","q_post_body","Q Directive","Q Directive","false","KEEP_Q_DIRECTIVE","Q instructs or urges the reader directly."
"36","3","Please be safe and pray for those in harms way as they continually protect and serve our great country.","Please be safe and pray for those in harms way as they continually protect and serve our great country.","","false","quoted_or_third_party","Q Directive","Removed from Q Directives","true","REMOVE_QUOTED_OR_THIRD_PARTY","The command belongs to an Anonymous post, article, letter, image or screenshot quoted by Q."
"3604","0","Enjoy the show!","Enjoy the show!","","true","q_post_body","Q Directive","Q Directive","false","KEEP_Q_DIRECTIVE","Q instructs or urges the reader directly."
"3607","0","Define 'Projection'.","Define 'Projection'.","","true","q_post_body","Q Directive","Q Directive","false","KEEP_Q_DIRECTIVE","Q instructs or urges the reader directly."
"3611","0","Read carefully.","Read carefully.","","true","q_post_body","Q Directive","Q Directive","false","KEEP_Q_DIRECTIVE","Q instructs or urges the reader directly."
"3613","0","Read again – digest.","Read again – digest.","","true","q_post_body","Q Directive","Q Directive","false","KEEP_Q_DIRECTIVE","Q instructs or urges the reader directly."
"3616","0","Handle w/ care.","Handle w/ care.","","true","q_post_body","Q Directive","Q Directive","false","KEEP_Q_DIRECTIVE","Q instructs or urges the reader directly."
"3618","0","Suggest update delay to prevent IDEN re-check re: trip update failure until platform stabilized.","Suggest update delay to prevent IDEN re-check re: trip update failure until platform stabilized.","","true","q_post_body","Q Directive","Q Directive","false","KEEP_Q_DIRECTIVE","Q instructs or urges the reader directly."
"362","0","Godspeed, Patriots.","Godspeed, Patriots.","","true","q_post_body","Q Directive","Removed from Q Directives","false","REMOVE_BLESSING_OR_VALEDICTION","A blessing, greeting or closing — it instructs no one."
"3620","0","Think non_public.","Think non_public.","","true","q_post_body","Q Directive","Q Directive","false","KEEP_Q_DIRECTIVE","Q instructs or urges the reader directly."
"3623","0","Think Iran.","Think Iran.","","true","q_post_body","Q Directive","Q Directive","false","KEEP_Q_DIRECTIVE","Q instructs or urges the reader directly."
"3623","1","Think Paris Accord [attempt].","Think Paris Accord [attempt].","","true","q_post_body","Q Directive","Q Directive","false","KEEP_Q_DIRECTIVE","Q instructs or urges the reader directly."
"3623","2","Think All.","Think All.","","true","q_post_body","Q Directive","Q Directive","false","KEEP_Q_DIRECTIVE","Q instructs or urges the reader directly."
"3623","3","Re-read drops re: 'Foreign Aid'","Re-read drops re: 'Foreign Aid'","","true","q_post_body","Q Directive","Q Directive","false","KEEP_Q_DIRECTIVE","Q instructs or urges the reader directly."
"3627","0","Watch","Watch","","true","q_post_body","Q Directive","Q Directive","false","KEEP_Q_DIRECTIVE","Q instructs or urges the reader directly."
"3635","0","Enjoy the show!","Enjoy the show!","","true","q_post_body","Q Directive","Q Directive","false","KEEP_Q_DIRECTIVE","Q instructs or urges the reader directly."
"364","0","Follow the crumbs.","Follow the crumbs.","","true","q_post_body","Q Directive","Q Directive","false","KEEP_Q_DIRECTIVE","Q instructs or urges the reader directly."
"364","1","Enjoy the show!","Enjoy the show!","","true","q_post_body","Q Directive","Q Directive","false","KEEP_Q_DIRECTIVE","Q instructs or urges the reader directly."
"3645","0","Be ready, Anons.","Be ready, Anons.","","true","q_post_body","Q Directive","Q Directive","false","KEEP_Q_DIRECTIVE","Q instructs or urges the reader directly."
"3647","0",">Create media blitz [scare] campaign ('talking points')('alarmist')",">Create media blitz [scare] campaign ('talking points')('alarmist')","","false","quoted_or_third_party","Q Directive","Removed from Q Directives","false","REMOVE_QUOTED_OR_THIRD_PARTY","The command belongs to an Anonymous post, article, letter, image or screenshot quoted by Q."
"3647","1",">Use 'pro-narrative minded' authorities on subject to provide foundation to support",">Use 'pro-narrative minded' authorities on subject to provide foundation to support","","false","quoted_or_third_party","Q Directive","Removed from Q Directives","false","REMOVE_QUOTED_OR_THIRD_PARTY","The command belongs to an Anonymous post, article, letter, image or screenshot quoted by Q."
"3647","2",">Deploy 'circular reporting' and 'group-think' tactics (echo chamber) to artificially raise 'public outcry'",">Deploy 'circular reporting' and 'group-think' tactics (echo chamber) to artificially raise 'public outcry'","","false","quoted_or_third_party","Q Directive","Removed from Q Directives","false","REMOVE_QUOTED_OR_THIRD_PARTY","The command belongs to an Anonymous post, article, letter, image or screenshot quoted by Q."
"3647","3",">Use 'public outcry' to justify billion dollar taxpayer spend",">Use 'public outcry' to justify billion dollar taxpayer spend","","false","quoted_or_third_party","Q Directive","Removed from Q Directives","false","REMOVE_QUOTED_OR_THIRD_PARTY","The command belongs to an Anonymous post, article, letter, image or screenshot quoted by Q."
"365","0","Find the markers.","Find the markers.","","true","q_post_body","Q Directive","Q Directive","false","KEEP_Q_DIRECTIVE","Q instructs or urges the reader directly."
"365","1","Learn double meanings.","Learn double meanings.","","true","q_post_body","Q Directive","Q Directive","false","KEEP_Q_DIRECTIVE","Q instructs or urges the reader directly."
"3651","0","Enjoy the show!","Enjoy the show!","","true","q_post_body","Q Directive","Q Directive","false","KEEP_Q_DIRECTIVE","Q instructs or urges the reader directly."
"3658","0","ALL HANDS ON DECK.","ALL HANDS ON DECK.","","true","q_post_body","Q Directive","Q Directive","false","KEEP_Q_DIRECTIVE","Q instructs or urges the reader directly."
"3661","0","Ask yourself a very simple question, why?","Ask yourself a very simple question, why?","","true","q_post_body","Q Directive","Q Directive","false","KEEP_Q_DIRECTIVE","Q instructs or urges the reader directly."
"3662","0","Think for yourself.","Think for yourself.","","true","q_post_body","Q Directive","Q Directive","false","KEEP_Q_DIRECTIVE","Q instructs or urges the reader directly."
"3662","1","Trust yourself.","Trust yourself.","","true","q_post_body","Q Directive","Q Directive","false","KEEP_Q_DIRECTIVE","Q instructs or urges the reader directly."
"3662","2","Do due diligence.","Do due diligence.","","true","q_post_body","Q Directive","Q Directive","false","KEEP_Q_DIRECTIVE","Q instructs or urges the reader directly."
"3663","0","Think Harvard.","Think Harvard.","","true","q_post_body","Q Directive","Q Directive","false","KEEP_Q_DIRECTIVE","Q instructs or urges the reader directly."
"3663","1","Think tax break.","Think tax break.","","true","q_post_body","Q Directive","Q Directive","false","KEEP_Q_DIRECTIVE","Q instructs or urges the reader directly."
"3663","2","Think political career.","Think political career.","","true","q_post_body","Q Directive","Q Directive","false","KEEP_Q_DIRECTIVE","Q instructs or urges the reader directly."
"3663","3","DRAIN THE SWAMP!","DRAIN THE SWAMP!","","true","q_post_body","Q Directive","Q Directive","false","KEEP_Q_DIRECTIVE","Q instructs or urges the reader directly."
"3664","0","Fight, Fight!","Fight, Fight!","","true","q_post_body","Q Directive","Q Directive","false","KEEP_Q_DIRECTIVE","Q instructs or urges the reader directly."
"3677","0","Enjoy the show!","Enjoy the show!","","true","q_post_body","Q Directive","Q Directive","false","KEEP_Q_DIRECTIVE","Q instructs or urges the reader directly."
"3683","0","God bless you.","God bless you.","","false","quoted_or_third_party","Q Directive","Removed from Q Directives","true","REMOVE_BLESSING_OR_VALEDICTION","A blessing, greeting or closing — it instructs no one."
"3684","0","Think for yourself.","Think for yourself.","","true","q_post_body","Q Directive","Q Directive","false","KEEP_Q_DIRECTIVE","Q instructs or urges the reader directly."
"3688","0","Think Q/Durham start date.","Think Q/Durham start date.","","true","q_post_body","Q Directive","Q Directive","false","KEEP_Q_DIRECTIVE","Q instructs or urges the reader directly."
"3694","0","Never forget who directed.","Never forget who directed.","","true","q_post_body","Q Directive","Q Directive","false","KEEP_Q_DIRECTIVE","Q instructs or urges the reader directly."
"3699","0","Name worth remembering.","Name worth remembering.","","true","q_post_body","Q Directive","Q Directive","false","KEEP_Q_DIRECTIVE","Q instructs or urges the reader directly."
"37","0","Fight the good fight.","Fight the good fight.","","true","q_post_body","Q Directive","Q Directive","false","KEEP_Q_DIRECTIVE","Q instructs or urges the reader directly."
"37","1","Let these coming days be remembered in our history as the time we fought to recapture the republic from those evil bad actors who for so long have sacrificed the good people of this land for their own personal gain.","Let these coming days be remembered in our history as the time we fought to recapture the republic from those evil bad actors who for so long have sacrificed the good people of this land for their own personal gain.","","true","q_post_body","Q Directive","Q Directive","false","KEEP_Q_DIRECTIVE","Q instructs or urges the reader directly."
"37","2","LET JUSTICE BE SERVED.","LET JUSTICE BE SERVED.","","true","q_post_body","Q Directive","Q Directive","false","KEEP_Q_DIRECTIVE","Q instructs or urges the reader directly."
"3701","0","Think Coats.","Think Coats.","","true","q_post_body","Q Directive","Q Directive","false","KEEP_Q_DIRECTIVE","Q instructs or urges the reader directly."
"3703","0","Think recent doc release.","Think recent doc release.","","true","q_post_body","Q Directive","Q Directive","false","KEEP_Q_DIRECTIVE","Q instructs or urges the reader directly."
"3704","0","Remember, misspellings matter.","Remember, misspellings matter.","","true","q_post_body","Q Directive","Q Directive","false","KEEP_Q_DIRECTIVE","Q instructs or urges the reader directly."
"371","0","Expand your thinking.","Expand your thinking.","","true","q_post_body","Q Directive","Q Directive","false","KEEP_Q_DIRECTIVE","Q instructs or urges the reader directly."
"3714","0","Think FLYNN_FISA [ILLEGAL?]","Think FLYNN_FISA [ILLEGAL?]","","true","q_post_body","Q Directive","Q Directive","false","KEEP_Q_DIRECTIVE","Q instructs or urges the reader directly."
"3718","0","Think FBI departures.","Think FBI departures.","","true","q_post_body","Q Directive","Q Directive","false","KEEP_Q_DIRECTIVE","Q instructs or urges the reader directly."
"3718","1","Think DOJ departures.","Think DOJ departures.","","true","q_post_body","Q Directive","Q Directive","false","KEEP_Q_DIRECTIVE","Q instructs or urges the reader directly."
"372","0","TRUST SESSIONS.","TRUST SESSIONS.","","true","q_post_body","Q Directive","Q Directive","false","KEEP_Q_DIRECTIVE","Q instructs or urges the reader directly."
"372","1","Enjoy the show.","Enjoy the show.","","true","q_post_body","Q Directive","Q Directive","false","KEEP_Q_DIRECTIVE","Q instructs or urges the reader directly."
"3721","0","Read again – digest.","Read again – digest.","","true","q_post_body","Q Directive","Q Directive","false","KEEP_Q_DIRECTIVE","Q instructs or urges the reader directly."
"3728","0","Pray.","Pray.","","true","q_post_body","Q Directive","Q Directive + Religion & Spirituality","true","KEEP_DIRECTIVE_AND_RELIGIOUS_THEME","Q-authored religious command. Stays a Directive AND belongs to Religion & Spirituality."
"3728","1","Sometimes you must sacrifice yourself for the greater good.","Sometimes you must sacrifice yourself for the greater good.","","true","q_post_body","Q Directive","Q Directive","false","KEEP_Q_DIRECTIVE","Q instructs or urges the reader directly."
"3729","0","Know your history and you will know why.","Know your history and you will know why.","","true","q_post_body","Q Directive","Q Directive","false","KEEP_Q_DIRECTIVE","Q instructs or urges the reader directly."
"3734","0","Expand you're thinking.","Expand you're thinking.","","true","q_post_body","Q Directive","Q Directive","false","KEEP_Q_DIRECTIVE","Q instructs or urges the reader directly."
"374","0","Pray.","Pray.","","true","q_post_body","Q Directive","Q Directive + Religion & Spirituality","true","KEEP_DIRECTIVE_AND_RELIGIOUS_THEME","Q-authored religious command. Stays a Directive AND belongs to Religion & Spirituality."
"3741","0","Think 'fast-tracking'.","Think 'fast-tracking'.","","true","q_post_body","Q Directive","Q Directive","false","KEEP_Q_DIRECTIVE","Q instructs or urges the reader directly."
"3748","0","Do not mistake this backchannel [tool] as a means to be complacent.","Do not mistake this backchannel [tool] as a means to be complacent.","","true","q_post_body","Q Directive","Q Directive","false","KEEP_Q_DIRECTIVE","Q instructs or urges the reader directly."
"3748","1","Fight!","Fight!","","true","q_post_body","Q Directive","Q Directive","false","KEEP_Q_DIRECTIVE","Q instructs or urges the reader directly."
"3749","0","Watch and listen carefully.","Watch and listen carefully.","","true","q_post_body","Q Directive","Q Directive","false","KEEP_Q_DIRECTIVE","Q instructs or urges the reader directly."
"3752","0","Keep up the good fight, Anons.","Keep up the good fight, Anons.","","true","q_post_body","Q Directive","Q Directive","false","KEEP_Q_DIRECTIVE","Q instructs or urges the reader directly."
"3754","0","Follow the money.","Follow the money.","","true","q_post_body","Q Directive","Q Directive","false","KEEP_Q_DIRECTIVE","Q instructs or urges the reader directly."
"3773","0","Follow the guide.","Follow the guide.","","true","q_post_body","Q Directive","Q Directive","false","KEEP_Q_DIRECTIVE","Q instructs or urges the reader directly."
"3784","0","Think GJ material.","Think GJ material.","","true","q_post_body","Q Directive","Q Directive","false","KEEP_Q_DIRECTIVE","Q instructs or urges the reader directly."
"3787","0","Don't worry, it won't be boring forever.","Don't worry, it won't be boring forever.","","true","q_post_body","Q Directive","Q Directive","false","KEEP_Q_DIRECTIVE","Q instructs or urges the reader directly."
"3791","0","Watch the news.","Watch the news.","","true","q_post_body","Q Directive","Q Directive","false","KEEP_Q_DIRECTIVE","Q instructs or urges the reader directly."
"3798","0","Think CEOs.","Think CEOs.","","true","q_post_body","Q Directive","Q Directive","false","KEEP_Q_DIRECTIVE","Q instructs or urges the reader directly."
"3798","1","Think FBI.","Think FBI.","","true","q_post_body","Q Directive","Q Directive","false","KEEP_Q_DIRECTIVE","Q instructs or urges the reader directly."
"3798","2","Think DOJ.","Think DOJ.","","true","q_post_body","Q Directive","Q Directive","false","KEEP_Q_DIRECTIVE","Q instructs or urges the reader directly."
"3798","3","Think WH.","Think WH.","","true","q_post_body","Q Directive","Q Directive","false","KEEP_Q_DIRECTIVE","Q instructs or urges the reader directly."
"3798","4","Think C_A.","Think C_A.","","true","q_post_body","Q Directive","Q Directive","false","KEEP_Q_DIRECTIVE","Q instructs or urges the reader directly."
"3798","5","Think [F] intel.","Think [F] intel.","","true","q_post_body","Q Directive","Q Directive","false","KEEP_Q_DIRECTIVE","Q instructs or urges the reader directly."
"3798","6","Think Judge install.","Think Judge install.","","true","q_post_body","Q Directive","Q Directive","false","KEEP_Q_DIRECTIVE","Q instructs or urges the reader directly."
"3798","7","Think SC install.","Think SC install.","","true","q_post_body","Q Directive","Q Directive","false","KEEP_Q_DIRECTIVE","Q instructs or urges the reader directly."
"3798","8","Think DOJ install.","Think DOJ install.","","true","q_post_body","Q Directive","Q Directive","false","KEEP_Q_DIRECTIVE","Q instructs or urges the reader directly."
"3798","9","Think FBI install.","Think FBI install.","","true","q_post_body","Q Directive","Q Directive","false","KEEP_Q_DIRECTIVE","Q instructs or urges the reader directly."
"3798","10","Think C_A install.","Think C_A install.","","true","q_post_body","Q Directive","Q Directive","false","KEEP_Q_DIRECTIVE","Q instructs or urges the reader directly."
"3798","11","Think PM UK install.","Think PM UK install.","","true","q_post_body","Q Directive","Q Directive","false","KEEP_Q_DIRECTIVE","Q instructs or urges the reader directly."
"3798","12","Think!","Think!","","true","q_post_body","Q Directive","Q Directive","false","KEEP_Q_DIRECTIVE","Q instructs or urges the reader directly."
"3798","13","Think State.","Think State.","","true","q_post_body","Q Directive","Q Directive","false","KEEP_Q_DIRECTIVE","Q instructs or urges the reader directly."
"38","0","Think logically about the timing of everything happening.","Think logically about the timing of everything happening.","","true","q_post_body","Q Directive","Q Directive","false","KEEP_Q_DIRECTIVE","Q instructs or urges the reader directly."
"38","1","Note increased military movement.","Note increased military movement.","","true","q_post_body","Q Directive","Q Directive","false","KEEP_Q_DIRECTIVE","Q instructs or urges the reader directly."
"38","2","Note NG deployments starting tomorrow.","Note NG deployments starting tomorrow.","","true","q_post_body","Q Directive","Q Directive","false","KEEP_Q_DIRECTIVE","Q instructs or urges the reader directly."
"38","3","Note false flags.","Note false flags.","","true","q_post_body","Q Directive","Q Directive","false","KEEP_Q_DIRECTIVE","Q instructs or urges the reader directly."
"38","4","Follow Huma.","Follow Huma.","","true","q_post_body","Q Directive","Q Directive","false","KEEP_Q_DIRECTIVE","Q instructs or urges the reader directly."
"38","5","Prepare messages of reassurance based on what was dropped here to spread on different platforms.","Prepare messages of reassurance based on what was dropped here to spread on different platforms.","","true","q_post_body","Q Directive","Q Directive","false","KEEP_Q_DIRECTIVE","Q instructs or urges the reader directly."
"3800","0","Think Durham start.","Think Durham start.","","true","q_post_body","Q Directive","Q Directive","false","KEEP_Q_DIRECTIVE","Q instructs or urges the reader directly."
"3800","1","Think 'Q' start.","Think 'Q' start.","","true","q_post_body","Q Directive","Q Directive","false","KEEP_Q_DIRECTIVE","Q instructs or urges the reader directly."
"3801","0","Enjoy the show!","Enjoy the show!","","true","q_post_body","Q Directive","Q Directive","false","KEEP_Q_DIRECTIVE","Q instructs or urges the reader directly."
"3812","0","Remember these names.","Remember these names.","","true","q_post_body","Q Directive","Q Directive","false","KEEP_Q_DIRECTIVE","Q instructs or urges the reader directly."
"3819","0","Read [1] https://www.miamiherald.com/news/politics-government/article237959369.html","Read [1] https://www.miamiherald.com/news/politics-government/article237959369.html","","false","quoted_or_third_party","Q Directive","Removed from Q Directives","false","REMOVE_QUOTED_OR_THIRD_PARTY","The command belongs to an Anonymous post, article, letter, image or screenshot quoted by Q."
"3819","1","Read [2] https://www.miamiherald.com/news/politics-government/article214974800.html","Read [2] https://www.miamiherald.com/news/politics-government/article214974800.html","","false","quoted_or_third_party","Q Directive","Removed from Q Directives","false","REMOVE_QUOTED_OR_THIRD_PARTY","The command belongs to an Anonymous post, article, letter, image or screenshot quoted by Q."
"3819","2","Read [1]","Read [1]","","true","q_post_body","Q Directive","Q Directive","false","KEEP_Q_DIRECTIVE","Q instructs or urges the reader directly."
"3819","3","Read [2]","Read [2]","","true","q_post_body","Q Directive","Q Directive","false","KEEP_Q_DIRECTIVE","Q instructs or urges the reader directly."
"3824","0","Open your eyes to see the TRUTH.","Open your eyes to see the TRUTH.","","true","q_post_body","Q Directive","Q Directive","false","KEEP_Q_DIRECTIVE","Q instructs or urges the reader directly."
"3831","0","Buckle up!","Buckle up!","","true","q_post_body","Q Directive","Q Directive","false","KEEP_Q_DIRECTIVE","Q instructs or urges the reader directly."
"3835","0","Read carefully _ big development.","Read carefully _ big development.","","true","q_post_body","Q Directive","Q Directive","false","KEEP_Q_DIRECTIVE","Q instructs or urges the reader directly."
"3836","0","Think HRC Russia reset statement [Russia].","Think HRC Russia reset statement [Russia].","","true","q_post_body","Q Directive","Q Directive","false","KEEP_Q_DIRECTIVE","Q instructs or urges the reader directly."
"3836","1","Think Hussein 'I'll have more flexibility after the election' hot mic statement to Russian depo re: Q to Hussein re: Putin.","Think Hussein 'I'll have more flexibility after the election' hot mic statement to Russian depo re: Q to Hussein re: Putin.","","false","quoted_or_third_party","Q Directive","Removed from Q Directives","false","REMOVE_QUOTED_OR_THIRD_PARTY","The command belongs to an Anonymous post, article, letter, image or screenshot quoted by Q."
"3836","2","Think Hussein WH refusal to send weapons to Ukraine [R Congress push to assist] but instead sent only blankets.","Think Hussein WH refusal to send weapons to Ukraine [R Congress push to assist] but instead sent only blankets.","","false","quoted_or_third_party","Q Directive","Removed from Q Directives","false","REMOVE_QUOTED_OR_THIRD_PARTY","The command belongs to an Anonymous post, article, letter, image or screenshot quoted by Q."
"3836","3","Think [D]s attack(s) re: POTUS for failure to 'protect' Ukraine against Russian aggression? [Impeachment]","Think [D]s attack(s) re: POTUS for failure to 'protect' Ukraine against Russian aggression? [Impeachment]","","true","q_post_body","Q Directive","Q Directive","false","KEEP_Q_DIRECTIVE","Q instructs or urges the reader directly."
"3836","4","Define projection.","Define projection.","","true","q_post_body","Q Directive","Q Directive","false","KEEP_Q_DIRECTIVE","Q instructs or urges the reader directly."
"3836","5","Think $1,800,000,000 Hussein WH > Ukraine [which bank?].","Think $1,800,000,000 Hussein WH > Ukraine [which bank?].","","true","q_post_body","Q Directive","Q Directive","false","KEEP_Q_DIRECTIVE","Q instructs or urges the reader directly."
"3836","6","Think US AID > Ukraine","Think US AID > Ukraine","","true","q_post_body","Q Directive","Q Directive","false","KEEP_Q_DIRECTIVE","Q instructs or urges the reader directly."
"3836","7","Think WW AID > Ukraine","Think WW AID > Ukraine","","true","q_post_body","Q Directive","Q Directive","false","KEEP_Q_DIRECTIVE","Q instructs or urges the reader directly."
"3836","8","Think U1 [sale of US uranium to Russia]","Think U1 [sale of US uranium to Russia]","","true","q_post_body","Q Directive","Q Directive","false","KEEP_Q_DIRECTIVE","Q instructs or urges the reader directly."
"3836","9","Think Ukraine.","Think Ukraine.","","true","q_post_body","Q Directive","Q Directive","false","KEEP_Q_DIRECTIVE","Q instructs or urges the reader directly."
"3836","10","Think Iran.","Think Iran.","","true","q_post_body","Q Directive","Q Directive","false","KEEP_Q_DIRECTIVE","Q instructs or urges the reader directly."
"3839","0","It's time to wake up.","It's time to wake up.","","true","q_post_body","Q Directive","Q Directive","false","KEEP_Q_DIRECTIVE","Q instructs or urges the reader directly."
"3843","0","Trust and believe in yourself.","Trust and believe in yourself.","","true","q_post_body","Q Directive","Q Directive","false","KEEP_Q_DIRECTIVE","Q instructs or urges the reader directly."
"385","0","Learn.","Learn.","","true","q_post_body","Q Directive","Q Directive","false","KEEP_Q_DIRECTIVE","Q instructs or urges the reader directly."
"3853","0","Imagine that!","Imagine that!","","true","q_post_body","Q Directive","Q Directive","false","KEEP_Q_DIRECTIVE","Q instructs or urges the reader directly."
"3854","0","Enjoy the show!","Enjoy the show!","","true","q_post_body","Q Directive","Q Directive","false","KEEP_Q_DIRECTIVE","Q instructs or urges the reader directly."
"3856","0","Define Renegade [Hussein USSS code name].","Define Renegade [Hussein USSS code name].","","true","q_post_body","Q Directive","Q Directive","false","KEEP_Q_DIRECTIVE","Q instructs or urges the reader directly."
"3856","1","Define Evergreen [HRC USSS code name]","Define Evergreen [HRC USSS code name]","","true","q_post_body","Q Directive","Q Directive","false","KEEP_Q_DIRECTIVE","Q instructs or urges the reader directly."
"3856","2","Think depopulation.","Think depopulation.","","true","q_post_body","Q Directive","Q Directive","false","KEEP_Q_DIRECTIVE","Q instructs or urges the reader directly."
"3857","0","Ask yourself a simple question —– why?","Ask yourself a simple question —– why?","","true","q_post_body","Q Directive","Q Directive","false","KEEP_Q_DIRECTIVE","Q instructs or urges the reader directly."
"3857","1","It's time to wake up.","It's time to wake up.","","true","q_post_body","Q Directive","Q Directive","false","KEEP_Q_DIRECTIVE","Q instructs or urges the reader directly."
"3858","0","Read again – digest.","Read again – digest.","","true","q_post_body","Q Directive","Q Directive","false","KEEP_Q_DIRECTIVE","Q instructs or urges the reader directly."
"3861","0","Read carefully.","Read carefully.","","true","q_post_body","Q Directive","Q Directive","false","KEEP_Q_DIRECTIVE","Q instructs or urges the reader directly."
"3862","0","Watch what happens next!","Watch what happens next!","","false","quoted_or_third_party","Q Directive","Removed from Q Directives","false","REMOVE_QUOTED_OR_THIRD_PARTY","The command belongs to an Anonymous post, article, letter, image or screenshot quoted by Q."
"3869","0","Define 'superdelegates'.","Define 'superdelegates'.","","true","q_post_body","Q Directive","Q Directive","false","KEEP_Q_DIRECTIVE","Q instructs or urges the reader directly."
"388","0","Define CORRUPTION.","Define CORRUPTION.","","true","q_post_body","Q Directive","Q Directive","false","KEEP_Q_DIRECTIVE","Q instructs or urges the reader directly."
"388","1","Follow me down the hole.","Follow me down the hole.","","true","q_post_body","Q Directive","Q Directive","false","KEEP_Q_DIRECTIVE","Q instructs or urges the reader directly."
"3880","0","Prepare for the storm.","Prepare for the storm.","","true","q_post_body","Q Directive","Q Directive","false","KEEP_Q_DIRECTIVE","Q instructs or urges the reader directly."
"3881","0","Listen carefully.","Listen carefully.","","true","q_post_body","Q Directive","Q Directive","false","KEEP_Q_DIRECTIVE","Q instructs or urges the reader directly."
"3881","1","Think: re: why [no] arrests (justice) yet?","Think: re: why [no] arrests (justice) yet?","","true","q_post_body","Q Directive","Q Directive","false","KEEP_Q_DIRECTIVE","Q instructs or urges the reader directly."
"3887","0","Put on the full armor of God, so that you can take your stand against the devil's schemes.","Put on the full armor of God, so that you can take your stand against the devil's schemes.","","false","quoted_or_third_party","Q Directive","Removed from Q Directives","true","REMOVE_QUOTED_SCRIPTURE","Grammatically imperative, but the imperative belongs to quoted Bible text, not to Q."
"3887","1","Stand firm then, with the belt of truth buckled around your waist, with the breastplate of righteousness in place, and with your feet fitted with the readiness that comes from the gospel of peace.","Stand firm then, with the belt of truth buckled around your waist, with the breastplate of righteousness in place, and with your feet fitted with the readiness that comes from the gospel of peace.","","false","quoted_or_third_party","Q Directive","Removed from Q Directives","false","REMOVE_QUOTED_SCRIPTURE","Grammatically imperative, but the imperative belongs to quoted Bible text, not to Q."
"3887","2","Take the helmet of salvation and the sword of the Spirit, which is the word of God.","Take the helmet of salvation and the sword of the Spirit, which is the word of God.","","false","quoted_or_third_party","Q Directive","Removed from Q Directives","true","REMOVE_QUOTED_SCRIPTURE","Grammatically imperative, but the imperative belongs to quoted Bible text, not to Q."
"3889","0","Have faith and trust in yourself.","Have faith and trust in yourself.","","true","q_post_body","Q Directive","Removed from Q Directives","true","REMOVE_STATEMENT_OR_HEADING","Religious, but declarative — a statement, slogan or label rather than an instruction."
"3890","0","Godspeed.","Godspeed.","","true","q_post_body","Q Directive","Removed from Q Directives","false","REMOVE_BLESSING_OR_VALEDICTION","A blessing, greeting or closing — it instructs no one."
"3895","0","Do not fear.","Do not fear.","","true","q_post_body","Q Directive","Q Directive","false","KEEP_Q_DIRECTIVE","Q instructs or urges the reader directly."
"3896","0",">Push new/revised P_2020 > vote by mail? [unsecure] https://twitter.com/TomFitton/status/1242071506445885441",">Push new/revised P_2020 > vote by mail? [unsecure] https://twitter.com/TomFitton/status/1242071506445885441","","false","quoted_or_third_party","Q Directive","Removed from Q Directives","false","REMOVE_QUOTED_OR_THIRD_PARTY","The command belongs to an Anonymous post, article, letter, image or screenshot quoted by Q."
"3905","0","Read again – digest.","Read again – digest.","","true","q_post_body","Q Directive","Q Directive","false","KEEP_Q_DIRECTIVE","Q instructs or urges the reader directly."
"3906","0",">Decide for yourself (be free from outside opinion).",">Decide for yourself (be free from outside opinion).","","false","quoted_or_third_party","Q Directive","Removed from Q Directives","false","REMOVE_QUOTED_OR_THIRD_PARTY","The command belongs to an Anonymous post, article, letter, image or screenshot quoted by Q."
"3906","1",">Decide for yourself (be objective in your conclusions).",">Decide for yourself (be objective in your conclusions).","","false","quoted_or_third_party","Q Directive","Removed from Q Directives","false","REMOVE_QUOTED_OR_THIRD_PARTY","The command belongs to an Anonymous post, article, letter, image or screenshot quoted by Q."
"3906","2",">Decide for yourself (be true in your own beliefs).",">Decide for yourself (be true in your own beliefs).","","false","quoted_or_third_party","Q Directive","Removed from Q Directives","false","REMOVE_QUOTED_OR_THIRD_PARTY","The command belongs to an Anonymous post, article, letter, image or screenshot quoted by Q."
"3906","3",">Decide for yourself (be open to following the facts).",">Decide for yourself (be open to following the facts).","","false","quoted_or_third_party","Q Directive","Removed from Q Directives","false","REMOVE_QUOTED_OR_THIRD_PARTY","The command belongs to an Anonymous post, article, letter, image or screenshot quoted by Q."
"3906","4",">Decide for yourself (be strong in defending your beliefs).",">Decide for yourself (be strong in defending your beliefs).","","false","quoted_or_third_party","Q Directive","Removed from Q Directives","false","REMOVE_QUOTED_OR_THIRD_PARTY","The command belongs to an Anonymous post, article, letter, image or screenshot quoted by Q."
"3906","5",">Decide for yourself (be resistant to blindly accepting fact-less statements).",">Decide for yourself (be resistant to blindly accepting fact-less statements).","","false","quoted_or_third_party","Q Directive","Removed from Q Directives","false","REMOVE_QUOTED_OR_THIRD_PARTY","The command belongs to an Anonymous post, article, letter, image or screenshot quoted by Q."
"3906","6","Trust and put faith in yourself.","Trust and put faith in yourself.","","true","q_post_body","Q Directive","Q Directive","true","KEEP_Q_DIRECTIVE","Q instructs or urges the reader directly."
"3907","0","Remember the battles of Lexington and Concord - ""Give Me Liberty or Give Me Death!""","Remember the battles of Lexington and Concord - ""Give Me Liberty or Give Me Death!""","","false","quoted_or_third_party","Q Directive","Removed from Q Directives","false","REMOVE_QUOTED_OR_THIRD_PARTY","The command belongs to an Anonymous post, article, letter, image or screenshot quoted by Q."
"3907","1","GOD BLESS AMERICA.","GOD BLESS AMERICA.","","true","q_post_body","Q Directive","Removed from Q Directives","true","REMOVE_BLESSING_OR_VALEDICTION","A blessing, greeting or closing — it instructs no one."
"3907","2","WE MUST RISE AGAIN.","WE MUST RISE AGAIN.","","true","q_post_body","Q Directive","Q Directive","false","KEEP_Q_DIRECTIVE","Q instructs or urges the reader directly."
"3907","3","WE MUST UNITE AGAIN.","WE MUST UNITE AGAIN.","","true","q_post_body","Q Directive","Q Directive","false","KEEP_Q_DIRECTIVE","Q instructs or urges the reader directly."
"3907","4","WE MUST FIGHT AGAIN.","WE MUST FIGHT AGAIN.","","true","q_post_body","Q Directive","Q Directive","false","KEEP_Q_DIRECTIVE","Q instructs or urges the reader directly."
"3909","0","Read in order.","Read in order.","","true","q_post_body","Q Directive","Q Directive","false","KEEP_Q_DIRECTIVE","Q instructs or urges the reader directly."
"3911","0","Define propaganda.","Define propaganda.","","true","q_post_body","Q Directive","Q Directive","false","KEEP_Q_DIRECTIVE","Q instructs or urges the reader directly."
"3912","0","Read and discern for yourself.","Read and discern for yourself.","","true","q_post_body","Q Directive","Q Directive","false","KEEP_Q_DIRECTIVE","Q instructs or urges the reader directly."
"3913","0","Think voting.","Think voting.","","true","q_post_body","Q Directive","Q Directive","false","KEEP_Q_DIRECTIVE","Q instructs or urges the reader directly."
"3920","0","Define 'Traitor'.","Define 'Traitor'.","","true","q_post_body","Q Directive","Q Directive","false","KEEP_Q_DIRECTIVE","Q instructs or urges the reader directly."
"3923","0","Compare and contrast.","Compare and contrast.","","true","q_post_body","Q Directive","Q Directive","false","KEEP_Q_DIRECTIVE","Q instructs or urges the reader directly."
"3929","0","Think CEO departures.","Think CEO departures.","","true","q_post_body","Q Directive","Q Directive","false","KEEP_Q_DIRECTIVE","Q instructs or urges the reader directly."
"3929","1","Think FBI departures.","Think FBI departures.","","true","q_post_body","Q Directive","Q Directive","false","KEEP_Q_DIRECTIVE","Q instructs or urges the reader directly."
"3929","2","Think DOJ departures.","Think DOJ departures.","","true","q_post_body","Q Directive","Q Directive","false","KEEP_Q_DIRECTIVE","Q instructs or urges the reader directly."
"3929","3","Think WH departures.","Think WH departures.","","true","q_post_body","Q Directive","Q Directive","false","KEEP_Q_DIRECTIVE","Q instructs or urges the reader directly."
"3929","4","Think DIA departures.","Think DIA departures.","","true","q_post_body","Q Directive","Q Directive","false","KEEP_Q_DIRECTIVE","Q instructs or urges the reader directly."
"3929","5","Think Pentagon departures.","Think Pentagon departures.","","true","q_post_body","Q Directive","Q Directive","false","KEEP_Q_DIRECTIVE","Q instructs or urges the reader directly."
"3929","6","Think Senate departures.","Think Senate departures.","","true","q_post_body","Q Directive","Q Directive","false","KEEP_Q_DIRECTIVE","Q instructs or urges the reader directly."
"3929","7","Think House departures.","Think House departures.","","true","q_post_body","Q Directive","Q Directive","false","KEEP_Q_DIRECTIVE","Q instructs or urges the reader directly."
"3929","8","Think Amb departures.","Think Amb departures.","","true","q_post_body","Q Directive","Q Directive","false","KEEP_Q_DIRECTIVE","Q instructs or urges the reader directly."
"3929","9","Think IG departures.","Think IG departures.","","true","q_post_body","Q Directive","Q Directive","false","KEEP_Q_DIRECTIVE","Q instructs or urges the reader directly."
"3929","10","Think Judge install.","Think Judge install.","","true","q_post_body","Q Directive","Q Directive","false","KEEP_Q_DIRECTIVE","Q instructs or urges the reader directly."
"3929","11","Think SC install.","Think SC install.","","true","q_post_body","Q Directive","Q Directive","false","KEEP_Q_DIRECTIVE","Q instructs or urges the reader directly."
"3929","12","Think WH install.","Think WH install.","","true","q_post_body","Q Directive","Q Directive","false","KEEP_Q_DIRECTIVE","Q instructs or urges the reader directly."
"3929","13","Think FBI install.","Think FBI install.","","true","q_post_body","Q Directive","Q Directive","false","KEEP_Q_DIRECTIVE","Q instructs or urges the reader directly."
"3929","14","Think C_A install.","Think C_A install.","","true","q_post_body","Q Directive","Q Directive","false","KEEP_Q_DIRECTIVE","Q instructs or urges the reader directly."
"3929","15","Think DOJ install.","Think DOJ install.","","true","q_post_body","Q Directive","Q Directive","false","KEEP_Q_DIRECTIVE","Q instructs or urges the reader directly."
"3929","16","Think US ATT install.","Think US ATT install.","","true","q_post_body","Q Directive","Q Directive","false","KEEP_Q_DIRECTIVE","Q instructs or urges the reader directly."
"3929","17","Think State departures.","Think State departures.","","true","q_post_body","Q Directive","Q Directive","false","KEEP_Q_DIRECTIVE","Q instructs or urges the reader directly."
"3929","18","Patriots: be cautious in your interpretations of info posted.","Patriots: be cautious in your interpretations of info posted.","","true","q_post_body","Q Directive","Q Directive","false","KEEP_Q_DIRECTIVE","Q instructs or urges the reader directly."
"393","0","Godspeed, Q","Godspeed, Q","","false","quoted_or_third_party","Q Directive","Removed from Q Directives","false","REMOVE_BLESSING_OR_VALEDICTION","A blessing, greeting or closing — it instructs no one."
"3937","0","Trust and believe in yourself.","Trust and believe in yourself.","","true","q_post_body","Q Directive","Q Directive","false","KEEP_Q_DIRECTIVE","Q instructs or urges the reader directly."
"394","0","Godspeed, Q","Godspeed, Q","","false","quoted_or_third_party","Q Directive","Removed from Q Directives","false","REMOVE_BLESSING_OR_VALEDICTION","A blessing, greeting or closing — it instructs no one."
"395","0","Show the World Our Power.","Show the World Our Power.","","true","q_post_body","Q Directive","Q Directive","false","KEEP_Q_DIRECTIVE","Q instructs or urges the reader directly."
"3950","0","God bless each and every one of you.","God bless each and every one of you.","","true","q_post_body","Q Directive","Removed from Q Directives","true","REMOVE_BLESSING_OR_VALEDICTION","A blessing, greeting or closing — it instructs no one."
"3957","0","Think 2020_P election +1.","Think 2020_P election +1.","","true","q_post_body","Q Directive","Q Directive","false","KEEP_Q_DIRECTIVE","Q instructs or urges the reader directly."
"3964","0","Think for yourself.","Think for yourself.","","true","q_post_body","Q Directive","Q Directive","false","KEEP_Q_DIRECTIVE","Q instructs or urges the reader directly."
"3964","1","Trust yourself.","Trust yourself.","","true","q_post_body","Q Directive","Q Directive","false","KEEP_Q_DIRECTIVE","Q instructs or urges the reader directly."
"3964","2","Be informed.","Be informed.","","true","q_post_body","Q Directive","Q Directive","false","KEEP_Q_DIRECTIVE","Q instructs or urges the reader directly."
"3966","0","Imagine if we weren't here.","Imagine if we weren't here.","","true","q_post_body","Q Directive","Q Directive","false","KEEP_Q_DIRECTIVE","Q instructs or urges the reader directly."
"3970","0","Think 2016.","Think 2016.","","true","q_post_body","Q Directive","Q Directive","false","KEEP_Q_DIRECTIVE","Q instructs or urges the reader directly."
"3970","1","Think 2020.","Think 2020.","","true","q_post_body","Q Directive","Q Directive","false","KEEP_Q_DIRECTIVE","Q instructs or urges the reader directly."
"3970","2","Think of the World Awakening.","Think of the World Awakening.","","true","q_post_body","Q Directive","Q Directive","false","KEEP_Q_DIRECTIVE","Q instructs or urges the reader directly."
"3972","0","Think then.","Think then.","","true","q_post_body","Q Directive","Q Directive","false","KEEP_Q_DIRECTIVE","Q instructs or urges the reader directly."
"3972","1","Think now.","Think now.","","true","q_post_body","Q Directive","Q Directive","false","KEEP_Q_DIRECTIVE","Q instructs or urges the reader directly."
"3972","2","Start [15:40]","Start [15:40]","","true","q_post_body","Q Directive","Q Directive","false","KEEP_Q_DIRECTIVE","Q instructs or urges the reader directly."
"3975","0","Clear your mind.","Clear your mind.","","true","q_post_body","Q Directive","Q Directive","false","KEEP_Q_DIRECTIVE","Q instructs or urges the reader directly."
"399","0","Find the exchange 2 days ago.","Find the exchange 2 days ago.","","true","q_post_body","Q Directive","Q Directive","false","KEEP_Q_DIRECTIVE","Q instructs or urges the reader directly."
"3990","0","RECONCILE.","RECONCILE.","","true","q_post_body","Q Directive","Q Directive","false","KEEP_Q_DIRECTIVE","Q instructs or urges the reader directly."
"3993","0","REMEMBER THIS IMPORTANT FACT.","REMEMBER THIS IMPORTANT FACT.","","true","q_post_body","Q Directive","Q Directive","false","KEEP_Q_DIRECTIVE","Q instructs or urges the reader directly."
"3993","1","Think NUNES memo v SCHIFF.","Think NUNES memo v SCHIFF.","","true","q_post_body","Q Directive","Q Directive","false","KEEP_Q_DIRECTIVE","Q instructs or urges the reader directly."
"4","0","Focus on Military Intellingence/ State Secrets and why might that be used vs any three letter agency","Focus on Military Intellingence/ State Secrets and why might that be used vs any three letter agency","","false","quoted_or_third_party","Q Directive","Removed from Q Directives","false","REMOVE_QUOTED_OR_THIRD_PARTY","The command belongs to an Anonymous post, article, letter, image or screenshot quoted by Q."
"4","1","Don't fool yourself into thinking Obama, Soros, Roth's, Clinton's etc have more power present day than POTUS.","Don't fool yourself into thinking Obama, Soros, Roth's, Clinton's etc have more power present day than POTUS.","","false","quoted_or_third_party","Q Directive","Removed from Q Directives","false","REMOVE_QUOTED_OR_THIRD_PARTY","The command belongs to an Anonymous post, article, letter, image or screenshot quoted by Q."
"4","2","Sit back and enjoy the show.","Sit back and enjoy the show.","","true","q_post_body","Q Directive","Q Directive","false","KEEP_Q_DIRECTIVE","Q instructs or urges the reader directly."
"4","3","Again, there are a lot more good people than bad so have faith.","Again, there are a lot more good people than bad so have faith.","","false","quoted_or_third_party","Q Directive","Removed from Q Directives","true","REMOVE_QUOTED_OR_THIRD_PARTY","The command belongs to an Anonymous post, article, letter, image or screenshot quoted by Q."
"4005","0","Close.","Close.","","true","q_post_body","Q Directive","Q Directive","false","KEEP_Q_DIRECTIVE","Q instructs or urges the reader directly."
"4006","0","Be ready.","Be ready.","","true","q_post_body","Q Directive","Q Directive","false","KEEP_Q_DIRECTIVE","Q instructs or urges the reader directly."
"4008","0","Read slowly and carefully.","Read slowly and carefully.","","true","q_post_body","Q Directive","Q Directive","false","KEEP_Q_DIRECTIVE","Q instructs or urges the reader directly."
"401","0","Test.","Test.","","true","q_post_body","Q Directive","Q Directive","false","KEEP_Q_DIRECTIVE","Q instructs or urges the reader directly."
"4011","0","CROSS WIND","CROSS WIND","","true","q_post_body","Q Directive","Q Directive","false","KEEP_Q_DIRECTIVE","Q instructs or urges the reader directly."
"4014","0","Define 'insurgency'.","Define 'insurgency'.","","true","q_post_body","Q Directive","Q Directive","false","KEEP_Q_DIRECTIVE","Q instructs or urges the reader directly."
"4020","0","Control the narrative [control of you].","Control the narrative [control of you].","","true","q_post_body","Q Directive","Q Directive","false","KEEP_Q_DIRECTIVE","Q instructs or urges the reader directly."
"4021","0","Think SIGINT","Think SIGINT","","true","q_post_body","Q Directive","Q Directive","false","KEEP_Q_DIRECTIVE","Q instructs or urges the reader directly."
"4021","1","Think CIA","Think CIA","","true","q_post_body","Q Directive","Q Directive","false","KEEP_Q_DIRECTIVE","Q instructs or urges the reader directly."
"4021","2","Think Double agents","Think Double agents","","true","q_post_body","Q Directive","Q Directive","false","KEEP_Q_DIRECTIVE","Q instructs or urges the reader directly."
"4024","0","YOU MUST SHOW THEM.","YOU MUST SHOW THEM.","","true","q_post_body","Q Directive","Q Directive","false","KEEP_Q_DIRECTIVE","Q instructs or urges the reader directly."
"404","0","Pass entered incorrectly first time.","Pass entered incorrectly first time.","","true","q_post_body","Q Directive","Q Directive","false","KEEP_Q_DIRECTIVE","Q instructs or urges the reader directly."
"4045","0","Think timing.","Think timing.","","true","q_post_body","Q Directive","Q Directive","false","KEEP_Q_DIRECTIVE","Q instructs or urges the reader directly."
"405","0","Find the exchange.","Find the exchange.","","true","q_post_body","Q Directive","Q Directive","false","KEEP_Q_DIRECTIVE","Q instructs or urges the reader directly."
"406","0","Test.","Test.","","true","q_post_body","Q Directive","Q Directive","false","KEEP_Q_DIRECTIVE","Q instructs or urges the reader directly."
"4076","0","YOU MUST SHOW THEM.","YOU MUST SHOW THEM.","","true","q_post_body","Q Directive","Q Directive","false","KEEP_Q_DIRECTIVE","Q instructs or urges the reader directly."
"4079","0","Listen carefully.","Listen carefully.","","true","q_post_body","Q Directive","Q Directive","false","KEEP_Q_DIRECTIVE","Q instructs or urges the reader directly."
"4084","0","Digest - know your rights.","Digest - know your rights.","","true","q_post_body","Q Directive","Q Directive","false","KEEP_Q_DIRECTIVE","Q instructs or urges the reader directly."
"4088","0","Reconcile.","Reconcile.","","true","q_post_body","Q Directive","Q Directive","false","KEEP_Q_DIRECTIVE","Q instructs or urges the reader directly."
"4089","0","YOU MUST SHOW THEM.","YOU MUST SHOW THEM.","","true","q_post_body","Q Directive","Q Directive","false","KEEP_Q_DIRECTIVE","Q instructs or urges the reader directly."
"4089","1","It's time to wake up.","It's time to wake up.","","true","q_post_body","Q Directive","Q Directive","false","KEEP_Q_DIRECTIVE","Q instructs or urges the reader directly."
"409","0","Correct exchange.","Correct exchange.","","true","q_post_body","Q Directive","Q Directive","false","KEEP_Q_DIRECTIVE","Q instructs or urges the reader directly."
"409","1","Have faith.","Have faith.","","true","q_post_body","Q Directive","Removed from Q Directives","true","REMOVE_STATEMENT_OR_HEADING","Religious, but declarative — a statement, slogan or label rather than an instruction."
"4090","0","Know your rights.","Know your rights.","","true","q_post_body","Q Directive","Q Directive","false","KEEP_Q_DIRECTIVE","Q instructs or urges the reader directly."
"4096","0","Imagine that.","Imagine that.","","true","q_post_body","Q Directive","Q Directive","false","KEEP_Q_DIRECTIVE","Q instructs or urges the reader directly."
"4097","0","Ask yourself, why?","Ask yourself, why?","","true","q_post_body","Q Directive","Q Directive","false","KEEP_Q_DIRECTIVE","Q instructs or urges the reader directly."
"4098","0","Define 'Renegade'.","Define 'Renegade'.","","true","q_post_body","Q Directive","Q Directive","false","KEEP_Q_DIRECTIVE","Q instructs or urges the reader directly."
"41","0","Enjoy the crumbs.","Enjoy the crumbs.","","true","q_post_body","Q Directive","Q Directive","false","KEEP_Q_DIRECTIVE","Q instructs or urges the reader directly."
"4101","0","Use discernment.","Use discernment.","","true","q_post_body","Q Directive","Q Directive","false","KEEP_Q_DIRECTIVE","Q instructs or urges the reader directly."
"4101","1","Question what you read [from every source].","Question what you read [from every source].","","true","q_post_body","Q Directive","Q Directive","false","KEEP_Q_DIRECTIVE","Q instructs or urges the reader directly."
"4102","0","See previous post.","See previous post.","","true","q_post_body","Q Directive","Q Directive","false","KEEP_Q_DIRECTIVE","Q instructs or urges the reader directly."
"4104","0","Reconcile.","Reconcile.","","true","q_post_body","Q Directive","Q Directive","false","KEEP_Q_DIRECTIVE","Q instructs or urges the reader directly."
"4105","0","Think MSM daily attacks [losing ground].","Think MSM daily attacks [losing ground].","","true","q_post_body","Q Directive","Q Directive","false","KEEP_Q_DIRECTIVE","Q instructs or urges the reader directly."
"411","0","Test.","Test.","","true","q_post_body","Q Directive","Q Directive","false","KEEP_Q_DIRECTIVE","Q instructs or urges the reader directly."
"4115","0","YOU MUST SHOW THEM.","YOU MUST SHOW THEM.","","true","q_post_body","Q Directive","Q Directive","false","KEEP_Q_DIRECTIVE","Q instructs or urges the reader directly."
"4121","0","YOU MUST SHOW THEM.","YOU MUST SHOW THEM.","","true","q_post_body","Q Directive","Q Directive","false","KEEP_Q_DIRECTIVE","Q instructs or urges the reader directly."
"4123","0","Define 'backchannel'.","Define 'backchannel'.","","true","q_post_body","Q Directive","Q Directive","false","KEEP_Q_DIRECTIVE","Q instructs or urges the reader directly."
"4124","0","Follow the money.","Follow the money.","","true","q_post_body","Q Directive","Q Directive","false","KEEP_Q_DIRECTIVE","Q instructs or urges the reader directly."
"413","0","Track CEO resignations.","Track CEO resignations.","","true","q_post_body","Q Directive","Q Directive","false","KEEP_Q_DIRECTIVE","Q instructs or urges the reader directly."
"4133","0","Think [BOOM] drops this week and next [2019, 2020][+1].","Think [BOOM] drops this week and next [2019, 2020][+1].","","true","q_post_body","Q Directive","Q Directive","false","KEEP_Q_DIRECTIVE","Q instructs or urges the reader directly."
"4135","0","It's time to wake up.","It's time to wake up.","","true","q_post_body","Q Directive","Q Directive","false","KEEP_Q_DIRECTIVE","Q instructs or urges the reader directly."
"4138","0","Watch the news today, tomorrow, next week.","Watch the news today, tomorrow, next week.","","true","q_post_body","Q Directive","Q Directive","false","KEEP_Q_DIRECTIVE","Q instructs or urges the reader directly."
"414","0","God bless, Patriot.","God bless, Patriot.","","true","q_post_body","Q Directive","Removed from Q Directives","true","REMOVE_BLESSING_OR_VALEDICTION","A blessing, greeting or closing — it instructs no one."
"4140","0","LET FREEDOM RING!","LET FREEDOM RING!","","true","q_post_body","Q Directive","Q Directive","false","KEEP_Q_DIRECTIVE","Q instructs or urges the reader directly."
"4141","0","Keep watching the news.","Keep watching the news.","","true","q_post_body","Q Directive","Q Directive","false","KEEP_Q_DIRECTIVE","Q instructs or urges the reader directly."
"4143","0","Be ready to dig, Anons.","Be ready to dig, Anons.","","true","q_post_body","Q Directive","Q Directive","false","KEEP_Q_DIRECTIVE","Q instructs or urges the reader directly."
"4145","0","Focus on tomorrow, first.","Focus on tomorrow, first.","","true","q_post_body","Q Directive","Q Directive","false","KEEP_Q_DIRECTIVE","Q instructs or urges the reader directly."
"4148","0","Handle with care.","Handle with care.","","true","q_post_body","Q Directive","Q Directive","false","KEEP_Q_DIRECTIVE","Q instructs or urges the reader directly."
"415","0","Watch the news.","Watch the news.","","true","q_post_body","Q Directive","Q Directive","false","KEEP_Q_DIRECTIVE","Q instructs or urges the reader directly."
"415","1","Godspeed, Patriots.","Godspeed, Patriots.","","true","q_post_body","Q Directive","Removed from Q Directives","false","REMOVE_BLESSING_OR_VALEDICTION","A blessing, greeting or closing — it instructs no one."
"416","0","Fight, fight, fight.","Fight, fight, fight.","","true","q_post_body","Q Directive","Q Directive","false","KEEP_Q_DIRECTIVE","Q instructs or urges the reader directly."
"4161","0","Disregard.","Disregard.","","true","q_post_body","Q Directive","Q Directive","false","KEEP_Q_DIRECTIVE","Q instructs or urges the reader directly."
"4162","0","Think [leak investigation]","Think [leak investigation]","","true","q_post_body","Q Directive","Q Directive","false","KEEP_Q_DIRECTIVE","Q instructs or urges the reader directly."
"4162","1","Think Horowitz [Midyear] re: FBI_media assets","Think Horowitz [Midyear] re: FBI_media assets","","true","q_post_body","Q Directive","Q Directive","false","KEEP_Q_DIRECTIVE","Q instructs or urges the reader directly."
"4162","2","Think WL HRC_Podesta media asset(s) list.","Think WL HRC_Podesta media asset(s) list.","","true","q_post_body","Q Directive","Q Directive","false","KEEP_Q_DIRECTIVE","Q instructs or urges the reader directly."
"4164","0","Define 'Shadow Government'.","Define 'Shadow Government'.","","true","q_post_body","Q Directive","Q Directive","false","KEEP_Q_DIRECTIVE","Q instructs or urges the reader directly."
"4168","0","Listen carefully.","Listen carefully.","","true","q_post_body","Q Directive","Q Directive","false","KEEP_Q_DIRECTIVE","Q instructs or urges the reader directly."
"4171","0","Reconcile.","Reconcile.","","true","q_post_body","Q Directive","Q Directive","false","KEEP_Q_DIRECTIVE","Q instructs or urges the reader directly."
"418","0","Test.","Test.","","true","q_post_body","Q Directive","Q Directive","false","KEEP_Q_DIRECTIVE","Q instructs or urges the reader directly."
"4201","0","Enjoy the show!","Enjoy the show!","","true","q_post_body","Q Directive","Q Directive","false","KEEP_Q_DIRECTIVE","Q instructs or urges the reader directly."
"4207","0","Put on the full armor of God, so that you can take your stand against the devil's schemes.","Put on the full armor of God, so that you can take your stand against the devil's schemes.","","false","quoted_or_third_party","Q Directive","Removed from Q Directives","true","REMOVE_QUOTED_SCRIPTURE","Grammatically imperative, but the imperative belongs to quoted Bible text, not to Q."
"4207","1","Stand firm then, with the belt of truth buckled around your waist, with the breastplate of righteousness in place, and with your feet fitted with the readiness that comes from the gospel of peace.","Stand firm then, with the belt of truth buckled around your waist, with the breastplate of righteousness in place, and with your feet fitted with the readiness that comes from the gospel of peace.","","false","quoted_or_third_party","Q Directive","Removed from Q Directives","false","REMOVE_QUOTED_SCRIPTURE","Grammatically imperative, but the imperative belongs to quoted Bible text, not to Q."
"4207","2","Take the helmet of salvation and the sword of the Spirit, which is the word of God.","Take the helmet of salvation and the sword of the Spirit, which is the word of God.","","false","quoted_or_third_party","Q Directive","Removed from Q Directives","true","REMOVE_QUOTED_SCRIPTURE","Grammatically imperative, but the imperative belongs to quoted Bible text, not to Q."
"421","0","Test.","Test.","","true","q_post_body","Q Directive","Q Directive","false","KEEP_Q_DIRECTIVE","Q instructs or urges the reader directly."
"4212","0","Bring the pain.","Bring the pain.","","true","q_post_body","Q Directive","Q Directive","false","KEEP_Q_DIRECTIVE","Q instructs or urges the reader directly."
"4213","0","Be ready.","Be ready.","","true","q_post_body","Q Directive","Q Directive","false","KEEP_Q_DIRECTIVE","Q instructs or urges the reader directly."
"4215","0","Listen very carefully.","Listen very carefully.","","true","q_post_body","Q Directive","Q Directive","false","KEEP_Q_DIRECTIVE","Q instructs or urges the reader directly."
"4226","0","But, you must go back before you can go forward.","But, you must go back before you can go forward.","","true","q_post_body","Q Directive","Q Directive","false","KEEP_Q_DIRECTIVE","Q instructs or urges the reader directly."
"4232","0","Go back further.","Go back further.","","true","q_post_body","Q Directive","Q Directive","false","KEEP_Q_DIRECTIVE","Q instructs or urges the reader directly."
"4241","0","Think Chess.","Think Chess.","","true","q_post_body","Q Directive","Q Directive","false","KEEP_Q_DIRECTIVE","Q instructs or urges the reader directly."
"4245","0","Listen carefully.","Listen carefully.","","true","q_post_body","Q Directive","Q Directive","false","KEEP_Q_DIRECTIVE","Q instructs or urges the reader directly."
"4246","0","YOU MUST SHOW THEM.","YOU MUST SHOW THEM.","","true","q_post_body","Q Directive","Q Directive","false","KEEP_Q_DIRECTIVE","Q instructs or urges the reader directly."
"4248","0","Think for yourself.","Think for yourself.","","true","q_post_body","Q Directive","Q Directive","false","KEEP_Q_DIRECTIVE","Q instructs or urges the reader directly."
"4248","1","Trust yourself.","Trust yourself.","","true","q_post_body","Q Directive","Q Directive","false","KEEP_Q_DIRECTIVE","Q instructs or urges the reader directly."
"425","0","Define Shutdown.","Define Shutdown.","","true","q_post_body","Q Directive","Q Directive","false","KEEP_Q_DIRECTIVE","Q instructs or urges the reader directly."
"425","1","TRUST.","TRUST.","","true","q_post_body","Q Directive","Q Directive","false","KEEP_Q_DIRECTIVE","Q instructs or urges the reader directly."
"4250","0","It's time to end the horror show.","It's time to end the horror show.","","true","q_post_body","Q Directive","Q Directive","false","KEEP_Q_DIRECTIVE","Q instructs or urges the reader directly."
"4250","1","It's time to stand [lead by example].","It's time to stand [lead by example].","","true","q_post_body","Q Directive","Q Directive","false","KEEP_Q_DIRECTIVE","Q instructs or urges the reader directly."
"4255","0","Go.","Go.","","true","q_post_body","Q Directive","Q Directive","false","KEEP_Q_DIRECTIVE","Q instructs or urges the reader directly."
"4255","1","Go.","Go.","","true","q_post_body","Q Directive","Q Directive","false","KEEP_Q_DIRECTIVE","Q instructs or urges the reader directly."
"426","0","Define hostage.","Define hostage.","","true","q_post_body","Q Directive","Q Directive","false","KEEP_Q_DIRECTIVE","Q instructs or urges the reader directly."
"4276","0","God bless you and your family.","God bless you and your family.","","true","q_post_body","Q Directive","Removed from Q Directives","true","REMOVE_BLESSING_OR_VALEDICTION","A blessing, greeting or closing — it instructs no one."
"429","0","Keep list updated.","Keep list updated.","","true","q_post_body","Q Directive","Q Directive","false","KEEP_Q_DIRECTIVE","Q instructs or urges the reader directly."
"4292","0","Reconcile.","Reconcile.","","true","q_post_body","Q Directive","Q Directive","false","KEEP_Q_DIRECTIVE","Q instructs or urges the reader directly."
"4294","0","Reconcile:","Reconcile:","","true","q_post_body","Q Directive","Q Directive","false","KEEP_Q_DIRECTIVE","Q instructs or urges the reader directly."
"4296","0","Reconcile.","Reconcile.","","true","q_post_body","Q Directive","Q Directive","false","KEEP_Q_DIRECTIVE","Q instructs or urges the reader directly."
"4298","0","Ask and you shall receive.","Ask and you shall receive.","","true","q_post_body","Q Directive","Removed from Q Directives","false","REMOVE_QUOTED_SCRIPTURE","Grammatically imperative, but the imperative belongs to quoted Bible text, not to Q."
"43","0","Watch for confirmations tomorrow.","Watch for confirmations tomorrow.","","true","q_post_body","Q Directive","Q Directive","false","KEEP_Q_DIRECTIVE","Q instructs or urges the reader directly."
"430","0","Have faith.","Have faith.","","true","q_post_body","Q Directive","Removed from Q Directives","true","REMOVE_STATEMENT_OR_HEADING","Religious, but declarative — a statement, slogan or label rather than an instruction."
"4302","0","Expand your thinking.","Expand your thinking.","","true","q_post_body","Q Directive","Q Directive","false","KEEP_Q_DIRECTIVE","Q instructs or urges the reader directly."
"4304","0","Buckle up!","Buckle up!","","true","q_post_body","Q Directive","Q Directive","false","KEEP_Q_DIRECTIVE","Q instructs or urges the reader directly."
"4306","0","APPLY TO COVID-19 DATA REPORTS.","APPLY TO COVID-19 DATA REPORTS.","","true","q_post_body","Q Directive","Q Directive","false","KEEP_Q_DIRECTIVE","Q instructs or urges the reader directly."
"431","0","Remember, not all within the C-A, D-J, F-I are bad apples.","Remember, not all within the C-A, D-J, F-I are bad apples.","","true","q_post_body","Q Directive","Q Directive","false","KEEP_Q_DIRECTIVE","Q instructs or urges the reader directly."
"4316","0","Fear not, all will be well right after the election.","Fear not, all will be well right after the election.","","true","q_post_body","Q Directive","Q Directive","false","KEEP_Q_DIRECTIVE","Q instructs or urges the reader directly."
"4317","0","Use corporate DNC media [MSM] push con","Use corporate DNC media [MSM] push con","","true","q_post_body","Q Directive","Q Directive","false","KEEP_Q_DIRECTIVE","Q instructs or urges the reader directly."
"4317","1","Use 1, 2, 3 and 4 to drive echo-chamber false [idiotic] narrative bad [pro slavery][D]s switched to [R] party and good [anti-slavery][R]s switched to [D] party.","Use 1, 2, 3 and 4 to drive echo-chamber false [idiotic] narrative bad [pro slavery][D]s switched to [R] party and good [anti-slavery][R]s switched to [D] party.","","true","q_post_body","Q Directive","Q Directive","false","KEEP_Q_DIRECTIVE","Q instructs or urges the reader directly."
"4320","0","Re_read drops re: COVID-19 [virus] and the election.","Re_read drops re: COVID-19 [virus] and the election.","","true","q_post_body","Q Directive","Q Directive","false","KEEP_Q_DIRECTIVE","Q instructs or urges the reader directly."
"433","0","TRUST WRAY.","TRUST WRAY.","","true","q_post_body","Q Directive","Q Directive","false","KEEP_Q_DIRECTIVE","Q instructs or urges the reader directly."
"4331","0","Watch the news.","Watch the news.","","true","q_post_body","Q Directive","Q Directive","false","KEEP_Q_DIRECTIVE","Q instructs or urges the reader directly."
"4336","0","Reconcile.","Reconcile.","","true","q_post_body","Q Directive","Q Directive","false","KEEP_Q_DIRECTIVE","Q instructs or urges the reader directly."
"4337","0","Apply:","Apply:","","true","q_post_body","Q Directive","Q Directive","false","KEEP_Q_DIRECTIVE","Q instructs or urges the reader directly."
"4337","1","Ask yourself a very simple question - was it known [common sense and [early] medical reports] elderly community most at risk?","Ask yourself a very simple question - was it known [common sense and [early] medical reports] elderly community most at risk?","","true","q_post_body","Q Directive","Q Directive","false","KEEP_Q_DIRECTIVE","Q instructs or urges the reader directly."
"4338","0","Apply:","Apply:","","true","q_post_body","Q Directive","Q Directive","false","KEEP_Q_DIRECTIVE","Q instructs or urges the reader directly."
"434","0","God bless, Q","God bless, Q","","false","quoted_or_third_party","Q Directive","Removed from Q Directives","true","REMOVE_BLESSING_OR_VALEDICTION","A blessing, greeting or closing — it instructs no one."
"4352","0","Define 'stand down' [safe haven] order.","Define 'stand down' [safe haven] order.","","true","q_post_body","Q Directive","Q Directive","false","KEEP_Q_DIRECTIVE","Q instructs or urges the reader directly."
"4352","1","Define 'organized' group.","Define 'organized' group.","","true","q_post_body","Q Directive","Q Directive","false","KEEP_Q_DIRECTIVE","Q instructs or urges the reader directly."
"4352","2","Have a Nice Day.","Have a Nice Day.","","true","q_post_body","Q Directive","Q Directive","false","KEEP_Q_DIRECTIVE","Q instructs or urges the reader directly."
"4358","0","Be vigilant.","Be vigilant.","","true","q_post_body","Q Directive","Q Directive","false","KEEP_Q_DIRECTIVE","Q instructs or urges the reader directly."
"4359","0","Update the list.","Update the list.","","true","q_post_body","Q Directive","Q Directive","false","KEEP_Q_DIRECTIVE","Q instructs or urges the reader directly."
"4360","0","Call the ball.","Call the ball.","","true","q_post_body","Q Directive","Q Directive","false","KEEP_Q_DIRECTIVE","Q instructs or urges the reader directly."
"4368","0","Buckle up.","Buckle up.","","true","q_post_body","Q Directive","Q Directive","false","KEEP_Q_DIRECTIVE","Q instructs or urges the reader directly."
"4374","0","Be strong in the Lord.","Be strong in the Lord.","","true","q_post_body","Q Directive","Removed from Q Directives","true","REMOVE_QUOTED_SCRIPTURE","Grammatically imperative, but the imperative belongs to quoted Bible text, not to Q."
"4381","0","Think pre_midterms.","Think pre_midterms.","","true","q_post_body","Q Directive","Q Directive","false","KEEP_Q_DIRECTIVE","Q instructs or urges the reader directly."
"4381","1","Think pre_2020_P_election [now]","Think pre_2020_P_election [now]","","true","q_post_body","Q Directive","Q Directive","false","KEEP_Q_DIRECTIVE","Q instructs or urges the reader directly."
"4381","2","Reconcile.","Reconcile.","","true","q_post_body","Q Directive","Q Directive","false","KEEP_Q_DIRECTIVE","Q instructs or urges the reader directly."
"4386","0","Expect us.","Expect us.","","true","q_post_body","Q Directive","Q Directive","false","KEEP_Q_DIRECTIVE","Q instructs or urges the reader directly."
"4387","0","GOD BLESS AMERICA.","GOD BLESS AMERICA.","","true","q_post_body","Q Directive","Removed from Q Directives","true","REMOVE_BLESSING_OR_VALEDICTION","A blessing, greeting or closing — it instructs no one."
"4393","0","Think recent events.","Think recent events.","","true","q_post_body","Q Directive","Q Directive","false","KEEP_Q_DIRECTIVE","Q instructs or urges the reader directly."
"4395","0","Now, re_read again:","Now, re_read again:","","true","q_post_body","Q Directive","Q Directive","false","KEEP_Q_DIRECTIVE","Q instructs or urges the reader directly."
"4397","0","Stand Strong.","Stand Strong.","","true","q_post_body","Q Directive","Q Directive","false","KEEP_Q_DIRECTIVE","Q instructs or urges the reader directly."
"4397","1","Stand Together.","Stand Together.","","true","q_post_body","Q Directive","Q Directive","false","KEEP_Q_DIRECTIVE","Q instructs or urges the reader directly."
"4397","2","Be Strong in the Lord.","Be Strong in the Lord.","","true","q_post_body","Q Directive","Removed from Q Directives","true","REMOVE_QUOTED_SCRIPTURE","Grammatically imperative, but the imperative belongs to quoted Bible text, not to Q."
"4397","3","Pray for Strength.","Pray for Strength.","","true","q_post_body","Q Directive","Q Directive + Religion & Spirituality","true","KEEP_DIRECTIVE_AND_RELIGIOUS_THEME","Q-authored religious command. Stays a Directive AND belongs to Religion & Spirituality."
"4397","4","Pray for Guidance.","Pray for Guidance.","","true","q_post_body","Q Directive","Q Directive + Religion & Spirituality","true","KEEP_DIRECTIVE_AND_RELIGIOUS_THEME","Q-authored religious command. Stays a Directive AND belongs to Religion & Spirituality."
"4397","5","Pray for America.","Pray for America.","","true","q_post_body","Q Directive","Q Directive + Religion & Spirituality","true","KEEP_DIRECTIVE_AND_RELIGIOUS_THEME","Q-authored religious command. Stays a Directive AND belongs to Religion & Spirituality."
"4397","6","Put on the full armor of God, so that you can take your stand against the devil's schemes.","Put on the full armor of God, so that you can take your stand against the devil's schemes.","","false","quoted_or_third_party","Q Directive","Removed from Q Directives","true","REMOVE_QUOTED_SCRIPTURE","Grammatically imperative, but the imperative belongs to quoted Bible text, not to Q."
"44","0","God bless.","God bless.","","true","q_post_body","Q Directive","Removed from Q Directives","true","REMOVE_BLESSING_OR_VALEDICTION","A blessing, greeting or closing — it instructs no one."
"440","0","Expand your thinking.","Expand your thinking.","","true","q_post_body","Q Directive","Q Directive","false","KEEP_Q_DIRECTIVE","Q instructs or urges the reader directly."
"4415","0","ALERT readiness: severe-critical","ALERT readiness: severe-critical","","true","q_post_body","Q Directive","Q Directive","false","KEEP_Q_DIRECTIVE","Q instructs or urges the reader directly."
"4417","0","Remember your oath.","Remember your oath.","","true","q_post_body","Q Directive","Q Directive","false","KEEP_Q_DIRECTIVE","Q instructs or urges the reader directly."
"4417","1","Remember why you joined.","Remember why you joined.","","true","q_post_body","Q Directive","Q Directive","false","KEEP_Q_DIRECTIVE","Q instructs or urges the reader directly."
"4419","0","Have faith.","Have faith.","","true","q_post_body","Q Directive","Removed from Q Directives","true","REMOVE_STATEMENT_OR_HEADING","Religious, but declarative — a statement, slogan or label rather than an instruction."
"4422","0","Change We Can Believe In.","Change We Can Believe In.","","true","q_post_body","Q Directive","Q Directive","false","KEEP_Q_DIRECTIVE","Q instructs or urges the reader directly."
"4423","0","Follow the pen.","Follow the pen.","","true","q_post_body","Q Directive","Q Directive","false","KEEP_Q_DIRECTIVE","Q instructs or urges the reader directly."
"4424","0","Be All You Can Be.","Be All You Can Be.","","true","q_post_body","Q Directive","Q Directive","false","KEEP_Q_DIRECTIVE","Q instructs or urges the reader directly."
"4427","0","Have faith in Humanity.","Have faith in Humanity.","","true","q_post_body","Q Directive","Removed from Q Directives","true","REMOVE_STATEMENT_OR_HEADING","Religious, but declarative — a statement, slogan or label rather than an instruction."
"4428","0","Ask yourself, why?","Ask yourself, why?","","true","q_post_body","Q Directive","Q Directive","false","KEEP_Q_DIRECTIVE","Q instructs or urges the reader directly."
"4429","0","Put on the full armor of God, so that you can take your stand against the devil's schemes.","Put on the full armor of God, so that you can take your stand against the devil's schemes.","","false","quoted_or_third_party","Q Directive","Removed from Q Directives","true","REMOVE_QUOTED_SCRIPTURE","Grammatically imperative, but the imperative belongs to quoted Bible text, not to Q."
"4429","1","Stand firm then, with the belt of truth buckled around your waist, with the breastplate of righteousness in place, and with your feet fitted with the readiness that comes from the gospel of peace.","Stand firm then, with the belt of truth buckled around your waist, with the breastplate of righteousness in place, and with your feet fitted with the readiness that comes from the gospel of peace.","","false","quoted_or_third_party","Q Directive","Removed from Q Directives","false","REMOVE_QUOTED_SCRIPTURE","Grammatically imperative, but the imperative belongs to quoted Bible text, not to Q."
"4429","2","Have faith in Humanity.","Have faith in Humanity.","","true","q_post_body","Q Directive","Removed from Q Directives","true","REMOVE_STATEMENT_OR_HEADING","Religious, but declarative — a statement, slogan or label rather than an instruction."
"4429","3","Have faith in Yourself.","Have faith in Yourself.","","true","q_post_body","Q Directive","Removed from Q Directives","true","REMOVE_STATEMENT_OR_HEADING","Religious, but declarative — a statement, slogan or label rather than an instruction."
"4429","4","Have faith in God.","Have faith in God.","","true","q_post_body","Q Directive","Removed from Q Directives","true","REMOVE_QUOTED_SCRIPTURE","Grammatically imperative, but the imperative belongs to quoted Bible text, not to Q."
"443","0","Godspeed, Patriot.","Godspeed, Patriot.","","true","q_post_body","Q Directive","Removed from Q Directives","false","REMOVE_BLESSING_OR_VALEDICTION","A blessing, greeting or closing — it instructs no one."
"4430","0","Remember your oath.","Remember your oath.","","true","q_post_body","Q Directive","Q Directive","false","KEEP_Q_DIRECTIVE","Q instructs or urges the reader directly."
"4436","0","Reconcile.","Reconcile.","","true","q_post_body","Q Directive","Q Directive","false","KEEP_Q_DIRECTIVE","Q instructs or urges the reader directly."
"4437","0","find('input.js-password-field').set(ENV['TWITTER_PASSWORD']) click_on('Log in') end","find('input.js-password-field').set(ENV['TWITTER_PASSWORD']) click_on('Log in') end","","false","quoted_or_third_party","Q Directive","Removed from Q Directives","false","REMOVE_QUOTED_OR_THIRD_PARTY","The command belongs to an Anonymous post, article, letter, image or screenshot quoted by Q."
"4437","1","end","end","","true","q_post_body","Q Directive","Q Directive","false","KEEP_Q_DIRECTIVE","Q instructs or urges the reader directly."
"4437","2","find('input.js-username-field').set(ENV['TWITTER_USERNAME'])","find('input.js-username-field').set(ENV['TWITTER_USERNAME'])","","true","q_post_body","Q Directive","Q Directive","false","KEEP_Q_DIRECTIVE","Q instructs or urges the reader directly."
"4437","3","find('input.js-password-field').set(ENV['TWITTER_PASSWORD'])","find('input.js-password-field').set(ENV['TWITTER_PASSWORD'])","","true","q_post_body","Q Directive","Q Directive","false","KEEP_Q_DIRECTIVE","Q instructs or urges the reader directly."
"4437","4","find('input.FormControl').set(url)","find('input.FormControl').set(url)","","true","q_post_body","Q Directive","Q Directive","false","KEEP_Q_DIRECTIVE","Q instructs or urges the reader directly."
"4445","0","Follow the pen.","Follow the pen.","","true","q_post_body","Q Directive","Q Directive","false","KEEP_Q_DIRECTIVE","Q instructs or urges the reader directly."
"4460","0","Have faith in Humanity.","Have faith in Humanity.","","true","q_post_body","Q Directive","Removed from Q Directives","true","REMOVE_STATEMENT_OR_HEADING","Religious, but declarative — a statement, slogan or label rather than an instruction."
"4461","0","YOU MUST SHOW THEM.","YOU MUST SHOW THEM.","","true","q_post_body","Q Directive","Q Directive","false","KEEP_Q_DIRECTIVE","Q instructs or urges the reader directly."
"4462","0","Trust yourself.","Trust yourself.","","true","q_post_body","Q Directive","Q Directive","false","KEEP_Q_DIRECTIVE","Q instructs or urges the reader directly."
"4462","1","Think for yourself.","Think for yourself.","","true","q_post_body","Q Directive","Q Directive","false","KEEP_Q_DIRECTIVE","Q instructs or urges the reader directly."
"4463","0","Put on the full armor of God so that you can take your stand against the devil's schemes.","Put on the full armor of God so that you can take your stand against the devil's schemes.","","false","quoted_or_third_party","Q Directive","Removed from Q Directives","true","REMOVE_QUOTED_SCRIPTURE","Grammatically imperative, but the imperative belongs to quoted Bible text, not to Q."
"4464","0","Focus on the 'why'.","Focus on the 'why'.","","true","q_post_body","Q Directive","Q Directive","false","KEEP_Q_DIRECTIVE","Q instructs or urges the reader directly."
"447","0","SEARCH crumbs: [#2]","SEARCH crumbs: [#2]","","true","q_post_body","Q Directive","Q Directive","false","KEEP_Q_DIRECTIVE","Q instructs or urges the reader directly."
"4476","0","Compare & Contrast","Compare & Contrast","","true","q_post_body","Q Directive","Q Directive","false","KEEP_Q_DIRECTIVE","Q instructs or urges the reader directly."
"4485","0","Correct.","Correct.","","true","q_post_body","Q Directive","Q Directive","false","KEEP_Q_DIRECTIVE","Q instructs or urges the reader directly."
"4488","0","Remember, they also phone in to report 'threats' [deliberate].","Remember, they also phone in to report 'threats' [deliberate].","","true","q_post_body","Q Directive","Q Directive","false","KEEP_Q_DIRECTIVE","Q instructs or urges the reader directly."
"4488","1","Keep your eye on the ball.","Keep your eye on the ball.","","true","q_post_body","Q Directive","Q Directive","false","KEEP_Q_DIRECTIVE","Q instructs or urges the reader directly."
"4489","0","Focus @: 21:45","Focus @: 21:45","","true","q_post_body","Q Directive","Q Directive","false","KEEP_Q_DIRECTIVE","Q instructs or urges the reader directly."
"4489","1","Apply logic and common sense:","Apply logic and common sense:","","true","q_post_body","Q Directive","Q Directive","false","KEEP_Q_DIRECTIVE","Q instructs or urges the reader directly."
"4491","0","Have faith in Humanity.","Have faith in Humanity.","","true","q_post_body","Q Directive","Removed from Q Directives","true","REMOVE_STATEMENT_OR_HEADING","Religious, but declarative — a statement, slogan or label rather than an instruction."
"4491","1","Have faith in yourself.","Have faith in yourself.","","true","q_post_body","Q Directive","Removed from Q Directives","true","REMOVE_STATEMENT_OR_HEADING","Religious, but declarative — a statement, slogan or label rather than an instruction."
"4491","2","Do not let the media control you [incite division and hatred for one another by use of propaganda and fear mongering [dogma - a point of view or tenet put forth as authoritative without adequate grounds]].","Do not let the media control you [incite division and hatred for one another by use of propaganda and fear mongering [dogma - a point of view or tenet put forth as authoritative without adequate grounds]].","","true","q_post_body","Q Directive","Q Directive","false","KEEP_Q_DIRECTIVE","Q instructs or urges the reader directly."
"4493","0","Reconcile.","Reconcile.","","true","q_post_body","Q Directive","Q Directive","false","KEEP_Q_DIRECTIVE","Q instructs or urges the reader directly."
"4496","0","Surrender to None ['Digital Battleground'].","Surrender to None ['Digital Battleground'].","","true","q_post_body","Q Directive","Q Directive","false","KEEP_Q_DIRECTIVE","Q instructs or urges the reader directly."
"4497","0","Organize.","Organize.","","true","q_post_body","Q Directive","Q Directive","false","KEEP_Q_DIRECTIVE","Q instructs or urges the reader directly."
"4497","1","Unite.","Unite.","","true","q_post_body","Q Directive","Q Directive","false","KEEP_Q_DIRECTIVE","Q instructs or urges the reader directly."
"4497","2","Prepare.","Prepare.","","true","q_post_body","Q Directive","Q Directive","false","KEEP_Q_DIRECTIVE","Q instructs or urges the reader directly."
"4498","0","Use 'topic' as target practice.","Use 'topic' as target practice.","","true","q_post_body","Q Directive","Q Directive","false","KEEP_Q_DIRECTIVE","Q instructs or urges the reader directly."
"4498","1","Test your strengths.","Test your strengths.","","true","q_post_body","Q Directive","Q Directive","false","KEEP_Q_DIRECTIVE","Q instructs or urges the reader directly."
"4498","2","Know your weaknesses.","Know your weaknesses.","","true","q_post_body","Q Directive","Q Directive","false","KEEP_Q_DIRECTIVE","Q instructs or urges the reader directly."
"4498","3","Adapt.","Adapt.","","true","q_post_body","Q Directive","Q Directive","false","KEEP_Q_DIRECTIVE","Q instructs or urges the reader directly."
"4498","4","Overcome.","Overcome.","","true","q_post_body","Q Directive","Q Directive","false","KEEP_Q_DIRECTIVE","Q instructs or urges the reader directly."
"45","0","Follow Huma.","Follow Huma.","","true","q_post_body","Q Directive","Q Directive","false","KEEP_Q_DIRECTIVE","Q instructs or urges the reader directly."
"4503","0","Take ownership of yourself [your life].","Take ownership of yourself [your life].","","true","q_post_body","Q Directive","Q Directive","false","KEEP_Q_DIRECTIVE","Q instructs or urges the reader directly."
"4505","0","Remember your oath.","Remember your oath.","","true","q_post_body","Q Directive","Q Directive","false","KEEP_Q_DIRECTIVE","Q instructs or urges the reader directly."
"4509","0","Use other platforms as a form of centralized command and control.","Use other platforms as a form of centralized command and control.","","true","q_post_body","Q Directive","Q Directive","false","KEEP_Q_DIRECTIVE","Q instructs or urges the reader directly."
"4509","1","Organize and connect [bridge through linking].","Organize and connect [bridge through linking].","","true","q_post_body","Q Directive","Q Directive","false","KEEP_Q_DIRECTIVE","Q instructs or urges the reader directly."
"4509","2","Source meme(s) material from battlefield and/or garage [highlight & share][take & drop]","Source meme(s) material from battlefield and/or garage [highlight & share][take & drop]","","true","q_post_body","Q Directive","Q Directive","false","KEEP_Q_DIRECTIVE","Q instructs or urges the reader directly."
"4509","3","Never retreat from the battlefield [Twitter, FB, etc.].","Never retreat from the battlefield [Twitter, FB, etc.].","","true","q_post_body","Q Directive","Q Directive","false","KEEP_Q_DIRECTIVE","Q instructs or urges the reader directly."
"4509","4","Mission 1: Dispute [reject] propaganda push through posting of research and facts","Mission 1: Dispute [reject] propaganda push through posting of research and facts","","true","q_post_body","Q Directive","Q Directive","false","KEEP_Q_DIRECTIVE","Q instructs or urges the reader directly."
"4509","5","Mission 2: Support role of other digital soldiers [one falls another stands (rises)]","Mission 2: Support role of other digital soldiers [one falls another stands (rises)]","","true","q_post_body","Q Directive","Q Directive","false","KEEP_Q_DIRECTIVE","Q instructs or urges the reader directly."
"4509","6","Mission 3: Guide [awaken] others through use of facts [DECLAS 1-99 material and other relevant facts] and memes [decouple MSDNC control of info stream] _ask 'counter' questions to initiate 'thought' vs repeat [echo] of MSDNC propaganda","Mission 3: Guide [awaken] others through use of facts [DECLAS 1-99 material and other relevant facts] and memes [decouple MSDNC control of info stream] _ask 'counter' questions to initiate 'thought' vs repeat [echo] of MSDNC propaganda","","false","quoted_or_third_party","Q Directive","Removed from Q Directives","false","REMOVE_QUOTED_OR_THIRD_PARTY","The command belongs to an Anonymous post, article, letter, image or screenshot quoted by Q."
"4509","7","Mission 4: Learn use of camouflage [digitally] _primary account suspended-terminated _use of secondary","Mission 4: Learn use of camouflage [digitally] _primary account suspended-terminated _use of secondary","","false","quoted_or_third_party","Q Directive","Removed from Q Directives","false","REMOVE_QUOTED_OR_THIRD_PARTY","The command belongs to an Anonymous post, article, letter, image or screenshot quoted by Q."
"4510","0","Take the oath.","Take the oath.","","true","q_post_body","Q Directive","Q Directive","false","KEEP_Q_DIRECTIVE","Q instructs or urges the reader directly."
"4511","0","Use of general public to counter the narrative [propaganda] push by controlled media.","Use of general public to counter the narrative [propaganda] push by controlled media.","","false","quoted_or_third_party","Q Directive","Removed from Q Directives","false","REMOVE_QUOTED_OR_THIRD_PARTY","The command belongs to an Anonymous post, article, letter, image or screenshot quoted by Q."
"4514","0","Handle w/ care.","Handle w/ care.","","true","q_post_body","Q Directive","Q Directive","false","KEEP_Q_DIRECTIVE","Q instructs or urges the reader directly."
"453","0","Locate and create.[:22]","Locate and create.[:22]","","true","q_post_body","Q Directive","Q Directive","false","KEEP_Q_DIRECTIVE","Q instructs or urges the reader directly."
"453","1","SEARCH crumbs : [#2]","SEARCH crumbs : [#2]","","true","q_post_body","Q Directive","Q Directive","false","KEEP_Q_DIRECTIVE","Q instructs or urges the reader directly."
"4530","0","God bless each and every one of you.","God bless each and every one of you.","","true","q_post_body","Q Directive","Removed from Q Directives","true","REMOVE_BLESSING_OR_VALEDICTION","A blessing, greeting or closing — it instructs no one."
"4534","0","Stand at the ready.","Stand at the ready.","","true","q_post_body","Q Directive","Q Directive","false","KEEP_Q_DIRECTIVE","Q instructs or urges the reader directly."
"4535","0","Read again – digest.","Read again – digest.","","true","q_post_body","Q Directive","Q Directive","false","KEEP_Q_DIRECTIVE","Q instructs or urges the reader directly."
"4535","1","THINK BLM PUSH EVERY 4-YEARS.","THINK BLM PUSH EVERY 4-YEARS.","","true","q_post_body","Q Directive","Q Directive","false","KEEP_Q_DIRECTIVE","Q instructs or urges the reader directly."
"4537","0","Think 2020_P election +1.","Think 2020_P election +1.","","true","q_post_body","Q Directive","Q Directive","false","KEEP_Q_DIRECTIVE","Q instructs or urges the reader directly."
"4543","0","Remember your oath.","Remember your oath.","","true","q_post_body","Q Directive","Q Directive","false","KEEP_Q_DIRECTIVE","Q instructs or urges the reader directly."
"4543","1","Remember your mission.","Remember your mission.","","true","q_post_body","Q Directive","Q Directive","false","KEEP_Q_DIRECTIVE","Q instructs or urges the reader directly."
"4543","2","Defend and protect at all costs.","Defend and protect at all costs.","","true","q_post_body","Q Directive","Q Directive","false","KEEP_Q_DIRECTIVE","Q instructs or urges the reader directly."
"4543","3","Appropriate action should be taken.","Appropriate action should be taken.","","true","q_post_body","Q Directive","Q Directive","false","KEEP_Q_DIRECTIVE","Q instructs or urges the reader directly."
"4545","0","Think HRC install: [2+] Supreme Court Justices, 200+ judges, rogue elements expanded inside DOJ, FBI, CIA, NSA, WH, STATE, …….removal 2nd amendment, border etc. ……… America for sale: China, Russia, Iran, Syria…….ISIS & AL Q expansion…….expansion surv of domestic citizens…….modify/change voter rules and regulations allow illegals+ballot harvesting w/ SC backed liberal-social opinion………sell off of military to highest bidder to fight internal long-standing wars……..","Think HRC install: [2+] Supreme Court Justices, 200+ judges, rogue elements expanded inside DOJ, FBI, CIA, NSA, WH, STATE, …….removal 2nd amendment, border etc. ……… America for sale: China, Russia, Iran, Syria…….ISIS & AL Q expansion…….expansion surv of domestic citizens…….modify/change voter rules and regulations allow illegals+ballot harvesting w/ SC backed liberal-social opinion………sell off of military to highest bidder to fight internal long-standing wars……..","","false","quoted_or_third_party","Q Directive","Removed from Q Directives","false","REMOVE_QUOTED_OR_THIRD_PARTY","The command belongs to an Anonymous post, article, letter, image or screenshot quoted by Q."
"4550","0","Have faith in Humanity.","Have faith in Humanity.","","true","q_post_body","Q Directive","Removed from Q Directives","true","REMOVE_STATEMENT_OR_HEADING","Religious, but declarative — a statement, slogan or label rather than an instruction."
"4550","1","Have faith in yourself.","Have faith in yourself.","","true","q_post_body","Q Directive","Removed from Q Directives","true","REMOVE_STATEMENT_OR_HEADING","Religious, but declarative — a statement, slogan or label rather than an instruction."
"4550","2","Find peace through prayer.","Find peace through prayer.","","true","q_post_body","Q Directive","Q Directive + Religion & Spirituality","true","KEEP_DIRECTIVE_AND_RELIGIOUS_THEME","Q-authored religious command. Stays a Directive AND belongs to Religion & Spirituality."
"4550","3","Fear not.","Fear not.","","true","q_post_body","Q Directive","Q Directive","false","KEEP_Q_DIRECTIVE","Q instructs or urges the reader directly."
"4550","4","Let light guide you.","Let light guide you.","","true","q_post_body","Q Directive","Q Directive","false","KEEP_Q_DIRECTIVE","Q instructs or urges the reader directly."
"4553","0","Define 'Fascism'.","Define 'Fascism'.","","true","q_post_body","Q Directive","Q Directive","false","KEEP_Q_DIRECTIVE","Q instructs or urges the reader directly."
"4553","1","Define 'Censorship'.","Define 'Censorship'.","","true","q_post_body","Q Directive","Q Directive","false","KEEP_Q_DIRECTIVE","Q instructs or urges the reader directly."
"4553","2","Define 'Narrative'.","Define 'Narrative'.","","true","q_post_body","Q Directive","Q Directive","false","KEEP_Q_DIRECTIVE","Q instructs or urges the reader directly."
"4553","3","Define 'Projection'.","Define 'Projection'.","","true","q_post_body","Q Directive","Q Directive","false","KEEP_Q_DIRECTIVE","Q instructs or urges the reader directly."
"4553","4","Define 'Psychological Projection'.","Define 'Psychological Projection'.","","true","q_post_body","Q Directive","Q Directive","false","KEEP_Q_DIRECTIVE","Q instructs or urges the reader directly."
"4553","5","Define 'Narcissist'.","Define 'Narcissist'.","","true","q_post_body","Q Directive","Q Directive","false","KEEP_Q_DIRECTIVE","Q instructs or urges the reader directly."
"4553","6","Define 'Dogma'.","Define 'Dogma'.","","true","q_post_body","Q Directive","Q Directive","false","KEEP_Q_DIRECTIVE","Q instructs or urges the reader directly."
"4553","7","Define 'Aggression'.","Define 'Aggression'.","","true","q_post_body","Q Directive","Q Directive","false","KEEP_Q_DIRECTIVE","Q instructs or urges the reader directly."
"4553","8","Define 'Suppression'.","Define 'Suppression'.","","true","q_post_body","Q Directive","Q Directive","false","KEEP_Q_DIRECTIVE","Q instructs or urges the reader directly."
"4553","9","Define 'Realism'.","Define 'Realism'.","","true","q_post_body","Q Directive","Q Directive","false","KEEP_Q_DIRECTIVE","Q instructs or urges the reader directly."
"4553","10","Select [public discovery] topics are deemed and ranked in priority order [ranking determines use of assets [big-to-small]].","Select [public discovery] topics are deemed and ranked in priority order [ranking determines use of assets [big-to-small]].","","false","quoted_or_third_party","Q Directive","Removed from Q Directives","false","REMOVE_QUOTED_OR_THIRD_PARTY","The command belongs to an Anonymous post, article, letter, image or screenshot quoted by Q."
"4555","0","Start here:","Start here:","","true","q_post_body","Q Directive","Q Directive","false","KEEP_Q_DIRECTIVE","Q instructs or urges the reader directly."
"4556","0","Select [public discovery] topics are deemed and ranked in priority order [ranking determines use of assets [big-to-small]].","Select [public discovery] topics are deemed and ranked in priority order [ranking determines use of assets [big-to-small]].","","false","quoted_or_third_party","Q Directive","Removed from Q Directives","false","REMOVE_QUOTED_OR_THIRD_PARTY","The command belongs to an Anonymous post, article, letter, image or screenshot quoted by Q."
"4564","0","Add to your playlist.","Add to your playlist.","","true","q_post_body","Q Directive","Q Directive","false","KEEP_Q_DIRECTIVE","Q instructs or urges the reader directly."
"4565","0","Feed an addiction [controllable]","Feed an addiction [controllable]","","true","q_post_body","Q Directive","Q Directive","false","KEEP_Q_DIRECTIVE","Q instructs or urges the reader directly."
"4566","0","Do not think 'today' but rather 'after' today.","Do not think 'today' but rather 'after' today.","","true","q_post_body","Q Directive","Q Directive","false","KEEP_Q_DIRECTIVE","Q instructs or urges the reader directly."
"4566","1","Have faith in Humanity.","Have faith in Humanity.","","true","q_post_body","Q Directive","Removed from Q Directives","true","REMOVE_STATEMENT_OR_HEADING","Religious, but declarative — a statement, slogan or label rather than an instruction."
"457","0","Celebrate this SPECIAL day in a BIG way.","Celebrate this SPECIAL day in a BIG way.","","true","q_post_body","Q Directive","Q Directive","false","KEEP_Q_DIRECTIVE","Q instructs or urges the reader directly."
"457","1","God bless you all.","God bless you all.","","true","q_post_body","Q Directive","Removed from Q Directives","true","REMOVE_BLESSING_OR_VALEDICTION","A blessing, greeting or closing — it instructs no one."
"4572","0","Trust Dan.","Trust Dan.","","true","q_post_body","Q Directive","Q Directive","false","KEEP_Q_DIRECTIVE","Q instructs or urges the reader directly."
"458","0","Please PRAY for those who would lay down their lives to protect our FREEDOM.","Please PRAY for those who would lay down their lives to protect our FREEDOM.","","true","q_post_body","Q Directive","Q Directive + Religion & Spirituality","true","KEEP_DIRECTIVE_AND_RELIGIOUS_THEME","Q-authored religious command. Stays a Directive AND belongs to Religion & Spirituality."
"458","1","God bless.","God bless.","","true","q_post_body","Q Directive","Removed from Q Directives","true","REMOVE_BLESSING_OR_VALEDICTION","A blessing, greeting or closing — it instructs no one."
"4580","0","Have faith in Humanity.","Have faith in Humanity.","","true","q_post_body","Q Directive","Removed from Q Directives","true","REMOVE_STATEMENT_OR_HEADING","Religious, but declarative — a statement, slogan or label rather than an instruction."
"4585","0","Think pawpaw.","Think pawpaw.","","true","q_post_body","Q Directive","Q Directive","false","KEEP_Q_DIRECTIVE","Q instructs or urges the reader directly."
"4587","0","Prepare for zero-day [massive cyber-power] attacks [attempts] on 11.4.","Prepare for zero-day [massive cyber-power] attacks [attempts] on 11.4.","","true","q_post_body","Q Directive","Q Directive","false","KEEP_Q_DIRECTIVE","Q instructs or urges the reader directly."
"4588","0","Do not give up the citizen investigation.","Do not give up the citizen investigation.","","true","q_post_body","Q Directive","Q Directive","false","KEEP_Q_DIRECTIVE","Q instructs or urges the reader directly."
"4588","1","Have faith in Humanity.","Have faith in Humanity.","","true","q_post_body","Q Directive","Removed from Q Directives","true","REMOVE_STATEMENT_OR_HEADING","Religious, but declarative — a statement, slogan or label rather than an instruction."
"4593","0","Have faith and trust in yourself.","Have faith and trust in yourself.","","true","q_post_body","Q Directive","Removed from Q Directives","true","REMOVE_STATEMENT_OR_HEADING","Religious, but declarative — a statement, slogan or label rather than an instruction."
"4598","0","Follow for days ahead [DECLAS].","Follow for days ahead [DECLAS].","","true","q_post_body","Q Directive","Q Directive","false","KEEP_Q_DIRECTIVE","Q instructs or urges the reader directly."
"4604","0","Batten down the hatches.","Batten down the hatches.","","true","q_post_body","Q Directive","Q Directive","false","KEEP_Q_DIRECTIVE","Q instructs or urges the reader directly."
"4608","0","God Bless America.","God Bless America.","","true","q_post_body","Q Directive","Removed from Q Directives","true","REMOVE_BLESSING_OR_VALEDICTION","A blessing, greeting or closing — it instructs no one."
"4618","0","Do not mistake silence for inaction.","Do not mistake silence for inaction.","","true","q_post_body","Q Directive","Q Directive","false","KEEP_Q_DIRECTIVE","Q instructs or urges the reader directly."
"4620","0","Test conditional limits of public acceptance [obey]","Test conditional limits of public acceptance [obey]","","true","q_post_body","Q Directive","Q Directive","false","KEEP_Q_DIRECTIVE","Q instructs or urges the reader directly."
"4620","1","Test conditional limits of public non_acceptance","Test conditional limits of public non_acceptance","","true","q_post_body","Q Directive","Q Directive","false","KEEP_Q_DIRECTIVE","Q instructs or urges the reader directly."
"4620","2","Test conditional limits of State authority [Gov-mayor]","Test conditional limits of State authority [Gov-mayor]","","true","q_post_body","Q Directive","Q Directive","false","KEEP_Q_DIRECTIVE","Q instructs or urges the reader directly."
"4620","3","Test conditional limits of Media [social] censorship","Test conditional limits of Media [social] censorship","","true","q_post_body","Q Directive","Q Directive","false","KEEP_Q_DIRECTIVE","Q instructs or urges the reader directly."
"4622","0","Ask yourself a very simple question -","Ask yourself a very simple question -","","true","q_post_body","Q Directive","Q Directive","false","KEEP_Q_DIRECTIVE","Q instructs or urges the reader directly."
"4627","0","Have Faith in Humanity.","Have Faith in Humanity.","","true","q_post_body","Q Directive","Removed from Q Directives","true","REMOVE_STATEMENT_OR_HEADING","Religious, but declarative — a statement, slogan or label rather than an instruction."
"4627","1","Have Faith in Yourself.","Have Faith in Yourself.","","true","q_post_body","Q Directive","Removed from Q Directives","true","REMOVE_STATEMENT_OR_HEADING","Religious, but declarative — a statement, slogan or label rather than an instruction."
"4628","0","Follow the logs.","Follow the logs.","","true","q_post_body","Q Directive","Q Directive","false","KEEP_Q_DIRECTIVE","Q instructs or urges the reader directly."
"4635","0","Compare & Contrast","Compare & Contrast","","true","q_post_body","Q Directive","Q Directive","false","KEEP_Q_DIRECTIVE","Q instructs or urges the reader directly."
"4635","1","Ask yourself, why are [D] party leaders refusing to condemn the violence?","Ask yourself, why are [D] party leaders refusing to condemn the violence?","","true","q_post_body","Q Directive","Q Directive","false","KEEP_Q_DIRECTIVE","Q instructs or urges the reader directly."
"4635","2","Ask yourself, why are [D] party leaders refusing to seek a unified republic?","Ask yourself, why are [D] party leaders refusing to seek a unified republic?","","true","q_post_body","Q Directive","Q Directive","false","KEEP_Q_DIRECTIVE","Q instructs or urges the reader directly."
"4636","0","Keep faith in Humanity.","Keep faith in Humanity.","","true","q_post_body","Q Directive","Q Directive","true","KEEP_Q_DIRECTIVE","Q instructs or urges the reader directly."
"4636","1","Keep faith in Yourself.","Keep faith in Yourself.","","true","q_post_body","Q Directive","Q Directive","true","KEEP_Q_DIRECTIVE","Q instructs or urges the reader directly."
"464","0","Follow the MONEY.","Follow the MONEY.","","true","q_post_body","Q Directive","Q Directive","false","KEEP_Q_DIRECTIVE","Q instructs or urges the reader directly."
"4640","0","Challenge legally battleground [4].","Challenge legally battleground [4].","","true","q_post_body","Q Directive","Q Directive","false","KEEP_Q_DIRECTIVE","Q instructs or urges the reader directly."
"4641","0","You must show them.","You must show them.","","true","q_post_body","Q Directive","Q Directive","false","KEEP_Q_DIRECTIVE","Q instructs or urges the reader directly."
"4643","0","Keep charging, Midnight Rider!","Keep charging, Midnight Rider!","","true","q_post_body","Q Directive","Q Directive","false","KEEP_Q_DIRECTIVE","Q instructs or urges the reader directly."
"4645","0","Clear and present danger to the United States of America.","Clear and present danger to the United States of America.","","true","q_post_body","Q Directive","Q Directive","false","KEEP_Q_DIRECTIVE","Q instructs or urges the reader directly."
"4648","0","Find peace [solace] through prayer.","Find peace [solace] through prayer.","","true","q_post_body","Q Directive","Q Directive + Religion & Spirituality","true","KEEP_DIRECTIVE_AND_RELIGIOUS_THEME","Q-authored religious command. Stays a Directive AND belongs to Religion & Spirituality."
"4648","1","Have faith in Humanity.","Have faith in Humanity.","","true","q_post_body","Q Directive","Removed from Q Directives","true","REMOVE_STATEMENT_OR_HEADING","Religious, but declarative — a statement, slogan or label rather than an instruction."
"4648","2","Have faith in Yourself.","Have faith in Yourself.","","true","q_post_body","Q Directive","Removed from Q Directives","true","REMOVE_STATEMENT_OR_HEADING","Religious, but declarative — a statement, slogan or label rather than an instruction."
"4648","3","God bless.","God bless.","","true","q_post_body","Q Directive","Removed from Q Directives","true","REMOVE_BLESSING_OR_VALEDICTION","A blessing, greeting or closing — it instructs no one."
"465","0","Don't get lost.","Don't get lost.","","true","q_post_body","Q Directive","Q Directive","false","KEEP_Q_DIRECTIVE","Q instructs or urges the reader directly."
"465","1","No other platforms used.","No other platforms used.","","true","q_post_body","Q Directive","Q Directive","false","KEEP_Q_DIRECTIVE","Q instructs or urges the reader directly."
"465","2","No comms privately w/ anyone.","No comms privately w/ anyone.","","true","q_post_body","Q Directive","Q Directive","false","KEEP_Q_DIRECTIVE","Q instructs or urges the reader directly."
"4651","0","Reconcile.","Reconcile.","","true","q_post_body","Q Directive","Q Directive","false","KEEP_Q_DIRECTIVE","Q instructs or urges the reader directly."
"4655","0","Read the playbook.","Read the playbook.","","true","q_post_body","Q Directive","Q Directive","false","KEEP_Q_DIRECTIVE","Q instructs or urges the reader directly."
"4659","0","Consider 'black corner box 20%' insert top-bottom left/right.","Consider 'black corner box 20%' insert top-bottom left/right.","","true","q_post_body","Q Directive","Q Directive","false","KEEP_Q_DIRECTIVE","Q instructs or urges the reader directly."
"466","0","Think GAME.","Think GAME.","","true","q_post_body","Q Directive","Q Directive","false","KEEP_Q_DIRECTIVE","Q instructs or urges the reader directly."
"4664","0","Excellent Q - you should ask (as should every American).","Excellent Q - you should ask (as should every American).","","true","q_post_body","Q Directive","Q Directive","false","KEEP_Q_DIRECTIVE","Q instructs or urges the reader directly."
"4666","0","See something.","See something.","","true","q_post_body","Q Directive","Q Directive","false","KEEP_Q_DIRECTIVE","Q instructs or urges the reader directly."
"4666","1","Say something.","Say something.","","true","q_post_body","Q Directive","Q Directive","false","KEEP_Q_DIRECTIVE","Q instructs or urges the reader directly."
"467","0","Test.","Test.","","true","q_post_body","Q Directive","Q Directive","false","KEEP_Q_DIRECTIVE","Q instructs or urges the reader directly."
"4672","0","Analyze downloads:","Analyze downloads:","","true","q_post_body","Q Directive","Q Directive","false","KEEP_Q_DIRECTIVE","Q instructs or urges the reader directly."
"4672","1","Now think fire(s).","Now think fire(s).","","true","q_post_body","Q Directive","Q Directive","false","KEEP_Q_DIRECTIVE","Q instructs or urges the reader directly."
"4678","0","Stay safe!","Stay safe!","","true","q_post_body","Q Directive","Q Directive","false","KEEP_Q_DIRECTIVE","Q instructs or urges the reader directly."
"4678","1","Be vigilant.","Be vigilant.","","true","q_post_body","Q Directive","Q Directive","false","KEEP_Q_DIRECTIVE","Q instructs or urges the reader directly."
"4683","0","Know.","Know.","","true","q_post_body","Q Directive","Q Directive","false","KEEP_Q_DIRECTIVE","Q instructs or urges the reader directly."
"4685","0","Define 'indoctrinate'.","Define 'indoctrinate'.","","true","q_post_body","Q Directive","Q Directive","false","KEEP_Q_DIRECTIVE","Q instructs or urges the reader directly."
"4685","1","You must show them.","You must show them.","","true","q_post_body","Q Directive","Q Directive","false","KEEP_Q_DIRECTIVE","Q instructs or urges the reader directly."
"4688","0","Protect Biden from Ukraine scandal re: himself & son _C19 change of narrative","Protect Biden from Ukraine scandal re: himself & son _C19 change of narrative","","true","q_post_body","Q Directive","Q Directive","false","KEEP_Q_DIRECTIVE","Q instructs or urges the reader directly."
"4688","1","Protect Biden from sexual assault allegation _C19 change narrative","Protect Biden from sexual assault allegation _C19 change narrative","","true","q_post_body","Q Directive","Q Directive","false","KEEP_Q_DIRECTIVE","Q instructs or urges the reader directly."
"4688","2","Protect and shelter #MeToo [D] created movement _preserve to target future [R] sexual assault allegations _allow hold vs Biden due to C19 narrative change","Protect and shelter #MeToo [D] created movement _preserve to target future [R] sexual assault allegations _allow hold vs Biden due to C19 narrative change","","true","q_post_body","Q Directive","Q Directive","false","KEEP_Q_DIRECTIVE","Q instructs or urges the reader directly."
"4688","3","Create non_digital pathway to rig 2020 Presidential election _engage 80 million mail-in-ballot distribution [coordinated as early as April/May] to sidestep election night defeat [no 'concede'] attempt ballot harvest media push 'we don't know how many ballots are left undelivered by postal service' re: legal challenge battleground states _stall_challenge_push division/chaos _CLAS1-99","Create non_digital pathway to rig 2020 Presidential election _engage 80 million mail-in-ballot distribution [coordinated as early as April/May] to sidestep election night defeat [no 'concede'] attempt ballot harvest media push 'we don't know how many ballots are left undelivered by postal service' re: legal challenge battleground states _stall_challenge_push division/chaos _CLAS1-99","","true","q_post_body","Q Directive","Q Directive","false","KEEP_Q_DIRECTIVE","Q instructs or urges the reader directly."
"4688","4","Create division hatred fear campaign primarily scare senior citizens from voting in person on election day _riots _protests _C19 death _eliminate enough senior [R] votes counteract [D] to [R] defection(s)","Create division hatred fear campaign primarily scare senior citizens from voting in person on election day _riots _protests _C19 death _eliminate enough senior [R] votes counteract [D] to [R] defection(s)","","true","q_post_body","Q Directive","Q Directive","false","KEEP_Q_DIRECTIVE","Q instructs or urges the reader directly."
"4688","5","Create impression country divided _use EU-early war election gaming tactics against current administration","Create impression country divided _use EU-early war election gaming tactics against current administration","","true","q_post_body","Q Directive","Q Directive","false","KEEP_Q_DIRECTIVE","Q instructs or urges the reader directly."
"4688","6","Change narrative 44 administration treason & corruption to POTUS C19 failure and death blame","Change narrative 44 administration treason & corruption to POTUS C19 failure and death blame","","true","q_post_body","Q Directive","Q Directive","false","KEEP_Q_DIRECTIVE","Q instructs or urges the reader directly."
"4688","7","Leave door open to Constitution crisis","Leave door open to Constitution crisis","","true","q_post_body","Q Directive","Q Directive","false","KEEP_Q_DIRECTIVE","Q instructs or urges the reader directly."
"4688","8","Avoid/delay public exposure of corruption & accountability _prevent loss of control/power","Avoid/delay public exposure of corruption & accountability _prevent loss of control/power","","true","q_post_body","Q Directive","Q Directive","false","KEEP_Q_DIRECTIVE","Q instructs or urges the reader directly."
"4688","9","Avoid/delay loss of US taxpayer trillions due to loss of control _inability to enact corrupt policy to send money overseas disguised as goodwill/climate _unregulated _no audit policy","Avoid/delay loss of US taxpayer trillions due to loss of control _inability to enact corrupt policy to send money overseas disguised as goodwill/climate _unregulated _no audit policy","","true","q_post_body","Q Directive","Q Directive","false","KEEP_Q_DIRECTIVE","Q instructs or urges the reader directly."
"4694","0","Know your enemy.","Know your enemy.","","true","q_post_body","Q Directive","Q Directive","false","KEEP_Q_DIRECTIVE","Q instructs or urges the reader directly."
"47","0","Be vigilant today and expect a major false flag.","Be vigilant today and expect a major false flag.","","true","q_post_body","Q Directive","Q Directive","false","KEEP_Q_DIRECTIVE","Q instructs or urges the reader directly."
"4708","0","Follow the pen.","Follow the pen.","","true","q_post_body","Q Directive","Q Directive","false","KEEP_Q_DIRECTIVE","Q instructs or urges the reader directly."
"4714","0","Hold the line, Riders.","Hold the line, Riders.","","true","q_post_body","Q Directive","Q Directive","false","KEEP_Q_DIRECTIVE","Q instructs or urges the reader directly."
"472","0","Test Device 1.","Test Device 1.","","true","q_post_body","Q Directive","Q Directive","false","KEEP_Q_DIRECTIVE","Q instructs or urges the reader directly."
"4722","0","Add it all up.","Add it all up.","","true","q_post_body","Q Directive","Q Directive","false","KEEP_Q_DIRECTIVE","Q instructs or urges the reader directly."
"4722","1","Make no mistake, they will not concede on Election Night.","Make no mistake, they will not concede on Election Night.","","true","q_post_body","Q Directive","Q Directive","false","KEEP_Q_DIRECTIVE","Q instructs or urges the reader directly."
"4722","2","Make no mistake, they will contest this legally in battleground states.","Make no mistake, they will contest this legally in battleground states.","","true","q_post_body","Q Directive","Q Directive","false","KEEP_Q_DIRECTIVE","Q instructs or urges the reader directly."
"4722","3","Make no mistake, they will project doubt in the election results","Make no mistake, they will project doubt in the election results","","true","q_post_body","Q Directive","Q Directive","false","KEEP_Q_DIRECTIVE","Q instructs or urges the reader directly."
"4722","4","Make no mistake, they will organize massive riots and attempt Anarchy-99 design","Make no mistake, they will organize massive riots and attempt Anarchy-99 design","","true","q_post_body","Q Directive","Q Directive","false","KEEP_Q_DIRECTIVE","Q instructs or urges the reader directly."
"473","0","Fight, fight, fight!","Fight, fight, fight!","","true","q_post_body","Q Directive","Q Directive","false","KEEP_Q_DIRECTIVE","Q instructs or urges the reader directly."
"473","1","God bless each and every one of you.","God bless each and every one of you.","","true","q_post_body","Q Directive","Removed from Q Directives","true","REMOVE_BLESSING_OR_VALEDICTION","A blessing, greeting or closing — it instructs no one."
"4734","0","Focus on content [information].","Focus on content [information].","","true","q_post_body","Q Directive","Q Directive","false","KEEP_Q_DIRECTIVE","Q instructs or urges the reader directly."
"4734","1","Research for yourself.","Research for yourself.","","true","q_post_body","Q Directive","Q Directive","false","KEEP_Q_DIRECTIVE","Q instructs or urges the reader directly."
"4734","2","Deploy camouflage.","Deploy camouflage.","","false","quoted_or_third_party","Q Directive","Removed from Q Directives","false","REMOVE_QUOTED_OR_THIRD_PARTY","The command belongs to an Anonymous post, article, letter, image or screenshot quoted by Q."
"4734","3","Drop all references re: 'Q' 'Qanon' etc. to avoid ban/termination _censorship install.","Drop all references re: 'Q' 'Qanon' etc. to avoid ban/termination _censorship install.","","false","quoted_or_third_party","Q Directive","Removed from Q Directives","false","REMOVE_QUOTED_OR_THIRD_PARTY","The command belongs to an Anonymous post, article, letter, image or screenshot quoted by Q."
"4734","4","Keep charging, Midnight Riders!","Keep charging, Midnight Riders!","","false","quoted_or_third_party","Q Directive","Removed from Q Directives","false","REMOVE_QUOTED_OR_THIRD_PARTY","The command belongs to an Anonymous post, article, letter, image or screenshot quoted by Q."
"4739","0","Make me brave, so I can stand and fight the spiritual battles in my life and in our world.","Make me brave, so I can stand and fight the spiritual battles in my life and in our world.","","true","q_post_body","Q Directive","Removed from Q Directives","false","REMOVE_PRAYER_TEXT","A petition addressed to God, not an instruction to the reader."
"4739","1","Give me your wisdom and discernment so I won't be caught off guard.","Give me your wisdom and discernment so I won't be caught off guard.","","true","q_post_body","Q Directive","Removed from Q Directives","false","REMOVE_PRAYER_TEXT","A petition addressed to God, not an instruction to the reader."
"4746","0","Have faith in Humanity.","Have faith in Humanity.","","true","q_post_body","Q Directive","Removed from Q Directives","true","REMOVE_STATEMENT_OR_HEADING","Religious, but declarative — a statement, slogan or label rather than an instruction."
"4746","1","Let the truth be told.","Let the truth be told.","","true","q_post_body","Q Directive","Q Directive","false","KEEP_Q_DIRECTIVE","Q instructs or urges the reader directly."
"475","0","NO comms w/ anyone privately.","NO comms w/ anyone privately.","","true","q_post_body","Q Directive","Q Directive","false","KEEP_Q_DIRECTIVE","Q instructs or urges the reader directly."
"475","1","NO comms outside of this platform.","NO comms outside of this platform.","","true","q_post_body","Q Directive","Q Directive","false","KEEP_Q_DIRECTIVE","Q instructs or urges the reader directly."
"4756","0","Make your depth 50ft.","Make your depth 50ft.","","true","q_post_body","Q Directive","Q Directive","false","KEEP_Q_DIRECTIVE","Q instructs or urges the reader directly."
"4759","0","Never forget those in the background.","Never forget those in the background.","","true","q_post_body","Q Directive","Q Directive","false","KEEP_Q_DIRECTIVE","Q instructs or urges the reader directly."
"4760","0","Have faith in your research.","Have faith in your research.","","true","q_post_body","Q Directive","Removed from Q Directives","true","REMOVE_STATEMENT_OR_HEADING","Religious, but declarative — a statement, slogan or label rather than an instruction."
"4769","0","Think what you now know.","Think what you now know.","","true","q_post_body","Q Directive","Q Directive","false","KEEP_Q_DIRECTIVE","Q instructs or urges the reader directly."
"477","0","Decipher.","Decipher.","","true","q_post_body","Q Directive","Q Directive","false","KEEP_Q_DIRECTIVE","Q instructs or urges the reader directly."
"477","1","Think clock.","Think clock.","","true","q_post_body","Q Directive","Q Directive","false","KEEP_Q_DIRECTIVE","Q instructs or urges the reader directly."
"477","2","Wind the clock w/ all markers.","Wind the clock w/ all markers.","","true","q_post_body","Q Directive","Q Directive","false","KEEP_Q_DIRECTIVE","Q instructs or urges the reader directly."
"4772","0","Never bring an arrow [in a quiver] to a LOSBR missile fight.","Never bring an arrow [in a quiver] to a LOSBR missile fight.","","true","q_post_body","Q Directive","Q Directive","false","KEEP_Q_DIRECTIVE","Q instructs or urges the reader directly."
"4777","0","Follow the family.","Follow the family.","","true","q_post_body","Q Directive","Q Directive","false","KEEP_Q_DIRECTIVE","Q instructs or urges the reader directly."
"4777","1","Think McCabe's wife.","Think McCabe's wife.","","true","q_post_body","Q Directive","Q Directive","false","KEEP_Q_DIRECTIVE","Q instructs or urges the reader directly."
"4777","2","Focus here [East Africa Operations]:","Focus here [East Africa Operations]:","","true","q_post_body","Q Directive","Q Directive","false","KEEP_Q_DIRECTIVE","Q instructs or urges the reader directly."
"478","0","Refer back to crumbs.","Refer back to crumbs.","","true","q_post_body","Q Directive","Q Directive","false","KEEP_Q_DIRECTIVE","Q instructs or urges the reader directly."
"4782","0","Follow the expenses.","Follow the expenses.","","true","q_post_body","Q Directive","Q Directive","false","KEEP_Q_DIRECTIVE","Q instructs or urges the reader directly."
"4782","1","Follow salaries & benefits.","Follow salaries & benefits.","","true","q_post_body","Q Directive","Q Directive","false","KEEP_Q_DIRECTIVE","Q instructs or urges the reader directly."
"4782","2","Follow professional & consulting.","Follow professional & consulting.","","true","q_post_body","Q Directive","Q Directive","false","KEEP_Q_DIRECTIVE","Q instructs or urges the reader directly."
"4782","3","Follow cost of sales.","Follow cost of sales.","","true","q_post_body","Q Directive","Q Directive","false","KEEP_Q_DIRECTIVE","Q instructs or urges the reader directly."
"4782","4","Follow other.","Follow other.","","true","q_post_body","Q Directive","Q Directive","false","KEEP_Q_DIRECTIVE","Q instructs or urges the reader directly."
"4785","0","Don't bite the hand that feeds you.","Don't bite the hand that feeds you.","","true","q_post_body","Q Directive","Q Directive","false","KEEP_Q_DIRECTIVE","Q instructs or urges the reader directly."
"479","0","Compare.","Compare.","","true","q_post_body","Q Directive","Q Directive","false","KEEP_Q_DIRECTIVE","Q instructs or urges the reader directly."
"479","1","List the leadership in AUS.","List the leadership in AUS.","","true","q_post_body","Q Directive","Q Directive","false","KEEP_Q_DIRECTIVE","Q instructs or urges the reader directly."
"4794","0","Apply same to FBI.","Apply same to FBI.","","true","q_post_body","Q Directive","Q Directive","false","KEEP_Q_DIRECTIVE","Q instructs or urges the reader directly."
"4794","1","Apply same to State.","Apply same to State.","","true","q_post_body","Q Directive","Q Directive","false","KEEP_Q_DIRECTIVE","Q instructs or urges the reader directly."
"4796","0","Eyes on.","Eyes on.","","true","q_post_body","Q Directive","Q Directive","false","KEEP_Q_DIRECTIVE","Q instructs or urges the reader directly."
"4796","1","Follow the family.","Follow the family.","","true","q_post_body","Q Directive","Q Directive","false","KEEP_Q_DIRECTIVE","Q instructs or urges the reader directly."
"4803","0","Do not take the bait.","Do not take the bait.","","true","q_post_body","Q Directive","Q Directive","false","KEEP_Q_DIRECTIVE","Q instructs or urges the reader directly."
"4803","1","Use discernment.","Use discernment.","","true","q_post_body","Q Directive","Q Directive","false","KEEP_Q_DIRECTIVE","Q instructs or urges the reader directly."
"4808","0","Keep charging, Midnight Riders!","Keep charging, Midnight Riders!","","true","q_post_body","Q Directive","Q Directive","false","KEEP_Q_DIRECTIVE","Q instructs or urges the reader directly."
"481","0","Note the desk.","Note the desk.","","true","q_post_body","Q Directive","Q Directive","false","KEEP_Q_DIRECTIVE","Q instructs or urges the reader directly."
"481","1","GOD BLESS.","GOD BLESS.","","true","q_post_body","Q Directive","Removed from Q Directives","true","REMOVE_BLESSING_OR_VALEDICTION","A blessing, greeting or closing — it instructs no one."
"4816","0","Think drop today re: Sen Johnson re: redaction(s) [GSA v FBI].","Think drop today re: Sen Johnson re: redaction(s) [GSA v FBI].","","true","q_post_body","Q Directive","Q Directive","false","KEEP_Q_DIRECTIVE","Q instructs or urges the reader directly."
"4816","1","Think POTUS today ""No redactions!""","Think POTUS today ""No redactions!""","","true","q_post_body","Q Directive","Q Directive","false","KEEP_Q_DIRECTIVE","Q instructs or urges the reader directly."
"4838","0","Look here: FBI","Look here: FBI","","true","q_post_body","Q Directive","Q Directive","false","KEEP_Q_DIRECTIVE","Q instructs or urges the reader directly."
"4838","1","Look here: DOJ","Look here: DOJ","","true","q_post_body","Q Directive","Q Directive","false","KEEP_Q_DIRECTIVE","Q instructs or urges the reader directly."
"4838","2","DO NOT LOOK HERE: CIA","DO NOT LOOK HERE: CIA","","true","q_post_body","Q Directive","Q Directive","false","KEEP_Q_DIRECTIVE","Q instructs or urges the reader directly."
"484","0","Watch the news.","Watch the news.","","true","q_post_body","Q Directive","Q Directive","false","KEEP_Q_DIRECTIVE","Q instructs or urges the reader directly."
"4840","0","Buckle up.","Buckle up.","","true","q_post_body","Q Directive","Q Directive","false","KEEP_Q_DIRECTIVE","Q instructs or urges the reader directly."
"4841","0","Keep firing, Nancy.","Keep firing, Nancy.","","true","q_post_body","Q Directive","Q Directive","false","KEEP_Q_DIRECTIVE","Q instructs or urges the reader directly."
"4843","0","Don't believe everything you read.","Don't believe everything you read.","","true","q_post_body","Q Directive","Q Directive","false","KEEP_Q_DIRECTIVE","Q instructs or urges the reader directly."
"4851","0","DRAIN THE SWAMP.","DRAIN THE SWAMP.","","true","q_post_body","Q Directive","Q Directive","false","KEEP_Q_DIRECTIVE","Q instructs or urges the reader directly."
"4852","0","Let's keep the party going.","Let's keep the party going.","","true","q_post_body","Q Directive","Q Directive","false","KEEP_Q_DIRECTIVE","Q instructs or urges the reader directly."
"4855","0","Keep charging, Midnight Riders!","Keep charging, Midnight Riders!","","true","q_post_body","Q Directive","Q Directive","false","KEEP_Q_DIRECTIVE","Q instructs or urges the reader directly."
"4856","0","Don't believe everything you read.","Don't believe everything you read.","","true","q_post_body","Q Directive","Q Directive","false","KEEP_Q_DIRECTIVE","Q instructs or urges the reader directly."
"4857","0","Read both carefully.","Read both carefully.","","true","q_post_body","Q Directive","Q Directive","false","KEEP_Q_DIRECTIVE","Q instructs or urges the reader directly."
"4861","0","Gauge for yourself, Anon.","Gauge for yourself, Anon.","","true","q_post_body","Q Directive","Q Directive","false","KEEP_Q_DIRECTIVE","Q instructs or urges the reader directly."
"4866","0","Buckle up.","Buckle up.","","true","q_post_body","Q Directive","Q Directive","false","KEEP_Q_DIRECTIVE","Q instructs or urges the reader directly."
"4875","0","Don't forget about the House Intel Committee meeting re: 'Qanon' today.","Don't forget about the House Intel Committee meeting re: 'Qanon' today.","","true","q_post_body","Q Directive","Q Directive","false","KEEP_Q_DIRECTIVE","Q instructs or urges the reader directly."
"4879","0","Remember, it's just a conspiracy.","Remember, it's just a conspiracy.","","true","q_post_body","Q Directive","Q Directive","false","KEEP_Q_DIRECTIVE","Q instructs or urges the reader directly."
"488","0","God bless Patriots.","God bless Patriots.","","true","q_post_body","Q Directive","Removed from Q Directives","true","REMOVE_BLESSING_OR_VALEDICTION","A blessing, greeting or closing — it instructs no one."
"4884","0","Enjoy the show!","Enjoy the show!","","true","q_post_body","Q Directive","Q Directive","false","KEEP_Q_DIRECTIVE","Q instructs or urges the reader directly."
"4886","0","Follow the family.","Follow the family.","","true","q_post_body","Q Directive","Q Directive","false","KEEP_Q_DIRECTIVE","Q instructs or urges the reader directly."
"4893","0","DRAIN THE SWAMP.","DRAIN THE SWAMP.","","true","q_post_body","Q Directive","Q Directive","false","KEEP_Q_DIRECTIVE","Q instructs or urges the reader directly."
"4895","0","Apply logic and common sense.","Apply logic and common sense.","","true","q_post_body","Q Directive","Q Directive","false","KEEP_Q_DIRECTIVE","Q instructs or urges the reader directly."
"49","0","Follow Sen Grassley.","Follow Sen Grassley.","","true","q_post_body","Q Directive","Q Directive","false","KEEP_Q_DIRECTIVE","Q instructs or urges the reader directly."
"490","0","God bless each and every Patriot in the world.","God bless each and every Patriot in the world.","","true","q_post_body","Q Directive","Removed from Q Directives","true","REMOVE_BLESSING_OR_VALEDICTION","A blessing, greeting or closing — it instructs no one."
"490","1","Let FREEDOM RING.","Let FREEDOM RING.","","true","q_post_body","Q Directive","Q Directive","false","KEEP_Q_DIRECTIVE","Q instructs or urges the reader directly."
"4902","0","Buckle up!","Buckle up!","","true","q_post_body","Q Directive","Q Directive","false","KEEP_Q_DIRECTIVE","Q instructs or urges the reader directly."
"4908","0","YOU MUST SHOW THEM.","YOU MUST SHOW THEM.","","true","q_post_body","Q Directive","Q Directive","false","KEEP_Q_DIRECTIVE","Q instructs or urges the reader directly."
"4915","0","Have faith in Humanity.","Have faith in Humanity.","","true","q_post_body","Q Directive","Removed from Q Directives","true","REMOVE_STATEMENT_OR_HEADING","Religious, but declarative — a statement, slogan or label rather than an instruction."
"4923","0","Find peace through prayer.","Find peace through prayer.","","true","q_post_body","Q Directive","Q Directive + Religion & Spirituality","true","KEEP_DIRECTIVE_AND_RELIGIOUS_THEME","Q-authored religious command. Stays a Directive AND belongs to Religion & Spirituality."
"4923","1","Never give up the good fight.","Never give up the good fight.","","true","q_post_body","Q Directive","Q Directive","false","KEEP_Q_DIRECTIVE","Q instructs or urges the reader directly."
"4923","2","God bless you.","God bless you.","","true","q_post_body","Q Directive","Removed from Q Directives","true","REMOVE_BLESSING_OR_VALEDICTION","A blessing, greeting or closing — it instructs no one."
"493","0","Review the Congressional investigation on PP.","Review the Congressional investigation on PP.","","true","q_post_body","Q Directive","Q Directive","false","KEEP_Q_DIRECTIVE","Q instructs or urges the reader directly."
"493","1","Be prepared for what you learn.","Be prepared for what you learn.","","true","q_post_body","Q Directive","Q Directive","false","KEEP_Q_DIRECTIVE","Q instructs or urges the reader directly."
"4938","0","PLEASE FIX THE BREAD AND TIDY UP THE SHIP.","PLEASE FIX THE BREAD AND TIDY UP THE SHIP.","","true","q_post_body","Q Directive","Q Directive","false","KEEP_Q_DIRECTIVE","Q instructs or urges the reader directly."
"495","0","Mark as graphic material.","Mark as graphic material.","","true","q_post_body","Q Directive","Q Directive","false","KEEP_Q_DIRECTIVE","Q instructs or urges the reader directly."
"4951","0","Sometimes you must walk through the darkness before you see the light.","Sometimes you must walk through the darkness before you see the light.","","true","q_post_body","Q Directive","Q Directive","false","KEEP_Q_DIRECTIVE","Q instructs or urges the reader directly."
"4956","0","Remember your oath.","Remember your oath.","","true","q_post_body","Q Directive","Q Directive","false","KEEP_Q_DIRECTIVE","Q instructs or urges the reader directly."
"4958","0","Use your logic.","Use your logic.","","true","q_post_body","Q Directive","Q Directive","false","KEEP_Q_DIRECTIVE","Q instructs or urges the reader directly."
"4958","1","Define 'Plant'.","Define 'Plant'.","","true","q_post_body","Q Directive","Q Directive","false","KEEP_Q_DIRECTIVE","Q instructs or urges the reader directly."
"4958","2","Trust the plan.","Trust the plan.","","true","q_post_body","Q Directive","Q Directive","false","KEEP_Q_DIRECTIVE","Q instructs or urges the reader directly."
"4959","0","Think.","Think.","","true","q_post_body","Q Directive","Q Directive","false","KEEP_Q_DIRECTIVE","Q instructs or urges the reader directly."
"496","0","Add to graphic.","Add to graphic.","","true","q_post_body","Q Directive","Q Directive","false","KEEP_Q_DIRECTIVE","Q instructs or urges the reader directly."
"4960","0","Watch carefully.","Watch carefully.","","true","q_post_body","Q Directive","Q Directive","false","KEEP_Q_DIRECTIVE","Q instructs or urges the reader directly."
"4960","1","Vote.","Vote.","","true","q_post_body","Q Directive","Q Directive","false","KEEP_Q_DIRECTIVE","Q instructs or urges the reader directly."
"4962","0","PUT AN END TO THE ENDLESS.","PUT AN END TO THE ENDLESS.","","true","q_post_body","Q Directive","Q Directive","false","KEEP_Q_DIRECTIVE","Q instructs or urges the reader directly."
"4962","1","Repeat.","Repeat.","","true","q_post_body","Q Directive","Q Directive","false","KEEP_Q_DIRECTIVE","Q instructs or urges the reader directly."
"4963","0","Trust yourself.","Trust yourself.","","true","q_post_body","Q Directive","Q Directive","false","KEEP_Q_DIRECTIVE","Q instructs or urges the reader directly."
"4963","1","Focus.","Focus.","","true","q_post_body","Q Directive","Q Directive","false","KEEP_Q_DIRECTIVE","Q instructs or urges the reader directly."
"4963","2","FOCUS.","FOCUS.","","true","q_post_body","Q Directive","Q Directive","false","KEEP_Q_DIRECTIVE","Q instructs or urges the reader directly."
"4963","3","Time to show the world.","Time to show the world.","","true","q_post_body","Q Directive","Q Directive","false","KEEP_Q_DIRECTIVE","Q instructs or urges the reader directly."
"4964","0","Be aware of false prophets.","Be aware of false prophets.","","true","q_post_body","Q Directive","Q Directive","false","KEEP_Q_DIRECTIVE","Q instructs or urges the reader directly."
"4964","1","Focus on the mission.","Focus on the mission.","","true","q_post_body","Q Directive","Q Directive","false","KEEP_Q_DIRECTIVE","Q instructs or urges the reader directly."
"4966","0","Protect your DNA.","Protect your DNA.","","true","q_post_body","Q Directive","Q Directive","false","KEEP_Q_DIRECTIVE","Q instructs or urges the reader directly."
"5","0","Follow the money, it's the key.","Follow the money, it's the key.","","true","q_post_body","Q Directive","Q Directive","false","KEEP_Q_DIRECTIVE","Q instructs or urges the reader directly."
"5","1","Note this doesn't include massive slush funds that are pulled by several high ups.","Note this doesn't include massive slush funds that are pulled by several high ups.","","true","q_post_body","Q Directive","Q Directive","false","KEEP_Q_DIRECTIVE","Q instructs or urges the reader directly."
"5","2","Have faith.","Have faith.","","true","q_post_body","Q Directive","Removed from Q Directives","true","REMOVE_STATEMENT_OR_HEADING","Religious, but declarative — a statement, slogan or label rather than an instruction."
"50","0","Don't think of a single person.","Don't think of a single person.","","true","q_post_body","Q Directive","Q Directive","false","KEEP_Q_DIRECTIVE","Q instructs or urges the reader directly."
"50","1","Think of a powerful entity.","Think of a powerful entity.","","true","q_post_body","Q Directive","Q Directive","false","KEEP_Q_DIRECTIVE","Q instructs or urges the reader directly."
"504","0","LEARN OUR COMMS.","LEARN OUR COMMS.","","true","q_post_body","Q Directive","Q Directive","false","KEEP_Q_DIRECTIVE","Q instructs or urges the reader directly."
"506","0","Wind the CLOCK.","Wind the CLOCK.","","true","q_post_body","Q Directive","Q Directive","false","KEEP_Q_DIRECTIVE","Q instructs or urges the reader directly."
"51","0","Rest assured POTUS is backed by the absolute finest people alive who are all dedicated to the eradication evil and corruption from the US/World.","Rest assured POTUS is backed by the absolute finest people alive who are all dedicated to the eradication evil and corruption from the US/World.","","true","q_post_body","Q Directive","Q Directive","false","KEEP_Q_DIRECTIVE","Q instructs or urges the reader directly."
"51","1","Find peace.","Find peace.","","true","q_post_body","Q Directive","Q Directive","false","KEEP_Q_DIRECTIVE","Q instructs or urges the reader directly."
"51","2","God bless and be safe.","stay safe","God bless","true","q_post_body","Q Directive","Q Directive + Religion & Spirituality (segmented)","true","SPLIT_MIXED_SENTENCE","One sentence carries a blessing and a real instruction. Keep the complete sentence as the highlight; store the segments as metadata."
"510","0","Learn.","Learn.","","true","q_post_body","Q Directive","Q Directive","false","KEEP_Q_DIRECTIVE","Q instructs or urges the reader directly."
"513","0","NO private comms past/present/future.","NO private comms past/present/future.","","true","q_post_body","Q Directive","Q Directive","false","KEEP_Q_DIRECTIVE","Q instructs or urges the reader directly."
"513","1","NO comms made outside of this platform.","NO comms made outside of this platform.","","true","q_post_body","Q Directive","Q Directive","false","KEEP_Q_DIRECTIVE","Q instructs or urges the reader directly."
"513","2","Any claims that contradict the above should be considered FAKE NEWS and disregarded immediately.","Any claims that contradict the above should be considered FAKE NEWS and disregarded immediately.","","true","q_post_body","Q Directive","Q Directive","false","KEEP_Q_DIRECTIVE","Q instructs or urges the reader directly."
"515","0","Suggest new board created.","Suggest new board created.","","true","q_post_body","Q Directive","Q Directive","false","KEEP_Q_DIRECTIVE","Q instructs or urges the reader directly."
"517","0","Please begin migration.","Please begin migration.","","true","q_post_body","Q Directive","Q Directive","false","KEEP_Q_DIRECTIVE","Q instructs or urges the reader directly."
"518","0","Be ready.","Be ready.","","true","q_post_body","Q Directive","Q Directive","false","KEEP_Q_DIRECTIVE","Q instructs or urges the reader directly."
"52","0","Review BO's financial disclosure when he submitted pre-D election campaign.","Review BO's financial disclosure when he submitted pre-D election campaign.","","true","q_post_body","Q Directive","Q Directive","false","KEEP_Q_DIRECTIVE","Q instructs or urges the reader directly."
"520","0","Think BDT.","Think BDT.","","true","q_post_body","Q Directive","Q Directive","false","KEEP_Q_DIRECTIVE","Q instructs or urges the reader directly."
"520","1","THINK BIG.","THINK BIG.","","true","q_post_body","Q Directive","Q Directive","false","KEEP_Q_DIRECTIVE","Q instructs or urges the reader directly."
"520","2","THINK BIGGER.","THINK BIGGER.","","true","q_post_body","Q Directive","Q Directive","false","KEEP_Q_DIRECTIVE","Q instructs or urges the reader directly."
"520","3","THINK BIGGEST.","THINK BIGGEST.","","true","q_post_body","Q Directive","Q Directive","false","KEEP_Q_DIRECTIVE","Q instructs or urges the reader directly."
"520","4","Get smart, MAKE AMERICA GREAT AGAIN!","Get smart, MAKE AMERICA GREAT AGAIN!","","false","quoted_or_third_party","Q Directive","Removed from Q Directives","false","REMOVE_QUOTED_OR_THIRD_PARTY","The command belongs to an Anonymous post, article, letter, image or screenshot quoted by Q."
"520","5","FOCUS on POTUS' Tweet above.","FOCUS on POTUS' Tweet above.","","true","q_post_body","Q Directive","Q Directive","false","KEEP_Q_DIRECTIVE","Q instructs or urges the reader directly."
"520","6","Think budget.","Think budget.","","true","q_post_body","Q Directive","Q Directive","false","KEEP_Q_DIRECTIVE","Q instructs or urges the reader directly."
"520","7","FIND missing [3].","FIND missing [3].","","true","q_post_body","Q Directive","Q Directive","false","KEEP_Q_DIRECTIVE","Q instructs or urges the reader directly."
"521","0","Have FAITH - WE ARE IN CONTROL.","Have FAITH - WE ARE IN CONTROL.","","true","q_post_body","Q Directive","Removed from Q Directives","true","REMOVE_STATEMENT_OR_HEADING","Religious, but declarative — a statement, slogan or label rather than an instruction."
"521","1","HAVE FAITH.","HAVE FAITH.","","true","q_post_body","Q Directive","Removed from Q Directives","true","REMOVE_STATEMENT_OR_HEADING","Religious, but declarative — a statement, slogan or label rather than an instruction."
"521","2","USE IT - PROTECT AND COMFORT THOSE AROUND YOU.","USE IT - PROTECT AND COMFORT THOSE AROUND YOU.","","true","q_post_body","Q Directive","Q Directive","false","KEEP_Q_DIRECTIVE","Q instructs or urges the reader directly."
"524","0","FOLLOW THE MONEY.","FOLLOW THE MONEY.","","true","q_post_body","Q Directive","Q Directive","false","KEEP_Q_DIRECTIVE","Q instructs or urges the reader directly."
"524","1","FOCUS on loudest voices in WASH.","FOCUS on loudest voices in WASH.","","true","q_post_body","Q Directive","Q Directive","false","KEEP_Q_DIRECTIVE","Q instructs or urges the reader directly."
"524","2","Reconcile?","Reconcile?","","true","q_post_body","Q Directive","Q Directive","false","KEEP_Q_DIRECTIVE","Q instructs or urges the reader directly."
"526","0","FOLLOW HIM AND FAMILY DOWN THE HOLE TO FIND MORE TRUTH.","FOLLOW HIM AND FAMILY DOWN THE HOLE TO FIND MORE TRUTH.","","true","q_post_body","Q Directive","Q Directive","false","KEEP_Q_DIRECTIVE","Q instructs or urges the reader directly."
"529","0","Be READY.","Be READY.","","true","q_post_body","Q Directive","Q Directive","false","KEEP_Q_DIRECTIVE","Q instructs or urges the reader directly."
"529","1","FIGHT, FIGHT, FIGHT.","FIGHT, FIGHT, FIGHT.","","true","q_post_body","Q Directive","Q Directive","false","KEEP_Q_DIRECTIVE","Q instructs or urges the reader directly."
"53","0","List out all who have foundations.","List out all who have foundations.","","true","q_post_body","Q Directive","Q Directive","false","KEEP_Q_DIRECTIVE","Q instructs or urges the reader directly."
"53","1","Analyze the filings.","Analyze the filings.","","true","q_post_body","Q Directive","Q Directive","false","KEEP_Q_DIRECTIVE","Q instructs or urges the reader directly."
"530","0","Show: Future PROVES Past.","Show: Future PROVES Past.","","true","q_post_body","Q Directive","Q Directive","false","KEEP_Q_DIRECTIVE","Q instructs or urges the reader directly."
"532","0","SHOW the WORLD.","SHOW the WORLD.","","true","q_post_body","Q Directive","Q Directive","false","KEEP_Q_DIRECTIVE","Q instructs or urges the reader directly."
"532","1","SHOW the WORLD the TRUTH.","SHOW the WORLD the TRUTH.","","true","q_post_body","Q Directive","Q Directive","false","KEEP_Q_DIRECTIVE","Q instructs or urges the reader directly."
"532","2","OPEN THEIR EYES.","OPEN THEIR EYES.","","true","q_post_body","Q Directive","Q Directive","false","KEEP_Q_DIRECTIVE","Q instructs or urges the reader directly."
"532","3","DON'T LET POTUS SUFFER FROM THE SOROS/LOSER BOTS THAT CONTINUALLY FLOOD.","DON'T LET POTUS SUFFER FROM THE SOROS/LOSER BOTS THAT CONTINUALLY FLOOD.","","true","q_post_body","Q Directive","Q Directive","false","KEEP_Q_DIRECTIVE","Q instructs or urges the reader directly."
"532","4","MAKE THE FAKE NEWS AWARDS YOUR 1ST ORGANIZED TWEET STORM DAY.","MAKE THE FAKE NEWS AWARDS YOUR 1ST ORGANIZED TWEET STORM DAY.","","true","q_post_body","Q Directive","Q Directive","false","KEEP_Q_DIRECTIVE","Q instructs or urges the reader directly."
"533","0","STAND UP PATRIOTS.","STAND UP PATRIOTS.","","true","q_post_body","Q Directive","Q Directive","false","KEEP_Q_DIRECTIVE","Q instructs or urges the reader directly."
"533","1","STAND UP AND DEFEND WHAT YOU KNOW IS RIGHT.","STAND UP AND DEFEND WHAT YOU KNOW IS RIGHT.","","true","q_post_body","Q Directive","Q Directive","false","KEEP_Q_DIRECTIVE","Q instructs or urges the reader directly."
"533","2","GOD BLESS YOU AND GOD BLESS THE UNITED STATES OF AMERICA.","GOD BLESS YOU AND GOD BLESS THE UNITED STATES OF AMERICA.","","true","q_post_body","Q Directive","Removed from Q Directives","true","REMOVE_BLESSING_OR_VALEDICTION","A blessing, greeting or closing — it instructs no one."
"534","0","START HERE.","START HERE.","","true","q_post_body","Q Directive","Q Directive","false","KEEP_Q_DIRECTIVE","Q instructs or urges the reader directly."
"537","0","TRUST SESSIONS.","TRUST SESSIONS.","","true","q_post_body","Q Directive","Q Directive","false","KEEP_Q_DIRECTIVE","Q instructs or urges the reader directly."
"537","1","Think logically.","Think logically.","","true","q_post_body","Q Directive","Q Directive","false","KEEP_Q_DIRECTIVE","Q instructs or urges the reader directly."
"537","2","DO NOT chase MISINFO.","DO NOT chase MISINFO.","","true","q_post_body","Q Directive","Q Directive","false","KEEP_Q_DIRECTIVE","Q instructs or urges the reader directly."
"538","0","BEWARE of MAJOR FALSE FLAG attempts this week.","BEWARE of MAJOR FALSE FLAG attempts this week.","","true","q_post_body","Q Directive","Q Directive","false","KEEP_Q_DIRECTIVE","Q instructs or urges the reader directly."
"538","1","KNOW your surroundings.","KNOW your surroundings.","","true","q_post_body","Q Directive","Q Directive","false","KEEP_Q_DIRECTIVE","Q instructs or urges the reader directly."
"538","2","TRUST.","TRUST.","","true","q_post_body","Q Directive","Q Directive","false","KEEP_Q_DIRECTIVE","Q instructs or urges the reader directly."
"539","0","Think logically.","Think logically.","","true","q_post_body","Q Directive","Q Directive","false","KEEP_Q_DIRECTIVE","Q instructs or urges the reader directly."
"542","0","Fight, Fight, Fight.","Fight, Fight, Fight.","","true","q_post_body","Q Directive","Q Directive","false","KEEP_Q_DIRECTIVE","Q instructs or urges the reader directly."
"542","1","DEMAND public disclosure.","DEMAND public disclosure.","","true","q_post_body","Q Directive","Q Directive","false","KEEP_Q_DIRECTIVE","Q instructs or urges the reader directly."
"542","2","BE LOUD.","BE LOUD.","","true","q_post_body","Q Directive","Q Directive","false","KEEP_Q_DIRECTIVE","Q instructs or urges the reader directly."
"542","3","BE HEARD.","BE HEARD.","","true","q_post_body","Q Directive","Q Directive","false","KEEP_Q_DIRECTIVE","Q instructs or urges the reader directly."
"55","0","Look to Twitter:","Look to Twitter:","","true","q_post_body","Q Directive","Q Directive","false","KEEP_Q_DIRECTIVE","Q instructs or urges the reader directly."
"55","1","God bless.","God bless.","","true","q_post_body","Q Directive","Removed from Q Directives","true","REMOVE_BLESSING_OR_VALEDICTION","A blessing, greeting or closing — it instructs no one."
"551","0","Reconcile.","Reconcile.","","true","q_post_body","Q Directive","Q Directive","false","KEEP_Q_DIRECTIVE","Q instructs or urges the reader directly."
"553","0","Expand your thinking.","Expand your thinking.","","true","q_post_body","Q Directive","Q Directive","false","KEEP_Q_DIRECTIVE","Q instructs or urges the reader directly."
"556","0","Have FAITH, Patriot.","Have FAITH, Patriot.","","true","q_post_body","Q Directive","Removed from Q Directives","true","REMOVE_STATEMENT_OR_HEADING","Religious, but declarative — a statement, slogan or label rather than an instruction."
"562","0","Remember THIS DAY.","Remember THIS DAY.","","true","q_post_body","Q Directive","Q Directive","false","KEEP_Q_DIRECTIVE","Q instructs or urges the reader directly."
"563","0","Think MEMO.","Think MEMO.","","true","q_post_body","Q Directive","Q Directive","false","KEEP_Q_DIRECTIVE","Q instructs or urges the reader directly."
"563","1","LEARN!","LEARN!","","true","q_post_body","Q Directive","Q Directive","false","KEEP_Q_DIRECTIVE","Q instructs or urges the reader directly."
"563","2","STAY STRONG.","STAY STRONG.","","true","q_post_body","Q Directive","Q Directive","false","KEEP_Q_DIRECTIVE","Q instructs or urges the reader directly."
"563","3","STAY TOGETHER.","STAY TOGETHER.","","true","q_post_body","Q Directive","Q Directive","false","KEEP_Q_DIRECTIVE","Q instructs or urges the reader directly."
"563","4","FIGHT, FIGHT, FIGHT.","FIGHT, FIGHT, FIGHT.","","true","q_post_body","Q Directive","Q Directive","false","KEEP_Q_DIRECTIVE","Q instructs or urges the reader directly."
"564","0","Fight, Fight, Fight.","Fight, Fight, Fight.","","true","q_post_body","Q Directive","Q Directive","false","KEEP_Q_DIRECTIVE","Q instructs or urges the reader directly."
"566","0","Read the #Memo.","Read the #Memo.","","true","q_post_body","Q Directive","Q Directive","false","KEEP_Q_DIRECTIVE","Q instructs or urges the reader directly."
"566","1","Release coming.","Release coming.","","true","q_post_body","Q Directive","Q Directive","false","KEEP_Q_DIRECTIVE","Q instructs or urges the reader directly."
"566","2","Make sure to learn Russian.","Make sure to learn Russian.","","true","q_post_body","Q Directive","Q Directive","false","KEEP_Q_DIRECTIVE","Q instructs or urges the reader directly."
"568","0","TRUST.","TRUST.","","true","q_post_body","Q Directive","Q Directive","false","KEEP_Q_DIRECTIVE","Q instructs or urges the reader directly."
"570","0","Cut funding to Mil","Cut funding to Mil","","true","q_post_body","Q Directive","Q Directive","false","KEEP_Q_DIRECTIVE","Q instructs or urges the reader directly."
"570","1","Launch 'good guy' takedown (internal remove) - Valerie Jarrett (sniffer)","Launch 'good guy' takedown (internal remove) - Valerie Jarrett (sniffer)","","true","q_post_body","Q Directive","Q Directive","false","KEEP_Q_DIRECTIVE","Q instructs or urges the reader directly."
"570","2","Open border (flood illegals: D win) ISIS/MS13 fund/install (fear, targeting/removal, domestic-assets etc.)","Open border (flood illegals: D win) ISIS/MS13 fund/install (fear, targeting/removal, domestic-assets etc.)","","true","q_post_body","Q Directive","Q Directive","false","KEEP_Q_DIRECTIVE","Q instructs or urges the reader directly."
"570","3","Open borders","Open borders","","true","q_post_body","Q Directive","Q Directive","false","KEEP_Q_DIRECTIVE","Q instructs or urges the reader directly."
"570","4","Fight, Fight, Fight.","Fight, Fight, Fight.","","true","q_post_body","Q Directive","Q Directive","false","KEEP_Q_DIRECTIVE","Q instructs or urges the reader directly."
"571","0","FEAR the STORM.","FEAR the STORM.","","true","q_post_body","Q Directive","Q Directive","false","KEEP_Q_DIRECTIVE","Q instructs or urges the reader directly."
"577","0","Expand your thinking.","Expand your thinking.","","true","q_post_body","Q Directive","Q Directive","false","KEEP_Q_DIRECTIVE","Q instructs or urges the reader directly."
"585","0","TRUST Adm R.","TRUST Adm R.","","true","q_post_body","Q Directive","Q Directive","false","KEEP_Q_DIRECTIVE","Q instructs or urges the reader directly."
"586","0","Be careful what you wish for.","Be careful what you wish for.","","true","q_post_body","Q Directive","Q Directive","false","KEEP_Q_DIRECTIVE","Q instructs or urges the reader directly."
"586","1","Think logically.","Think logically.","","true","q_post_body","Q Directive","Q Directive","false","KEEP_Q_DIRECTIVE","Q instructs or urges the reader directly."
"586","2","Forget the Russia set up [1 of 22].","Forget the Russia set up [1 of 22].","","true","q_post_body","Q Directive","Q Directive","false","KEEP_Q_DIRECTIVE","Q instructs or urges the reader directly."
"586","3","If you are religious, PRAY.","If you are religious, PRAY.","","true","q_post_body","Q Directive","Q Directive + Religion & Spirituality","true","KEEP_DIRECTIVE_AND_RELIGIOUS_THEME","Q-authored religious command. Stays a Directive AND belongs to Religion & Spirituality."
"587","0","PRAY.","PRAY.","","true","q_post_body","Q Directive","Q Directive + Religion & Spirituality","true","KEEP_DIRECTIVE_AND_RELIGIOUS_THEME","Q-authored religious command. Stays a Directive AND belongs to Religion & Spirituality."
"59","0","Remember, information is everything, the flow of information is no longer controlled by the MSM but by you/others.","Remember, information is everything, the flow of information is no longer controlled by the MSM but by you/others.","","false","quoted_or_third_party","Q Directive","Removed from Q Directives","false","REMOVE_QUOTED_OR_THIRD_PARTY","The command belongs to an Anonymous post, article, letter, image or screenshot quoted by Q."
"59","1","Combine all posts and analyze.","Combine all posts and analyze.","","true","q_post_body","Q Directive","Q Directive","false","KEEP_Q_DIRECTIVE","Q instructs or urges the reader directly."
"592","0","Archive.","Archive.","","true","q_post_body","Q Directive","Q Directive","false","KEEP_Q_DIRECTIVE","Q instructs or urges the reader directly."
"592","1","Eyes on.","Eyes on.","","true","q_post_body","Q Directive","Q Directive","false","KEEP_Q_DIRECTIVE","Q instructs or urges the reader directly."
"599","0","Do not glorify us.","Do not glorify us.","","true","q_post_body","Q Directive","Q Directive","false","KEEP_Q_DIRECTIVE","Q instructs or urges the reader directly."
"6","0","Follow Huma tomorrow.","Follow Huma tomorrow.","","true","q_post_body","Q Directive","Q Directive","false","KEEP_Q_DIRECTIVE","Q instructs or urges the reader directly."
"6","1","Focus on Military Intelligence/ State Secrets and why might that be used vs any three letter agency","Focus on Military Intelligence/ State Secrets and why might that be used vs any three letter agency","","false","quoted_or_third_party","Q Directive","Removed from Q Directives","false","REMOVE_QUOTED_OR_THIRD_PARTY","The command belongs to an Anonymous post, article, letter, image or screenshot quoted by Q."
"6","2","Don't fool yourself into thinking Obama, Soros, Roth's, Clinton's etc have more power present day than POTUS.","Don't fool yourself into thinking Obama, Soros, Roth's, Clinton's etc have more power present day than POTUS.","","false","quoted_or_third_party","Q Directive","Removed from Q Directives","false","REMOVE_QUOTED_OR_THIRD_PARTY","The command belongs to an Anonymous post, article, letter, image or screenshot quoted by Q."
"6","3","Follow the money, it's the key.","Follow the money, it's the key.","","true","q_post_body","Q Directive","Q Directive","false","KEEP_Q_DIRECTIVE","Q instructs or urges the reader directly."
"6","4","Note this doesn't include massive slush funds that are pulled by several high ups.","Note this doesn't include massive slush funds that are pulled by several high ups.","","true","q_post_body","Q Directive","Q Directive","false","KEEP_Q_DIRECTIVE","Q instructs or urges the reader directly."
"6","5","Again, there are a lot more good people than bad so have faith.","Again, there are a lot more good people than bad so have faith.","","false","quoted_or_third_party","Q Directive","Removed from Q Directives","true","REMOVE_QUOTED_OR_THIRD_PARTY","The command belongs to an Anonymous post, article, letter, image or screenshot quoted by Q."
"603","0","GOD BLESS YOU ALL.","GOD BLESS YOU ALL.","","true","q_post_body","Q Directive","Removed from Q Directives","true","REMOVE_BLESSING_OR_VALEDICTION","A blessing, greeting or closing — it instructs no one."
"609","0","Re-read crumbs.","Re-read crumbs.","","true","q_post_body","Q Directive","Q Directive","false","KEEP_Q_DIRECTIVE","Q instructs or urges the reader directly."
"61","0","Please refer back and collect my crumbs.","Please refer back and collect my crumbs.","","true","q_post_body","Q Directive","Q Directive","false","KEEP_Q_DIRECTIVE","Q instructs or urges the reader directly."
"61","1","Expect outages periodically (infiltrated).","Expect outages periodically (infiltrated).","","true","q_post_body","Q Directive","Q Directive","false","KEEP_Q_DIRECTIVE","Q instructs or urges the reader directly."
"610","0","Read slowly and carefully.","Read slowly and carefully.","","true","q_post_body","Q Directive","Q Directive","false","KEEP_Q_DIRECTIVE","Q instructs or urges the reader directly."
"610","1","Continue to track those who are resigning across all platforms.","Continue to track those who are resigning across all platforms.","","true","q_post_body","Q Directive","Q Directive","false","KEEP_Q_DIRECTIVE","Q instructs or urges the reader directly."
"617","0","Select news members / journalists are vital to delivering the message (as are YOU).","Select news members / journalists are vital to delivering the message (as are YOU).","","true","q_post_body","Q Directive","Q Directive","false","KEEP_Q_DIRECTIVE","Q instructs or urges the reader directly."
"617","1","Imagine if these people were removed.","Imagine if these people were removed.","","true","q_post_body","Q Directive","Q Directive","false","KEEP_Q_DIRECTIVE","Q instructs or urges the reader directly."
"617","2","Re-read past crumbs re: security.","Re-read past crumbs re: security.","","true","q_post_body","Q Directive","Q Directive","false","KEEP_Q_DIRECTIVE","Q instructs or urges the reader directly."
"618","0","Think nuclear stand-off.","Think nuclear stand-off.","","true","q_post_body","Q Directive","Q Directive","false","KEEP_Q_DIRECTIVE","Q instructs or urges the reader directly."
"619","0","Note the last drops on the other board.","Note the last drops on the other board.","","true","q_post_body","Q Directive","Q Directive","false","KEEP_Q_DIRECTIVE","Q instructs or urges the reader directly."
"619","1","Think logically.","Think logically.","","true","q_post_body","Q Directive","Q Directive","false","KEEP_Q_DIRECTIVE","Q instructs or urges the reader directly."
"619","2","Refer to past crumbs.","Refer to past crumbs.","","true","q_post_body","Q Directive","Q Directive","false","KEEP_Q_DIRECTIVE","Q instructs or urges the reader directly."
"621","0","Let that sink in.","Let that sink in.","","true","q_post_body","Q Directive","Q Directive","false","KEEP_Q_DIRECTIVE","Q instructs or urges the reader directly."
"622","0","Time to play, Dopey.","Time to play, Dopey.","","true","q_post_body","Q Directive","Q Directive","false","KEEP_Q_DIRECTIVE","Q instructs or urges the reader directly."
"623","0","Think others.","Think others.","","true","q_post_body","Q Directive","Q Directive","false","KEEP_Q_DIRECTIVE","Q instructs or urges the reader directly."
"63","0","Make no mistake, you are on the losing side.","Make no mistake, you are on the losing side.","","true","q_post_body","Q Directive","Q Directive","false","KEEP_Q_DIRECTIVE","Q instructs or urges the reader directly."
"630","0","Set the TRUTH FREE.","Set the TRUTH FREE.","","true","q_post_body","Q Directive","Q Directive","false","KEEP_Q_DIRECTIVE","Q instructs or urges the reader directly."
"631","0","Watch the news.","Watch the news.","","true","q_post_body","Q Directive","Q Directive","false","KEEP_Q_DIRECTIVE","Q instructs or urges the reader directly."
"631","1","Stop taking the sleeping pill.","Stop taking the sleeping pill.","","true","q_post_body","Q Directive","Q Directive","false","KEEP_Q_DIRECTIVE","Q instructs or urges the reader directly."
"632","0","TRUST THE MISSION.","TRUST THE MISSION.","","true","q_post_body","Q Directive","Q Directive","false","KEEP_Q_DIRECTIVE","Q instructs or urges the reader directly."
"636","0","Re-read past drops.","Re-read past drops.","","true","q_post_body","Q Directive","Q Directive","false","KEEP_Q_DIRECTIVE","Q instructs or urges the reader directly."
"639","0","Reconcile.","Reconcile.","","true","q_post_body","Q Directive","Q Directive","false","KEEP_Q_DIRECTIVE","Q instructs or urges the reader directly."
"64","0","Watch the news outlets.","Watch the news outlets.","","true","q_post_body","Q Directive","Q Directive","false","KEEP_Q_DIRECTIVE","Q instructs or urges the reader directly."
"64","1","Do not panic.","Do not panic.","","true","q_post_body","Q Directive","Q Directive","false","KEEP_Q_DIRECTIVE","Q instructs or urges the reader directly."
"641","0","Define heel.","Define heel.","","true","q_post_body","Q Directive","Q Directive","false","KEEP_Q_DIRECTIVE","Q instructs or urges the reader directly."
"651","0","Expect more.","Expect more.","","true","q_post_body","Q Directive","Q Directive","false","KEEP_Q_DIRECTIVE","Q instructs or urges the reader directly."
"652","0","Put together.","Put together.","","true","q_post_body","Q Directive","Q Directive","false","KEEP_Q_DIRECTIVE","Q instructs or urges the reader directly."
"652","1","Re_read EO's.","Re_read EO's.","","true","q_post_body","Q Directive","Q Directive","false","KEEP_Q_DIRECTIVE","Q instructs or urges the reader directly."
"656","0","Learn.","Learn.","","true","q_post_body","Q Directive","Q Directive","false","KEEP_Q_DIRECTIVE","Q instructs or urges the reader directly."
"66","0","Let's be real clear.","Let's be real clear.","","true","q_post_body","Q Directive","Q Directive","false","KEEP_Q_DIRECTIVE","Q instructs or urges the reader directly."
"662","0","Re_read crumbs.","Re_read crumbs.","","true","q_post_body","Q Directive","Q Directive","false","KEEP_Q_DIRECTIVE","Q instructs or urges the reader directly."
"666","0","Watch the news.","Watch the news.","","true","q_post_body","Q Directive","Q Directive","false","KEEP_Q_DIRECTIVE","Q instructs or urges the reader directly."
"666","1","Think Mirror.","Think Mirror.","","true","q_post_body","Q Directive","Q Directive","false","KEEP_Q_DIRECTIVE","Q instructs or urges the reader directly."
"666","2","FOLLOW THE LIGHT.","FOLLOW THE LIGHT.","","true","q_post_body","Q Directive","Q Directive","false","KEEP_Q_DIRECTIVE","Q instructs or urges the reader directly."
"668","0","Imagine THIS.","Imagine THIS.","","true","q_post_body","Q Directive","Q Directive","false","KEEP_Q_DIRECTIVE","Q instructs or urges the reader directly."
"668","1","TRUST THE PLAN.","TRUST THE PLAN.","","true","q_post_body","Q Directive","Q Directive","false","KEEP_Q_DIRECTIVE","Q instructs or urges the reader directly."
"668","2","STAY STRONG.","STAY STRONG.","","true","q_post_body","Q Directive","Q Directive","false","KEEP_Q_DIRECTIVE","Q instructs or urges the reader directly."
"668","3","HAVE FAITH.","HAVE FAITH.","","true","q_post_body","Q Directive","Removed from Q Directives","true","REMOVE_STATEMENT_OR_HEADING","Religious, but declarative — a statement, slogan or label rather than an instruction."
"67","0","Watch the news.","Watch the news.","","true","q_post_body","Q Directive","Q Directive","false","KEEP_Q_DIRECTIVE","Q instructs or urges the reader directly."
"67","1","Have faith.","Have faith.","","true","q_post_body","Q Directive","Removed from Q Directives","true","REMOVE_STATEMENT_OR_HEADING","Religious, but declarative — a statement, slogan or label rather than an instruction."
"672","0","Find the roll.","Find the roll.","","true","q_post_body","Q Directive","Q Directive","false","KEEP_Q_DIRECTIVE","Q instructs or urges the reader directly."
"672","1","Find the 4th.","Find the 4th.","","true","q_post_body","Q Directive","Q Directive","false","KEEP_Q_DIRECTIVE","Q instructs or urges the reader directly."
"672","2","Find the film.","Find the film.","","true","q_post_body","Q Directive","Q Directive","false","KEEP_Q_DIRECTIVE","Q instructs or urges the reader directly."
"672","3","Spread.","Spread.","","true","q_post_body","Q Directive","Q Directive","false","KEEP_Q_DIRECTIVE","Q instructs or urges the reader directly."
"672","4","Source _ archive offline.","Source _ archive offline.","","true","q_post_body","Q Directive","Q Directive","false","KEEP_Q_DIRECTIVE","Q instructs or urges the reader directly."
"672","5","Enhance.","Enhance.","","true","q_post_body","Q Directive","Q Directive","false","KEEP_Q_DIRECTIVE","Q instructs or urges the reader directly."
"673","0","Find 1 of 4.","Find 1 of 4.","","true","q_post_body","Q Directive","Q Directive","false","KEEP_Q_DIRECTIVE","Q instructs or urges the reader directly."
"673","1","Save offline.","Save offline.","","true","q_post_body","Q Directive","Q Directive","false","KEEP_Q_DIRECTIVE","Q instructs or urges the reader directly."
"673","2","No edits.","No edits.","","true","q_post_body","Q Directive","Q Directive","false","KEEP_Q_DIRECTIVE","Q instructs or urges the reader directly."
"675","0","Build timeline.","Build timeline.","","true","q_post_body","Q Directive","Q Directive","false","KEEP_Q_DIRECTIVE","Q instructs or urges the reader directly."
"678","0","Re_read crumbs re: CS WH submission.","Re_read crumbs re: CS WH submission.","","true","q_post_body","Q Directive","Q Directive","false","KEEP_Q_DIRECTIVE","Q instructs or urges the reader directly."
"68","0","Follow HUMA.","Follow HUMA.","","true","q_post_body","Q Directive","Q Directive","false","KEEP_Q_DIRECTIVE","Q instructs or urges the reader directly."
"688","0","Focus on substance around outside of window.","Focus on substance around outside of window.","","true","q_post_body","Q Directive","Q Directive","false","KEEP_Q_DIRECTIVE","Q instructs or urges the reader directly."
"689","0","Re_read recent drop re: U1/informant.","Re_read recent drop re: U1/informant.","","true","q_post_body","Q Directive","Q Directive","false","KEEP_Q_DIRECTIVE","Q instructs or urges the reader directly."
"690","0","Have faith.","Have faith.","","true","q_post_body","Q Directive","Removed from Q Directives","true","REMOVE_STATEMENT_OR_HEADING","Religious, but declarative — a statement, slogan or label rather than an instruction."
"691","0","Trust the plan.","Trust the plan.","","true","q_post_body","Q Directive","Q Directive","false","KEEP_Q_DIRECTIVE","Q instructs or urges the reader directly."
"692","0","Think intel.","Think intel.","","true","q_post_body","Q Directive","Q Directive","false","KEEP_Q_DIRECTIVE","Q instructs or urges the reader directly."
"693","0","Make sure the list of resignations remains updated.","Make sure the list of resignations remains updated.","","true","q_post_body","Q Directive","Q Directive","false","KEEP_Q_DIRECTIVE","Q instructs or urges the reader directly."
"7","0","Put simply, Obama ultimately OK'd by using the non govt email addy to communicate w/ Clinton.","Put simply, Obama ultimately OK'd by using the non govt email addy to communicate w/ Clinton.","","true","q_post_body","Q Directive","Q Directive","false","KEEP_Q_DIRECTIVE","Q instructs or urges the reader directly."
"7","1","Remember he lied about knowing but that ultimately came out in the dump.","Remember he lied about knowing but that ultimately came out in the dump.","","true","q_post_body","Q Directive","Q Directive","false","KEEP_Q_DIRECTIVE","Q instructs or urges the reader directly."
"70","0","Have faith.","Have faith.","","true","q_post_body","Q Directive","Removed from Q Directives","true","REMOVE_STATEMENT_OR_HEADING","Religious, but declarative — a statement, slogan or label rather than an instruction."
"70","1","Remember, disinformation is real.","Remember, disinformation is real.","","true","q_post_body","Q Directive","Q Directive","false","KEEP_Q_DIRECTIVE","Q instructs or urges the reader directly."
"70","2","God bless.","God bless.","","true","q_post_body","Q Directive","Removed from Q Directives","true","REMOVE_BLESSING_OR_VALEDICTION","A blessing, greeting or closing — it instructs no one."
"71","0","Follow HUMA.","Follow HUMA.","","true","q_post_body","Q Directive","Q Directive","false","KEEP_Q_DIRECTIVE","Q instructs or urges the reader directly."
"71","1","Define cash laundering.","Define cash laundering.","","true","q_post_body","Q Directive","Q Directive","false","KEEP_Q_DIRECTIVE","Q instructs or urges the reader directly."
"71","2","Follow the money.","Follow the money.","","true","q_post_body","Q Directive","Q Directive","false","KEEP_Q_DIRECTIVE","Q instructs or urges the reader directly."
"711","0","Eyes on.","Eyes on.","","true","q_post_body","Q Directive","Q Directive","false","KEEP_Q_DIRECTIVE","Q instructs or urges the reader directly."
"713","0","PRAY.","PRAY.","","true","q_post_body","Q Directive","Q Directive + Religion & Spirituality","true","KEEP_DIRECTIVE_AND_RELIGIOUS_THEME","Q-authored religious command. Stays a Directive AND belongs to Religion & Spirituality."
"714","0","Save the best for last.","Save the best for last.","","true","q_post_body","Q Directive","Q Directive","false","KEEP_Q_DIRECTIVE","Q instructs or urges the reader directly."
"717","0","Expand your thinking.","Expand your thinking.","","true","q_post_body","Q Directive","Q Directive","false","KEEP_Q_DIRECTIVE","Q instructs or urges the reader directly."
"718","0","Find the passenger list.","Find the passenger list.","","true","q_post_body","Q Directive","Q Directive","false","KEEP_Q_DIRECTIVE","Q instructs or urges the reader directly."
"718","1","Think logically.","Think logically.","","true","q_post_body","Q Directive","Q Directive","false","KEEP_Q_DIRECTIVE","Q instructs or urges the reader directly."
"720","0","Think magic.","Think magic.","","true","q_post_body","Q Directive","Q Directive","false","KEEP_Q_DIRECTIVE","Q instructs or urges the reader directly."
"720","1","Re_read past crumbs.","Re_read past crumbs.","","true","q_post_body","Q Directive","Q Directive","false","KEEP_Q_DIRECTIVE","Q instructs or urges the reader directly."
"722","0","Think BDT NYC 'attempt' & Barlow.","Think BDT NYC 'attempt' & Barlow.","","true","q_post_body","Q Directive","Q Directive","false","KEEP_Q_DIRECTIVE","Q instructs or urges the reader directly."
"722","1","Expand your thinking.","Expand your thinking.","","true","q_post_body","Q Directive","Q Directive","false","KEEP_Q_DIRECTIVE","Q instructs or urges the reader directly."
"724","0","Note ""The Hunt For"" was dropped.","Note ""The Hunt For"" was dropped.","","true","q_post_body","Q Directive","Q Directive","false","KEEP_Q_DIRECTIVE","Q instructs or urges the reader directly."
"725","0","Ask yourself, why is NK participating in the O-games this year?","Ask yourself, why is NK participating in the O-games this year?","","true","q_post_body","Q Directive","Q Directive","false","KEEP_Q_DIRECTIVE","Q instructs or urges the reader directly."
"725","1","Ask yourself, why is the 'sister' w/ Pence?","Ask yourself, why is the 'sister' w/ Pence?","","true","q_post_body","Q Directive","Q Directive","false","KEEP_Q_DIRECTIVE","Q instructs or urges the reader directly."
"725","2","Ask yourself, if controlled, how might you protect yourself and look for a way out?","Ask yourself, if controlled, how might you protect yourself and look for a way out?","","true","q_post_body","Q Directive","Q Directive","false","KEEP_Q_DIRECTIVE","Q instructs or urges the reader directly."
"725","3","Ask yourself, what is a distraction?","Ask yourself, what is a distraction?","","true","q_post_body","Q Directive","Q Directive","false","KEEP_Q_DIRECTIVE","Q instructs or urges the reader directly."
"725","4","Ask yourself, why did Korea come together as a country v N&S?","Ask yourself, why did Korea come together as a country v N&S?","","true","q_post_body","Q Directive","Q Directive","false","KEEP_Q_DIRECTIVE","Q instructs or urges the reader directly."
"725","5","Ask yourself, what occurred in Asia (ref pics) just prior to the O-games?","Ask yourself, what occurred in Asia (ref pics) just prior to the O-games?","","true","q_post_body","Q Directive","Q Directive","false","KEEP_Q_DIRECTIVE","Q instructs or urges the reader directly."
"725","6","Ask yourself, what does FREED mean?","Ask yourself, what does FREED mean?","","true","q_post_body","Q Directive","Q Directive","false","KEEP_Q_DIRECTIVE","Q instructs or urges the reader directly."
"725","7","Ask yourself, do we want a WAR?","Ask yourself, do we want a WAR?","","true","q_post_body","Q Directive","Q Directive","false","KEEP_Q_DIRECTIVE","Q instructs or urges the reader directly."
"725","8","Ask yourself, who is trying to start a WAR?","Ask yourself, who is trying to start a WAR?","","true","q_post_body","Q Directive","Q Directive","false","KEEP_Q_DIRECTIVE","Q instructs or urges the reader directly."
"725","9","Ask yourself, if a missile was launched by rogue actors, what would be the purpose?","Ask yourself, if a missile was launched by rogue actors, what would be the purpose?","","true","q_post_body","Q Directive","Q Directive","false","KEEP_Q_DIRECTIVE","Q instructs or urges the reader directly."
"725","10","Ask yourself, what would/should immediately start a WAR?","Ask yourself, what would/should immediately start a WAR?","","true","q_post_body","Q Directive","Q Directive","false","KEEP_Q_DIRECTIVE","Q instructs or urges the reader directly."
"725","11","Ask yourself, would the PUBLIC understand the following statement: ""Rogue actors (Clowns/US former heads of State) initiated a missile launch in order to 'force' the US into a WAR/conflict against X?""","Ask yourself, would the PUBLIC understand the following statement: ""Rogue actors (Clowns/US former heads of State) initiated a missile launch in order to 'force' the US into a WAR/conflict against X?""","","true","q_post_body","Q Directive","Q Directive","false","KEEP_Q_DIRECTIVE","Q instructs or urges the reader directly."
"725","12","Be the autists we know you are.","Be the autists we know you are.","","true","q_post_body","Q Directive","Q Directive","false","KEEP_Q_DIRECTIVE","Q instructs or urges the reader directly."
"728","0","Drop ""Truth To Power""","Drop ""Truth To Power""","","true","q_post_body","Q Directive","Q Directive","false","KEEP_Q_DIRECTIVE","Q instructs or urges the reader directly."
"728","1","Learn.","Learn.","","true","q_post_body","Q Directive","Q Directive","false","KEEP_Q_DIRECTIVE","Q instructs or urges the reader directly."
"729","0","Learn.","Learn.","","true","q_post_body","Q Directive","Q Directive","false","KEEP_Q_DIRECTIVE","Q instructs or urges the reader directly."
"730","0","Learn.","Learn.","","true","q_post_body","Q Directive","Q Directive","false","KEEP_Q_DIRECTIVE","Q instructs or urges the reader directly."
"730","1","LEARN!!!!","LEARN!!!!","","true","q_post_body","Q Directive","Q Directive","false","KEEP_Q_DIRECTIVE","Q instructs or urges the reader directly."
"731","0","Drop ""Truth To Power""","Drop ""Truth To Power""","","true","q_post_body","Q Directive","Q Directive","false","KEEP_Q_DIRECTIVE","Q instructs or urges the reader directly."
"731","1","Learn.","Learn.","","true","q_post_body","Q Directive","Q Directive","false","KEEP_Q_DIRECTIVE","Q instructs or urges the reader directly."
"731","2","Learn.","Learn.","","true","q_post_body","Q Directive","Q Directive","false","KEEP_Q_DIRECTIVE","Q instructs or urges the reader directly."
"731","3","Learn.","Learn.","","true","q_post_body","Q Directive","Q Directive","false","KEEP_Q_DIRECTIVE","Q instructs or urges the reader directly."
"731","4","LEARN!!!!","LEARN!!!!","","true","q_post_body","Q Directive","Q Directive","false","KEEP_Q_DIRECTIVE","Q instructs or urges the reader directly."
"732","0","Wonder if his so-called illness/condition will flare up.","Wonder if his so-called illness/condition will flare up.","","true","q_post_body","Q Directive","Q Directive","false","KEEP_Q_DIRECTIVE","Q instructs or urges the reader directly."
"732","1","Define money laundering.","Define money laundering.","","true","q_post_body","Q Directive","Q Directive","false","KEEP_Q_DIRECTIVE","Q instructs or urges the reader directly."
"732","2","Define the word 'Traitor'.","Define the word 'Traitor'.","","true","q_post_body","Q Directive","Q Directive","false","KEEP_Q_DIRECTIVE","Q instructs or urges the reader directly."
"735","0","Release prior to cover up.","Release prior to cover up.","","true","q_post_body","Q Directive","Q Directive","false","KEEP_Q_DIRECTIVE","Q instructs or urges the reader directly."
"737","0","Godspeed.","Godspeed.","","true","q_post_body","Q Directive","Removed from Q Directives","false","REMOVE_BLESSING_OR_VALEDICTION","A blessing, greeting or closing — it instructs no one."
"738","0","Understand one simple fact - the US is connected to the rest of the world.","Understand one simple fact - the US is connected to the rest of the world.","","false","quoted_or_third_party","Q Directive","Removed from Q Directives","false","REMOVE_QUOTED_OR_THIRD_PARTY","The command belongs to an Anonymous post, article, letter, image or screenshot quoted by Q."
"739","0","Do not read into this spelling/structure error.","Do not read into this spelling/structure error.","","true","q_post_body","Q Directive","Q Directive","false","KEEP_Q_DIRECTIVE","Q instructs or urges the reader directly."
"74","0","God bless.","God bless.","","true","q_post_body","Q Directive","Removed from Q Directives","true","REMOVE_BLESSING_OR_VALEDICTION","A blessing, greeting or closing — it instructs no one."
"742","0","Investigate those in front of the camera who scream the loudest.","Investigate those in front of the camera who scream the loudest.","","true","q_post_body","Q Directive","Q Directive","false","KEEP_Q_DIRECTIVE","Q instructs or urges the reader directly."
"743","0","Investigate those in front of the camera who scream the loudest.","Investigate those in front of the camera who scream the loudest.","","true","q_post_body","Q Directive","Q Directive","false","KEEP_Q_DIRECTIVE","Q instructs or urges the reader directly."
"744","0","Find the link.","Find the link.","","true","q_post_body","Q Directive","Q Directive","false","KEEP_Q_DIRECTIVE","Q instructs or urges the reader directly."
"744","1","Look around.","Look around.","","true","q_post_body","Q Directive","Q Directive","false","KEEP_Q_DIRECTIVE","Q instructs or urges the reader directly."
"745","0","Learn.","Learn.","","true","q_post_body","Q Directive","Q Directive","false","KEEP_Q_DIRECTIVE","Q instructs or urges the reader directly."
"747","0","Learn the hidden symbolism.http:// www.encyclopedia.com/humanities/applied-and-social-sciences-magazines/slave-gardens","Learn the hidden symbolism.http:// www.encyclopedia.com/humanities/applied-and-social-sciences-magazines/slave-gardens","","true","q_post_body","Q Directive","Q Directive","false","KEEP_Q_DIRECTIVE","Q instructs or urges the reader directly."
"748","0","Think children.","Think children.","","true","q_post_body","Q Directive","Q Directive","false","KEEP_Q_DIRECTIVE","Q instructs or urges the reader directly."
"748","1","Think slaves.","Think slaves.","","true","q_post_body","Q Directive","Q Directive","false","KEEP_Q_DIRECTIVE","Q instructs or urges the reader directly."
"748","2","Think sheep.","Think sheep.","","true","q_post_body","Q Directive","Q Directive","false","KEEP_Q_DIRECTIVE","Q instructs or urges the reader directly."
"749","0","Wonder where they derived that idea from.","Wonder where they derived that idea from.","","true","q_post_body","Q Directive","Q Directive","false","KEEP_Q_DIRECTIVE","Q instructs or urges the reader directly."
"753","0","Think image drop.","Think image drop.","","true","q_post_body","Q Directive","Q Directive","false","KEEP_Q_DIRECTIVE","Q instructs or urges the reader directly."
"753","1","Think OP.","Think OP.","","true","q_post_body","Q Directive","Q Directive","false","KEEP_Q_DIRECTIVE","Q instructs or urges the reader directly."
"753","2","Think United.","Think United.","","true","q_post_body","Q Directive","Q Directive","false","KEEP_Q_DIRECTIVE","Q instructs or urges the reader directly."
"756","0","ACTIVATE CODE: [0 0000 018739 7-ZjG]","ACTIVATE CODE: [0 0000 018739 7-ZjG]","","true","q_post_body","Q Directive","Q Directive","false","KEEP_Q_DIRECTIVE","Q instructs or urges the reader directly."
"759","0","Make no mistake, they will all PAY THE PRICE.","Make no mistake, they will all PAY THE PRICE.","","true","q_post_body","Q Directive","Q Directive","false","KEEP_Q_DIRECTIVE","Q instructs or urges the reader directly."
"76","0","Have faith.","Have faith.","","true","q_post_body","Q Directive","Removed from Q Directives","true","REMOVE_STATEMENT_OR_HEADING","Religious, but declarative — a statement, slogan or label rather than an instruction."
"76","1","Remember, disinformation is real.","Remember, disinformation is real.","","true","q_post_body","Q Directive","Q Directive","false","KEEP_Q_DIRECTIVE","Q instructs or urges the reader directly."
"76","2","God bless.","God bless.","","true","q_post_body","Q Directive","Removed from Q Directives","true","REMOVE_BLESSING_OR_VALEDICTION","A blessing, greeting or closing — it instructs no one."
"760","0","Re_read crumbs re: SecureDrop.","Re_read crumbs re: SecureDrop.","","true","q_post_body","Q Directive","Q Directive","false","KEEP_Q_DIRECTIVE","Q instructs or urges the reader directly."
"762","0","Watch the news re: new drugs coming out [flu/dirt/next?].","Watch the news re: new drugs coming out [flu/dirt/next?].","","true","q_post_body","Q Directive","Q Directive","false","KEEP_Q_DIRECTIVE","Q instructs or urges the reader directly."
"764","0","Continue to build the MAP.","Continue to build the MAP.","","true","q_post_body","Q Directive","Q Directive","false","KEEP_Q_DIRECTIVE","Q instructs or urges the reader directly."
"764","1","MAP provides the KEY.","MAP provides the KEY.","","true","q_post_body","Q Directive","Q Directive","false","KEEP_Q_DIRECTIVE","Q instructs or urges the reader directly."
"764","2","Trust the plan.","Trust the plan.","","true","q_post_body","Q Directive","Q Directive","false","KEEP_Q_DIRECTIVE","Q instructs or urges the reader directly."
"765","0","Watch the water.","Watch the water.","","true","q_post_body","Q Directive","Q Directive","false","KEEP_Q_DIRECTIVE","Q instructs or urges the reader directly."
"767","0","Do not give in - fight, fight, fight.","Do not give in - fight, fight, fight.","","true","q_post_body","Q Directive","Q Directive","false","KEEP_Q_DIRECTIVE","Q instructs or urges the reader directly."
"767","1","GOD BLESS, Q","GOD BLESS, Q","","false","quoted_or_third_party","Q Directive","Removed from Q Directives","true","REMOVE_BLESSING_OR_VALEDICTION","A blessing, greeting or closing — it instructs no one."
"768","0","Re_read crumbs re: ""conspiracy"" / MSM coverage.","Re_read crumbs re: ""conspiracy"" / MSM coverage.","","true","q_post_body","Q Directive","Q Directive","false","KEEP_Q_DIRECTIVE","Q instructs or urges the reader directly."
"77","0","Follow HUMA.","Follow HUMA.","","true","q_post_body","Q Directive","Q Directive","false","KEEP_Q_DIRECTIVE","Q instructs or urges the reader directly."
"77","1","Define cash laundering.","Define cash laundering.","","true","q_post_body","Q Directive","Q Directive","false","KEEP_Q_DIRECTIVE","Q instructs or urges the reader directly."
"77","2","Follow the money.","Follow the money.","","true","q_post_body","Q Directive","Q Directive","false","KEEP_Q_DIRECTIVE","Q instructs or urges the reader directly."
"772","0","Read very carefully.","Read very carefully.","","true","q_post_body","Q Directive","Q Directive","false","KEEP_Q_DIRECTIVE","Q instructs or urges the reader directly."
"773","0","Be the autists we know you are.","Be the autists we know you are.","","true","q_post_body","Q Directive","Q Directive","false","KEEP_Q_DIRECTIVE","Q instructs or urges the reader directly."
"775","0","Learn.","Learn.","","true","q_post_body","Q Directive","Q Directive","false","KEEP_Q_DIRECTIVE","Q instructs or urges the reader directly."
"777","0","Expand your thinking past cures.","Expand your thinking past cures.","","true","q_post_body","Q Directive","Q Directive","false","KEEP_Q_DIRECTIVE","Q instructs or urges the reader directly."
"777","1","Think Google [new Pixel phone].","Think Google [new Pixel phone].","","true","q_post_body","Q Directive","Q Directive","false","KEEP_Q_DIRECTIVE","Q instructs or urges the reader directly."
"777","2","ARCHIVE EVERYTHING OFFLINE.","ARCHIVE EVERYTHING OFFLINE.","","true","q_post_body","Q Directive","Q Directive","false","KEEP_Q_DIRECTIVE","Q instructs or urges the reader directly."
"777","3","Think Apple [vs.","Think Apple [vs.","","true","q_post_body","Q Directive","Q Directive","false","KEEP_Q_DIRECTIVE","Q instructs or urges the reader directly."
"777","4","We can guide but you must organically uncover the TRUTH.","We can guide but you must organically uncover the TRUTH.","","true","q_post_body","Q Directive","Q Directive","false","KEEP_Q_DIRECTIVE","Q instructs or urges the reader directly."
"778","0","USE LOGIC.","USE LOGIC.","","true","q_post_body","Q Directive","Q Directive","false","KEEP_Q_DIRECTIVE","Q instructs or urges the reader directly."
"778","1","TRUST THE PLAN.","TRUST THE PLAN.","","true","q_post_body","Q Directive","Q Directive","false","KEEP_Q_DIRECTIVE","Q instructs or urges the reader directly."
"778","2","LEARN AND SPREAD.","LEARN AND SPREAD.","","true","q_post_body","Q Directive","Q Directive","false","KEEP_Q_DIRECTIVE","Q instructs or urges the reader directly."
"778","3","BUILD PROOFS.","BUILD PROOFS.","","true","q_post_body","Q Directive","Q Directive","false","KEEP_Q_DIRECTIVE","Q instructs or urges the reader directly."
"778","4","STAY SAFE THIS WEEK.","STAY SAFE THIS WEEK.","","true","q_post_body","Q Directive","Q Directive","false","KEEP_Q_DIRECTIVE","Q instructs or urges the reader directly."
"78","0","God bless.","God bless.","","true","q_post_body","Q Directive","Removed from Q Directives","true","REMOVE_BLESSING_OR_VALEDICTION","A blessing, greeting or closing — it instructs no one."
"783","0","Think shell.","Think shell.","","true","q_post_body","Q Directive","Q Directive","false","KEEP_Q_DIRECTIVE","Q instructs or urges the reader directly."
"786","0","Re_read crumbs.","Re_read crumbs.","","true","q_post_body","Q Directive","Q Directive","false","KEEP_Q_DIRECTIVE","Q instructs or urges the reader directly."
"786","1","Follow the money.","Follow the money.","","true","q_post_body","Q Directive","Q Directive","false","KEEP_Q_DIRECTIVE","Q instructs or urges the reader directly."
"786","2","TRUST THE PLAN.","TRUST THE PLAN.","","true","q_post_body","Q Directive","Q Directive","false","KEEP_Q_DIRECTIVE","Q instructs or urges the reader directly."
"787","0","TRUST SESSIONS.","TRUST SESSIONS.","","true","q_post_body","Q Directive","Q Directive","false","KEEP_Q_DIRECTIVE","Q instructs or urges the reader directly."
"787","1","TRUST WRAY.","TRUST WRAY.","","true","q_post_body","Q Directive","Q Directive","false","KEEP_Q_DIRECTIVE","Q instructs or urges the reader directly."
"79","0","Stay organized.","Stay organized.","","true","q_post_body","Q Directive","Q Directive","false","KEEP_Q_DIRECTIVE","Q instructs or urges the reader directly."
"79","1","Add above points to graphic.","Add above points to graphic.","","true","q_post_body","Q Directive","Q Directive","false","KEEP_Q_DIRECTIVE","Q instructs or urges the reader directly."
"790","0","DEFINE THE END?","DEFINE THE END?","","true","q_post_body","Q Directive","Q Directive","false","KEEP_Q_DIRECTIVE","Q instructs or urges the reader directly."
"793","0","GO WITH GOD.","GO WITH GOD.","","true","q_post_body","Q Directive","Removed from Q Directives","true","REMOVE_BLESSING_OR_VALEDICTION","A blessing, greeting or closing — it instructs no one."
"794","0","CLEAN ACTION APPROVED.","CLEAN ACTION APPROVED.","","true","q_post_body","Q Directive","Q Directive","false","KEEP_Q_DIRECTIVE","Q instructs or urges the reader directly."
"797","0","Stay tuned.","Stay tuned.","","true","q_post_body","Q Directive","Q Directive","false","KEEP_Q_DIRECTIVE","Q instructs or urges the reader directly."
"798","0","Protect code went live.","Protect code went live.","","true","q_post_body","Q Directive","Q Directive","false","KEEP_Q_DIRECTIVE","Q instructs or urges the reader directly."
"799","0","Stay tuned.","Stay tuned.","","true","q_post_body","Q Directive","Q Directive","false","KEEP_Q_DIRECTIVE","Q instructs or urges the reader directly."
"80","0","We need to get organized.","We need to get organized.","","true","q_post_body","Q Directive","Q Directive","false","KEEP_Q_DIRECTIVE","Q instructs or urges the reader directly."
"80","1","Let's start w/ Alice & Wonderland.","Let's start w/ Alice & Wonderland.","","true","q_post_body","Q Directive","Q Directive","false","KEEP_Q_DIRECTIVE","Q instructs or urges the reader directly."
"812","0","Question everything.","Question everything.","","true","q_post_body","Q Directive","Q Directive","false","KEEP_Q_DIRECTIVE","Q instructs or urges the reader directly."
"812","1","Keep talking.","Keep talking.","","true","q_post_body","Q Directive","Q Directive","false","KEEP_Q_DIRECTIVE","Q instructs or urges the reader directly."
"812","2","Stand up.","Stand up.","","true","q_post_body","Q Directive","Q Directive","false","KEEP_Q_DIRECTIVE","Q instructs or urges the reader directly."
"812","3","Fight fight fight.","Fight fight fight.","","true","q_post_body","Q Directive","Q Directive","false","KEEP_Q_DIRECTIVE","Q instructs or urges the reader directly."
"812","4","Help them wake up.","Help them wake up.","","true","q_post_body","Q Directive","Q Directive","false","KEEP_Q_DIRECTIVE","Q instructs or urges the reader directly."
"814","0","Watch the speech.","Watch the speech.","","true","q_post_body","Q Directive","Q Directive","false","KEEP_Q_DIRECTIVE","Q instructs or urges the reader directly."
"816","0","Follow the money.","Follow the money.","","true","q_post_body","Q Directive","Q Directive","false","KEEP_Q_DIRECTIVE","Q instructs or urges the reader directly."
"817","0","Take a wild guess.","Take a wild guess.","","true","q_post_body","Q Directive","Q Directive","false","KEEP_Q_DIRECTIVE","Q instructs or urges the reader directly."
"817","1","Analyze shooter (pawn).","Analyze shooter (pawn).","","true","q_post_body","Q Directive","Q Directive","false","KEEP_Q_DIRECTIVE","Q instructs or urges the reader directly."
"819","0","Expand your thinking.","Expand your thinking.","","true","q_post_body","Q Directive","Q Directive","false","KEEP_Q_DIRECTIVE","Q instructs or urges the reader directly."
"82","0","Let's start w/ Alice & Wonderland.","Let's start w/ Alice & Wonderland.","","true","q_post_body","Q Directive","Q Directive","false","KEEP_Q_DIRECTIVE","Q instructs or urges the reader directly."
"823","0","Check code line 1183.","Check code line 1183.","","true","q_post_body","Q Directive","Q Directive","false","KEEP_Q_DIRECTIVE","Q instructs or urges the reader directly."
"828","0","Stay TOGETHER.","Stay TOGETHER.","","true","q_post_body","Q Directive","Q Directive","false","KEEP_Q_DIRECTIVE","Q instructs or urges the reader directly."
"828","1","Be STRONG.","Be STRONG.","","true","q_post_body","Q Directive","Q Directive","false","KEEP_Q_DIRECTIVE","Q instructs or urges the reader directly."
"828","2","Get ORGANIZED.","Get ORGANIZED.","","true","q_post_body","Q Directive","Q Directive","false","KEEP_Q_DIRECTIVE","Q instructs or urges the reader directly."
"828","3","Be HEARD.","Be HEARD.","","true","q_post_body","Q Directive","Q Directive","false","KEEP_Q_DIRECTIVE","Q instructs or urges the reader directly."
"828","4","FIGHT the censorship.","FIGHT the censorship.","","true","q_post_body","Q Directive","Q Directive","false","KEEP_Q_DIRECTIVE","Q instructs or urges the reader directly."
"828","5","MAKE NOISE.","MAKE NOISE.","","true","q_post_body","Q Directive","Q Directive","false","KEEP_Q_DIRECTIVE","Q instructs or urges the reader directly."
"828","6","MAKE IT RAIN.","MAKE IT RAIN.","","true","q_post_body","Q Directive","Q Directive","false","KEEP_Q_DIRECTIVE","Q instructs or urges the reader directly."
"829","0","Bring the thunder.","Bring the thunder.","","true","q_post_body","Q Directive","Q Directive","false","KEEP_Q_DIRECTIVE","Q instructs or urges the reader directly."
"830","0","Define false flag?","Define false flag?","","true","q_post_body","Q Directive","Q Directive","false","KEEP_Q_DIRECTIVE","Q instructs or urges the reader directly."
"831","0","Learn.","Learn.","","true","q_post_body","Q Directive","Q Directive","false","KEEP_Q_DIRECTIVE","Q instructs or urges the reader directly."
"832","0","Watch the news this week.","Watch the news this week.","","true","q_post_body","Q Directive","Q Directive","false","KEEP_Q_DIRECTIVE","Q instructs or urges the reader directly."
"833","0","REMEMBER, WE ARE WINNING, DO NOT TRUST WHAT YOU READ.","REMEMBER, WE ARE WINNING, DO NOT TRUST WHAT YOU READ.","","true","q_post_body","Q Directive","Q Directive","false","KEEP_Q_DIRECTIVE","Q instructs or urges the reader directly."
"834","0","Enjoy the show.","Enjoy the show.","","true","q_post_body","Q Directive","Q Directive","false","KEEP_Q_DIRECTIVE","Q instructs or urges the reader directly."
"836","0","Expand your thinking.","Expand your thinking.","","true","q_post_body","Q Directive","Q Directive","false","KEEP_Q_DIRECTIVE","Q instructs or urges the reader directly."
"836","1","Think.","Think.","","true","q_post_body","Q Directive","Q Directive","false","KEEP_Q_DIRECTIVE","Q instructs or urges the reader directly."
"836","2","Learn.","Learn.","","true","q_post_body","Q Directive","Q Directive","false","KEEP_Q_DIRECTIVE","Q instructs or urges the reader directly."
"837","0","Listen carefully.","Listen carefully.","","true","q_post_body","Q Directive","Q Directive","false","KEEP_Q_DIRECTIVE","Q instructs or urges the reader directly."
"837","1","GOD BLESS YOU ALL.","GOD BLESS YOU ALL.","","true","q_post_body","Q Directive","Removed from Q Directives","true","REMOVE_BLESSING_OR_VALEDICTION","A blessing, greeting or closing — it instructs no one."
"837","2","TRUST.","TRUST.","","true","q_post_body","Q Directive","Q Directive","false","KEEP_Q_DIRECTIVE","Q instructs or urges the reader directly."
"839","0","Do not blindly believe.","Do not blindly believe.","","true","q_post_body","Q Directive","Q Directive","false","KEEP_Q_DIRECTIVE","Q instructs or urges the reader directly."
"839","1","ORGANIZE.","ORGANIZE.","","true","q_post_body","Q Directive","Q Directive","false","KEEP_Q_DIRECTIVE","Q instructs or urges the reader directly."
"839","2","Watch the news this week.","Watch the news this week.","","true","q_post_body","Q Directive","Q Directive","false","KEEP_Q_DIRECTIVE","Q instructs or urges the reader directly."
"839","3","CHALLENGE.","CHALLENGE.","","true","q_post_body","Q Directive","Q Directive","false","KEEP_Q_DIRECTIVE","Q instructs or urges the reader directly."
"839","4","FIGHT.","FIGHT.","","true","q_post_body","Q Directive","Q Directive","false","KEEP_Q_DIRECTIVE","Q instructs or urges the reader directly."
"84","0","Please add crumbs above in new complete graphic.","Please add crumbs above in new complete graphic.","","true","q_post_body","Q Directive","Q Directive","false","KEEP_Q_DIRECTIVE","Q instructs or urges the reader directly."
"842","0","Careful who you follow.","Careful who you follow.","","true","q_post_body","Q Directive","Q Directive","false","KEEP_Q_DIRECTIVE","Q instructs or urges the reader directly."
"846","0","Water.","Water.","","true","q_post_body","Q Directive","Q Directive","false","KEEP_Q_DIRECTIVE","Q instructs or urges the reader directly."
"847","0","WATCH the water.","WATCH the water.","","true","q_post_body","Q Directive","Q Directive","false","KEEP_Q_DIRECTIVE","Q instructs or urges the reader directly."
"850","0","Learn double meanings.","Learn double meanings.","","true","q_post_body","Q Directive","Q Directive","false","KEEP_Q_DIRECTIVE","Q instructs or urges the reader directly."
"850","1","Expand your thinking.","Expand your thinking.","","true","q_post_body","Q Directive","Q Directive","false","KEEP_Q_DIRECTIVE","Q instructs or urges the reader directly."
"851","0","Learn.","Learn.","","true","q_post_body","Q Directive","Q Directive","false","KEEP_Q_DIRECTIVE","Q instructs or urges the reader directly."
"852","0","Expand your thinking.","Expand your thinking.","","true","q_post_body","Q Directive","Q Directive","false","KEEP_Q_DIRECTIVE","Q instructs or urges the reader directly."
"854","0","Re_read re: stage.","Re_read re: stage.","","true","q_post_body","Q Directive","Q Directive","false","KEEP_Q_DIRECTIVE","Q instructs or urges the reader directly."
"854","1","WE must work TOGETHER.","WE must work TOGETHER.","","true","q_post_body","Q Directive","Q Directive","false","KEEP_Q_DIRECTIVE","Q instructs or urges the reader directly."
"854","2","YOU must organize and BE HEARD.","YOU must organize and BE HEARD.","","true","q_post_body","Q Directive","Q Directive","false","KEEP_Q_DIRECTIVE","Q instructs or urges the reader directly."
"856","0","Ask yourself, why?","Ask yourself, why?","","true","q_post_body","Q Directive","Q Directive","false","KEEP_Q_DIRECTIVE","Q instructs or urges the reader directly."
"856","1","God bless our brave men & women in uniform.","God bless our brave men & women in uniform.","","true","q_post_body","Q Directive","Removed from Q Directives","true","REMOVE_BLESSING_OR_VALEDICTION","A blessing, greeting or closing — it instructs no one."
"858","0","Trust the plan.","Trust the plan.","","true","q_post_body","Q Directive","Q Directive","false","KEEP_Q_DIRECTIVE","Q instructs or urges the reader directly."
"859","0","Wait for Russia/China reports.","Wait for Russia/China reports.","","true","q_post_body","Q Directive","Q Directive","false","KEEP_Q_DIRECTIVE","Q instructs or urges the reader directly."
"859","1","Strike 99999999.","Strike 99999999.","","true","q_post_body","Q Directive","Q Directive","false","KEEP_Q_DIRECTIVE","Q instructs or urges the reader directly."
"86","0","Correct reference.","Correct reference.","","true","q_post_body","Q Directive","Q Directive","false","KEEP_Q_DIRECTIVE","Q instructs or urges the reader directly."
"86","1","Study.","Study.","","true","q_post_body","Q Directive","Q Directive","false","KEEP_Q_DIRECTIVE","Q instructs or urges the reader directly."
"861","0","Keep digging Anon.","Keep digging Anon.","","true","q_post_body","Q Directive","Q Directive","false","KEEP_Q_DIRECTIVE","Q instructs or urges the reader directly."
"862","0","Use logic!","Use logic!","","true","q_post_body","Q Directive","Q Directive","false","KEEP_Q_DIRECTIVE","Q instructs or urges the reader directly."
"862","1","Trust the PLAN.","Trust the PLAN.","","true","q_post_body","Q Directive","Q Directive","false","KEEP_Q_DIRECTIVE","Q instructs or urges the reader directly."
"863","0","Trust the PLAN.","Trust the PLAN.","","true","q_post_body","Q Directive","Q Directive","false","KEEP_Q_DIRECTIVE","Q instructs or urges the reader directly."
"864","0","Wait & see.","Wait & see.","","true","q_post_body","Q Directive","Q Directive","false","KEEP_Q_DIRECTIVE","Q instructs or urges the reader directly."
"864","1","Re_read drops - you have more than you know.","Re_read drops - you have more than you know.","","true","q_post_body","Q Directive","Q Directive","false","KEEP_Q_DIRECTIVE","Q instructs or urges the reader directly."
"866","0","Track donations.","Track donations.","","true","q_post_body","Q Directive","Q Directive","false","KEEP_Q_DIRECTIVE","Q instructs or urges the reader directly."
"866","1","Cross against location relative to Haiti.","Cross against location relative to Haiti.","","true","q_post_body","Q Directive","Q Directive","false","KEEP_Q_DIRECTIVE","Q instructs or urges the reader directly."
"866","2","Think logically.","Think logically.","","true","q_post_body","Q Directive","Q Directive","false","KEEP_Q_DIRECTIVE","Q instructs or urges the reader directly."
"869","0","Find @Snowden","Find @Snowden","","true","q_post_body","Q Directive","Q Directive","false","KEEP_Q_DIRECTIVE","Q instructs or urges the reader directly."
"873","0","Use logic.","Use logic.","","true","q_post_body","Q Directive","Q Directive","false","KEEP_Q_DIRECTIVE","Q instructs or urges the reader directly."
"874","0","Use logic.","Use logic.","","true","q_post_body","Q Directive","Q Directive","false","KEEP_Q_DIRECTIVE","Q instructs or urges the reader directly."
"875","0","Learn.","Learn.","","true","q_post_body","Q Directive","Q Directive","false","KEEP_Q_DIRECTIVE","Q instructs or urges the reader directly."
"877","0","Learn.","Learn.","","true","q_post_body","Q Directive","Q Directive","false","KEEP_Q_DIRECTIVE","Q instructs or urges the reader directly."
"879","0","Buckle up.","Buckle up.","","true","q_post_body","Q Directive","Q Directive","false","KEEP_Q_DIRECTIVE","Q instructs or urges the reader directly."
"884","0","PLAY THE GAME WITH US.","PLAY THE GAME WITH US.","","true","q_post_body","Q Directive","Q Directive","false","KEEP_Q_DIRECTIVE","Q instructs or urges the reader directly."
"885","0","Learn to play the game.","Learn to play the game.","","true","q_post_body","Q Directive","Q Directive","false","KEEP_Q_DIRECTIVE","Q instructs or urges the reader directly."
"886","0","Think back _ NK pic(s).","Think back _ NK pic(s).","","true","q_post_body","Q Directive","Q Directive","false","KEEP_Q_DIRECTIVE","Q instructs or urges the reader directly."
"889","0","Think FORBIDDEN CITY.","Think FORBIDDEN CITY.","","true","q_post_body","Q Directive","Q Directive","false","KEEP_Q_DIRECTIVE","Q instructs or urges the reader directly."
"889","1","Do not glorify us.","Do not glorify us.","","true","q_post_body","Q Directive","Q Directive","false","KEEP_Q_DIRECTIVE","Q instructs or urges the reader directly."
"891","0","Break the MSM.","Break the MSM.","","true","q_post_body","Q Directive","Q Directive","false","KEEP_Q_DIRECTIVE","Q instructs or urges the reader directly."
"895","0","Don't drop the soap.","Don't drop the soap.","","true","q_post_body","Q Directive","Q Directive","false","KEEP_Q_DIRECTIVE","Q instructs or urges the reader directly."
"897","0","Track inside sales/divestitures.","Track inside sales/divestitures.","","true","q_post_body","Q Directive","Q Directive","false","KEEP_Q_DIRECTIVE","Q instructs or urges the reader directly."
"897","1","Watch the sell-off/liquidity events.","Watch the sell-off/liquidity events.","","true","q_post_body","Q Directive","Q Directive","false","KEEP_Q_DIRECTIVE","Q instructs or urges the reader directly."
"898","0","Think.","Think.","","true","q_post_body","Q Directive","Q Directive","false","KEEP_Q_DIRECTIVE","Q instructs or urges the reader directly."
"899","0","Expand your thinking.","Expand your thinking.","","true","q_post_body","Q Directive","Q Directive","false","KEEP_Q_DIRECTIVE","Q instructs or urges the reader directly."
"900","0","Look at his family.","Look at his family.","","true","q_post_body","Q Directive","Q Directive","false","KEEP_Q_DIRECTIVE","Q instructs or urges the reader directly."
"900","1","Look at their positions.","Look at their positions.","","true","q_post_body","Q Directive","Q Directive","false","KEEP_Q_DIRECTIVE","Q instructs or urges the reader directly."
"902","0","Godspeed.","Godspeed.","","true","q_post_body","Q Directive","Removed from Q Directives","false","REMOVE_BLESSING_OR_VALEDICTION","A blessing, greeting or closing — it instructs no one."
"906","0","Re_read re: Australia.","Re_read re: Australia.","","true","q_post_body","Q Directive","Q Directive","false","KEEP_Q_DIRECTIVE","Q instructs or urges the reader directly."
"909","0","Review Congressional investigation.","Review Congressional investigation.","","true","q_post_body","Q Directive","Q Directive","false","KEEP_Q_DIRECTIVE","Q instructs or urges the reader directly."
"909","1","Re_read drops PP.","Re_read drops PP.","","true","q_post_body","Q Directive","Q Directive","false","KEEP_Q_DIRECTIVE","Q instructs or urges the reader directly."
"91","0","Put simply, Obama ultimately OK'd by using the non govt email addy to communicate w/ Clinton.","Put simply, Obama ultimately OK'd by using the non govt email addy to communicate w/ Clinton.","","false","quoted_or_third_party","Q Directive","Removed from Q Directives","false","REMOVE_QUOTED_OR_THIRD_PARTY","The command belongs to an Anonymous post, article, letter, image or screenshot quoted by Q."
"91","1","Remember he lied about knowing but that ultimately came out in the dump.","Remember he lied about knowing but that ultimately came out in the dump.","","false","quoted_or_third_party","Q Directive","Removed from Q Directives","false","REMOVE_QUOTED_OR_THIRD_PARTY","The command belongs to an Anonymous post, article, letter, image or screenshot quoted by Q."
"910","0","Do not focus on the call details.","Do not focus on the call details.","","true","q_post_body","Q Directive","Q Directive","false","KEEP_Q_DIRECTIVE","Q instructs or urges the reader directly."
"918","0","Wait until you learn who has been talking to you here.","Wait until you learn who has been talking to you here.","","true","q_post_body","Q Directive","Q Directive","false","KEEP_Q_DIRECTIVE","Q instructs or urges the reader directly."
"919","0","Stop falling for FAKE NEWS.","Stop falling for FAKE NEWS.","","true","q_post_body","Q Directive","Q Directive","false","KEEP_Q_DIRECTIVE","Q instructs or urges the reader directly."
"92","0","Trace AF1 that entire day.","Trace AF1 that entire day.","","true","q_post_body","Q Directive","Q Directive","false","KEEP_Q_DIRECTIVE","Q instructs or urges the reader directly."
"92","1","Speculate.","Speculate.","","true","q_post_body","Q Directive","Q Directive","false","KEEP_Q_DIRECTIVE","Q instructs or urges the reader directly."
"921","0","Re_read drops re: Podesta / Huma.","Re_read drops re: Podesta / Huma.","","true","q_post_body","Q Directive","Q Directive","false","KEEP_Q_DIRECTIVE","Q instructs or urges the reader directly."
"922","0","Keep the resignation list updated.","Keep the resignation list updated.","","true","q_post_body","Q Directive","Q Directive","false","KEEP_Q_DIRECTIVE","Q instructs or urges the reader directly."
"922","1","Keep the graphics updated.","Keep the graphics updated.","","true","q_post_body","Q Directive","Q Directive","false","KEEP_Q_DIRECTIVE","Q instructs or urges the reader directly."
"923","0","Find the loudest voices.","Find the loudest voices.","","true","q_post_body","Q Directive","Q Directive","false","KEEP_Q_DIRECTIVE","Q instructs or urges the reader directly."
"924","0","Follow Maria.","Follow Maria.","","true","q_post_body","Q Directive","Q Directive","false","KEEP_Q_DIRECTIVE","Q instructs or urges the reader directly."
"926","0","Don't analyze.","Don't analyze.","","true","q_post_body","Q Directive","Q Directive","false","KEEP_Q_DIRECTIVE","Q instructs or urges the reader directly."
"934","0","Keep your……","Keep your……","","true","q_post_body","Q Directive","Q Directive","false","KEEP_Q_DIRECTIVE","Q instructs or urges the reader directly."
"936","0","DISARM.","DISARM.","","true","q_post_body","Q Directive","Q Directive","false","KEEP_Q_DIRECTIVE","Q instructs or urges the reader directly."
"937","0","Trust the plan.","Trust the plan.","","true","q_post_body","Q Directive","Q Directive","false","KEEP_Q_DIRECTIVE","Q instructs or urges the reader directly."
"937","1","Trust there are more good than bad.","Trust there are more good than bad.","","true","q_post_body","Q Directive","Q Directive","false","KEEP_Q_DIRECTIVE","Q instructs or urges the reader directly."
"937","2","Watch the speech.","Watch the speech.","","true","q_post_body","Q Directive","Q Directive","false","KEEP_Q_DIRECTIVE","Q instructs or urges the reader directly."
"937","3","God bless.","God bless.","","true","q_post_body","Q Directive","Removed from Q Directives","true","REMOVE_BLESSING_OR_VALEDICTION","A blessing, greeting or closing — it instructs no one."
"938","0","Think subgroup.","Think subgroup.","","true","q_post_body","Q Directive","Q Directive","false","KEEP_Q_DIRECTIVE","Q instructs or urges the reader directly."
"94","0","Review my other threads.","Review my other threads.","","true","q_post_body","Q Directive","Q Directive","false","KEEP_Q_DIRECTIVE","Q instructs or urges the reader directly."
"94","1","Watch the cookie quickly crumble.","Watch the cookie quickly crumble.","","true","q_post_body","Q Directive","Q Directive","false","KEEP_Q_DIRECTIVE","Q instructs or urges the reader directly."
"947","0","Track.","Track.","","true","q_post_body","Q Directive","Q Directive","false","KEEP_Q_DIRECTIVE","Q instructs or urges the reader directly."
"948","0","Enjoy the show.","Enjoy the show.","","true","q_post_body","Q Directive","Q Directive","false","KEEP_Q_DIRECTIVE","Q instructs or urges the reader directly."
"948","1","Bring the rain!","Bring the rain!","","true","q_post_body","Q Directive","Q Directive","false","KEEP_Q_DIRECTIVE","Q instructs or urges the reader directly."
"949","0","Trust the plan.","Trust the plan.","","true","q_post_body","Q Directive","Q Directive","false","KEEP_Q_DIRECTIVE","Q instructs or urges the reader directly."
"95","0","Keep digging and keep organizing the info into graphics (critical).","Keep digging and keep organizing the info into graphics (critical).","","true","q_post_body","Q Directive","Q Directive","false","KEEP_Q_DIRECTIVE","Q instructs or urges the reader directly."
"95","1","God bless.","God bless.","","true","q_post_body","Q Directive","Removed from Q Directives","true","REMOVE_BLESSING_OR_VALEDICTION","A blessing, greeting or closing — it instructs no one."
"950","0","TRUST KANSAS.","TRUST KANSAS.","","true","q_post_body","Q Directive","Q Directive","false","KEEP_Q_DIRECTIVE","Q instructs or urges the reader directly."
"956","0","Enjoy the show.","Enjoy the show.","","true","q_post_body","Q Directive","Q Directive","false","KEEP_Q_DIRECTIVE","Q instructs or urges the reader directly."
"959","0","Learn chess.","Learn chess.","","true","q_post_body","Q Directive","Q Directive","false","KEEP_Q_DIRECTIVE","Q instructs or urges the reader directly."
"96","0","God bless, Patriots.","God bless, Patriots.","","true","q_post_body","Q Directive","Removed from Q Directives","true","REMOVE_BLESSING_OR_VALEDICTION","A blessing, greeting or closing — it instructs no one."
"960","0","Enjoy the show.","Enjoy the show.","","true","q_post_body","Q Directive","Q Directive","false","KEEP_Q_DIRECTIVE","Q instructs or urges the reader directly."
"960","1","Expect a lot more.","Expect a lot more.","","true","q_post_body","Q Directive","Q Directive","false","KEEP_Q_DIRECTIVE","Q instructs or urges the reader directly."
"964","0","Think logically.","Think logically.","","true","q_post_body","Q Directive","Q Directive","false","KEEP_Q_DIRECTIVE","Q instructs or urges the reader directly."
"964","1","Track the 'FAMILY' - IMPORTANT.","Track the 'FAMILY' - IMPORTANT.","","true","q_post_body","Q Directive","Q Directive","false","KEEP_Q_DIRECTIVE","Q instructs or urges the reader directly."
"964","2","Think COLD WAR.","Think COLD WAR.","","true","q_post_body","Q Directive","Q Directive","false","KEEP_Q_DIRECTIVE","Q instructs or urges the reader directly."
"964","3","Think KGB.","Think KGB.","","true","q_post_body","Q Directive","Q Directive","false","KEEP_Q_DIRECTIVE","Q instructs or urges the reader directly."
"964","4","Follow the FAMILY.","Follow the FAMILY.","","true","q_post_body","Q Directive","Q Directive","false","KEEP_Q_DIRECTIVE","Q instructs or urges the reader directly."
"964","5","Follow resignations [Business/Gov't].","Follow resignations [Business/Gov't].","","true","q_post_body","Q Directive","Q Directive","false","KEEP_Q_DIRECTIVE","Q instructs or urges the reader directly."
"964","6","RE_READ ALL.","RE_READ ALL.","","true","q_post_body","Q Directive","Q Directive","false","KEEP_Q_DIRECTIVE","Q instructs or urges the reader directly."
"964","7","BUCKLE UP.","BUCKLE UP.","","true","q_post_body","Q Directive","Q Directive","false","KEEP_Q_DIRECTIVE","Q instructs or urges the reader directly."
"965","0","STAY STRONG!","STAY STRONG!","","true","q_post_body","Q Directive","Q Directive","false","KEEP_Q_DIRECTIVE","Q instructs or urges the reader directly."
"965","1","STAY TOGETHER!","STAY TOGETHER!","","true","q_post_body","Q Directive","Q Directive","false","KEEP_Q_DIRECTIVE","Q instructs or urges the reader directly."
"965","2","ENJOY THE SHOW.","ENJOY THE SHOW.","","true","q_post_body","Q Directive","Q Directive","false","KEEP_Q_DIRECTIVE","Q instructs or urges the reader directly."
"968","0","Clean.","Clean.","","true","q_post_body","Q Directive","Q Directive","false","KEEP_Q_DIRECTIVE","Q instructs or urges the reader directly."
"969","0","TRUST THE PLAN.","TRUST THE PLAN.","","true","q_post_body","Q Directive","Q Directive","false","KEEP_Q_DIRECTIVE","Q instructs or urges the reader directly."
"97","0","Define.","Define.","","true","q_post_body","Q Directive","Q Directive","false","KEEP_Q_DIRECTIVE","Q instructs or urges the reader directly."
"97","1","Define hostage.","Define hostage.","","true","q_post_body","Q Directive","Q Directive","false","KEEP_Q_DIRECTIVE","Q instructs or urges the reader directly."
"97","2","Define leverage.","Define leverage.","","true","q_post_body","Q Directive","Q Directive","false","KEEP_Q_DIRECTIVE","Q instructs or urges the reader directly."
"97","3","Set up.","Set up.","","true","q_post_body","Q Directive","Q Directive","false","KEEP_Q_DIRECTIVE","Q instructs or urges the reader directly."
"97","4","Paint the picture.","Paint the picture.","","true","q_post_body","Q Directive","Q Directive","false","KEEP_Q_DIRECTIVE","Q instructs or urges the reader directly."
"97","5","Review post happenings.","Review post happenings.","","true","q_post_body","Q Directive","Q Directive","false","KEEP_Q_DIRECTIVE","Q instructs or urges the reader directly."
"97","6","Re-read complete crumb graphic (confirmed good).","Re-read complete crumb graphic (confirmed good).","","true","q_post_body","Q Directive","Q Directive","false","KEEP_Q_DIRECTIVE","Q instructs or urges the reader directly."
"971","0","Trust the plan.","Trust the plan.","","true","q_post_body","Q Directive","Q Directive","false","KEEP_Q_DIRECTIVE","Q instructs or urges the reader directly."
"972","0","Think outside the box.","Think outside the box.","","true","q_post_body","Q Directive","Q Directive","false","KEEP_Q_DIRECTIVE","Q instructs or urges the reader directly."
"972","1","Post Facebook NEWS.","Post Facebook NEWS.","","true","q_post_body","Q Directive","Q Directive","false","KEEP_Q_DIRECTIVE","Q instructs or urges the reader directly."
"972","2","Use logic.","Use logic.","","true","q_post_body","Q Directive","Q Directive","false","KEEP_Q_DIRECTIVE","Q instructs or urges the reader directly."
"973","0","Time to complete 1-2.","Time to complete 1-2.","","true","q_post_body","Q Directive","Q Directive","false","KEEP_Q_DIRECTIVE","Q instructs or urges the reader directly."
"976","0","Wonder who leaked this.","Wonder who leaked this.","","true","q_post_body","Q Directive","Q Directive","false","KEEP_Q_DIRECTIVE","Q instructs or urges the reader directly."
"98","0","Review each sentence post happenings.","Review each sentence post happenings.","","true","q_post_body","Q Directive","Q Directive","false","KEEP_Q_DIRECTIVE","Q instructs or urges the reader directly."
"98","1","Please update and continue to log.","Please update and continue to log.","","true","q_post_body","Q Directive","Q Directive","false","KEEP_Q_DIRECTIVE","Q instructs or urges the reader directly."
"981","0","Sleep well, Patriot.","Sleep well, Patriot.","","true","q_post_body","Q Directive","Q Directive","false","KEEP_Q_DIRECTIVE","Q instructs or urges the reader directly."
"986","0","Think logically.","Think logically.","","true","q_post_body","Q Directive","Q Directive","false","KEEP_Q_DIRECTIVE","Q instructs or urges the reader directly."
"987","0","Watch the EO's.","Watch the EO's.","","true","q_post_body","Q Directive","Q Directive","false","KEEP_Q_DIRECTIVE","Q instructs or urges the reader directly."
"99","0","Define.","Define.","","true","q_post_body","Q Directive","Q Directive","false","KEEP_Q_DIRECTIVE","Q instructs or urges the reader directly."
"99","1","Follow the money.","Follow the money.","","true","q_post_body","Q Directive","Q Directive","false","KEEP_Q_DIRECTIVE","Q instructs or urges the reader directly."
"99","2","Open season on puppets.","Open season on puppets.","","true","q_post_body","Q Directive","Q Directive","false","KEEP_Q_DIRECTIVE","Q instructs or urges the reader directly."
"992","0","STAY TOGETHER.","STAY TOGETHER.","","true","q_post_body","Q Directive","Q Directive","false","KEEP_Q_DIRECTIVE","Q instructs or urges the reader directly."
"993","0","Follow Bolton.","Follow Bolton.","","true","q_post_body","Q Directive","Q Directive","false","KEEP_Q_DIRECTIVE","Q instructs or urges the reader directly."
"993","1","Clean.","Clean.","","true","q_post_body","Q Directive","Q Directive","false","KEEP_Q_DIRECTIVE","Q instructs or urges the reader directly."
"993","2","Learn how to archive offline.","Learn how to archive offline.","","true","q_post_body","Q Directive","Q Directive","false","KEEP_Q_DIRECTIVE","Q instructs or urges the reader directly."
"995","0","Keep watching the news.","Keep watching the news.","","true","q_post_body","Q Directive","Q Directive","false","KEEP_Q_DIRECTIVE","Q instructs or urges the reader directly."
"996","0","Trace the background of the shooter.","Trace the background of the shooter.","","true","q_post_body","Q Directive","Q Directive","false","KEEP_Q_DIRECTIVE","Q instructs or urges the reader directly."
"996","1","Focus on Father.","Focus on Father.","","true","q_post_body","Q Directive","Q Directive","false","KEEP_Q_DIRECTIVE","Q instructs or urges the reader directly."