postNum,term,form,start,end,included,excludedBecause,line
100,Q,Q,1023,1024,false,terminal signature,Q
1000,Q,Q,13,14,false,terminal signature,Q
1001,Q,Q,224,225,false,terminal signature,Q
1002,Q,Q,101,102,false,terminal signature,Q
1003,Q,Q,9,10,false,terminal signature,Q
1004,Q,Q,34,35,false,terminal signature,Q
1005,Q,Q,81,82,false,terminal signature,Q
1006,Q,Q,272,273,false,terminal signature,Q
1007,Q,Q,47,48,false,terminal signature,Q
1008,Q,Q,1058,1059,false,terminal signature,Q
1009,Q,Q,444,445,false,terminal signature,Q
101,Q,Q,31,32,true,,Q
1010,Q,Q,566,567,false,terminal signature,Q
1011,Q,Q,149,150,false,terminal signature,Q
1012,Q,Q,264,265,false,terminal signature,Q
1013,Q,Q,36,37,false,technical code (Q-T2810C),Operation Q-T2810C.
1013,Q,Q,147,148,false,terminal signature,Q
1014,Q,Q,69,70,false,terminal signature,Q
1015,Q,Q,182,183,false,terminal signature,Q
1016,Q,Q,161,162,false,terminal signature,Q
1017,Q,Q,56,57,false,terminal signature,Q
1018,Q,Q,47,48,false,terminal signature,Q
1019,Q,Q,36,37,false,terminal signature,Q
1020,Q,Q,85,86,false,terminal signature,Q
1021,Q,Q,204,205,false,terminal signature,Q
1022,Q,Q,137,138,false,terminal signature,Q
1023,Q,Q,112,113,false,terminal signature,Q
1024,Q,Q,48,49,false,terminal signature,Q
1025,Q,Q,187,188,false,terminal signature,Q
1026,Q,Q,33,34,false,terminal signature,Q
1027,Q,Q,59,60,false,terminal signature,Q
1028,Q,Q,4,5,false,terminal signature,Q+
1029,Q,Q,142,143,false,terminal signature,Q
1030,Q,Q,43,44,false,terminal signature,Q
1032,Q,Q,62,63,false,terminal signature,Q
1033,Q,Q,65,66,false,terminal signature,Q
1035,Q,Q,25,26,false,terminal signature,Q
1036,Q,Q,60,61,false,terminal signature,Q
1037,Q,Q,55,56,false,terminal signature,Q
1038,Q,Q,70,71,false,terminal signature,Q+
1039,QAnon,qanon,44,49,true,,https:// www.nytimes.com/2018/04/06/opinion/qanon-trump-conspiracy-theory.html
1039,Q,Q,91,92,false,terminal signature,Q
104,Q,Q,84,85,false,terminal signature,Q
1040,Q,Q,79,80,false,terminal signature,Q
1041,Q,Q,134,135,false,terminal signature,Q
1043,Q,Q,97,98,false,terminal signature,Q
1044,Q,Q,179,180,false,terminal signature,Q
1045,Q,Q,134,135,false,terminal signature,Q
1046,Q,Q,77,78,false,terminal signature,Q
1047,Q,Q,95,96,false,terminal signature,Q
1048,Q,Q,102,103,false,terminal signature,Q
1049,Q,Q,92,93,false,terminal signature,Q
105,Q,Q,162,163,false,terminal signature,Q
1050,Q,Q,42,43,false,terminal signature,Q
1051,Q,Q,101,102,false,terminal signature,Q
1052,Q,Q,135,136,false,terminal signature,Q
1053,Q,Q,61,62,false,terminal signature,Q
1054,Q,Q,46,47,false,terminal signature,Q
1055,Q,Q,91,92,false,terminal signature,Q
1056,Q,Q,153,154,false,terminal signature,Q
1057,Q,Q,91,92,false,terminal signature,Q
1058,Q,Q,31,32,false,terminal signature,Q
1059,Q,Q,27,28,false,terminal signature,Q
106,Q,Q,183,184,false,terminal signature,Q
1060,Q,Q,36,37,false,terminal signature,Q
1061,Q,Q,104,105,false,terminal signature,Q
1062,Q,Q,15,16,false,terminal signature,Q
1063,Q,Q,133,134,false,terminal signature,Q
1065,Q,Q,91,92,false,terminal signature,Q
1066,Q,Q,64,65,false,terminal signature,Q
1067,Q,Q,27,28,false,terminal signature,Q
1068,Q,Q,151,152,false,terminal signature,Q
1069,Q,Q,178,179,false,terminal signature,Q
107,Q,Q,223,224,false,terminal signature,Q
1070,Anons,anon,25,29,true,,"Talking to you, anon."
1070,Q,Q,100,101,false,terminal signature,Q
1071,Q,Q,31,32,false,terminal signature,Q
1072,Q,Q,126,127,false,terminal signature,Q
1073,Q,Q,76,77,false,terminal signature,Q
1074,Q,Q,143,144,false,terminal signature,Q
1075,Q,Q,71,72,true,,Narrative + anything Q.
1075,Q,Q,126,127,false,terminal signature,Q
1076,Q,Q,74,75,false,terminal signature,Q
1077,Q,Q,99,100,false,terminal signature,Q
1078,Q,Q,87,88,false,terminal signature,Q
1079,Q,Q,64,65,false,terminal signature,Q
108,Anons,Anon,36,40,true,,"Nothing is as it seems, Anon."
108,Q,Q,150,151,false,terminal signature,Q
1080,Q,Q,138,139,false,terminal signature,Q
1081,Q,Q,177,178,false,terminal signature,Q
1082,Q,Q,94,95,false,terminal signature,Q
1083,Q,Q,121,122,false,terminal signature,Q
1084,Q,Q,25,26,false,terminal signature,Q
1085,Q,Q,366,367,false,terminal signature,Q
1086,Q,Q,95,96,false,terminal signature,Q
1087,Q,Q,50,51,false,terminal signature,Q
1088,Q,Q,29,30,false,terminal signature,Q
1089,Q,Q,35,36,false,terminal signature,Q
109,Q,Q,26,27,false,terminal signature,Q
1090,Q,Q,247,248,false,terminal signature,Q
1091,Q,Q,170,171,false,terminal signature,Q
1092,Q,Q,53,54,false,terminal signature,Q
1094,Q,Q,123,124,false,terminal signature,Q
1095,Q,Q,104,105,false,terminal signature,Q
1097,Q,Q,131,132,false,terminal signature,Q
1098,Q,Q,149,150,false,terminal signature,Q
1099,Q,Q,18,19,false,terminal signature,Q
110,Q,Q,42,43,false,terminal signature,Q
1100,Q,Q,474,475,false,terminal signature,Q
1101,Q,Q,43,44,false,terminal signature,Q
1102,Q,Q,421,422,false,terminal signature,Q
1103,Q,Q,106,107,false,terminal signature,Q
1104,Q,Q,95,96,false,terminal signature,Q
1105,Q,Q,129,130,false,terminal signature,Q
1106,Q,Q,198,199,false,terminal signature,Q
1107,Q,Q,48,49,false,terminal signature,Q
1108,Q,Q,40,41,false,terminal signature,Q
1109,Q,Q,131,132,false,terminal signature,Q
111,Q,Q,1665,1666,false,terminal signature,Q
1110,Q,Q,13,14,false,terminal signature,Q
1111,Q,Q,109,110,false,terminal signature,Q
1112,Q,Q,53,54,false,terminal signature,Q
1113,Q,Q,46,47,false,terminal signature,Q
1115,Q,Q,92,93,false,terminal signature,Q
1116,Q,Q,43,44,false,terminal signature,Q
1117,Q,Q,104,105,false,terminal signature,Q
1119,Q,Q,15,16,false,terminal signature,Q
112,Q,Q,646,647,false,terminal signature,Q
1120,Q,Q,150,151,false,terminal signature,Q
1121,Q,Q,76,77,false,terminal signature,Q
1122,Q,Q,80,81,false,terminal signature,Q
1123,Q,Q,117,118,false,terminal signature,Q
1124,Q,Q,113,114,false,terminal signature,Q
1125,Q,Q,354,355,false,terminal signature,Q
1126,Q,Q,47,48,false,terminal signature,Q
1127,Q,Q,107,108,false,terminal signature,Q
1129,Q,Q,248,249,false,terminal signature,Q
113,Q,Q,450,451,false,terminal signature,Q
1130,Q,Q,46,47,false,terminal signature,Q
1131,Q,Q,42,43,false,terminal signature,Q
1133,Q,Q,4,5,false,terminal signature,Q
1134,Q,Q,171,172,false,terminal signature,Q
1135,Q,Q,39,40,false,terminal signature,Q
1136,Q,Q,17,18,false,terminal signature,Q
1137,Q,Q,43,44,false,terminal signature,Q
1138,Q,Q,212,213,false,terminal signature,Q
1139,Q,Q,27,28,false,terminal signature,Q
114,Q,Q,87,88,false,terminal signature,Q
1140,Q,Q,53,54,false,terminal signature,Q
1141,Q,Q,31,32,false,terminal signature,Q
1142,Q,Q,99,100,false,terminal signature,Q
1144,Q,Q,30,31,false,terminal signature,Q
1145,Q,Q,53,54,false,terminal signature,Q
1146,Q,Q,131,132,false,terminal signature,Q
1147,Q,Q,86,87,false,terminal signature,Q
1148,Q,Q,151,152,false,terminal signature,Q
1149,Q,Q,125,126,false,terminal signature,Q
1150,Q,Q,36,37,false,terminal signature,Q
1151,Q,Q,102,103,false,terminal signature,Q
1152,Q,Q,49,50,false,terminal signature,Q
1153,Q,Q,36,37,false,terminal signature,Q
1154,Q,Q,81,82,false,terminal signature,Q
1155,Q,Q,166,167,false,terminal signature,Q
1157,Q,Q,110,111,false,terminal signature,Q
1158,Q,Q,11,12,false,terminal signature,Q
1159,Q,Q,19,20,false,terminal signature,Q
116,Q,Q,66,67,false,terminal signature,Q
1160,QAnon,qanon,36,41,true,,GOOG ‘qanon’ search stats (by country).
1160,Q,Q,82,83,false,terminal signature,Q
1161,Q,Q,57,58,false,terminal signature,Q
1162,Q,Q,82,83,false,terminal signature,Q
1163,Q,Q,94,95,false,terminal signature,Q
1164,Q,Q,255,256,false,terminal signature,Q
1165,Q,Q,47,48,false,terminal signature,Q
1166,Q,Q,38,39,false,terminal signature,Q
1167,Q,Q,64,65,false,terminal signature,Q
1168,Q,Q,32,33,false,terminal signature,Q
1169,Q,Q,10,11,false,terminal signature,Q
117,Q,Q,1605,1606,false,terminal signature,Q
1170,Q,Q,46,47,false,terminal signature,Q
1171,Q,Q,33,34,false,terminal signature,Q
1172,Q,Q,26,27,false,terminal signature,Q
1173,Q,Q,32,33,false,terminal signature,Q
1174,Q,Q,205,206,false,terminal signature,Q
1175,Q,Q,33,34,false,terminal signature,Q
1176,Q,Q,222,223,false,terminal signature,Q
1177,Q,Q,16,17,false,terminal signature,Q
1178,Q,Q,28,29,false,terminal signature,Q
1179,Q,Q,195,196,false,terminal signature,Q
118,Q,Q,1368,1369,false,terminal signature,Q
1180,Q,Q,194,195,false,terminal signature,Q
1181,Q,Q,164,165,false,terminal signature,Q
1182,Q,Q,118,119,false,terminal signature,Q
1183,Q,Q,133,134,false,terminal signature,Q
1184,Q,Q,245,246,false,terminal signature,Q
1185,Q,Q,22,23,false,terminal signature,Q
1186,Q,Q,236,237,false,terminal signature,Q
1187,Q,Q,104,105,false,terminal signature,Q
1188,Q,Q,84,85,false,terminal signature,Q
1189,Q,Q,24,25,false,terminal signature,Q
119,Q,Q,717,718,false,terminal signature,Q
1190,Q,Q,81,82,false,terminal signature,Q
1191,Q,Q,35,36,false,terminal signature,Q
1192,Q,Q,0,1,false,Q&A — Q means Question,Q&A
1192,Q,Q,12,13,false,terminal signature,Q
1193,Q,Q,28,29,false,terminal signature,Q
1194,Q,Q,21,22,false,terminal signature,Q
1195,Q,Q,92,93,false,terminal signature,Q
1196,Q,Q,14,15,false,terminal signature,Q
1197,Q,Q,44,45,false,terminal signature,Q
1198,Q,Q,0,1,false,Q&A — Q means Question,Q&A again.
1198,Q,Q,49,50,false,terminal signature,Q
1199,Q,Q,7,8,true,,Answer Q re: SR.
1199,Q,Q,229,230,false,terminal signature,Q
120,Q,Q,1208,1209,false,terminal signature,Q
1200,Q,Q,81,82,false,terminal signature,Q
1201,Q,Q,29,30,false,terminal signature,Q
1203,Q,Q,243,244,false,terminal signature,Q
1204,Q,Q,36,37,false,terminal signature,Q
1208,Q,Q,202,203,false,terminal signature,Q
1209,Q,Q,83,84,false,terminal signature,Q
121,Q,Q,1185,1186,false,terminal signature,Q
1210,Q,Q,30,31,false,terminal signature,Q
1211,Q,Q,75,76,false,terminal signature,Q
1212,Q,Q,103,104,false,terminal signature,Q
1213,Q,Q,23,24,false,terminal signature,Q
1214,Q,Q,166,167,false,terminal signature,Q
1215,Q,Q,82,83,false,terminal signature,Q
1216,Q,Q,33,34,false,terminal signature,Q
1217,Q,Q,51,52,false,terminal signature,Q
1218,Q,Q,161,162,false,terminal signature,Q
1219,Q,Q,131,132,false,terminal signature,Q
122,Q,Q,730,731,false,terminal signature,Q
1220,Q,Q,281,282,false,terminal signature,Q
1221,Q,Q,9,10,true,,Right on Q.
1221,Q,Q,403,404,false,terminal signature,Q
1222,Q,Q,112,113,false,terminal signature,Q
1223,Q,Q,92,93,false,terminal signature,Q
1224,Q,Q,139,140,false,terminal signature,Q
1225,Q,Q,146,147,false,terminal signature,Q
1226,Q,Q,74,75,false,Q&A — Q means Question,Q&A.
1226,Q,Q,79,80,false,"FAQ label ""Q:"" — Q means Question",Q: SR
1226,Q,Q,92,93,true,,Common Q.
1226,Q,Q,240,241,false,terminal signature,Q
1227,Q,Q,60,61,false,terminal signature,Q
1228,Q,Q,36,37,false,terminal signature,Q
1229,Q,Q,156,157,false,terminal signature,Q
123,Q,Q,47,48,false,terminal signature,Q
1230,Q,Q,37,38,false,terminal signature,Q
1231,Q,Q,32,33,false,terminal signature,Q
1232,Q,Q,93,94,false,terminal signature,Q
1233,Q,Q,161,162,false,terminal signature,Q
1234,Q,Q,51,52,false,terminal signature,Q
1235,Q,Q,328,329,false,terminal signature,Q
1237,Q,Q,412,413,false,terminal signature,Q
1238,Q,Q,311,312,false,terminal signature,Q
1239,Q,Q,241,242,false,terminal signature,Q
124,Q,Q,9,10,false,terminal signature,Q
1240,Q,Q,43,44,false,terminal signature,Q
1241,Q,Q,988,989,false,terminal signature,Q
1242,Q,Q,199,200,false,terminal signature,Q
1243,Q,Q,69,70,false,terminal signature,Q
1244,Q,Q,63,64,false,terminal signature,Q
1245,Q,Q,384,385,false,terminal signature,Q
1246,Q,Q,25,26,false,terminal signature,Q
1247,Q,Q,72,73,false,terminal signature,Q
1248,Q,Q,153,154,false,terminal signature,Q
1249,Q,Q,226,227,false,terminal signature,Q
1250,Q,Q,646,647,false,terminal signature,Q
1251,Q,Q,77,78,false,terminal signature,Q
1252,Q,Q,894,895,false,terminal signature,Q
1253,Q,Q,276,277,false,terminal signature,Q
1254,Q,Q,219,220,false,terminal signature,Q
1255,Q,Q,121,122,false,terminal signature,Q
1256,Q,Q,134,135,false,terminal signature,Q
1257,Q,Q,27,28,false,terminal signature,Q
1258,Q,Q,131,132,false,terminal signature,Q
1259,Q,Q,175,176,false,terminal signature,Q
126,Q,Q,41,42,false,terminal signature,Q
1260,Q,Q,97,98,false,terminal signature,Q
1261,Q,Q,469,470,false,terminal signature,Q
1262,Q,Q,52,53,false,terminal signature,Q
1263,Q,Q,246,247,false,terminal signature,Q
1264,Q,Q,112,113,true,,We get massive amounts of ‘Q’ thank you letters from around the world every single day.
1264,Q,Q,196,197,false,terminal signature,Q
1265,Q,Q,682,683,false,terminal signature,Q
1266,Q,Q,474,475,false,terminal signature,Q
1267,Q,Q,38,39,false,terminal signature,Q
1268,Q,Q,55,56,false,terminal signature,Q
1269,Q,Q,644,645,false,terminal signature,Q
127,Q,Q,156,157,false,terminal signature,Q
1270,Q,Q,94,95,false,terminal signature,Q
1271,Q,Q,20,21,false,terminal signature,Q
1273,Q,Q,262,263,false,terminal signature,Q
1274,Q,Q,42,43,false,terminal signature,Q
1275,Q,Q,166,167,false,terminal signature,Q
1276,Q,Q,133,134,false,terminal signature,Q
1277,Q,Q,65,66,false,terminal signature,Q
1278,Q,Q,349,350,false,terminal signature,Q
1279,Q,Q,388,389,true,,Q [auth478-24zgP]
128,Q,Q,1355,1356,false,terminal signature,Q
1280,Q,Q,317,318,false,terminal signature,Q
1281,Q,Q,82,83,false,terminal signature,Q
1282,Q,Q,324,325,false,terminal signature,Q
1283,Q,Q,248,249,false,terminal signature,Q
1284,Q,Q,339,340,false,terminal signature,Q
1285,Q,Q,395,396,false,terminal signature,Q
1286,Q,Q,2406,2407,false,terminal signature,Q
1287,Q,Q,1008,1009,false,terminal signature,Q
1288,Q,Q,578,579,false,terminal signature,Q
1289,Q,Q,110,111,false,terminal signature,Q
129,Q,Q,90,91,false,terminal signature,Q
1290,Q,Q,170,171,false,terminal signature,Q
1291,Q,Q,353,354,false,terminal signature,Q
1292,Q,Q,104,105,false,terminal signature,Q
1293,Q,Q,26,27,false,terminal signature,Q
1294,Q,Q,75,76,false,terminal signature,Q
1295,Q,Q,556,557,false,terminal signature,Q
1296,Anons,Anons,60,65,true,,"Personal thank you to the BO, Bakers, and Autists/Anons who continually dedicate their time and energy to the GREAT AWAKENING."
1296,Q,Q,229,230,false,terminal signature,Q+
1297,Q,Q,362,363,true,,Q+
1298,Q,Q,222,223,false,terminal signature,Q
1300,Q,Q,69,70,false,terminal signature,Q
1301,Q,Q,103,104,false,terminal signature,Q
1303,Q,Q,27,28,false,terminal signature,Q
1304,Q,Q,31,32,false,terminal signature,Q
1305,Q,Q,109,110,false,terminal signature,Q
1306,Q,Q,855,856,false,terminal signature,Q
1307,Q,Q,346,347,false,terminal signature,Q
131,Q,Q,50,51,false,terminal signature,Q
1312,Q,Q,10,11,false,terminal signature,Q
1313,Q,Q,16,17,false,terminal signature,Q
1314,Q,Q,89,90,false,terminal signature,Q
1316,Q,Q,1121,1122,false,terminal signature,Q
1317,Q,Q,393,394,false,terminal signature,Q
1318,Q,Q,2346,2347,false,terminal signature,Q
1319,Q,Q,2006,2007,false,terminal signature,Q
132,Q,Q,32,33,false,terminal signature,Q
1320,Q,Q,551,552,false,terminal signature,Q
1322,Q,Q,16,17,false,terminal signature,Q
1323,Q,Q,74,75,true,,"We did not input ""Q #"" in the beginning which exposed the password."
1323,Q,Q,147,148,false,terminal signature,Q
1324,Q,Q,53,54,false,terminal signature,Q
1325,Q,Q,58,59,false,terminal signature,Q
1326,Q,Q,177,178,false,terminal signature,Q
1328,Q,Q,1147,1148,false,terminal signature,Q+
133,Q,Q,922,923,false,terminal signature,Q
1330,Q,Q,20,21,false,terminal signature,Q
1332,Q,Q,628,629,false,terminal signature,Q
1333,Q,Q,13,14,false,terminal signature,Q
1334,Q,Q,87,88,false,terminal signature,Q
1335,Q,Q,84,85,false,terminal signature,Q
1336,Q,Q,581,582,false,terminal signature,Q
1337,Q,Q,158,159,false,terminal signature,Q
1338,Q,Q,27,28,false,terminal signature,Q
1339,Q,Q,1154,1155,false,terminal signature,Q
134,Q,Q,503,504,false,terminal signature,Q
1340,Q,Q,130,131,false,terminal signature,Q
1341,Q,Q,150,151,false,terminal signature,Q
1342,Q,Q,177,178,false,terminal signature,Q
1343,Q,Q,923,924,false,terminal signature,Q
1345,Q,Q,866,867,false,terminal signature,Q
1346,Q,Q,157,158,false,terminal signature,Q
1347,Anons,Anons,45,50,true,,Not new to Anons.
1347,Q,Q,86,87,false,terminal signature,Q
1348,Q,Q,78,79,false,terminal signature,Q
1349,Q,Q,29,30,false,terminal signature,Q
1350,Q,Q,266,267,false,terminal signature,Q
1351,Q,Q,736,737,false,terminal signature,Q
1352,Q,Q,47,48,false,terminal signature,Q
1353,Anons,Anon,21,25,true,,"Well done, Anon."
1353,Q,Q,27,28,false,terminal signature,Q
1354,Q,Q,16,17,false,terminal signature,Q
1355,Q,Q,87,88,false,terminal signature,Q
1357,Q,Q,125,126,false,terminal signature,Q
1358,Q,Q,540,541,false,terminal signature,Q+
1359,Q,Q,1072,1073,false,terminal signature,Q
1360,Q,Q,258,259,false,terminal signature,Q
1361,QAnon,qanon,43,48,true,,http://nymag.com/selectall/2017/12/qanon-4chan-the-storm-conspiracy-explained.html
1361,QAnon,qanon,187,192,true,,https://www.nytimes.com/2018/04/06/opinion/qanon-trump-conspiracy-theory.html
1361,QAnon,qanon,1336,1341,true,,http://www.newsweek.com/roseanne-barr-tweets-about-right-wing-qanon-conspiracy-theory-867983
1361,QAnon,qanon,1416,1421,true,,https://www.buzzfeed.com/juliareinstein/roseanne-qanon-explainer?utm_term=.kkxvYjNeP#.nqg3P8mw7
1361,QAnon,qanon,1526,1531,true,,https://medium.com/@willsommer/roseanne-barr-is-tweeting-about-qanon-a-new-pizzagate-style-conspiracy-theory-234526f52e54
1361,Q,Q,1889,1890,false,terminal signature,Q
1362,Q,Q,68,69,false,terminal signature,Q
1363,Q,Q,155,156,false,terminal signature,Q
1364,Q,Q,101,102,false,terminal signature,Q
1367,Q,Q,13,14,false,terminal signature,Q
1368,Q,Q,158,159,false,terminal signature,Q
1369,Q,Q,998,999,false,terminal signature,Q
1370,Q,Q,384,385,false,terminal signature,Q
1371,Q,Q,127,128,false,terminal signature,Q
1372,Q,Q,245,246,false,terminal signature,Q
1373,Q,Q,107,108,false,terminal signature,Q
1374,Q,Q,187,188,false,terminal signature,Q
1375,Q,Q,156,157,false,terminal signature,Q
1376,Q,Q,130,131,false,terminal signature,Q
1377,Q,Q,231,232,false,terminal signature,Q
1378,Q,Q,325,326,false,terminal signature,Q
1379,Q,Q,153,154,false,terminal signature,Q
138,Q,Q,1894,1895,false,terminal signature,Q
1380,Q,Q,212,213,false,terminal signature,Q
1381,Q,Q,137,138,false,terminal signature,Q
1382,Q,Q,15,16,false,terminal signature,Q
1384,Q,Q,66,67,false,terminal signature,Q
1385,Q,Q,181,182,false,terminal signature,Q
1386,Q,Q,101,102,false,terminal signature,Q
1387,Q,Q,47,48,false,terminal signature,Q
1389,Q,Q,81,82,false,terminal signature,Q
139,Q,Q,246,247,false,terminal signature,Q
1392,Q,Q,26,27,false,terminal signature,Q
1393,Anons,Anon,22,26,true,,"Impressive, Anon."
1393,Q,Q,28,29,false,terminal signature,Q
1394,Q,Q,32,33,false,terminal signature,Q
1395,Q,Q,150,151,false,terminal signature,Q
1396,Q,Q,54,55,false,terminal signature,Q
1399,Q,Q,227,228,false,terminal signature,Q
140,Q,Q,1352,1353,false,terminal signature,Q
1400,Q,Q,99,100,false,terminal signature,Q
1401,Q,Q,185,186,false,terminal signature,Q
1402,Q,Q,311,312,false,terminal signature,Q
1407,Q,Q,42,43,false,terminal signature,Q
1408,Anons,Anon,28,32,true,,We are everywhere Anon.
1408,Q,Q,34,35,false,terminal signature,Q
141,Q,Q,258,259,false,terminal signature,Q
1413,Q,Q,33,34,false,terminal signature,Q
1414,Q,Q,20,21,false,terminal signature,Q
1415,Q,Q,81,82,false,terminal signature,Q
1416,Q,Q,12,13,false,terminal signature,Q
1417,Q,Q,9,10,false,terminal signature,Q
1418,Q,Q,33,34,false,terminal signature,Q
1419,Q,Q,39,40,false,terminal signature,Q
142,Q,Q,1422,1423,false,terminal signature,Q
1420,Q,Q,86,87,false,terminal signature,Q
1423,Q,Q,109,110,false,terminal signature,Q
1424,Q,Q,108,109,false,terminal signature,Q
1425,Q,Q,265,266,false,terminal signature,Q
1428,Q,Q,26,27,false,terminal signature,Q
1429,Q,Q,114,115,false,terminal signature,Q
143,Q,Q,60,61,false,terminal signature,Q
1430,Anons,Anons,107,112,true,,Subsequent posts [on here] were then made by Anons.
1430,Q,Q,183,184,false,terminal signature,Q
1431,Q,Q,46,47,false,terminal signature,Q
1433,Q,Q,1341,1342,false,terminal signature,Q
1434,Q,Q,362,363,false,terminal signature,Q
1435,Q,Q,48,49,false,terminal signature,Q
1436,Q,Q,26,27,false,terminal signature,Q
1438,Q,Q,149,150,false,terminal signature,Q
1439,Q,Q,285,286,false,terminal signature,Q
144,Q,Q,266,267,true,,What is No Such Agency - Q group?
144,Q,Q,1359,1360,false,terminal signature,Q
1440,Q,Q,91,92,false,terminal signature,Q
1441,Q,Q,159,160,false,terminal signature,Q
1442,Q,Q,21,22,false,terminal signature,Q
1443,Q,Q,438,439,false,terminal signature,Q
1445,Q,Q,275,276,false,terminal signature,Q
1446,Q,Q,93,94,false,terminal signature,Q
1448,Q,Q,73,74,false,terminal signature,Q
1449,Q,Q,113,114,false,terminal signature,Q
145,Q,Q,300,301,false,terminal signature,Q
1450,Q,Q,135,136,false,terminal signature,Q
1451,Q,Q,312,313,false,terminal signature,Q
1452,Q,Q,49,50,false,terminal signature,Q
1453,Q,Q,560,561,false,terminal signature,Q
1454,Q,Q,426,427,false,terminal signature,Q
1455,Q,Q,233,234,false,terminal signature,Q
1456,Q,Q,150,151,false,terminal signature,Q
1457,Q,Q,144,145,false,terminal signature,Q
1458,Q,Q,520,521,false,terminal signature,Q
146,Q,Q,300,301,false,terminal signature,Q
1460,Q,Q,156,157,false,terminal signature,Q
1461,Q,Q,270,271,false,terminal signature,Q
1462,Q,Q,112,113,false,terminal signature,Q
1463,Q,Q,19,20,false,terminal signature,Q
1464,Q,Q,113,114,false,terminal signature,Q
1465,Q,Q,170,171,false,terminal signature,Q
1467,Q,Q,34,35,false,terminal signature,Q
1468,Q,Q,82,83,false,terminal signature,Q
147,Q,Q,158,159,false,terminal signature,Q
1470,Q,Q,405,406,false,terminal signature,Q
1471,Q,Q,154,155,false,terminal signature,Q
1475,Q,Q,22,23,false,terminal signature,Q+
1476,Q,Q,67,68,false,terminal signature,Q
1478,Q,Q,165,166,false,terminal signature,Q
1479,Q,Q,56,57,false,terminal signature,Q
148,Q,Q,49,50,true,,NYT/Clowns In America article released today re: Q-group is a DIRECT attack/warning re: what is being dropped here.
148,Q,Q,401,402,false,terminal signature,Q
1481,Q,Q,317,318,false,terminal signature,Q
1482,Q,Q,72,73,false,terminal signature,Q
1483,Q,Q,192,193,false,terminal signature,Q
1484,Q,Q,189,190,false,terminal signature,Q
1485,Q,Q,16,17,false,terminal signature,Q
1486,Q,Q,99,100,false,terminal signature,Q
1487,Anons,Anons,70,75,true,,Thank you Autists/Anons.
1487,Q,Q,77,78,false,terminal signature,Q
1488,Q,Q,22,23,false,terminal signature,Q
1489,QAnon,Qanon,368,373,true,,FEAR [re: Twitter throttling & shadowban (coded #Qanon)
1489,Q,Q,795,796,false,terminal signature,Q
1490,Q,Q,72,73,false,terminal signature,Q
1491,QAnon,QAnon,70,75,true,,Why are many Iranian resistance (Freedom Fighters) tagging #QAnon on Twitter?
1491,Q,Q,114,115,false,terminal signature,Q+
1492,Q,Q,430,431,false,terminal signature,Q
1493,Q,Q,194,195,false,terminal signature,Q
1494,Q,Q,648,649,false,terminal signature,Q
1495,Q,Q,1230,1231,false,terminal signature,Q
1496,Q,Q,641,642,false,terminal signature,Q
1497,Q,Q,26,27,false,terminal signature,Q
1498,Q,Q,189,190,false,terminal signature,Q
150,Q,Q,148,149,true,,Q
1500,Q,Q,83,84,false,terminal signature,Q
1503,Q,Q,35,36,false,terminal signature,Q
1504,Q,Q,231,232,false,terminal signature,Q
1505,Q,Q,72,73,false,terminal signature,Q
1506,Q,Q,55,56,false,terminal signature,Q
1507,Q,Q,101,102,false,terminal signature,Q
1508,Q,Q,29,30,false,terminal signature,Q
1509,Q,Q,131,132,false,terminal signature,Q
151,Q,Q,1659,1660,false,terminal signature,Q
1510,Q,Q,573,574,false,terminal signature,Q
1511,Q,Q,57,58,false,terminal signature,Q
1512,Q,Q,116,117,false,terminal signature,Q
1513,Q,Q,34,35,false,terminal signature,Q
1514,Q,Q,24,25,false,terminal signature,Q
1515,Q,Q,2546,2547,false,terminal signature,Q
1516,Q,Q,176,177,false,terminal signature,Q
1517,Q,Q,277,278,false,terminal signature,Q
1518,Anons,Anon,21,25,true,,"Well done, Anon."
1518,Q,Q,45,46,false,terminal signature,Q
1519,Q,Q,76,77,false,terminal signature,Q
152,Q,Q,46,47,false,terminal signature,Q
1520,Q,Q,195,196,false,terminal signature,Q
1522,Q,Q,180,181,false,terminal signature,Q
1524,Q,Q,25,26,false,terminal signature,Q
1525,Q,Q,107,108,false,terminal signature,Q
1526,Q,Q,33,34,false,terminal signature,Q
1528,Q,Q,48,49,false,terminal signature,Q
1529,Q,Q,71,72,false,terminal signature,Q
153,Q,Q,1780,1781,false,terminal signature,Q
1530,Q,Q,30,31,false,terminal signature,Q
1531,Q,Q,98,99,false,terminal signature,Q
1532,Q,Q,124,125,false,terminal signature,Q
1533,Q,Q,161,162,false,terminal signature,Q
1534,Q,Q,169,170,false,terminal signature,Q
1535,Q,Q,140,141,false,terminal signature,Q
1537,Q,Q,27,28,false,terminal signature,Q
1538,Q,Q,662,663,false,terminal signature,Q
1539,Q,Q,131,132,false,terminal signature,Q
154,Q,Q,1054,1055,false,terminal signature,Q
1540,Q,Q,21,22,false,terminal signature,Q
1543,Q,Q,91,92,false,terminal signature,Q
1544,Q,Q,210,211,false,terminal signature,Q
1545,Anons,Anons,26,31,true,,Message not for Anons.
1545,Q,Q,33,34,false,terminal signature,Q
1546,Q,Q,222,223,false,terminal signature,Q
1547,Q,Q,149,150,false,terminal signature,Q
1548,Q,Q,128,129,false,terminal signature,Q
1549,Q,Q,159,160,false,terminal signature,Q
155,Q,Q,87,88,false,terminal signature,Q
1550,Q,Q,52,53,false,terminal signature,Q
1552,Q,Q,574,575,false,terminal signature,Q
1553,Q,Q,3542,3543,false,terminal signature,Q
1554,Q,Q,80,81,false,terminal signature,Q
1555,Q,Q,26,27,false,terminal signature,Q
1556,Q,Q,282,283,false,terminal signature,Q
1557,Q,Q,51,52,false,terminal signature,Q
1558,Q,Q,89,90,false,terminal signature,Q
1559,Q,Q,177,178,false,terminal signature,Q
1560,QAnon,qanon,61,66,true,,https://amp.thedailybeast.com/qanon-the-crazy-pro-trump-conspiracy-melts-down-over-oig-report?__twitter_impression=true
1560,QAnon,qanon,201,206,true,,https://www.vice.com/en_us/article/ywex8v/what-is-qanon-conspiracy-theory
1560,Q,Q,239,240,false,terminal signature,Q
1561,Q,Q,30,31,false,terminal signature,Q
1562,Q,Q,117,118,false,terminal signature,Q
1563,Q,Q,368,369,false,terminal signature,Q
1564,Q,Q,22,23,false,terminal signature,Q
1567,Q,Q,73,74,false,terminal signature,Q
1568,Q,Q,37,38,false,terminal signature,Q
1569,Q,Q,63,64,false,terminal signature,Q
1570,Q,Q,227,228,false,terminal signature,Q
1571,Q,Q,40,41,false,terminal signature,Q
1572,Q,Q,28,29,false,terminal signature,Q
1573,Q,Q,338,339,false,terminal signature,Q
1574,Q,Q,219,220,false,terminal signature,Q
1575,Q,Q,129,130,false,terminal signature,Q
1576,Q,Q,32,33,false,terminal signature,Q
1577,Q,Q,38,39,false,terminal signature,Q
1578,Q,Q,57,58,false,terminal signature,Q
1579,Q,Q,91,92,false,terminal signature,Q
158,Q,Q,1445,1446,false,terminal signature,Q
1580,Q,Q,26,27,false,terminal signature,Q
1581,Q,Q,153,154,false,terminal signature,Q
1582,Q,Q,57,58,false,URL or path,https://mobile.twitter.com/Q_ANONBaby/status/1009614122642825217/photo/1
1582,Q,Q,103,104,false,terminal signature,Q+
1583,Q,Q,107,108,false,terminal signature,Q
1584,Q,Q,123,124,false,terminal signature,Q
1585,Q,Q,304,305,false,terminal signature,Q
1586,Q,Q,10,11,false,Q&A — Q means Question,Q&A Saturday.
1586,Q,Q,34,35,false,terminal signature,Q
1587,Q,Q,0,1,false,Q&A — Q means Question,Q&A reschedule.
1587,Q,Q,29,30,false,terminal signature,Q
1588,Q,Q,94,95,false,terminal signature,Q
1589,Q,Q,1314,1315,false,terminal signature,Q
1590,Q,Q,29,30,false,terminal signature,Q
1591,Q,Q,143,144,false,terminal signature,Q
1594,QAnon,qanon,61,66,true,,https://www.thedailybeast.com/curt-schilling-backs-pro-trump-qanon-conspiracy-theory
1594,Q,Q,114,115,false,terminal signature,Q
1595,Q,Q,284,285,false,terminal signature,Q
1599,Q,Q,66,67,false,terminal signature,Q
1600,Q,Q,38,39,false,terminal signature,Q
1601,Q,Q,23,24,true,,Fist pumps re: POTUS / Q encounter =
1601,Q,Q,260,261,false,terminal signature,Q
1602,Q,Q,718,719,false,terminal signature,Q
1603,Q,Q,553,554,false,terminal signature,Q
1604,Q,Q,398,399,false,terminal signature,Q
1605,Q,Q,1689,1690,false,terminal signature,Q
1607,Q,Q,96,97,false,terminal signature,Q
1608,Q,Q,211,212,false,terminal signature,Q
1609,Q,Q,1498,1499,false,terminal signature,Q
1610,Q,Q,67,68,false,terminal signature,Q
1611,Q,Q,80,81,false,terminal signature,Q
1612,Q,Q,38,39,false,terminal signature,Q
1613,Q,Q,160,161,false,terminal signature,Q
1614,Q,Q,38,39,false,terminal signature,Q
1615,Q,Q,30,31,false,terminal signature,Q
1616,Q,Q,138,139,false,terminal signature,Q
1617,Q,Q,92,93,false,terminal signature,Q
1618,Q,Q,43,44,false,terminal signature,Q
1619,Q,Q,347,348,false,terminal signature,Q
162,Q,Q,37,38,false,terminal signature,Q
1620,Q,Q,69,70,false,terminal signature,Q
1621,Q,Q,53,54,false,URL or path,https://mobile.twitter.com/Q_ANONBaby/status/1012232994646581248
1621,Q,Q,367,368,false,terminal signature,Q
1622,Q,Q,15,16,false,terminal signature,Q
1623,Q,Q,209,210,false,terminal signature,Q
1624,Q,Q,60,61,false,terminal signature,Q
1625,Q,Q,105,106,false,terminal signature,Q
1626,Q,Q,268,269,false,terminal signature,Q
1627,Q,Q,81,82,false,terminal signature,Q
1628,Q,Q,82,83,false,terminal signature,Q
1629,Q,Q,215,216,false,terminal signature,Q
163,Q,Q,171,172,false,terminal signature,Q
1630,Q,Q,153,154,false,terminal signature,Q
1631,Q,Q,22,23,false,terminal signature,Q
1632,Q,Q,177,178,false,terminal signature,Q
1633,Q,Q,102,103,false,terminal signature,Q
1634,Q,Q,96,97,false,terminal signature,Q
1636,Q,Q,357,358,false,terminal signature,Q
1637,Q,Q,191,192,false,terminal signature,Q
1638,Q,Q,100,101,false,terminal signature,Q
1639,Q,Q,9,10,false,terminal signature,Q
164,Q,Q,72,73,false,terminal signature,Q
1640,Q,Q,49,50,true,,Q
1641,Q,Q,434,435,false,terminal signature,Q
1642,Q,Q,118,119,false,terminal signature,Q
1643,Q,Q,191,192,false,terminal signature,Q
1644,Q,Q,815,816,false,terminal signature,Q
1645,Q,Q,178,179,false,terminal signature,Q+
1646,Q,Q,2627,2628,false,terminal signature,Q
1647,Q,Q,61,62,false,terminal signature,Q
1648,Q,Q,71,72,false,terminal signature,Q
1649,Q,Q,101,102,false,terminal signature,Q
165,Q,Q,1318,1319,false,terminal signature,Q
1650,Q,Q,32,33,false,terminal signature,Q
1652,Q,Q,260,261,false,terminal signature,Q
1653,Q,Q,20,21,false,terminal signature,Q
1654,Q,Q,73,74,false,terminal signature,Q
1655,Q,Q,73,74,false,terminal signature,Q
1656,Q,Q,51,52,false,terminal signature,Q
1657,Q,Q,391,392,false,terminal signature,Q
1658,Q,Q,115,116,false,terminal signature,Q
1659,Q,Q,282,283,false,terminal signature,Q
166,Q,Q,1346,1347,false,terminal signature,Q
1660,Q,Q,570,571,false,terminal signature,Q
1661,Q,Q,84,85,false,terminal signature,Q
1662,Q,Q,100,101,false,terminal signature,Q
1663,Q,Q,185,186,false,terminal signature,Q
1664,Q,Q,222,223,false,terminal signature,Q
1665,Q,Q,53,54,false,terminal signature,Q
1666,Q,Q,399,400,false,terminal signature,Q
1667,Q,Q,452,453,false,terminal signature,Q
167,Q,Q,80,81,false,terminal signature,Q
1670,Q,Q,78,79,false,terminal signature,Q
1671,Q,Q,269,270,false,terminal signature,Q
1672,Q,Q,155,156,false,terminal signature,Q
1673,Q,Q,151,152,false,terminal signature,Q
1674,Q,Q,169,170,false,terminal signature,Q
1676,Q,Q,296,297,false,terminal signature,Q
1677,Q,Q,282,283,false,terminal signature,Q
1678,Q,Q,210,211,false,terminal signature,Q
168,Q,Q,62,63,false,terminal signature,Q
1680,Q,Q,26,27,false,terminal signature,Q
1681,Q,Q,96,97,false,terminal signature,Q
1682,Q,Q,387,388,false,terminal signature,Q
1683,Q,Q,89,90,false,terminal signature,Q
1684,QAnon,qanon,37,42,true,,https://www.huffingtonpost.com/entry/qanon-conspiracy-real-life_us_5b54bbafe4b0b15aba8fe484
1684,Q,Q,99,100,false,terminal signature,Q
1685,Q,Q,100,101,false,terminal signature,Q
1686,Q,Q,238,239,false,terminal signature,Q
1687,QAnon,qanon,157,162,true,,https://www.huffingtonpost.com/entry/qanon-conspiracy-real-life_us_5b54bbafe4b0b15aba8fe484
1687,QAnon,qanon,303,308,true,,https://www.rightwingwatch.org/post/massachusetts-senate-candidate-shiva-ayyadurai-spreads-qanon-conspiracy-theory/
1687,QAnon,qanon,400,405,true,,https://www.nbcnews.com/business/business-news/fringe-conspiracy-theory-qanon-there-s-plenty-merch-sale-amazon-n892561
1687,QAnon,qanon,563,568,true,,https://www.mediamatters.org/blog/2018/07/15/gop-twitter-account-helping-spread-baseless-internet-conspiracy-theory-qanon/220677
1687,QAnon,qanon,614,619,true,,https://www.thedailybeast.com/what-is-qanon-the-craziest-theory-of-the-trump-era-explained
1687,Q,Q,699,700,false,terminal signature,Q
1688,Q,Q,269,270,false,terminal signature,Q
1689,Q,Q,21,22,false,terminal signature,Q
1690,Q,Q,106,107,false,terminal signature,Q
1691,Q,Q,104,105,false,terminal signature,Q
1692,Q,Q,114,115,false,terminal signature,Q
1694,Q,Q,89,90,false,terminal signature,Q
1695,Q,Q,255,256,false,terminal signature,Q
1696,Q,Q,37,38,false,terminal signature,Q
1697,Q,Q,24,25,true,,There is only Q.
1697,Q,Q,27,28,false,terminal signature,Q
1698,Q,Q,585,586,false,terminal signature,Q
1699,Q,Q,66,67,false,terminal signature,Q+
170,Q,Q,75,76,false,terminal signature,Q
1700,Q,Q,891,892,false,terminal signature,Q
1702,Q,Q,522,523,false,terminal signature,Q
1703,Q,Q,74,75,false,terminal signature,Q
1705,Q,Q,42,43,false,terminal signature,Q
1706,Q,Q,32,33,false,terminal signature,Q
1707,Q,Q,45,46,false,terminal signature,Q
1708,Q,Q,474,475,false,terminal signature,Q
1709,Q,Q,42,43,false,terminal signature,Q
171,Q,Q,31,32,false,terminal signature,Q
1710,Q,Q,30,31,false,terminal signature,Q
1711,Q,Q,1563,1564,false,terminal signature,Q
1712,Q,Q,246,247,false,terminal signature,Q
1713,Q,Q,109,110,false,terminal signature,Q
1714,Q,Q,52,53,false,terminal signature,Q
1715,Q,Q,116,117,false,terminal signature,Q
1716,Q,Q,64,65,false,terminal signature,Q
1717,Q,Q,167,168,false,terminal signature,Q
1718,Q,Q,226,227,false,terminal signature,Q
1719,Q,Q,168,169,false,terminal signature,Q
172,Q,Q,30,31,false,terminal signature,Q
1720,Q,Q,23,24,false,terminal signature,Q
1721,Q,Q,49,50,false,terminal signature,Q
1722,Q,Q,40,41,false,terminal signature,Q
1723,Q,Q,54,55,false,terminal signature,Q
1724,Q,Q,61,62,false,terminal signature,Q
1728,Q,Q,196,197,false,terminal signature,Q
1729,Q,Q,27,28,false,terminal signature,Q
173,Q,Q,84,85,false,terminal signature,Q
1730,Q,Q,47,48,false,terminal signature,Q
1731,Q,Q,96,97,false,terminal signature,Q
1732,Q,Q,77,78,false,terminal signature,Q
1733,Q,Q,220,221,false,terminal signature,Q
1734,Q,Q,43,44,false,terminal signature,Q
1735,Q,Q,467,468,false,terminal signature,Q
1736,Q,Q,19,20,false,terminal signature,Q
1737,Q,Q,13,14,false,terminal signature,Q
1738,Q,Q,15,16,false,terminal signature,Q
1739,Q,Q,15,16,false,terminal signature,Q
174,Q,Q,77,78,false,terminal signature,Q
1740,Q,Q,15,16,false,terminal signature,Q
1741,Q,Q,120,121,false,terminal signature,Q
1742,Q,Q,198,199,false,terminal signature,Q
1743,Q,Q,92,93,false,terminal signature,Q
1745,Q,Q,1143,1144,false,terminal signature,Q
1746,Q,Q,1721,1722,false,terminal signature,Q
1748,Q,Q,156,157,false,terminal signature,Q
1749,Q,Q,329,330,false,terminal signature,Q
175,Q,Q,194,195,false,terminal signature,Q
1750,Q,Q,495,496,false,terminal signature,Q
1751,Q,Q,230,231,false,terminal signature,Q
1752,Q,Q,32,33,false,terminal signature,Q
1753,Q,Q,457,458,false,terminal signature,Q
1754,Q,Q,73,74,false,terminal signature,Q
1755,Q,Q,37,38,false,terminal signature,Q
1756,Q,Q,36,37,false,terminal signature,Q
1757,Q,Q,96,97,false,terminal signature,Q
1758,Q,Q,30,31,false,terminal signature,Q
176,Q,Q,203,204,false,terminal signature,Q
1761,Q,Q,180,181,false,terminal signature,Q
1762,Q,Q,686,687,false,terminal signature,Q
1763,Q,Q,249,250,false,terminal signature,Q
1764,Q,Q,987,988,false,terminal signature,Q
1765,Q,Q,81,82,false,terminal signature,Q
1766,QAnon,qanon,80,85,true,,https://www.thedailybeast.com/avenatti-targeted-in-person-by-qanon-the-crazy-pro-trump-conspiracy-theory
1766,Q,Q,124,125,false,terminal signature,Q
1767,QAnon,qanon,63,68,true,,https://www.theguardian.com/technology/2018/jul/30/qanon-4chan-rightwing-conspiracy-theory-explained-trump
1767,Q,Q,119,120,false,terminal signature,Q
1769,Anons,Anons,30,35,true,,"Feel proud Autists, Anons, and Patriots."
1769,Q,Q,131,132,false,terminal signature,Q
177,Q,Q,249,250,false,terminal signature,Q
1770,Q,Q,67,68,true,,Q coordinated attacks.
1770,Q,Q,260,261,false,terminal signature,Q
1771,Q,Q,198,199,false,terminal signature,Q
1772,Q,Q,153,154,false,terminal signature,Q
1773,Q,Q,40,41,false,terminal signature,Q
1774,Q,Q,290,291,false,terminal signature,Q
1775,Q,Q,163,164,false,terminal signature,Q
1776,Q,Q,117,118,false,terminal signature,Q
1777,Q,Q,27,28,true,,"To the person holding the ""Q"" cut out:"
1777,Q,Q,187,188,true,,WE ARE Q.
1777,Q,Q,190,191,false,terminal signature,Q
1778,Q,Q,50,51,false,terminal signature,Q
1779,Q,Q,131,132,false,terminal signature,Q
178,Q,Q,541,542,false,terminal signature,Q
1780,Q,Q,77,78,false,terminal signature,Q
1781,Q,Q,115,116,false,terminal signature,Q
1782,Q,Q,117,118,false,terminal signature,Q
1783,Q,Q,52,53,false,terminal signature,Q
1784,Q,Q,146,147,false,terminal signature,Q
1785,QAnon,qanon,241,246,true,,https://www.theguardian.com/technology/2018/jul/30/qanon-4chan-rightwing-conspiracy-theory-explained-trump
1785,QAnon,qanon,334,339,true,,https://www.fastcompany.com/90212200/qanon-the-alternate-reality-that-was-front-and-center-at-trumps-rally
1785,QAnon,qanon,466,471,true,,https://www.washingtonpost.com/lifestyle/style/as-the-bizarre-qanon-group-emerges-trump-rallies-go-from-nasty-to-dangerous/2018/08/01/063ed6f8-9585-11e8-a679-b09212fb69c2_story.html?utm_term=.48a0d2b5
1785,QAnon,qanon,667,672,true,,https://www.rollingstone.com/politics/politics-news/trump-qanon-705425/
1785,QAnon,QAnon,743,748,true,,https://www.dailymail.co.uk/news/article-6015627/Fans-bizarre-QAnon-cult-droves-Trump-rally-signs-t-shirts.html
1785,QAnon,qanon,837,842,true,,https://thinkprogress.org/trump-tampa-rally-qanon-conspiracy-goes-mainstream-68037c87f50b/
1785,QAnon,qanon,914,919,true,,https://www.newsweek.com/what-qanon-conspiracy-theorists-showed-support-trump-tampa-rally-1051708
1785,QAnon,qanon,1368,1373,true,,https://www.cnn.com/videos/politics/2018/08/01/qanon-8chan-conspiracy-theory-trump-supporters-ath-vpx.cnn
1785,QAnon,qanon,1491,1496,true,,https://www.mediaite.com/tv/msnbcs-hallie-jackson-covers-insane-qanon-conspiracy-theories-pizzagate-on-bath-salts/
1785,Q,Q,1711,1712,false,terminal signature,Q
1786,Q,Q,80,81,false,terminal signature,Q
1787,Q,Q,227,228,false,terminal signature,Q
1788,Q,Q,71,72,false,terminal signature,Q
1789,Q,Q,183,184,false,terminal signature,Q
179,Q,Q,655,656,false,terminal signature,Q
1790,QAnon,qanon,67,72,true,,https://www.nytimes.com/2018/08/01/us/politics/what-is-qanon.html
1790,QAnon,qanon,136,141,true,,https://www.usatoday.com/story/news/nation-now/2018/08/01/qanon-trump-florida-rally-what-q-signs-mean/878642002/
1790,QAnon,qanon,236,241,true,,https://heavy.com/news/2018/08/sarah-sanders-qanon-question-answer-video/
1790,QAnon,qanon,306,311,true,,https://www.axios.com/donald-trump-rally-qanon-conspiracy-theory-the-storm-85446651-6de5-4a6a-8943-2d14680c4702.html
1790,Q,Q,433,434,false,terminal signature,Q
1791,QAnon,Qanon,51,56,true,,Did you notice the FOX NEWS coverage of 'Qanon' last night?
1791,Q,Q,167,168,false,terminal signature,Q
1792,Q,Q,166,167,false,terminal signature,Q
1793,Q,Q,82,83,false,terminal signature,Q
1794,Q,Q,159,160,false,terminal signature,Q
1796,Q,Q,564,565,false,terminal signature,Q
1797,QAnon,qanon,215,220,true,,https://www.cnn.com/2018/08/01/us/youtube-qanon-8chan-conspiracy-theory-trnd/index.html
1797,QAnon,qanon,438,443,true,,https://www.vox.com/policy-and-politics/2018/8/1/17253444/qanon-trump-conspiracy-theory-reddit
1797,QAnon,qanon,538,543,true,,https://www.independent.co.uk/life-style/gadgets-and-tech/news/qanon-explained-origins-what-is-it-trump-russia-investigation-paedophilia-pizzagate-a8474561.html
1797,QAnon,qanon,677,682,true,,https://www.cbsnews.com/news/what-is-the-qanon-conspiracy-theory/
1797,QAnon,qanon,762,767,true,,https://www.nytimes.com/2018/08/02/podcasts/the-daily/trump-qanon-conspiracy-theory.html
1797,QAnon,qanon,826,831,true,,https://globalnews.ca/news/4366914/qanon-conspiracy-theory-trump/
1797,QAnon,qanon,912,917,true,,https://www.pbs.org/newshour/show/how-the-false-fringe-qanon-conspiracy-theory-aims-to-protect-trump
1797,QAnon,qanon,998,1003,true,,https://www.businessinsider.com/what-is-qanon-right-wing-conspiracy-theory-surfaces-at-trump-rally-2018-8
1797,QAnon,qanon,1130,1135,true,,https://www.conservativereview.com/news/chris-cuomo-floats-insane-qanon-conspiracy-theory-gets-called-out/
1797,QAnon,qanon,1201,1206,true,,https://www.thedailybeast.com/qanon-the-pro-trump-conspiracy-theory-now-believes-jfk-jr-faked-his-death-to-become-its-leader
1797,QAnon,qanon,1421,1426,true,,http://fortune.com/2018/08/01/qanon-conspiracy-trump-tampa-rally/
1797,QAnon,qanon,1606,1611,true,,https://www.dictionary.com/e/pop-culture/qanon/
1797,Q,Q,1613,1614,false,terminal signature,Q
1798,Q,Q,22,23,false,terminal signature,Q
180,Q,Q,78,79,false,terminal signature,Q
1800,Q,Q,170,171,false,terminal signature,Q
1802,Q,Q,32,33,false,terminal signature,Q
1803,Q,Q,775,776,false,terminal signature,Q
1804,Q,Q,182,183,false,terminal signature,Q
1805,Q,Q,175,176,false,terminal signature,Q
1806,QAnon,qanon,179,184,true,,https://www.washingtonpost.com/news/the-intersect/wp/2018/08/03/this-is-the-moment-how-a-wave-of-media-coverage-gave-qanon-conspiracy-theorists-their-best-week-ever/?utm_term=.cf4f4e0f506c
1806,QAnon,qanon,424,429,true,,https://www.washingtonpost.com/news/morning-mix/wp/2018/08/03/qanon-meet-a-real-life-believer-in-the-online-pro-trump-conspiracy-theory-thats-bursting-into-view/?utm_term=.1c12101c8280
1806,Q,Q,824,825,false,terminal signature,Q
1807,Q,Q,724,725,false,terminal signature,Q
1809,Q,Q,63,64,false,terminal signature,Q
181,Q,Q,135,136,false,terminal signature,Q
1810,Q,Q,52,53,false,terminal signature,Q
1811,Q,Q,32,33,false,terminal signature,Q
1812,Q,Q,104,105,false,terminal signature,Q
1813,Q,Q,117,118,false,terminal signature,Q
1814,QAnon,qanon,84,89,true,,https://www.foxnews.com/politics/2018/08/03/what-is-qanon-conspiracy-theory-group-showing-up-to-trump-rallies.html
1814,Q,Q,204,205,false,terminal signature,Q
1815,Q,Q,203,204,false,terminal signature,Q
1816,Q,Q,151,152,false,terminal signature,Q
1817,Q,Q,61,62,false,terminal signature,Q
1818,Q,Q,11,12,false,terminal signature,Q
1819,Q,Q,13,14,false,terminal signature,Q
182,Q,Q,60,61,false,terminal signature,Q
1820,Q,Q,23,24,false,terminal signature,Q
1821,Q,Q,180,181,false,terminal signature,Q
1822,Q,Q,2046,2047,false,terminal signature,Q
1823,Q,Q,210,211,false,terminal signature,Q
1824,Q,Q,743,744,false,terminal signature,Q
1825,Q,Q,290,291,false,terminal signature,Q
1826,Q,Q,3333,3334,false,terminal signature,Q
1827,Q,Q,46,47,false,terminal signature,Q
1828,Q,Q,1159,1160,false,terminal signature,Q
1829,Q,Q,345,346,false,terminal signature,Q
1830,Q,Q,39,40,false,terminal signature,Q
1831,Q,Q,290,291,false,terminal signature,Q
1832,Q,Q,240,241,false,terminal signature,Q
1833,Q,Q,300,301,false,terminal signature,Q
1834,Q,Q,54,55,false,terminal signature,Q+
1835,Q,Q,104,105,false,terminal signature,Q
1836,Q,Q,31,32,false,terminal signature,Q
1837,Q,Q,172,173,false,terminal signature,Q
1838,Q,Q,110,111,false,terminal signature,Q
1839,Q,Q,22,23,false,terminal signature,Q
184,Q,Q,207,208,false,terminal signature,Q
1840,Q,Q,43,44,false,terminal signature,Q
1841,Q,Q,714,715,false,terminal signature,Q
1842,Q,Q,331,332,false,terminal signature,Q
1843,Q,Q,169,170,false,terminal signature,Q
1844,Q,Q,199,200,false,terminal signature,Q
1845,Q,Q,75,76,false,terminal signature,Q
1846,Q,Q,127,128,false,terminal signature,Q
1847,Q,Q,424,425,false,terminal signature,Q
1848,Q,Q,12,13,false,terminal signature,Q
1849,Q,Q,499,500,false,terminal signature,Q
1850,Q,Q,1672,1673,false,terminal signature,Q
1851,Q,Q,252,253,false,terminal signature,Q
1852,Q,Q,66,67,false,terminal signature,Q
1853,Q,Q,105,106,false,terminal signature,Q
1854,Q,Q,102,103,false,terminal signature,Q
1855,Q,Q,498,499,false,terminal signature,Q
1856,Q,Q,1739,1740,false,terminal signature,Q
1857,Q,Q,27,28,false,terminal signature,Q
1858,Q,Q,106,107,false,terminal signature,Q
1859,Q,Q,176,177,false,terminal signature,Q
186,Q,Q,47,48,false,terminal signature,Q
1860,Q,Q,186,187,false,terminal signature,Q
1861,Q,Q,14,15,false,terminal signature,Q
1862,Q,Q,1267,1268,false,terminal signature,Q
1863,Q,Q,97,98,false,terminal signature,Q
1864,Q,Q,116,117,false,terminal signature,Q
1865,Q,Q,54,55,true,,NBC targets Q.
1865,Q,Q,87,88,false,terminal signature,Q
1866,Q,Q,228,229,false,terminal signature,Q
1867,Q,Q,140,141,false,terminal signature,Q
1868,Q,Q,58,59,false,terminal signature,Q
1869,Q,Q,389,390,false,terminal signature,Q
1870,Q,Q,531,532,false,terminal signature,Q
1871,Q,Q,355,356,false,terminal signature,Q
1872,Q,Q,100,101,true,,Next: Man [caught] who follows 'Q'
1872,Q,Q,213,214,false,terminal signature,Q
1873,Q,Q,43,44,true,,Armed man Hoover Dam re: link to Q?
1873,Q,Q,107,108,true,,Q
1873,Q,Q,109,110,false,terminal signature,Q
1874,Q,Q,42,43,false,terminal signature,Q
1875,Q,Q,21,22,false,terminal signature,Q
1876,Q,Q,1112,1113,false,terminal signature,Q
1877,Q,Q,238,239,false,terminal signature,Q
1878,Q,Q,175,176,false,terminal signature,Q
1879,Q,Q,355,356,false,terminal signature,Q
1880,Q,Q,637,638,false,terminal signature,Q
1881,Q,Q,618,619,false,terminal signature,Q
1882,Q,Q,72,73,false,terminal signature,Q
1883,Q,Q,107,108,false,terminal signature,Q
1884,Q,Q,369,370,false,terminal signature,Q
1885,Q,Q,118,119,false,terminal signature,Q
1887,Q,Q,788,789,true,,Why was AL-Q deemed the primary adversary vs ISIS?
1887,Q,Q,906,907,true,,Do you believe US intel did not 'know' UBL's son was a prominent figure in AL-Q?
1887,Q,Q,1277,1278,false,terminal signature,Q
1888,Q,Q,349,350,false,terminal signature,Q
1889,Q,Q,109,110,false,terminal signature,Q
189,Q,Q,1165,1166,false,terminal signature,Q
1890,Q,Q,24,25,false,terminal signature,Q
1891,Q,Q,104,105,false,terminal signature,Q
1892,Q,Q,194,195,false,terminal signature,Q
1893,Q,Q,110,111,false,terminal signature,Q
1894,Q,Q,18,19,false,terminal signature,Q
1895,Q,Q,136,137,false,terminal signature,Q
1896,Q,Q,22,23,false,terminal signature,Q
1897,Q,Q,78,79,false,terminal signature,Q
1898,Q,Q,69,70,false,terminal signature,Q
1899,Q,Q,96,97,false,terminal signature,Q
190,Q,Q,270,271,false,terminal signature,Q
1900,Q,Q,17,18,false,terminal signature,Q
1901,Q,Q,41,42,false,terminal signature,Q
1902,Q,Q,109,110,false,terminal signature,Q
1905,Q,Q,149,150,false,terminal signature,Q
1907,Q,Q,64,65,false,terminal signature,Q
1908,Q,Q,311,312,false,terminal signature,Q
1909,Q,Q,31,32,false,terminal signature,Q
1910,Q,Q,274,275,false,terminal signature,Q
1911,Q,Q,65,66,true,,Q
1911,Q,Q,285,286,false,terminal signature,Q
1912,Q,Q,384,385,false,terminal signature,Q
1913,Q,Q,503,504,false,terminal signature,Q
1915,QAnon,qanon,116,121,true,,https://www.thedailybeast.com/top-republicans-hit-up-qanon-conspiracy-nuts-for-cash
1915,QAnon,qanon,294,299,true,,https://www.salon.com/2018/08/16/qanon-why-we-have-the-cia-partly-to-thank-for-the-craziest-conspiracy-theory-yet_partner/
1915,Q,Q,1009,1010,false,terminal signature,Q
1916,Q,Q,205,206,false,terminal signature,Q
1917,Q,Q,27,28,false,terminal signature,Q
1918,Q,Q,263,264,false,terminal signature,Q
1919,Q,Q,197,198,false,terminal signature,Q
192,Q,Q,270,271,false,terminal signature,Q
1920,Q,Q,138,139,false,terminal signature,Q
1921,Q,Q,179,180,false,terminal signature,Q
1922,Q,Q,80,81,false,terminal signature,Q
1923,Q,Q,43,44,false,terminal signature,Q
1924,Q,Q,27,28,false,terminal signature,Q
1925,Q,Q,46,47,false,terminal signature,Q
1926,Q,Q,1950,1951,false,terminal signature,Q
1927,Q,Q,2557,2558,false,terminal signature,Q
1928,Q,Q,1581,1582,false,terminal signature,Q
1929,Q,Q,1582,1583,false,terminal signature,Q
193,Q,Q,24,25,false,terminal signature,Q
1931,Q,Q,106,107,false,terminal signature,Q
1932,Q,Q,100,101,false,terminal signature,Q
1933,Q,Q,99,100,false,terminal signature,Q
1934,Q,Q,238,239,false,terminal signature,Q
1935,Q,Q,1163,1164,false,terminal signature,Q
1936,Q,Q,218,219,false,terminal signature,Q
1937,Q,Q,22,23,false,terminal signature,Q
1939,Q,Q,1824,1825,false,terminal signature,Q
194,Q,Q,427,428,false,terminal signature,Q
1941,Q,Q,518,519,false,terminal signature,Q
1942,Q,Q,121,122,false,terminal signature,Q
1943,Q,Q,134,135,false,terminal signature,Q
1944,Q,Q,1403,1404,false,terminal signature,Q
1945,Q,Q,2180,2181,false,terminal signature,Q
1946,Q,Q,158,159,false,terminal signature,Q
1947,Q,Q,1284,1285,false,terminal signature,Q
1948,Q,Q,2183,2184,false,terminal signature,Q
1949,Q,Q,55,56,false,terminal signature,Q
195,Q,Q,427,428,false,terminal signature,Q
1950,Q,Q,474,475,false,terminal signature,Q
1951,Q,Q,39,40,true,,-The People (Q)
1952,Q,Q,33,34,false,terminal signature,Q
1953,Q,Q,156,157,false,terminal signature,Q
1954,Q,Q,45,46,false,terminal signature,Q
1955,Q,Q,290,291,false,terminal signature,Q
1956,Q,Q,133,134,false,terminal signature,Q
1957,Q,Q,202,203,false,terminal signature,Q
1958,Q,Q,220,221,false,terminal signature,Q
1959,Q,Q,99,100,false,terminal signature,Q
196,Q,Q,18,19,false,terminal signature,Q
1960,Q,Q,412,413,false,terminal signature,Q
1961,Q,Q,179,180,false,terminal signature,Q
1963,Q,Q,182,183,false,terminal signature,Q
1964,Q,Q,322,323,false,terminal signature,Q
1965,Q,Q,168,169,false,terminal signature,Q
1966,Q,Q,105,106,false,terminal signature,Q
1967,Q,Q,53,54,false,terminal signature,Q
1968,Q,Q,106,107,false,terminal signature,Q
1969,Q,Q,234,235,false,terminal signature,Q
197,Q,Q,175,176,false,terminal signature,Q
1971,Q,Q,167,168,false,terminal signature,Q
1972,Q,Q,273,274,false,terminal signature,Q
1973,Q,Q,89,90,false,terminal signature,Q
1974,Q,Q,928,929,false,terminal signature,Q
1975,Q,Q,130,131,false,terminal signature,Q
1976,Q,Q,380,381,false,terminal signature,Q
1977,Q,Q,93,94,false,terminal signature,Q
1978,Q,Q,454,455,false,terminal signature,Q
1979,Q,Q,121,122,false,terminal signature,Q
198,Q,Q,63,64,false,terminal signature,Q
1980,Q,Q,51,52,false,terminal signature,Q
1981,Q,Q,524,525,false,terminal signature,Q
1982,Q,Q,260,261,false,terminal signature,Q
1983,Q,Q,204,205,false,terminal signature,Q
1984,Q,Q,30,31,false,terminal signature,Q
1985,Q,Q,21,22,false,terminal signature,Q
1986,Q,Q,461,462,false,terminal signature,Q
1987,Q,Q,127,128,false,terminal signature,Q
1988,Q,Q,492,493,false,terminal signature,Q
1989,Q,Q,10,11,false,terminal signature,Q
199,Q,Q,894,895,false,terminal signature,Q
1990,Q,Q,943,944,false,terminal signature,Q
1991,Q,Q,390,391,false,terminal signature,Q
1992,Q,Q,185,186,false,terminal signature,Q
1993,Q,Q,84,85,false,terminal signature,Q
1994,Q,Q,63,64,false,terminal signature,Q
1995,Q,Q,175,176,false,terminal signature,Q
1997,QAnon,qanon,66,71,true,,https://www.washingtonpost.com/news/monkey-cage/wp/2018/08/30/the-qanon-conspiracy-movement-is-very-unpopular-our-new-poll-finds/?utm_term=.87d889fcef0f
1997,Q,Q,295,296,false,terminal signature,Q
1998,Q,Q,152,153,false,terminal signature,Q
1999,Q,Q,66,67,false,terminal signature,Q
200,Q,Q,42,43,false,terminal signature,Q
2000,QAnon,Qanon,101,106,true,,Did the Washington Post dedicate resources to conduct an actual POLL re: Qanon?
2000,Q,Q,150,151,false,terminal signature,Q
2001,Q,Q,70,71,false,terminal signature,Q
2002,Q,Q,22,23,false,terminal signature,Q
2003,Q,Q,250,251,false,terminal signature,Q
2004,Q,Q,316,317,false,terminal signature,Q
2005,Q,Q,323,324,false,terminal signature,Q
2006,Q,Q,60,61,false,terminal signature,Q
2007,Q,Q,1005,1006,false,terminal signature,Q
2008,Q,Q,290,291,false,terminal signature,Q
2009,Q,Q,26,27,false,terminal signature,Q
2010,Q,Q,36,37,false,terminal signature,Q
2011,Q,Q,36,37,false,terminal signature,Q
2012,Q,Q,71,72,false,terminal signature,Q
2013,Q,Q,51,52,false,terminal signature,Q
2014,Q,Q,31,32,false,terminal signature,Q
2015,Q,Q,77,78,false,terminal signature,Q
2016,Q,Q,59,60,false,terminal signature,Q
2017,Q,Q,55,56,false,terminal signature,Q
2018,Q,Q,38,39,false,terminal signature,Q
2019,Q,Q,24,25,false,terminal signature,Q
202,Q,Q,23,24,false,terminal signature,Q
2020,Q,Q,86,87,false,terminal signature,Q
2021,Q,Q,51,52,false,terminal signature,Q
2022,Q,Q,52,53,false,terminal signature,Q
2023,Q,Q,15,16,false,terminal signature,Q
2024,Q,Q,42,43,false,terminal signature,Q
2025,Q,Q,298,299,false,terminal signature,Q
2026,Q,Q,68,69,false,terminal signature,Q
2027,Q,Q,72,73,false,terminal signature,Q
2028,Q,Q,43,44,false,terminal signature,Q
2029,Q,Q,1850,1851,false,terminal signature,Q
203,Q,Q,11,12,false,terminal signature,Q
2030,QAnon,Qanon,23,28,true,,Qanon yesterday (poll)
2030,Q,Q,241,242,false,terminal signature,Q
2032,Q,Q,1283,1284,false,terminal signature,Q
2033,Q,Q,16,17,false,terminal signature,Q
2034,Q,Q,26,27,false,terminal signature,Q
2035,Q,Q,111,112,false,terminal signature,Q
2036,Q,Q,191,192,false,terminal signature,Q
2037,Q,Q,783,784,false,terminal signature,Q
2038,Q,Q,90,91,false,terminal signature,Q
2039,Q,Q,185,186,false,terminal signature,Q+
204,Q,Q,35,36,false,terminal signature,Q
2040,Q,Q,175,176,false,terminal signature,Q
2041,Q,Q,173,174,false,terminal signature,Q
2042,Q,Q,321,322,false,terminal signature,Q
2043,Q,Q,1079,1080,false,terminal signature,Q
2044,Q,Q,430,431,false,terminal signature,Q
2046,Q,Q,69,70,false,terminal signature,Q
2048,Q,Q,112,113,false,terminal signature,Q
2049,Q,Q,107,108,false,terminal signature,Q
205,Q,Q,74,75,false,terminal signature,Q
2050,Q,Q,297,298,false,terminal signature,Q
2051,Q,Q,118,119,false,terminal signature,Q
2052,Q,Q,51,52,false,terminal signature,Q
2053,Q,Q,230,231,false,terminal signature,Q
2055,Q,Q,51,52,false,terminal signature,Q
2056,Q,Q,380,381,false,terminal signature,Q
2057,Q,Q,19,20,false,terminal signature,Q
2058,Q,Q,155,156,false,terminal signature,Q
2059,Q,Q,210,211,false,terminal signature,Q
206,Q,Q,51,52,false,terminal signature,Q
2060,Q,Q,220,221,false,terminal signature,Q
2061,Q,Q,168,169,false,terminal signature,Q
2062,Q,Q,143,144,false,terminal signature,Q
2063,Q,Q,173,174,false,terminal signature,Q
2064,Q,Q,102,103,false,terminal signature,Q
2067,Q,Q,122,123,false,terminal signature,Q
2068,Q,Q,71,72,false,terminal signature,Q
2069,Q,Q,128,129,false,terminal signature,Q
207,Q,Q,44,45,false,terminal signature,Q
2070,Q,Q,1379,1380,false,terminal signature,Q
2072,Q,Q,2112,2113,false,terminal signature,Q
2075,Q,Q,345,346,false,terminal signature,Q
2076,Q,Q,242,243,false,terminal signature,Q
2077,Q,Q,1614,1615,false,terminal signature,Q
2078,Q,Q,172,173,false,terminal signature,Q
2079,Q,Q,128,129,false,terminal signature,Q
208,Q,Q,44,45,false,terminal signature,Q
2080,Q,Q,121,122,false,terminal signature,Q
2081,Q,Q,26,27,false,terminal signature,Q
2082,Q,Q,70,71,false,terminal signature,Q
2083,Q,Q,25,26,false,terminal signature,Q
2084,Q,Q,20,21,false,terminal signature,Q
2085,Q,Q,93,94,false,terminal signature,Q
2086,Q,Q,72,73,false,terminal signature,Q
2087,Q,Q,512,513,false,terminal signature,Q
2088,Q,Q,536,537,false,terminal signature,Q
2089,Q,Q,77,78,true,,"Why are the majority of 'Q' attacks by ""PRO_MAGA"" supporters coming from AJ [MOS backed] and/or AJ known associates?"
2089,Q,Q,410,411,false,terminal signature,Q
209,Q,Q,80,81,false,terminal signature,Q
2090,Q,Q,226,227,false,terminal signature,Q
2091,Q,Q,96,97,false,terminal signature,Q
2092,Q,Q,115,116,false,terminal signature,Q
2093,Q,Q,126,127,false,terminal signature,Q
2094,Q,Q,226,227,false,terminal signature,Q
2095,Q,Q,63,64,false,terminal signature,Q+
2096,Q,Q,628,629,false,terminal signature,Q
2097,Q,Q,548,549,false,terminal signature,Q
2098,Q,Q,57,58,false,terminal signature,Q
2100,Q,Q,63,64,true,,"Why, before each rally, are 'threats' now being called in re: 'Q' attendees [effort to prevent…]?"
2100,Q,Q,166,167,true,,Why are bots and/or paid shills tasked to down vote and/or 'shill' 'Q' discussion boards?
2100,Q,Q,462,463,false,terminal signature,Q
2101,Q,Q,87,88,true,,Think 'collective' attacks v. 'Q'
2101,Q,Q,90,91,false,terminal signature,Q
2102,Q,Q,437,438,true,,Why are affiliates of InfoWars constantly attacking 'Q'?
2102,Q,Q,512,513,false,terminal signature,Q
2103,Q,Q,79,80,false,terminal signature,Q
2104,Q,Q,508,509,false,terminal signature,Q
2105,Q,Q,26,27,false,terminal signature,Q
2106,Q,Q,156,157,false,terminal signature,Q
2107,Q,Q,932,933,false,terminal signature,Q
2108,Q,Q,193,194,false,terminal signature,Q
2109,Q,Q,25,26,false,terminal signature,Q
211,Q,Q,13,14,false,terminal signature,Q
2110,Q,Q,499,500,false,terminal signature,Q
2112,Anons,Anon,47,51,true,,"NYT ""Anon"" source?"
2112,Q,Q,77,78,false,terminal signature,Q
2113,Q,Q,134,135,false,terminal signature,Q
2114,Q,Q,131,132,false,terminal signature,Q
2115,Anons,Anon,79,83,true,,Think NYT 'Anon' article (Ex)
2115,Q,Q,121,122,false,terminal signature,Q
2116,Q,Q,315,316,false,terminal signature,Q
2117,Q,Q,235,236,false,terminal signature,Q
2118,Q,Q,102,103,false,terminal signature,Q
2119,Q,Q,1296,1297,false,terminal signature,Q+
212,Q,Q,44,45,false,terminal signature,Q
2122,Q,Q,152,153,false,terminal signature,Q
2123,Anons,ANONS,543,548,true,,Attempts to deceive AUTISTS/ANONS will FAIL.
2123,Q,Q,815,816,false,terminal signature,Q
2126,Q,Q,213,214,false,terminal signature,Q
2128,Q,Q,416,417,false,terminal signature,Q
2129,Q,Q,837,838,false,terminal signature,Q
213,Q,Q,37,38,false,terminal signature,Q
2130,Q,Q,59,60,false,terminal signature,Q
2131,Q,Q,76,77,false,terminal signature,Q
2132,Q,Q,94,95,false,terminal signature,Q
2135,Q,Q,414,415,false,terminal signature,Q
2136,Q,Q,1330,1331,false,terminal signature,Q
2138,Q,Q,25,26,false,terminal signature,Q
2139,Q,Q,69,70,false,terminal signature,Q
214,Q,Q,90,91,false,terminal signature,Q
2140,Anons,ANONS,10,15,true,,ANONS CATCH IT ALL!
2140,Q,Q,164,165,false,terminal signature,Q
2141,Q,Q,39,40,false,terminal signature,Q
2142,Q,Q,68,69,false,terminal signature,Q
2144,Q,Q,41,42,false,terminal signature,Q
2145,Q,Q,130,131,false,terminal signature,Q
2146,Q,Q,120,121,false,terminal signature,Q
2147,Q,Q,75,76,false,terminal signature,Q
2148,Q,Q,55,56,false,terminal signature,Q
215,Q,Q,20,21,false,terminal signature,Q
2150,Q,Q,259,260,false,terminal signature,Q
2151,Q,Q,124,125,false,terminal signature,Q
2152,Q,Q,103,104,false,terminal signature,Q
2153,Q,Q,42,43,false,terminal signature,Q
2154,Q,Q,49,50,false,terminal signature,Q
2155,Q,Q,73,74,false,terminal signature,Q
2156,Q,Q,71,72,false,terminal signature,Q
2157,Q,Q,51,52,false,terminal signature,Q
2158,Q,Q,57,58,false,terminal signature,Q
2159,Q,Q,110,111,false,terminal signature,Q
216,Q,Q,24,25,false,terminal signature,Q
2160,Q,Q,79,80,false,terminal signature,Q
2161,Q,Q,52,53,false,terminal signature,Q
2162,Q,Q,175,176,false,terminal signature,Q
2163,Q,Q,17,18,false,terminal signature,Q
2164,Q,Q,61,62,false,terminal signature,Q
2165,Q,Q,1050,1051,false,terminal signature,Q
2166,QAnon,qanon,51,56,true,,https://www.theverge.com/2018/9/12/17847186/reddit-qanon-milliondollarextreme-ban-sam-hyde
2166,QAnon,qanon,129,134,true,,https://www.cnet.com/news/reddit-bans-qanon-subreddit-that-featured-pro-trump-conspiracy-theories/
2166,QAnon,QANON,386,391,true,,AJ [TEMPLATE] WAS DESIGNED TO ATTACK/CENSOR 'QANON' [primary obj].
2166,Q,Q,408,409,false,terminal signature,Q
2167,Q,Q,106,107,false,terminal signature,Q
2168,Q,Q,283,284,false,terminal signature,Q
2169,Q,Q,58,59,false,terminal signature,Q
217,Q,Q,32,33,false,terminal signature,Q
2171,QAnon,qanon,2511,2516,true,,https://www.theverge.com/2018/9/12/17847186/reddit-qanon-milliondollarextreme-ban-sam-hyde
2171,QAnon,qanon,2593,2598,true,,https://nypost.com/2018/09/12/reddit-bans-qanon-conspiracy-theory-forums/
2171,QAnon,Qanon,2681,2686,true,,https://www.nbcwashington.com/news/business/Reddit-Bans-Qanon-Great-Awakening-Subreddits-493096041.html
2171,QAnon,qanon,2780,2785,true,,https://www.nbcnews.com/tech/tech-news/reddit-bans-qanon-subreddits-after-months-violent-threats-n909061
2171,QAnon,qanon,2950,2955,true,,https://www.washingtonpost.com/news/the-intersect/wp/2018/09/12/reddit-bans-r-greatawakening-the-main-subreddit-for-qanon-conspiracy-theorists/?utm_term=.76fbe6bdbb4b
2171,QAnon,qanon,3038,3043,true,,https://qz.com/1384432/reddit-banned-qanon/
2171,QAnon,qanon,3096,3101,true,,https://slate.com/technology/2018/09/reddit-banned-qanon-conspiracy-theory-message-boards.html
2171,QAnon,qanon,3165,3170,true,,https://www.newsweek.com/qanon-great-awakening-subreddit-conspiracy-theory-q-anon-latest-storm-1119060
2171,QAnon,q-anon,3215,3221,true,,https://www.newsweek.com/qanon-great-awakening-subreddit-conspiracy-theory-q-anon-latest-storm-1119060
2171,QAnon,qanon,3299,3304,true,,http://thehill.com/policy/technology/406344-reddit-bans-qanon-subreddit
2171,QAnon,qanon,3363,3368,true,,https://www.engadget.com/2018/09/12/reddit-bans-qanon-communities/
2171,QAnon,qanon,3426,3431,true,,https://www.dailydot.com/layer8/reddit-bans-qanon-forum-great-awakening/
2171,QAnon,qanon,3576,3581,true,,https://motherboard.vice.com/en_us/article/7xj989/reddit-bans-the-greatawakening-subreddit-responsible-for-mainstreaming-qanon-conspiracy-theories
2171,QAnon,qanon,3655,3660,true,,http://nymag.com/selectall/2018/09/reddit-bans-major-qanon-message-board-r-greatawakening.html
2171,Q,Q,3830,3831,false,terminal signature,Q
2172,Q,Q,63,64,false,terminal signature,Q
2173,Q,Q,213,214,false,terminal signature,Q
2174,Q,Q,206,207,false,terminal signature,Q
2175,Q,Q,100,101,false,terminal signature,Q
2176,Q,Q,93,94,false,terminal signature,Q
2177,Q,Q,580,581,false,terminal signature,Q
2178,Q,Q,80,81,false,terminal signature,Q
2179,Q,Q,67,68,false,terminal signature,Q
2180,Q,Q,1293,1294,false,terminal signature,Q
2181,Q,Q,203,204,false,terminal signature,Q
2182,Q,Q,94,95,false,terminal signature,Q
2183,Q,Q,20,21,false,terminal signature,Q
2184,Q,Q,249,250,false,terminal signature,Q
2185,Q,Q,63,64,false,terminal signature,Q
2186,Q,Q,107,108,false,terminal signature,Q
2187,Q,Q,187,188,false,terminal signature,Q
2188,Q,Q,122,123,false,terminal signature,Q
2189,Q,Q,69,70,false,terminal signature,Q
219,Q,Q,108,109,false,terminal signature,Q
2190,Anons,Anons,10,15,true,,Anons picked up on the 'carpet' bombs.
2190,Q,Q,93,94,false,terminal signature,Q
2191,Q,Q,113,114,false,terminal signature,Q
2192,Q,Q,50,51,false,terminal signature,Q
2193,Q,Q,67,68,false,terminal signature,Q
2195,Q,Q,103,104,false,terminal signature,Q
2196,Q,Q,67,68,false,terminal signature,Q
2197,Q,Q,20,21,false,terminal signature,Q
2198,Anons,Anons,6,11,true,,Anons knew.
2198,Q,Q,18,19,false,terminal signature,Q
2199,Q,Q,145,146,false,terminal signature,Q
220,Q,Q,83,84,false,terminal signature,Q
2200,Q,Q,162,163,false,terminal signature,Q
2201,Q,Q,52,53,false,terminal signature,Q
2202,Q,Q,238,239,false,terminal signature,Q
2203,Q,Q,27,28,false,terminal signature,Q
2204,Q,Q,49,50,false,terminal signature,Q
2205,Q,Q,176,177,false,terminal signature,Q
2206,QAnon,qanon,127,132,true,,https://www.wired.com/story/qanon-conspiracy-facebook-meme-ai/
2206,Q,Q,185,186,true,,THINK ABOUT REAL-TIME 'Q' TRACKING.
2206,Q,Q,382,383,true,,SEPT 18 [WIRED] RESPONDS [1] ARTICLE re: MEMES & Q
2206,Q,Q,581,582,false,terminal signature,Q
2207,Q,Q,844,845,false,terminal signature,Q
2208,Q,Q,244,245,false,terminal signature,Q
2209,Q,Q,78,79,false,terminal signature,Q
221,Q,Q,141,142,false,terminal signature,Q
2210,Q,Q,164,165,false,terminal signature,Q
2211,Q,Q,4542,4543,false,terminal signature,Q
2212,Q,Q,86,87,false,terminal signature,Q
2213,Q,Q,132,133,false,terminal signature,Q
2214,Q,Q,13,14,false,terminal signature,Q
2215,Q,Q,48,49,false,terminal signature,Q
2216,Q,Q,0,1,false,Q&A — Q means Question,Q&A
2216,Q,Q,4,5,false,terminal signature,Q
2217,Q,Q,80,81,false,terminal signature,Q
2218,Q,Q,68,69,false,terminal signature,Q
2219,Q,Q,191,192,false,terminal signature,Q
2220,Q,Q,53,54,false,terminal signature,Q
2221,Q,Q,15,16,false,terminal signature,Q
2222,Q,Q,70,71,false,terminal signature,Q
2223,Q,Q,83,84,false,terminal signature,Q
2224,Q,Q,91,92,false,terminal signature,Q
2225,Q,Q,91,92,false,terminal signature,Q
2226,Q,Q,23,24,false,terminal signature,Q
2227,Q,Q,58,59,false,terminal signature,Q
2228,Q,Q,121,122,false,terminal signature,Q
2229,Anons,Anon,22,26,true,,"Impressive, Anon."
2229,Q,Q,28,29,false,terminal signature,Q
223,Q,Q,59,60,false,terminal signature,Q
2230,Q,Q,94,95,false,terminal signature,Q
2231,Anons,Anon,19,23,true,,"Correct, Anon."
2231,Q,Q,78,79,false,terminal signature,Q
2232,Q,Q,135,136,false,terminal signature,Q
2233,Anons,Anon,21,25,true,,"Thank you, Anon."
2233,Q,Q,27,28,false,terminal signature,Q
2234,Q,Q,113,114,true,,You are many tens of millions strong (Q).
2234,Q,Q,197,198,false,terminal signature,Q
2235,Q,Q,116,117,false,terminal signature,Q
2236,Q,Q,126,127,false,terminal signature,Q
2237,Q,Q,29,30,false,terminal signature,Q
2238,Q,Q,92,93,false,terminal signature,Q
2239,Q,Q,71,72,false,terminal signature,Q
224,Q,Q,147,148,false,terminal signature,Q
2240,Q,Q,69,70,false,terminal signature,Q
2241,Q,Q,83,84,false,terminal signature,Q
2242,Q,Q,122,123,false,terminal signature,Q
2243,Q,Q,42,43,false,terminal signature,Q
2244,Q,Q,68,69,false,terminal signature,Q
2246,Anons,Anon,22,26,true,,"Nice catch, Anon."
2246,Q,Q,28,29,false,terminal signature,Q
2248,Anons,ANONS,322,327,true,,ANONS KNEW.
2248,Q,Q,381,382,false,terminal signature,Q
2249,Q,Q,118,119,false,terminal signature,Q
225,Q,Q,286,287,false,terminal signature,Q
2250,Q,Q,447,448,false,terminal signature,Q
2251,Anons,ANONS,46,51,true,,ANONS ARE MONTHS AHEAD OF THE NEWS.
2251,Q,Q,82,83,false,terminal signature,Q
2252,Q,Q,176,177,false,terminal signature,Q
2253,Q,Q,186,187,false,terminal signature,Q
2254,Q,Q,111,112,false,terminal signature,Q
2255,Q,Q,92,93,false,terminal signature,Q
2256,QAnon,Qanon,156,161,true,,Reminder: Prior to each Rally 'threats' are called into local & federal authorities re: 'Qanon'
2256,Q,Q,170,171,false,terminal signature,Q
2257,Q,Q,217,218,false,terminal signature,Q
2258,Q,Q,677,678,false,terminal signature,Q
2259,Q,Q,53,54,false,terminal signature,Q
226,Q,Q,47,48,false,terminal signature,Q
2260,Q,Q,55,56,false,terminal signature,Q
2261,Q,Q,307,308,false,terminal signature,Q
2262,Q,Q,37,38,false,terminal signature,Q
2263,Q,Q,150,151,true,,ENJOY THE RALLY @ THE 'Q' TONIGHT!
2263,Q,Q,162,163,false,terminal signature,Q
2264,Q,Q,112,113,false,terminal signature,Q
2265,Q,Q,85,86,false,terminal signature,Q
2267,Q,Q,176,177,false,terminal signature,Q
2268,Q,Q,53,54,false,terminal signature,Q
2269,Q,Q,79,80,false,terminal signature,Q
2270,Q,Q,125,126,false,terminal signature,Q
2271,Q,Q,32,33,false,terminal signature,Q
2272,Q,Q,131,132,false,terminal signature,Q
2273,Q,Q,635,636,false,terminal signature,Q
2274,Q,Q,16,17,false,terminal signature,Q
2275,Q,Q,174,175,false,terminal signature,Q
2277,Q,Q,11,12,false,terminal signature,Q
2278,Q,Q,25,26,false,terminal signature,Q
2279,Q,Q,27,28,false,terminal signature,Q
228,Q,Q,120,121,false,terminal signature,Q
2280,Q,Q,55,56,false,terminal signature,Q
2281,Q,Q,47,48,false,terminal signature,Q
2283,Q,Q,78,79,false,terminal signature,Q
2284,Q,Q,129,130,false,terminal signature,Q
2285,Q,Q,203,204,false,terminal signature,Q
2286,Q,Q,86,87,false,terminal signature,Q
2287,Q,Q,89,90,false,terminal signature,Q
2288,Q,Q,72,73,false,terminal signature,Q
2289,Q,Q,30,31,false,terminal signature,Q
229,Q,Q,1530,1531,false,terminal signature,Q
2290,Anons,Anons,28,33,true,,Nothing gets past Anons!
2290,Q,Q,35,36,false,terminal signature,Q
2291,Q,Q,70,71,false,terminal signature,Q
2292,Q,Q,32,33,false,terminal signature,Q
2293,Q,Q,21,22,false,terminal signature,Q
2294,Q,Q,370,371,false,terminal signature,Q
2295,Q,Q,168,169,false,terminal signature,Q
2296,Q,Q,374,375,false,terminal signature,Q
2297,Q,Q,206,207,false,terminal signature,Q
2298,Q,Q,481,482,false,terminal signature,Q
2299,Q,Q,50,51,false,terminal signature,Q
230,Q,Q,64,65,false,terminal signature,Q
2300,Q,Q,981,982,false,terminal signature,Q
2301,Q,Q,35,36,false,terminal signature,Q+
2302,Q,Q,232,233,false,terminal signature,Q
2303,Q,Q,298,299,false,terminal signature,Q
2304,Q,Q,56,57,false,terminal signature,Q
2305,Q,Q,288,289,false,terminal signature,Q
2306,Q,Q,527,528,false,terminal signature,Q
2307,Q,Q,112,113,false,terminal signature,Q
2308,Q,Q,44,45,false,terminal signature,Q+
2309,Q,Q,133,134,false,terminal signature,Q
231,Q,Q,146,147,false,terminal signature,Q
2312,Q,Q,34,35,false,terminal signature,Q
2313,Q,Q,68,69,false,terminal signature,Q
2314,Q,Q,133,134,false,terminal signature,Q
2315,Q,Q,34,35,false,terminal signature,Q
2316,Q,Q,143,144,false,terminal signature,Q
2318,Q,Q,6,7,false,terminal signature,Q
2319,Q,Q,1118,1119,false,terminal signature,Q
232,Q,Q,38,39,false,terminal signature,Q
2320,Q,Q,77,78,false,terminal signature,Q
2321,Q,Q,254,255,false,terminal signature,Q
2322,Q,Q,136,137,false,terminal signature,Q
2323,Q,Q,121,122,false,terminal signature,Q
2324,Q,Q,504,505,false,terminal signature,Q
2325,Q,Q,201,202,false,terminal signature,Q
2326,Q,Q,307,308,false,terminal signature,Q
2327,Q,Q,459,460,false,terminal signature,Q
2328,Q,Q,106,107,false,terminal signature,Q
2329,Anons,ANONS,70,75,true,,"ANONS are selfless, nameless, faceless, fameless, and FEARLESS."
2329,Q,Q,151,152,false,terminal signature,Q
233,Q,Q,101,102,false,terminal signature,Q
2330,Q,Q,127,128,false,terminal signature,Q
2331,Q,Q,356,357,false,terminal signature,Q
2332,Q,Q,726,727,false,terminal signature,Q
2333,Q,Q,153,154,false,terminal signature,Q
2334,Q,Q,40,41,false,terminal signature,Q
2335,Q,Q,1218,1219,false,terminal signature,Q
2337,Q,Q,97,98,false,terminal signature,Q
2339,Q,Q,131,132,false,terminal signature,Q
234,Q,Q,274,275,false,terminal signature,Q
2340,Q,Q,199,200,false,terminal signature,Q
2341,Q,Q,110,111,false,terminal signature,Q
2342,Anons,Anons,0,5,true,,Anons ready?
2342,Q,Q,13,14,false,terminal signature,Q
2343,Q,Q,23,24,false,terminal signature,Q
2344,Q,Q,104,105,false,terminal signature,Q
2345,Q,Q,155,156,false,terminal signature,Q
2346,Q,Q,23,24,false,terminal signature,Q
2347,Q,Q,20,21,false,URL or path,https://twitter.com/Q_ANONBaby/status/1048079911813107713
2347,Q,Q,150,151,true,,The signifier will 'force' the Q.
2347,Q,Q,157,158,true,,The Q will be answered (((WWG1WGA))).
2347,Q,Q,191,192,false,terminal signature,Q
2348,Q,Q,85,86,false,terminal signature,Q
2349,Q,Q,143,144,false,terminal signature,Q
235,Q,Q,62,63,false,terminal signature,Q
2350,Q,Q,336,337,false,terminal signature,Q
2351,Q,Q,201,202,false,terminal signature,Q
2352,Q,Q,909,910,false,terminal signature,Q
2353,Q,Q,148,149,false,terminal signature,Q
2354,Q,Q,140,141,false,terminal signature,Q
2355,Q,Q,154,155,false,terminal signature,Q
2356,Q,Q,138,139,false,terminal signature,Q+
2357,Q,Q,145,146,false,terminal signature,Q
2358,Q,Q,170,171,false,terminal signature,Q
2359,Q,Q,118,119,false,terminal signature,Q
236,Q,Q,969,970,false,terminal signature,Q
2360,Q,Q,200,201,false,terminal signature,Q
2361,Q,Q,177,178,false,terminal signature,Q
2362,Q,Q,676,677,false,terminal signature,Q
2363,Q,Q,44,45,false,terminal signature,Q
2364,Q,Q,184,185,false,terminal signature,Q
2365,Q,Q,1572,1573,false,terminal signature,Q
2366,Q,Q,55,56,false,terminal signature,Q
2367,Anons,Anons,22,27,true,,"But, of course, Anons already knew POTUS would not be baited to FIRE."
2367,Q,Q,92,93,false,terminal signature,Q
2368,Anons,Anons,136,141,true,,"But, of course, Anons already knew D's playbook re: KAV."
2368,Q,Q,250,251,false,terminal signature,Q
2369,Q,Q,649,650,false,terminal signature,Q
237,Q,Q,288,289,false,terminal signature,Q
2370,Anons,Anons,73,78,true,,"But, of course, Anons already knew this."
2370,Q,Q,118,119,false,terminal signature,Q
2371,Q,Q,86,87,false,terminal signature,Q
2372,Q,Q,117,118,false,terminal signature,Q
2373,Q,Q,416,417,false,terminal signature,Q
2375,Q,Q,118,119,false,terminal signature,Q
2376,Q,Q,14,15,false,terminal signature,Q
2377,Q,Q,358,359,false,terminal signature,Q
2378,Q,Q,980,981,false,terminal signature,Q
2379,Q,Q,249,250,false,terminal signature,Q
238,Q,Q,30,31,false,terminal signature,Q
2380,Q,Q,76,77,false,terminal signature,Q
2381,Q,Q,4021,4022,false,terminal signature,Q
2382,Q,Q,235,236,false,terminal signature,Q
2383,Q,Q,187,188,true,,"Think MSM attacks re: Q (We, the People)."
2383,Q,Q,207,208,false,terminal signature,Q
2384,Q,Q,177,178,false,terminal signature,Q
2385,Q,Q,79,80,false,terminal signature,Q
2386,Q,Q,266,267,true,,Why did the FAKE NEWS media attempt to cast blame of recent events on the 'Q' movement?
2386,QAnon,qanon,356,361,true,,https://www.newsweek.com/qanon-republican-congressional-candidate-promotes-conspiracy-theory-1195615
2386,QAnon,qanon,464,469,true,,https://www.dailydot.com/layer8/qanon-anniversary-movement/
2386,QAnon,qanon,633,638,true,,https://www.mediamatters.org/blog/2018/10/30/nevada-gop-backed-congressional-candidate-promotes-qanon-video/221930
2386,QAnon,qanon,3847,3852,true,,https://www.rollingstone.com/politics/politics-features/taibbi-conspiracy-qanon-trump-750486/
2386,Q,Q,4824,4825,false,terminal signature,Q
2387,Q,Q,270,271,true,,Directed @ 'Q'
2387,Q,Q,290,291,false,terminal signature,Q
2388,Q,Q,128,129,true,,Why did select senior members of the D party [6] send a letter to Don McGahn in early Oct. outlining 'Hatch Act' violations re: Q?
2388,Q,Q,162,163,false,terminal signature,Q
2389,Q,Q,65,66,false,terminal signature,Q
239,Q,Q,67,68,false,terminal signature,Q
2390,Q,Q,87,88,false,terminal signature,Q
2391,Q,Q,29,30,false,terminal signature,Q
2392,Q,Q,353,354,false,terminal signature,Q
2393,Q,Q,150,151,false,terminal signature,Q
2394,Q,Q,81,82,false,terminal signature,Q
2395,Q,Q,236,237,false,terminal signature,Q
2396,Q,Q,60,61,false,terminal signature,Q
2397,Q,Q,1859,1860,false,terminal signature,Q
2398,Q,Q,788,789,false,terminal signature,Q
2399,Q,Q,483,484,false,terminal signature,Q
240,Q,Q,140,141,false,terminal signature,Q
2400,Q,Q,80,81,false,terminal signature,Q
2401,Q,Q,363,364,true,,How many articles has the WASH POST released attacking the 'Q' movement?
2401,Q,Q,837,838,true,,(((Q+)))
2401,Q,Q,843,844,false,terminal signature,Q
2402,Q,Q,84,85,false,terminal signature,Q
2403,Q,Q,2584,2585,false,terminal signature,Q
2404,Q,Q,82,83,false,terminal signature,Q
2405,Q,Q,104,105,false,terminal signature,Q
2406,Q,Q,106,107,false,terminal signature,Q
2407,Q,Q,89,90,false,terminal signature,Q
2408,Q,Q,89,90,false,terminal signature,Q
2409,Q,Q,107,108,false,terminal signature,Q
241,Q,Q,217,218,false,terminal signature,Q
2410,Q,Q,88,89,false,terminal signature,Q
2411,Q,Q,87,88,false,terminal signature,Q
2412,Q,Q,101,102,false,terminal signature,Q
2413,Q,Q,101,102,false,terminal signature,Q
2414,Q,Q,885,886,false,terminal signature,Q
2415,Q,Q,243,244,false,terminal signature,Q
2416,Q,Q,945,946,false,terminal signature,Q
2418,Q,Q,247,248,false,terminal signature,Q
2419,Anons,Anons,96,101,true,,For Anons…
2419,Q,Q,103,104,false,terminal signature,Q
242,Q,Q,37,38,false,terminal signature,Q
2420,Anons,Anons,191,196,true,,"Yes, Mr. President, Anons are actively tracking. Message received."
2420,Q,Q,259,260,false,terminal signature,Q
2421,Q,Q,120,121,false,terminal signature,Q
2422,Q,Q,72,73,true,,Do you 'AIR Q'?
2422,Q,Q,76,77,false,terminal signature,Q
2423,Q,Q,47,48,false,terminal signature,Q
2424,Q,Q,91,92,false,terminal signature,Q
2425,Q,Q,104,105,false,terminal signature,Q
2426,Q,Q,86,87,false,terminal signature,Q
2427,Q,Q,77,78,false,terminal signature,Q
2428,Q,Q,97,98,true,,Attack on 'Q' movement?
2428,Q,Q,129,130,false,terminal signature,Q
2429,Q,Q,112,113,false,terminal signature,Q
243,Q,Q,356,357,false,terminal signature,Q
2430,Q,Q,96,97,false,terminal signature,Q
2431,Q,Q,1955,1956,false,terminal signature,Q
2432,Q,Q,42,43,false,terminal signature,Q
2433,Q,Q,129,130,false,terminal signature,Q
2434,Q,Q,47,48,false,terminal signature,Q
2435,Q,Q,66,67,false,terminal signature,Q
2436,Q,Q,1635,1636,false,terminal signature,Q
2437,Q,Q,452,453,false,terminal signature,Q
2438,Q,Q,58,59,false,terminal signature,Q
2439,Q,Q,80,81,false,terminal signature,Q
244,Q,Q,165,166,false,terminal signature,Q
2440,Q,Q,889,890,false,terminal signature,Q
2441,Q,Q,75,76,false,terminal signature,Q
2442,Q,Q,98,99,false,terminal signature,Q
2443,Q,Q,116,117,false,terminal signature,Q
2444,Q,Q,597,598,false,terminal signature,Q
2445,Q,Q,567,568,false,terminal signature,Q
2446,Q,Q,182,183,false,terminal signature,Q
2447,Q,Q,20,21,false,terminal signature,Q
2448,Q,Q,1234,1235,false,terminal signature,Q
2449,Anons,Anons,27,32,true,,"We are with you, Anons."
2449,Q,Q,34,35,false,terminal signature,Q
245,Q,Q,166,167,false,terminal signature,Q
2450,Q,Q,185,186,false,terminal signature,Q
2451,Q,Q,163,164,false,terminal signature,Q+
2452,Q,Q,104,105,false,terminal signature,Q+
2453,Anons,Anons,180,185,false,source material — sustained prose block — pasted or quoted passage,"While we cannot telegraph everything, for reasons all can understand, we do try in our own way to inform loyal Anons & Patriots."
2453,Q,Q,460,461,false,terminal signature,Q
2454,Q,Q,53,54,false,terminal signature,Q
2455,Q,Q,49,50,false,terminal signature,Q
2457,Q,Q,74,75,false,terminal signature,Q
2458,Q,Q,75,76,false,terminal signature,Q
2459,Q,Q,303,304,false,terminal signature,Q
246,Q,Q,39,40,false,terminal signature,Q
2460,Q,Q,363,364,false,terminal signature,Q
2461,QAnon,qanon,30,35,true,,https://www.thedailybeast.com/qanon-referenced-by-man-arrested-for-threatening-to-kill-trump
2461,Q,Q,394,395,false,terminal signature,Q
2462,Q,Q,1865,1866,false,terminal signature,Q
2463,Q,Q,153,154,false,terminal signature,Q
2464,QAnon,QAnon,34,39,true,,http://www.bing.com/news/search?q=QAnon&qft=interval%3d%228%22&form=PTFTNR
2464,Q,Q,75,76,false,terminal signature,Q
2465,Q,Q,89,90,false,terminal signature,Q
2467,Q,Q,925,926,false,terminal signature,Q
2468,Q,Q,795,796,false,terminal signature,Q
2469,Q,Q,144,145,false,terminal signature,Q
247,Q,Q,853,854,false,terminal signature,Q
2470,Q,Q,61,62,false,terminal signature,Q
2471,Q,Q,116,117,false,terminal signature,Q
2472,Q,Q,162,163,false,terminal signature,Q
2473,Q,Q,167,168,false,terminal signature,Q
2474,Q,Q,62,63,false,terminal signature,Q
2475,Q,Q,14,15,false,terminal signature,Q
2476,Q,Q,297,298,false,terminal signature,Q
2477,Q,Q,80,81,false,terminal signature,Q
2478,Q,Q,121,122,false,terminal signature,Q
2479,Q,Q,1122,1123,false,terminal signature,Q
2480,Q,Q,114,115,false,terminal signature,Q
2488,Q,Q,119,120,false,terminal signature,Q
249,Q,Q,133,134,false,terminal signature,Q
2490,Q,Q,174,175,false,terminal signature,Q
2491,Q,Q,103,104,true,,Q
2491,QAnon,Qanon,131,136,true,,"As of 3:02 pm est today, ""Qanon"" is now the #2 most attacked entity behind POTUS within the U.S."
2491,Anons,Anons,360,365,true,,"Congratulations, Anons!"
2491,Q,Q,475,476,false,terminal signature,Q
2492,Q,Q,185,186,false,terminal signature,Q
2493,Q,Q,6,7,false,terminal signature,Q
2494,Q,Q,578,579,false,terminal signature,Q
2495,Q,Q,274,275,false,terminal signature,Q
2496,Q,Q,184,185,false,terminal signature,Q
2497,Q,Q,93,94,false,terminal signature,Q
2498,Q,Q,263,264,false,terminal signature,Q
2499,Q,Q,210,211,true,,Think timing of Tweet (above) v last drops [HouseOfCards] re: Maggie NYT re: WL 'Maggie' drops re: WL attack re: 'Q'
2499,Q,Q,340,341,false,terminal signature,Q
250,Q,Q,96,97,false,terminal signature,Q
2500,Q,Q,39,40,true,,CORSI > [attempt infiltrate] Q
2500,Q,Q,458,459,false,terminal signature,Q
2501,Q,Q,1299,1300,false,terminal signature,Q
2502,Q,Q,372,373,false,terminal signature,Q
2503,Q,Q,28,29,false,terminal signature,Q
2504,Q,Q,191,192,false,terminal signature,Q
2505,Q,Q,98,99,false,terminal signature,Q
2506,Q,Q,90,91,false,terminal signature,Q
2507,Q,Q,123,124,false,terminal signature,Q
2509,Q,Q,10,11,true,,Q post timestamp re: DECLAS prior to/post testimony?
2509,Q,Q,127,128,false,terminal signature,Q
251,Q,Q,161,162,false,terminal signature,Q
2510,Q,Q,16,17,true,,Q post timestamp re: DECLAS prior to/post testimony?
2510,Q,Q,136,137,false,terminal signature,Q
2511,Q,Q,17,18,false,terminal signature,Q
2512,Q,Q,73,74,false,terminal signature,Q
2513,Q,Q,181,182,false,terminal signature,Q
2514,Q,Q,74,75,false,terminal signature,Q
2515,Q,Q,42,43,false,terminal signature,Q
2516,Anons,Anons,0,5,true,,"Anons geo_located [last pic]: Chongqing, China."
2516,Q,Q,90,91,false,terminal signature,Q
2519,Q,Q,74,75,true,,Why is the WASH POST leading the attack re: Q?
2519,Q,Q,117,118,true,,How many articles have been written re: Q?
2519,Q,Q,185,186,false,terminal signature,Q
252,Q,Q,186,187,false,terminal signature,Q
2520,Q,Q,117,118,false,terminal signature,Q
2521,QAnon,QAnon,44,49,true,,http://www.bing.com/news/search?q=QAnon&qpvt=qanon&FORM=EWRE
2521,QAnon,qanon,55,60,true,,http://www.bing.com/news/search?q=QAnon&qpvt=qanon&FORM=EWRE
2521,Q,Q,71,72,false,terminal signature,Q
2522,Q,Q,242,243,false,terminal signature,Q
2523,Q,Q,673,674,false,terminal signature,Q
2524,Q,Q,181,182,false,terminal signature,Q
2525,Q,Q,370,371,false,terminal signature,Q
2526,Q,Q,147,148,false,terminal signature,Q
2527,Q,Q,288,289,false,terminal signature,Q
2528,Q,Q,301,302,false,terminal signature,Q
2529,Q,Q,176,177,false,terminal signature,Q
2530,Q,Q,95,96,false,terminal signature,Q
2531,Anons,Anon,28,32,true,,"You are learning, Anon."
2531,Q,Q,131,132,false,terminal signature,Q
2532,Q,Q,66,67,false,terminal signature,Q
2533,Q,Q,118,119,false,terminal signature,Q
2534,Q,Q,211,212,false,terminal signature,Q
2535,Q,Q,115,116,false,terminal signature,Q
2536,Q,Q,99,100,false,terminal signature,Q
2537,Q,Q,103,104,false,terminal signature,Q
2538,Q,Q,348,349,false,terminal signature,Q
2539,Q,Q,320,321,false,terminal signature,Q
254,Q,Q,157,158,false,terminal signature,Q
2540,Q,Q,134,135,false,terminal signature,Q
2541,Q,Q,21,22,false,terminal signature,Q
2543,Q,Q,322,323,false,terminal signature,Q
2544,Q,Q,61,62,false,terminal signature,Q
2545,Q,Q,174,175,false,terminal signature,Q
2546,Q,Q,162,163,true,,"When did ""Q"" go active?"
2546,Q,Q,222,223,false,terminal signature,Q
2547,Q,Q,49,50,false,terminal signature,Q
2548,Q,Q,1149,1150,false,terminal signature,Q
2549,Q,Q,129,130,true,,Role of Huber (as portrayed by 'Q')?
2549,Q,Q,558,559,true,,Why does the (global) FAKE NEWS media [largest in the world] continually attack 'Q'?
2549,Q,Q,675,676,false,terminal signature,Q
255,Q,Q,55,56,false,terminal signature,Q
2550,Q,Q,100,101,false,terminal signature,Q
2552,Q,Q,330,331,false,terminal signature,Q
2553,Q,Q,166,167,false,terminal signature,Q
2554,Q,Q,246,247,false,terminal signature,Q
2555,Q,Q,161,162,false,terminal signature,Q
2556,Q,Q,228,229,true,,"How much attention does ""Q"" receive from the FAKE NEWS MEDIA?"
2556,Q,Q,451,452,false,terminal signature,Q
2557,Q,Q,137,138,false,terminal signature,Q
2558,Q,Q,196,197,false,terminal signature,Q
2559,Q,Q,355,356,false,terminal signature,Q
256,Q,Q,91,92,false,terminal signature,Q
2560,Q,Q,186,187,false,terminal signature,Q
2561,Q,Q,619,620,false,terminal signature,Q
2562,Q,Q,461,462,false,terminal signature,Q
2563,Q,Q,163,164,true,,"At some point, the Q will be asked."
2563,Q,Q,180,181,false,terminal signature,Q
2564,Q,Q,32,33,false,terminal signature,Q
2565,Q,Q,21,22,true,,Q 0 = Q+
2565,Q,Q,27,28,true,,Q 0 = Q+
2565,Q,Q,61,62,false,terminal signature,Q
2566,Q,Q,74,75,false,terminal signature,Q
2567,Q,Q,158,159,true,,AF1 Code Change > Q 0 > Q+
2567,Q,Q,164,165,true,,AF1 Code Change > Q 0 > Q+
2567,Q,Q,167,168,false,URL or path,Q/POTUS Twitter 0 Delta Exchanges
2567,Q,Q,586,587,false,terminal signature,Q
2568,Q,Q,284,285,false,terminal signature,Q
2569,Q,Q,128,129,false,terminal signature,Q
2570,Q,Q,44,45,false,terminal signature,Q
2571,Q,Q,90,91,false,terminal signature,Q
2572,Q,Q,122,123,false,terminal signature,Q
2573,Q,Q,268,269,false,terminal signature,Q
2574,Q,Q,60,61,false,terminal signature,Q
2575,Q,Q,179,180,false,terminal signature,Q
2576,Q,Q,224,225,false,terminal signature,Q
2577,Q,Q,56,57,false,terminal signature,Q
2578,Q,Q,445,446,false,terminal signature,Q
2579,Anons,Anons,176,181,true,,Anons already knew that…
2579,Q,Q,201,202,false,terminal signature,Q
258,Q,Q,179,180,false,terminal signature,Q
2581,Q,Q,595,596,false,terminal signature,Q
2582,Anons,Anons,403,408,true,,Anons had the proof long ago but shining a light back then would have defeated the primary purpose of showing the 'public' the real objective of D's (party of open borders/elim of ICE/elim of security
2582,Q,Q,677,678,false,terminal signature,Q
2583,Q,Q,75,76,false,terminal signature,Q
2584,Q,Q,357,358,false,terminal signature,Q
2585,Q,Q,178,179,false,terminal signature,Q
2586,Q,Q,83,84,false,terminal signature,Q
2587,Q,Q,470,471,false,terminal signature,Q
2588,Q,Q,81,82,true,,GOOG (upcoming) financial statements should receive extra scrutiny [10-Q].
2588,Q,Q,126,127,false,terminal signature,Q
2589,Q,Q,78,79,false,terminal signature,Q
259,Q,Q,125,126,false,terminal signature,Q
2590,Q,Q,459,460,false,terminal signature,Q
2591,Q,Q,122,123,false,terminal signature,Q
2592,Q,Q,14,15,true,,T & Q placed together.
2592,Q,Q,73,74,false,terminal signature,Q
2593,Q,Q,20,21,false,URL or path,https://twitter.com/Q_ANONBaby/status/1072738984332312578
2593,Q,Q,68,69,true,,"Excellent Q, VIP Patriot!"
2593,Q,Q,266,267,false,terminal signature,Q
2594,Q,Q,63,64,false,terminal signature,Q
2595,Q,Q,27,28,true,,How many names start w/ a 'Q'?
2595,Q,Q,56,57,true,,What are the odds of a 'Q' stocking?
2595,Q,Q,93,94,true,,What are the odds of a 'Q' stocking next to a 'T' stocking?
2595,Q,Q,298,299,false,terminal signature,Q
2596,Q,Q,143,144,false,terminal signature,Q
2597,Q,Q,36,37,true,,'O' made into 'Q'
2597,Q,Q,78,79,false,terminal signature,Q
2598,QAnon,QAnon,29,34,true,,'QA' > 'QAnon' > Hammer
2598,Q,Q,84,85,false,terminal signature,Q
2599,Q,Q,109,110,false,terminal signature,Q
260,Q,Q,79,80,false,terminal signature,Q
2600,Q,Q,105,106,false,terminal signature,Q
2601,Q,Q,310,311,false,terminal signature,Q
2602,Q,Q,116,117,false,terminal signature,Q
2603,Q,Q,154,155,false,terminal signature,Q
2604,Q,Q,673,674,true,,"Do you think all these attacks on 'Q' (We, the People) is simply for a person on the internet who they label as a conspiracy?"
2604,Q,Q,934,935,false,terminal signature,Q
2605,Q,Q,0,1,false,Q&A — Q means Question,Q&A
2605,Q,Q,4,5,false,terminal signature,Q
2606,Q,Q,19,20,false,terminal signature,Q
2607,Q,Q,14,15,false,terminal signature,Q
2608,Q,Q,36,37,false,terminal signature,Q
2609,Q,Q,15,16,false,terminal signature,Q
261,Q,Q,179,180,false,terminal signature,Q
2610,Q,Q,87,88,false,terminal signature,Q
2611,Q,Q,14,15,false,terminal signature,Q
2612,Q,Q,64,65,false,terminal signature,Q
2613,Q,Q,14,15,false,terminal signature,Q
2614,Q,Q,63,64,false,terminal signature,Q
2615,Q,Q,143,144,false,terminal signature,Q
2616,Q,Q,40,41,false,terminal signature,Q
2617,Q,Q,51,52,false,terminal signature,Q
2618,Q,Q,47,48,false,terminal signature,Q
2619,Q,Q,39,40,false,terminal signature,Q
262,Q,Q,353,354,false,terminal signature,Q
2620,Q,Q,129,130,false,terminal signature,Q
2621,Q,Q,42,43,false,terminal signature,Q
2622,Q,Q,14,15,false,terminal signature,Q
2623,Q,Q,64,65,false,terminal signature,Q
2624,Q,Q,39,40,false,terminal signature,Q
2625,Q,Q,25,26,false,terminal signature,Q
2626,Q,Q,492,493,false,terminal signature,Q
2627,Q,Q,291,292,false,terminal signature,Q
2628,Q,Q,163,164,false,terminal signature,Q
2629,Q,Q,50,51,false,terminal signature,Q+
2630,Q,Q,839,840,false,terminal signature,Q
2631,Anons,Anons,101,106,true,,Anons know why.
2631,Q,Q,117,118,false,terminal signature,Q
2632,Q,Q,194,195,false,terminal signature,Q
2633,Q,Q,286,287,false,terminal signature,Q
2634,Q,Q,20,21,false,terminal signature,Q
2635,Q,Q,290,291,false,terminal signature,Q
2636,Q,Q,20,21,false,terminal signature,Q
2637,Q,Q,127,128,false,terminal signature,Q
2638,Q,Q,107,108,false,terminal signature,Q
2639,Anons,Anons,42,47,true,,Anons can play this game all day long.
2639,Q,Q,119,120,false,terminal signature,Q
264,Q,Q,35,36,false,terminal signature,Q
2640,Q,Q,929,930,false,terminal signature,Q
2641,Anons,Anons,202,207,true,,Anons can play this game all day long.
2641,Q,Q,241,242,false,terminal signature,Q
2642,Q,Q,105,106,false,terminal signature,Q
2643,Q,Q,813,814,false,terminal signature,Q
2644,Q,Q,90,91,false,terminal signature,Q
2645,Q,Q,739,740,false,terminal signature,Q
2646,Q,Q,1116,1117,false,terminal signature,Q
2647,Q,Q,114,115,false,terminal signature,Q
2648,Q,Q,778,779,false,terminal signature,Q
2649,Q,Q,166,167,false,terminal signature,Q
265,Q,Q,54,55,false,terminal signature,Q
2650,Q,Q,488,489,false,terminal signature,Q
2651,Q,Q,332,333,false,terminal signature,Q
2652,Q,Q,73,74,false,terminal signature,Q
2653,Q,Q,3075,3076,false,terminal signature,Q
2654,Q,Q,220,221,false,terminal signature,Q
2655,Q,Q,395,396,false,terminal signature,Q
2656,Anons,Anons,59,64,true,,Anons knew?
2656,Q,Q,71,72,false,terminal signature,Q
2657,Q,Q,1173,1174,true,,(Q above should scare every single American)
2657,Q,Q,2867,2868,false,terminal signature,Q
2658,Q,Q,2241,2242,false,terminal signature,Q
2659,Q,Q,164,165,false,terminal signature,Q
2660,Q,Q,221,222,false,terminal signature,Q
2661,Q,Q,545,546,false,terminal signature,Q
2662,Q,Q,377,378,false,terminal signature,Q
2663,Q,Q,645,646,false,terminal signature,Q
2664,Q,Q,1100,1101,false,terminal signature,Q
2665,Q,Q,93,94,false,terminal signature,Q
2666,Q,Q,89,90,false,terminal signature,Q
2667,Q,Q,62,63,false,terminal signature,Q
2668,Q,Q,42,43,false,terminal signature,Q
2669,Q,Q,77,78,false,terminal signature,Q
267,Q,Q,52,53,false,terminal signature,Q
2670,Q,Q,117,118,false,terminal signature,Q
2671,Q,Q,247,248,false,terminal signature,Q
2672,Q,Q,393,394,false,terminal signature,Q
2673,Q,Q,163,164,false,terminal signature,Q
2674,Anons,Anons,84,89,true,,Anons understand.
2674,Q,Q,102,103,false,terminal signature,Q
2676,Q,Q,842,843,false,terminal signature,Q
2677,Q,Q,55,56,false,terminal signature,Q
2678,QAnon,qanon,87,92,true,,https://www.nbcnews.com/tech/social-media/russian-troll-accounts-purged-twitter-pushed-qanon-other-conspiracy-theories-n966091
2678,Q,Q,336,337,false,terminal signature,Q
2679,Q,Q,68,69,false,terminal signature,Q
268,Q,Q,19,20,false,terminal signature,Q
2680,Q,Q,291,292,false,terminal signature,Q
2681,Q,Q,1414,1415,false,terminal signature,Q
2682,Q,Q,3307,3308,false,terminal signature,Q
2683,Q,Q,947,948,false,terminal signature,Q
2684,Anons,Anons,167,172,true,,Anons knew?
2684,Q,Q,211,212,false,terminal signature,Q
2685,Q,Q,44,45,false,terminal signature,Q
2686,Q,Q,1099,1100,false,terminal signature,Q
2687,QAnon,Qanon,195,200,true,,"Google: ""Qanon"" select: 'News' past 30 days (example)"
2687,Q,Q,317,318,false,terminal signature,Q
2688,Q,Q,217,218,false,terminal signature,Q
2689,Q,Q,2275,2276,false,terminal signature,Q
269,Q,Q,125,126,false,terminal signature,Q
2691,Q,Q,712,713,false,terminal signature,Q
2692,Q,Q,912,913,false,terminal signature,Q
2693,Q,Q,796,797,false,terminal signature,Q
2694,Q,Q,189,190,false,terminal signature,Q
2695,Anons,Anons,244,249,true,,"Thank you, Anons."
2695,Q,Q,270,271,false,terminal signature,Q
2696,Q,Q,80,81,false,terminal signature,Q
2697,Q,Q,1480,1481,false,terminal signature,Q
2698,Q,Q,147,148,false,terminal signature,Q
2699,Q,Q,133,134,false,terminal signature,Q
270,Q,Q,84,85,false,terminal signature,Q
2700,Q,Q,1236,1237,false,terminal signature,Q
2701,Q,Q,259,260,false,terminal signature,Q
2702,Anons,Anon,86,90,true,,Many 0:00.xx's but that doesn't cut it for Anon's.
2702,Q,Q,94,95,false,terminal signature,Q
2703,Q,Q,124,125,false,terminal signature,Q
2704,Q,Q,50,51,false,terminal signature,Q
2705,Q,Q,47,48,false,terminal signature,Q
2707,Q,Q,49,50,false,terminal signature,Q
2708,Q,Q,37,38,false,terminal signature,Q
2709,Q,Q,51,52,false,terminal signature,Q
2710,Q,Q,58,59,false,terminal signature,Q
2711,Anons,Anons,128,133,true,,Anons knew last March?
2711,Q,Q,244,245,false,terminal signature,Q
2712,Anons,Anons,20,25,true,,Credit to Anons who deciphered Red/Green Castle.
2712,Q,Q,114,115,false,terminal signature,Q
2713,Q,Q,67,68,false,terminal signature,Q
2714,Q,Q,301,302,false,terminal signature,Q
2715,Q,Q,72,73,true,,"More importantly, why is the WASH POST leading the attack vs ‘Q’?"
2715,Q,Q,342,343,false,terminal signature,Q
2716,Q,Q,50,51,false,terminal signature,Q
2717,Q,Q,126,127,false,terminal signature,Q
2718,Q,Q,168,169,false,terminal signature,Q
2719,Q,Q,124,125,false,terminal signature,Q
272,Q,Q,49,50,false,terminal signature,Q
2722,Q,Q,55,56,false,terminal signature,Q
2723,Q,Q,69,70,false,terminal signature,Q
2724,Q,Q,143,144,false,terminal signature,Q
2725,Q,Q,79,80,false,terminal signature,Q
2726,Q,Q,203,204,false,terminal signature,Q
2727,Q,Q,175,176,false,terminal signature,Q
2728,Q,Q,76,77,false,terminal signature,Q
2729,Q,Q,164,165,false,terminal signature,Q
2730,Q,Q,198,199,false,terminal signature,Q
2731,Q,Q,256,257,false,terminal signature,Q
2732,Q,Q,189,190,false,terminal signature,Q
2733,Q,Q,69,70,false,terminal signature,Q
2734,Q,Q,29,30,false,terminal signature,Q
2735,Q,Q,88,89,false,terminal signature,Q
2737,Q,Q,137,138,false,terminal signature,Q
2738,Anons,Anons,123,128,true,,How long have Anons known?
2738,Q,Q,217,218,false,terminal signature,Q
2739,Q,Q,74,75,false,terminal signature,Q
274,Q,Q,45,46,false,terminal signature,Q
2740,Q,Q,297,298,false,terminal signature,Q
2741,Q,Q,138,139,false,terminal signature,Q
2742,Q,Q,122,123,false,terminal signature,Q
2743,Q,Q,401,402,false,terminal signature,Q
2744,Q,Q,277,278,false,terminal signature,Q
2745,Q,Q,172,173,false,terminal signature,Q
2746,Q,Q,359,360,false,terminal signature,Q
2747,Q,Q,178,179,false,terminal signature,Q
2749,Q,Q,32,33,false,terminal signature,Q
275,Q,Q,133,134,false,terminal signature,Q
2751,Q,Q,50,51,false,terminal signature,Q
2752,Q,Q,33,34,false,terminal signature,Q
2753,Q,Q,63,64,false,terminal signature,Q
2754,Q,Q,642,643,false,terminal signature,Q
2756,Q,Q,151,152,false,terminal signature,Q
2757,Q,Q,44,45,false,terminal signature,Q
2758,Q,Q,45,46,false,terminal signature,Q+
2759,Q,Q,10,11,false,terminal signature,Q+
276,Q,Q,19,20,false,terminal signature,Q
2760,Q,Q,32,33,false,terminal signature,Q
2761,Q,Q,30,31,false,terminal signature,Q
2762,Q,Q,140,141,false,terminal signature,Q
2764,Q,Q,63,64,false,terminal signature,Q
2765,Q,Q,132,133,false,terminal signature,Q
2766,Q,Q,209,210,false,terminal signature,Q
2767,Q,Q,94,95,false,terminal signature,Q
2768,Q,Q,914,915,false,terminal signature,Q
2769,Q,Q,17,18,false,terminal signature,Q
277,Q,Q,37,38,false,terminal signature,Q
2770,Q,Q,472,473,false,terminal signature,Q
2771,Q,Q,96,97,false,terminal signature,Q
2772,Q,Q,112,113,false,terminal signature,Q
2773,Q,Q,49,50,false,terminal signature,Q
2774,Q,Q,21,22,false,URL or path,(3) Q/POTUS [0] DELTA
2774,Q,Q,40,41,false,terminal signature,Q
2775,Q,Q,49,50,true,,Important to note 'Q' drops just prior to POTUS.
2775,Q,Q,104,105,false,terminal signature,Q
2776,Q,Q,2228,2229,false,terminal signature,Q
2777,Q,Q,50,51,false,terminal signature,Q
2778,Q,Q,129,130,false,terminal signature,Q
2779,Q,Q,130,131,false,terminal signature,Q
278,Q,Q,43,44,false,terminal signature,Q
2780,Q,Q,50,51,false,terminal signature,Q
2781,Q,Q,87,88,false,terminal signature,Q
2782,Q,Q,204,205,false,terminal signature,Q
2783,Q,Q,184,185,false,terminal signature,Q
2784,QAnon,Qanon,128,133,true,,30m use ‘Qanon’ across ‘censored’ platforms?
2784,Q,Q,219,220,false,terminal signature,Q
2785,Q,Q,188,189,false,terminal signature,Q
2786,Q,Q,537,538,false,terminal signature,Q
2787,Q,Q,577,578,false,terminal signature,Q
2788,Q,Q,33,34,true,,"How can an entity known only as 'Q' (face-less, name-less, fame-less, etc.) begin to ask questions on 4ch (now 8ch) and build something of this magnitude?"
2788,Q,Q,174,175,true,,How can this same 'Q' entity garner such a massive amount of WW MSM [FAKE NEWS] attention [attacks]?
2788,Q,Q,281,282,true,,How is it possible this 'Q' entity can 'forecast' future events or 'know' when the POTUS is about to Tweet?
2788,Q,Q,456,457,true,,"How is it possible this 'Q' entity, an entity who began by merely asking questions on 4ch/8ch, was able to ………(fill in the blank)."
2788,Q,Q,2190,2191,false,terminal signature,Q
2789,Q,Q,407,408,false,terminal signature,Q
2791,Q,Q,43,44,false,terminal signature,Q
2792,Q,Q,94,95,false,terminal signature,Q
2793,Q,Q,1016,1017,false,terminal signature,Q
2794,Q,Q,31,32,false,terminal signature,Q
2795,Q,Q,55,56,false,terminal signature,Q
2799,Q,Q,53,54,false,terminal signature,Q
280,Q,Q,58,59,false,terminal signature,Q
2801,QAnon,Qanon,38,43,true,,Search ‘Qanon’
2801,QAnon,qanon,85,90,true,,https://www.nbcnews.com/pages/search/?q=qanon
2801,QAnon,qanon,132,137,true,,https://abcnews.go.com/search?searchtext=qanon
2801,QAnon,qanon,217,222,true,,https://www.washingtonpost.com/newssearch/?datefilter=All%20Since%202005&query=qanon&sort=Relevance&utm_term=.d3e179a0682e
2801,QAnon,qanon,298,303,true,,https://www.nytimes.com/search?query=qanon
2801,QAnon,qanon,334,339,true,,https://www.cnn.com/search/?q=qanon
2801,QAnon,qanon,368,373,true,,http://www.msnbc.com/search/qanon
2801,QAnon,qanon,411,416,true,,https://www.newsweek.com/search/site/qanon
2801,QAnon,qanon,446,451,true,,http://fortune.com/search/?q=qanon
2801,QAnon,qanon,484,489,true,,https://www.wired.com/search/?q=qanon&page=1&sort=score
2801,QAnon,Qanon,548,553,true,,https://www.theguardian.com/us (search: Qanon)
2801,QAnon,qanon,588,593,true,,https://www.npr.org/search?query=qanon&page=1
2801,QAnon,qanon,630,635,true,,https://www.vox.com/search?q=qanon
2801,QAnon,qanon,664,669,true,,https://www.gq.com/search?q=qanon
2801,QAnon,qanon,700,705,true,,https://www.pbs.org/search/?q=qanon
2801,QAnon,qanon,740,745,true,,https://www.theverge.com/search?q=qanon
2801,QAnon,qanon,770,775,true,,https://observer.com/?s=qanon
2801,QAnon,qanon,812,817,true,,https://www.aljazeera.com/Search/?q=qanon
2801,QAnon,qanon,866,871,true,,https://www.foxnews.com/search-results/search?q=qanon
2801,QAnon,qanon,908,913,true,,https://www.breitbart.com/search/?s=qanon#gsc.tab=0&gsc.q=qanon&gsc.page=1
2801,QAnon,qanon,930,935,true,,https://www.breitbart.com/search/?s=qanon#gsc.tab=0&gsc.q=qanon&gsc.page=1
2801,QAnon,qanon,978,983,true,,https://psmag.com/search?query=qanon
2801,QAnon,qanon,1019,1024,true,,https://www.newyorker.com/search/q/qanon
2801,QAnon,qanon,1059,1064,true,,https://www.latimes.com/search/?q=qanon
2801,QAnon,qanon,1108,1113,true,,https://www.seattletimes.com/search/?query=qanon&sortby=mostrecent&page=1&perpage=20
2801,QAnon,qanon,1184,1189,true,,https://www.esquire.com/search/?q=qanon
2801,QAnon,qanon,1218,1223,true,,https://www.thesun.co.uk/?s=qanon
2801,QAnon,qanon,1255,1260,true,,https://www.bbc.co.uk/search?q=qanon
2801,QAnon,qanon,1385,1390,true,,https://www.jpost.com/Arab-Israeli-Conflict/Muslim-woman-fights-for-Israel-despite-death-threats-watch-581066#/search;query=qanon
2801,QAnon,qanon,1413,1418,true,,https://qz.com/search/qanon/
2801,QAnon,qanon,1451,1456,true,,http://nymag.com/search.html?q=qanon
2801,QAnon,qanon,1491,1496,true,,https://www.politico.com/search?q=qanon
2801,QAnon,qanon,1529,1534,true,,https://thehill.com/search/site/qanon
2801,QAnon,qanon,1585,1590,true,,https://search.huffingtonpost.com/search?utf8=✓&p=qanon&fr=huffpost
2801,QAnon,qanon,1629,1634,true,,http://time.com/search/?q=qanon
2801,QAnon,qanon,1671,1676,true,,https://www.vice.com/en_us/search?q=qanon
2801,QAnon,qanon,1706,1711,true,,https://www.salon.com/search/qanon
2801,QAnon,qanon,1740,1745,true,,https://www.dailydot.com/?s=qanon
2801,QAnon,qanon,1791,1796,true,,https://www.miaminewtimes.com/search?keyword=qanon
2801,QAnon,qanon,1838,1843,true,,https://www.rollingstone.com/results/#?q=qanon
2801,QAnon,qanon,1888,1893,true,,https://motherboard.vice.com/en_us/search?q=qanon
2801,QAnon,qanon,1920,1925,true,,https://www.snopes.com/?s=qanon
2801,QAnon,qanon,1960,1965,true,,https://www.buzzfeed.com/search?q=qanon
2801,QAnon,qanon,2016,2021,true,,https://www.mediamatters.org/search/index?qstring=qanon
2801,QAnon,qanon,2050,2055,true,,http://thefederalist.com/?s=qanon
2801,Q,Q,2067,2068,false,terminal signature,Q
2802,Q,Q,100,101,false,terminal signature,Q
2803,Q,Q,202,203,false,terminal signature,Q
2804,Q,Q,149,150,false,terminal signature,Q
2805,Q,Q,321,322,false,terminal signature,Q
2807,Q,Q,1848,1849,false,terminal signature,Q
2808,Q,Q,64,65,false,terminal signature,Q
2809,Q,Q,132,133,false,terminal signature,Q
281,Q,Q,58,59,false,terminal signature,Q
2810,Q,Q,110,111,false,terminal signature,Q
2811,Q,Q,101,102,false,terminal signature,Q
2813,Q,Q,61,62,false,terminal signature,Q
2814,Q,Q,453,454,false,terminal signature,Q
2815,Q,Q,62,63,false,terminal signature,Q
2816,Q,Q,1089,1090,false,terminal signature,Q
2817,Q,Q,42,43,false,terminal signature,Q
2819,Q,Q,13,14,false,terminal signature,Q
282,Q,Q,19,20,false,terminal signature,Q
2820,Q,Q,13,14,false,terminal signature,Q
2821,Q,Q,103,104,false,terminal signature,Q
2822,Q,Q,80,81,false,terminal signature,Q
2823,Q,Q,37,38,false,terminal signature,Q
2825,Q,Q,137,138,false,terminal signature,Q
2826,Q,Q,300,301,false,terminal signature,Q
2827,Q,Q,183,184,false,terminal signature,Q
2828,Q,Q,137,138,false,terminal signature,Q
283,Q,Q,117,118,false,terminal signature,Q
2830,Q,Q,146,147,false,terminal signature,Q
2831,Q,Q,80,81,false,terminal signature,Q
2832,Q,Q,21,22,false,terminal signature,Q
2833,Q,Q,63,64,false,terminal signature,Q
2834,Q,Q,67,68,false,terminal signature,Q
2835,Q,Q,55,56,false,terminal signature,Q
2836,Q,Q,40,41,false,terminal signature,Q
2837,Q,Q,160,161,false,terminal signature,Q
2838,Q,Q,191,192,false,terminal signature,Q
2839,Q,Q,121,122,false,terminal signature,Q
284,Q,Q,99,100,false,terminal signature,Q
2840,Q,Q,108,109,false,terminal signature,Q
2841,Q,Q,90,91,false,terminal signature,Q
2842,Q,Q,395,396,false,terminal signature,Q
2843,Q,Q,225,226,false,terminal signature,Q
2844,Anons,anons,379,384,true,,:RT Jan 29 2018 - IDEN [not for anons]
2844,Anons,anons,427,432,true,,IDEN Jan 29 2018 & run back 1-2 [not for anons]
2844,Q,Q,669,670,false,terminal signature,Q
2845,Q,Q,36,37,false,terminal signature,Q
2846,Anons,Anon,84,88,true,,"Be ready for the 'Q', Anon(s)."
2846,Q,Q,80,81,true,,"Be ready for the 'Q', Anon(s)."
2846,Q,Q,161,162,false,terminal signature,Q
2847,Q,Q,133,134,false,terminal signature,Q
2848,Q,Q,151,152,false,terminal signature,Q
2849,Q,Q,433,434,false,terminal signature,Q
285,Q,Q,132,133,false,terminal signature,Q
2850,Q,Q,230,231,false,terminal signature,Q
2851,Q,Q,58,59,false,terminal signature,Q
2852,Q,Q,81,82,false,terminal signature,Q
2853,Q,Q,107,108,false,terminal signature,Q
2854,Q,Q,1013,1014,false,terminal signature,Q
2855,Q,Q,240,241,false,terminal signature,Q
2856,Q,Q,2671,2672,false,terminal signature,Q
2857,Anons,Anons,142,147,true,,"We thank you for your service, Anons."
2857,Q,Q,257,258,false,terminal signature,Q
2858,Q,Q,173,174,false,terminal signature,Q
2859,Q,Q,260,261,false,terminal signature,Q
286,Q,Q,65,66,false,terminal signature,Q
2860,Q,Q,384,385,false,terminal signature,Q
2861,Q,Q,139,140,false,terminal signature,Q
2862,Q,Q,122,123,false,terminal signature,Q
2863,Q,Q,23,24,false,terminal signature,Q
2864,Q,Q,35,36,true,,There sure are a lot of 'Q' comments on that Tweet POTUS just referred to.
2864,Q,Q,100,101,false,terminal signature,Q
2865,Q,Q,120,121,false,terminal signature,Q
2866,Q,Q,75,76,false,terminal signature,Q
2867,Q,Q,92,93,false,terminal signature,Q
2868,Q,Q,706,707,false,terminal signature,Q
2869,Q,Q,55,56,false,terminal signature,Q
287,Q,Q,28,29,false,terminal signature,Q
2870,Q,Q,70,71,false,terminal signature,Q
2871,Q,Q,54,55,false,terminal signature,Q
2872,Q,Q,64,65,false,terminal signature,Q
2873,Q,Q,161,162,false,terminal signature,Q
2874,Q,Q,154,155,false,terminal signature,Q
2875,Q,Q,75,76,false,terminal signature,Q
2876,Q,Q,190,191,false,source material — sustained prose block — pasted or quoted passage,"For those who think this war is fake, or we are not a considered a major threat, this is a direct attack by Hillary Clinton on 'Q' & 'PRO POTUS' PATRIOTS."
2876,Q,Q,295,296,false,source material — sustained prose block — pasted or quoted passage,The article referenced has an embedded link that literally TARGETS PRO POTUS/Q Twitter accounts that have been IDENTIFIED by CLINTON/DS as serious threats (ability to shift the narrative).
2876,Q,Q,582,583,false,terminal signature,Q
2877,Q,Q,60,61,false,terminal signature,Q
2878,Q,Q,104,105,false,terminal signature,Q
2879,Q,Q,92,93,false,terminal signature,Q
288,Q,Q,41,42,false,terminal signature,Q
2880,Q,Q,4247,4248,false,terminal signature,Q
2881,Q,Q,2137,2138,false,terminal signature,Q
2882,Q,Q,64,65,false,terminal signature,Q
2883,Q,Q,495,496,false,terminal signature,Q
2884,Q,Q,100,101,false,terminal signature,Q
2885,Q,Q,112,113,false,terminal signature,Q+
2886,Q,Q,29,30,false,terminal signature,Q
2887,Q,Q,492,493,false,terminal signature,Q
2888,Q,Q,247,248,false,terminal signature,Q
2889,Q,Q,100,101,false,terminal signature,Q
289,Q,Q,93,94,false,terminal signature,Q
2890,Q,Q,38,39,false,terminal signature,Q
2891,Q,Q,42,43,false,terminal signature,Q
2892,Q,Q,36,37,false,terminal signature,Q
2893,Q,Q,187,188,false,terminal signature,Q
2894,Q,Q,330,331,false,terminal signature,Q
2895,Anons,Anons,11,16,true,,"Good find, Anons."
2895,Q,Q,18,19,false,terminal signature,Q
2896,Q,Q,111,112,false,terminal signature,Q
2897,Q,Q,112,113,false,terminal signature,Q
2898,Q,Q,7,8,false,terminal signature,Q
2899,Q,Q,138,139,false,terminal signature,Q
2900,Q,Q,50,51,false,terminal signature,Q
2901,Q,Q,832,833,false,terminal signature,Q
2902,Q,Q,143,144,false,terminal signature,Q
2903,Q,Q,133,134,false,terminal signature,Q
2904,Q,Q,1092,1093,false,terminal signature,Q
2905,Q,Q,17,18,false,terminal signature,Q
2906,Anons,Anons,10,15,true,,Anons have the originals?
2906,Q,Q,65,66,false,terminal signature,Q
2907,Q,Q,7,8,false,terminal signature,Q
2908,Q,Q,7,8,false,terminal signature,Q
2909,Q,Q,8,9,false,terminal signature,Q
2910,Q,Q,8,9,false,terminal signature,Q
2911,Q,Q,8,9,false,terminal signature,Q
2912,Q,Q,758,759,false,terminal signature,Q
2913,Q,Q,190,191,false,terminal signature,Q
2914,Q,Q,176,177,false,terminal signature,Q
2915,Q,Q,83,84,false,terminal signature,Q
2916,Q,Q,70,71,false,terminal signature,Q
2917,Q,Q,163,164,false,terminal signature,Q
2918,Q,Q,268,269,false,terminal signature,Q
2919,Q,Q,89,90,false,terminal signature,Q
2926,Q,Q,136,137,false,terminal signature,Q
2927,Q,Q,481,482,false,terminal signature,Q
2929,Q,Q,82,83,false,terminal signature,Q
293,Q,Q,72,73,false,terminal signature,Q
2930,Q,Q,61,62,true,,POTUS already ordered the DECLAS (per Q-proof Sep 17).
2930,Q,Q,236,237,false,terminal signature,Q
2931,Q,Q,122,123,false,terminal signature,Q
2932,Anons,Anon,22,26,true,,"Roger that, Anon."
2932,Q,Q,86,87,false,terminal signature,Q
2934,Q,Q,30,31,false,terminal signature,Q
2935,Q,Q,300,301,false,terminal signature,Q
2936,Q,Q,54,55,false,terminal signature,Q
2937,Q,Q,1883,1884,false,terminal signature,Q
2938,Q,Q,1513,1514,false,terminal signature,Q
2939,Q,Q,439,440,false,terminal signature,Q
2940,Anons,Anon,21,25,true,,"Thank you, Anon."
2940,Q,Q,83,84,false,terminal signature,Q
2941,Q,Q,235,236,false,terminal signature,Q
2942,Q,Q,176,177,false,terminal signature,Q
2943,Q,Q,2020,2021,false,terminal signature,Q
2944,Q,Q,21,22,false,terminal signature,Q
2945,Q,Q,351,352,false,terminal signature,Q
2946,Q,Q,81,82,false,terminal signature,Q
2947,Q,Q,57,58,false,terminal signature,Q
2948,Q,Q,103,104,false,terminal signature,Q
2949,Q,Q,51,52,false,terminal signature,Q
2950,Q,Q,32,33,false,terminal signature,Q
2951,Q,Q,58,59,false,terminal signature,Q
2952,Q,Q,57,58,false,terminal signature,Q
2953,Q,Q,78,79,false,terminal signature,Q
2954,Q,Q,82,83,false,terminal signature,Q
2955,Anons,Anon,35,39,true,,"You have a short memory, Anon."
2955,Q,Q,332,333,false,terminal signature,Q
2956,Q,Q,134,135,false,terminal signature,Q
2957,Q,Q,120,121,false,terminal signature,Q
2958,Q,Q,33,34,false,terminal signature,Q
2959,Q,Q,266,267,false,terminal signature,Q
2960,Q,Q,74,75,false,terminal signature,Q
2961,Q,Q,157,158,false,terminal signature,Q
2962,Q,Q,68,69,false,terminal signature,Q
2963,Q,Q,46,47,false,terminal signature,Q
2964,Q,Q,32,33,false,terminal signature,Q
2965,Q,Q,40,41,false,terminal signature,Q
2966,Q,Q,104,105,false,terminal signature,Q
2967,Q,Q,60,61,false,terminal signature,Q
2968,Q,Q,265,266,false,terminal signature,Q
2969,Q,Q,60,61,false,terminal signature,Q
2970,Q,Q,115,116,false,terminal signature,Q
2971,Q,Q,926,927,false,terminal signature,Q
2972,Q,Q,79,80,false,terminal signature,Q
2973,Q,Q,312,313,false,terminal signature,Q
2974,Q,Q,18,19,false,terminal signature,Q
2975,Q,Q,134,135,false,terminal signature,Q
2976,Q,Q,105,106,false,terminal signature,Q
2977,Q,Q,55,56,false,terminal signature,Q
2978,Q,Q,24,25,false,URL or path,https://twitter.com/Sun_Q_Tzu/status/1103061455337861120
2978,Q,Q,140,141,false,terminal signature,Q
2979,Q,Q,18,19,false,terminal signature,Q
2980,Q,Q,186,187,false,terminal signature,Q
2981,Q,Q,209,210,false,terminal signature,Q
2982,Q,Q,184,185,false,terminal signature,Q
2983,Q,Q,67,68,false,terminal signature,Q
2984,Q,Q,1865,1866,false,terminal signature,Q
2986,Q,Q,105,106,false,terminal signature,Q
2987,Q,Q,1707,1708,false,terminal signature,Q
2988,Q,Q,1244,1245,false,terminal signature,Q
2989,Q,Q,997,998,false,terminal signature,Q
299,Q,Q,595,596,false,terminal signature,Q
2990,Q,Q,806,807,false,terminal signature,Q
2991,Q,Q,29,30,false,terminal signature,Q
2992,Q,Q,202,203,false,terminal signature,Q
2993,Q,Q,864,865,false,terminal signature,Q
2994,Q,Q,503,504,false,terminal signature,Q
2995,Q,Q,64,65,false,terminal signature,Q
2996,Q,Q,332,333,false,terminal signature,Q
2997,Q,Q,85,86,false,terminal signature,Q
2998,Q,Q,83,84,false,terminal signature,Q
2999,Q,Q,194,195,false,terminal signature,Q
300,Q,Q,136,137,false,terminal signature,Q
3000,Q,Q,141,142,false,terminal signature,Q
3001,Q,Q,99,100,false,terminal signature,Q
3002,Q,Q,44,45,false,terminal signature,Q
3003,Q,Q,102,103,false,terminal signature,Q
3004,Q,Q,861,862,false,terminal signature,Q
3005,Q,Q,74,75,false,terminal signature,Q
3006,Q,Q,1645,1646,false,terminal signature,Q
3007,Q,Q,81,82,false,terminal signature,Q
3008,Q,Q,37,38,false,terminal signature,Q
301,Q,Q,28,29,false,terminal signature,Q
3010,Q,Q,35,36,false,terminal signature,Q
3011,Q,Q,39,40,false,terminal signature,Q
3012,Q,Q,151,152,false,terminal signature,Q
3013,Anons,Anons,89,94,true,,1.5 years behind Anons.
3013,Q,Q,96,97,false,terminal signature,Q
3014,Anons,Anons,10,15,true,,Anons understand now why we've been targeted daily by the FAKE NEWS media and SHILLS?
3014,Q,Q,231,232,false,terminal signature,Q
3015,Q,Q,738,739,false,terminal signature,Q
3016,Q,Q,244,245,false,terminal signature,Q
3017,Q,Q,138,139,false,terminal signature,Q
3018,Q,Q,137,138,false,terminal signature,Q
3019,Q,Q,304,305,false,terminal signature,Q
302,Q,Q,11,12,true,,Q
3020,Q,Q,604,605,false,terminal signature,Q
3021,Q,Q,103,104,false,terminal signature,Q
3022,Q,Q,402,403,false,terminal signature,Q
3023,Q,Q,107,108,false,terminal signature,Q
3024,Q,Q,396,397,false,terminal signature,Q
3025,Q,Q,112,113,false,terminal signature,Q
3027,Q,Q,91,92,false,terminal signature,Q
3028,Q,Q,1246,1247,false,terminal signature,Q
3029,Q,Q,252,253,false,terminal signature,Q
303,Q,Q,14,15,false,terminal signature,Q
3030,Q,Q,224,225,false,terminal signature,Q
3031,Q,Q,202,203,false,terminal signature,Q
3032,Q,Q,37,38,false,terminal signature,Q
3033,Q,Q,191,192,false,terminal signature,Q
3034,Q,Q,113,114,false,terminal signature,Q
3035,Q,Q,445,446,false,terminal signature,Q
3036,Q,Q,663,664,false,terminal signature,Q
3037,Q,Q,62,63,false,terminal signature,Q
3038,Q,Q,1979,1980,false,terminal signature,Q
3039,Q,Q,172,173,false,terminal signature,Q
304,Q,Q,67,68,false,terminal signature,Q
3040,Q,Q,196,197,false,terminal signature,Q
3041,Q,Q,247,248,false,terminal signature,Q
3042,Q,Q,528,529,false,terminal signature,Q+
3043,Q,Q,72,73,false,terminal signature,Q
3044,Q,Q,87,88,false,terminal signature,Q
3045,Q,Q,1133,1134,false,terminal signature,Q
3047,Q,Q,347,348,false,terminal signature,Q
3048,Q,Q,197,198,false,terminal signature,Q
3049,Q,Q,444,445,false,terminal signature,Q
3050,Q,Q,374,375,false,terminal signature,Q
3051,Q,Q,32,33,false,terminal signature,Q
3052,Q,Q,68,69,false,terminal signature,Q
3053,Q,Q,211,212,false,terminal signature,Q
3054,Q,Q,77,78,false,terminal signature,Q
3055,Q,Q,77,78,false,terminal signature,Q
3056,Anons,Anons,56,61,true,,The importance of Anons (Patriots) and your commitment thus far is incalculable.
3056,Q,Q,130,131,false,terminal signature,Q
3058,Q,Q,23,24,false,terminal signature,Q
3059,Q,Q,302,303,false,terminal signature,Q
306,Q,Q,267,268,false,terminal signature,Q
3060,Q,Q,112,113,false,terminal signature,Q
3061,Q,Q,65,66,false,terminal signature,Q
3062,Q,Q,372,373,false,terminal signature,Q
3063,Q,Q,162,163,true,,LOGICAL Q: IF ADAM SCHIFF 'KNEW' EVERYTHING HE'S INVESTIGATING AND STATING PUBLICLY TO BE KNOWINGLY 'FALSE' [DISINFORMATION] WHY THEN WOULD HE TAKE THE COURSE OF ACTION(S) (ONGOING)?
3063,Q,Q,627,628,false,terminal signature,Q
3064,Q,Q,173,174,false,terminal signature,Q
3065,Q,Q,148,149,false,terminal signature,Q
3066,Q,Q,178,179,false,terminal signature,Q
3067,Q,Q,29,30,false,terminal signature,Q
3068,Q,Q,46,47,false,terminal signature,Q
3069,Q,Q,114,115,false,terminal signature,Q
307,Q,Q,67,68,false,terminal signature,Q
3070,Q,Q,32,33,false,terminal signature,Q
3071,Q,Q,473,474,false,terminal signature,Q
3072,Q,Q,49,50,false,terminal signature,Q
3073,Q,Q,117,118,false,terminal signature,Q
3074,Q,Q,98,99,false,terminal signature,Q+
3075,Q,Q,55,56,false,terminal signature,Q+
3076,Q,Q,63,64,false,terminal signature,Q
3077,Q,Q,492,493,false,terminal signature,Q
3078,Q,Q,72,73,false,terminal signature,Q
3079,Q,Q,157,158,false,terminal signature,Q
308,Q,Q,32,33,false,terminal signature,Q
3081,Q,Q,133,134,false,terminal signature,Q
3082,Q,Q,71,72,false,terminal signature,Q
3083,Q,Q,69,70,false,terminal signature,Q
3084,Q,Q,60,61,false,terminal signature,Q
3085,Q,Q,57,58,false,terminal signature,Q
3086,Q,Q,16,17,false,terminal signature,Q
3087,Q,Q,29,30,false,terminal signature,Q
3088,Q,Q,32,33,false,terminal signature,Q
3089,Q,Q,372,373,false,terminal signature,Q
309,Q,Q,9,10,false,terminal signature,Q
3090,Q,Q,11,12,false,terminal signature,Q
3091,Q,Q,19,20,false,terminal signature,Q
3092,Q,Q,79,80,false,terminal signature,Q
3093,Q,Q,33,34,false,terminal signature,Q
3094,Q,Q,38,39,false,terminal signature,Q
3095,Q,Q,104,105,false,terminal signature,Q
3096,Q,Q,62,63,false,terminal signature,Q
3097,Q,Q,67,68,false,terminal signature,Q
3098,Q,Q,78,79,false,terminal signature,Q
3099,Q,Q,18,19,false,terminal signature,Q
310,Q,Q,277,278,false,terminal signature,Q
3100,Q,Q,114,115,false,terminal signature,Q
3101,Q,Q,59,60,false,terminal signature,Q
3102,Q,Q,61,62,false,terminal signature,Q
3103,Q,Q,25,26,false,terminal signature,Q
3104,Q,Q,80,81,false,terminal signature,Q
3108,Q,Q,130,131,false,terminal signature,Q
3109,Q,Q,118,119,false,terminal signature,Q
311,Q,Q,96,97,false,terminal signature,Q
3110,Q,Q,32,33,false,terminal signature,Q
3111,Q,Q,208,209,false,terminal signature,Q
3112,Q,Q,244,245,false,terminal signature,Q
3113,Q,Q,159,160,false,terminal signature,Q
3114,Q,Q,93,94,false,terminal signature,Q
3115,Q,Q,102,103,false,terminal signature,Q
312,Q,Q,125,126,false,terminal signature,Q
3123,Q,Q,76,77,false,terminal signature,Q
3124,Q,Q,566,567,false,terminal signature,Q
3125,Q,Q,290,291,false,terminal signature,Q
3126,Q,Q,262,263,false,terminal signature,Q
3127,Q,Q,27,28,true,,Ask yourself a very simple Q.
3127,Q,Q,312,313,false,terminal signature,Q
3128,Q,Q,170,171,false,terminal signature,Q
3129,Q,Q,93,94,false,terminal signature,Q
313,Q,Q,107,108,false,terminal signature,Q
3130,Q,Q,336,337,false,terminal signature,Q
3131,Q,Q,266,267,false,terminal signature,Q
3132,Q,Q,154,155,false,terminal signature,Q
3133,Q,Q,255,256,false,terminal signature,Q
3134,Q,Q,34,35,false,terminal signature,Q
3135,Q,Q,234,235,false,terminal signature,Q
3136,Q,Q,101,102,false,terminal signature,Q
3137,Q,Q,121,122,false,terminal signature,Q
314,Q,Q,74,75,false,terminal signature,Q
3140,Q,Q,125,126,false,terminal signature,Q
3141,Anons,Anon,21,25,true,,"Thank you, Anon."
3141,Q,Q,27,28,false,terminal signature,Q
3142,Q,Q,30,31,false,terminal signature,Q
315,Q,Q,125,126,false,terminal signature,Q
3152,Q,Q,45,46,false,terminal signature,Q
3155,Anons,Anons,24,29,true,,"Keep digging, Anons."
3155,Q,Q,56,57,false,terminal signature,Q
3156,Q,Q,34,35,false,terminal signature,Q
3157,Q,Q,147,148,false,terminal signature,Q
3158,Q,Q,37,38,false,terminal signature,Q
3159,Q,Q,75,76,false,terminal signature,Q
316,Q,Q,1,2,true,,▶Q (You)!ITPb.qbhqo  12/09/17 (Sat) 10:34:24 571cae No.60291>>60292 >>60296 >>60297 >>60309 >>60311 >>60319 >>60328 >>60331 >>60335 >>60340 >>60349 >>60358 >>60359 >>60363 >>60372 >>60418 >>60421 >>60
316,Q,Q,481,482,true,,Q
316,Q,Q,630,631,false,terminal signature,Q
3160,Q,Q,25,26,false,terminal signature,Q
3161,Q,Q,18,19,false,terminal signature,Q
3162,Anons,Anons,96,101,true,,Anons know?
3162,Q,Q,109,110,false,terminal signature,Q
3163,Q,Q,163,164,false,terminal signature,Q
3165,Q,Q,60,61,false,terminal signature,Q
3166,Q,Q,64,65,false,terminal signature,Q
3167,Q,Q,188,189,false,terminal signature,Q
3168,Q,Q,128,129,false,terminal signature,Q
3169,Q,Q,132,133,false,terminal signature,Q
317,Q,Q,68,69,false,terminal signature,Q
3170,Q,Q,161,162,false,terminal signature,Q
3172,Q,Q,55,56,false,terminal signature,Q
3173,Q,Q,206,207,false,terminal signature,Q
3175,Q,Q,98,99,false,terminal signature,Q
3176,Q,Q,377,378,false,terminal signature,Q
3177,Q,Q,332,333,false,terminal signature,Q
3178,Q,Q,425,426,false,terminal signature,Q
3179,Q,Q,35,36,false,terminal signature,Q
318,Q,Q,47,48,false,terminal signature,Q
3180,Q,Q,169,170,false,terminal signature,Q
3181,Q,Q,96,97,false,terminal signature,Q
3182,Anons,Anons,11,16,true,,"Thank you, Anons, for bringing this to our attention."
3182,Q,Q,462,463,false,terminal signature,Q
3183,Q,Q,114,115,false,terminal signature,Q
3184,Q,Q,80,81,false,terminal signature,Q
3185,Q,Q,62,63,false,terminal signature,Q
3186,QAnon,qanon,95,100,true,,https://www.thedailybeast.com/anthony-comello-gambino-mob-boss-shooting-suspect-radicalized-by-qanon-far-right-sites-even-trump-lawyer-says
3186,Q,Q,255,256,false,terminal signature,Q
3187,Q,Q,130,131,false,terminal signature,Q
319,Q,Q,238,239,false,terminal signature,Q
3190,Q,Q,120,121,false,terminal signature,Q
3191,Q,Q,55,56,false,terminal signature,Q
3192,Q,Q,136,137,false,terminal signature,Q
3193,Q,Q,31,32,false,terminal signature,Q
3194,Q,Q,35,36,false,terminal signature,Q
3195,Q,Q,210,211,false,terminal signature,Q
3196,Q,Q,62,63,false,terminal signature,Q
3197,Q,Q,263,264,false,terminal signature,Q
3198,Q,Q,62,63,false,terminal signature,Q
3199,Q,Q,79,80,false,terminal signature,Q
320,Q,Q,97,98,false,terminal signature,Q
3200,Q,Q,63,64,false,terminal signature,Q
3201,Q,Q,159,160,false,terminal signature,Q
3202,Q,Q,120,121,false,terminal signature,Q
3203,Q,Q,62,63,true,,Q #2849
3203,Q,Q,124,125,false,terminal signature,Q
3204,Q,Q,172,173,false,terminal signature,Q
3206,QAnon,qanon,34,39,true,,http://www.bing.com/news/search?q=qanon&qft=interval%3d%228%22&form=PTFTNR
3206,Q,Q,111,112,false,terminal signature,Q
3208,Anons,Anon,21,25,true,,"Well done, Anon."
3208,Q,Q,68,69,false,terminal signature,Q
321,Q,Q,47,48,false,terminal signature,Q
3210,Q,Q,302,303,false,terminal signature,Q
3211,Q,Q,171,172,false,terminal signature,Q
3212,Q,Q,158,159,false,terminal signature,Q
3215,Q,Q,72,73,false,terminal signature,Q
3216,Q,Q,104,105,false,terminal signature,Q
3218,Q,Q,153,154,false,terminal signature,Q
3219,Q,Q,52,53,false,terminal signature,Q
322,Q,Q,42,43,false,terminal signature,Q
3220,Q,Q,224,225,false,terminal signature,Q
3221,Q,Q,163,164,false,terminal signature,Q
3222,Q,Q,1181,1182,false,terminal signature,Q
3223,Q,Q,76,77,false,terminal signature,Q
3224,Q,Q,138,139,false,terminal signature,Q
3225,Q,Q,65,66,false,terminal signature,Q
3227,Q,Q,310,311,false,terminal signature,Q
3229,Q,Q,49,50,false,terminal signature,Q
323,Q,Q,79,80,false,terminal signature,Q
3230,Q,Q,23,24,true,,Shall we play another 'Q Proof' game?
3230,Q,Q,38,39,false,terminal signature,Q
3231,Q,Q,26,27,false,terminal signature,Q
3232,Q,Q,26,27,false,terminal signature,Q
3233,Q,Q,27,28,false,terminal signature,Q
3234,Q,Q,49,50,false,terminal signature,Q
3236,Q,Q,151,152,false,terminal signature,Q
3237,Q,Q,156,157,false,terminal signature,Q
3239,Q,Q,82,83,false,terminal signature,Q
324,Q,Q,47,48,false,terminal signature,Q
3240,Q,Q,31,32,false,terminal signature,Q
3241,Q,Q,367,368,false,terminal signature,Q
3242,Q,Q,72,73,false,terminal signature,Q
3243,Q,Q,145,146,false,terminal signature,Q
3244,Q,Q,21,22,false,terminal signature,Q
3245,Q,Q,184,185,false,terminal signature,Q
3246,Q,Q,88,89,false,terminal signature,Q
3247,Q,Q,47,48,false,terminal signature,Q
3248,Q,Q,86,87,false,terminal signature,Q
3249,Q,Q,65,66,false,terminal signature,Q
325,Q,Q,142,143,false,terminal signature,Q
3250,Q,Q,88,89,false,terminal signature,Q
3252,Q,Q,66,67,false,terminal signature,Q
3254,Q,Q,5,6,false,terminal signature,Q
3255,Q,Q,190,191,false,terminal signature,Q
3256,Q,Q,92,93,false,terminal signature,Q
3257,Q,Q,73,74,false,terminal signature,Q
3258,Q,Q,146,147,false,terminal signature,Q
3259,Q,Q,110,111,false,terminal signature,Q
326,Q,Q,64,65,false,terminal signature,Q
3260,Q,Q,75,76,false,terminal signature,Q
3261,Q,Q,103,104,false,terminal signature,Q
3262,Q,Q,70,71,false,terminal signature,Q
3263,Q,Q,94,95,false,terminal signature,Q
3264,Q,Q,108,109,false,terminal signature,Q
3265,Q,Q,90,91,false,terminal signature,Q
3266,Q,Q,85,86,false,terminal signature,Q
3267,Q,Q,87,88,false,terminal signature,Q
3268,Q,Q,86,87,false,terminal signature,Q
3269,Q,Q,88,89,false,terminal signature,Q
327,Q,Q,145,146,false,terminal signature,Q
3270,Q,Q,87,88,false,terminal signature,Q
3271,Q,Q,91,92,false,terminal signature,Q
3272,Q,Q,86,87,false,terminal signature,Q
3273,Q,Q,85,86,false,terminal signature,Q
3274,Q,Q,90,91,false,terminal signature,Q
3275,Q,Q,94,95,false,terminal signature,Q
3276,Q,Q,132,133,false,terminal signature,Q
3277,Q,Q,67,68,false,terminal signature,Q
3278,Q,Q,77,78,false,terminal signature,Q
3279,Q,Q,110,111,true,,Pre_Mueller restrictions re: FALSE call-ins re: Q threats by [THEM].
3279,Q,Q,196,197,false,terminal signature,Q
328,Q,Q,127,128,false,terminal signature,Q
3280,Q,Q,87,88,false,terminal signature,Q
3281,Q,Q,78,79,false,terminal signature,Q
3282,Q,Q,80,81,false,terminal signature,Q
3283,Q,Q,90,91,false,terminal signature,Q
3284,Q,Q,90,91,false,terminal signature,Q
3285,Q,Q,86,87,false,terminal signature,Q
3286,Q,Q,104,105,false,terminal signature,Q
3287,Q,Q,86,87,false,terminal signature,Q
3288,Q,Q,66,67,false,terminal signature,Q
3289,Q,Q,69,70,false,terminal signature,Q
329,Q,Q,51,52,false,terminal signature,Q
3290,Q,Q,85,86,false,terminal signature,Q
3291,Q,Q,87,88,false,terminal signature,Q
3292,Q,Q,130,131,false,terminal signature,Q
3293,Q,Q,84,85,false,terminal signature,Q
3294,Q,Q,117,118,false,terminal signature,Q
3295,Q,Q,87,88,false,terminal signature,Q
3296,Q,Q,86,87,false,terminal signature,Q
3297,Q,Q,102,103,false,terminal signature,Q
3298,Q,Q,86,87,false,terminal signature,Q
3299,Q,Q,111,112,false,terminal signature,Q
330,Q,Q,59,60,false,terminal signature,Q
3300,Q,Q,97,98,false,terminal signature,Q
3301,Q,Q,89,90,false,terminal signature,Q
3302,Q,Q,85,86,false,terminal signature,Q
3303,Q,Q,19,20,false,terminal signature,Q
3304,Q,Q,237,238,false,terminal signature,Q
3305,Q,Q,119,120,false,terminal signature,Q
3306,Q,Q,468,469,false,terminal signature,Q
3307,Q,Q,144,145,false,terminal signature,Q
3308,Q,Q,45,46,false,terminal signature,Q
3309,Q,Q,150,151,true,,How many FAKE NEWS Twitter journalists are tweeting about ‘Q’ today re: rally attendance last night?
3309,Q,Q,218,219,false,terminal signature,Q
3310,Q,Q,91,92,false,source material — sustained prose block — pasted or quoted passage,"Other than POTUS, can you name a group more attacked than ‘Q’ by the FAKE NEWS media."
3310,Q,Q,284,285,false,terminal signature,Q
3311,Q,Q,83,84,false,terminal signature,Q
3312,Q,Q,403,404,true,,Why is there a constant flow of disinformation being pushed re: Q?
3312,Q,Q,938,939,false,terminal signature,Q
3313,Q,Q,80,81,false,terminal signature,Q
3314,Q,Q,110,111,false,terminal signature,Q
3315,Q,Q,22,23,false,terminal signature,Q
3316,Q,Q,986,987,false,terminal signature,Q
3317,Q,Q,119,120,false,terminal signature,Q
3319,Q,Q,29,30,false,terminal signature,Q
332,Q,Q,54,55,false,terminal signature,Q
3320,Q,Q,24,25,false,URL or path,https://twitter.com/Sun_Q_Tzu/status/1121258711253770240
3320,Q,Q,135,136,false,terminal signature,Q
3321,Anons,Anons,36,41,true,,"Good find, Anons."
3321,Q,Q,105,106,false,terminal signature,Q
3322,Q,Q,74,75,false,terminal signature,Q
3323,Q,Q,78,79,false,terminal signature,Q
3324,Q,Q,124,125,false,terminal signature,Q
3325,Q,Q,325,326,false,terminal signature,Q
3326,Q,Q,117,118,false,terminal signature,Q
3327,Q,Q,110,111,false,terminal signature,Q
3328,Q,Q,92,93,false,terminal signature,Q
3329,Q,Q,279,280,false,terminal signature,Q
333,Q,Q,53,54,false,terminal signature,Q
3330,Q,Q,257,258,false,terminal signature,Q
3331,Q,Q,165,166,false,terminal signature,Q
3332,Q,Q,54,55,false,terminal signature,Q
3333,Q,Q,44,45,false,terminal signature,Q
3334,Q,Q,167,168,false,terminal signature,Q
3336,Q,Q,140,141,false,terminal signature,Q
3337,Q,Q,77,78,false,terminal signature,Q
3338,Q,Q,28,29,false,terminal signature,Q
3339,Q,Q,137,138,false,terminal signature,Q
334,Q,Q,17,18,false,terminal signature,Q
3340,Q,Q,135,136,false,terminal signature,Q
3341,Q,Q,84,85,false,terminal signature,Q
3344,Q,Q,120,121,false,terminal signature,Q
3347,Q,Q,100,101,false,terminal signature,Q
3348,Q,Q,101,102,false,terminal signature,Q
335,Q,Q,11,12,true,,Timestamp [Q] post [:03] against POTUS' Tweet [:13].
335,Q,Q,76,77,false,terminal signature,Q
3350,Q,Q,10,11,false,terminal signature,Q
3351,Q,Q,89,90,false,terminal signature,Q
3352,Q,Q,37,38,false,terminal signature,Q
3353,Q,Q,181,182,false,terminal signature,Q
3354,Q,Q,494,495,false,terminal signature,Q
3355,Q,Q,59,60,false,terminal signature,Q
3358,Q,Q,131,132,false,terminal signature,Q
3359,Q,Q,21,22,false,terminal signature,Q
336,Q,Q,223,224,false,terminal signature,Q
3360,Q,Q,19,20,false,terminal signature,Q
3361,Q,Q,116,117,false,terminal signature,Q
3362,Q,Q,124,125,false,terminal signature,Q
3363,Q,Q,233,234,false,terminal signature,Q
3364,Q,Q,115,116,false,terminal signature,Q
3366,Q,Q,60,61,false,terminal signature,Q
3367,Q,Q,40,41,false,terminal signature,Q
3369,Q,Q,384,385,false,terminal signature,Q
337,Q,Q,461,462,false,terminal signature,Q
3370,Q,Q,251,252,false,terminal signature,Q
3371,Q,Q,102,103,false,terminal signature,Q
3372,Q,Q,19,20,false,terminal signature,Q
3373,Q,Q,38,39,false,terminal signature,Q
3374,Q,Q,45,46,false,terminal signature,Q
3375,Q,Q,55,56,false,terminal signature,Q
3376,Q,Q,48,49,false,terminal signature,Q
3377,Q,Q,17,18,false,terminal signature,Q+
3378,Q,Q,24,25,false,terminal signature,Q+
3379,Q,Q,100,101,false,terminal signature,Q
338,Q,Q,11,12,false,terminal signature,Q
3381,Q,Q,448,449,false,terminal signature,Q
3382,Q,Q,14,15,false,terminal signature,Q
3383,Q,Q,779,780,false,terminal signature,Q
3384,Q,Q,140,141,false,terminal signature,Q
3385,Q,Q,190,191,false,terminal signature,Q
3386,Q,Q,157,158,false,terminal signature,Q
3387,Q,Q,238,239,false,terminal signature,Q
3388,Q,Q,147,148,false,terminal signature,Q
3389,Q,Q,317,318,false,terminal signature,Q
3390,Q,Q,110,111,false,terminal signature,Q
3391,Q,Q,59,60,false,terminal signature,Q
3392,Q,Q,143,144,false,terminal signature,Q
3393,Q,Q,83,84,false,terminal signature,Q
3394,Q,Q,216,217,false,terminal signature,Q
3395,Q,Q,174,175,false,terminal signature,Q
3396,Q,Q,545,546,false,terminal signature,Q
3397,Q,Q,122,123,false,terminal signature,Q
3398,Q,Q,29,30,false,terminal signature,Q
3399,Q,Q,375,376,false,terminal signature,Q
34,Q,Q,0,1,false,Q clearance / Q fever — not the persona,Q Clearance Patriot
340,Q,Q,98,99,false,terminal signature,Q
3401,Q,Q,54,55,false,terminal signature,Q
3402,Q,Q,45,46,false,terminal signature,Q
3404,Q,Q,48,49,false,terminal signature,Q
3405,Q,Q,838,839,false,terminal signature,Q
3406,Q,Q,58,59,false,terminal signature,Q
3407,Q,Q,36,37,false,terminal signature,Q
3408,Q,Q,134,135,false,terminal signature,Q
3409,Q,Q,1825,1826,false,terminal signature,Q
341,Q,Q,599,600,false,terminal signature,Q
3410,Q,Q,103,104,false,terminal signature,Q
3411,Q,Q,2062,2063,false,terminal signature,Q
3412,Q,Q,44,45,false,terminal signature,Q
3413,Anons,Anons,11,16,true,,"Well done, Anons."
3413,Q,Q,18,19,false,terminal signature,Q
3414,Anons,Anons,5,10,true,,Only Anons can fully appreciate the continued 'validation(s)/confirmation(s) thru covert' (series of mathematically impossible coincidences) means in order to maintain structural integrity.
3414,Q,Q,202,203,false,terminal signature,Q
3415,Q,Q,168,169,false,terminal signature,Q
3417,Q,Q,375,376,false,terminal signature,Q
3418,Q,Q,65,66,false,terminal signature,Q
3419,Q,Q,99,100,false,terminal signature,Q
342,Q,Q,21,22,false,terminal signature,Q
3420,Q,Q,94,95,false,terminal signature,Q
3421,Q,Q,72,73,false,terminal signature,Q
3422,Q,Q,61,62,false,terminal signature,Q
3423,Q,Q,68,69,false,terminal signature,Q
3424,Q,Q,54,55,false,terminal signature,Q
3425,Anons,Anons,110,115,true,,Anons know.
3425,Q,Q,122,123,false,terminal signature,Q
3426,Q,Q,115,116,false,terminal signature,Q
3427,Q,Q,94,95,false,terminal signature,Q
3428,Q,Q,358,359,false,terminal signature,Q
3429,Q,Q,142,143,false,terminal signature,Q
343,Q,Q,29,30,false,terminal signature,Q
3430,Q,Q,21,22,false,terminal signature,Q
3431,Q,Q,132,133,false,terminal signature,Q
3432,Q,Q,134,135,false,terminal signature,Q
3433,Q,Q,130,131,false,terminal signature,Q
3434,Q,Q,20,21,false,terminal signature,Q
3435,Q,Q,76,77,false,terminal signature,Q
3436,Q,Q,74,75,false,terminal signature,Q
3437,Q,Q,167,168,false,terminal signature,Q
3438,Q,Q,21,22,false,terminal signature,Q
3439,Q,Q,99,100,false,terminal signature,Q
344,Q,Q,111,112,false,terminal signature,Q
3440,Anons,Anons,89,94,true,,For Anons/Patriots.
3440,Q,Q,105,106,false,terminal signature,Q
3441,Q,Q,78,79,false,terminal signature,Q
3442,Q,Q,140,141,false,terminal signature,Q
3443,Q,Q,25,26,false,terminal signature,Q
3444,Q,Q,119,120,false,terminal signature,Q
3445,Q,Q,80,81,false,terminal signature,Q
3446,Q,Q,34,35,false,terminal signature,Q
3447,Q,Q,239,240,false,terminal signature,Q
3448,Q,Q,96,97,false,terminal signature,Q
3449,Q,Q,19,20,false,terminal signature,Q
345,Q,Q,113,114,false,terminal signature,Q
3451,Q,Q,75,76,false,terminal signature,Q
3452,Q,Q,78,79,false,terminal signature,Q
3453,Q,Q,102,103,false,terminal signature,Q
3454,Q,Q,483,484,false,terminal signature,Q
3455,Q,Q,33,34,false,terminal signature,Q
3456,Q,Q,19,20,false,terminal signature,Q
3457,Q,Q,51,52,false,terminal signature,Q
3458,Q,Q,655,656,false,terminal signature,Q
3459,Q,Q,164,165,true,,Ask yourself a very simple Q - why?
3459,Q,Q,220,221,false,terminal signature,Q
346,Q,Q,32,33,false,terminal signature,Q
3460,Q,Q,108,109,false,terminal signature,Q
3461,Q,Q,61,62,false,terminal signature,Q
3464,Q,Q,138,139,false,terminal signature,Q
3465,Q,Q,89,90,false,terminal signature,Q
3466,Q,Q,41,42,false,terminal signature,Q
3468,Q,Q,88,89,false,terminal signature,Q
3469,Q,Q,533,534,false,terminal signature,Q
347,Q,Q,18,19,false,terminal signature,Q
3470,Q,Q,58,59,false,terminal signature,Q
3471,Q,Q,107,108,false,terminal signature,Q
3472,Q,Q,30,31,false,terminal signature,Q
3473,Q,Q,558,559,false,terminal signature,Q
3474,Q,Q,147,148,false,terminal signature,Q
3475,Q,Q,47,48,false,terminal signature,Q
3477,Anons,Anon,93,97,true,,The POWER of Anon research.
3477,Q,Q,109,110,false,terminal signature,Q
3478,Q,Q,19,20,false,terminal signature,Q
3479,Q,Q,19,20,false,terminal signature,Q
348,Q,Q,87,88,false,terminal signature,Q
3481,Q,Q,105,106,false,terminal signature,Q
3483,Q,Q,197,198,false,terminal signature,Q
3485,Q,Q,36,37,false,terminal signature,Q
3486,Q,Q,47,48,false,terminal signature,Q
3487,Q,Q,87,88,false,terminal signature,Q
3488,Q,Q,129,130,false,terminal signature,Q
349,Q,Q,117,118,false,terminal signature,Q
3490,Q,Q,61,62,false,terminal signature,Q
3491,Q,Q,19,20,false,terminal signature,Q
3492,Q,Q,154,155,false,terminal signature,Q
3493,Q,Q,62,63,false,terminal signature,Q
3494,Q,Q,86,87,false,terminal signature,Q
3495,Q,Q,82,83,false,terminal signature,Q
3496,Q,Q,292,293,false,terminal signature,Q
3498,Q,Q,111,112,false,terminal signature,Q
3499,Q,Q,83,84,false,terminal signature,Q
350,Q,Q,1492,1493,true,,Q
3500,Q,Q,71,72,false,terminal signature,Q
3501,Q,Q,656,657,false,terminal signature,Q
3503,Anons,Anons,52,57,true,,& we wouldn't be here without all of you (Anons/Patriots).
3503,Q,Q,94,95,false,terminal signature,Q
3504,Anons,Anons,0,5,true,,Anons going to play the new 'Save the Children from…….' video game when released?
3504,Q,Q,128,129,false,terminal signature,Q
3505,Q,Q,56,57,false,terminal signature,Q
3506,Q,Q,136,137,false,terminal signature,Q
3507,Q,Q,1382,1383,false,terminal signature,Q
3508,Q,Q,99,100,false,terminal signature,Q
3509,Q,Q,141,142,false,terminal signature,Q
351,Q,Q,20,21,false,terminal signature,Q
3510,Q,Q,68,69,false,terminal signature,Q
3511,Q,Q,61,62,false,terminal signature,Q
3512,Q,Q,12,13,false,terminal signature,Q
3514,Q,Q,224,225,false,terminal signature,Q
3518,Q,Q,98,99,true,,Ask yourself a very simple Q -
3518,Q,Q,209,210,false,terminal signature,Q
352,Q,Q,53,54,false,terminal signature,Q
3520,Q,Q,21,22,false,terminal signature,Q
3521,Q,Q,80,81,false,terminal signature,Q
3522,Q,Q,55,56,false,terminal signature,Q
3523,Q,Q,126,127,false,terminal signature,Q
3524,Q,Q,138,139,false,terminal signature,Q
3525,Q,Q,121,122,false,terminal signature,Q
3526,Q,Q,71,72,false,terminal signature,Q
3527,Q,Q,63,64,false,terminal signature,Q
3528,Q,Q,76,77,false,terminal signature,Q
3529,Q,Q,244,245,false,terminal signature,Q
353,Q,Q,98,99,false,terminal signature,Q
3530,Q,Q,198,199,false,terminal signature,Q
3531,Q,Q,111,112,false,terminal signature,Q
3532,Q,Q,176,177,false,terminal signature,Q
3533,Q,Q,240,241,false,terminal signature,Q
3534,Q,Q,279,280,false,terminal signature,Q
3535,Anons,Anons,10,15,true,,Anons crashed the site.
3535,Q,Q,76,77,false,terminal signature,Q
3536,Q,Q,167,168,false,terminal signature,Q
3537,Q,Q,25,26,false,terminal signature,Q
3538,Q,Q,83,84,false,terminal signature,Q
3539,Q,Q,162,163,false,terminal signature,Q
354,Q,Q,1492,1493,false,terminal signature,Q
3540,Q,Q,99,100,true,,Ask yourself a simple Q - why?
3540,Q,Q,125,126,false,terminal signature,Q
3541,Q,Q,78,79,false,terminal signature,Q
3542,Q,Q,44,45,false,terminal signature,Q
3543,Q,Q,83,84,false,terminal signature,Q
3544,Q,Q,57,58,false,terminal signature,Q
3545,Q,Q,54,55,false,terminal signature,Q
3546,Q,Q,21,22,false,terminal signature,Q
355,Q,Q,17,18,false,terminal signature,Q
3552,Q,Q,38,39,false,terminal signature,Q
3553,Q,Q,72,73,false,terminal signature,Q
3555,Q,Q,82,83,false,terminal signature,Q
3556,Q,Q,61,62,false,terminal signature,Q
3557,Q,Q,125,126,false,terminal signature,Q
3558,Q,Q,290,291,false,terminal signature,Q
3559,Q,Q,145,146,false,terminal signature,Q
356,Q,Q,11,12,false,terminal signature,Q
3560,Q,Q,29,30,false,terminal signature,Q
3561,Q,Q,70,71,true,,Logical Q.
3561,Q,Q,73,74,false,terminal signature,Q
3562,Q,Q,70,71,true,,Logical Q.
3562,Q,Q,73,74,false,terminal signature,Q
3563,Q,Q,501,502,false,terminal signature,Q
3565,Q,Q,97,98,false,terminal signature,Q
3566,Q,Q,107,108,false,terminal signature,Q
3567,Q,Q,129,130,false,terminal signature,Q
3568,Q,Q,95,96,false,terminal signature,Q
3569,Q,Q,196,197,false,terminal signature,Q
357,Q,Q,67,68,false,terminal signature,Q
3570,Q,Q,117,118,false,terminal signature,Q
3572,Q,Q,197,198,false,terminal signature,Q
3573,Q,Q,44,45,false,terminal signature,Q
3574,Q,Q,129,130,false,terminal signature,Q
3575,Q,Q,6,7,false,terminal signature,Q
3576,Q,Q,16,17,false,terminal signature,Q
3577,Q,Q,63,64,false,terminal signature,Q
3578,Q,Q,59,60,false,terminal signature,Q
3579,Q,Q,92,93,false,terminal signature,Q
358,Q,Q,86,87,false,terminal signature,Q
3580,Q,Q,346,347,false,terminal signature,Q
3581,Q,Q,44,45,true,,Month/Day 'Q' public campaign initiated?
3581,QAnon,qanon,448,453,true,,https://www.rollingstone.com/culture/culture-news/frank-cali-murder-mafia-boss-qanon-motive-anthony-comello-861777/
3581,Q,Q,607,608,true,,"""What if there's another prosecutor (outside of DC) assigned by SESSIONS w/ the same mandate/authority?"" - Q"
3581,Q,Q,666,667,false,terminal signature,Q
3582,Q,Q,102,103,false,terminal signature,Q
3583,Q,Q,125,126,false,source material — inside a multi-line quotation,"He did not have his updated phone number."" - Q"
3583,Q,Q,420,421,false,terminal signature,Q
3584,Q,Q,212,213,true,,“Project DeepDream v2[A]?” – Q
3584,Q,Q,246,247,false,terminal signature,Q
3585,Q,Q,121,122,false,terminal signature,Q
3586,Q,Q,601,602,false,terminal signature,Q
3587,Q,Q,27,28,false,terminal signature,Q
3588,Q,Q,111,112,true,,"""SURV of SC/JS terminated."" - Q"
3588,Q,Q,1116,1117,true,,"“Increase in attacks (de-platform, shill infiltration, MSM/Fake MAGA direct, link(s) to terrorism/acts of violence) only demonstrates validity and close proximity to JUSTICE [PAIN].” - Q"
3588,Q,Q,1522,1523,false,terminal signature,Q
3589,Q,Q,163,164,false,terminal signature,Q
359,Q,Q,9,10,false,terminal signature,Q
3590,Q,Q,433,434,false,terminal signature,Q
3591,Q,Q,63,64,false,terminal signature,Q
3592,Q,Q,121,122,false,terminal signature,Q
3593,Q,Q,1022,1023,false,terminal signature,Q
3594,Q,Q,1009,1010,false,terminal signature,Q
3595,Q,Q,841,842,false,terminal signature,Q
3596,Q,Q,132,133,false,terminal signature,Q
3597,Anons,anons,149,154,true,,Date ‘anons’ became aware?
3597,Q,Q,302,303,false,terminal signature,Q
3598,Q,Q,213,214,false,terminal signature,Q
3599,Q,Q,240,241,false,terminal signature,Q
3600,Q,Q,81,82,false,terminal signature,Q
3601,Q,Q,102,103,false,terminal signature,Q
3602,Q,Q,188,189,false,terminal signature,Q
3603,Q,Q,107,108,false,terminal signature,Q
3604,Q,Q,239,240,true,,"""Step Four: Open 'new' Fake & False investigations as CHAIRMAN of the House Intel Comm to retain disinformation campaign designed to keep liberal/D Americans onboard to regain POWER & PREVENT prosecut"
3604,Q,Q,304,305,false,terminal signature,Q
3605,Q,Q,147,148,false,terminal signature,Q
3606,Q,Q,29,30,false,terminal signature,Q
3607,Q,Q,370,371,false,terminal signature,Q
3608,Q,Q,405,406,false,terminal signature,Q
3609,Q,Q,85,86,false,terminal signature,Q
361,Q,Q,22,23,false,terminal signature,Q
3610,Q,Q,199,200,false,terminal signature,Q
3611,Q,Q,247,248,false,terminal signature,Q
3612,Q,Q,51,52,false,terminal signature,Q
3613,Q,Q,3344,3345,false,terminal signature,Q
3614,Q,Q,83,84,false,terminal signature,Q
3615,Q,Q,71,72,false,terminal signature,Q
3616,Q,Q,116,117,false,terminal signature,Q
3617,Q,Q,99,100,false,terminal signature,Q
3618,Q,Q,239,240,false,terminal signature,Q
3619,Q,Q,274,275,false,terminal signature,Q
362,Q,Q,130,131,false,terminal signature,Q
3620,Q,Q,105,106,false,terminal signature,Q
3621,Q,Q,148,149,false,terminal signature,Q
3622,Q,Q,87,88,false,terminal signature,Q
3623,Q,Q,830,831,false,terminal signature,Q
3624,Q,Q,109,110,false,terminal signature,Q
3625,Q,Q,123,124,false,terminal signature,Q
3626,Q,Q,118,119,false,terminal signature,Q
3627,Anons,Anon,58,62,true,,Anon interaction coming soon.
3627,Q,Q,88,89,false,terminal signature,Q
3628,Q,Q,120,121,false,terminal signature,Q
3629,Q,Q,58,59,false,terminal signature,Q
363,Q,Q,45,46,false,terminal signature,Q
3630,Q,Q,50,51,false,terminal signature,Q
3631,Q,Q,50,51,false,terminal signature,Q
3633,Q,Q,40,41,false,terminal signature,Q
3634,Q,Q,875,876,false,terminal signature,Q
3635,Q,Q,123,124,false,terminal signature,Q
3636,Q,Q,241,242,false,terminal signature,Q
3639,Q,Q,14,15,false,terminal signature,Q
364,Q,Q,90,91,false,terminal signature,Q
3640,Q,Q,84,85,false,terminal signature,Q
3641,Q,Q,30,31,false,terminal signature,Q
3642,Q,Q,31,32,false,terminal signature,Q
3644,QAnon,qanon,185,190,true,,http://www.bing.com/news/search?q=qanon&qft=interval%3d%229%22&form=PTFTNR
3644,Q,Q,277,278,false,terminal signature,Q
3645,Anons,Anons,10,15,true,,"Be ready, Anons."
3645,Q,Q,42,43,false,terminal signature,Q
3646,Anons,Anons,0,5,true,,"Anons, why would we provide the date of the FISA release?"
3646,Q,Q,100,101,false,terminal signature,Q
3647,Q,Q,1055,1056,false,terminal signature,Q
3649,Q,Q,43,44,false,terminal signature,Q
365,Q,Q,312,313,false,URL or path,Q/POTUS-1
365,Q,Q,322,323,false,URL or path,Q/POTUS-2
365,Q,Q,332,333,false,URL or path,Q/POTUS-3
365,Q,Q,342,343,false,URL or path,Q/POTUS-4 [10]
365,Q,Q,357,358,false,URL or path,Q/POTUS-5
365,Q,Q,582,583,false,terminal signature,Q
3650,Q,Q,935,936,false,terminal signature,Q
3651,Q,Q,264,265,false,terminal signature,Q
3652,Q,Q,174,175,false,terminal signature,Q
3654,Q,Q,645,646,false,terminal signature,Q
3655,Q,Q,180,181,false,terminal signature,Q
3656,Q,Q,1081,1082,false,terminal signature,Q
3658,Q,Q,152,153,false,terminal signature,Q
3659,Q,Q,329,330,false,terminal signature,Q
3660,Q,Q,66,67,false,terminal signature,Q
3661,Q,Q,100,101,false,terminal signature,Q
3662,Q,Q,172,173,false,terminal signature,Q
3663,Q,Q,149,150,false,terminal signature,Q
3664,Q,Q,72,73,false,terminal signature,Q
3665,Q,Q,160,161,false,terminal signature,Q
3667,Q,Q,185,186,true,,Q start.
3667,Q,Q,280,281,false,terminal signature,Q
3668,Q,Q,236,237,false,terminal signature,Q
3669,Q,Q,97,98,false,terminal signature,Q
367,Q,Q,26,27,false,terminal signature,Q
3670,Q,Q,106,107,false,terminal signature,Q
3671,Q,Q,167,168,false,terminal signature,Q
3673,Q,Q,41,42,true,,Month/day 'Q' public campaign initiated?
3673,Q,Q,158,159,false,terminal signature,Q
3674,Q,Q,194,195,false,terminal signature,Q
3677,Q,Q,132,133,false,terminal signature,Q
3678,Q,Q,113,114,false,terminal signature,Q
3679,Q,Q,290,291,false,terminal signature,Q
368,Q,Q,110,111,false,terminal signature,Q
3680,Q,Q,290,291,false,terminal signature,Q
3681,Q,Q,80,81,false,terminal signature,Q
3682,Q,Q,129,130,false,terminal signature,Q
3683,Q,Q,199,200,false,terminal signature,Q
3684,Q,Q,90,91,false,terminal signature,Q
3685,Anons,Anons,0,5,true,,Anons determine significance of 1:29 from [Dec 2] drop?
3685,Q,Q,92,93,false,terminal signature,Q
3686,Q,Q,73,74,false,terminal signature,Q
3687,Q,Q,73,74,false,terminal signature,Q
3688,Q,Q,48,49,false,URL or path,Think Q/Durham start date.
3688,Q,Q,99,100,false,terminal signature,Q
3689,Q,Q,160,161,false,terminal signature,Q
369,Q,Q,24,25,false,terminal signature,Q
3690,Q,Q,41,42,false,terminal signature,Q
3691,Q,Q,26,27,false,terminal signature,Q
3692,Q,Q,40,41,false,terminal signature,Q
3693,Q,Q,376,377,false,terminal signature,Q
3694,Q,Q,27,28,false,terminal signature,Q
3695,Q,Q,28,29,false,terminal signature,Q
3697,Q,Q,111,112,false,terminal signature,Q
3699,Q,Q,70,71,false,terminal signature,Q
370,Q,Q,34,35,false,terminal signature,Q
3701,Q,Q,134,135,false,terminal signature,Q
3702,Q,Q,562,563,false,terminal signature,Q
3703,Anons,Anons,0,5,true,,Anons IDEN the 'error' made re: Corney v Comey?
3703,Q,Q,75,76,false,terminal signature,Q
3704,Q,Q,113,114,false,terminal signature,Q
3705,Q,Q,113,114,false,terminal signature,Q
3707,Anons,Anons,93,98,true,,"Merry Christmas, Anons/Patriots."
3707,Q,Q,129,130,false,terminal signature,Q
3708,Q,Q,31,32,false,terminal signature,Q
3709,Q,Q,61,62,false,terminal signature,Q
371,Q,Q,111,112,false,terminal signature,Q
3711,Q,Q,29,30,false,terminal signature,Q
3712,Q,Q,116,117,false,terminal signature,Q
3713,Q,Q,117,118,false,terminal signature,Q
3714,Q,Q,409,410,false,terminal signature,Q
3715,Q,Q,126,127,false,terminal signature,Q
3716,Q,Q,169,170,false,terminal signature,Q
3717,Q,Q,169,170,false,terminal signature,Q
3718,Q,Q,150,151,false,terminal signature,Q
3719,Q,Q,138,139,false,terminal signature,Q
372,Q,Q,94,95,false,terminal signature,Q
3720,Q,Q,87,88,false,terminal signature,Q
3721,Q,Q,3461,3462,false,terminal signature,Q
3722,Q,Q,63,64,false,terminal signature,Q
3723,Q,Q,82,83,false,terminal signature,Q
3724,Q,Q,466,467,false,terminal signature,Q
3725,Q,Q,271,272,false,terminal signature,Q
3726,Q,Q,112,113,false,terminal signature,Q
3727,Q,Q,157,158,false,terminal signature,Q
3728,Q,Q,344,345,false,terminal signature,Q
3729,Q,Q,69,70,false,terminal signature,Q
373,Q,Q,138,139,false,terminal signature,Q
3730,Q,Q,71,72,false,terminal signature,Q+
3731,Q,Q,82,83,false,terminal signature,Q
3732,Q,Q,88,89,false,terminal signature,Q
3733,Q,Q,32,33,false,terminal signature,Q
3734,Anons,Anons,80,85,true,,Do comms only go to Anons?
3734,Q,Q,140,141,false,terminal signature,Q
3735,Q,Q,45,46,false,terminal signature,Q
3736,Q,Q,58,59,false,terminal signature,Q
3737,Q,Q,61,62,false,terminal signature,Q
3738,Q,Q,182,183,false,terminal signature,Q
3739,Q,Q,182,183,false,terminal signature,Q
374,Q,Q,96,97,false,terminal signature,Q
3740,Q,Q,263,264,false,terminal signature,Q
3741,Q,Q,813,814,false,terminal signature,Q
3742,Q,Q,458,459,false,terminal signature,Q
3743,Q,Q,57,58,false,terminal signature,Q
3746,Q,Q,58,59,false,terminal signature,Q
3748,Q,Q,529,530,false,terminal signature,Q
3749,Q,Q,387,388,false,terminal signature,Q
375,Q,Q,44,45,false,terminal signature,Q
3750,Q,Q,464,465,false,terminal signature,Q
3751,Q,Q,62,63,false,terminal signature,Q
3752,Anons,Anons,34,39,true,,"Keep up the good fight, Anons."
3752,Q,Q,41,42,false,terminal signature,Q
3753,Q,Q,60,61,false,terminal signature,Q
3754,Q,Q,195,196,false,terminal signature,Q
3755,Q,Q,86,87,false,terminal signature,Q
3756,Q,Q,35,36,false,terminal signature,Q
3758,Q,Q,120,121,false,terminal signature,Q
3759,Q,Q,26,27,false,terminal signature,Q
376,Q,Q,62,63,false,terminal signature,Q
3760,Q,Q,59,60,false,terminal signature,Q
3761,Q,Q,109,110,false,terminal signature,Q
3762,Q,Q,372,373,false,terminal signature,Q
3763,Q,Q,34,35,false,terminal signature,Q
3764,Q,Q,970,971,false,terminal signature,Q
3767,Q,Q,79,80,false,terminal signature,Q
3768,Q,Q,76,77,false,terminal signature,Q
377,Q,Q,96,97,false,terminal signature,Q
3770,Q,Q,181,182,false,terminal signature,Q
3771,Q,Q,119,120,false,terminal signature,Q
3772,Q,Q,208,209,false,terminal signature,Q
3773,Q,Q,18,19,false,terminal signature,Q
3774,Q,Q,563,564,false,terminal signature,Q
3775,Q,Q,21,22,false,terminal signature,Q
3777,Q,Q,44,45,false,terminal signature,Q
3778,Q,Q,687,688,false,terminal signature,Q
3779,Q,Q,223,224,false,terminal signature,Q
378,Q,Q,29,30,false,terminal signature,Q
3780,Q,Q,70,71,false,terminal signature,Q
3781,Anons,Anon,21,25,true,,"Thank you, Anon."
3781,Q,Q,69,70,false,terminal signature,Q
3782,Q,Q,14,15,false,terminal signature,Q
3783,Q,Q,119,120,false,terminal signature,Q
3784,Q,Q,343,344,false,terminal signature,Q
3785,Q,Q,61,62,false,terminal signature,Q
3786,Q,Q,137,138,false,terminal signature,Q
3787,Q,Q,116,117,false,terminal signature,Q
3788,Q,Q,279,280,false,terminal signature,Q
3789,Q,Q,167,168,false,terminal signature,Q
379,Q,Q,21,22,false,terminal signature,Q
3790,Q,Q,259,260,false,terminal signature,Q
3791,Anons,Anons,121,126,true,,"[Anons: August 31, 2018]"
3791,Q,Q,283,284,false,terminal signature,Q
3792,Q,Q,193,194,false,terminal signature,Q
3793,Q,Q,89,90,false,terminal signature,Q
3794,Q,Q,44,45,false,terminal signature,Q
3795,Q,Q,11,12,false,terminal signature,Q
3796,Q,Q,67,68,false,terminal signature,Q
3797,Q,Q,26,27,false,terminal signature,Q
3798,Q,Q,288,289,false,terminal signature,Q
3799,Q,Q,153,154,false,terminal signature,Q
380,Q,Q,16,17,false,terminal signature,Q
3800,Anons,Anons,42,47,true,,Anons found the subtle hint dropped in the beginning.
3800,Q,Q,123,124,true,,Think 'Q' start.
3800,Q,Q,163,164,false,terminal signature,Q
3801,Q,Q,138,139,false,terminal signature,Q
3802,Q,Q,68,69,false,terminal signature,Q
3804,Q,Q,61,62,false,terminal signature,Q
3805,Q,Q,88,89,false,terminal signature,Q
3806,Q,Q,276,277,false,terminal signature,Q
3807,Q,Q,25,26,false,terminal signature,Q
3808,Q,Q,160,161,false,terminal signature,Q
3809,Q,Q,208,209,false,terminal signature,Q
381,Q,Q,91,92,false,terminal signature,Q
3810,Q,Q,100,101,false,terminal signature,Q
3811,Q,Q,56,57,false,terminal signature,Q
3812,Q,Q,150,151,false,terminal signature,Q
3813,Q,Q,75,76,false,terminal signature,Q
3814,Q,Q,58,59,false,terminal signature,Q
3815,Q,Q,199,200,false,terminal signature,Q
3816,Q,Q,78,79,false,terminal signature,Q
3817,Q,Q,73,74,false,terminal signature,Q
3819,Anons,Anons,210,215,true,,"Well done, Anons."
3819,Q,Q,218,219,false,terminal signature,Q
382,Q,Q,77,78,false,terminal signature,Q
3820,Q,Q,90,91,false,terminal signature,Q
3821,Q,Q,242,243,false,terminal signature,Q
3824,Q,Q,166,167,false,terminal signature,Q
3825,Q,Q,239,240,false,terminal signature,Q
3826,Q,Q,97,98,false,terminal signature,Q
3827,Q,Q,50,51,false,terminal signature,Q
3828,Q,Q,44,45,false,terminal signature,Q
383,Q,Q,16,17,false,terminal signature,Q
3831,Q,Q,259,260,false,terminal signature,Q
3832,Q,Q,63,64,false,terminal signature,Q
3833,Q,Q,53,54,false,terminal signature,Q
3834,Q,Q,136,137,false,terminal signature,Q
3835,Q,Q,286,287,false,terminal signature,Q
3836,Q,Q,143,144,false,source material — sustained prose block — pasted or quoted passage,Think Hussein 'I'll have more flexibility after the election' hot mic statement to Russian depo re: Q to Hussein re: Putin.
3836,Q,Q,1059,1060,false,terminal signature,Q
3837,Q,Q,801,802,false,terminal signature,Q
3838,Q,Q,577,578,false,terminal signature,Q
3839,Q,Q,82,83,false,terminal signature,Q
384,Q,Q,13,14,false,terminal signature,Q
3840,Q,Q,61,62,false,terminal signature,Q
3841,Q,Q,624,625,false,terminal signature,Q
3842,Q,Q,411,412,false,terminal signature,Q
3843,Q,Q,287,288,false,terminal signature,Q
3844,Q,Q,59,60,false,terminal signature,Q
3845,Q,Q,100,101,false,terminal signature,Q
3846,Q,Q,102,103,false,terminal signature,Q
3847,Q,Q,69,70,false,terminal signature,Q
3848,Q,Q,141,142,false,terminal signature,Q
3849,Q,Q,9,10,false,terminal signature,Q
385,Q,Q,71,72,false,terminal signature,Q
3850,Q,Q,778,779,false,terminal signature,Q
3851,Q,Q,183,184,false,terminal signature,Q
3853,Q,Q,173,174,false,terminal signature,Q
3854,Q,Q,117,118,false,terminal signature,Q
3855,Q,Q,59,60,false,terminal signature,Q
3856,Q,Q,215,216,false,terminal signature,Q
3857,Q,Q,85,86,true,,Highly sophisticated 'State-level' attacks [v 8kun] followed by FAKE NEWS attacks [v Q] the next day?
3857,Q,Q,176,177,false,terminal signature,Q
3858,Q,Q,3461,3462,false,terminal signature,Q
3859,Q,Q,130,131,false,terminal signature,Q
386,Q,Q,41,42,false,terminal signature,Q
3860,Q,Q,58,59,false,terminal signature,Q
3861,Q,Q,185,186,false,terminal signature,Q
3862,Q,Q,368,369,false,terminal signature,Q
3864,Q,Q,60,61,false,terminal signature,Q
3865,Q,Q,91,92,false,terminal signature,Q
3866,Q,Q,59,60,false,terminal signature,Q
3867,Q,Q,55,56,false,terminal signature,Q
3868,Q,Q,632,633,false,terminal signature,Q
3869,Q,Q,289,290,false,terminal signature,Q
387,Q,Q,22,23,false,terminal signature,Q
3871,Q,Q,205,206,false,terminal signature,Q
3872,Q,Q,25,26,false,terminal signature,Q
3873,Q,Q,44,45,false,terminal signature,Q
3874,Q,Q,57,58,false,terminal signature,Q
3875,Q,Q,109,110,false,terminal signature,Q
3876,Q,Q,203,204,false,terminal signature,Q
3877,Q,Q,232,233,false,terminal signature,Q
3878,Q,Q,90,91,false,terminal signature,Q
3879,Q,Q,121,122,false,terminal signature,Q
388,Q,Q,404,405,false,terminal signature,Q
3880,Anons,Anons,29,34,true,,"You have come far, Anons (Patriots)."
3880,Q,Q,129,130,false,terminal signature,Q
3881,Q,Q,458,459,false,terminal signature,Q
3882,Q,Q,384,385,false,terminal signature,Q
3883,Q,Q,37,38,false,terminal signature,Q
3884,Q,Q,29,30,false,terminal signature,Q
3885,Q,Q,104,105,false,terminal signature,Q
3886,Q,Q,104,105,false,terminal signature,Q
3887,Q,Q,1136,1137,false,terminal signature,Q
3889,Q,Q,80,81,false,terminal signature,Q
389,Q,Q,77,78,false,terminal signature,Q
3890,Q,Q,20,21,false,terminal signature,Q
3891,Q,Q,55,56,false,terminal signature,Q
3892,Q,Q,102,103,false,terminal signature,Q
3893,Q,Q,385,386,false,terminal signature,Q
3895,Q,Q,57,58,false,terminal signature,Q
3896,Q,Q,1855,1856,false,terminal signature,Q
3897,Q,Q,184,185,false,terminal signature,Q
3898,Q,Q,148,149,false,terminal signature,Q
3899,Q,Q,89,90,false,terminal signature,Q
390,Q,Q,134,135,false,terminal signature,Q
3900,Q,Q,591,592,false,terminal signature,Q
3903,Q,Q,35,36,false,terminal signature,Q
3904,Q,Q,96,97,false,terminal signature,Q
3905,Q,Q,3798,3799,false,terminal signature,Q
3906,Q,Q,1948,1949,false,terminal signature,Q
3907,Q,Q,1604,1605,false,terminal signature,Q
3909,Q,Q,936,937,false,terminal signature,Q
391,Q,Q,129,130,false,terminal signature,Q
3910,Q,Q,138,139,false,terminal signature,Q
3911,Q,Q,289,290,false,terminal signature,Q
3912,Q,Q,31,32,false,terminal signature,Q
3913,Q,Q,170,171,false,terminal signature,Q
3914,Q,Q,32,33,false,terminal signature,Q
3915,Q,Q,1087,1088,false,terminal signature,Q
3916,Q,Q,27,28,false,terminal signature,Q
3917,Q,Q,176,177,false,terminal signature,Q
3918,Q,Q,500,501,false,terminal signature,Q
3919,Q,Q,340,341,false,terminal signature,Q
392,Q,Q,132,133,false,terminal signature,Q
3920,Q,Q,190,191,false,terminal signature,Q
3921,Q,Q,25,26,false,terminal signature,Q
3922,Q,Q,61,62,false,terminal signature,Q
3923,Q,Q,174,175,false,terminal signature,Q
3925,Q,Q,233,234,false,terminal signature,Q
3926,Q,Q,147,148,false,terminal signature,Q
3927,Q,Q,98,99,false,terminal signature,Q
3928,Q,Q,96,97,false,terminal signature,Q
3929,Q,Q,863,864,false,terminal signature,Q
393,Q,Q,336,337,false,terminal signature,Q
3930,Q,Q,74,75,false,terminal signature,Q
3931,Q,Q,1037,1038,false,terminal signature,Q
3932,Q,Q,449,450,false,terminal signature,Q
3933,Q,Q,60,61,false,terminal signature,Q
3935,Q,Q,68,69,false,terminal signature,Q
3936,Q,Q,74,75,false,terminal signature,Q
3937,Q,Q,93,94,false,terminal signature,Q
3938,Q,Q,70,71,false,terminal signature,Q
3939,Q,Q,74,75,false,terminal signature,Q
394,Q,Q,163,164,false,terminal signature,Q
3940,Q,Q,74,75,false,terminal signature,Q
3941,Q,Q,71,72,false,terminal signature,Q
3942,Q,Q,67,68,false,terminal signature,Q
3943,Q,Q,74,75,false,terminal signature,Q
3944,Q,Q,71,72,false,terminal signature,Q
3945,Q,Q,67,68,false,terminal signature,Q
3946,Q,Q,68,69,false,terminal signature,Q
3947,Q,Q,74,75,false,terminal signature,Q
3948,Q,Q,64,65,false,terminal signature,Q
3949,Q,Q,50,51,false,terminal signature,Q
395,Q,Q,163,164,false,terminal signature,Q
3950,Q,Q,75,76,false,terminal signature,Q
3951,Q,Q,156,157,false,terminal signature,Q
3953,Q,Q,59,60,false,terminal signature,Q
3954,Q,Q,71,72,false,terminal signature,Q
3955,Q,Q,63,64,false,terminal signature,Q
3956,Q,Q,79,80,false,terminal signature,Q
3957,Q,Q,262,263,false,terminal signature,Q
3958,Q,Q,21,22,false,terminal signature,Q
3959,Q,Q,208,209,false,terminal signature,Q
396,Q,Q,80,81,false,terminal signature,Q
3960,Q,Q,115,116,false,terminal signature,Q
3961,Q,Q,64,65,false,terminal signature,Q
3962,Q,Q,184,185,false,terminal signature,Q
3963,Q,Q,153,154,false,terminal signature,Q
3964,Q,Q,112,113,false,terminal signature,Q
3965,Q,Q,18,19,false,terminal signature,Q
3966,Q,Q,349,350,false,terminal signature,Q
3967,Q,Q,82,83,false,terminal signature,Q
3968,Q,Q,172,173,false,terminal signature,Q
3969,Q,Q,92,93,true,,Q OP start.
3969,Q,Q,109,110,false,terminal signature,Q
397,Q,Q,86,87,false,terminal signature,Q
3970,Q,Q,102,103,false,terminal signature,Q
3971,Q,Q,30,31,false,terminal signature,Q
3972,Q,Q,152,153,false,terminal signature,Q
3973,Q,Q,149,150,false,terminal signature,Q
3974,Q,Q,85,86,false,terminal signature,Q
3975,Q,Q,67,68,false,terminal signature,Q
3976,Q,Q,73,74,false,terminal signature,Q
398,Q,Q,9,10,false,terminal signature,Q
3981,Q,Q,85,86,false,terminal signature,Q
3982,Q,Q,92,93,false,terminal signature,Q
3984,Q,Q,118,119,false,terminal signature,Q
3985,Q,Q,44,45,false,terminal signature,Q
3986,Q,Q,40,41,false,terminal signature,Q
3988,Q,Q,62,63,false,terminal signature,Q
3989,Q,Q,4,5,false,terminal signature,Q
399,Anons,anons,29,34,true,,We were inspired by anons here to make our efforts more public.
399,Q,Q,115,116,false,terminal signature,Q
3990,Q,Q,1329,1330,false,terminal signature,Q
3992,Q,Q,1104,1105,false,terminal signature,Q
3993,Q,Q,162,163,true,,LOGICAL Q: IF ADAM SCHIFF 'KNEW' EVERYTHING HE'S INVESTIGATING AND STATING PUBLICLY TO BE KNOWINGLY 'FALSE' [DISINFORMATION] WHY THEN WOULD HE TAKE THE COURSE OF ACTION(S) (ONGOING)?
3993,Q,Q,693,694,false,terminal signature,Q
3994,Q,Q,45,46,false,terminal signature,Q
3995,Q,Q,45,46,false,terminal signature,Q
3996,Q,Q,21,22,false,terminal signature,Q
3997,Q,Q,34,35,false,terminal signature,Q
3998,Q,Q,26,27,false,terminal signature,Q
400,Q,Q,30,31,false,terminal signature,Q
4000,Q,Q,75,76,false,terminal signature,Q
4001,Q,Q,94,95,false,terminal signature,Q
4002,Q,Q,312,313,false,terminal signature,Q
4003,Q,Q,370,371,false,terminal signature,Q
4004,Anons,Anons,0,5,true,,"Anons: Impressive, most impressive."
4004,Q,Q,93,94,false,terminal signature,Q
4005,Q,Q,17,18,false,terminal signature,Q
4006,Q,Q,73,74,false,terminal signature,Q
4007,Q,Q,53,54,false,terminal signature,Q
4008,Q,Q,2815,2816,false,terminal signature,Q
4009,Q,Q,105,106,false,terminal signature,Q
401,Q,Q,6,7,false,terminal signature,Q
4010,Q,Q,650,651,false,terminal signature,Q
4011,Q,Q,270,271,false,terminal signature,Q
4012,Q,Q,121,122,false,terminal signature,Q
4013,Q,Q,137,138,false,terminal signature,Q
4014,Q,Q,1444,1445,false,terminal signature,Q
4015,Q,Q,72,73,false,terminal signature,Q
4016,Q,Q,261,262,false,terminal signature,Q
4017,Q,Q,39,40,false,terminal signature,Q
4019,Q,Q,63,64,false,terminal signature,Q
402,Q,Q,11,12,false,terminal signature,Q
4020,Q,Q,250,251,false,terminal signature,Q
4021,Q,Q,352,353,false,terminal signature,Q
4022,Q,Q,40,41,false,terminal signature,Q
4023,Q,Q,70,71,false,terminal signature,Q
4024,Q,Q,179,180,false,terminal signature,Q
4025,Q,Q,59,60,false,terminal signature,Q
4026,Q,Q,85,86,false,terminal signature,Q
4027,Q,Q,59,60,false,terminal signature,Q
4028,Q,Q,66,67,false,terminal signature,Q
403,Q,Q,47,48,false,terminal signature,Q
4030,Q,Q,53,54,false,terminal signature,Q
4031,Q,Q,63,64,false,terminal signature,Q
4032,Q,Q,90,91,false,terminal signature,Q
4033,Q,Q,63,64,false,terminal signature,Q
4034,Q,Q,109,110,false,terminal signature,Q
4035,Q,Q,145,146,false,terminal signature,Q
4036,Q,Q,57,58,false,terminal signature,Q
4037,Q,Q,20,21,false,terminal signature,Q
4038,Q,Q,87,88,false,terminal signature,Q
4039,Q,Q,103,104,false,terminal signature,Q
404,Q,Q,46,47,false,terminal signature,Q
4040,Q,Q,249,250,false,terminal signature,Q
4041,Q,Q,174,175,false,terminal signature,Q
4042,Q,Q,62,63,false,terminal signature,Q
4043,Q,Q,19,20,false,terminal signature,Q
4044,Q,Q,63,64,false,terminal signature,Q
4045,Q,Q,866,867,false,terminal signature,Q
4046,Q,Q,114,115,false,terminal signature,Q
4047,Q,Q,90,91,false,terminal signature,Q
4048,Q,Q,204,205,false,terminal signature,Q
4049,Q,Q,69,70,false,terminal signature,Q
405,Q,Q,58,59,false,terminal signature,Q
4050,Q,Q,160,161,false,terminal signature,Q
4051,Q,Q,86,87,false,terminal signature,Q
4052,Q,Q,98,99,false,terminal signature,Q
4053,Q,Q,70,71,false,terminal signature,Q
4055,Q,Q,71,72,false,terminal signature,Q
4056,Q,Q,66,67,false,terminal signature,Q
4057,Q,Q,70,71,false,terminal signature,Q
4058,Q,Q,69,70,false,terminal signature,Q
406,Q,Q,6,7,false,terminal signature,Q
4060,Q,Q,73,74,false,terminal signature,Q
4061,Q,Q,74,75,false,terminal signature,Q
4062,Q,Q,69,70,false,terminal signature,Q
4063,Q,Q,83,84,false,terminal signature,Q
4064,Q,Q,68,69,false,terminal signature,Q
4065,Q,Q,80,81,false,terminal signature,Q
4066,Q,Q,103,104,false,terminal signature,Q
4067,Q,Q,74,75,false,terminal signature,Q
4068,Q,Q,72,73,false,terminal signature,Q
4069,Q,Q,74,75,false,terminal signature,Q
407,Q,Q,79,80,false,terminal signature,Q
4070,Q,Q,74,75,false,terminal signature,Q
4071,Q,Q,69,70,false,terminal signature,Q
4072,Q,Q,54,55,false,terminal signature,Q
4073,Q,Q,101,102,false,terminal signature,Q
4075,Q,Q,86,87,false,terminal signature,Q
4076,Q,Q,427,428,false,terminal signature,Q
4077,Q,Q,87,88,false,terminal signature,Q
4078,Q,Q,108,109,false,terminal signature,Q
4079,Q,Q,114,115,false,terminal signature,Q
408,Q,Q,56,57,false,terminal signature,Q
4082,Q,Q,192,193,false,terminal signature,Q
4083,Q,Q,106,107,false,terminal signature,Q
4084,Q,Q,90,91,false,terminal signature,Q
4086,Q,Q,78,79,false,terminal signature,Q
4087,Q,Q,58,59,false,terminal signature,Q
4088,Q,Q,387,388,false,terminal signature,Q
4089,Q,Q,89,90,false,terminal signature,Q
409,Anons,Anon,27,31,true,,Anon(s) changed our mind re: Private / Public.
409,Q,Q,121,122,false,terminal signature,Q
4090,Q,Q,181,182,false,terminal signature,Q
4091,Q,Q,77,78,false,terminal signature,Q
4092,Q,Q,82,83,false,terminal signature,Q
4093,Q,Q,88,89,false,terminal signature,Q
4094,Q,Q,145,146,false,terminal signature,Q
4095,Q,Q,0,1,false,terminal signature,Q+
4096,Q,Q,140,141,false,terminal signature,Q
4097,Q,Q,302,303,false,terminal signature,Q
4098,Q,Q,299,300,false,terminal signature,Q
410,Q,Q,38,39,false,terminal signature,Q
4101,Q,Q,443,444,false,terminal signature,Q
4102,Q,Q,88,89,false,terminal signature,Q
4103,QAnon,qanon,58,63,true,,http://www.bing.com/news/search?q=qanon+&qft=interval%3d%229%22&form=PTFTNR
4103,Q,Q,119,120,false,terminal signature,Q
4104,Q,Q,122,123,false,terminal signature,Q
4105,Q,Q,309,310,false,terminal signature,Q
4106,Q,Q,72,73,false,terminal signature,Q
411,Q,Q,15,16,false,terminal signature,Q
4110,Q,Q,446,447,false,terminal signature,Q
4111,Q,Q,93,94,false,terminal signature,Q
4112,QAnon,QAnon,234,239,false,source material — excerpt beneath a source link,"""We removed 5 Pages, 20 Facebook accounts, and 6 Groups that originated in the US and focused domestically. Our investigation linked this activity to individuals associated with the QAnon network know"
4112,Q,Q,462,463,false,terminal signature,Q
4113,Q,Q,68,69,false,terminal signature,Q
4114,Q,Q,739,740,false,terminal signature,Q
4115,Q,Q,222,223,false,terminal signature,Q
4116,Q,Q,88,89,false,terminal signature,Q
4117,Q,Q,83,84,false,terminal signature,Q
4118,Q,Q,282,283,false,terminal signature,Q
4119,Q,Q,21,22,false,terminal signature,Q
412,Q,Q,61,62,false,terminal signature,Q
4120,Q,Q,138,139,false,terminal signature,Q
4121,Q,Q,158,159,false,terminal signature,Q
4122,Q,Q,31,32,false,source material — quoted FAQ question,Q: Can I obtain detailed information about a current FBI investigation that I see in the news?
4122,Q,Q,511,512,false,terminal signature,Q
4123,Q,Q,247,248,false,terminal signature,Q
4124,Q,Q,236,237,false,terminal signature,Q
4125,Q,Q,116,117,false,terminal signature,Q
4126,Q,Q,44,45,false,terminal signature,Q
4127,Q,Q,148,149,false,terminal signature,Q
4128,Q,Q,117,118,false,terminal signature,Q
4129,Q,Q,16,17,false,terminal signature,Q
413,Q,Q,24,25,false,terminal signature,Q
4130,Q,Q,94,95,false,terminal signature,Q
4131,Q,Q,91,92,false,terminal signature,Q
4132,Q,Q,59,60,false,terminal signature,Q
4133,Q,Q,184,185,false,terminal signature,Q
4134,Q,Q,97,98,false,terminal signature,Q
4135,Q,Q,80,81,false,terminal signature,Q
4136,Q,Q,239,240,true,,Coordinated media roll-out designed to instill 'fear' into users re: discussing 'Q' re: risk of account termination?
4136,Q,Q,502,503,false,terminal signature,Q
4137,Q,Q,219,220,false,terminal signature,Q
4138,Q,Q,138,139,false,terminal signature,Q
4139,Q,Q,196,197,false,terminal signature,Q
414,Q,Q,165,166,false,terminal signature,Q
4140,Q,Q,68,69,false,terminal signature,Q
4141,Q,Q,85,86,false,terminal signature,Q
4142,Q,Q,52,53,false,terminal signature,Q
4143,Anons,Anons,75,80,true,,"Be ready to dig, Anons."
4143,Q,Q,88,89,false,terminal signature,Q
4144,Q,Q,97,98,false,terminal signature,Q
4145,Q,Q,86,87,false,terminal signature,Q
4147,Q,Q,19,20,false,terminal signature,Q
4148,Q,Q,62,63,false,terminal signature,Q
4149,Q,Q,62,63,false,terminal signature,Q
415,Q,Q,112,113,false,terminal signature,Q
4150,Q,Q,138,139,false,terminal signature,Q
4151,Q,Q,56,57,false,terminal signature,Q
4152,Q,Q,134,135,false,terminal signature,Q
4153,Q,Q,2018,2019,false,terminal signature,Q
4154,Q,Q,65,66,false,terminal signature,Q
4155,Q,Q,148,149,false,terminal signature,Q
4156,Q,Q,206,207,false,terminal signature,Q
4157,Q,Q,102,103,false,terminal signature,Q
4158,Q,Q,69,70,false,terminal signature,Q
4159,Q,Q,59,60,false,terminal signature,Q
416,Q,Q,125,126,false,terminal signature,Q
4160,Q,Q,80,81,false,terminal signature,Q
4161,Q,Q,30,31,false,terminal signature,Q
4162,Q,Q,555,556,false,terminal signature,Q
4163,Q,Q,71,72,false,terminal signature,Q
4164,Q,Q,463,464,false,terminal signature,Q
4165,Q,Q,127,128,false,terminal signature,Q
4166,Q,Q,268,269,false,terminal signature,Q
4168,Q,Q,94,95,false,terminal signature,Q
4169,Q,Q,161,162,false,terminal signature,Q
417,Q,Q,194,195,false,terminal signature,Q
4170,Q,Q,103,104,false,terminal signature,Q
4171,Q,Q,614,615,false,terminal signature,Q
4172,Q,Q,501,502,false,terminal signature,Q
4173,Q,Q,113,114,false,terminal signature,Q
4174,Q,Q,72,73,false,terminal signature,Q
4175,Q,Q,135,136,false,terminal signature,Q
4176,Q,Q,69,70,false,terminal signature,Q
4177,Q,Q,94,95,false,terminal signature,Q
4178,Q,Q,198,199,false,terminal signature,Q
4179,Q,Q,62,63,false,terminal signature,Q
418,Q,Q,6,7,false,terminal signature,Q
4180,Q,Q,69,70,false,terminal signature,Q
4181,Q,Q,109,110,false,terminal signature,Q
4183,Q,Q,68,69,false,terminal signature,Q
4184,Q,Q,70,71,false,terminal signature,Q
4185,Q,Q,32,33,false,URL or path,https://twitter.com/Qmap_pub_17_Q_/status/1257834426320461826
4185,Q,Q,73,74,false,terminal signature,Q
4186,Q,Q,74,75,false,terminal signature,Q
4187,Q,Q,74,75,false,terminal signature,Q
4188,Q,Q,73,74,false,terminal signature,Q
4189,Q,Q,70,71,false,terminal signature,Q
419,Q,Q,65,66,false,terminal signature,Q
4190,Q,Q,68,69,false,terminal signature,Q
4191,Q,Q,71,72,false,terminal signature,Q
4192,Q,Q,71,72,false,terminal signature,Q
4193,Q,Q,68,69,false,terminal signature,Q
4194,Q,Q,69,70,false,terminal signature,Q
4195,Q,Q,60,61,false,terminal signature,Q
4196,Q,Q,2105,2106,false,terminal signature,Q
4198,Q,Q,117,118,false,terminal signature,Q
4199,Anons,Anons,20,25,true,,For Anons.
4199,Q,Q,27,28,false,terminal signature,Q
420,Q,Q,91,92,false,terminal signature,Q
4200,Q,Q,100,101,false,terminal signature,Q
4201,Q,Q,16,17,false,terminal signature,Q
4202,Q,Q,238,239,false,terminal signature,Q
4203,Q,Q,503,504,false,terminal signature,Q
4204,Q,Q,83,84,false,terminal signature,Q
4205,Q,Q,36,37,false,terminal signature,Q
4206,Q,Q,66,67,false,terminal signature,Q
4207,Q,Q,1092,1093,false,terminal signature,Q
4208,Q,Q,63,64,false,terminal signature,Q
4209,Q,Q,71,72,false,terminal signature,Q
421,Q,Q,6,7,false,terminal signature,Q
4210,Q,Q,57,58,false,terminal signature,Q
4211,Q,Q,53,54,false,terminal signature,Q
4212,Q,Q,57,58,false,terminal signature,Q
4213,Q,Q,161,162,false,terminal signature,Q
4214,Q,Q,26,27,false,terminal signature,Q
4215,Q,Q,160,161,false,terminal signature,Q
4216,Q,Q,139,140,false,terminal signature,Q
4218,Q,Q,61,62,false,terminal signature,Q
4219,Q,Q,572,573,false,terminal signature,Q
422,Q,Q,8,9,false,terminal signature,Q
4220,Q,Q,714,715,false,terminal signature,Q
4221,Q,Q,61,62,false,terminal signature,Q
4222,Q,Q,46,47,false,terminal signature,Q
4223,Q,Q,60,61,false,terminal signature,Q
4224,Q,Q,287,288,false,terminal signature,Q
4225,Q,Q,125,126,false,terminal signature,Q
4226,Anons,Anon,73,77,true,,"Excellent find, Anon(s)."
4226,Q,Q,474,475,false,terminal signature,Q
4227,Q,Q,130,131,false,terminal signature,Q
4228,Q,Q,86,87,false,terminal signature,Q
4229,Anons,Anon,26,30,true,,"Excellent find, Anon."
4229,Q,Q,110,111,false,terminal signature,Q
423,Q,Q,8,9,false,terminal signature,Q
4230,Q,Q,34,35,false,terminal signature,Q
4231,Q,Q,161,162,false,terminal signature,Q
4232,Q,Q,287,288,false,terminal signature,Q
4233,Q,Q,95,96,false,terminal signature,Q
4234,Q,Q,97,98,false,terminal signature,Q
4235,Q,Q,394,395,false,terminal signature,Q
4236,Q,Q,67,68,false,terminal signature,Q
4237,Q,Q,61,62,false,terminal signature,Q
4238,Q,Q,189,190,false,terminal signature,Q
4239,Q,Q,238,239,false,terminal signature,Q
424,Q,Q,29,30,false,terminal signature,Q
4240,Q,Q,60,61,false,terminal signature,Q
4241,Q,Q,208,209,false,terminal signature,Q
4242,Q,Q,56,57,false,terminal signature,Q
4243,Q,Q,95,96,false,terminal signature,Q
4244,Q,Q,93,94,false,terminal signature,Q
4245,Q,Q,1420,1421,false,terminal signature,Q
4246,Q,Q,168,169,false,terminal signature,Q
4247,Q,Q,796,797,false,terminal signature,Q
4248,Q,Q,212,213,false,terminal signature,Q
425,Q,Q,208,209,false,terminal signature,Q
4250,Q,Q,207,208,false,terminal signature,Q
4251,Q,Q,125,126,false,terminal signature,Q
4252,Q,Q,126,127,false,terminal signature,Q
4253,Q,Q,55,56,false,terminal signature,Q
4254,Q,Q,134,135,false,terminal signature,Q
4255,Q,Q,77,78,false,terminal signature,Q
4256,Q,Q,184,185,false,terminal signature,Q
4257,Q,Q,102,103,false,terminal signature,Q
4258,Q,Q,92,93,false,terminal signature,Q
4259,Q,Q,74,75,false,terminal signature,Q
426,Q,Q,220,221,false,terminal signature,Q
4260,Q,Q,68,69,false,terminal signature,Q
4261,Q,Q,73,74,false,terminal signature,Q
4262,Q,Q,70,71,false,terminal signature,Q
4263,Q,Q,66,67,false,terminal signature,Q
4264,Q,Q,70,71,false,terminal signature,Q
4265,Q,Q,73,74,false,terminal signature,Q
4266,Q,Q,67,68,false,terminal signature,Q
4267,Q,Q,73,74,false,terminal signature,Q
4268,Q,Q,71,72,false,terminal signature,Q
4269,Q,Q,69,70,false,terminal signature,Q
427,Q,Q,33,34,false,terminal signature,Q
4270,Q,Q,74,75,false,terminal signature,Q
4271,Q,Q,71,72,false,terminal signature,Q
4272,Q,Q,72,73,false,terminal signature,Q
4273,Q,Q,68,69,false,terminal signature,Q
4274,Q,Q,72,73,false,terminal signature,Q
4275,Q,Q,132,133,false,terminal signature,Q
4276,Q,Q,328,329,false,terminal signature,Q
4277,Q,Q,71,72,false,terminal signature,Q
4278,Q,Q,282,283,false,terminal signature,Q
428,Q,Q,234,235,false,terminal signature,Q
4280,Q,Q,96,97,false,terminal signature,Q
4281,Q,Q,593,594,false,terminal signature,Q
4282,Q,Q,1006,1007,false,terminal signature,Q
4283,Q,Q,251,252,true,,Critical thinking _media cluster bomb(s) [attacks] v Q [you]
4283,Q,Q,259,260,false,terminal signature,Q
4284,Q,Q,159,160,false,terminal signature,Q
4285,Q,Q,302,303,false,terminal signature,Q
4286,Q,Q,57,58,false,terminal signature,Q
4287,Q,Q,60,61,false,terminal signature,Q
4288,Q,Q,61,62,false,terminal signature,Q
4289,Q,Q,46,47,false,terminal signature,Q
429,Q,Q,79,80,false,terminal signature,Q
4290,Q,Q,299,300,false,terminal signature,Q
4291,Q,Q,124,125,false,terminal signature,Q
4292,Q,Q,67,68,false,terminal signature,Q
4293,Q,Q,805,806,false,terminal signature,Q
4294,Q,Q,298,299,false,terminal signature,Q
4295,Q,Q,439,440,false,terminal signature,Q
4296,Q,Q,68,69,false,terminal signature,Q
4297,Q,Q,62,63,false,terminal signature,Q
4298,Q,Q,171,172,false,terminal signature,Q
4299,Q,Q,595,596,true,,Q
4299,Q,Q,600,601,false,terminal signature,Q
430,Q,Q,415,416,false,terminal signature,Q
4300,Q,Q,112,113,false,terminal signature,Q
4301,Q,Q,144,145,false,terminal signature,Q
4302,Q,Q,102,103,false,terminal signature,Q
4303,Q,Q,148,149,false,terminal signature,Q
4304,Q,Q,67,68,false,terminal signature,Q
4305,Q,Q,307,308,false,terminal signature,Q
4306,Q,Q,654,655,false,terminal signature,Q
4307,Q,Q,144,145,false,terminal signature,Q
4308,Q,Q,73,74,false,terminal signature,Q
4309,Q,Q,170,171,false,terminal signature,Q
431,Q,Q,149,150,false,terminal signature,Q
4310,Q,Q,2372,2373,false,terminal signature,Q
4311,Q,Q,58,59,false,terminal signature,Q
4312,Q,Q,180,181,false,terminal signature,Q
4313,Q,Q,121,122,false,terminal signature,Q
4314,Q,Q,123,124,false,terminal signature,Q
4315,Q,Q,165,166,false,terminal signature,Q
4316,Q,Q,151,152,false,terminal signature,Q
4317,Q,Q,577,578,false,terminal signature,Q
4318,Q,Q,214,215,false,terminal signature,Q
4319,Q,Q,183,184,false,terminal signature,Q
432,Q,Q,78,79,false,terminal signature,Q
4320,Q,Q,182,183,false,terminal signature,Q
4321,Q,Q,104,105,false,terminal signature,Q
4322,Q,Q,35,36,false,terminal signature,Q
4323,Q,Q,85,86,false,terminal signature,Q
4324,Q,Q,84,85,false,terminal signature,Q
4325,Q,Q,394,395,false,terminal signature,Q
4327,Q,Q,101,102,false,terminal signature,Q
4328,Q,Q,189,190,false,terminal signature,Q
4329,Q,Q,569,570,false,terminal signature,Q
433,Q,Q,21,22,false,terminal signature,Q
4330,Q,Q,283,284,false,terminal signature,Q
4331,Q,Q,167,168,false,terminal signature,Q
4333,QAnon,qanon,30,35,true,,https://www.cbsnews.com/video/qanon-conspiracy-theorys-growing-influence-on-american-politics/#x
4333,Q,Q,150,151,true,,HRC direct attack re: Q?
4333,Q,Q,291,292,false,terminal signature,Q
4334,Q,Q,127,128,false,terminal signature,Q
4335,Q,Q,126,127,false,terminal signature,Q
4336,Q,Q,131,132,false,terminal signature,Q
4337,Q,Q,831,832,false,terminal signature,Q
4338,Q,Q,342,343,false,terminal signature,Q
4339,Q,Q,277,278,false,terminal signature,Q
434,Q,Q,108,109,false,terminal signature,Q
4340,Q,Q,229,230,false,terminal signature,Q
4341,Q,Q,271,272,false,terminal signature,Q
4342,Q,Q,229,230,false,terminal signature,Q
4343,Q,Q,160,161,false,terminal signature,Q
4344,Q,Q,224,225,false,terminal signature,Q
4345,Q,Q,76,77,false,terminal signature,Q
4346,Q,Q,110,111,false,terminal signature,Q
4347,Q,Q,86,87,false,terminal signature,Q
4348,QAnon,qanon,99,104,true,,https://www.dailydot.com/debug/qanon-church-omega-kingdom-ministries/
4348,Q,Q,200,201,false,terminal signature,Q
4349,Q,Q,21,22,false,terminal signature,Q
435,Q,Q,91,92,false,terminal signature,Q
4350,Q,Q,55,56,false,terminal signature,Q
4351,Q,Q,74,75,false,terminal signature,Q
4352,Q,Q,2206,2207,false,terminal signature,Q
4353,Q,Q,64,65,false,terminal signature,Q
4354,Q,Q,202,203,false,terminal signature,Q
4356,Q,Q,83,84,false,terminal signature,Q
4358,Q,Q,72,73,false,terminal signature,Q
4359,Q,Q,128,129,false,terminal signature,Q
436,Q,Q,673,674,false,terminal signature,Q
4360,Q,Q,161,162,false,terminal signature,Q
4361,Q,Q,88,89,false,terminal signature,Q
4362,Q,Q,91,92,false,terminal signature,Q
4363,Q,Q,1327,1328,false,terminal signature,Q
4365,Q,Q,62,63,false,terminal signature,Q
4366,Q,Q,42,43,false,terminal signature,Q
4367,Q,Q,27,28,false,terminal signature,Q
4368,Q,Q,80,81,false,terminal signature,Q
4369,Q,Q,102,103,false,terminal signature,Q
437,Q,Q,379,380,false,terminal signature,Q
4370,Q,Q,61,62,false,terminal signature,Q
4371,Q,Q,139,140,false,terminal signature,Q
4372,Q,Q,123,124,false,terminal signature,Q
4373,Q,Q,224,225,false,terminal signature,Q
4374,Q,Q,23,24,false,terminal signature,Q
4375,Q,Q,107,108,false,terminal signature,Q
4376,Q,Q,85,86,false,terminal signature,Q
4377,Q,Q,92,93,false,terminal signature,Q
4378,Q,Q,79,80,false,terminal signature,Q
4379,Q,Q,174,175,false,terminal signature,Q
438,Q,Q,370,371,false,terminal signature,Q
4380,Q,Q,300,301,false,terminal signature,Q
4381,Q,Q,417,418,false,terminal signature,Q
4382,Q,Q,154,155,false,terminal signature,Q
4383,Anons,Anons,101,106,true,,"Thank you, Anons."
4383,Q,Q,108,109,false,terminal signature,Q
4384,Q,Q,44,45,false,terminal signature,Q
4385,Q,Q,696,697,false,terminal signature,Q
4386,Q,Q,73,74,false,terminal signature,Q
4387,Q,Q,51,52,false,terminal signature,Q
4388,Q,Q,16,17,false,terminal signature,Q
4389,Q,Q,15,16,false,terminal signature,Q
439,Q,Q,52,53,false,terminal signature,Q
4390,Q,Q,102,103,false,terminal signature,Q
4391,Q,Q,75,76,false,terminal signature,Q
4392,Q,Q,41,42,false,terminal signature,Q
4393,Q,Q,272,273,false,terminal signature,Q
4394,Q,Q,62,63,false,terminal signature,Q
4395,Q,Q,718,719,false,terminal signature,Q
4396,Q,Q,10,11,false,terminal signature,Q
4397,Q,Q,873,874,false,terminal signature,Q
4398,Q,Q,538,539,false,terminal signature,Q
4399,Q,Q,93,94,false,terminal signature,Q
440,Q,Q,73,74,false,terminal signature,Q
4400,Q,Q,21,22,false,terminal signature,Q
4401,Q,Q,112,113,false,terminal signature,Q
4402,Q,Q,154,155,false,terminal signature,Q
4403,Q,Q,375,376,false,terminal signature,Q
4404,Q,Q,523,524,false,terminal signature,Q
4405,Q,Q,201,202,false,terminal signature,Q
4407,Q,Q,212,213,false,terminal signature,Q
4408,Q,Q,921,922,false,terminal signature,Q
4409,Q,Q,518,519,false,terminal signature,Q
441,Q,Q,77,78,false,terminal signature,Q
4410,Q,Q,27,28,false,terminal signature,Q
4411,Q,Q,94,95,false,terminal signature,Q
4412,Q,Q,97,98,false,terminal signature,Q
4413,Q,Q,485,486,false,terminal signature,Q
4414,Q,Q,333,334,false,terminal signature,Q
4415,Q,Q,744,745,false,terminal signature,Q
4416,Q,Q,156,157,false,terminal signature,Q
4417,Q,Q,146,147,false,terminal signature,Q
4418,Q,Q,68,69,false,terminal signature,Q
4419,Q,Q,22,23,false,terminal signature,Q
442,Q,Q,58,59,false,terminal signature,Q
4420,Q,Q,88,89,false,terminal signature,Q
4421,Q,Q,84,85,false,terminal signature,Q
4422,Q,Q,86,87,false,terminal signature,Q
4423,Q,Q,55,56,false,terminal signature,Q
4424,Q,Q,330,331,false,terminal signature,Q
4425,Q,Q,150,151,false,terminal signature,Q
4426,Q,Q,336,337,false,terminal signature,Q
4427,Q,Q,45,46,false,terminal signature,Q
4428,Q,Q,142,143,false,terminal signature,Q
4429,Q,Q,1256,1257,false,terminal signature,Q
443,Q,Q,131,132,false,terminal signature,Q
4430,Q,Q,80,81,false,terminal signature,Q
4431,Q,Q,91,92,false,terminal signature,Q
4432,Q,Q,179,180,false,terminal signature,Q
4434,Q,Q,61,62,false,terminal signature,Q
4436,Q,Q,74,75,false,terminal signature,Q
4437,Q,Q,474,475,false,terminal signature,Q
4438,Anons,Anons,28,33,true,,Not all posts are meant for Anons.
4438,Q,Q,35,36,false,terminal signature,Q
4439,Q,Q,58,59,false,terminal signature,Q
4440,Q,Q,101,102,false,terminal signature,Q
4441,Q,Q,89,90,false,terminal signature,Q
4442,Q,Q,292,293,false,terminal signature,Q
4443,Q,Q,96,97,false,terminal signature,Q
4445,Q,Q,102,103,false,terminal signature,Q
4446,Q,Q,79,80,false,terminal signature,Q
4447,Q,Q,90,91,false,terminal signature,Q
4448,Q,Q,69,70,false,terminal signature,Q
4449,Q,Q,132,133,true,,A creation to combat 'Q' aka 'you'.
4449,Q,Q,146,147,false,terminal signature,Q
445,Q,Q,105,106,false,terminal signature,Q
4450,Anons,Anons,3,8,true,,Do Anons understand what is about to be unleashed?
4450,Q,Q,51,52,false,terminal signature,Q
4451,Q,Q,93,94,false,terminal signature,Q
4452,Q,Q,60,61,false,terminal signature,Q
4453,Q,Q,63,64,false,terminal signature,Q
4454,Q,Q,443,444,false,terminal signature,Q
4455,Q,Q,133,134,false,terminal signature,Q
4456,Q,Q,616,617,false,terminal signature,Q
4457,Q,Q,160,161,false,terminal signature,Q
4458,Q,Q,377,378,false,terminal signature,Q
4459,Q,Q,81,82,false,terminal signature,Q
446,Q,Q,104,105,false,terminal signature,Q
4460,Q,Q,165,166,false,terminal signature,Q
4461,Q,Q,468,469,false,terminal signature,Q
4462,Q,Q,390,391,false,terminal signature,Q
4463,Q,Q,796,797,false,terminal signature,Q
4464,Q,Q,87,88,false,terminal signature,Q
4465,Q,Q,16,17,false,terminal signature,Q
4466,Q,Q,1837,1838,false,terminal signature,Q
4467,Q,Q,129,130,false,terminal signature,Q
4468,Q,Q,80,81,false,terminal signature,Q
4469,Q,Q,1422,1423,false,terminal signature,Q
447,Q,Q,41,42,false,terminal signature,Q
4470,Q,Q,95,96,false,terminal signature,Q
4471,Q,Q,108,109,false,terminal signature,Q
4472,Q,Q,86,87,false,terminal signature,Q
4473,Q,Q,247,248,false,terminal signature,Q
4474,Q,Q,97,98,false,terminal signature,Q
4476,Q,Q,1911,1912,false,terminal signature,Q
4477,Q,Q,107,108,false,"FAQ label ""Q:"" — Q means Question",Q: can we prove it?
4477,Q,Q,127,128,false,"FAQ label ""Q:"" — Q means Question",Q: can we prove coordination?
4477,Q,Q,157,158,false,"FAQ label ""Q:"" — Q means Question","Q: can we prove deliberate action to inc death count to justify vote-by-mail, stay-at-home, bail-out-state, kill-economy, kill-P-rallies, inc unemployment, etc?"
4477,Q,Q,318,319,false,terminal signature,Q
4478,Q,Q,56,57,false,terminal signature,Q
448,Q,Q,40,41,false,terminal signature,Q
4481,Q,Q,341,342,false,terminal signature,Q
4482,Q,Q,247,248,false,terminal signature,Q
4484,Q,Q,486,487,false,terminal signature,Q
4485,Q,Q,19,20,false,terminal signature,Q
4486,Q,Q,424,425,false,terminal signature,Q
4487,Q,Q,51,52,false,terminal signature,Q
4488,Q,Q,239,240,false,terminal signature,Q
4489,Q,Q,2399,2400,false,terminal signature,Q
449,Q,Q,33,34,false,terminal signature,Q
4490,Q,Q,347,348,false,terminal signature,Q
4491,Q,Q,315,316,false,terminal signature,Q
4492,Q,Q,1064,1065,false,terminal signature,Q
4493,Q,Q,346,347,false,terminal signature,Q
4494,Q,Q,551,552,false,terminal signature,Q
4495,Q,Q,384,385,false,terminal signature,Q
4496,Q,Q,134,135,false,terminal signature,Q
4497,Q,Q,61,62,false,terminal signature,Q
4498,Q,Q,102,103,false,terminal signature,Q
4499,Q,Q,21,22,false,terminal signature,Q
4500,Q,Q,71,72,false,terminal signature,Q
4501,Q,Q,91,92,false,terminal signature,Q
4502,Q,Q,291,292,false,terminal signature,Q
4503,Q,Q,516,517,false,terminal signature,Q
4504,Q,Q,127,128,false,terminal signature,Q
4505,Q,Q,126,127,false,terminal signature,Q
4506,Q,Q,32,33,false,terminal signature,Q
4507,Q,Q,103,104,false,terminal signature,Q
4508,Q,Q,32,33,false,terminal signature,Q
4509,Q,Q,1190,1191,false,terminal signature,Q
451,Q,Q,98,99,false,terminal signature,Q
4510,Q,Q,42,43,false,terminal signature,Q
4511,Q,Q,466,467,false,terminal signature,Q
4513,Q,Q,63,64,false,terminal signature,Q
4514,QAnon,QAnon,255,260,false,source material — excerpt beneath a source link,"""The scale this generates is disproportional enough to distort public perception: In 2018, ISD identified close to 30m uses of the word “QAnon” across Twitter, YouTube and forums such as Reddit and 4c"
4514,Q,Q,377,378,false,terminal signature,Q
4515,Q,Q,36,37,false,terminal signature,Q
4516,Q,Q,179,180,false,terminal signature,Q
4517,Q,Q,117,118,false,terminal signature,Q
4518,Q,Q,74,75,false,terminal signature,Q
4519,Q,Q,82,83,false,terminal signature,Q
452,Q,Q,71,72,false,terminal signature,Q
4520,Q,Q,78,79,false,terminal signature,Q
4521,Q,Q,921,922,false,terminal signature,Q
4522,Q,Q,544,545,false,terminal signature,Q
4523,Q,Q,161,162,false,terminal signature,Q
4524,Q,Q,204,205,false,terminal signature,Q
4525,Q,Q,52,53,false,terminal signature,Q
4526,Q,Q,245,246,false,terminal signature,Q
4527,Q,Q,38,39,false,terminal signature,Q
4528,Q,Q,95,96,false,terminal signature,Q
4529,Q,Q,1214,1215,false,terminal signature,Q
453,Q,Q,88,89,true,,Q
453,Q,Q,458,459,false,terminal signature,Q
4530,Q,Q,154,155,false,terminal signature,Q
4531,Q,Q,120,121,false,terminal signature,Q
4532,Q,Q,43,44,false,terminal signature,Q
4533,Q,Q,55,56,false,terminal signature,Q
4534,Q,Q,75,76,false,terminal signature,Q
4535,Q,Q,4082,4083,false,terminal signature,Q
4536,Q,Q,337,338,false,terminal signature,Q
4537,Q,Q,95,96,false,terminal signature,Q
4538,Q,Q,76,77,false,terminal signature,Q
4539,Q,Q,250,251,false,terminal signature,Q
454,Q,Q,103,104,false,terminal signature,Q
4540,Q,Q,42,43,false,terminal signature,Q
4543,Q,Q,631,632,false,terminal signature,Q
4544,Q,Q,641,642,false,terminal signature,Q
4545,Q,Q,836,837,false,source material — sustained prose block — pasted or quoted passage,"Think HRC install: [2+] Supreme Court Justices, 200+ judges, rogue elements expanded inside DOJ, FBI, CIA, NSA, WH, STATE, …….removal 2nd amendment, border etc. ……… America for sale: China, Russia, Ir"
4545,Q,Q,2784,2785,false,terminal signature,Q
4546,Q,Q,889,890,false,terminal signature,Q
4547,Q,Q,61,62,false,terminal signature,Q
4548,Q,Q,1174,1175,false,terminal signature,Q
4549,Q,Q,75,76,false,terminal signature,Q
455,Q,Q,90,91,false,terminal signature,Q
4550,Q,Q,575,576,false,terminal signature,Q
4551,Q,Q,434,435,false,terminal signature,Q
4552,Q,Q,437,438,false,terminal signature,Q
4553,Q,Q,3147,3148,false,terminal signature,Q
4554,Q,Q,786,787,false,terminal signature,Q
4555,Q,Q,953,954,false,terminal signature,Q
4556,Q,Q,1119,1120,false,terminal signature,Q
4557,Q,Q,73,74,false,terminal signature,Q
4558,Q,Q,90,91,false,terminal signature,Q
4559,Q,Q,2031,2032,false,terminal signature,Q
4560,Q,Q,44,45,false,terminal signature,Q
4561,Q,Q,148,149,false,terminal signature,Q
4563,Q,Q,166,167,false,terminal signature,Q
4564,Q,Q,206,207,false,terminal signature,Q
4565,Q,Q,504,505,false,terminal signature,Q
4566,Q,Q,497,498,false,terminal signature,Q
457,Q,Q,86,87,false,terminal signature,Q
4571,Q,Q,113,114,false,terminal signature,Q
4572,Q,Q,73,74,false,terminal signature,Q
458,Q,Q,188,189,false,terminal signature,Q
4580,Q,Q,80,81,false,terminal signature,Q
4581,Q,Q,166,167,false,terminal signature,Q
4582,Q,Q,101,102,false,terminal signature,Q
4583,Q,Q,229,230,false,terminal signature,Q
4584,Q,Q,223,224,false,terminal signature,Q
4585,Q,Q,221,222,false,terminal signature,Q
4586,Q,Q,333,334,false,terminal signature,Q
4587,Q,Q,175,176,false,terminal signature,Q
4588,Q,Q,253,254,false,terminal signature,Q
4589,Q,Q,87,88,false,terminal signature,Q
459,Q,Q,124,125,false,terminal signature,Q
4590,Q,Q,232,233,false,terminal signature,Q
4591,Q,Q,119,120,false,terminal signature,Q
4592,Q,Q,625,626,false,terminal signature,Q
4593,Q,Q,200,201,false,terminal signature,Q
4594,Q,Q,115,116,false,terminal signature,Q
4595,Q,Q,108,109,false,terminal signature,Q
4598,Q,Q,129,130,false,terminal signature,Q
4599,Q,Q,20,21,false,terminal signature,Q
460,Q,Q,133,134,false,terminal signature,Q
4600,Q,Q,79,80,false,terminal signature,Q
4601,Q,Q,77,78,false,terminal signature,Q
4602,Q,Q,487,488,false,terminal signature,Q
4603,Q,Q,486,487,false,terminal signature,Q
4604,Q,Q,122,123,false,terminal signature,Q
4607,Q,Q,39,40,false,terminal signature,Q
4608,Q,Q,33,34,false,terminal signature,Q
4609,Anons,Anons,62,67,true,,Anons take note.
4609,Q,Q,99,100,false,terminal signature,Q
461,Q,Q,39,40,false,terminal signature,Q
4611,Q,Q,21,22,false,terminal signature,Q
4612,Q,Q,625,626,false,terminal signature,Q
4613,Q,Q,60,61,false,terminal signature,Q
4614,Q,Q,59,60,false,terminal signature,Q
4615,Q,Q,21,22,false,terminal signature,Q
4616,Q,Q,53,54,false,terminal signature,Q
4618,Q,Q,37,38,false,terminal signature,Q
4619,Q,Q,56,57,false,terminal signature,Q
462,Q,Q,138,139,false,terminal signature,Q
4620,Q,Q,4115,4116,false,terminal signature,Q
4622,Q,Q,61,62,true,,"Why is everything re: 'Q' being censored, banned, and attacked?"
4622,Q,Q,145,146,false,terminal signature,Q
4623,Q,Q,236,237,false,terminal signature,Q
4624,Q,Q,84,85,false,terminal signature,Q
4626,Q,Q,14,15,false,terminal signature,Q
4627,Q,Q,828,829,false,terminal signature,Q
4628,Q,Q,174,175,false,terminal signature,Q
4629,Q,Q,46,47,false,terminal signature,Q
463,Q,Q,5,6,false,terminal signature,Q
4630,Q,Q,3766,3767,false,terminal signature,Q
4631,Q,Q,3266,3267,false,terminal signature,Q
4632,Q,Q,3321,3322,false,terminal signature,Q
4633,Q,Q,4126,4127,false,terminal signature,Q
4634,Q,Q,66,67,false,terminal signature,Q
4635,Q,Q,2161,2162,false,terminal signature,Q
4636,Q,Q,166,167,false,terminal signature,Q
4637,Q,Q,123,124,false,terminal signature,Q
4638,Q,Q,111,112,false,terminal signature,Q
4639,Q,Q,1079,1080,false,terminal signature,Q
464,Q,Q,70,71,false,terminal signature,Q
4640,Q,Q,545,546,false,terminal signature,Q
4641,Q,Q,321,322,false,terminal signature,Q
4643,Q,Q,69,70,false,terminal signature,Q
4644,Q,Q,261,262,false,terminal signature,Q
4645,Q,Q,1899,1900,false,terminal signature,Q
4646,Q,Q,311,312,false,terminal signature,Q
4647,Q,Q,150,151,false,terminal signature,Q
4648,Q,Q,192,193,false,terminal signature,Q
4649,Q,Q,156,157,false,terminal signature,Q
465,Q,Q,87,88,false,terminal signature,Q
4650,Q,Q,82,83,false,terminal signature,Q
4651,Q,Q,361,362,false,terminal signature,Q
4652,Q,Q,169,170,false,terminal signature,Q
4653,QAnon,qanon,51,56,true,,https://www.justsecurity.org/72339/qanon-is-a-nazi-cult-rebranded/
4653,QAnon,qanon,196,201,true,,https://www.alternet.org/2020/09/expert-on-genocide-and-anti-semitism-lays-out-the-frightening-parallels-between-qanon-and-hitlers-nazis/
4653,QAnon,qanon,269,274,true,,https://www.newsbreak.com/news/2058065696143/in-qanon-nazism-wants-a-comeback-anti-semitism-expert-reveals-parallels-between-qanon-and-nazism?
4653,QAnon,qanon,346,351,true,,https://www.newsbreak.com/news/2058065696143/in-qanon-nazism-wants-a-comeback-anti-semitism-expert-reveals-parallels-between-qanon-and-nazism?
4653,QAnon,qanon,400,405,true,,https://www.salon.com/2020/09/10/in-qanon-nazism-wants-a-comeback-anti-semitism-expert-reveals-parallels-between-qanon-and-nazism_partner/
4653,QAnon,qanon,477,482,true,,https://www.salon.com/2020/09/10/in-qanon-nazism-wants-a-comeback-anti-semitism-expert-reveals-parallels-between-qanon-and-nazism_partner/
4653,QAnon,qanon,587,592,true,,https://www.thenewcivilrightsmovement.com/2020/09/the-frightening-parallels-between-qanon-and-hitlers-nazis/
4653,Q,Q,648,649,false,terminal signature,Q
4654,Q,Q,82,83,false,terminal signature,Q
4655,Q,Q,400,401,false,terminal signature,Q
4656,Q,Q,157,158,false,terminal signature,Q
4657,Q,Q,240,241,false,terminal signature,Q
4658,Q,Q,182,183,false,terminal signature,Q
4659,Q,Q,129,130,false,terminal signature,Q
466,Q,Q,226,227,true,,Covert OP by [CLAS-59#241-Q] to infiltrate at highest
466,Q,Q,498,499,false,terminal signature,Q
4660,Q,Q,43,44,false,terminal signature,Q
4661,Q,Q,113,114,false,terminal signature,Q
4662,Q,Q,77,78,false,terminal signature,Q
4663,Q,Q,124,125,false,terminal signature,Q
4664,Q,Q,130,131,true,,Excellent Q - you should ask (as should every American).
4664,Q,Q,177,178,false,terminal signature,Q
4665,Q,Q,182,183,false,terminal signature,Q
4666,Q,Q,30,31,false,terminal signature,Q
4668,Q,Q,704,705,false,terminal signature,Q
4669,Q,Q,181,182,false,terminal signature,Q
4670,Q,Q,19,20,false,terminal signature,Q
4672,Q,Q,124,125,false,terminal signature,Q
4673,Q,Q,68,69,false,terminal signature,Q
4676,Q,Q,75,76,false,terminal signature,Q
4677,Q,Q,15,16,false,terminal signature,Q
4678,Q,Q,36,37,false,terminal signature,Q
468,Q,Q,221,222,false,terminal signature,Q
4680,Q,Q,176,177,false,terminal signature,Q
4682,Q,Q,53,54,false,terminal signature,Q
4683,Q,Q,45,46,false,terminal signature,Q
4685,Q,Q,992,993,false,terminal signature,Q
4686,Q,Q,238,239,false,terminal signature,Q
4687,Q,Q,161,162,false,terminal signature,Q
4688,Q,Q,390,391,false,Q&A — Q means Question,"4. Protect Biden from embarrassment re: mental health [clear cognitive decline], Q&A, rally attendance crowd size, lack of enthusiasm, etc."
4688,Q,Q,2552,2553,false,terminal signature,Q
4689,Q,Q,55,56,false,terminal signature,Q
469,Q,Q,110,111,false,terminal signature,Q
4694,Q,Q,17,18,false,terminal signature,Q
4695,Q,Q,71,72,false,terminal signature,Q
4697,Q,Q,1875,1876,false,terminal signature,Q
4698,Q,Q,61,62,false,terminal signature,Q
4699,Q,Q,1412,1413,false,terminal signature,Q
470,Q,Q,261,262,false,terminal signature,Q
4700,Q,Q,1375,1376,false,terminal signature,Q
4701,Q,Q,168,169,false,terminal signature,Q
4705,Q,Q,454,455,false,terminal signature,Q
4706,Q,Q,159,160,false,terminal signature,Q
4707,Q,Q,101,102,false,terminal signature,Q
4708,Q,Q,96,97,false,terminal signature,Q
4709,Q,Q,15,16,false,terminal signature,Q
471,Q,Q,56,57,false,terminal signature,Q
4710,Q,Q,10,11,false,terminal signature,Q
4711,Q,Q,13,14,false,terminal signature,Q
4712,Q,Q,13,14,false,terminal signature,Q
4713,Q,Q,25,26,false,terminal signature,Q
4714,Q,Q,42,43,false,terminal signature,Q
4715,Q,Q,80,81,false,terminal signature,Q
4717,Q,Q,15,16,false,terminal signature,Q
472,Q,Q,21,22,false,terminal signature,Q
4720,Q,Q,58,59,false,terminal signature,Q
4721,Q,Q,61,62,false,terminal signature,Q
4722,Q,Q,409,410,false,terminal signature,Q
4723,Q,Q,291,292,false,terminal signature,Q
4724,Q,Q,350,351,false,terminal signature,Q
4726,Q,Q,166,167,false,terminal signature,Q
473,Q,Q,223,224,false,terminal signature,Q
4731,Q,Q,215,216,false,terminal signature,Q
4733,Q,Q,32,33,false,terminal signature,Q
4734,QAnon,Qanon,352,357,false,source material — dictionary entry (continuation),Drop all references re: 'Q' 'Qanon' etc. to avoid ban/termination _censorship install.
4734,Q,Q,348,349,false,source material — dictionary entry (continuation),Drop all references re: 'Q' 'Qanon' etc. to avoid ban/termination _censorship install.
4734,Q,Q,563,564,false,terminal signature,Q
4736,Q,Q,13,14,false,terminal signature,Q
4737,Q,Q,92,93,false,terminal signature,Q
4738,Q,Q,1318,1319,false,terminal signature,Q
474,Q,Q,615,616,false,terminal signature,Q
4740,Q,Q,84,85,false,terminal signature,Q
4741,QAnon,qanon,64,69,true,,https://www.businessinsider.com/nancy-pelosi-facebook-criticism-qanon-posts-kara-swisher-2020-9
4741,QAnon,qanon,145,150,true,,https://www.bing.com/news/search?q=qanon&qft=interval%3d%228%22&form=PTFTNR
4741,Q,Q,344,345,false,terminal signature,Q
4742,Q,Q,359,360,false,terminal signature,Q
4743,Q,Q,25,26,false,terminal signature,Q
4744,Q,Q,113,114,false,terminal signature,Q
4746,Q,Q,88,89,false,terminal signature,Q
4748,Q,Q,967,968,false,terminal signature,Q
4749,Q,Q,135,136,false,terminal signature,Q
475,Q,Q,76,77,false,terminal signature,Q
4750,Q,Q,864,865,false,terminal signature,Q
4751,Q,Q,19,20,false,terminal signature,Q
4754,Q,Q,104,105,false,terminal signature,Q
4755,Q,Q,489,490,false,terminal signature,Q
4756,Q,Q,46,47,false,terminal signature,Q
4757,Q,Q,31,32,false,terminal signature,Q
4759,Q,Q,39,40,false,terminal signature,Q
476,Q,Q,68,69,false,terminal signature,Q
4760,Anons,Anons,47,52,true,,Anons have always known.
4760,Q,Q,101,102,false,terminal signature,Q
4761,Q,Q,80,81,false,terminal signature,Q
4762,Q,Q,18,19,false,terminal signature,Q
4763,Q,Q,104,105,false,terminal signature,Q
4764,Q,Q,44,45,false,terminal signature,Q
4765,Q,Q,44,45,false,terminal signature,Q
4766,Q,Q,317,318,false,terminal signature,Q
4767,Q,Q,45,46,false,terminal signature,Q
4768,Q,Q,21,22,false,terminal signature,Q
4769,Q,Q,97,98,false,terminal signature,Q
477,Q,Q,102,103,false,terminal signature,Q
4770,Q,Q,279,280,false,terminal signature,Q
4771,Q,Q,28,29,false,terminal signature,Q
4772,Q,Q,61,62,false,terminal signature,Q
4773,Q,Q,209,210,false,terminal signature,Q
4774,Q,Q,45,46,false,terminal signature,Q
4776,Q,Q,97,98,false,terminal signature,Q
4777,Q,Q,386,387,false,terminal signature,Q
4778,Q,Q,178,179,false,terminal signature,Q
4779,Q,Q,63,64,false,terminal signature,Q
478,Q,Q,68,69,false,terminal signature,Q
4781,Q,Q,98,99,false,terminal signature,Q
4782,Q,Q,996,997,false,terminal signature,Q
4783,Q,Q,130,131,false,terminal signature,Q
4784,Q,Q,129,130,false,terminal signature,Q
4785,Q,Q,372,373,false,terminal signature,Q
4786,Q,Q,61,62,false,terminal signature,Q
4787,Q,Q,86,87,false,terminal signature,Q
4788,Q,Q,32,33,false,terminal signature,Q
4789,Q,Q,44,45,false,terminal signature,Q
479,Q,Q,311,312,false,terminal signature,Q
4791,Q,Q,59,60,false,terminal signature,Q
4793,Q,Q,41,42,false,terminal signature,Q
4794,Q,Q,1703,1704,false,terminal signature,Q
4795,Q,Q,71,72,false,terminal signature,Q
4796,Q,Q,39,40,false,terminal signature,Q
4797,Q,Q,43,44,false,terminal signature,Q
4798,Q,Q,32,33,false,terminal signature,Q
4799,Q,Q,243,244,false,terminal signature,Q
48,Q,Q,8,9,false,Q clearance / Q fever — not the persona,What is Q Clearance?
48,Q,Q,115,116,true,,Does stating 'Q' refer that person works in DOE?
480,Q,Q,36,37,false,terminal signature,Q
4800,Q,Q,13,14,false,terminal signature,Q
4801,Q,Q,201,202,false,terminal signature,Q
4802,Q,Q,1137,1138,false,terminal signature,Q
4803,Q,Q,168,169,false,terminal signature,Q
4804,Q,Q,62,63,false,terminal signature,Q
4805,Q,Q,149,150,false,terminal signature,Q
4806,Q,Q,144,145,false,terminal signature,Q
4807,Q,Q,107,108,false,terminal signature,Q
4808,Q,Q,55,56,false,terminal signature,Q
4809,Q,Q,94,95,false,terminal signature,Q
481,Q,Q,81,82,false,terminal signature,Q
4810,Q,Q,141,142,false,terminal signature,Q
4811,QAnon,qanon,53,58,true,,https://www.nbcnews.com/tech/tech-news/facebook-bans-qanon-across-its-platforms-n1242339
4811,Q,Q,110,111,false,terminal signature,Q
4812,Q,Q,164,165,false,terminal signature,Q
4813,Q,Q,469,470,false,terminal signature,Q
4814,Q,Q,309,310,false,terminal signature,Q
4815,Q,Q,24,25,false,terminal signature,Q
4816,Q,Q,151,152,false,terminal signature,Q
4817,Q,Q,369,370,false,terminal signature,Q
4818,Q,Q,221,222,false,terminal signature,Q
4819,Q,Q,122,123,false,terminal signature,Q
4820,Q,Q,46,47,false,terminal signature,Q
4821,Q,Q,219,220,false,terminal signature,Q
4822,Q,Q,225,226,false,terminal signature,Q
4823,Q,Q,166,167,false,terminal signature,Q
4824,Q,Q,89,90,false,terminal signature,Q
4825,Q,Q,225,226,false,terminal signature,Q
4826,Q,Q,101,102,false,terminal signature,Q
4827,Q,Q,66,67,false,terminal signature,Q
4828,Q,Q,314,315,false,terminal signature,Q
4829,Q,Q,58,59,false,terminal signature,Q
483,Q,Q,262,263,false,terminal signature,Q
4830,Q,Q,201,202,false,terminal signature,Q
4831,Q,Q,357,358,false,terminal signature,Q
4832,Q,Q,108,109,false,terminal signature,Q
4833,Q,Q,43,44,false,terminal signature,Q
4836,Q,Q,326,327,false,terminal signature,Q
4837,Q,Q,75,76,false,terminal signature,Q
4838,Q,Q,844,845,false,terminal signature,Q
4839,Q,Q,58,59,false,terminal signature,Q
484,Q,Q,827,828,false,terminal signature,Q
4840,Q,Q,135,136,false,terminal signature,Q
4841,Q,Q,20,21,false,terminal signature,Q
4842,Q,Q,942,943,false,terminal signature,Q
4843,Q,Q,127,128,false,terminal signature,Q
4844,Q,Q,69,70,false,terminal signature,Q
4845,Q,Q,457,458,false,terminal signature,Q
4846,Q,Q,385,386,false,terminal signature,Q
4847,Q,Q,163,164,false,terminal signature,Q
4848,Q,Q,140,141,false,terminal signature,Q
485,Q,Q,21,22,false,terminal signature,Q
4850,Q,Q,237,238,false,terminal signature,Q
4851,Q,Q,448,449,false,terminal signature,Q
4852,Q,Q,88,89,false,terminal signature,Q
4853,Q,Q,69,70,false,terminal signature,Q
4855,Q,Q,419,420,false,terminal signature,Q
4856,Q,Q,57,58,false,terminal signature,Q
4857,Q,Q,161,162,false,terminal signature,Q
4858,Q,Q,106,107,false,terminal signature,Q
4859,Q,Q,122,123,false,terminal signature,Q
486,Q,Q,66,67,false,terminal signature,Q
4861,QAnon,qanon,60,65,true,,https://www.bing.com/news/search?q=qanon&qft=interval%3d%228%22&form=PTFTNR
4861,QAnon,Qanon,138,143,false,source material — greentext excerpt,>House resolution passed condemning 'Qanon'
4861,QAnon,Qanon,190,195,false,source material — greentext excerpt,>House intel committee meeting tomorrow re: 'Qanon'
4861,Anons,Anon,217,221,true,,"Gauge for yourself, Anon."
4861,Q,Q,223,224,false,terminal signature,Q
4863,QAnon,qanon,79,84,true,,https://www.businessinsider.com/europe-intel-agencies-starting-to-monitor-fear-qanon-sources-say-2020-10
4863,Q,Q,105,106,false,terminal signature,Q
4865,Q,Q,58,59,false,terminal signature,Q
4866,Q,Q,41,42,false,terminal signature,Q
4867,Q,Q,63,64,false,terminal signature,Q
4869,Q,Q,101,102,false,terminal signature,Q
487,Q,Q,64,65,false,terminal signature,Q
4870,Q,Q,167,168,false,terminal signature,Q
4871,Q,Q,177,178,false,terminal signature,Q
4872,Q,Q,317,318,false,terminal signature,Q
4873,Anons,Anons,0,5,true,,Anons were warned years ago of pending 'China [communist] style' tactic approaching re: censor and terminate any/all dissenting views.
4873,Q,Q,258,259,false,terminal signature,Q
4874,Q,Q,110,111,false,terminal signature,Q
4875,QAnon,Qanon,214,219,true,,Don't forget about the House Intel Committee meeting re: 'Qanon' today.
4875,Q,Q,454,455,false,terminal signature,Q
4876,Q,Q,57,58,false,terminal signature,Q
4878,Anons,Anon,15,19,true,,"No, Anon. You did, collectively."
4878,Q,Q,44,45,false,terminal signature,Q
4879,Q,Q,155,156,false,terminal signature,Q
488,Q,Q,20,21,false,terminal signature,Q
4880,Q,Q,286,287,false,terminal signature,Q
4881,Q,Q,73,74,true,,There is 'Q'. 1
4881,Anons,Anons,90,95,true,,There are 'Anons'. 2
4881,QAnon,Qanon,113,118,true,,There is no 'Qanon'. 3
4881,QAnon,Qanon,142,147,true,,Media labeling as 'Qanon' is a method [deliberate] to combine [attach] 'Q' to comments _theories _suggestions _statements [and ACTIONS] made by 2.
4881,Q,Q,195,196,true,,Media labeling as 'Qanon' is a method [deliberate] to combine [attach] 'Q' to comments _theories _suggestions _statements [and ACTIONS] made by 2.
4881,Anons,Anons,401,406,true,,Not all 'Anons' are authentic [injected].
4881,Q,Q,679,680,false,terminal signature,Q
4882,Q,Q,38,39,false,terminal signature,Q
4883,Q,Q,72,73,false,terminal signature,Q
4884,Q,Q,60,61,false,terminal signature,Q
4885,Q,Q,808,809,false,terminal signature,Q
4886,Q,Q,383,384,false,terminal signature,Q
4887,Q,Q,477,478,false,terminal signature,Q
4888,Q,Q,184,185,false,terminal signature,Q
4889,Q,Q,233,234,false,terminal signature,Q
489,Q,Q,423,424,false,terminal signature,Q
4890,Q,Q,295,296,false,terminal signature,Q
4891,Q,Q,644,645,false,terminal signature,Q
4892,Q,Q,63,64,false,terminal signature,Q
4893,Q,Q,590,591,false,terminal signature,Q
4894,Q,Q,209,210,false,terminal signature,Q
4895,Q,Q,109,110,false,terminal signature,Q
4896,Q,Q,305,306,false,terminal signature,Q
4897,Q,Q,24,25,false,terminal signature,Q
4898,Q,Q,129,130,false,terminal signature,Q
4899,Q,Q,83,84,false,terminal signature,Q
490,Q,Q,161,162,false,terminal signature,Q
4900,Q,Q,114,115,false,terminal signature,Q
4901,Q,Q,154,155,false,terminal signature,Q
4902,Q,Q,108,109,false,terminal signature,Q
4903,Q,Q,63,64,false,terminal signature,Q
4904,Q,Q,139,140,false,terminal signature,Q
4908,Q,Q,196,197,false,terminal signature,Q
491,Q,Q,199,200,false,terminal signature,Q
4910,Q,Q,48,49,false,terminal signature,Q
4915,Q,Q,95,96,false,terminal signature,Q
4916,Q,Q,148,149,false,terminal signature,Q
4917,Q,Q,182,183,false,terminal signature,Q
4919,Q,Q,156,157,false,terminal signature,Q
492,Q,Q,47,48,false,terminal signature,Q
4920,Q,Q,168,169,false,terminal signature,Q
4922,Q,Q,87,88,false,terminal signature,Q
4923,Q,Q,186,187,false,terminal signature,Q
4924,Q,Q,47,48,false,terminal signature,Q
4926,Q,Q,25,26,false,terminal signature,Q
4929,Q,Q,72,73,false,terminal signature,Q
493,Q,Q,158,159,false,terminal signature,Q
4930,Q,Q,73,74,false,terminal signature,Q
4931,Q,Q,164,165,false,terminal signature,Q
4932,Q,Q,142,143,false,terminal signature,Q
4933,Q,Q,154,155,false,terminal signature,Q
4934,Q,Q,94,95,false,terminal signature,Q
4935,Q,Q,433,434,false,terminal signature,Q
4936,Q,Q,68,69,false,terminal signature,Q
4937,Q,Q,91,92,false,terminal signature,Q
4938,Q,Q,43,44,false,terminal signature,Q
4939,Q,Q,202,203,false,terminal signature,Q
494,Q,Q,22,23,false,terminal signature,Q
4940,Q,Q,142,143,false,terminal signature,Q
4942,Q,Q,162,163,false,terminal signature,Q
4943,Q,Q,343,344,false,terminal signature,Q
4944,Q,Q,104,105,false,terminal signature,Q
4945,Q,Q,67,68,false,terminal signature,Q
4946,Q,Q,52,53,false,terminal signature,Q
4947,Q,Q,44,45,false,terminal signature,Q
4948,Q,Q,59,60,false,terminal signature,Q
4949,Q,Q,292,293,false,terminal signature,Q
495,Q,Q,34,35,false,terminal signature,Q
4950,Q,Q,42,43,false,terminal signature,Q
4951,Q,Q,510,511,false,terminal signature,Q
4952,Q,Q,8,9,false,terminal signature,Q
4953,Q,Q,44,45,false,terminal signature,Q
4954,Q,Q,32,33,false,terminal signature,Q
4955,Q,Q,39,40,false,terminal signature,Q
4956,Q,Q,63,64,false,terminal signature,Q
4957,Q,Q,35,36,false,terminal signature,Q
4958,Q,Q,310,311,false,terminal signature,Q
4959,Q,Q,432,433,false,terminal signature,Q
496,Q,Q,36,37,false,terminal signature,Q
4960,Q,Q,617,618,false,terminal signature,Q
4961,Q,Q,182,183,false,terminal signature,Q
4962,Q,Q,237,238,false,terminal signature,Q
4963,Q,Q,197,198,false,terminal signature,Q
4964,Q,Q,114,115,false,terminal signature,Q
4965,Q,Q,20,21,false,terminal signature,Q
4966,Q,Q,257,258,false,terminal signature,Q
497,Q,Q,26,27,false,terminal signature,Q
498,Q,Q,33,34,false,terminal signature,Q
499,Q,Q,45,46,true,,[2] Q Chapters.
499,Q,Q,57,58,false,terminal signature,Q
500,Q,Q,133,134,false,terminal signature,Q
501,Q,Q,87,88,false,terminal signature,Q
502,Q,Q,64,65,false,terminal signature,Q
503,Q,Q,26,27,true,,"Original missing ""Q"""
503,Q,Q,48,49,true,,"Revised including ""Q"""
503,Q,Q,64,65,false,terminal signature,Q
504,Q,Q,57,58,false,terminal signature,Q
505,Q,Q,51,52,false,terminal signature,Q
506,Q,Q,96,97,true,,"POTUS missing ""Q"" in select word."
506,Q,Q,183,184,true,,"POTUS adds ""Q"" in select word."
506,Q,Q,512,513,false,terminal signature,Q
507,Q,Q,275,276,false,terminal signature,Q
510,Q,Q,101,102,true,,"Directly after POTUS alters Tweets to [1] min interval and adds ""Q"" - use graphics."
510,Q,Q,127,128,false,terminal signature,Q
511,Q,Q,104,105,false,terminal signature,Q
512,Q,Q,31,32,false,terminal signature,Q
513,Q,Q,225,226,false,terminal signature,Q
514,Q,Q,17,18,false,terminal signature,Q
515,Q,Q,199,200,false,terminal signature,Q
516,Q,Q,11,12,false,terminal signature,Q
517,Q,Q,104,105,false,terminal signature,Q
518,Q,Q,117,118,false,terminal signature,Q
520,Q,Q,1662,1663,false,terminal signature,Q
521,Q,Q,472,473,false,terminal signature,Q
522,Q,Q,299,300,false,terminal signature,Q
523,Q,Q,11,12,false,terminal signature,Q
524,Q,Q,342,343,false,terminal signature,Q
525,Q,Q,140,141,false,terminal signature,Q
526,Q,Q,694,695,false,terminal signature,Q
527,Q,Q,68,69,false,terminal signature,Q
528,Q,Q,41,42,false,terminal signature,Q
529,Q,Q,254,255,false,terminal signature,Q
530,Q,Q,80,81,false,terminal signature,Q
531,Anons,anon,20,24,true,,"Impressive, anon!"
531,Q,Q,26,27,false,terminal signature,Q
532,Q,Q,351,352,false,terminal signature,Q
534,Q,Q,231,232,false,terminal signature,Q
535,Q,Q,82,83,false,terminal signature,Q
536,Q,Q,93,94,false,terminal signature,Q
537,Q,Q,877,878,false,terminal signature,Q
538,Q,Q,367,368,false,terminal signature,Q
539,Q,Q,92,93,false,terminal signature,Q
540,Q,Q,263,264,false,terminal signature,Q
541,Q,Q,463,464,false,terminal signature,Q
542,Q,Q,140,141,false,terminal signature,Q
543,Q,Q,21,22,false,terminal signature,Q
551,Q,Q,345,346,false,terminal signature,Q
553,Q,Q,302,303,false,terminal signature,Q
554,Q,Q,107,108,false,terminal signature,Q
555,Q,Q,17,18,false,terminal signature,Q
556,Q,Q,56,57,false,terminal signature,Q
557,Q,Q,29,30,false,terminal signature,Q
558,Q,Q,42,43,false,terminal signature,Q
559,Q,Q,633,634,false,terminal signature,Q
560,Q,Q,171,172,false,terminal signature,Q
561,Q,Q,112,113,false,terminal signature,Q
562,Q,Q,19,20,false,terminal signature,Q
563,Q,Q,499,500,false,terminal signature,Q
564,Q,Q,238,239,false,terminal signature,Q
565,Q,Q,72,73,false,terminal signature,Q
566,Q,Q,140,141,false,terminal signature,Q
567,Q,Q,24,25,false,terminal signature,Q
568,Q,Q,160,161,false,terminal signature,Q
569,Q,Q,53,54,false,terminal signature,Q
570,Q,Q,2147,2148,false,terminal signature,Q
571,Q,Q,188,189,false,terminal signature,Q
572,Q,Q,74,75,false,terminal signature,Q
573,Q,Q,73,74,false,terminal signature,Q
575,Q,Q,108,109,false,terminal signature,Q
576,Q,Q,163,164,false,terminal signature,Q
577,Q,Q,285,286,false,terminal signature,Q
578,Q,Q,95,96,false,terminal signature,Q
579,Q,Q,55,56,false,terminal signature,Q
581,Q,Q,72,73,false,terminal signature,Q
582,Q,Q,69,70,false,terminal signature,Q
583,Q,Q,25,26,false,terminal signature,Q
584,Q,Q,46,47,false,terminal signature,Q
585,Q,Q,54,55,false,terminal signature,Q
586,Q,Q,1049,1050,false,terminal signature,Q
587,Q,Q,35,36,false,terminal signature,Q
588,Q,Q,21,22,false,terminal signature,Q
589,Q,Q,21,22,false,terminal signature,Q
590,Q,Q,9,10,false,terminal signature,Q
591,Q,Q,9,10,false,terminal signature,Q
592,Q,Q,47,48,false,terminal signature,Q
593,Q,Q,31,32,false,terminal signature,Q
594,Q,Q,34,35,false,terminal signature,Q
595,Q,Q,26,27,false,terminal signature,Q
596,Q,Q,347,348,false,terminal signature,Q
597,Q,Q,50,51,false,terminal signature,Q
598,Q,Q,76,77,false,terminal signature,Q
599,Q,Q,120,121,false,terminal signature,Q
600,Q,Q,38,39,false,terminal signature,Q
601,Q,Q,37,38,false,terminal signature,Q
603,Q,Q,98,99,false,terminal signature,Q
605,Q,Q,137,138,false,terminal signature,Q
606,Q,Q,62,63,false,terminal signature,Q
607,Q,Q,149,150,false,terminal signature,Q
608,Q,Q,29,30,false,terminal signature,Q
609,Q,Q,312,313,false,terminal signature,Q
61,Q,Q,322,323,false,terminal signature,Q
610,Q,Q,335,336,false,terminal signature,Q
611,Q,Q,103,104,false,terminal signature,Q
612,Q,Q,111,112,false,terminal signature,Q
613,Q,Q,90,91,false,terminal signature,Q
615,Q,Q,44,45,false,terminal signature,Q
616,Q,Q,30,31,false,terminal signature,Q
617,Q,Q,379,380,false,terminal signature,Q
618,Q,Q,121,122,false,terminal signature,Q
619,Q,Q,300,301,false,terminal signature,Q
620,Q,Q,133,134,false,terminal signature,Q
621,Q,Q,55,56,false,terminal signature,Q
623,Q,Q,233,234,false,terminal signature,Q
624,Q,Q,94,95,false,terminal signature,Q
625,Q,Q,9,10,false,terminal signature,Q
626,Q,Q,207,208,false,terminal signature,Q
627,Q,Q,34,35,false,terminal signature,Q
628,Q,Q,201,202,false,terminal signature,Q
629,Q,Q,17,18,false,terminal signature,Q
630,Q,Q,54,55,false,terminal signature,Q
631,Q,Q,394,395,false,terminal signature,Q
632,Q,Q,259,260,false,terminal signature,Q
634,Q,Q,30,31,false,terminal signature,Q
635,Q,Q,51,52,false,terminal signature,Q
636,Q,Q,743,744,false,terminal signature,Q
64,Q,Q,401,402,false,terminal signature,Q
643,Q,Q,518,519,false,terminal signature,Q
645,Q,Q,415,416,false,terminal signature,Q
646,Q,Q,8,9,false,terminal signature,Q
647,Q,Q,27,28,false,terminal signature,Q
648,Q,Q,107,108,false,terminal signature,Q
649,Q,Q,11,12,false,terminal signature,Q
65,Q,Q,287,288,false,terminal signature,Q
650,Q,Q,66,67,false,terminal signature,Q
651,Q,Q,54,55,false,terminal signature,Q
652,Q,Q,37,38,false,terminal signature,Q
653,Q,Q,74,75,false,terminal signature,Q
654,Q,Q,27,28,false,terminal signature,Q
655,Q,Q,86,87,false,terminal signature,Q
656,Q,Q,88,89,false,terminal signature,Q
657,Q,Q,64,65,false,terminal signature,Q
658,Q,Q,22,23,false,terminal signature,Q
659,Q,Q,275,276,false,terminal signature,Q
66,Q,Q,371,372,false,terminal signature,Q
660,Q,Q,37,38,false,terminal signature,Q
661,Q,Q,38,39,false,terminal signature,Q
662,Q,Q,32,33,false,terminal signature,Q
663,Q,Q,24,25,false,terminal signature,Q
664,Q,Q,209,210,false,terminal signature,Q
665,Q,Q,26,27,false,terminal signature,Q
666,Q,Q,570,571,false,terminal signature,Q
667,Q,Q,99,100,false,terminal signature,Q
668,Q,Q,668,669,false,terminal signature,Q
669,Q,Q,132,133,false,terminal signature,Q
67,Q,Q,1652,1653,false,terminal signature,Q
670,Q,Q,142,143,false,terminal signature,Q
671,Q,Q,17,18,false,terminal signature,Q
672,Q,Q,146,147,false,terminal signature,Q
673,Q,Q,117,118,false,terminal signature,Q
674,Q,Q,109,110,false,terminal signature,Q
675,Q,Q,102,103,false,terminal signature,Q
676,Q,Q,80,81,false,terminal signature,Q
677,Q,Q,38,39,false,terminal signature,Q
678,Q,Q,101,102,false,terminal signature,Q
679,Q,Q,123,124,false,terminal signature,Q
680,Q,Q,19,20,false,terminal signature,Q
681,Q,Q,40,41,false,terminal signature,Q
682,Q,Q,20,21,false,terminal signature,Q
683,Q,Q,21,22,false,terminal signature,Q
686,Q,Q,13,14,false,terminal signature,Q
687,Q,Q,11,12,false,terminal signature,Q
688,Q,Q,69,70,false,terminal signature,Q
689,Q,Q,149,150,false,terminal signature,Q
690,Q,Q,89,90,false,terminal signature,Q
691,Q,Q,128,129,false,terminal signature,Q
692,Q,Q,112,113,false,terminal signature,Q
693,Q,Q,175,176,false,terminal signature,Q
694,Q,Q,132,133,false,terminal signature,Q
695,Q,Q,162,163,false,terminal signature,Q
696,Q,Q,56,57,false,terminal signature,Q
697,Q,Q,63,64,false,terminal signature,Q
698,Q,Q,20,21,false,terminal signature,Q
699,Q,Q,128,129,false,terminal signature,Q
70,Q,Q,1056,1057,false,terminal signature,Q
700,Q,Q,54,55,false,terminal signature,Q
701,Q,Q,38,39,false,terminal signature,Q
702,Q,Q,29,30,false,terminal signature,Q
703,Q,Q,504,505,false,terminal signature,Q
708,Q,Q,25,26,false,terminal signature,Q
709,Q,Q,174,175,false,terminal signature,Q
710,Q,Q,37,38,false,terminal signature,Q
711,Q,Q,40,41,false,terminal signature,Q
712,Q,Q,109,110,false,terminal signature,Q
713,Q,Q,142,143,false,terminal signature,Q
714,Q,Q,144,145,false,terminal signature,Q
715,Q,Q,32,33,false,terminal signature,Q
717,Q,Q,77,78,false,terminal signature,Q
718,Q,Q,177,178,false,terminal signature,Q
719,Q,Q,46,47,false,terminal signature,Q
72,Anons,Anon,24,28,true,,"Very smart, Anon."
72,Q,Q,151,152,false,terminal signature,Q
720,Q,Q,419,420,false,terminal signature,Q
721,Q,Q,66,67,false,terminal signature,Q
722,Q,Q,355,356,false,terminal signature,Q
723,Q,Q,9,10,false,terminal signature,Q
724,Q,Q,86,87,false,terminal signature,Q
725,Q,Q,1269,1270,false,terminal signature,Q
726,Q,Q,26,27,false,terminal signature,Q
727,Q,Q,21,22,false,terminal signature,Q
728,Q,Q,66,67,false,terminal signature,Q
729,Q,Q,60,61,false,terminal signature,Q
73,Q,Q,735,736,false,terminal signature,Q
730,Q,Q,155,156,false,terminal signature,Q
731,Q,Q,66,67,true,,Q
731,Q,Q,129,130,true,,Q
731,Q,Q,287,288,false,terminal signature,Q
732,Q,Q,625,626,false,terminal signature,Q
733,Q,Q,170,171,false,terminal signature,Q
734,Q,Q,92,93,false,terminal signature,Q
735,Q,Q,176,177,false,terminal signature,Q
736,Q,Q,53,54,false,terminal signature,Q
737,Q,Q,139,140,false,terminal signature,Q
738,Q,Q,307,308,false,terminal signature,Q
739,Q,Q,83,84,false,terminal signature,Q
74,Q,Q,0,1,true,,Q = Alice
74,Q,Q,110,111,false,terminal signature,Q
740,Q,Q,50,51,false,terminal signature,Q
741,Q,Q,41,42,false,terminal signature,Q
742,Q,Q,315,316,false,terminal signature,Q
743,Q,Q,315,316,false,terminal signature,Q
744,Q,Q,59,60,false,terminal signature,Q
745,Q,Q,67,68,false,terminal signature,Q
746,Q,Q,87,88,false,terminal signature,Q
747,Q,Q,202,203,false,terminal signature,Q
748,Q,Q,52,53,false,terminal signature,Q
749,Q,Q,319,320,false,terminal signature,Q
750,Q,Q,97,98,false,terminal signature,Q
751,Q,Q,141,142,false,terminal signature,Q
752,Q,Q,29,30,false,terminal signature,Q
753,Q,Q,94,95,false,terminal signature,Q
754,Q,Q,9,10,false,terminal signature,Q
755,Q,Q,551,552,false,terminal signature,Q
756,Q,Q,544,545,true,,"Q, DELTA"
757,Q,Q,90,91,true,,"Q, DELTA"
759,Q,Q,150,151,false,terminal signature,Q
76,Q,Q,755,756,false,terminal signature,Q
760,Q,Q,144,145,false,terminal signature,Q
761,Q,Q,79,80,false,terminal signature,Q
762,Q,Q,114,115,false,terminal signature,Q
763,Q,Q,129,130,false,terminal signature,Q
764,Q,Q,185,186,false,terminal signature,Q
765,Q,Q,17,18,false,terminal signature,Q
766,Anons,Anon,21,25,true,,"Great work, Anon."
766,Q,Q,27,28,false,terminal signature,Q
767,Q,Q,145,146,false,terminal signature,Q
768,Q,Q,508,509,false,terminal signature,Q
770,Q,Q,205,206,false,terminal signature,Q
771,Q,Q,203,204,false,terminal signature,Q
772,Q,Q,446,447,false,terminal signature,Q
773,Q,Q,138,139,false,terminal signature,Q
774,Q,Q,58,59,false,terminal signature,Q
775,Q,Q,162,163,false,terminal signature,Q
776,Q,Q,255,256,false,terminal signature,Q
777,Q,Q,264,265,false,terminal signature,Q
778,Q,Q,950,951,false,terminal signature,Q
779,Q,Q,95,96,false,terminal signature,Q
78,Q,Q,135,136,true,,Q
78,Q,Q,885,886,true,,Q
78,Q,Q,902,903,true,,Q = Alice
78,Q,Q,1011,1012,false,terminal signature,Q
782,Q,Q,14,15,false,terminal signature,Q
783,Q,Q,93,94,false,terminal signature,Q
784,Q,Q,19,20,false,terminal signature,Q
785,Q,Q,110,111,true,,"Q, DELTA"
786,Q,Q,396,397,false,terminal signature,Q
787,Q,Q,51,52,false,terminal signature,Q
788,Q,Q,58,59,false,terminal signature,Q
789,Q,Q,77,78,false,terminal signature,Q
79,Q,Q,63,64,false,terminal signature,Q
790,Q,Q,235,236,false,terminal signature,Q
791,Q,Q,173,174,false,terminal signature,Q+
792,Q,Q,27,28,false,terminal signature,Q
793,Q,Q,37,38,false,terminal signature,Q
797,Q,Q,85,86,false,terminal signature,Q
798,Q,Q,152,153,false,terminal signature,Q
799,Q,Q,177,178,false,terminal signature,Q
80,Q,Q,244,245,false,terminal signature,Q
800,Q,Q,22,23,false,terminal signature,Q
801,Q,Q,45,46,false,terminal signature,Q
802,Q,Q,387,388,false,terminal signature,Q
803,Q,Q,168,169,true,,Q
804,Q,Q,41,42,false,terminal signature,Q
805,Q,Q,229,230,false,terminal signature,Q
806,Q,Q,35,36,false,terminal signature,Q
807,Q,Q,37,38,false,terminal signature,Q
808,Q,Q,104,105,false,terminal signature,Q
809,Q,Q,184,185,false,terminal signature,Q
81,Q,Q,312,313,false,terminal signature,Q
810,Q,Q,308,309,false,terminal signature,Q
811,Q,Q,185,186,false,terminal signature,Q
812,Q,Q,229,230,false,terminal signature,Q
813,Q,Q,93,94,false,terminal signature,Q
814,Q,Q,151,152,false,terminal signature,Q
815,Q,Q,32,33,false,terminal signature,Q
816,Q,Q,480,481,false,terminal signature,Q
817,Q,Q,183,184,false,terminal signature,Q
818,Q,Q,33,34,false,terminal signature,Q
819,Q,Q,48,49,false,terminal signature,Q
82,Q,Q,193,194,false,terminal signature,Q
820,Q,Q,18,19,false,terminal signature,Q
821,Q,Q,12,13,false,terminal signature,Q
822,Q,Q,14,15,false,terminal signature,Q
823,Q,Q,147,148,false,terminal signature,Q
824,Q,Q,12,13,false,terminal signature,Q
825,Q,Q,9,10,false,terminal signature,Q
826,Q,Q,22,23,false,terminal signature,Q
827,Q,Q,48,49,false,terminal signature,Q
828,Q,Q,260,261,false,terminal signature,Q
829,Q,Q,67,68,false,terminal signature,Q
83,Q,Q,154,155,false,terminal signature,Q
830,Q,Q,477,478,false,terminal signature,Q
831,Q,Q,84,85,false,terminal signature,Q
832,Q,Q,335,336,false,terminal signature,Q
833,Q,Q,232,233,false,terminal signature,Q
834,Q,Q,391,392,false,terminal signature,Q
835,Q,Q,19,20,false,terminal signature,Q
836,Q,Q,428,429,false,terminal signature,Q
837,Q,Q,113,114,false,terminal signature,Q
838,Q,Q,6,7,false,terminal signature,Q
839,Q,Q,340,341,false,terminal signature,Q
84,Q,Q,238,239,false,terminal signature,Q
840,Q,Q,81,82,false,terminal signature,Q
841,Q,Q,99,100,false,terminal signature,Q
842,Q,Q,75,76,false,terminal signature,Q
843,Q,Q,10,11,false,terminal signature,Q
844,Q,Q,68,69,false,terminal signature,Q
845,Q,Q,70,71,false,terminal signature,Q
846,Q,Q,108,109,false,terminal signature,Q
847,Q,Q,26,27,false,terminal signature,Q
849,Q,Q,107,108,false,terminal signature,Q
85,Q,Q,463,464,false,terminal signature,Q
850,Q,Q,171,172,false,terminal signature,Q
851,Q,Q,88,89,false,terminal signature,Q
852,Q,Q,144,145,false,terminal signature,Q
853,Q,Q,65,66,false,terminal signature,Q
854,Q,Q,520,521,false,terminal signature,Q
855,Q,Q,513,514,false,terminal signature,Q
856,Q,Q,133,134,false,terminal signature,Q
857,Q,Q,132,133,false,terminal signature,Q
858,Q,Q,25,26,false,terminal signature,Q
859,Q,Q,117,118,false,terminal signature,Q
86,Q,Q,130,131,false,terminal signature,Q
860,Q,Q,63,64,false,terminal signature,Q
861,Anons,Anon,22,26,true,,Keep digging Anon.
861,Q,Q,89,90,false,terminal signature,Q
862,Q,Q,112,113,false,terminal signature,Q
863,Q,Q,118,119,false,terminal signature,Q
864,Q,Q,105,106,false,terminal signature,Q
865,Q,Q,29,30,false,terminal signature,Q
866,Q,Q,347,348,false,terminal signature,Q
867,Q,Q,129,130,false,terminal signature,Q
868,Q,Q,69,70,false,terminal signature,Q
869,Q,Q,59,60,false,terminal signature,Q
87,Q,Q,114,115,false,terminal signature,Q
870,Q,Q,11,12,false,terminal signature,Q
871,Q,Q,11,12,false,terminal signature,Q
872,Q,Q,22,23,false,terminal signature,Q
873,Q,Q,205,206,false,terminal signature,Q
874,Q,Q,329,330,false,terminal signature,Q
875,Q,Q,219,220,false,terminal signature,Q
876,Q,Q,28,29,false,terminal signature,Q
877,Q,Q,187,188,false,terminal signature,Q
878,Q,Q,29,30,false,terminal signature,Q
879,Q,Q,53,54,false,terminal signature,Q
88,Q,Q,585,586,false,terminal signature,Q
880,Q,Q,65,66,false,terminal signature,Q
881,Q,Q,78,79,false,terminal signature,Q
883,Q,Q,134,135,false,terminal signature,Q
884,Q,Q,166,167,false,terminal signature,Q
885,Q,Q,77,78,false,terminal signature,Q
886,Q,Q,98,99,false,terminal signature,Q
887,Q,Q,148,149,false,terminal signature,Q
888,Q,Q,88,89,false,terminal signature,Q
889,Q,Q,128,129,false,terminal signature,Q
89,Anons,Anon,22,26,true,,Thank you Anon.
89,Q,Q,357,358,false,terminal signature,Q
890,Q,Q,28,29,false,terminal signature,Q
891,Q,Q,24,25,false,terminal signature,Q
892,Q,Q,4,5,false,terminal signature,Q
893,Q,Q,56,57,false,terminal signature,Q
894,Q,Q,76,77,false,terminal signature,Q
895,Q,Q,272,273,false,terminal signature,Q
896,Q,Q,94,95,false,terminal signature,Q
897,Q,Q,91,92,false,terminal signature,Q
898,Q,Q,125,126,false,terminal signature,Q
899,Q,Q,70,71,false,terminal signature,Q
90,Q,Q,43,44,false,terminal signature,Q
900,Q,Q,189,190,false,terminal signature,Q
901,Q,Q,33,34,false,terminal signature,Q
902,Q,Q,88,89,false,terminal signature,Q
903,Q,Q,46,47,false,terminal signature,Q
904,Q,Q,20,21,false,terminal signature,Q
905,Q,Q,57,58,false,terminal signature,Q
906,Q,Q,99,100,false,terminal signature,Q
907,Q,Q,15,16,false,terminal signature,Q
908,Q,Q,188,189,false,terminal signature,Q
909,Q,Q,111,112,false,terminal signature,Q
91,Q,Q,596,597,false,terminal signature,Q
910,Q,Q,154,155,false,terminal signature,Q
911,Q,Q,24,25,false,terminal signature,Q
912,Q,Q,103,104,false,terminal signature,Q
915,Q,Q,32,33,false,terminal signature,Q
916,Q,Q,90,91,false,terminal signature,Q
917,Q,Q,97,98,false,terminal signature,Q
918,Q,Q,149,150,false,terminal signature,Q
919,Q,Q,43,44,false,terminal signature,Q
92,Q,Q,1333,1334,false,terminal signature,Q
920,Q,Q,123,124,false,terminal signature,Q
921,Q,Q,166,167,false,terminal signature,Q
922,Q,Q,84,85,false,terminal signature,Q
923,Q,Q,212,213,false,terminal signature,Q
924,Q,Q,169,170,false,terminal signature,Q
925,Q,Q,125,126,false,terminal signature,Q
926,Q,Q,49,50,false,terminal signature,Q
927,Q,Q,98,99,false,terminal signature,Q
928,Q,Q,429,430,false,terminal signature,Q
929,Q,Q,60,61,false,terminal signature,Q
93,Q,Q,125,126,false,terminal signature,Q
930,Q,Q,73,74,false,terminal signature,Q
931,Q,Q,40,41,false,terminal signature,Q+
932,Q,Q,145,146,false,terminal signature,Q
933,Q,Q,57,58,false,terminal signature,Q
934,Q,Q,34,35,false,terminal signature,Q
936,Q,Q,136,137,false,terminal signature,Q
938,Q,Q,104,105,false,terminal signature,Q
940,Q,Q,13,14,false,terminal signature,Q
941,Q,Q,49,50,false,terminal signature,Q
942,Q,Q,137,138,false,terminal signature,Q
943,Q,Q,119,120,false,terminal signature,Q
944,Q,Q,60,61,false,terminal signature,Q
945,Q,Q,9,10,false,terminal signature,Q
946,Q,Q,26,27,false,terminal signature,Q
947,Q,Q,95,96,false,terminal signature,Q
948,Q,Q,133,134,false,terminal signature,Q
949,Q,Q,39,40,false,terminal signature,Q
95,Q,Q,180,181,false,terminal signature,Q
950,Q,Q,23,24,false,terminal signature,Q
951,Q,Q,38,39,false,terminal signature,Q
952,Q,Q,110,111,false,terminal signature,Q
953,Q,Q,699,700,false,terminal signature,Q
954,Q,Q,29,30,false,terminal signature,Q
955,Q,Q,33,34,false,terminal signature,Q
956,Q,Q,28,29,false,terminal signature,Q
957,Q,Q,34,35,false,terminal signature,Q
958,Q,Q,26,27,true,,The FBI opened a case on “Q” today re: ‘Boom’ statements and now the TX bombings.
958,Q,Q,199,200,false,terminal signature,Q
959,Q,Q,284,285,false,terminal signature,Q
96,Q,Q,523,524,false,terminal signature,Q
960,Q,Q,155,156,false,terminal signature,Q
961,Q,Q,17,18,false,terminal signature,Q
962,Q,Q,18,19,false,terminal signature,Q
963,Q,Q,56,57,false,terminal signature,Q
964,Q,Q,1295,1296,false,terminal signature,Q
965,Q,Q,85,86,false,terminal signature,Q
967,Q,Q,243,244,false,terminal signature,Q
968,Q,Q,135,136,false,terminal signature,Q
969,Q,Q,233,234,false,terminal signature,Q
97,Q,Q,978,979,false,terminal signature,Q
970,Q,Q,62,63,false,terminal signature,Q
971,Q,Q,64,65,false,terminal signature,Q
972,Q,Q,942,943,false,terminal signature,Q
973,Q,Q,178,179,false,terminal signature,Q
974,Q,Q,157,158,false,terminal signature,Q
975,Q,Q,21,22,false,terminal signature,Q
976,Q,Q,216,217,false,terminal signature,Q
977,Q,Q,31,32,false,terminal signature,Q
978,Q,Q,23,24,false,terminal signature,Q
979,Q,Q,9,10,false,terminal signature,Q
98,Q,Q,209,210,false,terminal signature,Q
980,Q,Q,67,68,false,terminal signature,Q
981,Q,Q,188,189,false,terminal signature,Q
982,Q,Q,106,107,false,terminal signature,Q
983,Q,Q,56,57,false,terminal signature,Q
984,Q,Q,30,31,false,terminal signature,Q
985,Q,Q,31,32,false,terminal signature,Q
986,Q,Q,264,265,false,terminal signature,Q
987,Q,Q,127,128,false,terminal signature,Q
988,Q,Q,273,274,false,terminal signature,Q
989,Q,Q,62,63,false,terminal signature,Q
99,Q,Q,393,394,false,terminal signature,Q
990,Q,Q,13,14,false,terminal signature,Q
991,Q,Q,49,50,false,terminal signature,Q
992,Q,Q,152,153,false,terminal signature,Q
993,Q,Q,107,108,false,terminal signature,Q
994,Q,Q,39,40,false,terminal signature,Q
995,Q,Q,104,105,false,terminal signature,Q
996,Q,Q,168,169,false,terminal signature,Q
997,Q,Q,121,122,false,terminal signature,Q
998,Q,Q,67,68,false,terminal signature,Q
999,Q,Q,158,159,false,terminal signature,Q
