postNum,kind,identity,aliasesAttempted,aliasCount,postText
1008,namedEntities,Hussein,,0,It was not supposed to be revealed POTUS is not under criminal investigation _ NOT YET. ⏎ Traitor. ⏎ Massive intel sweep. ⏎ Manafort was a plant.  ⏎ Trace background. ⏎ Open source. ⏎ Who was arrested?  ⏎ Non US. ⏎ Trace background. ⏎ Open source. ⏎ Carter Page was a plant. ⏎ Trace background. ⏎ Open source. ⏎ Why is Mueller going after 'inside plants'? ⏎ Flynn is safe. ⏎ Define 'witness'.  ⏎ Can a 'witness' hold a position of power/influence while ongoing? ⏎ Russia Russia Russia? ⏎ Real or fake? ⏎ Fake? ⏎ JA? ⏎ Seth Rich? ⏎ MS_13 187 [2] -24 -Distance? ⏎ MS[13][13=M]MSM - The 'Wheel'  ⏎ No investigation into WL receipt of information? ⏎ No pull down of NSA metadata trace/C to WL?  ⏎ No pull down of NSA metadata period? ⏎ Nothing transferred across web? ⏎ Direct-to-Direct bypass dump? ⏎ No 'direct' investigation into DNC computer/software? ⏎ No 'direct' investigation into CS? ⏎ FBI/SC/DO
1008,namedEntities,Hussein,,0,It was not supposed to be revealed POTUS is not under criminal investigation _ NOT YET. ⏎ Traitor. ⏎ Massive intel sweep. ⏎ Manafort was a plant.  ⏎ Trace background. ⏎ Open source. ⏎ Who was arrested?  ⏎ Non US. ⏎ Trace background. ⏎ Open source. ⏎ Carter Page was a plant. ⏎ Trace background. ⏎ Open source. ⏎ Why is Mueller going after 'inside plants'? ⏎ Flynn is safe. ⏎ Define 'witness'.  ⏎ Can a 'witness' hold a position of power/influence while ongoing? ⏎ Russia Russia Russia? ⏎ Real or fake? ⏎ Fake? ⏎ JA? ⏎ Seth Rich? ⏎ MS_13 187 [2] -24 -Distance? ⏎ MS[13][13=M]MSM - The 'Wheel'  ⏎ No investigation into WL receipt of information? ⏎ No pull down of NSA metadata trace/C to WL?  ⏎ No pull down of NSA metadata period? ⏎ Nothing transferred across web? ⏎ Direct-to-Direct bypass dump? ⏎ No 'direct' investigation into DNC computer/software? ⏎ No 'direct' investigation into CS? ⏎ FBI/SC/DO
1008,namedEntities,Hussein,,0,It was not supposed to be revealed POTUS is not under criminal investigation _ NOT YET. ⏎ Traitor. ⏎ Massive intel sweep. ⏎ Manafort was a plant.  ⏎ Trace background. ⏎ Open source. ⏎ Who was arrested?  ⏎ Non US. ⏎ Trace background. ⏎ Open source. ⏎ Carter Page was a plant. ⏎ Trace background. ⏎ Open source. ⏎ Why is Mueller going after 'inside plants'? ⏎ Flynn is safe. ⏎ Define 'witness'.  ⏎ Can a 'witness' hold a position of power/influence while ongoing? ⏎ Russia Russia Russia? ⏎ Real or fake? ⏎ Fake? ⏎ JA? ⏎ Seth Rich? ⏎ MS_13 187 [2] -24 -Distance? ⏎ MS[13][13=M]MSM - The 'Wheel'  ⏎ No investigation into WL receipt of information? ⏎ No pull down of NSA metadata trace/C to WL?  ⏎ No pull down of NSA metadata period? ⏎ Nothing transferred across web? ⏎ Direct-to-Direct bypass dump? ⏎ No 'direct' investigation into DNC computer/software? ⏎ No 'direct' investigation into CS? ⏎ FBI/SC/DO
1008,namedEntities,America,,0,It was not supposed to be revealed POTUS is not under criminal investigation _ NOT YET. ⏎ Traitor. ⏎ Massive intel sweep. ⏎ Manafort was a plant.  ⏎ Trace background. ⏎ Open source. ⏎ Who was arrested?  ⏎ Non US. ⏎ Trace background. ⏎ Open source. ⏎ Carter Page was a plant. ⏎ Trace background. ⏎ Open source. ⏎ Why is Mueller going after 'inside plants'? ⏎ Flynn is safe. ⏎ Define 'witness'.  ⏎ Can a 'witness' hold a position of power/influence while ongoing? ⏎ Russia Russia Russia? ⏎ Real or fake? ⏎ Fake? ⏎ JA? ⏎ Seth Rich? ⏎ MS_13 187 [2] -24 -Distance? ⏎ MS[13][13=M]MSM - The 'Wheel'  ⏎ No investigation into WL receipt of information? ⏎ No pull down of NSA metadata trace/C to WL?  ⏎ No pull down of NSA metadata period? ⏎ Nothing transferred across web? ⏎ Direct-to-Direct bypass dump? ⏎ No 'direct' investigation into DNC computer/software? ⏎ No 'direct' investigation into CS? ⏎ FBI/SC/DO
1010,namedEntities,Rothschild,,0,>>894110 ⏎ MONEY. ⏎ POWER. ⏎ CONTROL. ⏎ People are simply in the way. ⏎ SLAVES. ⏎ SHEEP. ⏎ PAWNS. ⏎ MASS EXT EVENTS DESIGNED TO DECREASE THREAT LEVEL OF POPULATION. ⏎ GUN CONTROL. ⏎ WARS [FAKE][TOP HAPPY][BACKEND DEAL]. ⏎ ELECTION RIGGING. ⏎ CONTROL. ⏎ YOUR VOICE DOES NOT MATTER. ⏎ PHARMA [CLAS-D] ⏎ WATER ⏎ AIR ⏎ CHEMICALS PUSHED FOR HOME USE CLEANING [CANCER][BABY ON FLOOR-HANDS IN MOUTH - THE START]. ⏎ VACCINES [NOT ALL]. ⏎ TOBACCO. ⏎ OPIOIDS.  ⏎ ULTIMATE WIN [DEATH + MONEY]. ⏎ THE FED. ⏎ ROTHSCHILD. ⏎ 'CONSPIRACY' ⏎ 'CONSPIRACY' ⏎ 'CONSPIRACY' ⏎ UK/GER [5 days]. ⏎ Choice is yours. ⏎ REVELATIONS. ⏎ ENOUGH IS ENOUGH. ⏎ Q ⏎ 
1010,namedEntities,The Fed,The Fed,1,>>894110 ⏎ MONEY. ⏎ POWER. ⏎ CONTROL. ⏎ People are simply in the way. ⏎ SLAVES. ⏎ SHEEP. ⏎ PAWNS. ⏎ MASS EXT EVENTS DESIGNED TO DECREASE THREAT LEVEL OF POPULATION. ⏎ GUN CONTROL. ⏎ WARS [FAKE][TOP HAPPY][BACKEND DEAL]. ⏎ ELECTION RIGGING. ⏎ CONTROL. ⏎ YOUR VOICE DOES NOT MATTER. ⏎ PHARMA [CLAS-D] ⏎ WATER ⏎ AIR ⏎ CHEMICALS PUSHED FOR HOME USE CLEANING [CANCER][BABY ON FLOOR-HANDS IN MOUTH - THE START]. ⏎ VACCINES [NOT ALL]. ⏎ TOBACCO. ⏎ OPIOIDS.  ⏎ ULTIMATE WIN [DEATH + MONEY]. ⏎ THE FED. ⏎ ROTHSCHILD. ⏎ 'CONSPIRACY' ⏎ 'CONSPIRACY' ⏎ 'CONSPIRACY' ⏎ UK/GER [5 days]. ⏎ Choice is yours. ⏎ REVELATIONS. ⏎ ENOUGH IS ENOUGH. ⏎ Q ⏎ 
1054,namedEntities,Ray Chandler,,0,>>924792 ⏎ Look up Ray.Chandler. ⏎ None are safe. ⏎ Q ⏎ 
1082,namedEntities,JFK Jr.,JFK Jr.,1,POTUS & JFK JR. ⏎ Relationship. ⏎ Plane crash 1999. ⏎ HRC Senate 2000. ⏎ The “Start.” ⏎ Enjoy the show. ⏎ Q ⏎ 
1086,namedEntities,NO NAME,,0,>>954786 ⏎ No name in Syria. ⏎ Timeline. ⏎ Purpose? ⏎ Who attended? ⏎ No name panic. ⏎ Health cover. ⏎ Fast. ⏎ Q ⏎ 
1092,namedEntities,NO NAME,,0,>>955898 ⏎ We love phones! ⏎ No name should know better. ⏎ Q ⏎ 
1094,namedEntities,US Senate,US Senate,1,Flag. ⏎ SEC detail background. ⏎ All looking away. ⏎ ‘TRUSTED’ close proximity. ⏎ Refugees who work/ed US House / Senate? ⏎ Traitor. ⏎ Q ⏎ 
1098,namedEntities,Hussein,,0,>>958655 ⏎ Why did HUSSEIN PROTECT ISIS? ⏎ POTUS ISIS focus and destroy 1 year? ⏎ vs HUSSEIN 8 years? ⏎ vs GWB? ⏎ DC access. ⏎ Sold out. ⏎ Bring back the gallows! ⏎ Q ⏎ 
1098,namedEntities,Hussein,,0,>>958655 ⏎ Why did HUSSEIN PROTECT ISIS? ⏎ POTUS ISIS focus and destroy 1 year? ⏎ vs HUSSEIN 8 years? ⏎ vs GWB? ⏎ DC access. ⏎ Sold out. ⏎ Bring back the gallows! ⏎ Q ⏎ 
1102,namedEntities,Hussein,,0,">>966637 ⏎ PEOPLE have POWER. ⏎ Don't forget how to PLAY. ⏎ TOGETHER YOU ARE STRONG. ⏎ FB violation of YOUR PRIVACY. ⏎ FB actively TRACKING YOU. ⏎ FB reading your PRIVATE messages. ⏎ FB CENSORING (anti conservative). ⏎ More will drop. ⏎ We have it ALL. ⏎ CLASS ACTION LAWSUITS are EFFECTIVE.  ⏎ GLOBAL. ⏎ @Jack ⏎ You're next. ⏎ What is Jack's SECRET T-handle? ⏎ 'Dummy' accounts to talk. ⏎ What you SEE is LIMITED. ⏎ Think emails (LL, HRC, HUSSEIN, etc). ⏎ Q ⏎ "
1122,namedEntities,Sessions,,0,>>979093 ⏎ TRUST SESSIONS. ⏎ TRUST WRAY. ⏎ TRUST KANSAS. ⏎ TRUST HOROWITZ. ⏎ TRUST HUBER. ⏎ Q ⏎ 
1122,namedEntities,Huber,,0,>>979093 ⏎ TRUST SESSIONS. ⏎ TRUST WRAY. ⏎ TRUST KANSAS. ⏎ TRUST HOROWITZ. ⏎ TRUST HUBER. ⏎ Q ⏎ 
1122,namedEntities,Wray,Wray,1,>>979093 ⏎ TRUST SESSIONS. ⏎ TRUST WRAY. ⏎ TRUST KANSAS. ⏎ TRUST HOROWITZ. ⏎ TRUST HUBER. ⏎ Q ⏎ 
1122,namedEntities,Kansas,Kansas,1,>>979093 ⏎ TRUST SESSIONS. ⏎ TRUST WRAY. ⏎ TRUST KANSAS. ⏎ TRUST HOROWITZ. ⏎ TRUST HUBER. ⏎ Q ⏎ 
1122,namedEntities,Horowitz,Horowitz,1,>>979093 ⏎ TRUST SESSIONS. ⏎ TRUST WRAY. ⏎ TRUST KANSAS. ⏎ TRUST HOROWITZ. ⏎ TRUST HUBER. ⏎ Q ⏎ 
1129,namedEntities,Pompeo,Pompeo,1,http:// thehill.com/homenews/administration/382714-clinton-advised-pompeo-to-stop-the-purge-of-state-dept ⏎ Then…. ⏎ http:// thehill.com/homenews/administration/382765-pompeo-failed-to-disclose-ownership-in-business-connected-to-china ⏎ Down She Goes….. ⏎ Q ⏎ 
1138,namedEntities,Ray Chandler,,0,https:// www.reuters.com/article/us-usa-congress-sextrafficking/trump-signs-law-to-punish-websites-for-sex-trafficking-idUSKBN1HI2KP ⏎ Study carefully. ⏎ Facebook. ⏎ IG (think Ray.Chandler). ⏎ Twitter. ⏎ Etc….. ⏎ HONEYPOTS. ⏎ Q ⏎ 
117,namedEntities,United States of America,,0,"Why was the arrest of Alwaleed and others important? ⏎ How is Alwaleed and BO tied to HUMA? ⏎ Why did Alwaleed finance BO pre-political days? ⏎ Why did Alwaleed finance BO pre-political days? ⏎ What is HUMA? Define. ⏎ What book was BO caught reading? ⏎ Why was this immediately disregarded as false? ⏎ What is ‘Post-American World by Fareed Zakaria’? ⏎ Why is this relevant?  ⏎ Why would the President of the UNITED STATES OF AMERICA be reading this book? ⏎ What church did BO attend as pre-POTUS? ⏎ Who was BO’s mentor? ⏎ How is Alwaleed and HRC connected? ⏎ Who was HRC’s mentor? ⏎ How is Alwaleed and Bush Sr./Jr. connected? ⏎ What occurred post 9-11? ⏎ What war did we enter into? ⏎ What was the purpose and disclosures given re: justification? ⏎ Who financed 9-11? ⏎ Why, recently, are classified 9-11 pages being released? ⏎ What just occurred in SA? ⏎ What FOIA docs are being publicly release"
117,namedEntities,Huma,,0,"Why was the arrest of Alwaleed and others important? ⏎ How is Alwaleed and BO tied to HUMA? ⏎ Why did Alwaleed finance BO pre-political days? ⏎ Why did Alwaleed finance BO pre-political days? ⏎ What is HUMA? Define. ⏎ What book was BO caught reading? ⏎ Why was this immediately disregarded as false? ⏎ What is ‘Post-American World by Fareed Zakaria’? ⏎ Why is this relevant?  ⏎ Why would the President of the UNITED STATES OF AMERICA be reading this book? ⏎ What church did BO attend as pre-POTUS? ⏎ Who was BO’s mentor? ⏎ How is Alwaleed and HRC connected? ⏎ Who was HRC’s mentor? ⏎ How is Alwaleed and Bush Sr./Jr. connected? ⏎ What occurred post 9-11? ⏎ What war did we enter into? ⏎ What was the purpose and disclosures given re: justification? ⏎ Who financed 9-11? ⏎ Why, recently, are classified 9-11 pages being released? ⏎ What just occurred in SA? ⏎ What FOIA docs are being publicly release"
117,namedEntities,Huma,,0,"Why was the arrest of Alwaleed and others important? ⏎ How is Alwaleed and BO tied to HUMA? ⏎ Why did Alwaleed finance BO pre-political days? ⏎ Why did Alwaleed finance BO pre-political days? ⏎ What is HUMA? Define. ⏎ What book was BO caught reading? ⏎ Why was this immediately disregarded as false? ⏎ What is ‘Post-American World by Fareed Zakaria’? ⏎ Why is this relevant?  ⏎ Why would the President of the UNITED STATES OF AMERICA be reading this book? ⏎ What church did BO attend as pre-POTUS? ⏎ Who was BO’s mentor? ⏎ How is Alwaleed and HRC connected? ⏎ Who was HRC’s mentor? ⏎ How is Alwaleed and Bush Sr./Jr. connected? ⏎ What occurred post 9-11? ⏎ What war did we enter into? ⏎ What was the purpose and disclosures given re: justification? ⏎ Who financed 9-11? ⏎ Why, recently, are classified 9-11 pages being released? ⏎ What just occurred in SA? ⏎ What FOIA docs are being publicly release"
1201,namedEntities,Trump,,0,>>1116307 ⏎ TRUMP card coming. ⏎ Q ⏎ 
1203,namedEntities,Standard Hotel,Standard Hotel | THE STANDARD HOTEL,2,Mack is naming names. ⏎ Big names in H-Wood / Gov’t (local/federal). ⏎ Proof. ⏎ The ‘Standard’ Hotel. ⏎ Helicopter crash. ⏎ All related. ⏎ Future will prove past. ⏎ AS. ⏎ Feeling ok today? ⏎ Why is the MX border / Long Beach Port so important? ⏎ Tick TOCK (LLC). ⏎ Q ⏎ 
1208,namedEntities,Hussein,,0,>>1122741 ⏎ Over the target. ⏎ Expand further. ⏎ Wendy. ⏎ HUSSEIN. ⏎ Mack. ⏎ AS. ⏎ https:// www.wehoville.com/2018/04/12/west-hollywoodss-mariah-sunshine-coogan-identified-victim-scottsdale-plane-crash/ ⏎ Open source. ⏎ Q ⏎ 
1211,namedEntities,Agnes Nixon,Agnes Nixon,1,>>1123269 ⏎ http:// newyork.cbslocal.com/2016/09/28/agnes-nixon-soap-operas/ ⏎ Q ⏎ 
1217,namedEntities,WikiLeaks,WL | WK | WikiLeaks | Wikileaks,4,https:// wikileaks.org/podesta-emails/emailid/7524 ⏎ Q ⏎ 
1217,namedEntities,Podesta,Podesta,1,https:// wikileaks.org/podesta-emails/emailid/7524 ⏎ Q ⏎ 
1220,namedEntities,WikiLeaks,WL | WK | WikiLeaks | Wikileaks,4,Example. ⏎ https:// clintonhealthaccess.org ⏎ https:// wikileaks.org/podesta-emails/emailid/24440 ⏎ HIV/AIDS. ⏎ CHAI. ⏎ Clinton Foundation conflicts of interest.  ⏎ CHAI discounted pharmaceuticals to distribute abroad. ⏎ Pharma alliance. ⏎ HRC/BC. ⏎ Protect domestic high prices. ⏎ Domestic = PAYDAY. ⏎ Q ⏎ 
1220,namedEntities,Podesta,Podesta,1,Example. ⏎ https:// clintonhealthaccess.org ⏎ https:// wikileaks.org/podesta-emails/emailid/24440 ⏎ HIV/AIDS. ⏎ CHAI. ⏎ Clinton Foundation conflicts of interest.  ⏎ CHAI discounted pharmaceuticals to distribute abroad. ⏎ Pharma alliance. ⏎ HRC/BC. ⏎ Protect domestic high prices. ⏎ Domestic = PAYDAY. ⏎ Q ⏎ 
1221,namedEntities,WikiLeaks,WL | WK | WikiLeaks | Wikileaks,4,Right on Q. ⏎ https:// twitter.com/wikileaks/status/987724899614674944 ⏎ Hello Maggie. ⏎ Trust funds (3). ⏎ Deposits routed from EU. ⏎ Why are deposits ORIG from EU being transferred into [3] TRUST funds [children]? ⏎ How do you get your talking points? ⏎ Why do many DC journalists (yourself) use & replace 'burner phones' every week? ⏎ How do you pass the new number out? ⏎ Tweets are very important. ⏎ Do you feel safe? ⏎ Q ⏎ 
1234,namedEntities,America,,0,>>1133925 ⏎ AMERICA WILL BE UNIFIED AGAIN! ⏎ 11.11.18. ⏎ Q ⏎ 
1235,namedEntities,Awan,Awan,1,http:// thehill.com/blogs/pundits-blog/presidential-campaign/292310-huma-abedins-ties-to-the-muslim-brotherhood ⏎ Good article. ⏎ Don’t forget about Huma. ⏎ AWAN. ⏎ VJ. ⏎ ……… ⏎ FBI. ⏎ America for sale. ⏎ Betrayal. ⏎ Treason. ⏎ No name. ⏎ Inside out destruction. ⏎ SA. ⏎ SA. ⏎ SA. ⏎ HUMA & Hussein. ⏎ http:// harvardmuslimalumni.org/about ⏎ Who paid? ⏎ SA [vital]. ⏎ Q ⏎ 
1235,namedEntities,NO NAME,,0,http:// thehill.com/blogs/pundits-blog/presidential-campaign/292310-huma-abedins-ties-to-the-muslim-brotherhood ⏎ Good article. ⏎ Don’t forget about Huma. ⏎ AWAN. ⏎ VJ. ⏎ ……… ⏎ FBI. ⏎ America for sale. ⏎ Betrayal. ⏎ Treason. ⏎ No name. ⏎ Inside out destruction. ⏎ SA. ⏎ SA. ⏎ SA. ⏎ HUMA & Hussein. ⏎ http:// harvardmuslimalumni.org/about ⏎ Who paid? ⏎ SA [vital]. ⏎ Q ⏎ 
1253,namedEntities,Grassley,Grassley,1,https:// www.grassley.senate.gov/news/news-releases/grassley-refers-planned-parenthood-fetal-tissue-procurement-organizations-fbi ⏎ http:// www.foxnews.com/politics/2017/12/07/planned-parenthood-under-investigation-by-justice-department-over-sale-fetal-tissue.html ⏎ Coming soon. ⏎ Q ⏎ 
128,namedEntities,Snow White,,0,"Trip added. ⏎ [C]oordinated effort to misdirect. ⏎ Guide to reading the crumbs necessary to cont[I]nue. ⏎ Attached gr[A]phic is correct. ⏎ Linked graphics are incorrect and false. ⏎ Graphic is necessary and vital.  ⏎ Time stamp(s) and order [is] critical.  ⏎ Re-review graphic (in full) each day post news release. ⏎ Learn to distinguish between relevant/non-relevant news. ⏎ Disinformation is real. ⏎ Disinformation is necessary.  ⏎ Ex: US ML NG (1) False SA True ⏎ Why was this necessary? ⏎ What questions were asked re: SA prior to SA events?  ⏎ Why is this relevant?  ⏎ Think mirror. ⏎ Look there, or [here], or there, truth is behind you. ⏎ What is a map? ⏎ Why is a map useful? ⏎ What is a legend? ⏎ Why is a legend useful?  ⏎ What is a sequence? ⏎ Why is this relevant?  ⏎ When does a map become a guide?  ⏎ What is a keystone?  ⏎ Everything stated is relevant.  ⏎ Everything. ⏎ Future provide"
1286,namedEntities,5 Eyes,,0,Reconcile. ⏎ Reporting incorrect? ⏎ Per WH? ⏎ The day before. ⏎ Enemy? ⏎ Slave? ⏎ Mueller & U1? ⏎ Mueller &  ⏎ https://www.politico.com/story/2017/08/08/robert-mueller-counsel-financial-records-241414 ⏎ Comey to POTUS - not being investigated. ⏎ RR to POTUS - not being investigated. ⏎ Mueller to POTUS - not a criminal target. ⏎ http://www.foxnews.com/politics/2018/04/19/rosenstein-tells-trump-is-not-target-cohen-investigation.html ⏎ http://www.foxnews.com/politics/2018/04/03/mueller-claims-trump-is-not-criminal-target-in-his-investigation-report-says.html ⏎ http://thehill.com/homenews/administration/336802-rnc-comey-testimony-proves-trump-not-under-investigation ⏎ Baiting POTUS? ⏎ Why no contact w/ WL / JA?  ⏎ What is being investigated? ⏎ Why is Mueller’s team stacked w/ ex Clinton / D sr level authorities? ⏎ Why are POTUS supporters screaming for END? ⏎ POTUS WITCH HUNT END ⏎ ADD RUDY 
1286,namedEntities,Rudy,Rudy,1,Reconcile. ⏎ Reporting incorrect? ⏎ Per WH? ⏎ The day before. ⏎ Enemy? ⏎ Slave? ⏎ Mueller & U1? ⏎ Mueller &  ⏎ https://www.politico.com/story/2017/08/08/robert-mueller-counsel-financial-records-241414 ⏎ Comey to POTUS - not being investigated. ⏎ RR to POTUS - not being investigated. ⏎ Mueller to POTUS - not a criminal target. ⏎ http://www.foxnews.com/politics/2018/04/19/rosenstein-tells-trump-is-not-target-cohen-investigation.html ⏎ http://www.foxnews.com/politics/2018/04/03/mueller-claims-trump-is-not-criminal-target-in-his-investigation-report-says.html ⏎ http://thehill.com/homenews/administration/336802-rnc-comey-testimony-proves-trump-not-under-investigation ⏎ Baiting POTUS? ⏎ Why no contact w/ WL / JA?  ⏎ What is being investigated? ⏎ Why is Mueller’s team stacked w/ ex Clinton / D sr level authorities? ⏎ Why are POTUS supporters screaming for END? ⏎ POTUS WITCH HUNT END ⏎ ADD RUDY 
1305,namedEntities,NO NAME,,0,No name out. ⏎ Now. ⏎ https://mobile.twitter.com/LindseyGrahamSC/status/990953165267681281 ⏎ We love good singers. ⏎ Q ⏎ 
1318,namedEntities,Huber,,0,Think LOGICALLY. ⏎ Mass exodus in DC? ⏎ Mass exodus - corporate CEOs? ⏎ Why? ⏎ Who has the POWER? ⏎ Who has the CONTROL? ⏎ If POTUS was NOT IN CONTROL would they be retreating?  ⏎ Who is the AG?  ⏎ Who MUST approve the firing/dismissal of DOJ officials? ⏎ Re_read DOJ org change (open source - more in pipe) ⏎ Who is the FBI director?  ⏎ Who MUST approve the firing/dismissal of FBI agents?  ⏎ Re_read FBI org change (open source - more in pipe) ⏎ If SESSIONS & WRAY are DC SWAMP/DEEP STATE why are they cleaning their respective houses?  ⏎ Use LOGIC. ⏎ Why are they slow walking unredacted data?  ⏎ Why are they slow walking doc disclosures?  ⏎ Why is the WH backing up DOJ? ⏎ What if the same data is being used by other investigators?  ⏎ What does it mean if a grand jury is impanelled?  ⏎ Why are confusing questions asked as to outcome re: Mueller?  ⏎ What would be the purpose of creating confu
1318,namedEntities,Huber,,0,Think LOGICALLY. ⏎ Mass exodus in DC? ⏎ Mass exodus - corporate CEOs? ⏎ Why? ⏎ Who has the POWER? ⏎ Who has the CONTROL? ⏎ If POTUS was NOT IN CONTROL would they be retreating?  ⏎ Who is the AG?  ⏎ Who MUST approve the firing/dismissal of DOJ officials? ⏎ Re_read DOJ org change (open source - more in pipe) ⏎ Who is the FBI director?  ⏎ Who MUST approve the firing/dismissal of FBI agents?  ⏎ Re_read FBI org change (open source - more in pipe) ⏎ If SESSIONS & WRAY are DC SWAMP/DEEP STATE why are they cleaning their respective houses?  ⏎ Use LOGIC. ⏎ Why are they slow walking unredacted data?  ⏎ Why are they slow walking doc disclosures?  ⏎ Why is the WH backing up DOJ? ⏎ What if the same data is being used by other investigators?  ⏎ What does it mean if a grand jury is impanelled?  ⏎ Why are confusing questions asked as to outcome re: Mueller?  ⏎ What would be the purpose of creating confu
1318,namedEntities,Huber,,0,Think LOGICALLY. ⏎ Mass exodus in DC? ⏎ Mass exodus - corporate CEOs? ⏎ Why? ⏎ Who has the POWER? ⏎ Who has the CONTROL? ⏎ If POTUS was NOT IN CONTROL would they be retreating?  ⏎ Who is the AG?  ⏎ Who MUST approve the firing/dismissal of DOJ officials? ⏎ Re_read DOJ org change (open source - more in pipe) ⏎ Who is the FBI director?  ⏎ Who MUST approve the firing/dismissal of FBI agents?  ⏎ Re_read FBI org change (open source - more in pipe) ⏎ If SESSIONS & WRAY are DC SWAMP/DEEP STATE why are they cleaning their respective houses?  ⏎ Use LOGIC. ⏎ Why are they slow walking unredacted data?  ⏎ Why are they slow walking doc disclosures?  ⏎ Why is the WH backing up DOJ? ⏎ What if the same data is being used by other investigators?  ⏎ What does it mean if a grand jury is impanelled?  ⏎ Why are confusing questions asked as to outcome re: Mueller?  ⏎ What would be the purpose of creating confu
1326,namedEntities,NO NAME,,0,https://mobile.twitter.com/realDonaldTrump/status/994586105822564353 ⏎ Names? ⏎ No Name prev meeting(s)? ⏎ Panic? ⏎ Discussions of death/funeral? ⏎ Medical or escape? ⏎ Now comes the pain. ⏎ Q ⏎ 
134,namedEntities,Huma,,0,"Why were the events in SA extraordinary?  ⏎ Who was arrested? ⏎ What will bank records provide?  ⏎ List names, family history, investment/ownership stakes, and point-to-point contacts. ⏎ EX: Alwaleed HUMA BO Citigroup US Control  ⏎ Why is this relevant?  ⏎ House of Saud. ⏎ House of Saud US Control ⏎ Follow the money. ⏎ What power shift recently occurred?  ⏎ Was a new King appointed?  ⏎ Coincidence? ⏎ Dark to LIGHT. ⏎ Why is this relevant? ⏎ One side of the triangle removed (1st time in history). ⏎ Other sides falling. ⏎ +++ ⏎ ++ ⏎ + ⏎ Q"
1341,namedEntities,Alex Jones,Alex Jones | AJ,2,>>1383888 ⏎ Time to move on. ⏎ Big week ahead! ⏎ http://insider.foxnews.com/2017/04/17/alex-jones-performance-artist-attorney-says-texas-child-custody-case ⏎ Q ⏎ 
135,namedEntities,Rothschild,,0,ROTHSCHILD OWNED & CONTROLLED BANKS: ⏎ Afghanistan: Bank of Afghanistan ⏎ Albania: Bank of Albania ⏎ Algeria: Bank of Algeria ⏎ Argentina: Central Bank of Argentina ⏎ Armenia: Central Bank of Armenia ⏎ Aruba: Central Bank of Aruba ⏎ Australia: Reserve Bank of Australia ⏎ Austria: Austrian National Bank ⏎ Azerbaijan: Central Bank of Azerbaijan Republic ⏎ Bahamas: Central Bank of The Bahamas ⏎ Bahrain: Central Bank of Bahrain ⏎ Bangladesh: Bangladesh Bank ⏎ Barbados: Central Bank of Barbados ⏎ Belarus: National Bank of the Republic of Belarus ⏎ Belgium: National Bank of Belgium ⏎ Belize: Central Bank of Belize ⏎ Benin: Central Bank of West African States (BCEAO) ⏎ Bermuda: Bermuda Monetary Authority ⏎ Bhutan: Royal Monetary Authority of Bhutan ⏎ Bolivia: Central Bank of Bolivia ⏎ Bosnia: Central Bank of Bosnia and Herzegovina ⏎ Botswana: Bank of Botswana ⏎ Brazil: Central Bank of Brazil ⏎ 
1351,namedEntities,Sessions,,0,"Sealed indictments. ⏎ Define indictment. ⏎ “An indictment is a formal accusation against one or more defendants, charging them with one or more crimes. In the federal criminal system, the indictment is the principal method by which a prosecutor initiates criminal proceedings.” ⏎ How are they sealed? ⏎ How are they secured? ⏎ How are they safeguarded? ⏎ No leaks [unusual?] ⏎ Federal vs …. ⏎ Why are accusations sealed? ⏎ Grand jury involved? ⏎ Re_read crumbs re: DOJ / FBI re: IG / Huber  ⏎ Who appointed Huber? ⏎ SESSIONS. ⏎ WHAT DEPTS MUST BE CLEANED PRIOR TO REC FAIR AND EQUAL [JUSTICE] UNDER THE LAW? ⏎ What happens if FED [criminal] indictments are brought forth to a corrupt FBI / DOJ / FED Judge? ⏎ FBI / DOJ - 1st. ⏎ C_A / State - next? ⏎ Now comes the pain. ⏎ Q ⏎ "
1359,namedEntities,France,France | FR,2,"“A group representing German trade interests said the US decision to withdraw from the deal will hit German companies and urged the EU to protect their interests. Trade between Germany and Iran reached 3.4 billion euros ($4 billion) last year, according to BGA, another foreign trade association.” ⏎ What about Total S.A.? ⏎ Total S.A. is a French multinational integrated oil and gas company and one of the seven ""Supermajor"" oil companies in the world.  ⏎ http://www.iran-daily.com/News/214793.html ⏎ Who recently visited the WH? ⏎ What was their purpose? ⏎ Coincidence? ⏎ What about the safety & security of the world? ⏎ What about preventing Iran Nuclear capabilities? ⏎ Fake News. ⏎ Will the EU resort to protecting the deal so the money flow remains in place? ⏎ Why is Kerry in the EU? ⏎ Will the US be forced to ban and declare certain EU countries off limits? ⏎ Who controls elected leaders? "
1370,namedEntities,Flynn,,0,Why was Preet Bharara fired? ⏎ Why was the NY AG just removed? ⏎ Why did Rudy recently join POTUS’ legal team after being ‘quiet’ for so long? ⏎ What must be cleaned first? ⏎ Who investigates? ⏎ Who prosecutes? ⏎ WHAT CAN FINALLY BE DONE? ⏎ WHO HAS THE ULTIMATE AUTHORITY? ⏎ DOES IT FALL UNDER THE RUSSIA RECUSAL? ⏎ DOES FLYNN KNOW? ⏎ Define “On the Record.” ⏎ You have more than you know. ⏎ ENJOY THE SHOW. ⏎ Q ⏎ 
1377,namedEntities,Sessions,,0,>>1419965 ⏎ Do you trust POTUS? ⏎ Does POTUS trust SESSIONS to protect the lives of our brave law enforcement? ⏎ Our Country? ⏎ Reconcile. ⏎ Would SESSIONS be AG (still) if DEEP STATE? ⏎ Critical thinking dismisses fictional clickbait claims. ⏎ Q ⏎ 
1377,namedEntities,Sessions,,0,>>1419965 ⏎ Do you trust POTUS? ⏎ Does POTUS trust SESSIONS to protect the lives of our brave law enforcement? ⏎ Our Country? ⏎ Reconcile. ⏎ Would SESSIONS be AG (still) if DEEP STATE? ⏎ Critical thinking dismisses fictional clickbait claims. ⏎ Q ⏎ 
145,namedEntities,America,,0,::::WARNING:::: ⏎ This is not a game! ⏎ DIRECT ATTACK TODAY BY NYT/CLOWNS IN AMERICA: ⏎ https://www.nytimes.com/2017/11/12/us/nsa-shadow-brokers.html ⏎ Do you believe in coincidences?  ⏎ How many coincidences do you need before you believe? ⏎ This is the biggest insider drop in the history of the world.  ⏎ Pray. ⏎ Q
1453,namedEntities,D party,,0,>>1699813 ⏎ There will be many redactions. ⏎ Why was the EO put on ice? ⏎ To wait for the release of the 'Clinton Investigation' portion of the IG report? ⏎ Why? ⏎ To include in the DECLAS? ⏎ Why would it be important to include? (all in one) ⏎ Optics are meaningful. ⏎ Political hit job narrative. ⏎ R's v D's. ⏎ Not right v wrong. ⏎ Projection. ⏎ END OF THE D PARTY [leaders]. ⏎ IG>Huber. ⏎ Who appointed Huber? ⏎ Re_read (again). ⏎ Slowly & carefully.  ⏎ http://www.breitbart.com/big-government/2018/03/31/turley-sessions-using-utah-federal-prosecutor-much-better-trump-2nd-special-counsel/ ⏎ Q ⏎ 
146,namedEntities,America,,0,::::WARNING:::: ⏎ This is not a game! ⏎ DIRECT ATTACK TODAY BY NYT/CLOWNS IN AMERICA: ⏎ https://www.nytimes.com/2017/11/12/us/nsa-shadow-brokers.html ⏎ Do you believe in coincidences?  ⏎ How many coincidences do you need before you believe? ⏎ This is the biggest insider drop in the history of the world.  ⏎ Pray. ⏎ Q
1483,namedEntities,Ryan,Ryan,1,>>1723305 ⏎ Full weight of the House v. ARM. ⏎ Why are optics important? ⏎ How does DC work? ⏎ WHY IS RYAN STILL IN OFFICE (lame duck)? ⏎ WHY IS RYAN LEAVING OFFICE? ⏎ WHO CONTROLS RYAN? ⏎ AUTISTS ENGAGED? ⏎ Q ⏎ 
1493,namedEntities,God,God,1,>>1732221 ⏎ Lee S. ⏎ Re: D OPs Hussein Hacking State Voting Sys ⏎ The TIP. ⏎ THEY MUST WIN. ⏎ AT ALL COSTS. ⏎ SR 187 DISCOVERY. ⏎ UK SIS. ⏎ C_A RUSSIA MASK HACK (SAME HAS CHINA SUB WASH - SET UP). ⏎ GOD SAVE US. ⏎ Q ⏎ 
1555,namedEntities,NO NAME,,0,No name absent. ⏎ End near? ⏎ Q ⏎ 
1602,namedEntities,God,God,1,">>1925226 ⏎ If you continue to proceed down this dangerous path only know that we are prepared. ⏎ You should know this based on earlier drops re: SA / Nat Guard / MIL Assets activate US soil. ⏎ The game is over when the public knows. ⏎ The fight to keep the LIGHTS OFF is all that matters to you. ⏎ You will FAIL. ⏎ The AMERICAN PEOPLE are AWAKE. ⏎ You lost CONTROL. ⏎ SHEEP NO MORE. ⏎ You underestimated their resolve and their ability to free-think away from the pipeline narrative. ⏎ We will DECLAS. ⏎ We will shine LIGHT. ⏎ THERE IS NOWHERE TO HIDE. ⏎ No amount of money, influence, or power can stop this. ⏎ Our rights to secure and protect at all costs then become justified. ⏎ We stand at the ready. ⏎ RED WAVE. ⏎ WHITE SQUALL. ⏎ IN GOD WE TRUST. ⏎ Q ⏎ "
1603,namedEntities,Putin,,0,>>1925332 ⏎ If you are smart (stupid) you know what just occurred at the meeting in Russia. ⏎ Attempts to frame Russia / POTUS (optics) are failing and will soon be exposed. ⏎ [Objective] to keep POTUS away from PUTIN failed. ⏎ Bolton + PUTIN should scare you. ⏎ Enemies are allies.  ⏎ EVIL has no place here. ⏎ America is no longer for sale. ⏎ The age of taxing our citizens across the World while entry to our markets is FREE is OVER. ⏎ The WORLD will UNITE in this cause (G v E/R v W). ⏎ Forced immigration pushers will be exposed (the 'why'). ⏎ Read the BIBLE. ⏎ GOD WINS. ⏎ Q ⏎ 
1603,namedEntities,Putin,,0,>>1925332 ⏎ If you are smart (stupid) you know what just occurred at the meeting in Russia. ⏎ Attempts to frame Russia / POTUS (optics) are failing and will soon be exposed. ⏎ [Objective] to keep POTUS away from PUTIN failed. ⏎ Bolton + PUTIN should scare you. ⏎ Enemies are allies.  ⏎ EVIL has no place here. ⏎ America is no longer for sale. ⏎ The age of taxing our citizens across the World while entry to our markets is FREE is OVER. ⏎ The WORLD will UNITE in this cause (G v E/R v W). ⏎ Forced immigration pushers will be exposed (the 'why'). ⏎ Read the BIBLE. ⏎ GOD WINS. ⏎ Q ⏎ 
1603,namedEntities,God,God,1,>>1925332 ⏎ If you are smart (stupid) you know what just occurred at the meeting in Russia. ⏎ Attempts to frame Russia / POTUS (optics) are failing and will soon be exposed. ⏎ [Objective] to keep POTUS away from PUTIN failed. ⏎ Bolton + PUTIN should scare you. ⏎ Enemies are allies.  ⏎ EVIL has no place here. ⏎ America is no longer for sale. ⏎ The age of taxing our citizens across the World while entry to our markets is FREE is OVER. ⏎ The WORLD will UNITE in this cause (G v E/R v W). ⏎ Forced immigration pushers will be exposed (the 'why'). ⏎ Read the BIBLE. ⏎ GOD WINS. ⏎ Q ⏎ 
1646,namedEntities,America,,0,You have a choice. ⏎ The choice has always been yours. ⏎ POWER TO THE PEOPLE. ⏎ THEY WANT YOU DIVIDED. ⏎ THEY WANT RACE WARS. ⏎ THEY WANT CLASS WARS. ⏎ THEY WANT RELIGIOUS WARS. ⏎ THEY WANT POLITICAL WARS. ⏎ THEY USE THE MEDIA. ⏎ THEY USE HOLLYWOOD. ⏎ THEY USE POLITICAL LEADERS. ⏎ THEY ARE LOUD. ⏎ GROUP THINK. ⏎ PUBLIC SHAME AGAINST THOSE WHO CHALLENGE. ⏎ SLAVERY. ⏎ THEY KNOW WHAT IS COMING. ⏎ IT IS NOW MORE CLEAR THAN EVER. ⏎ NEVER IN OUR HISTORY HAVE THEY BEEN THIS EXPOSED. ⏎ NEVER IN OUR HISTORY HAVE THEY COME OUT FROM THE SHADOWS TO FIGHT. ⏎ THE TRUTH IS CLEARLY VISIBLE. ⏎ DEFEND MS-13? ⏎ DEFEND THE DESTRUCTION OF OUR BORDERS? ⏎ PROMOTE THE FEAR NUCLEAR WAR IF POTUS REMAINS IN OFFICE? ⏎ NUCLEAR ALERTS MALFUNCTION? ⏎ COMPARE TO HITLER/NAZIS? ⏎ PROMOTE VIOLENCE? ⏎ PROMOTE HATE? ⏎ PROMOTE WAR? ⏎ PROMOTE ECONOMIC DECLINE? ⏎ PROMOTE NK TO END TALKS W/ POTUS? ⏎ PROMOTE IMPEACHMENT FOR NO R
1646,namedEntities,America,,0,You have a choice. ⏎ The choice has always been yours. ⏎ POWER TO THE PEOPLE. ⏎ THEY WANT YOU DIVIDED. ⏎ THEY WANT RACE WARS. ⏎ THEY WANT CLASS WARS. ⏎ THEY WANT RELIGIOUS WARS. ⏎ THEY WANT POLITICAL WARS. ⏎ THEY USE THE MEDIA. ⏎ THEY USE HOLLYWOOD. ⏎ THEY USE POLITICAL LEADERS. ⏎ THEY ARE LOUD. ⏎ GROUP THINK. ⏎ PUBLIC SHAME AGAINST THOSE WHO CHALLENGE. ⏎ SLAVERY. ⏎ THEY KNOW WHAT IS COMING. ⏎ IT IS NOW MORE CLEAR THAN EVER. ⏎ NEVER IN OUR HISTORY HAVE THEY BEEN THIS EXPOSED. ⏎ NEVER IN OUR HISTORY HAVE THEY COME OUT FROM THE SHADOWS TO FIGHT. ⏎ THE TRUTH IS CLEARLY VISIBLE. ⏎ DEFEND MS-13? ⏎ DEFEND THE DESTRUCTION OF OUR BORDERS? ⏎ PROMOTE THE FEAR NUCLEAR WAR IF POTUS REMAINS IN OFFICE? ⏎ NUCLEAR ALERTS MALFUNCTION? ⏎ COMPARE TO HITLER/NAZIS? ⏎ PROMOTE VIOLENCE? ⏎ PROMOTE HATE? ⏎ PROMOTE WAR? ⏎ PROMOTE ECONOMIC DECLINE? ⏎ PROMOTE NK TO END TALKS W/ POTUS? ⏎ PROMOTE IMPEACHMENT FOR NO R
1646,namedEntities,Hitler,Hitler,1,You have a choice. ⏎ The choice has always been yours. ⏎ POWER TO THE PEOPLE. ⏎ THEY WANT YOU DIVIDED. ⏎ THEY WANT RACE WARS. ⏎ THEY WANT CLASS WARS. ⏎ THEY WANT RELIGIOUS WARS. ⏎ THEY WANT POLITICAL WARS. ⏎ THEY USE THE MEDIA. ⏎ THEY USE HOLLYWOOD. ⏎ THEY USE POLITICAL LEADERS. ⏎ THEY ARE LOUD. ⏎ GROUP THINK. ⏎ PUBLIC SHAME AGAINST THOSE WHO CHALLENGE. ⏎ SLAVERY. ⏎ THEY KNOW WHAT IS COMING. ⏎ IT IS NOW MORE CLEAR THAN EVER. ⏎ NEVER IN OUR HISTORY HAVE THEY BEEN THIS EXPOSED. ⏎ NEVER IN OUR HISTORY HAVE THEY COME OUT FROM THE SHADOWS TO FIGHT. ⏎ THE TRUTH IS CLEARLY VISIBLE. ⏎ DEFEND MS-13? ⏎ DEFEND THE DESTRUCTION OF OUR BORDERS? ⏎ PROMOTE THE FEAR NUCLEAR WAR IF POTUS REMAINS IN OFFICE? ⏎ NUCLEAR ALERTS MALFUNCTION? ⏎ COMPARE TO HITLER/NAZIS? ⏎ PROMOTE VIOLENCE? ⏎ PROMOTE HATE? ⏎ PROMOTE WAR? ⏎ PROMOTE ECONOMIC DECLINE? ⏎ PROMOTE NK TO END TALKS W/ POTUS? ⏎ PROMOTE IMPEACHMENT FOR NO R
1646,namedEntities,God,God,1,You have a choice. ⏎ The choice has always been yours. ⏎ POWER TO THE PEOPLE. ⏎ THEY WANT YOU DIVIDED. ⏎ THEY WANT RACE WARS. ⏎ THEY WANT CLASS WARS. ⏎ THEY WANT RELIGIOUS WARS. ⏎ THEY WANT POLITICAL WARS. ⏎ THEY USE THE MEDIA. ⏎ THEY USE HOLLYWOOD. ⏎ THEY USE POLITICAL LEADERS. ⏎ THEY ARE LOUD. ⏎ GROUP THINK. ⏎ PUBLIC SHAME AGAINST THOSE WHO CHALLENGE. ⏎ SLAVERY. ⏎ THEY KNOW WHAT IS COMING. ⏎ IT IS NOW MORE CLEAR THAN EVER. ⏎ NEVER IN OUR HISTORY HAVE THEY BEEN THIS EXPOSED. ⏎ NEVER IN OUR HISTORY HAVE THEY COME OUT FROM THE SHADOWS TO FIGHT. ⏎ THE TRUTH IS CLEARLY VISIBLE. ⏎ DEFEND MS-13? ⏎ DEFEND THE DESTRUCTION OF OUR BORDERS? ⏎ PROMOTE THE FEAR NUCLEAR WAR IF POTUS REMAINS IN OFFICE? ⏎ NUCLEAR ALERTS MALFUNCTION? ⏎ COMPARE TO HITLER/NAZIS? ⏎ PROMOTE VIOLENCE? ⏎ PROMOTE HATE? ⏎ PROMOTE WAR? ⏎ PROMOTE ECONOMIC DECLINE? ⏎ PROMOTE NK TO END TALKS W/ POTUS? ⏎ PROMOTE IMPEACHMENT FOR NO R
1686,namedEntities,Huber,,0,https://www.youtube.com/watch?v=G9GXgcoqJJI ⏎ Does FOIA cover FISA? ⏎ No. ⏎ [FISA highest level of CLAS] ⏎ How did FOIA generate redacted FISA [Page]? ⏎ DECLAS. ⏎ Who DECLAS? ⏎ Section 5.2 CLAS [Office of President] ⏎ Why redacted? ⏎ Think HUBER. ⏎ WWG1WGA! ⏎ Q ⏎ 
1702,namedEntities,America,,0,EU BLINKED. ⏎ CONCESSIONS MADE. ⏎ ZERO TARIFFS (US>EU). ⏎ AMERICA FIRST. ⏎ THIS IS WHAT HAPPENS WHEN THE POTUS DOES NOT SELL OUT. ⏎ AFTER SUCH AN ENORMOUS ANNOUNCEMENT WHAT QUESTION(S) WERE SHOUTED @ POTUS? ⏎ >RUSSIA DELAY IN MEETING PUTIN (DC). ⏎ EYES OPEN? ⏎ MSM DOES NOT REPRESENT THE PEOPLE. ⏎ THE DAYS OF OUR LEADERS LINING THEIR POCKETS AT THE EXPENSE OF THE AMERICAN TAXPAYER ARE OVER. ⏎ RECENT EXAMPLE. ⏎ https://www.breitbart.com/big-government/2018/07/24/report-businesses-mccaskills-husband-131-million-federal-subsidies/ ⏎ GO KANSAS! ⏎ Q ⏎ 
1702,namedEntities,Kansas,Kansas,1,EU BLINKED. ⏎ CONCESSIONS MADE. ⏎ ZERO TARIFFS (US>EU). ⏎ AMERICA FIRST. ⏎ THIS IS WHAT HAPPENS WHEN THE POTUS DOES NOT SELL OUT. ⏎ AFTER SUCH AN ENORMOUS ANNOUNCEMENT WHAT QUESTION(S) WERE SHOUTED @ POTUS? ⏎ >RUSSIA DELAY IN MEETING PUTIN (DC). ⏎ EYES OPEN? ⏎ MSM DOES NOT REPRESENT THE PEOPLE. ⏎ THE DAYS OF OUR LEADERS LINING THEIR POCKETS AT THE EXPENSE OF THE AMERICAN TAXPAYER ARE OVER. ⏎ RECENT EXAMPLE. ⏎ https://www.breitbart.com/big-government/2018/07/24/report-businesses-mccaskills-husband-131-million-federal-subsidies/ ⏎ GO KANSAS! ⏎ Q ⏎ 
1706,namedEntities,NO NAME,,0,No name returning to headlines. ⏎ Q ⏎ 
1745,namedEntities,United States of America,,0,">>2326287 ⏎ FISA = START. ⏎ FISA = IMMEDIATE CONF OF ILLEGAL ACTS RE: SIGNERS. ⏎ FISA = IMMEDIATE CONF START OF HUSSEIN SPY CAMPAIGN TO RIG AN ELECTION WAS BASED ON FALSE INFO. ⏎ FISA = IMPLICATES HRC / D PARTY AS FEEDERS OF FALSE INFO W/ THE INTENT OF SECURING MSM + BLAST/INSURANCE. ⏎ FISA = IMPLICATES SENIOR MEMBERS OF UK MI5/6/SIS, US INTEL, WH, FVEY, R PARTY (CONGRESS/SENATE) OF KNOWN CORRUPTION IN EFFORT TO RETAIN POWER AND RIG ELECTION + SAFEGUARD EVENT(S) BY POLITICAL KILL TO ACT WHILE IN POWER GIVEN MSM FAKE PUSH RUSSIA NAR. ⏎ FISA = TIES MSM HEADS (TV/BEHIND/CORP) TO D PARTY OTHER FOREIGN HEADS OF STATE IN CO-OP STRATEGY. ⏎ FISA BRINGS DOWN THE HOUSE. ⏎ FOIA DOES NOT INCLUDE FISA. ⏎ DECLAS BY POTUS KEY PARTS THAT FACTUALLY DEMONSTRATE THE 'DIRTY' 'FAKE' DOSSIER WAS USED AS PRIMARY SOURCE TO SECURE HIGHEST LEVEL OF INTEL SPYING ON PRIMARY REPUBLICAN OPPONENT (+POST ELECTION (INTE"
1745,namedEntities,Congress,,0,">>2326287 ⏎ FISA = START. ⏎ FISA = IMMEDIATE CONF OF ILLEGAL ACTS RE: SIGNERS. ⏎ FISA = IMMEDIATE CONF START OF HUSSEIN SPY CAMPAIGN TO RIG AN ELECTION WAS BASED ON FALSE INFO. ⏎ FISA = IMPLICATES HRC / D PARTY AS FEEDERS OF FALSE INFO W/ THE INTENT OF SECURING MSM + BLAST/INSURANCE. ⏎ FISA = IMPLICATES SENIOR MEMBERS OF UK MI5/6/SIS, US INTEL, WH, FVEY, R PARTY (CONGRESS/SENATE) OF KNOWN CORRUPTION IN EFFORT TO RETAIN POWER AND RIG ELECTION + SAFEGUARD EVENT(S) BY POLITICAL KILL TO ACT WHILE IN POWER GIVEN MSM FAKE PUSH RUSSIA NAR. ⏎ FISA = TIES MSM HEADS (TV/BEHIND/CORP) TO D PARTY OTHER FOREIGN HEADS OF STATE IN CO-OP STRATEGY. ⏎ FISA BRINGS DOWN THE HOUSE. ⏎ FOIA DOES NOT INCLUDE FISA. ⏎ DECLAS BY POTUS KEY PARTS THAT FACTUALLY DEMONSTRATE THE 'DIRTY' 'FAKE' DOSSIER WAS USED AS PRIMARY SOURCE TO SECURE HIGHEST LEVEL OF INTEL SPYING ON PRIMARY REPUBLICAN OPPONENT (+POST ELECTION (INTE"
1745,namedEntities,Hussein,,0,">>2326287 ⏎ FISA = START. ⏎ FISA = IMMEDIATE CONF OF ILLEGAL ACTS RE: SIGNERS. ⏎ FISA = IMMEDIATE CONF START OF HUSSEIN SPY CAMPAIGN TO RIG AN ELECTION WAS BASED ON FALSE INFO. ⏎ FISA = IMPLICATES HRC / D PARTY AS FEEDERS OF FALSE INFO W/ THE INTENT OF SECURING MSM + BLAST/INSURANCE. ⏎ FISA = IMPLICATES SENIOR MEMBERS OF UK MI5/6/SIS, US INTEL, WH, FVEY, R PARTY (CONGRESS/SENATE) OF KNOWN CORRUPTION IN EFFORT TO RETAIN POWER AND RIG ELECTION + SAFEGUARD EVENT(S) BY POLITICAL KILL TO ACT WHILE IN POWER GIVEN MSM FAKE PUSH RUSSIA NAR. ⏎ FISA = TIES MSM HEADS (TV/BEHIND/CORP) TO D PARTY OTHER FOREIGN HEADS OF STATE IN CO-OP STRATEGY. ⏎ FISA BRINGS DOWN THE HOUSE. ⏎ FOIA DOES NOT INCLUDE FISA. ⏎ DECLAS BY POTUS KEY PARTS THAT FACTUALLY DEMONSTRATE THE 'DIRTY' 'FAKE' DOSSIER WAS USED AS PRIMARY SOURCE TO SECURE HIGHEST LEVEL OF INTEL SPYING ON PRIMARY REPUBLICAN OPPONENT (+POST ELECTION (INTE"
1745,namedEntities,D party,,0,">>2326287 ⏎ FISA = START. ⏎ FISA = IMMEDIATE CONF OF ILLEGAL ACTS RE: SIGNERS. ⏎ FISA = IMMEDIATE CONF START OF HUSSEIN SPY CAMPAIGN TO RIG AN ELECTION WAS BASED ON FALSE INFO. ⏎ FISA = IMPLICATES HRC / D PARTY AS FEEDERS OF FALSE INFO W/ THE INTENT OF SECURING MSM + BLAST/INSURANCE. ⏎ FISA = IMPLICATES SENIOR MEMBERS OF UK MI5/6/SIS, US INTEL, WH, FVEY, R PARTY (CONGRESS/SENATE) OF KNOWN CORRUPTION IN EFFORT TO RETAIN POWER AND RIG ELECTION + SAFEGUARD EVENT(S) BY POLITICAL KILL TO ACT WHILE IN POWER GIVEN MSM FAKE PUSH RUSSIA NAR. ⏎ FISA = TIES MSM HEADS (TV/BEHIND/CORP) TO D PARTY OTHER FOREIGN HEADS OF STATE IN CO-OP STRATEGY. ⏎ FISA BRINGS DOWN THE HOUSE. ⏎ FOIA DOES NOT INCLUDE FISA. ⏎ DECLAS BY POTUS KEY PARTS THAT FACTUALLY DEMONSTRATE THE 'DIRTY' 'FAKE' DOSSIER WAS USED AS PRIMARY SOURCE TO SECURE HIGHEST LEVEL OF INTEL SPYING ON PRIMARY REPUBLICAN OPPONENT (+POST ELECTION (INTE"
1745,namedEntities,D party,,0,">>2326287 ⏎ FISA = START. ⏎ FISA = IMMEDIATE CONF OF ILLEGAL ACTS RE: SIGNERS. ⏎ FISA = IMMEDIATE CONF START OF HUSSEIN SPY CAMPAIGN TO RIG AN ELECTION WAS BASED ON FALSE INFO. ⏎ FISA = IMPLICATES HRC / D PARTY AS FEEDERS OF FALSE INFO W/ THE INTENT OF SECURING MSM + BLAST/INSURANCE. ⏎ FISA = IMPLICATES SENIOR MEMBERS OF UK MI5/6/SIS, US INTEL, WH, FVEY, R PARTY (CONGRESS/SENATE) OF KNOWN CORRUPTION IN EFFORT TO RETAIN POWER AND RIG ELECTION + SAFEGUARD EVENT(S) BY POLITICAL KILL TO ACT WHILE IN POWER GIVEN MSM FAKE PUSH RUSSIA NAR. ⏎ FISA = TIES MSM HEADS (TV/BEHIND/CORP) TO D PARTY OTHER FOREIGN HEADS OF STATE IN CO-OP STRATEGY. ⏎ FISA BRINGS DOWN THE HOUSE. ⏎ FOIA DOES NOT INCLUDE FISA. ⏎ DECLAS BY POTUS KEY PARTS THAT FACTUALLY DEMONSTRATE THE 'DIRTY' 'FAKE' DOSSIER WAS USED AS PRIMARY SOURCE TO SECURE HIGHEST LEVEL OF INTEL SPYING ON PRIMARY REPUBLICAN OPPONENT (+POST ELECTION (INTE"
1745,namedEntities,R party,,0,">>2326287 ⏎ FISA = START. ⏎ FISA = IMMEDIATE CONF OF ILLEGAL ACTS RE: SIGNERS. ⏎ FISA = IMMEDIATE CONF START OF HUSSEIN SPY CAMPAIGN TO RIG AN ELECTION WAS BASED ON FALSE INFO. ⏎ FISA = IMPLICATES HRC / D PARTY AS FEEDERS OF FALSE INFO W/ THE INTENT OF SECURING MSM + BLAST/INSURANCE. ⏎ FISA = IMPLICATES SENIOR MEMBERS OF UK MI5/6/SIS, US INTEL, WH, FVEY, R PARTY (CONGRESS/SENATE) OF KNOWN CORRUPTION IN EFFORT TO RETAIN POWER AND RIG ELECTION + SAFEGUARD EVENT(S) BY POLITICAL KILL TO ACT WHILE IN POWER GIVEN MSM FAKE PUSH RUSSIA NAR. ⏎ FISA = TIES MSM HEADS (TV/BEHIND/CORP) TO D PARTY OTHER FOREIGN HEADS OF STATE IN CO-OP STRATEGY. ⏎ FISA BRINGS DOWN THE HOUSE. ⏎ FOIA DOES NOT INCLUDE FISA. ⏎ DECLAS BY POTUS KEY PARTS THAT FACTUALLY DEMONSTRATE THE 'DIRTY' 'FAKE' DOSSIER WAS USED AS PRIMARY SOURCE TO SECURE HIGHEST LEVEL OF INTEL SPYING ON PRIMARY REPUBLICAN OPPONENT (+POST ELECTION (INTE"
1745,namedEntities,Senate,,0,">>2326287 ⏎ FISA = START. ⏎ FISA = IMMEDIATE CONF OF ILLEGAL ACTS RE: SIGNERS. ⏎ FISA = IMMEDIATE CONF START OF HUSSEIN SPY CAMPAIGN TO RIG AN ELECTION WAS BASED ON FALSE INFO. ⏎ FISA = IMPLICATES HRC / D PARTY AS FEEDERS OF FALSE INFO W/ THE INTENT OF SECURING MSM + BLAST/INSURANCE. ⏎ FISA = IMPLICATES SENIOR MEMBERS OF UK MI5/6/SIS, US INTEL, WH, FVEY, R PARTY (CONGRESS/SENATE) OF KNOWN CORRUPTION IN EFFORT TO RETAIN POWER AND RIG ELECTION + SAFEGUARD EVENT(S) BY POLITICAL KILL TO ACT WHILE IN POWER GIVEN MSM FAKE PUSH RUSSIA NAR. ⏎ FISA = TIES MSM HEADS (TV/BEHIND/CORP) TO D PARTY OTHER FOREIGN HEADS OF STATE IN CO-OP STRATEGY. ⏎ FISA BRINGS DOWN THE HOUSE. ⏎ FOIA DOES NOT INCLUDE FISA. ⏎ DECLAS BY POTUS KEY PARTS THAT FACTUALLY DEMONSTRATE THE 'DIRTY' 'FAKE' DOSSIER WAS USED AS PRIMARY SOURCE TO SECURE HIGHEST LEVEL OF INTEL SPYING ON PRIMARY REPUBLICAN OPPONENT (+POST ELECTION (INTE"
1745,namedEntities,Huber,,0,">>2326287 ⏎ FISA = START. ⏎ FISA = IMMEDIATE CONF OF ILLEGAL ACTS RE: SIGNERS. ⏎ FISA = IMMEDIATE CONF START OF HUSSEIN SPY CAMPAIGN TO RIG AN ELECTION WAS BASED ON FALSE INFO. ⏎ FISA = IMPLICATES HRC / D PARTY AS FEEDERS OF FALSE INFO W/ THE INTENT OF SECURING MSM + BLAST/INSURANCE. ⏎ FISA = IMPLICATES SENIOR MEMBERS OF UK MI5/6/SIS, US INTEL, WH, FVEY, R PARTY (CONGRESS/SENATE) OF KNOWN CORRUPTION IN EFFORT TO RETAIN POWER AND RIG ELECTION + SAFEGUARD EVENT(S) BY POLITICAL KILL TO ACT WHILE IN POWER GIVEN MSM FAKE PUSH RUSSIA NAR. ⏎ FISA = TIES MSM HEADS (TV/BEHIND/CORP) TO D PARTY OTHER FOREIGN HEADS OF STATE IN CO-OP STRATEGY. ⏎ FISA BRINGS DOWN THE HOUSE. ⏎ FOIA DOES NOT INCLUDE FISA. ⏎ DECLAS BY POTUS KEY PARTS THAT FACTUALLY DEMONSTRATE THE 'DIRTY' 'FAKE' DOSSIER WAS USED AS PRIMARY SOURCE TO SECURE HIGHEST LEVEL OF INTEL SPYING ON PRIMARY REPUBLICAN OPPONENT (+POST ELECTION (INTE"
1745,namedEntities,US Intel,US Intel,1,">>2326287 ⏎ FISA = START. ⏎ FISA = IMMEDIATE CONF OF ILLEGAL ACTS RE: SIGNERS. ⏎ FISA = IMMEDIATE CONF START OF HUSSEIN SPY CAMPAIGN TO RIG AN ELECTION WAS BASED ON FALSE INFO. ⏎ FISA = IMPLICATES HRC / D PARTY AS FEEDERS OF FALSE INFO W/ THE INTENT OF SECURING MSM + BLAST/INSURANCE. ⏎ FISA = IMPLICATES SENIOR MEMBERS OF UK MI5/6/SIS, US INTEL, WH, FVEY, R PARTY (CONGRESS/SENATE) OF KNOWN CORRUPTION IN EFFORT TO RETAIN POWER AND RIG ELECTION + SAFEGUARD EVENT(S) BY POLITICAL KILL TO ACT WHILE IN POWER GIVEN MSM FAKE PUSH RUSSIA NAR. ⏎ FISA = TIES MSM HEADS (TV/BEHIND/CORP) TO D PARTY OTHER FOREIGN HEADS OF STATE IN CO-OP STRATEGY. ⏎ FISA BRINGS DOWN THE HOUSE. ⏎ FOIA DOES NOT INCLUDE FISA. ⏎ DECLAS BY POTUS KEY PARTS THAT FACTUALLY DEMONSTRATE THE 'DIRTY' 'FAKE' DOSSIER WAS USED AS PRIMARY SOURCE TO SECURE HIGHEST LEVEL OF INTEL SPYING ON PRIMARY REPUBLICAN OPPONENT (+POST ELECTION (INTE"
1746,namedEntities,Congress,,0,>>2326502 ⏎ NO MATTER WHAT HAPPENS THE MEDIA WILL NOT PUSH THE TRUTH. ⏎ MSM IMPLICATED IN HIGHEST LEVEL TREASON EVENT IN US MODERN DAY HISTORY. ⏎ REFER BACK TO PREV DROPS. ⏎ WITNESSING HIGHEST LEVEL TREASON EVENT UNFOLD IN US/WW MODERN DAY HISTORY. ⏎ HAVE YOU EVER WITNESSED SO MANY CONGRESS/SENATE SEATS VACATE IN A SHORT PERIOD OF TIME? ⏎ HAVE YOU EVER WITNESSED SO MANY CEO/BOD VACATE EVENTS IN A SHORT PERIOD OF TIME? ⏎ HAVE YOU EVER WITNESSED THE DOJ/FBI (WHAT IS KNOWN) FIRE/RELEASE (VACATE) EVENTS IN A SHORT PERIOD OF TIME? ⏎ HAVE YOU EVER WITNESSED THE VACATING PARTY (ALL POSITIONS) CHALLENGE/FIGHT/PUSH FOR THE REMOVAL OF THE ENTERING/DULY ELECTED POTUS? ⏎ HAVE YOU EVER WITNESSED A FORMER US PRESIDENT TRAVEL THE WORLD AHEAD/BEHIND OF THE CURRENT ATTEMPTING TO UNDO/THREATEN/HIDE/COVER UP PREV/CURRENT ILLEGAL/CORRUPT/EVIL EVENTS? ⏎ HAVE YOU EVER WITNESSED 40-50K SEALED INDICTMENTS? NOT 
1746,namedEntities,Senate,,0,>>2326502 ⏎ NO MATTER WHAT HAPPENS THE MEDIA WILL NOT PUSH THE TRUTH. ⏎ MSM IMPLICATED IN HIGHEST LEVEL TREASON EVENT IN US MODERN DAY HISTORY. ⏎ REFER BACK TO PREV DROPS. ⏎ WITNESSING HIGHEST LEVEL TREASON EVENT UNFOLD IN US/WW MODERN DAY HISTORY. ⏎ HAVE YOU EVER WITNESSED SO MANY CONGRESS/SENATE SEATS VACATE IN A SHORT PERIOD OF TIME? ⏎ HAVE YOU EVER WITNESSED SO MANY CEO/BOD VACATE EVENTS IN A SHORT PERIOD OF TIME? ⏎ HAVE YOU EVER WITNESSED THE DOJ/FBI (WHAT IS KNOWN) FIRE/RELEASE (VACATE) EVENTS IN A SHORT PERIOD OF TIME? ⏎ HAVE YOU EVER WITNESSED THE VACATING PARTY (ALL POSITIONS) CHALLENGE/FIGHT/PUSH FOR THE REMOVAL OF THE ENTERING/DULY ELECTED POTUS? ⏎ HAVE YOU EVER WITNESSED A FORMER US PRESIDENT TRAVEL THE WORLD AHEAD/BEHIND OF THE CURRENT ATTEMPTING TO UNDO/THREATEN/HIDE/COVER UP PREV/CURRENT ILLEGAL/CORRUPT/EVIL EVENTS? ⏎ HAVE YOU EVER WITNESSED 40-50K SEALED INDICTMENTS? NOT 
1746,namedEntities,Nazi Germany,Nazi Germany,1,>>2326502 ⏎ NO MATTER WHAT HAPPENS THE MEDIA WILL NOT PUSH THE TRUTH. ⏎ MSM IMPLICATED IN HIGHEST LEVEL TREASON EVENT IN US MODERN DAY HISTORY. ⏎ REFER BACK TO PREV DROPS. ⏎ WITNESSING HIGHEST LEVEL TREASON EVENT UNFOLD IN US/WW MODERN DAY HISTORY. ⏎ HAVE YOU EVER WITNESSED SO MANY CONGRESS/SENATE SEATS VACATE IN A SHORT PERIOD OF TIME? ⏎ HAVE YOU EVER WITNESSED SO MANY CEO/BOD VACATE EVENTS IN A SHORT PERIOD OF TIME? ⏎ HAVE YOU EVER WITNESSED THE DOJ/FBI (WHAT IS KNOWN) FIRE/RELEASE (VACATE) EVENTS IN A SHORT PERIOD OF TIME? ⏎ HAVE YOU EVER WITNESSED THE VACATING PARTY (ALL POSITIONS) CHALLENGE/FIGHT/PUSH FOR THE REMOVAL OF THE ENTERING/DULY ELECTED POTUS? ⏎ HAVE YOU EVER WITNESSED A FORMER US PRESIDENT TRAVEL THE WORLD AHEAD/BEHIND OF THE CURRENT ATTEMPTING TO UNDO/THREATEN/HIDE/COVER UP PREV/CURRENT ILLEGAL/CORRUPT/EVIL EVENTS? ⏎ HAVE YOU EVER WITNESSED 40-50K SEALED INDICTMENTS? NOT 
1764,namedEntities,Hussein,,0,"https://www.dni.gov/files/documents/icotr/51117/2016_Cert_FISC_Memo_Opin_Order_Apr_2017.pdf ⏎ >Nicholas Rasmussen (IMPORTANT name to remember) ⏎ >Former Director of NCTC ⏎ https://www.mccaininstitute.org/staff/nicholas-rasmussen/ ⏎ Think FISA. ⏎ Think NO NAME. ⏎ WH visitor logs: NO NAME/HUSSEIN (dates?) ⏎ WH visitor logs: NO NAME/BRENNAN/HUSSEIN (dates?) ⏎ WH visitor logs: NO NAME/BRENNAN/COMEY/HUSSEIN (dates?) ⏎ WH visitor logs: NO NAME/BRENNAN/CLAPPER/RICE/HUSSEIN (dates?) ⏎ Replaced by: ⏎ https://www.dni.gov/index.php/nctc-who-we-are/director-nctc ⏎ >Defense Intelligence Liaison to British Intelligence in London ⏎ Think UK. ⏎ Current Director of the C_A. ⏎ https://www.cia.gov/about-cia/leadership/gina-haspel.html  ⏎ (UK bio removed) ⏎ >CIA's station chief London, UK  ⏎ ""Furthermore, Haspel is seen as a Russia expert and a close ally of Britain’s MI6, having being London station chief "
1764,namedEntities,Hussein,,0,"https://www.dni.gov/files/documents/icotr/51117/2016_Cert_FISC_Memo_Opin_Order_Apr_2017.pdf ⏎ >Nicholas Rasmussen (IMPORTANT name to remember) ⏎ >Former Director of NCTC ⏎ https://www.mccaininstitute.org/staff/nicholas-rasmussen/ ⏎ Think FISA. ⏎ Think NO NAME. ⏎ WH visitor logs: NO NAME/HUSSEIN (dates?) ⏎ WH visitor logs: NO NAME/BRENNAN/HUSSEIN (dates?) ⏎ WH visitor logs: NO NAME/BRENNAN/COMEY/HUSSEIN (dates?) ⏎ WH visitor logs: NO NAME/BRENNAN/CLAPPER/RICE/HUSSEIN (dates?) ⏎ Replaced by: ⏎ https://www.dni.gov/index.php/nctc-who-we-are/director-nctc ⏎ >Defense Intelligence Liaison to British Intelligence in London ⏎ Think UK. ⏎ Current Director of the C_A. ⏎ https://www.cia.gov/about-cia/leadership/gina-haspel.html  ⏎ (UK bio removed) ⏎ >CIA's station chief London, UK  ⏎ ""Furthermore, Haspel is seen as a Russia expert and a close ally of Britain’s MI6, having being London station chief "
1764,namedEntities,Hussein,,0,"https://www.dni.gov/files/documents/icotr/51117/2016_Cert_FISC_Memo_Opin_Order_Apr_2017.pdf ⏎ >Nicholas Rasmussen (IMPORTANT name to remember) ⏎ >Former Director of NCTC ⏎ https://www.mccaininstitute.org/staff/nicholas-rasmussen/ ⏎ Think FISA. ⏎ Think NO NAME. ⏎ WH visitor logs: NO NAME/HUSSEIN (dates?) ⏎ WH visitor logs: NO NAME/BRENNAN/HUSSEIN (dates?) ⏎ WH visitor logs: NO NAME/BRENNAN/COMEY/HUSSEIN (dates?) ⏎ WH visitor logs: NO NAME/BRENNAN/CLAPPER/RICE/HUSSEIN (dates?) ⏎ Replaced by: ⏎ https://www.dni.gov/index.php/nctc-who-we-are/director-nctc ⏎ >Defense Intelligence Liaison to British Intelligence in London ⏎ Think UK. ⏎ Current Director of the C_A. ⏎ https://www.cia.gov/about-cia/leadership/gina-haspel.html  ⏎ (UK bio removed) ⏎ >CIA's station chief London, UK  ⏎ ""Furthermore, Haspel is seen as a Russia expert and a close ally of Britain’s MI6, having being London station chief "
1764,namedEntities,Hussein,,0,"https://www.dni.gov/files/documents/icotr/51117/2016_Cert_FISC_Memo_Opin_Order_Apr_2017.pdf ⏎ >Nicholas Rasmussen (IMPORTANT name to remember) ⏎ >Former Director of NCTC ⏎ https://www.mccaininstitute.org/staff/nicholas-rasmussen/ ⏎ Think FISA. ⏎ Think NO NAME. ⏎ WH visitor logs: NO NAME/HUSSEIN (dates?) ⏎ WH visitor logs: NO NAME/BRENNAN/HUSSEIN (dates?) ⏎ WH visitor logs: NO NAME/BRENNAN/COMEY/HUSSEIN (dates?) ⏎ WH visitor logs: NO NAME/BRENNAN/CLAPPER/RICE/HUSSEIN (dates?) ⏎ Replaced by: ⏎ https://www.dni.gov/index.php/nctc-who-we-are/director-nctc ⏎ >Defense Intelligence Liaison to British Intelligence in London ⏎ Think UK. ⏎ Current Director of the C_A. ⏎ https://www.cia.gov/about-cia/leadership/gina-haspel.html  ⏎ (UK bio removed) ⏎ >CIA's station chief London, UK  ⏎ ""Furthermore, Haspel is seen as a Russia expert and a close ally of Britain’s MI6, having being London station chief "
1764,namedEntities,Brennan,,0,"https://www.dni.gov/files/documents/icotr/51117/2016_Cert_FISC_Memo_Opin_Order_Apr_2017.pdf ⏎ >Nicholas Rasmussen (IMPORTANT name to remember) ⏎ >Former Director of NCTC ⏎ https://www.mccaininstitute.org/staff/nicholas-rasmussen/ ⏎ Think FISA. ⏎ Think NO NAME. ⏎ WH visitor logs: NO NAME/HUSSEIN (dates?) ⏎ WH visitor logs: NO NAME/BRENNAN/HUSSEIN (dates?) ⏎ WH visitor logs: NO NAME/BRENNAN/COMEY/HUSSEIN (dates?) ⏎ WH visitor logs: NO NAME/BRENNAN/CLAPPER/RICE/HUSSEIN (dates?) ⏎ Replaced by: ⏎ https://www.dni.gov/index.php/nctc-who-we-are/director-nctc ⏎ >Defense Intelligence Liaison to British Intelligence in London ⏎ Think UK. ⏎ Current Director of the C_A. ⏎ https://www.cia.gov/about-cia/leadership/gina-haspel.html  ⏎ (UK bio removed) ⏎ >CIA's station chief London, UK  ⏎ ""Furthermore, Haspel is seen as a Russia expert and a close ally of Britain’s MI6, having being London station chief "
1764,namedEntities,Brennan,,0,"https://www.dni.gov/files/documents/icotr/51117/2016_Cert_FISC_Memo_Opin_Order_Apr_2017.pdf ⏎ >Nicholas Rasmussen (IMPORTANT name to remember) ⏎ >Former Director of NCTC ⏎ https://www.mccaininstitute.org/staff/nicholas-rasmussen/ ⏎ Think FISA. ⏎ Think NO NAME. ⏎ WH visitor logs: NO NAME/HUSSEIN (dates?) ⏎ WH visitor logs: NO NAME/BRENNAN/HUSSEIN (dates?) ⏎ WH visitor logs: NO NAME/BRENNAN/COMEY/HUSSEIN (dates?) ⏎ WH visitor logs: NO NAME/BRENNAN/CLAPPER/RICE/HUSSEIN (dates?) ⏎ Replaced by: ⏎ https://www.dni.gov/index.php/nctc-who-we-are/director-nctc ⏎ >Defense Intelligence Liaison to British Intelligence in London ⏎ Think UK. ⏎ Current Director of the C_A. ⏎ https://www.cia.gov/about-cia/leadership/gina-haspel.html  ⏎ (UK bio removed) ⏎ >CIA's station chief London, UK  ⏎ ""Furthermore, Haspel is seen as a Russia expert and a close ally of Britain’s MI6, having being London station chief "
1764,namedEntities,Brennan,,0,"https://www.dni.gov/files/documents/icotr/51117/2016_Cert_FISC_Memo_Opin_Order_Apr_2017.pdf ⏎ >Nicholas Rasmussen (IMPORTANT name to remember) ⏎ >Former Director of NCTC ⏎ https://www.mccaininstitute.org/staff/nicholas-rasmussen/ ⏎ Think FISA. ⏎ Think NO NAME. ⏎ WH visitor logs: NO NAME/HUSSEIN (dates?) ⏎ WH visitor logs: NO NAME/BRENNAN/HUSSEIN (dates?) ⏎ WH visitor logs: NO NAME/BRENNAN/COMEY/HUSSEIN (dates?) ⏎ WH visitor logs: NO NAME/BRENNAN/CLAPPER/RICE/HUSSEIN (dates?) ⏎ Replaced by: ⏎ https://www.dni.gov/index.php/nctc-who-we-are/director-nctc ⏎ >Defense Intelligence Liaison to British Intelligence in London ⏎ Think UK. ⏎ Current Director of the C_A. ⏎ https://www.cia.gov/about-cia/leadership/gina-haspel.html  ⏎ (UK bio removed) ⏎ >CIA's station chief London, UK  ⏎ ""Furthermore, Haspel is seen as a Russia expert and a close ally of Britain’s MI6, having being London station chief "
1764,namedEntities,Comey,,0,"https://www.dni.gov/files/documents/icotr/51117/2016_Cert_FISC_Memo_Opin_Order_Apr_2017.pdf ⏎ >Nicholas Rasmussen (IMPORTANT name to remember) ⏎ >Former Director of NCTC ⏎ https://www.mccaininstitute.org/staff/nicholas-rasmussen/ ⏎ Think FISA. ⏎ Think NO NAME. ⏎ WH visitor logs: NO NAME/HUSSEIN (dates?) ⏎ WH visitor logs: NO NAME/BRENNAN/HUSSEIN (dates?) ⏎ WH visitor logs: NO NAME/BRENNAN/COMEY/HUSSEIN (dates?) ⏎ WH visitor logs: NO NAME/BRENNAN/CLAPPER/RICE/HUSSEIN (dates?) ⏎ Replaced by: ⏎ https://www.dni.gov/index.php/nctc-who-we-are/director-nctc ⏎ >Defense Intelligence Liaison to British Intelligence in London ⏎ Think UK. ⏎ Current Director of the C_A. ⏎ https://www.cia.gov/about-cia/leadership/gina-haspel.html  ⏎ (UK bio removed) ⏎ >CIA's station chief London, UK  ⏎ ""Furthermore, Haspel is seen as a Russia expert and a close ally of Britain’s MI6, having being London station chief "
1764,namedEntities,Clapper,Clapper,1,"https://www.dni.gov/files/documents/icotr/51117/2016_Cert_FISC_Memo_Opin_Order_Apr_2017.pdf ⏎ >Nicholas Rasmussen (IMPORTANT name to remember) ⏎ >Former Director of NCTC ⏎ https://www.mccaininstitute.org/staff/nicholas-rasmussen/ ⏎ Think FISA. ⏎ Think NO NAME. ⏎ WH visitor logs: NO NAME/HUSSEIN (dates?) ⏎ WH visitor logs: NO NAME/BRENNAN/HUSSEIN (dates?) ⏎ WH visitor logs: NO NAME/BRENNAN/COMEY/HUSSEIN (dates?) ⏎ WH visitor logs: NO NAME/BRENNAN/CLAPPER/RICE/HUSSEIN (dates?) ⏎ Replaced by: ⏎ https://www.dni.gov/index.php/nctc-who-we-are/director-nctc ⏎ >Defense Intelligence Liaison to British Intelligence in London ⏎ Think UK. ⏎ Current Director of the C_A. ⏎ https://www.cia.gov/about-cia/leadership/gina-haspel.html  ⏎ (UK bio removed) ⏎ >CIA's station chief London, UK  ⏎ ""Furthermore, Haspel is seen as a Russia expert and a close ally of Britain’s MI6, having being London station chief "
1764,namedEntities,Rice,Rice,1,"https://www.dni.gov/files/documents/icotr/51117/2016_Cert_FISC_Memo_Opin_Order_Apr_2017.pdf ⏎ >Nicholas Rasmussen (IMPORTANT name to remember) ⏎ >Former Director of NCTC ⏎ https://www.mccaininstitute.org/staff/nicholas-rasmussen/ ⏎ Think FISA. ⏎ Think NO NAME. ⏎ WH visitor logs: NO NAME/HUSSEIN (dates?) ⏎ WH visitor logs: NO NAME/BRENNAN/HUSSEIN (dates?) ⏎ WH visitor logs: NO NAME/BRENNAN/COMEY/HUSSEIN (dates?) ⏎ WH visitor logs: NO NAME/BRENNAN/CLAPPER/RICE/HUSSEIN (dates?) ⏎ Replaced by: ⏎ https://www.dni.gov/index.php/nctc-who-we-are/director-nctc ⏎ >Defense Intelligence Liaison to British Intelligence in London ⏎ Think UK. ⏎ Current Director of the C_A. ⏎ https://www.cia.gov/about-cia/leadership/gina-haspel.html  ⏎ (UK bio removed) ⏎ >CIA's station chief London, UK  ⏎ ""Furthermore, Haspel is seen as a Russia expert and a close ally of Britain’s MI6, having being London station chief "
1822,namedEntities,Putin,,0,"Psychological Projection. ⏎ Define Conspiracy. ⏎ 1.	a secret plan by a group to do something unlawful or harmful. ⏎ ""a conspiracy to destroy the government"" ⏎ 2.	the action of plotting or conspiring. ⏎ ""they were cleared of conspiracy to pervert the course of justice"" ⏎ [Fake News] ⏎ Fake News collaborating and pushing knowingly false information? ⏎ Fake News ‘KNOWINGLY FALSE’ narrative pushes. ⏎ 1.	POTUS colluded w/ Russia to win the 2016 Presidential election ⏎ 2.	POTUS is puppet to PUTIN ⏎ 3.	POTUS to irreparably harm relationships w/ our allies  ⏎ 4.	POTUS will collapse U.S. economy  ⏎ 5.	POTUS will collapse stock market   ⏎ 6.	POTUS will cause war w/ NK ⏎ 7.	POTUS will cause war w/ IRAN ⏎ 8.	POTUS will destroy the world. ⏎ 9.	On and on……..(knowingly false) ⏎ FEAR & SCARE PUSH. ⏎ They would rather see NK peace negotiations fail (WAR!) than see POTUS resolve.  ⏎ Scandalous Media Bias?"
1822,namedEntities,Watergate,Watergate,1,"Psychological Projection. ⏎ Define Conspiracy. ⏎ 1.	a secret plan by a group to do something unlawful or harmful. ⏎ ""a conspiracy to destroy the government"" ⏎ 2.	the action of plotting or conspiring. ⏎ ""they were cleared of conspiracy to pervert the course of justice"" ⏎ [Fake News] ⏎ Fake News collaborating and pushing knowingly false information? ⏎ Fake News ‘KNOWINGLY FALSE’ narrative pushes. ⏎ 1.	POTUS colluded w/ Russia to win the 2016 Presidential election ⏎ 2.	POTUS is puppet to PUTIN ⏎ 3.	POTUS to irreparably harm relationships w/ our allies  ⏎ 4.	POTUS will collapse U.S. economy  ⏎ 5.	POTUS will collapse stock market   ⏎ 6.	POTUS will cause war w/ NK ⏎ 7.	POTUS will cause war w/ IRAN ⏎ 8.	POTUS will destroy the world. ⏎ 9.	On and on……..(knowingly false) ⏎ FEAR & SCARE PUSH. ⏎ They would rather see NK peace negotiations fail (WAR!) than see POTUS resolve.  ⏎ Scandalous Media Bias?"
1832,namedEntities,Washington,Washington,1,>>2538860 ⏎ Re_read drops re: Haiti. ⏎ At some point it will not be safe for them to walk down the street. ⏎ PURE EVIL. ⏎ HOW MANY IN WASHINGTON AND THOSE AROUND THE WORLD (IN POWER) WORSHIP THE DEVIL? ⏎ Conspiracy? ⏎ Fake News? ⏎ The World is WATCHING. ⏎ Q ⏎ 
1833,namedEntities,Nunes,,0,http://thehill.com/homenews/campaign/401247-dems-seek-gop-wipeout-in-california ⏎ >>>THIS ALL REVOLVES AROUND REMOVING NUNES<<< ⏎ CA/NY notorious voter fraud. ⏎ Controlled & Coordinated by Corrupt [+ so-called volunteers] State Officials. ⏎ Logical Thinking. ⏎ WHY ARE D'S OPPOSED TO IMPLEMENTING VOTE ID LAW? ⏎ Q ⏎ 
1850,namedEntities,NO NAME,,0,"http://www.foxnews.com/politics/2018/08/10/west-virginia-lawmakers-move-to-impeach-entire-supreme-court.html ⏎ Normal? ⏎ [Not Updated] ⏎ Not seeking re-election. ⏎ [Senate] ⏎ Bob Corker - Republican  ⏎ Jeff Flake - Republican  ⏎ Orrin Hatch - Republican  ⏎ No Name - Republican [Departure Soon] ⏎ [House] ⏎ Bill Shuster - Republican  ⏎ Bob Goodlatte - Republican  ⏎ Carol Shea-Porter - Democrat  ⏎ Charles W. Dent - Republican  ⏎ Darrell Issa - Republican  ⏎ Dave Reichert - Republican  ⏎ David Trott - Republican  ⏎ Dennis Ross - Republican  ⏎ Edward Royce - Republican  ⏎ Elizabeth Esty - Democrat ⏎ Frank LoBiondo - Republican  ⏎ Gene Green - Democrat  ⏎ Gregg Harper - Republican  ⏎ Ileana Ros-Lehtinen - Republican  ⏎ Jeb Hensarling - Republican  ⏎ Jim Bridenstine - Republican ⏎ Joe Barton - Republican  ⏎ John Delaney - Democrat ⏎ John J. Duncan, Jr. - Republican  ⏎ Lamar Smith - Republican  "
1862,namedEntities,Wray,Wray,1,"FAKE NEWS = ENEMY OF THE PEOPLE. ⏎ If all directions of the echo chamber [MSM] state the same thing - even if FICTION/FALSE - do most people then consider it TRUE (factual)? ⏎ Direct communication is CRITICAL. ⏎ Who controls the FAKE NEWS? ⏎ Why is ANTIFA allowed to incite violence, wear masks, make threats, use/carry weapons, and physically harm others who oppose their ideology?  ⏎ Why does ANTIFA attempt to 'justify' such violence by labeling the 'challenger' as ALT-RIGHT or NAZI? ⏎ Why doesn't the LEFT condone such acts of violence and call for an immediate end? ⏎ Define 'Projection'. ⏎ Define 'Insurance Policy'. ⏎ Define 'Warning Against Attempts to Unveil'.  ⏎ ['They' prey on emotionally unstable (helpless) individuals and use them as PAWNS] ⏎ http://www.foxnews.com/politics/2017/12/01/fbi-probe-antifa-ideology-underway-wray-tells-house-panel.html ⏎ What does WRAY know and when will"
1863,namedEntities,Sean Hannity,Sean Hannity | SH,2,@SeanHannity ⏎ @FoxNews ⏎ @TheRealRoseanne ⏎ Do not let this HYPOCRISY stand. ⏎ FIGHT! ⏎ MUCH more coming. ⏎ Q ⏎ 
1863,namedEntities,Roseanne Barr,Roseanne Barr,1,@SeanHannity ⏎ @FoxNews ⏎ @TheRealRoseanne ⏎ Do not let this HYPOCRISY stand. ⏎ FIGHT! ⏎ MUCH more coming. ⏎ Q ⏎ 
1876,namedEntities,No Such Agency,,0,GMAIL DRAFTS  ⏎ [GOOG SAFEGUARDED HIGHEST LEVEL [Access [3-GOOG] - SERVER ROUTING - NON US BASED] ⏎ [Sample] ⏎ Wet Work? ⏎ Human Trafficking?  ⏎ Sharing of ICE/Border Patrol C-INTEL [schedules] to SAFEGUARD? EXIT/ENTRANCE? ⏎ Sharing of FBI C-INTEL to SAFEGUARD PRIV-OPs? ⏎ Sharing of DOJ 'Where We Stand' investigation(s) & Guide to OVERCOME-DISMISS-WIN? ⏎ Transfer of money instructions to LEFT ORGS>>>DOJ Settlements? ⏎ Off-book meetings? ⏎ Play dates? ⏎ Stand down orders? ⏎ Non-action orders? ⏎ Muslim Brotherhood? ⏎ Cross coord w/ UK assets / O-PRO in SIS/UK-P? ⏎ Coord w/ foreign actors for payment/money disperse? ⏎ Coord w/ AID ORGS for [illegal] plans? ⏎ HAM radio instructions if remote-5? ⏎ …………….. ⏎ Why did ES make public NSA CLAS tools? ⏎ Think XKeyscore + PRISM specifically. ⏎ Was such tech kept from 'elected' officials? ⏎ Was such tech kept from 'elected' directors? ⏎ Why was NO SU
1879,namedEntities,God,God,1,https://www.foxnews.com/us/2018/08/14/stunning-findings-on-report-catholic-church-abuse-pa-priests-molested-more-than-1000-children.html ⏎ House of GOD? ⏎ Only the beginning. ⏎ Those who you are taught to trust the most…. ⏎ Expect MANY MANY MANY similar reports to surface from around the world. ⏎ IT GOES A LOT DEEPER. ⏎ Connected. ⏎ The choice to know will be yours. ⏎ Q ⏎ 
1884,namedEntities,Epstein,,0,SA [ACCESS] CLOSED. ⏎ EPSTEIN ISLAND [ACCESS] CLOSED. ⏎ HAITI [ACCESS] CLOSED. ⏎ NK [ACCESS] CLOSED. ⏎ CHINA [ACCESS] CLOSED. ⏎ RUSSA [ACCESS] CLOSED. ⏎ CUBA [ACCESS] CLOSED. ⏎ SUDAN [ACCESS] PENDING [GOV'T][SA US PUSH] ⏎ SYRIA [ACCESS] PENDING [GOV'T] ⏎ YEMEN [ACCESS] PENDING [GOV'T][SA US PUSH] ⏎ LIBYA [ACCESS] PENDING [MAIN PORT CLOSED][LIMITED] ⏎ SOMALIA [ACCESS] PENDING [SA US PUSH] ⏎ Q ⏎ 
1884,namedEntities,Epstein Island,Epstein Island | Epstein island,2,SA [ACCESS] CLOSED. ⏎ EPSTEIN ISLAND [ACCESS] CLOSED. ⏎ HAITI [ACCESS] CLOSED. ⏎ NK [ACCESS] CLOSED. ⏎ CHINA [ACCESS] CLOSED. ⏎ RUSSA [ACCESS] CLOSED. ⏎ CUBA [ACCESS] CLOSED. ⏎ SUDAN [ACCESS] PENDING [GOV'T][SA US PUSH] ⏎ SYRIA [ACCESS] PENDING [GOV'T] ⏎ YEMEN [ACCESS] PENDING [GOV'T][SA US PUSH] ⏎ LIBYA [ACCESS] PENDING [MAIN PORT CLOSED][LIMITED] ⏎ SOMALIA [ACCESS] PENDING [SA US PUSH] ⏎ Q ⏎ 
1884,namedEntities,Cuba,Cuba,1,SA [ACCESS] CLOSED. ⏎ EPSTEIN ISLAND [ACCESS] CLOSED. ⏎ HAITI [ACCESS] CLOSED. ⏎ NK [ACCESS] CLOSED. ⏎ CHINA [ACCESS] CLOSED. ⏎ RUSSA [ACCESS] CLOSED. ⏎ CUBA [ACCESS] CLOSED. ⏎ SUDAN [ACCESS] PENDING [GOV'T][SA US PUSH] ⏎ SYRIA [ACCESS] PENDING [GOV'T] ⏎ YEMEN [ACCESS] PENDING [GOV'T][SA US PUSH] ⏎ LIBYA [ACCESS] PENDING [MAIN PORT CLOSED][LIMITED] ⏎ SOMALIA [ACCESS] PENDING [SA US PUSH] ⏎ Q ⏎ 
1884,namedEntities,Sudan,Sudan,1,SA [ACCESS] CLOSED. ⏎ EPSTEIN ISLAND [ACCESS] CLOSED. ⏎ HAITI [ACCESS] CLOSED. ⏎ NK [ACCESS] CLOSED. ⏎ CHINA [ACCESS] CLOSED. ⏎ RUSSA [ACCESS] CLOSED. ⏎ CUBA [ACCESS] CLOSED. ⏎ SUDAN [ACCESS] PENDING [GOV'T][SA US PUSH] ⏎ SYRIA [ACCESS] PENDING [GOV'T] ⏎ YEMEN [ACCESS] PENDING [GOV'T][SA US PUSH] ⏎ LIBYA [ACCESS] PENDING [MAIN PORT CLOSED][LIMITED] ⏎ SOMALIA [ACCESS] PENDING [SA US PUSH] ⏎ Q ⏎ 
1884,namedEntities,Syria,Syria,1,SA [ACCESS] CLOSED. ⏎ EPSTEIN ISLAND [ACCESS] CLOSED. ⏎ HAITI [ACCESS] CLOSED. ⏎ NK [ACCESS] CLOSED. ⏎ CHINA [ACCESS] CLOSED. ⏎ RUSSA [ACCESS] CLOSED. ⏎ CUBA [ACCESS] CLOSED. ⏎ SUDAN [ACCESS] PENDING [GOV'T][SA US PUSH] ⏎ SYRIA [ACCESS] PENDING [GOV'T] ⏎ YEMEN [ACCESS] PENDING [GOV'T][SA US PUSH] ⏎ LIBYA [ACCESS] PENDING [MAIN PORT CLOSED][LIMITED] ⏎ SOMALIA [ACCESS] PENDING [SA US PUSH] ⏎ Q ⏎ 
1884,namedEntities,Yemen,Yemen,1,SA [ACCESS] CLOSED. ⏎ EPSTEIN ISLAND [ACCESS] CLOSED. ⏎ HAITI [ACCESS] CLOSED. ⏎ NK [ACCESS] CLOSED. ⏎ CHINA [ACCESS] CLOSED. ⏎ RUSSA [ACCESS] CLOSED. ⏎ CUBA [ACCESS] CLOSED. ⏎ SUDAN [ACCESS] PENDING [GOV'T][SA US PUSH] ⏎ SYRIA [ACCESS] PENDING [GOV'T] ⏎ YEMEN [ACCESS] PENDING [GOV'T][SA US PUSH] ⏎ LIBYA [ACCESS] PENDING [MAIN PORT CLOSED][LIMITED] ⏎ SOMALIA [ACCESS] PENDING [SA US PUSH] ⏎ Q ⏎ 
1884,namedEntities,Libya,Libya,1,SA [ACCESS] CLOSED. ⏎ EPSTEIN ISLAND [ACCESS] CLOSED. ⏎ HAITI [ACCESS] CLOSED. ⏎ NK [ACCESS] CLOSED. ⏎ CHINA [ACCESS] CLOSED. ⏎ RUSSA [ACCESS] CLOSED. ⏎ CUBA [ACCESS] CLOSED. ⏎ SUDAN [ACCESS] PENDING [GOV'T][SA US PUSH] ⏎ SYRIA [ACCESS] PENDING [GOV'T] ⏎ YEMEN [ACCESS] PENDING [GOV'T][SA US PUSH] ⏎ LIBYA [ACCESS] PENDING [MAIN PORT CLOSED][LIMITED] ⏎ SOMALIA [ACCESS] PENDING [SA US PUSH] ⏎ Q ⏎ 
19,namedEntities,Maxine Waters,Maxine Waters | MW | M. Waters,3,"Why do D’s want to control the black pop? ⏎ Why do they intentionally keep poor and in need? ⏎ Why do D’s project racism on a daily basis against R’s? ⏎ Why do black elected officials do the crazy talk on behalf of D’s? ⏎ How do D’s cover the historical facts of forming the confederacy, KKK, and oppose all things pro black re: legislation? ⏎ What happens if D’s lose the slave grip on the black pop?  ⏎ Why do D’s, through the funding of the CIA, prop up and install Hollywood/media assets? ⏎ Does this fall within Operation Mockingbird? ⏎ What were the historical advantages D’s gained by having MSM and famous people peddling narrative? ⏎ Who exposed the pedo network within H wood? ⏎ You can’t answer the above but will laugh once disclose details. ⏎ The network which controls this false narrative which in turns keeps the black pop under control is being dismantled. ⏎ False local and national"
1910,namedEntities,INSCOM,INSCOM,1,What happens if FISA fails or 'signers' cannot be trusted? ⏎ Who signed the CP FISA? ⏎ How do you keep something SECURE & SAFEGUARDED when those at the top of ABC depts are CORRUPT and being REMOVED? ⏎ https://www.army.mil/inscom ⏎ https://www.inscom.army.mil ⏎ PATRIOTS ONE AND ALL. ⏎ Q ⏎ 
1928,namedEntities,Hussein,,0,"[Movie 1] ⏎ Showtime. ⏎ >>BO>>CS>>BO>>NO>>CS>>NO>>BO>>[  ][  ][  ][  ][  ][  ] ⏎ Who instructed the DOJ to release 'select' text messages? ⏎ When did [RR] learn of involvement [BO][NO]? ⏎ What happens if [RR] knew PRIOR TO signing CP FISA? ⏎ Why did [RR] under congressional testimony refuse to answer the question re: reading of FISA prior to execution?  ⏎ Who signed pg 380? ⏎ Who signed pg 389? ⏎ Who signed pg 390? ⏎ Who signed pg 391? ⏎ Who signed pg 392? ⏎ https://vault.fbi.gov/d1-release/d1-release/viewWho is [1 of 4] FIREWALLS? ⏎ Who signed? ⏎ FIREWALLS? ⏎ Who signed? ⏎ FIREWALLS? ⏎ FISA [20]  ⏎ The 'TRILOGY'.  ⏎ MOVIE 1 [Full]: The 'START' ⏎ PLOT: How the intelligence apparatus, State Dept, and Dept of ""JUSTICE"" of the United States, in joint effort w/ our (x) primary foreign allies + other covert assets, as directed by HUSSEIN [WH] in coordination w/ HRC, colluded and conspired to "
1929,namedEntities,Hussein,,0,"[Movie 1] ⏎ Showtime. ⏎ >>BO>>CS>>BO>>NO>>CS>>NO>>BO>>[  ][  ][  ][  ][  ][  ] ⏎ Who instructed the DOJ to release 'select' text messages? ⏎ When did [RR] learn of involvement [BO][NO]? ⏎ What happens if [RR] knew PRIOR TO signing CP FISA? ⏎ Why did [RR] under congressional testimony refuse to answer the question re: reading of FISA prior to execution?  ⏎ Who signed pg 380? ⏎ Who signed pg 389? ⏎ Who signed pg 390? ⏎ Who signed pg 391? ⏎ Who signed pg 392? ⏎ https://vault.fbi.gov/d1-release/d1-release/view ⏎ Who is [1 of 4] FIREWALLS? ⏎ Who signed? ⏎ FIREWALLS? ⏎ Who signed? ⏎ FIREWALLS? ⏎ FISA [20]  ⏎ The 'TRILOGY'.  ⏎ MOVIE 1 [Full]: The 'START' ⏎ PLOT: How the intelligence apparatus, State Dept, and Dept of ""JUSTICE"" of the United States, in joint effort w/ our (x) primary foreign allies + other covert assets, as directed by HUSSEIN [WH] in coordination w/ HRC, colluded and conspired "
1935,namedEntities,Flynn,,0,"Focus Here: ⏎ ""…raise troubling questions about Halper, who was believed to have worked with the CIA and part of the matrix of players in the bureau’s ‘CrossFire Hurricane’ investigation into Trump’s 2016 presidential campaign. Halper, who assisted the FBI in the Russia investigation, appears to also have significant ties to the Russian government, as well as sources connected directly to President Vladimir Putin."" ⏎ https://saraacarter.com/whistleblower-exposes-key-player-in-fbi-russia-probe-it-was-all-a-set-up/ ⏎ Define 'Projection'. ⏎ D's SCREAM when POTUS meets w/ PUTIN? ⏎ D's demand to hold hearings w/ the interpreter used during the private POTUS-PUTIN meeting?  ⏎ D's demand ALL meetings w/ PUTIN be CANCELLED? ⏎ If POTUS knows everything - control over what orgs are central to operational success?  ⏎ 1. DOJ ⏎ 2. FBI ⏎ 3. NSA ⏎ 4. US MILITARY ⏎ 5. STATE ⏎ 6. F_ASSETS ⏎ Ask yourself,"
1935,namedEntities,NO NAME,,0,"Focus Here: ⏎ ""…raise troubling questions about Halper, who was believed to have worked with the CIA and part of the matrix of players in the bureau’s ‘CrossFire Hurricane’ investigation into Trump’s 2016 presidential campaign. Halper, who assisted the FBI in the Russia investigation, appears to also have significant ties to the Russian government, as well as sources connected directly to President Vladimir Putin."" ⏎ https://saraacarter.com/whistleblower-exposes-key-player-in-fbi-russia-probe-it-was-all-a-set-up/ ⏎ Define 'Projection'. ⏎ D's SCREAM when POTUS meets w/ PUTIN? ⏎ D's demand to hold hearings w/ the interpreter used during the private POTUS-PUTIN meeting?  ⏎ D's demand ALL meetings w/ PUTIN be CANCELLED? ⏎ If POTUS knows everything - control over what orgs are central to operational success?  ⏎ 1. DOJ ⏎ 2. FBI ⏎ 3. NSA ⏎ 4. US MILITARY ⏎ 5. STATE ⏎ 6. F_ASSETS ⏎ Ask yourself,"
1944,namedEntities,Hussein,,0,FISA (ABCs) v INSCOM ⏎ NOFORN ⏎ NSA INSCOM BRIDGE ⏎ FISA = FISC ⏎ Who is accountable to Congress (civilian body)? ⏎ Define 'State Secrets'. ⏎ Process of obtaining a FISA warrant? ⏎ What must be DEMONSTRATED to be GRANTED? ⏎ Who must SIGN OFF? ⏎ Can 'select' individuals in senior positions of power be SHADOW BANNED from ACTIVE FISA WARRANTS / SURV? ⏎ NAT SEC ⏎ Sufficient evidence shown to demonstrate rogue elements of intelligence apparatus illegally violated FISA law (tenets) in coordinated effort w/ d+foreign allies to impact/mod the outcome of the 2016 Presidential election & safeguard against future uncover / criminal prosecution? ⏎ Who must sign off on FISA warrants? ⏎ Who directs the signers?  ⏎ Given magnitude of spy campaign (U.S. Presidential Election Republican Party Nominee Candidate + President Elect + President of the United States) would HUSSEIN be required to DIRECT ORDER? 
1948,namedEntities,Hussein,,0,https://in.reuters.com/article/iran-economy-rouhani-sanctions/iran-parliament-censures-rouhani-in-sign-pragmatists-losing-sway-idINKCN1LD0DL ⏎ [Hassan Rouhani] ⏎ Who paid HUSSEIN to attend HARVARD LAW SCHOOL? ⏎ Who is Prince Alwaleed bin Talal? ⏎ Why would Prince Alwaleed bin Talal (Saudi Royal) pay HUSSEIN to attend HARVARD LAW SCHOOL? ⏎ Was HUSSEIN a prominent political figure or a person of influence at the time? ⏎ No. ⏎ Who is Valerie Jarrett?  ⏎ Where was she born? ⏎ When did Valerie Jarrett hire Michelle Robinson? ⏎ 1991 ⏎ Timeline. ⏎ https://www.thisisinsider.com/how-did-barack-and-michelle-obama-meet-2017-10#1991-they-got-engaged-in-a-simple-and-sweet-way-3 ⏎ Who is Mayor (former) Richard Daley? ⏎ Who is Mayor (current) Rahm Emanuel? ⏎ HUSSEIN should be VERY nervous. ⏎ BRENNAN should be VERY nervous. ⏎ KERRY should be VERY nervous. ⏎ MERKEL should be VERY nervous. ⏎ +29 ⏎ How wer
1948,namedEntities,Hussein,,0,https://in.reuters.com/article/iran-economy-rouhani-sanctions/iran-parliament-censures-rouhani-in-sign-pragmatists-losing-sway-idINKCN1LD0DL ⏎ [Hassan Rouhani] ⏎ Who paid HUSSEIN to attend HARVARD LAW SCHOOL? ⏎ Who is Prince Alwaleed bin Talal? ⏎ Why would Prince Alwaleed bin Talal (Saudi Royal) pay HUSSEIN to attend HARVARD LAW SCHOOL? ⏎ Was HUSSEIN a prominent political figure or a person of influence at the time? ⏎ No. ⏎ Who is Valerie Jarrett?  ⏎ Where was she born? ⏎ When did Valerie Jarrett hire Michelle Robinson? ⏎ 1991 ⏎ Timeline. ⏎ https://www.thisisinsider.com/how-did-barack-and-michelle-obama-meet-2017-10#1991-they-got-engaged-in-a-simple-and-sweet-way-3 ⏎ Who is Mayor (former) Richard Daley? ⏎ Who is Mayor (current) Rahm Emanuel? ⏎ HUSSEIN should be VERY nervous. ⏎ BRENNAN should be VERY nervous. ⏎ KERRY should be VERY nervous. ⏎ MERKEL should be VERY nervous. ⏎ +29 ⏎ How wer
1948,namedEntities,Hussein,,0,https://in.reuters.com/article/iran-economy-rouhani-sanctions/iran-parliament-censures-rouhani-in-sign-pragmatists-losing-sway-idINKCN1LD0DL ⏎ [Hassan Rouhani] ⏎ Who paid HUSSEIN to attend HARVARD LAW SCHOOL? ⏎ Who is Prince Alwaleed bin Talal? ⏎ Why would Prince Alwaleed bin Talal (Saudi Royal) pay HUSSEIN to attend HARVARD LAW SCHOOL? ⏎ Was HUSSEIN a prominent political figure or a person of influence at the time? ⏎ No. ⏎ Who is Valerie Jarrett?  ⏎ Where was she born? ⏎ When did Valerie Jarrett hire Michelle Robinson? ⏎ 1991 ⏎ Timeline. ⏎ https://www.thisisinsider.com/how-did-barack-and-michelle-obama-meet-2017-10#1991-they-got-engaged-in-a-simple-and-sweet-way-3 ⏎ Who is Mayor (former) Richard Daley? ⏎ Who is Mayor (current) Rahm Emanuel? ⏎ HUSSEIN should be VERY nervous. ⏎ BRENNAN should be VERY nervous. ⏎ KERRY should be VERY nervous. ⏎ MERKEL should be VERY nervous. ⏎ +29 ⏎ How wer
1948,namedEntities,Hussein,,0,https://in.reuters.com/article/iran-economy-rouhani-sanctions/iran-parliament-censures-rouhani-in-sign-pragmatists-losing-sway-idINKCN1LD0DL ⏎ [Hassan Rouhani] ⏎ Who paid HUSSEIN to attend HARVARD LAW SCHOOL? ⏎ Who is Prince Alwaleed bin Talal? ⏎ Why would Prince Alwaleed bin Talal (Saudi Royal) pay HUSSEIN to attend HARVARD LAW SCHOOL? ⏎ Was HUSSEIN a prominent political figure or a person of influence at the time? ⏎ No. ⏎ Who is Valerie Jarrett?  ⏎ Where was she born? ⏎ When did Valerie Jarrett hire Michelle Robinson? ⏎ 1991 ⏎ Timeline. ⏎ https://www.thisisinsider.com/how-did-barack-and-michelle-obama-meet-2017-10#1991-they-got-engaged-in-a-simple-and-sweet-way-3 ⏎ Who is Mayor (former) Richard Daley? ⏎ Who is Mayor (current) Rahm Emanuel? ⏎ HUSSEIN should be VERY nervous. ⏎ BRENNAN should be VERY nervous. ⏎ KERRY should be VERY nervous. ⏎ MERKEL should be VERY nervous. ⏎ +29 ⏎ How wer
1948,namedEntities,Brennan,,0,https://in.reuters.com/article/iran-economy-rouhani-sanctions/iran-parliament-censures-rouhani-in-sign-pragmatists-losing-sway-idINKCN1LD0DL ⏎ [Hassan Rouhani] ⏎ Who paid HUSSEIN to attend HARVARD LAW SCHOOL? ⏎ Who is Prince Alwaleed bin Talal? ⏎ Why would Prince Alwaleed bin Talal (Saudi Royal) pay HUSSEIN to attend HARVARD LAW SCHOOL? ⏎ Was HUSSEIN a prominent political figure or a person of influence at the time? ⏎ No. ⏎ Who is Valerie Jarrett?  ⏎ Where was she born? ⏎ When did Valerie Jarrett hire Michelle Robinson? ⏎ 1991 ⏎ Timeline. ⏎ https://www.thisisinsider.com/how-did-barack-and-michelle-obama-meet-2017-10#1991-they-got-engaged-in-a-simple-and-sweet-way-3 ⏎ Who is Mayor (former) Richard Daley? ⏎ Who is Mayor (current) Rahm Emanuel? ⏎ HUSSEIN should be VERY nervous. ⏎ BRENNAN should be VERY nervous. ⏎ KERRY should be VERY nervous. ⏎ MERKEL should be VERY nervous. ⏎ +29 ⏎ How wer
1961,namedEntities,God,God,1,">>2772236 ⏎ You are not alone, Patriot. ⏎ You are part of history. ⏎ Never, in our history, has this been attempted. ⏎ GOD BLESS YOU & YOUR FAMILY. ⏎ Stay strong. ⏎ Stay the course. ⏎ WWG1WGA! ⏎ Q ⏎ "
197,namedEntities,God,God,1,Ancient Egyptians considered gold “the skin of the gods” -- specifically the sun god Ra -- and often used it to craft objects of spiritual significance. ⏎ Why is this relevant? ⏎ Q
1972,namedEntities,Watergate,Watergate,1,https://saraacarter.com/bruce-ohr-fbi-knew-about-bias-before-getting-a-fisa-on-carter-page/ ⏎ BIGGER THAN WATERGATE. ⏎ BIGGEST SCANDAL IN US HISTORY. ⏎ CRICKETS. ⏎ [FAKE NEWS]. ⏎ Desperate to SHELTER. ⏎ Define 'Shelter'. ⏎ A place giving temporary protection from bad weather or danger. ⏎ Q ⏎ 
1974,namedEntities,Huber,,0,"If the FAKE Steele Dossier constituted the 'bulk' of the 'facts submitted' to FISC to obtain FISA warrant(s) against POTUS…. ⏎ Dossier dismissed as FAKE/BASELESS. ⏎ If Mueller was appointed as SC based on the Dossier - and the Dossier was proven to be FAKE/DISINFORMATION - and the Dossier was proven to be the 'bulk' of the information submitted to FISC in order to obtain the warrants (+FISA signers 'pre-mediated' neglect to disclose the actual FACTS (lied to)) - then how is Mueller still SC? ⏎ BO never called to testify re: Mueller? ⏎ Mueller investigating 'Russian Collusion'?  ⏎ Why would Mueller not contact BO?  ⏎ BO was the 'BACKCHANNEL' between FBI/DOJ & STEELE. ⏎ Why wouldn't Mueller seek testimony?  ⏎ Mueller: Impeach POTUS operation?  ⏎ If impeachment is the goal via retake House (midterms), does it still not require a 2/3 vote in the Senate? ⏎ What will the [20] FISA 4th warrant "
1978,namedEntities,Weiner,,0,>>2779059 ⏎ Why is POTUS pushing the FBI & DOJ on this issue? ⏎ What if access to the server(s) was deliberate?  ⏎ What if this is 'known' within the intelligence community?  ⏎ What if this is 'known' within the FBI & DOJ? ⏎ If known - why no action? ⏎ How might this discredit the FBI's investigation into HRC's emails?  ⏎ How might this OPEN THE DOOR to [WEINER] / [Huma] / [HRC]? ⏎ Logical thinking. ⏎ WHY WAS THE INFORMATION ON WEINER'S LAPTOP IN THE FIRST PLACE? ⏎ D5. ⏎ Q ⏎ 
1978,namedEntities,Weiner,,0,>>2779059 ⏎ Why is POTUS pushing the FBI & DOJ on this issue? ⏎ What if access to the server(s) was deliberate?  ⏎ What if this is 'known' within the intelligence community?  ⏎ What if this is 'known' within the FBI & DOJ? ⏎ If known - why no action? ⏎ How might this discredit the FBI's investigation into HRC's emails?  ⏎ How might this OPEN THE DOOR to [WEINER] / [Huma] / [HRC]? ⏎ Logical thinking. ⏎ WHY WAS THE INFORMATION ON WEINER'S LAPTOP IN THE FIRST PLACE? ⏎ D5. ⏎ Q ⏎ 
1981,namedEntities,Hussein,,0,>>2779165 ⏎ What if a paper-trail exists… ⏎ PDB via No Such Agency? ⏎ HUSSEIN made aware w/ no action? ⏎ Why did POTUS refuse 'select' PDBs during transition? ⏎ Who knew? ⏎ Threat assessment. ⏎ Adm Rogers? ⏎ FLYNN? ⏎ Why did HUSSEIN + HRC + ADMIN + Staff + … use private emails to communicate?  ⏎ Was HRC the only one to use unsecured server(s)? ⏎ If access was granted re: HRC private server(s) can you assume access was granted re: House server(s) re: AWAN? ⏎ AWAN>Pakistani Intelligence? ⏎ AWAN FREE?  ⏎ Huma>Muslim Brotherhood? ⏎ Matters of NAT SEC. ⏎ Q ⏎ 
1981,namedEntities,Hussein,,0,>>2779165 ⏎ What if a paper-trail exists… ⏎ PDB via No Such Agency? ⏎ HUSSEIN made aware w/ no action? ⏎ Why did POTUS refuse 'select' PDBs during transition? ⏎ Who knew? ⏎ Threat assessment. ⏎ Adm Rogers? ⏎ FLYNN? ⏎ Why did HUSSEIN + HRC + ADMIN + Staff + … use private emails to communicate?  ⏎ Was HRC the only one to use unsecured server(s)? ⏎ If access was granted re: HRC private server(s) can you assume access was granted re: House server(s) re: AWAN? ⏎ AWAN>Pakistani Intelligence? ⏎ AWAN FREE?  ⏎ Huma>Muslim Brotherhood? ⏎ Matters of NAT SEC. ⏎ Q ⏎ 
1981,namedEntities,Flynn,,0,>>2779165 ⏎ What if a paper-trail exists… ⏎ PDB via No Such Agency? ⏎ HUSSEIN made aware w/ no action? ⏎ Why did POTUS refuse 'select' PDBs during transition? ⏎ Who knew? ⏎ Threat assessment. ⏎ Adm Rogers? ⏎ FLYNN? ⏎ Why did HUSSEIN + HRC + ADMIN + Staff + … use private emails to communicate?  ⏎ Was HRC the only one to use unsecured server(s)? ⏎ If access was granted re: HRC private server(s) can you assume access was granted re: House server(s) re: AWAN? ⏎ AWAN>Pakistani Intelligence? ⏎ AWAN FREE?  ⏎ Huma>Muslim Brotherhood? ⏎ Matters of NAT SEC. ⏎ Q ⏎ 
1981,namedEntities,Awan,Awan,1,>>2779165 ⏎ What if a paper-trail exists… ⏎ PDB via No Such Agency? ⏎ HUSSEIN made aware w/ no action? ⏎ Why did POTUS refuse 'select' PDBs during transition? ⏎ Who knew? ⏎ Threat assessment. ⏎ Adm Rogers? ⏎ FLYNN? ⏎ Why did HUSSEIN + HRC + ADMIN + Staff + … use private emails to communicate?  ⏎ Was HRC the only one to use unsecured server(s)? ⏎ If access was granted re: HRC private server(s) can you assume access was granted re: House server(s) re: AWAN? ⏎ AWAN>Pakistani Intelligence? ⏎ AWAN FREE?  ⏎ Huma>Muslim Brotherhood? ⏎ Matters of NAT SEC. ⏎ Q ⏎ 
1983,namedEntities,CrowdStrike,CrowdStrike | CS | Crowdstrike,3,>>2783014 ⏎ https://www.nytimes.com/2017/05/20/world/asia/china-cia-spies-espionage.html ⏎ Starting in 2010? ⏎ HRC Sec of State 2009 - 2013. ⏎ Coincidence? ⏎ Think Sever Access [granted] ⏎ Money talks. ⏎ [CROWDSTRIKE] ⏎ Q ⏎ 
1990,namedEntities,Hussein,,0,https://www.scribd.com/document/373986084/Grassley-Letter-to-AG-DAG-Requesting-Special-Counsel-March-15th ⏎ Footnote #5  ⏎ [BO] Interview Dates: ⏎ Ohr FD-302 12/19/16 (interview date 11/22/16) - HUSSEIN FBI ⏎ Ohr FD-302 12/19/16 (interview date 12/05/16) - HUSSEIN FBI ⏎ Ohr FD-302 12/19/16 (interview date 12/12/16) - HUSSEIN FBI ⏎ Ohr FD-302 12/27/16 (interview date 12/20/16) - HUSSEIN FBI ⏎ Ohr FD-302 01/27/17 (interview date 01/27/17) - POTUS / JC ⏎ Ohr FD-302 01/31/17 (interview date 01/23/17) - POTUS / JC ⏎ Ohr FD-302 01/27/17 (interview date 01/25/17) - POTUS / JC  ⏎ Ohr FD-302 02/08/17 (interview date 02/06/17) - POTUS / JC / IG ⏎ Ohr FD-302 02/15/17 (interview date 02/14/17) - POTUS / JC / IG ⏎ Ohr FD-302 05/10/17 (interview date 05/08/17) - POTUS / 1-DAY PRIOR TO +++++JC FIRING+++++ [RR] ⏎ Ohr FD-302 05/12/17 (interview date 05/12/17) - POTUS / IG ⏎ Ohr FD-302 05/16/17 (interview
1990,namedEntities,Hussein,,0,https://www.scribd.com/document/373986084/Grassley-Letter-to-AG-DAG-Requesting-Special-Counsel-March-15th ⏎ Footnote #5  ⏎ [BO] Interview Dates: ⏎ Ohr FD-302 12/19/16 (interview date 11/22/16) - HUSSEIN FBI ⏎ Ohr FD-302 12/19/16 (interview date 12/05/16) - HUSSEIN FBI ⏎ Ohr FD-302 12/19/16 (interview date 12/12/16) - HUSSEIN FBI ⏎ Ohr FD-302 12/27/16 (interview date 12/20/16) - HUSSEIN FBI ⏎ Ohr FD-302 01/27/17 (interview date 01/27/17) - POTUS / JC ⏎ Ohr FD-302 01/31/17 (interview date 01/23/17) - POTUS / JC ⏎ Ohr FD-302 01/27/17 (interview date 01/25/17) - POTUS / JC  ⏎ Ohr FD-302 02/08/17 (interview date 02/06/17) - POTUS / JC / IG ⏎ Ohr FD-302 02/15/17 (interview date 02/14/17) - POTUS / JC / IG ⏎ Ohr FD-302 05/10/17 (interview date 05/08/17) - POTUS / 1-DAY PRIOR TO +++++JC FIRING+++++ [RR] ⏎ Ohr FD-302 05/12/17 (interview date 05/12/17) - POTUS / IG ⏎ Ohr FD-302 05/16/17 (interview
1990,namedEntities,Hussein,,0,https://www.scribd.com/document/373986084/Grassley-Letter-to-AG-DAG-Requesting-Special-Counsel-March-15th ⏎ Footnote #5  ⏎ [BO] Interview Dates: ⏎ Ohr FD-302 12/19/16 (interview date 11/22/16) - HUSSEIN FBI ⏎ Ohr FD-302 12/19/16 (interview date 12/05/16) - HUSSEIN FBI ⏎ Ohr FD-302 12/19/16 (interview date 12/12/16) - HUSSEIN FBI ⏎ Ohr FD-302 12/27/16 (interview date 12/20/16) - HUSSEIN FBI ⏎ Ohr FD-302 01/27/17 (interview date 01/27/17) - POTUS / JC ⏎ Ohr FD-302 01/31/17 (interview date 01/23/17) - POTUS / JC ⏎ Ohr FD-302 01/27/17 (interview date 01/25/17) - POTUS / JC  ⏎ Ohr FD-302 02/08/17 (interview date 02/06/17) - POTUS / JC / IG ⏎ Ohr FD-302 02/15/17 (interview date 02/14/17) - POTUS / JC / IG ⏎ Ohr FD-302 05/10/17 (interview date 05/08/17) - POTUS / 1-DAY PRIOR TO +++++JC FIRING+++++ [RR] ⏎ Ohr FD-302 05/12/17 (interview date 05/12/17) - POTUS / IG ⏎ Ohr FD-302 05/16/17 (interview
1990,namedEntities,Hussein,,0,https://www.scribd.com/document/373986084/Grassley-Letter-to-AG-DAG-Requesting-Special-Counsel-March-15th ⏎ Footnote #5  ⏎ [BO] Interview Dates: ⏎ Ohr FD-302 12/19/16 (interview date 11/22/16) - HUSSEIN FBI ⏎ Ohr FD-302 12/19/16 (interview date 12/05/16) - HUSSEIN FBI ⏎ Ohr FD-302 12/19/16 (interview date 12/12/16) - HUSSEIN FBI ⏎ Ohr FD-302 12/27/16 (interview date 12/20/16) - HUSSEIN FBI ⏎ Ohr FD-302 01/27/17 (interview date 01/27/17) - POTUS / JC ⏎ Ohr FD-302 01/31/17 (interview date 01/23/17) - POTUS / JC ⏎ Ohr FD-302 01/27/17 (interview date 01/25/17) - POTUS / JC  ⏎ Ohr FD-302 02/08/17 (interview date 02/06/17) - POTUS / JC / IG ⏎ Ohr FD-302 02/15/17 (interview date 02/14/17) - POTUS / JC / IG ⏎ Ohr FD-302 05/10/17 (interview date 05/08/17) - POTUS / 1-DAY PRIOR TO +++++JC FIRING+++++ [RR] ⏎ Ohr FD-302 05/12/17 (interview date 05/12/17) - POTUS / IG ⏎ Ohr FD-302 05/16/17 (interview
1990,namedEntities,Huber,,0,https://www.scribd.com/document/373986084/Grassley-Letter-to-AG-DAG-Requesting-Special-Counsel-March-15th ⏎ Footnote #5  ⏎ [BO] Interview Dates: ⏎ Ohr FD-302 12/19/16 (interview date 11/22/16) - HUSSEIN FBI ⏎ Ohr FD-302 12/19/16 (interview date 12/05/16) - HUSSEIN FBI ⏎ Ohr FD-302 12/19/16 (interview date 12/12/16) - HUSSEIN FBI ⏎ Ohr FD-302 12/27/16 (interview date 12/20/16) - HUSSEIN FBI ⏎ Ohr FD-302 01/27/17 (interview date 01/27/17) - POTUS / JC ⏎ Ohr FD-302 01/31/17 (interview date 01/23/17) - POTUS / JC ⏎ Ohr FD-302 01/27/17 (interview date 01/25/17) - POTUS / JC  ⏎ Ohr FD-302 02/08/17 (interview date 02/06/17) - POTUS / JC / IG ⏎ Ohr FD-302 02/15/17 (interview date 02/14/17) - POTUS / JC / IG ⏎ Ohr FD-302 05/10/17 (interview date 05/08/17) - POTUS / 1-DAY PRIOR TO +++++JC FIRING+++++ [RR] ⏎ Ohr FD-302 05/12/17 (interview date 05/12/17) - POTUS / IG ⏎ Ohr FD-302 05/16/17 (interview
2007,namedEntities,Speaker of the House,Speaker of the House,1,">>2802984 ⏎ Emotions cloud judgement. ⏎ Why is 'Huber' being discussed now? ⏎ What if the TX Congressman was not supposed to drop that name? ⏎ Why is 'Huber' being discussed now? ⏎ Why is 'Huber' (all of a sudden) being grouped into the 'Anti-Sessions' remove, fire, ….nothing being done? ⏎ Discussed by Right or Left? ⏎ Huber did not 'directly' interview….[insert name]? ⏎ Huber did not……. ⏎ Huber did not……. ⏎ Sessions did not……. ⏎ Sessions did not……. ⏎ When will Sessions……. ⏎ When will Sessions……. ⏎ Who does Huber work with specifically? ⏎ Who investigates? ⏎ Who prosecutes? ⏎ Team of 470? ⏎ Will BO transcripts be released? ⏎ Huber + IG + 470? ⏎ Inside or outside of the DC [SWAMP]? ⏎ How many members of Congress not seeking re-election? ⏎ SPEAKER OF THE HOUSE not seeking re-election? ⏎ How many Senators have resigned or not seeking another term? ⏎ How many (senior) FBI have been removed? "
2009,namedEntities,Snow White,,0,SNOW WHITE 3 NOW OFFLINE. ⏎ Q ⏎ 
2010,namedEntities,Snow White,,0,>>2804728 ⏎ SNOW WHITE 4 NOW OFFLINE. ⏎ Q ⏎ 
2011,namedEntities,Snow White,,0,>>2804815 ⏎ SNOW WHITE 6 NOW OFFLINE. ⏎ Q ⏎ 
2012,namedEntities,Snow White,,0,>>2804843 ⏎ SNOW WHITE 7 NOW OFFLINE. ⏎ PACKAGE COMPLETE. ⏎ HAVE A NICE DAY. ⏎ Q ⏎ 
2029,namedEntities,New York Post,New York Post | NY,2,https://www.washingtonpost.com/politics/poll-60-percent-disapprove-of-trump-while-clear-majorities-back-mueller-and-sessions/2018/08/30/4cd32174-ac7c-11e8-a8d7-0f63ab8b1370_story.html?utm_term=.8146403a7c36 ⏎ Think 'Polls' posted yesterday - [WAPO]. ⏎ What are the odds of that? ⏎ Notice any similarities? ⏎ [Sample] ⏎ https://www.politico.com/story/2018/08/31/trump-approval-rating-poll-washington-post-abc-805563 ⏎ https://hillreporter.com/trumps-disapproval-rating-soars-in-latest-washington-post-abc-poll-6630 ⏎ https://www.cnbc.com/2018/08/31/most-americans-support-robert-mueller-probe-and-ag-jeff-sessions-poll.html ⏎ https://www.axios.com/poll-jeff-sessions-robert-mueller-trump-7b1b514d-2cd2-4495-a129-d7c92f750135.html ⏎ http://thehill.com/blogs/blog-briefing-room/news/404528-poll-most-americans-side-with-sessions-over-trump ⏎ https://www.washingtontimes.com/news/2018/aug/31/more-america
2029,namedEntities,Vice News,Vice News,1,https://www.washingtonpost.com/politics/poll-60-percent-disapprove-of-trump-while-clear-majorities-back-mueller-and-sessions/2018/08/30/4cd32174-ac7c-11e8-a8d7-0f63ab8b1370_story.html?utm_term=.8146403a7c36 ⏎ Think 'Polls' posted yesterday - [WAPO]. ⏎ What are the odds of that? ⏎ Notice any similarities? ⏎ [Sample] ⏎ https://www.politico.com/story/2018/08/31/trump-approval-rating-poll-washington-post-abc-805563 ⏎ https://hillreporter.com/trumps-disapproval-rating-soars-in-latest-washington-post-abc-poll-6630 ⏎ https://www.cnbc.com/2018/08/31/most-americans-support-robert-mueller-probe-and-ag-jeff-sessions-poll.html ⏎ https://www.axios.com/poll-jeff-sessions-robert-mueller-trump-7b1b514d-2cd2-4495-a129-d7c92f750135.html ⏎ http://thehill.com/blogs/blog-briefing-room/news/404528-poll-most-americans-side-with-sessions-over-trump ⏎ https://www.washingtontimes.com/news/2018/aug/31/more-america
2030,namedEntities,Sessions,,0,">>2817197 ⏎ Think [WAPO] ⏎ Qanon yesterday (poll) ⏎ POTUS today (poll) ⏎ Notice any similarities?  ⏎ FAKE NEWS readers (asleep: not attentive or alert; inactive) told to SUPPORT SESSIONS?  ⏎ ""Every battle is won before it's ever fought."" ⏎ Are you awake? ⏎ Q ⏎ "
2035,namedEntities,Senate,,0,https://twitter.com/RandyRRQuaid/status/1035509816335187969 ⏎ BOTH CHAMBERS (HOUSE / SENATE) IN SESSION ON TUES. ⏎ Q ⏎ 
2035,namedEntities,House,House,1,https://twitter.com/RandyRRQuaid/status/1035509816335187969 ⏎ BOTH CHAMBERS (HOUSE / SENATE) IN SESSION ON TUES. ⏎ Q ⏎ 
2039,namedEntities,America,,0,"WHERE WE GO ONE, WE GO ALL! ⏎ WE, THE PEOPLE! ⏎ FROM SEA TO SHINING SEA. ⏎ LET FREEDOM RING, PATRIOTS. ⏎ IT IS YOUR TIME. ⏎ IF AMERICA FALLS, THE WORLD FALLS. ⏎ UNITED WE STAND! ⏎ GOD BLESS YOU ALL. ⏎ Q+ ⏎ "
2039,namedEntities,God,God,1,"WHERE WE GO ONE, WE GO ALL! ⏎ WE, THE PEOPLE! ⏎ FROM SEA TO SHINING SEA. ⏎ LET FREEDOM RING, PATRIOTS. ⏎ IT IS YOUR TIME. ⏎ IF AMERICA FALLS, THE WORLD FALLS. ⏎ UNITED WE STAND! ⏎ GOD BLESS YOU ALL. ⏎ Q+ ⏎ "
2040,namedEntities,Judicial Watch,Judicial Watch,1,>>2820665 ⏎ https://www.judicialwatch.org/press-room/press-releases/judicial-watch-justice-department-discloses-no-fisa-court-hearings-held-on-carter-page-warrants/ ⏎ BIG ⏎ BIG ⏎ BIG ⏎ Q ⏎ 
2040,namedEntities,Carter Page,Carter Page | CP,2,>>2820665 ⏎ https://www.judicialwatch.org/press-room/press-releases/judicial-watch-justice-department-discloses-no-fisa-court-hearings-held-on-carter-page-warrants/ ⏎ BIG ⏎ BIG ⏎ BIG ⏎ Q ⏎ 
2043,namedEntities,Flynn,,0,"Special Approval  ⏎ P729173009391_Z ⏎ [SETUP EX 1] ⏎ http://thehill.com/homenews/administration/342118-homeland-security-confirms-special-entry-for-russian-lawyer ⏎ [LL]>paper trail>special entry ⏎ [Natalia Veselnitskaya]>Manafort ⏎ FISA warrant issued / approved>Manafort ⏎ Mueller>>Manafort ⏎ FISA warrant issued / approved>Papadopoulos ⏎ Mueller>>Papadopoulos ⏎ FISA warrant issued / approved>Page ⏎ Mueller>>Page ⏎ FISA warrant issued / approved>FLYNN ⏎ Mueller>>FLYNN ⏎ YOU MUST TARGET, REMOVE, AND SILENCE ALL THOSE ILLEGALLY TARGETED FOR FISA SURV + UK ASSIST. ⏎ UK ASSIST + FISA SURV INCLUDED ALL UPSTREAM COLLECTION + TANGENT CONTACTS [UMBRELLA SURV]. ⏎ FOREIGN TARGET DESIGNATOR(S) CREATE LEAPFROG (HOPS) TO ISOLATED 'REAL' TARGET(S) NON F_COMMS. ⏎ [SEC 702] ⏎ https://www.nsa.gov/news-features/press-room/statements/2017-04-28-702-statement.shtml ⏎ Ex:  ⏎ P talks to X ⏎ X talks to Y ⏎ Y t"
2043,namedEntities,Flynn,,0,"Special Approval  ⏎ P729173009391_Z ⏎ [SETUP EX 1] ⏎ http://thehill.com/homenews/administration/342118-homeland-security-confirms-special-entry-for-russian-lawyer ⏎ [LL]>paper trail>special entry ⏎ [Natalia Veselnitskaya]>Manafort ⏎ FISA warrant issued / approved>Manafort ⏎ Mueller>>Manafort ⏎ FISA warrant issued / approved>Papadopoulos ⏎ Mueller>>Papadopoulos ⏎ FISA warrant issued / approved>Page ⏎ Mueller>>Page ⏎ FISA warrant issued / approved>FLYNN ⏎ Mueller>>FLYNN ⏎ YOU MUST TARGET, REMOVE, AND SILENCE ALL THOSE ILLEGALLY TARGETED FOR FISA SURV + UK ASSIST. ⏎ UK ASSIST + FISA SURV INCLUDED ALL UPSTREAM COLLECTION + TANGENT CONTACTS [UMBRELLA SURV]. ⏎ FOREIGN TARGET DESIGNATOR(S) CREATE LEAPFROG (HOPS) TO ISOLATED 'REAL' TARGET(S) NON F_COMMS. ⏎ [SEC 702] ⏎ https://www.nsa.gov/news-features/press-room/statements/2017-04-28-702-statement.shtml ⏎ Ex:  ⏎ P talks to X ⏎ X talks to Y ⏎ Y t"
2054,namedEntities,Donald J. Trump,,0,"https://www.whitehouse.gov/presidential-actions/presidential-proclamation-national-preparedness-month-2018/ ⏎ National Preparedness Month is a time to focus our attention on the importance of preparing our families, homes, businesses, and communities for disasters that threaten our lives, property, and homeland.  During this time, we also honor the brave men and women who selflessly respond to crises and disasters, rendering aid to those in need.  These first responders, who work tirelessly to safeguard our Nation and protect our citizens, deserve our utmost gratitude and appreciation. ⏎  ⏎ Over the past year, communities nationwide and across the Territories have witnessed and endured damage from multiple hurricanes, wildfires, tornadoes, floods, volcanic eruptions, and other natural disasters.  The historic hurricane season of 2017 included three catastrophic storms that made landfall "
2054,namedEntities,Donald J. Trump,,0,"https://www.whitehouse.gov/presidential-actions/presidential-proclamation-national-preparedness-month-2018/ ⏎ National Preparedness Month is a time to focus our attention on the importance of preparing our families, homes, businesses, and communities for disasters that threaten our lives, property, and homeland.  During this time, we also honor the brave men and women who selflessly respond to crises and disasters, rendering aid to those in need.  These first responders, who work tirelessly to safeguard our Nation and protect our citizens, deserve our utmost gratitude and appreciation. ⏎  ⏎ Over the past year, communities nationwide and across the Territories have witnessed and endured damage from multiple hurricanes, wildfires, tornadoes, floods, volcanic eruptions, and other natural disasters.  The historic hurricane season of 2017 included three catastrophic storms that made landfall "
2058,namedEntities,Ezra Cohen-Watnick,Ezra Cohen-Watnick,1,>>2846457 ⏎ BRIDGES - connecting people. ⏎ https://www.nytimes.com/2018/04/11/us/politics/ezra-cohen-watnick-justice-department-national-security-adviser.html ⏎ Q ⏎ 
2061,namedEntities,23andMe,23andMe,1,>>2847730 ⏎ Sergey Brin - GOOG [Founder][BORN IN MOSCOW] ⏎ was married to… ⏎ Anne Wojcicki - 23andme [Founder] ⏎ was brother-in-law to… ⏎ Susan Wojcicki - CEO of YouTube ⏎ [DARPA] ⏎ Q ⏎ 
2061,namedEntities,Moscow,Moscow,1,>>2847730 ⏎ Sergey Brin - GOOG [Founder][BORN IN MOSCOW] ⏎ was married to… ⏎ Anne Wojcicki - 23andme [Founder] ⏎ was brother-in-law to… ⏎ Susan Wojcicki - CEO of YouTube ⏎ [DARPA] ⏎ Q ⏎ 
2072,namedEntities,Sessions,,0,">>173 ⏎ The ""Experts"" ⏎ But… SESSIONS should appoint a 2nd SC in DC aka THE CORRUPT SWAMP ⏎ But… SESSIONS should appoint a 2nd SC in DC aka THE CORRUPT SWAMP [team of less than 20 typically] & wait 2-4 years [take a gamble] ⏎ But… SESSIONS should appoint a 2nd SC in DC aka THE CORRUPT SWAMP because unlike the CLINTON EMAIL CORRUPT CASE [as demonstrated by the FBI/DOJ people FIRED/REMOVED] this will be conducted faithfully and honestly [like MUELLER]  ⏎ But… HUBER has not ‘directly’ interviewed several witnesses therefore the appointment of HUBER by SESSIONS [and therefore the IG] is not genuine ⏎ But… SESSIONS & HUBER are following standard DOJ open/ongoing investigation policy by not discussing [making public] so therefore nothing must be happening [FIRE SESSIONS!] ⏎ But… HUBER [ability to prosecute + empanel a grand jury outside of DC [90%+ voted HRC (2016)], who already began the inve"
2072,namedEntities,Sessions,,0,">>173 ⏎ The ""Experts"" ⏎ But… SESSIONS should appoint a 2nd SC in DC aka THE CORRUPT SWAMP ⏎ But… SESSIONS should appoint a 2nd SC in DC aka THE CORRUPT SWAMP [team of less than 20 typically] & wait 2-4 years [take a gamble] ⏎ But… SESSIONS should appoint a 2nd SC in DC aka THE CORRUPT SWAMP because unlike the CLINTON EMAIL CORRUPT CASE [as demonstrated by the FBI/DOJ people FIRED/REMOVED] this will be conducted faithfully and honestly [like MUELLER]  ⏎ But… HUBER has not ‘directly’ interviewed several witnesses therefore the appointment of HUBER by SESSIONS [and therefore the IG] is not genuine ⏎ But… SESSIONS & HUBER are following standard DOJ open/ongoing investigation policy by not discussing [making public] so therefore nothing must be happening [FIRE SESSIONS!] ⏎ But… HUBER [ability to prosecute + empanel a grand jury outside of DC [90%+ voted HRC (2016)], who already began the inve"
2072,namedEntities,Sessions,,0,">>173 ⏎ The ""Experts"" ⏎ But… SESSIONS should appoint a 2nd SC in DC aka THE CORRUPT SWAMP ⏎ But… SESSIONS should appoint a 2nd SC in DC aka THE CORRUPT SWAMP [team of less than 20 typically] & wait 2-4 years [take a gamble] ⏎ But… SESSIONS should appoint a 2nd SC in DC aka THE CORRUPT SWAMP because unlike the CLINTON EMAIL CORRUPT CASE [as demonstrated by the FBI/DOJ people FIRED/REMOVED] this will be conducted faithfully and honestly [like MUELLER]  ⏎ But… HUBER has not ‘directly’ interviewed several witnesses therefore the appointment of HUBER by SESSIONS [and therefore the IG] is not genuine ⏎ But… SESSIONS & HUBER are following standard DOJ open/ongoing investigation policy by not discussing [making public] so therefore nothing must be happening [FIRE SESSIONS!] ⏎ But… HUBER [ability to prosecute + empanel a grand jury outside of DC [90%+ voted HRC (2016)], who already began the inve"
2072,namedEntities,Sessions,,0,">>173 ⏎ The ""Experts"" ⏎ But… SESSIONS should appoint a 2nd SC in DC aka THE CORRUPT SWAMP ⏎ But… SESSIONS should appoint a 2nd SC in DC aka THE CORRUPT SWAMP [team of less than 20 typically] & wait 2-4 years [take a gamble] ⏎ But… SESSIONS should appoint a 2nd SC in DC aka THE CORRUPT SWAMP because unlike the CLINTON EMAIL CORRUPT CASE [as demonstrated by the FBI/DOJ people FIRED/REMOVED] this will be conducted faithfully and honestly [like MUELLER]  ⏎ But… HUBER has not ‘directly’ interviewed several witnesses therefore the appointment of HUBER by SESSIONS [and therefore the IG] is not genuine ⏎ But… SESSIONS & HUBER are following standard DOJ open/ongoing investigation policy by not discussing [making public] so therefore nothing must be happening [FIRE SESSIONS!] ⏎ But… HUBER [ability to prosecute + empanel a grand jury outside of DC [90%+ voted HRC (2016)], who already began the inve"
2072,namedEntities,Sessions,,0,">>173 ⏎ The ""Experts"" ⏎ But… SESSIONS should appoint a 2nd SC in DC aka THE CORRUPT SWAMP ⏎ But… SESSIONS should appoint a 2nd SC in DC aka THE CORRUPT SWAMP [team of less than 20 typically] & wait 2-4 years [take a gamble] ⏎ But… SESSIONS should appoint a 2nd SC in DC aka THE CORRUPT SWAMP because unlike the CLINTON EMAIL CORRUPT CASE [as demonstrated by the FBI/DOJ people FIRED/REMOVED] this will be conducted faithfully and honestly [like MUELLER]  ⏎ But… HUBER has not ‘directly’ interviewed several witnesses therefore the appointment of HUBER by SESSIONS [and therefore the IG] is not genuine ⏎ But… SESSIONS & HUBER are following standard DOJ open/ongoing investigation policy by not discussing [making public] so therefore nothing must be happening [FIRE SESSIONS!] ⏎ But… HUBER [ability to prosecute + empanel a grand jury outside of DC [90%+ voted HRC (2016)], who already began the inve"
2072,namedEntities,Sessions,,0,">>173 ⏎ The ""Experts"" ⏎ But… SESSIONS should appoint a 2nd SC in DC aka THE CORRUPT SWAMP ⏎ But… SESSIONS should appoint a 2nd SC in DC aka THE CORRUPT SWAMP [team of less than 20 typically] & wait 2-4 years [take a gamble] ⏎ But… SESSIONS should appoint a 2nd SC in DC aka THE CORRUPT SWAMP because unlike the CLINTON EMAIL CORRUPT CASE [as demonstrated by the FBI/DOJ people FIRED/REMOVED] this will be conducted faithfully and honestly [like MUELLER]  ⏎ But… HUBER has not ‘directly’ interviewed several witnesses therefore the appointment of HUBER by SESSIONS [and therefore the IG] is not genuine ⏎ But… SESSIONS & HUBER are following standard DOJ open/ongoing investigation policy by not discussing [making public] so therefore nothing must be happening [FIRE SESSIONS!] ⏎ But… HUBER [ability to prosecute + empanel a grand jury outside of DC [90%+ voted HRC (2016)], who already began the inve"
2072,namedEntities,Sessions,,0,">>173 ⏎ The ""Experts"" ⏎ But… SESSIONS should appoint a 2nd SC in DC aka THE CORRUPT SWAMP ⏎ But… SESSIONS should appoint a 2nd SC in DC aka THE CORRUPT SWAMP [team of less than 20 typically] & wait 2-4 years [take a gamble] ⏎ But… SESSIONS should appoint a 2nd SC in DC aka THE CORRUPT SWAMP because unlike the CLINTON EMAIL CORRUPT CASE [as demonstrated by the FBI/DOJ people FIRED/REMOVED] this will be conducted faithfully and honestly [like MUELLER]  ⏎ But… HUBER has not ‘directly’ interviewed several witnesses therefore the appointment of HUBER by SESSIONS [and therefore the IG] is not genuine ⏎ But… SESSIONS & HUBER are following standard DOJ open/ongoing investigation policy by not discussing [making public] so therefore nothing must be happening [FIRE SESSIONS!] ⏎ But… HUBER [ability to prosecute + empanel a grand jury outside of DC [90%+ voted HRC (2016)], who already began the inve"
2072,namedEntities,Sessions,,0,">>173 ⏎ The ""Experts"" ⏎ But… SESSIONS should appoint a 2nd SC in DC aka THE CORRUPT SWAMP ⏎ But… SESSIONS should appoint a 2nd SC in DC aka THE CORRUPT SWAMP [team of less than 20 typically] & wait 2-4 years [take a gamble] ⏎ But… SESSIONS should appoint a 2nd SC in DC aka THE CORRUPT SWAMP because unlike the CLINTON EMAIL CORRUPT CASE [as demonstrated by the FBI/DOJ people FIRED/REMOVED] this will be conducted faithfully and honestly [like MUELLER]  ⏎ But… HUBER has not ‘directly’ interviewed several witnesses therefore the appointment of HUBER by SESSIONS [and therefore the IG] is not genuine ⏎ But… SESSIONS & HUBER are following standard DOJ open/ongoing investigation policy by not discussing [making public] so therefore nothing must be happening [FIRE SESSIONS!] ⏎ But… HUBER [ability to prosecute + empanel a grand jury outside of DC [90%+ voted HRC (2016)], who already began the inve"
2072,namedEntities,Mueller,,0,">>173 ⏎ The ""Experts"" ⏎ But… SESSIONS should appoint a 2nd SC in DC aka THE CORRUPT SWAMP ⏎ But… SESSIONS should appoint a 2nd SC in DC aka THE CORRUPT SWAMP [team of less than 20 typically] & wait 2-4 years [take a gamble] ⏎ But… SESSIONS should appoint a 2nd SC in DC aka THE CORRUPT SWAMP because unlike the CLINTON EMAIL CORRUPT CASE [as demonstrated by the FBI/DOJ people FIRED/REMOVED] this will be conducted faithfully and honestly [like MUELLER]  ⏎ But… HUBER has not ‘directly’ interviewed several witnesses therefore the appointment of HUBER by SESSIONS [and therefore the IG] is not genuine ⏎ But… SESSIONS & HUBER are following standard DOJ open/ongoing investigation policy by not discussing [making public] so therefore nothing must be happening [FIRE SESSIONS!] ⏎ But… HUBER [ability to prosecute + empanel a grand jury outside of DC [90%+ voted HRC (2016)], who already began the inve"
2072,namedEntities,Huber,,0,">>173 ⏎ The ""Experts"" ⏎ But… SESSIONS should appoint a 2nd SC in DC aka THE CORRUPT SWAMP ⏎ But… SESSIONS should appoint a 2nd SC in DC aka THE CORRUPT SWAMP [team of less than 20 typically] & wait 2-4 years [take a gamble] ⏎ But… SESSIONS should appoint a 2nd SC in DC aka THE CORRUPT SWAMP because unlike the CLINTON EMAIL CORRUPT CASE [as demonstrated by the FBI/DOJ people FIRED/REMOVED] this will be conducted faithfully and honestly [like MUELLER]  ⏎ But… HUBER has not ‘directly’ interviewed several witnesses therefore the appointment of HUBER by SESSIONS [and therefore the IG] is not genuine ⏎ But… SESSIONS & HUBER are following standard DOJ open/ongoing investigation policy by not discussing [making public] so therefore nothing must be happening [FIRE SESSIONS!] ⏎ But… HUBER [ability to prosecute + empanel a grand jury outside of DC [90%+ voted HRC (2016)], who already began the inve"
2072,namedEntities,Huber,,0,">>173 ⏎ The ""Experts"" ⏎ But… SESSIONS should appoint a 2nd SC in DC aka THE CORRUPT SWAMP ⏎ But… SESSIONS should appoint a 2nd SC in DC aka THE CORRUPT SWAMP [team of less than 20 typically] & wait 2-4 years [take a gamble] ⏎ But… SESSIONS should appoint a 2nd SC in DC aka THE CORRUPT SWAMP because unlike the CLINTON EMAIL CORRUPT CASE [as demonstrated by the FBI/DOJ people FIRED/REMOVED] this will be conducted faithfully and honestly [like MUELLER]  ⏎ But… HUBER has not ‘directly’ interviewed several witnesses therefore the appointment of HUBER by SESSIONS [and therefore the IG] is not genuine ⏎ But… SESSIONS & HUBER are following standard DOJ open/ongoing investigation policy by not discussing [making public] so therefore nothing must be happening [FIRE SESSIONS!] ⏎ But… HUBER [ability to prosecute + empanel a grand jury outside of DC [90%+ voted HRC (2016)], who already began the inve"
2072,namedEntities,Huber,,0,">>173 ⏎ The ""Experts"" ⏎ But… SESSIONS should appoint a 2nd SC in DC aka THE CORRUPT SWAMP ⏎ But… SESSIONS should appoint a 2nd SC in DC aka THE CORRUPT SWAMP [team of less than 20 typically] & wait 2-4 years [take a gamble] ⏎ But… SESSIONS should appoint a 2nd SC in DC aka THE CORRUPT SWAMP because unlike the CLINTON EMAIL CORRUPT CASE [as demonstrated by the FBI/DOJ people FIRED/REMOVED] this will be conducted faithfully and honestly [like MUELLER]  ⏎ But… HUBER has not ‘directly’ interviewed several witnesses therefore the appointment of HUBER by SESSIONS [and therefore the IG] is not genuine ⏎ But… SESSIONS & HUBER are following standard DOJ open/ongoing investigation policy by not discussing [making public] so therefore nothing must be happening [FIRE SESSIONS!] ⏎ But… HUBER [ability to prosecute + empanel a grand jury outside of DC [90%+ voted HRC (2016)], who already began the inve"
2072,namedEntities,Huber,,0,">>173 ⏎ The ""Experts"" ⏎ But… SESSIONS should appoint a 2nd SC in DC aka THE CORRUPT SWAMP ⏎ But… SESSIONS should appoint a 2nd SC in DC aka THE CORRUPT SWAMP [team of less than 20 typically] & wait 2-4 years [take a gamble] ⏎ But… SESSIONS should appoint a 2nd SC in DC aka THE CORRUPT SWAMP because unlike the CLINTON EMAIL CORRUPT CASE [as demonstrated by the FBI/DOJ people FIRED/REMOVED] this will be conducted faithfully and honestly [like MUELLER]  ⏎ But… HUBER has not ‘directly’ interviewed several witnesses therefore the appointment of HUBER by SESSIONS [and therefore the IG] is not genuine ⏎ But… SESSIONS & HUBER are following standard DOJ open/ongoing investigation policy by not discussing [making public] so therefore nothing must be happening [FIRE SESSIONS!] ⏎ But… HUBER [ability to prosecute + empanel a grand jury outside of DC [90%+ voted HRC (2016)], who already began the inve"
2072,namedEntities,Huber,,0,">>173 ⏎ The ""Experts"" ⏎ But… SESSIONS should appoint a 2nd SC in DC aka THE CORRUPT SWAMP ⏎ But… SESSIONS should appoint a 2nd SC in DC aka THE CORRUPT SWAMP [team of less than 20 typically] & wait 2-4 years [take a gamble] ⏎ But… SESSIONS should appoint a 2nd SC in DC aka THE CORRUPT SWAMP because unlike the CLINTON EMAIL CORRUPT CASE [as demonstrated by the FBI/DOJ people FIRED/REMOVED] this will be conducted faithfully and honestly [like MUELLER]  ⏎ But… HUBER has not ‘directly’ interviewed several witnesses therefore the appointment of HUBER by SESSIONS [and therefore the IG] is not genuine ⏎ But… SESSIONS & HUBER are following standard DOJ open/ongoing investigation policy by not discussing [making public] so therefore nothing must be happening [FIRE SESSIONS!] ⏎ But… HUBER [ability to prosecute + empanel a grand jury outside of DC [90%+ voted HRC (2016)], who already began the inve"
2072,namedEntities,Speaker of the House,Speaker of the House,1,">>173 ⏎ The ""Experts"" ⏎ But… SESSIONS should appoint a 2nd SC in DC aka THE CORRUPT SWAMP ⏎ But… SESSIONS should appoint a 2nd SC in DC aka THE CORRUPT SWAMP [team of less than 20 typically] & wait 2-4 years [take a gamble] ⏎ But… SESSIONS should appoint a 2nd SC in DC aka THE CORRUPT SWAMP because unlike the CLINTON EMAIL CORRUPT CASE [as demonstrated by the FBI/DOJ people FIRED/REMOVED] this will be conducted faithfully and honestly [like MUELLER]  ⏎ But… HUBER has not ‘directly’ interviewed several witnesses therefore the appointment of HUBER by SESSIONS [and therefore the IG] is not genuine ⏎ But… SESSIONS & HUBER are following standard DOJ open/ongoing investigation policy by not discussing [making public] so therefore nothing must be happening [FIRE SESSIONS!] ⏎ But… HUBER [ability to prosecute + empanel a grand jury outside of DC [90%+ voted HRC (2016)], who already began the inve"
2076,namedEntities,State Department OIG,State Department OIG,1,"https://fas.org/sgp/othergov/state-oig-email.pdf ⏎ ""as some compromised home systems have been reconfigured by these actors to automatically forward copies of all composed emails to an undisclosed recipient.” ⏎ Pages 33 & 34  ⏎ The More You Know…. ⏎ Q ⏎ "
2107,namedEntities,Brennan,,0,"https://www.realclearpolitics.com/video/2018/08/02/nunes_carter_page_fisa_redacted_to_hide_part_steele_dossier_played_cover_intel_agencies.html ⏎ Re_review important. ⏎ Who signed? ⏎ Who signed pg 380? ⏎ Who signed pg 389? ⏎ Who signed pg 390? ⏎ Who signed pg 391? ⏎ Who signed pg 392? ⏎ Pg 389 - Andrew McCabe ⏎ Pg 391 - Rod Rosenstein ⏎ Pg 271 - Dana Boente ⏎ Pg 269 - James Comey ⏎ Pg [    ] - Sally Yates ⏎ 'KNOWINGLY' used FALSE intelligence? ⏎ Think HRC [paid for] FAKE DOSSIER [bulk]. ⏎ Think Steele > BO [post FBI firing] intel collection. ⏎ Think DOJ/FBI classified leaks to FAKE NEWS > insert into FISA app in effort to provide 'new sources'. ⏎ Think PDB placement by BRENNAN to AUTHENTICATE source as credible. ⏎ Think BO >>> WEISSMANN 'regular updates' re: Steele [Firewall][Mueller] ⏎ …………………. ⏎ ""I declare under penalty of perjury that the foregoing information regarding Carter W. Page"
2107,namedEntities,Weissmann,Weissmann,1,"https://www.realclearpolitics.com/video/2018/08/02/nunes_carter_page_fisa_redacted_to_hide_part_steele_dossier_played_cover_intel_agencies.html ⏎ Re_review important. ⏎ Who signed? ⏎ Who signed pg 380? ⏎ Who signed pg 389? ⏎ Who signed pg 390? ⏎ Who signed pg 391? ⏎ Who signed pg 392? ⏎ Pg 389 - Andrew McCabe ⏎ Pg 391 - Rod Rosenstein ⏎ Pg 271 - Dana Boente ⏎ Pg 269 - James Comey ⏎ Pg [    ] - Sally Yates ⏎ 'KNOWINGLY' used FALSE intelligence? ⏎ Think HRC [paid for] FAKE DOSSIER [bulk]. ⏎ Think Steele > BO [post FBI firing] intel collection. ⏎ Think DOJ/FBI classified leaks to FAKE NEWS > insert into FISA app in effort to provide 'new sources'. ⏎ Think PDB placement by BRENNAN to AUTHENTICATE source as credible. ⏎ Think BO >>> WEISSMANN 'regular updates' re: Steele [Firewall][Mueller] ⏎ …………………. ⏎ ""I declare under penalty of perjury that the foregoing information regarding Carter W. Page"
2129,namedEntities,Hussein,,0,"DECLAS OF FISA WILL INITIATE THE RESIGNATION/RECUSAL AND/OR REMOVAL OF ROD ROSENSTEIN.  ⏎ DECLAS OF FISA WILL INITIATE THE 'AWARENESS' THAT ALL SIGNERS WILL BE [CURRENTLY] UNDER INVESTIGATION. ⏎ DECLAS OF FISA WILL FACTUALLY DEMONSTRATE WITHOUT ARGUMENT THE US GOVERNMENT, UNDER HUSSEIN, KNOWINGLY, PRESENTED FALSE EVIDENCE TO FISC IN AN EFFORT TO OBTAIN 'LEGAL' US INTELLIGENCE 'UMBRELLA' SURV OF POTUS [IDEN TARGET] FOR THE SOLE PURPOSE OF INFLUENCING THE 2016 ELECTION OF THE PRESIDENCY [NOT RUSSIA BUT HUSSEIN/HRC - PROJECTION] + SAFEGUARD AGAINST POSSIBLE LOSS OF POWER [FIREWALLS].  ⏎ USE OF BACKCHANNEL SURV / SPY INSERTION [BODY 1, 2, AND 5] BY UK/AUS [PRIMARY] ACTIVATED UNDER DIR BRENNAN DIR CLAPPER W/ PDB REGULAR UPDATES + [LIVE STREAMING] WH HUSSEIN NON-OVAL [SITUATION ROOM] COORDINATION. ⏎ FISA [FULL] BRINGS DOWN THE HOUSE [WH]. ⏎ Q ⏎ "
2129,namedEntities,Hussein,,0,"DECLAS OF FISA WILL INITIATE THE RESIGNATION/RECUSAL AND/OR REMOVAL OF ROD ROSENSTEIN.  ⏎ DECLAS OF FISA WILL INITIATE THE 'AWARENESS' THAT ALL SIGNERS WILL BE [CURRENTLY] UNDER INVESTIGATION. ⏎ DECLAS OF FISA WILL FACTUALLY DEMONSTRATE WITHOUT ARGUMENT THE US GOVERNMENT, UNDER HUSSEIN, KNOWINGLY, PRESENTED FALSE EVIDENCE TO FISC IN AN EFFORT TO OBTAIN 'LEGAL' US INTELLIGENCE 'UMBRELLA' SURV OF POTUS [IDEN TARGET] FOR THE SOLE PURPOSE OF INFLUENCING THE 2016 ELECTION OF THE PRESIDENCY [NOT RUSSIA BUT HUSSEIN/HRC - PROJECTION] + SAFEGUARD AGAINST POSSIBLE LOSS OF POWER [FIREWALLS].  ⏎ USE OF BACKCHANNEL SURV / SPY INSERTION [BODY 1, 2, AND 5] BY UK/AUS [PRIMARY] ACTIVATED UNDER DIR BRENNAN DIR CLAPPER W/ PDB REGULAR UPDATES + [LIVE STREAMING] WH HUSSEIN NON-OVAL [SITUATION ROOM] COORDINATION. ⏎ FISA [FULL] BRINGS DOWN THE HOUSE [WH]. ⏎ Q ⏎ "
2129,namedEntities,Hussein,,0,"DECLAS OF FISA WILL INITIATE THE RESIGNATION/RECUSAL AND/OR REMOVAL OF ROD ROSENSTEIN.  ⏎ DECLAS OF FISA WILL INITIATE THE 'AWARENESS' THAT ALL SIGNERS WILL BE [CURRENTLY] UNDER INVESTIGATION. ⏎ DECLAS OF FISA WILL FACTUALLY DEMONSTRATE WITHOUT ARGUMENT THE US GOVERNMENT, UNDER HUSSEIN, KNOWINGLY, PRESENTED FALSE EVIDENCE TO FISC IN AN EFFORT TO OBTAIN 'LEGAL' US INTELLIGENCE 'UMBRELLA' SURV OF POTUS [IDEN TARGET] FOR THE SOLE PURPOSE OF INFLUENCING THE 2016 ELECTION OF THE PRESIDENCY [NOT RUSSIA BUT HUSSEIN/HRC - PROJECTION] + SAFEGUARD AGAINST POSSIBLE LOSS OF POWER [FIREWALLS].  ⏎ USE OF BACKCHANNEL SURV / SPY INSERTION [BODY 1, 2, AND 5] BY UK/AUS [PRIMARY] ACTIVATED UNDER DIR BRENNAN DIR CLAPPER W/ PDB REGULAR UPDATES + [LIVE STREAMING] WH HUSSEIN NON-OVAL [SITUATION ROOM] COORDINATION. ⏎ FISA [FULL] BRINGS DOWN THE HOUSE [WH]. ⏎ Q ⏎ "
2129,namedEntities,Brennan,,0,"DECLAS OF FISA WILL INITIATE THE RESIGNATION/RECUSAL AND/OR REMOVAL OF ROD ROSENSTEIN.  ⏎ DECLAS OF FISA WILL INITIATE THE 'AWARENESS' THAT ALL SIGNERS WILL BE [CURRENTLY] UNDER INVESTIGATION. ⏎ DECLAS OF FISA WILL FACTUALLY DEMONSTRATE WITHOUT ARGUMENT THE US GOVERNMENT, UNDER HUSSEIN, KNOWINGLY, PRESENTED FALSE EVIDENCE TO FISC IN AN EFFORT TO OBTAIN 'LEGAL' US INTELLIGENCE 'UMBRELLA' SURV OF POTUS [IDEN TARGET] FOR THE SOLE PURPOSE OF INFLUENCING THE 2016 ELECTION OF THE PRESIDENCY [NOT RUSSIA BUT HUSSEIN/HRC - PROJECTION] + SAFEGUARD AGAINST POSSIBLE LOSS OF POWER [FIREWALLS].  ⏎ USE OF BACKCHANNEL SURV / SPY INSERTION [BODY 1, 2, AND 5] BY UK/AUS [PRIMARY] ACTIVATED UNDER DIR BRENNAN DIR CLAPPER W/ PDB REGULAR UPDATES + [LIVE STREAMING] WH HUSSEIN NON-OVAL [SITUATION ROOM] COORDINATION. ⏎ FISA [FULL] BRINGS DOWN THE HOUSE [WH]. ⏎ Q ⏎ "
2129,namedEntities,Clapper,Clapper,1,"DECLAS OF FISA WILL INITIATE THE RESIGNATION/RECUSAL AND/OR REMOVAL OF ROD ROSENSTEIN.  ⏎ DECLAS OF FISA WILL INITIATE THE 'AWARENESS' THAT ALL SIGNERS WILL BE [CURRENTLY] UNDER INVESTIGATION. ⏎ DECLAS OF FISA WILL FACTUALLY DEMONSTRATE WITHOUT ARGUMENT THE US GOVERNMENT, UNDER HUSSEIN, KNOWINGLY, PRESENTED FALSE EVIDENCE TO FISC IN AN EFFORT TO OBTAIN 'LEGAL' US INTELLIGENCE 'UMBRELLA' SURV OF POTUS [IDEN TARGET] FOR THE SOLE PURPOSE OF INFLUENCING THE 2016 ELECTION OF THE PRESIDENCY [NOT RUSSIA BUT HUSSEIN/HRC - PROJECTION] + SAFEGUARD AGAINST POSSIBLE LOSS OF POWER [FIREWALLS].  ⏎ USE OF BACKCHANNEL SURV / SPY INSERTION [BODY 1, 2, AND 5] BY UK/AUS [PRIMARY] ACTIVATED UNDER DIR BRENNAN DIR CLAPPER W/ PDB REGULAR UPDATES + [LIVE STREAMING] WH HUSSEIN NON-OVAL [SITUATION ROOM] COORDINATION. ⏎ FISA [FULL] BRINGS DOWN THE HOUSE [WH]. ⏎ Q ⏎ "
2136,namedEntities,CBN News,CBN News,1,[Sample] ⏎ http://www.foxnews.com/politics/2018/09/10/maxine-waters-goes-on-trump-impeachment-tear-vows-to-get-him.html ⏎ https://www.msnbc.com/morning-joe/watch/author-believes-multiple-grounds-for-impeaching-trump-1316688451927?v=raila& ⏎ https://www.theatlantic.com/politics/archive/2018/09/jerry-nadler-trump-democrats-impeachment/569626/ ⏎ https://www.nbcnews.com/politics/donald-trump/shhhh-dem-leaders-don-t-want-say-impeach-bill-clinton-n907906 ⏎ http://thehill.com/opinion/campaign/405891-impeachment-will-be-at-the-top-of-democrats-agenda-if-they-take-the-house ⏎ http://www1.cbn.com/cbnnews/politics/2018/september/as-congresswoman-chants-impeachment-8-times-others-point-to-coup-in-trump-admin ⏎ https://www.independent.co.uk/news/world/americas/us-politics/trump-impeachment-robert-mueller-russia-investigation-bob-woodward-richard-nixon-john-ehrlichman-a8528241.html ⏎ https://heavy.com
2136,namedEntities,The Independent,The Independent,1,[Sample] ⏎ http://www.foxnews.com/politics/2018/09/10/maxine-waters-goes-on-trump-impeachment-tear-vows-to-get-him.html ⏎ https://www.msnbc.com/morning-joe/watch/author-believes-multiple-grounds-for-impeaching-trump-1316688451927?v=raila& ⏎ https://www.theatlantic.com/politics/archive/2018/09/jerry-nadler-trump-democrats-impeachment/569626/ ⏎ https://www.nbcnews.com/politics/donald-trump/shhhh-dem-leaders-don-t-want-say-impeach-bill-clinton-n907906 ⏎ http://thehill.com/opinion/campaign/405891-impeachment-will-be-at-the-top-of-democrats-agenda-if-they-take-the-house ⏎ http://www1.cbn.com/cbnnews/politics/2018/september/as-congresswoman-chants-impeachment-8-times-others-point-to-coup-in-trump-admin ⏎ https://www.independent.co.uk/news/world/americas/us-politics/trump-impeachment-robert-mueller-russia-investigation-bob-woodward-richard-nixon-john-ehrlichman-a8528241.html ⏎ https://heavy.com
2150,namedEntities,Patriot Day,Patriot Day,1,http://www.military.com/video/operations-and-strategy/terrorism/powerful-must-see-9-11-tribute/2663294173001 ⏎ We Will Never FORGET! ⏎ We Will Never FORGIVE! ⏎ https://www.whitehouse.gov/presidential-actions/presidential-proclamation-patriot-day-2018/ ⏎ PATRIOT DAY. ⏎ Q ⏎ 
2165,namedEntities,Sessions,,0,How do you inflict MAX PAIN / DAMAGE? ⏎ Drop [daily] carpet bombs [RATS RUNNING] >>> drop/release MOAB? ⏎ https://saraacarter.com/how-anti-trump-leakers-moved-from-offense-to-defense/ ⏎ SESSIONS and FLYNN [targeted] for [immediate] removal/recusal?  ⏎ SESSIONS Senate CONF vote? ⏎ [RR] Senate CONF vote? ⏎ Reconcile. ⏎ IF SESSIONS WASN'T A THREAT WHY WAS HE THE PRIMARY TARGET? ⏎ WHY WAS IT CRITICAL TO MOVE [RR] INTO DOJ ACTING AG RE: APPOINTMENT OF MUELLER / DIR SC OVERSIGHT [AUTH]? ⏎ IF YOU KNOW WHAT YOUR ENEMY IS PLANNING HOW DO YOU PREPARE STRATEGICALLY? ⏎ THINK TODAY. ⏎ LEFT SUPPORTING SESSIONS? ⏎ LEFT DEFENDING SESSIONS? ⏎ STRATEGIC ADVANTAGE? ⏎ http://www.foxnews.com/politics/2018/09/12/new-strzok-page-texts-reveal-others-were-leaking-like-mad-in-lead-up-to-trump-russia-probe.html ⏎ https://twitter.com/FoxBusiness/status/1039907275274678273 ⏎ https://twitter.com/AmericaNewsroom/statu
2165,namedEntities,Sessions,,0,How do you inflict MAX PAIN / DAMAGE? ⏎ Drop [daily] carpet bombs [RATS RUNNING] >>> drop/release MOAB? ⏎ https://saraacarter.com/how-anti-trump-leakers-moved-from-offense-to-defense/ ⏎ SESSIONS and FLYNN [targeted] for [immediate] removal/recusal?  ⏎ SESSIONS Senate CONF vote? ⏎ [RR] Senate CONF vote? ⏎ Reconcile. ⏎ IF SESSIONS WASN'T A THREAT WHY WAS HE THE PRIMARY TARGET? ⏎ WHY WAS IT CRITICAL TO MOVE [RR] INTO DOJ ACTING AG RE: APPOINTMENT OF MUELLER / DIR SC OVERSIGHT [AUTH]? ⏎ IF YOU KNOW WHAT YOUR ENEMY IS PLANNING HOW DO YOU PREPARE STRATEGICALLY? ⏎ THINK TODAY. ⏎ LEFT SUPPORTING SESSIONS? ⏎ LEFT DEFENDING SESSIONS? ⏎ STRATEGIC ADVANTAGE? ⏎ http://www.foxnews.com/politics/2018/09/12/new-strzok-page-texts-reveal-others-were-leaking-like-mad-in-lead-up-to-trump-russia-probe.html ⏎ https://twitter.com/FoxBusiness/status/1039907275274678273 ⏎ https://twitter.com/AmericaNewsroom/statu
2165,namedEntities,Sessions,,0,How do you inflict MAX PAIN / DAMAGE? ⏎ Drop [daily] carpet bombs [RATS RUNNING] >>> drop/release MOAB? ⏎ https://saraacarter.com/how-anti-trump-leakers-moved-from-offense-to-defense/ ⏎ SESSIONS and FLYNN [targeted] for [immediate] removal/recusal?  ⏎ SESSIONS Senate CONF vote? ⏎ [RR] Senate CONF vote? ⏎ Reconcile. ⏎ IF SESSIONS WASN'T A THREAT WHY WAS HE THE PRIMARY TARGET? ⏎ WHY WAS IT CRITICAL TO MOVE [RR] INTO DOJ ACTING AG RE: APPOINTMENT OF MUELLER / DIR SC OVERSIGHT [AUTH]? ⏎ IF YOU KNOW WHAT YOUR ENEMY IS PLANNING HOW DO YOU PREPARE STRATEGICALLY? ⏎ THINK TODAY. ⏎ LEFT SUPPORTING SESSIONS? ⏎ LEFT DEFENDING SESSIONS? ⏎ STRATEGIC ADVANTAGE? ⏎ http://www.foxnews.com/politics/2018/09/12/new-strzok-page-texts-reveal-others-were-leaking-like-mad-in-lead-up-to-trump-russia-probe.html ⏎ https://twitter.com/FoxBusiness/status/1039907275274678273 ⏎ https://twitter.com/AmericaNewsroom/statu
2165,namedEntities,Sessions,,0,How do you inflict MAX PAIN / DAMAGE? ⏎ Drop [daily] carpet bombs [RATS RUNNING] >>> drop/release MOAB? ⏎ https://saraacarter.com/how-anti-trump-leakers-moved-from-offense-to-defense/ ⏎ SESSIONS and FLYNN [targeted] for [immediate] removal/recusal?  ⏎ SESSIONS Senate CONF vote? ⏎ [RR] Senate CONF vote? ⏎ Reconcile. ⏎ IF SESSIONS WASN'T A THREAT WHY WAS HE THE PRIMARY TARGET? ⏎ WHY WAS IT CRITICAL TO MOVE [RR] INTO DOJ ACTING AG RE: APPOINTMENT OF MUELLER / DIR SC OVERSIGHT [AUTH]? ⏎ IF YOU KNOW WHAT YOUR ENEMY IS PLANNING HOW DO YOU PREPARE STRATEGICALLY? ⏎ THINK TODAY. ⏎ LEFT SUPPORTING SESSIONS? ⏎ LEFT DEFENDING SESSIONS? ⏎ STRATEGIC ADVANTAGE? ⏎ http://www.foxnews.com/politics/2018/09/12/new-strzok-page-texts-reveal-others-were-leaking-like-mad-in-lead-up-to-trump-russia-probe.html ⏎ https://twitter.com/FoxBusiness/status/1039907275274678273 ⏎ https://twitter.com/AmericaNewsroom/statu
2165,namedEntities,Sessions,,0,How do you inflict MAX PAIN / DAMAGE? ⏎ Drop [daily] carpet bombs [RATS RUNNING] >>> drop/release MOAB? ⏎ https://saraacarter.com/how-anti-trump-leakers-moved-from-offense-to-defense/ ⏎ SESSIONS and FLYNN [targeted] for [immediate] removal/recusal?  ⏎ SESSIONS Senate CONF vote? ⏎ [RR] Senate CONF vote? ⏎ Reconcile. ⏎ IF SESSIONS WASN'T A THREAT WHY WAS HE THE PRIMARY TARGET? ⏎ WHY WAS IT CRITICAL TO MOVE [RR] INTO DOJ ACTING AG RE: APPOINTMENT OF MUELLER / DIR SC OVERSIGHT [AUTH]? ⏎ IF YOU KNOW WHAT YOUR ENEMY IS PLANNING HOW DO YOU PREPARE STRATEGICALLY? ⏎ THINK TODAY. ⏎ LEFT SUPPORTING SESSIONS? ⏎ LEFT DEFENDING SESSIONS? ⏎ STRATEGIC ADVANTAGE? ⏎ http://www.foxnews.com/politics/2018/09/12/new-strzok-page-texts-reveal-others-were-leaking-like-mad-in-lead-up-to-trump-russia-probe.html ⏎ https://twitter.com/FoxBusiness/status/1039907275274678273 ⏎ https://twitter.com/AmericaNewsroom/statu
2165,namedEntities,Mueller,,0,How do you inflict MAX PAIN / DAMAGE? ⏎ Drop [daily] carpet bombs [RATS RUNNING] >>> drop/release MOAB? ⏎ https://saraacarter.com/how-anti-trump-leakers-moved-from-offense-to-defense/ ⏎ SESSIONS and FLYNN [targeted] for [immediate] removal/recusal?  ⏎ SESSIONS Senate CONF vote? ⏎ [RR] Senate CONF vote? ⏎ Reconcile. ⏎ IF SESSIONS WASN'T A THREAT WHY WAS HE THE PRIMARY TARGET? ⏎ WHY WAS IT CRITICAL TO MOVE [RR] INTO DOJ ACTING AG RE: APPOINTMENT OF MUELLER / DIR SC OVERSIGHT [AUTH]? ⏎ IF YOU KNOW WHAT YOUR ENEMY IS PLANNING HOW DO YOU PREPARE STRATEGICALLY? ⏎ THINK TODAY. ⏎ LEFT SUPPORTING SESSIONS? ⏎ LEFT DEFENDING SESSIONS? ⏎ STRATEGIC ADVANTAGE? ⏎ http://www.foxnews.com/politics/2018/09/12/new-strzok-page-texts-reveal-others-were-leaking-like-mad-in-lead-up-to-trump-russia-probe.html ⏎ https://twitter.com/FoxBusiness/status/1039907275274678273 ⏎ https://twitter.com/AmericaNewsroom/statu
2165,namedEntities,Flynn,,0,How do you inflict MAX PAIN / DAMAGE? ⏎ Drop [daily] carpet bombs [RATS RUNNING] >>> drop/release MOAB? ⏎ https://saraacarter.com/how-anti-trump-leakers-moved-from-offense-to-defense/ ⏎ SESSIONS and FLYNN [targeted] for [immediate] removal/recusal?  ⏎ SESSIONS Senate CONF vote? ⏎ [RR] Senate CONF vote? ⏎ Reconcile. ⏎ IF SESSIONS WASN'T A THREAT WHY WAS HE THE PRIMARY TARGET? ⏎ WHY WAS IT CRITICAL TO MOVE [RR] INTO DOJ ACTING AG RE: APPOINTMENT OF MUELLER / DIR SC OVERSIGHT [AUTH]? ⏎ IF YOU KNOW WHAT YOUR ENEMY IS PLANNING HOW DO YOU PREPARE STRATEGICALLY? ⏎ THINK TODAY. ⏎ LEFT SUPPORTING SESSIONS? ⏎ LEFT DEFENDING SESSIONS? ⏎ STRATEGIC ADVANTAGE? ⏎ http://www.foxnews.com/politics/2018/09/12/new-strzok-page-texts-reveal-others-were-leaking-like-mad-in-lead-up-to-trump-russia-probe.html ⏎ https://twitter.com/FoxBusiness/status/1039907275274678273 ⏎ https://twitter.com/AmericaNewsroom/statu
2180,namedEntities,Mueller,,0,"http://www.foxnews.com/politics/2018/09/16/lisa-page-testimony-collusion-still-unproven-by-time-muellers-special-counsel-appointment.html ⏎ No evidence of 'Collusion' PRIOR TO MUELLER appointment? ⏎ https://dailycaller.com/2018/09/16/house-intelligence-russia-transcripts/ ⏎ [HOUSE OF CARDS] ⏎ https://dailycaller.com/2018/02/09/three-democrats-rouhani-louis-farrakhan/ ⏎ Why would [3] D Congressman attend a private dinner w/ Iranian President Hassan Rouhani [#1 state sponsor of terrorism] in 2013? ⏎ >>Rep Keith Ellison (Minnesota) ⏎ >>Rep Andre Carson (Indiana) ⏎ >>Rep Gregory Meeks (New York)  ⏎ >>Louis Farrakhan ⏎ http://history.house.gov/Institution/Origins-Development/Oath-of-Office/ ⏎ ""I do solemnly swear (or affirm) that I will support and defend the Constitution of the United States against all enemies, foreign and domestic; that I will bear true faith and allegiance to the same; th"
2181,namedEntities,Nunes,,0,>>242 ⏎ https://twitter.com/realDonaldTrump/status/1041362405350141952 ⏎ Timestamp & Content. ⏎ 12:24 ⏎ 12:25 ⏎ https://dailycaller.com/2018/09/16/house-intelligence-russia-transcripts/ ⏎ NUNES ⏎ AWAKE? ⏎ HAPPY SUNDAY! ⏎ Q ⏎ 
2181,namedEntities,House Intelligence,House Intelligence,1,>>242 ⏎ https://twitter.com/realDonaldTrump/status/1041362405350141952 ⏎ Timestamp & Content. ⏎ 12:24 ⏎ 12:25 ⏎ https://dailycaller.com/2018/09/16/house-intelligence-russia-transcripts/ ⏎ NUNES ⏎ AWAKE? ⏎ HAPPY SUNDAY! ⏎ Q ⏎ 
2197,namedEntities,Sessions,,0,Activate ]SESSIONS[ ⏎ Q ⏎ 
2203,namedEntities,Lynch,Lynch,1,PANIC IN DC ⏎ LYNCH talking. ⏎ Q ⏎ 
2204,namedEntities,Sessions,,0,PANIC IN DC ⏎ SESSIONS & HUBER WEEKEND MEETING(S). ⏎ Q ⏎ 
2204,namedEntities,Huber,,0,PANIC IN DC ⏎ SESSIONS & HUBER WEEKEND MEETING(S). ⏎ Q ⏎ 
2205,namedEntities,Sessions,,0,"PANIC IN DC ⏎ SESSIONS CLAS LETTER TO SC JUSTICES 1&2 RE: RECUSAL, UNRECUSAL, AND CLARITY RE: CONFLICTS BASED ON UNCLASSIFIED MATERIAL [TODAY]. ⏎ HIGHEST COURT AUTHORITY APPROVAL  ⏎ Q ⏎ "
2206,namedEntities,Wired,Wired,1,https://twitter.com/HillaryClinton/status/1042067964403572736 ⏎ DEFINE PROJECTION. ⏎ DS PANIC IS REAL. ⏎ https://www.wired.com/story/qanon-conspiracy-facebook-meme-ai/ ⏎ THINK ABOUT REAL-TIME 'Q' TRACKING. ⏎ SEPT 10 DROP re: MEMES NON_NSA ABILITY ⏎ SEPT 13 & 14 [2] ARTICLES DROP re: FB MEMES ⏎ SEPT 16 [2] ARTICLES DROPPED/HIGHLIGHTED [EXAMPLES] ⏎ SEPT 18 [WIRED] RESPONDS [1] ARTICLE re: MEMES & Q ⏎ THE WAR IS REAL. ⏎ https://www.washingtonpost.com/outlook/2018/09/18/how-conspiracy-theories-spread-internets-darkest-corners/?utm_term=.e968aa9fb4ea ⏎ THE POWER YOU HAVE IS REAL. ⏎ FIGHT! FIGHT! FIGHT! ⏎ Q ⏎ 
2207,namedEntities,Hussein,,0,"[Example] ⏎ https://twitter.com/EricHolder/status/1042020158489944064 ⏎ https://twitter.com/RepSwalwell/status/1041823800034131968 ⏎ ABUSE OF POWER? ⏎ [Reminder - HUSSEIN EO] ⏎ https://www.gpo.gov/fdsys/pkg/CFR-2010-title3-vol1/pdf/CFR-2010-title3-vol1-eo13526.pdf ⏎ Executive Order 13526 ⏎ Sec 1.7 ⏎ ""Classification Prohibitions and Limitations. (a) In no case shall information be classified, continue to be maintained as classified, or fail to be declassified in order to: ⏎ (1) conceal violations of law, inefficiency, or administrative error; ⏎ (2) prevent embarrassment to a person, organization, or agency; ⏎ (3) restrain competition; or ⏎ (4) prevent or delay the release of information that does not require protection in the interest of the national security."" ⏎ SLEEP NO MORE? ⏎ THE AMERICAN PEOPLE (& OTHERS AROUND THE WORLD) ARE AWAKENING.  ⏎ PANIC? ⏎ GAME OVER. ⏎ Q ⏎ "
2211,namedEntities,Sessions,,0,"How about a nice game of chess? ⏎ IG Horowitz (“Justice” Dept) speech – ‘whistleblowers’ ⏎ https://oig.justice.gov/about/meet-ig.htm ⏎ CHAIRMAN OF THE COUNCIL OF THE INSPECTOR GENERALS ON INTEGRITY AND EFFICIENCY? ⏎ “Since 2015, he has simultaneously served as the Chair of the Council of the Inspectors General on Integrity and Efficiency (CIGIE), an organization comprised of all 73 federal Inspectors General.” ⏎ Think yesterday.  ⏎ What was learned? ⏎ Robert Storch confirmed NSA IG? ⏎ https://www.nsa.gov/news-features/press-room/press-releases/2017/robert-storch-nsa-ig.shtml ⏎ First presidentially-appointed IG for NSA? ⏎ Dept of “Justice” [background] important? ⏎ Federal prosecutor in N. District of NY [background] important? ⏎ CHAIRMAN OF THE COUNCIL OF THE INSPECTOR GENERALS ON INTEGRITY AND EFFICIENCY [BACKGROUND] IMPORTANT? ⏎ “Prior to joining NSA, Mr. Storch served in several posit"
2211,namedEntities,Sessions,,0,"How about a nice game of chess? ⏎ IG Horowitz (“Justice” Dept) speech – ‘whistleblowers’ ⏎ https://oig.justice.gov/about/meet-ig.htm ⏎ CHAIRMAN OF THE COUNCIL OF THE INSPECTOR GENERALS ON INTEGRITY AND EFFICIENCY? ⏎ “Since 2015, he has simultaneously served as the Chair of the Council of the Inspectors General on Integrity and Efficiency (CIGIE), an organization comprised of all 73 federal Inspectors General.” ⏎ Think yesterday.  ⏎ What was learned? ⏎ Robert Storch confirmed NSA IG? ⏎ https://www.nsa.gov/news-features/press-room/press-releases/2017/robert-storch-nsa-ig.shtml ⏎ First presidentially-appointed IG for NSA? ⏎ Dept of “Justice” [background] important? ⏎ Federal prosecutor in N. District of NY [background] important? ⏎ CHAIRMAN OF THE COUNCIL OF THE INSPECTOR GENERALS ON INTEGRITY AND EFFICIENCY [BACKGROUND] IMPORTANT? ⏎ “Prior to joining NSA, Mr. Storch served in several posit"
2211,namedEntities,Sessions,,0,"How about a nice game of chess? ⏎ IG Horowitz (“Justice” Dept) speech – ‘whistleblowers’ ⏎ https://oig.justice.gov/about/meet-ig.htm ⏎ CHAIRMAN OF THE COUNCIL OF THE INSPECTOR GENERALS ON INTEGRITY AND EFFICIENCY? ⏎ “Since 2015, he has simultaneously served as the Chair of the Council of the Inspectors General on Integrity and Efficiency (CIGIE), an organization comprised of all 73 federal Inspectors General.” ⏎ Think yesterday.  ⏎ What was learned? ⏎ Robert Storch confirmed NSA IG? ⏎ https://www.nsa.gov/news-features/press-room/press-releases/2017/robert-storch-nsa-ig.shtml ⏎ First presidentially-appointed IG for NSA? ⏎ Dept of “Justice” [background] important? ⏎ Federal prosecutor in N. District of NY [background] important? ⏎ CHAIRMAN OF THE COUNCIL OF THE INSPECTOR GENERALS ON INTEGRITY AND EFFICIENCY [BACKGROUND] IMPORTANT? ⏎ “Prior to joining NSA, Mr. Storch served in several posit"
2211,namedEntities,Sessions,,0,"How about a nice game of chess? ⏎ IG Horowitz (“Justice” Dept) speech – ‘whistleblowers’ ⏎ https://oig.justice.gov/about/meet-ig.htm ⏎ CHAIRMAN OF THE COUNCIL OF THE INSPECTOR GENERALS ON INTEGRITY AND EFFICIENCY? ⏎ “Since 2015, he has simultaneously served as the Chair of the Council of the Inspectors General on Integrity and Efficiency (CIGIE), an organization comprised of all 73 federal Inspectors General.” ⏎ Think yesterday.  ⏎ What was learned? ⏎ Robert Storch confirmed NSA IG? ⏎ https://www.nsa.gov/news-features/press-room/press-releases/2017/robert-storch-nsa-ig.shtml ⏎ First presidentially-appointed IG for NSA? ⏎ Dept of “Justice” [background] important? ⏎ Federal prosecutor in N. District of NY [background] important? ⏎ CHAIRMAN OF THE COUNCIL OF THE INSPECTOR GENERALS ON INTEGRITY AND EFFICIENCY [BACKGROUND] IMPORTANT? ⏎ “Prior to joining NSA, Mr. Storch served in several posit"
2211,namedEntities,Sessions,,0,"How about a nice game of chess? ⏎ IG Horowitz (“Justice” Dept) speech – ‘whistleblowers’ ⏎ https://oig.justice.gov/about/meet-ig.htm ⏎ CHAIRMAN OF THE COUNCIL OF THE INSPECTOR GENERALS ON INTEGRITY AND EFFICIENCY? ⏎ “Since 2015, he has simultaneously served as the Chair of the Council of the Inspectors General on Integrity and Efficiency (CIGIE), an organization comprised of all 73 federal Inspectors General.” ⏎ Think yesterday.  ⏎ What was learned? ⏎ Robert Storch confirmed NSA IG? ⏎ https://www.nsa.gov/news-features/press-room/press-releases/2017/robert-storch-nsa-ig.shtml ⏎ First presidentially-appointed IG for NSA? ⏎ Dept of “Justice” [background] important? ⏎ Federal prosecutor in N. District of NY [background] important? ⏎ CHAIRMAN OF THE COUNCIL OF THE INSPECTOR GENERALS ON INTEGRITY AND EFFICIENCY [BACKGROUND] IMPORTANT? ⏎ “Prior to joining NSA, Mr. Storch served in several posit"
2211,namedEntities,Sessions,,0,"How about a nice game of chess? ⏎ IG Horowitz (“Justice” Dept) speech – ‘whistleblowers’ ⏎ https://oig.justice.gov/about/meet-ig.htm ⏎ CHAIRMAN OF THE COUNCIL OF THE INSPECTOR GENERALS ON INTEGRITY AND EFFICIENCY? ⏎ “Since 2015, he has simultaneously served as the Chair of the Council of the Inspectors General on Integrity and Efficiency (CIGIE), an organization comprised of all 73 federal Inspectors General.” ⏎ Think yesterday.  ⏎ What was learned? ⏎ Robert Storch confirmed NSA IG? ⏎ https://www.nsa.gov/news-features/press-room/press-releases/2017/robert-storch-nsa-ig.shtml ⏎ First presidentially-appointed IG for NSA? ⏎ Dept of “Justice” [background] important? ⏎ Federal prosecutor in N. District of NY [background] important? ⏎ CHAIRMAN OF THE COUNCIL OF THE INSPECTOR GENERALS ON INTEGRITY AND EFFICIENCY [BACKGROUND] IMPORTANT? ⏎ “Prior to joining NSA, Mr. Storch served in several posit"
2211,namedEntities,Sessions,,0,"How about a nice game of chess? ⏎ IG Horowitz (“Justice” Dept) speech – ‘whistleblowers’ ⏎ https://oig.justice.gov/about/meet-ig.htm ⏎ CHAIRMAN OF THE COUNCIL OF THE INSPECTOR GENERALS ON INTEGRITY AND EFFICIENCY? ⏎ “Since 2015, he has simultaneously served as the Chair of the Council of the Inspectors General on Integrity and Efficiency (CIGIE), an organization comprised of all 73 federal Inspectors General.” ⏎ Think yesterday.  ⏎ What was learned? ⏎ Robert Storch confirmed NSA IG? ⏎ https://www.nsa.gov/news-features/press-room/press-releases/2017/robert-storch-nsa-ig.shtml ⏎ First presidentially-appointed IG for NSA? ⏎ Dept of “Justice” [background] important? ⏎ Federal prosecutor in N. District of NY [background] important? ⏎ CHAIRMAN OF THE COUNCIL OF THE INSPECTOR GENERALS ON INTEGRITY AND EFFICIENCY [BACKGROUND] IMPORTANT? ⏎ “Prior to joining NSA, Mr. Storch served in several posit"
2211,namedEntities,Sessions,,0,"How about a nice game of chess? ⏎ IG Horowitz (“Justice” Dept) speech – ‘whistleblowers’ ⏎ https://oig.justice.gov/about/meet-ig.htm ⏎ CHAIRMAN OF THE COUNCIL OF THE INSPECTOR GENERALS ON INTEGRITY AND EFFICIENCY? ⏎ “Since 2015, he has simultaneously served as the Chair of the Council of the Inspectors General on Integrity and Efficiency (CIGIE), an organization comprised of all 73 federal Inspectors General.” ⏎ Think yesterday.  ⏎ What was learned? ⏎ Robert Storch confirmed NSA IG? ⏎ https://www.nsa.gov/news-features/press-room/press-releases/2017/robert-storch-nsa-ig.shtml ⏎ First presidentially-appointed IG for NSA? ⏎ Dept of “Justice” [background] important? ⏎ Federal prosecutor in N. District of NY [background] important? ⏎ CHAIRMAN OF THE COUNCIL OF THE INSPECTOR GENERALS ON INTEGRITY AND EFFICIENCY [BACKGROUND] IMPORTANT? ⏎ “Prior to joining NSA, Mr. Storch served in several posit"
2211,namedEntities,Mueller,,0,"How about a nice game of chess? ⏎ IG Horowitz (“Justice” Dept) speech – ‘whistleblowers’ ⏎ https://oig.justice.gov/about/meet-ig.htm ⏎ CHAIRMAN OF THE COUNCIL OF THE INSPECTOR GENERALS ON INTEGRITY AND EFFICIENCY? ⏎ “Since 2015, he has simultaneously served as the Chair of the Council of the Inspectors General on Integrity and Efficiency (CIGIE), an organization comprised of all 73 federal Inspectors General.” ⏎ Think yesterday.  ⏎ What was learned? ⏎ Robert Storch confirmed NSA IG? ⏎ https://www.nsa.gov/news-features/press-room/press-releases/2017/robert-storch-nsa-ig.shtml ⏎ First presidentially-appointed IG for NSA? ⏎ Dept of “Justice” [background] important? ⏎ Federal prosecutor in N. District of NY [background] important? ⏎ CHAIRMAN OF THE COUNCIL OF THE INSPECTOR GENERALS ON INTEGRITY AND EFFICIENCY [BACKGROUND] IMPORTANT? ⏎ “Prior to joining NSA, Mr. Storch served in several posit"
2211,namedEntities,Huber,,0,"How about a nice game of chess? ⏎ IG Horowitz (“Justice” Dept) speech – ‘whistleblowers’ ⏎ https://oig.justice.gov/about/meet-ig.htm ⏎ CHAIRMAN OF THE COUNCIL OF THE INSPECTOR GENERALS ON INTEGRITY AND EFFICIENCY? ⏎ “Since 2015, he has simultaneously served as the Chair of the Council of the Inspectors General on Integrity and Efficiency (CIGIE), an organization comprised of all 73 federal Inspectors General.” ⏎ Think yesterday.  ⏎ What was learned? ⏎ Robert Storch confirmed NSA IG? ⏎ https://www.nsa.gov/news-features/press-room/press-releases/2017/robert-storch-nsa-ig.shtml ⏎ First presidentially-appointed IG for NSA? ⏎ Dept of “Justice” [background] important? ⏎ Federal prosecutor in N. District of NY [background] important? ⏎ CHAIRMAN OF THE COUNCIL OF THE INSPECTOR GENERALS ON INTEGRITY AND EFFICIENCY [BACKGROUND] IMPORTANT? ⏎ “Prior to joining NSA, Mr. Storch served in several posit"
2211,namedEntities,Huber,,0,"How about a nice game of chess? ⏎ IG Horowitz (“Justice” Dept) speech – ‘whistleblowers’ ⏎ https://oig.justice.gov/about/meet-ig.htm ⏎ CHAIRMAN OF THE COUNCIL OF THE INSPECTOR GENERALS ON INTEGRITY AND EFFICIENCY? ⏎ “Since 2015, he has simultaneously served as the Chair of the Council of the Inspectors General on Integrity and Efficiency (CIGIE), an organization comprised of all 73 federal Inspectors General.” ⏎ Think yesterday.  ⏎ What was learned? ⏎ Robert Storch confirmed NSA IG? ⏎ https://www.nsa.gov/news-features/press-room/press-releases/2017/robert-storch-nsa-ig.shtml ⏎ First presidentially-appointed IG for NSA? ⏎ Dept of “Justice” [background] important? ⏎ Federal prosecutor in N. District of NY [background] important? ⏎ CHAIRMAN OF THE COUNCIL OF THE INSPECTOR GENERALS ON INTEGRITY AND EFFICIENCY [BACKGROUND] IMPORTANT? ⏎ “Prior to joining NSA, Mr. Storch served in several posit"
2211,namedEntities,Huber,,0,"How about a nice game of chess? ⏎ IG Horowitz (“Justice” Dept) speech – ‘whistleblowers’ ⏎ https://oig.justice.gov/about/meet-ig.htm ⏎ CHAIRMAN OF THE COUNCIL OF THE INSPECTOR GENERALS ON INTEGRITY AND EFFICIENCY? ⏎ “Since 2015, he has simultaneously served as the Chair of the Council of the Inspectors General on Integrity and Efficiency (CIGIE), an organization comprised of all 73 federal Inspectors General.” ⏎ Think yesterday.  ⏎ What was learned? ⏎ Robert Storch confirmed NSA IG? ⏎ https://www.nsa.gov/news-features/press-room/press-releases/2017/robert-storch-nsa-ig.shtml ⏎ First presidentially-appointed IG for NSA? ⏎ Dept of “Justice” [background] important? ⏎ Federal prosecutor in N. District of NY [background] important? ⏎ CHAIRMAN OF THE COUNCIL OF THE INSPECTOR GENERALS ON INTEGRITY AND EFFICIENCY [BACKGROUND] IMPORTANT? ⏎ “Prior to joining NSA, Mr. Storch served in several posit"
2211,namedEntities,Huber,,0,"How about a nice game of chess? ⏎ IG Horowitz (“Justice” Dept) speech – ‘whistleblowers’ ⏎ https://oig.justice.gov/about/meet-ig.htm ⏎ CHAIRMAN OF THE COUNCIL OF THE INSPECTOR GENERALS ON INTEGRITY AND EFFICIENCY? ⏎ “Since 2015, he has simultaneously served as the Chair of the Council of the Inspectors General on Integrity and Efficiency (CIGIE), an organization comprised of all 73 federal Inspectors General.” ⏎ Think yesterday.  ⏎ What was learned? ⏎ Robert Storch confirmed NSA IG? ⏎ https://www.nsa.gov/news-features/press-room/press-releases/2017/robert-storch-nsa-ig.shtml ⏎ First presidentially-appointed IG for NSA? ⏎ Dept of “Justice” [background] important? ⏎ Federal prosecutor in N. District of NY [background] important? ⏎ CHAIRMAN OF THE COUNCIL OF THE INSPECTOR GENERALS ON INTEGRITY AND EFFICIENCY [BACKGROUND] IMPORTANT? ⏎ “Prior to joining NSA, Mr. Storch served in several posit"
2211,namedEntities,Huber,,0,"How about a nice game of chess? ⏎ IG Horowitz (“Justice” Dept) speech – ‘whistleblowers’ ⏎ https://oig.justice.gov/about/meet-ig.htm ⏎ CHAIRMAN OF THE COUNCIL OF THE INSPECTOR GENERALS ON INTEGRITY AND EFFICIENCY? ⏎ “Since 2015, he has simultaneously served as the Chair of the Council of the Inspectors General on Integrity and Efficiency (CIGIE), an organization comprised of all 73 federal Inspectors General.” ⏎ Think yesterday.  ⏎ What was learned? ⏎ Robert Storch confirmed NSA IG? ⏎ https://www.nsa.gov/news-features/press-room/press-releases/2017/robert-storch-nsa-ig.shtml ⏎ First presidentially-appointed IG for NSA? ⏎ Dept of “Justice” [background] important? ⏎ Federal prosecutor in N. District of NY [background] important? ⏎ CHAIRMAN OF THE COUNCIL OF THE INSPECTOR GENERALS ON INTEGRITY AND EFFICIENCY [BACKGROUND] IMPORTANT? ⏎ “Prior to joining NSA, Mr. Storch served in several posit"
2211,namedEntities,Huber,,0,"How about a nice game of chess? ⏎ IG Horowitz (“Justice” Dept) speech – ‘whistleblowers’ ⏎ https://oig.justice.gov/about/meet-ig.htm ⏎ CHAIRMAN OF THE COUNCIL OF THE INSPECTOR GENERALS ON INTEGRITY AND EFFICIENCY? ⏎ “Since 2015, he has simultaneously served as the Chair of the Council of the Inspectors General on Integrity and Efficiency (CIGIE), an organization comprised of all 73 federal Inspectors General.” ⏎ Think yesterday.  ⏎ What was learned? ⏎ Robert Storch confirmed NSA IG? ⏎ https://www.nsa.gov/news-features/press-room/press-releases/2017/robert-storch-nsa-ig.shtml ⏎ First presidentially-appointed IG for NSA? ⏎ Dept of “Justice” [background] important? ⏎ Federal prosecutor in N. District of NY [background] important? ⏎ CHAIRMAN OF THE COUNCIL OF THE INSPECTOR GENERALS ON INTEGRITY AND EFFICIENCY [BACKGROUND] IMPORTANT? ⏎ “Prior to joining NSA, Mr. Storch served in several posit"
2211,namedEntities,Speaker of the House,Speaker of the House,1,"How about a nice game of chess? ⏎ IG Horowitz (“Justice” Dept) speech – ‘whistleblowers’ ⏎ https://oig.justice.gov/about/meet-ig.htm ⏎ CHAIRMAN OF THE COUNCIL OF THE INSPECTOR GENERALS ON INTEGRITY AND EFFICIENCY? ⏎ “Since 2015, he has simultaneously served as the Chair of the Council of the Inspectors General on Integrity and Efficiency (CIGIE), an organization comprised of all 73 federal Inspectors General.” ⏎ Think yesterday.  ⏎ What was learned? ⏎ Robert Storch confirmed NSA IG? ⏎ https://www.nsa.gov/news-features/press-room/press-releases/2017/robert-storch-nsa-ig.shtml ⏎ First presidentially-appointed IG for NSA? ⏎ Dept of “Justice” [background] important? ⏎ Federal prosecutor in N. District of NY [background] important? ⏎ CHAIRMAN OF THE COUNCIL OF THE INSPECTOR GENERALS ON INTEGRITY AND EFFICIENCY [BACKGROUND] IMPORTANT? ⏎ “Prior to joining NSA, Mr. Storch served in several posit"
2248,namedEntities,Nunes,,0,"Ask yourself, how would 'FOREIGN' Allies' KNOW what is within a US TOP SECRET FISA warrant? ⏎ ""NO INTELLIGENCE SHARED THROUGH THAT 'OFFICIAL CHANNEL' [FVEY]"" - NUNES ⏎ Ask yourself, why are [2] 'KEY' Allies' VERY CONCERNED re: DECLAS & RELEASE? ⏎ YOU HAVE MORE THAN YOU KNOW. ⏎ UK/AUS [PRIMARY] ⏎ RATS RUNNING? ⏎ THE WORLD WILL KNOW. ⏎ ANONS KNEW. ⏎ JUST ANOTHER COINCIDENCE? ⏎ NOTHING TO SEE HERE. ⏎ Q ⏎ "
2261,namedEntities,Hussein,,0,PANIC IN DC ⏎ [LL] talking = TRUTH reveal TARMAC [BC]? ⏎ [LL] talking = TRUTH reveal COMEY HRC EMAIL CASE? ⏎ [LL] talking = TRUTH reveal HUSSEIN instructions re: HRC EMAIL CASE? ⏎ [LL] talking = TRUTH reveal BRENNAN NO NAME COORD TO FRAME POTUS? ⏎ …………….. ⏎ FISA = START ⏎ FISA BRINGS DOWN THE HOUSE. ⏎ WHEN DO BIRDS SING? ⏎ Q ⏎ 
2261,namedEntities,Brennan,,0,PANIC IN DC ⏎ [LL] talking = TRUTH reveal TARMAC [BC]? ⏎ [LL] talking = TRUTH reveal COMEY HRC EMAIL CASE? ⏎ [LL] talking = TRUTH reveal HUSSEIN instructions re: HRC EMAIL CASE? ⏎ [LL] talking = TRUTH reveal BRENNAN NO NAME COORD TO FRAME POTUS? ⏎ …………….. ⏎ FISA = START ⏎ FISA BRINGS DOWN THE HOUSE. ⏎ WHEN DO BIRDS SING? ⏎ Q ⏎ 
2261,namedEntities,Comey,,0,PANIC IN DC ⏎ [LL] talking = TRUTH reveal TARMAC [BC]? ⏎ [LL] talking = TRUTH reveal COMEY HRC EMAIL CASE? ⏎ [LL] talking = TRUTH reveal HUSSEIN instructions re: HRC EMAIL CASE? ⏎ [LL] talking = TRUTH reveal BRENNAN NO NAME COORD TO FRAME POTUS? ⏎ …………….. ⏎ FISA = START ⏎ FISA BRINGS DOWN THE HOUSE. ⏎ WHEN DO BIRDS SING? ⏎ Q ⏎ 
2273,namedEntities,Mueller,,0,>>281 ⏎ DECLAS of FISA = [RR] self-incrimination. ⏎ [RR] in charge of DECLAS. ⏎ Due to massive CONFLICT OF INTEREST IG HOROWITZ was TASKED to final review [speed]. ⏎ [PREVENT LEFT 'ENDANGER' SOURCES & METHODS + MUELLER INTERFERENCE NARRATIVE] ⏎ IT WILL ALL COME OUT. ⏎ POTUS will not be BAITED TO FIRE when the release itself will FORCE RESIGNATION/TERMINATION [RR]. ⏎ UK/AUS (+ OTHERS) MUST LEARN THE TRUE DEFINITION OF 'ALLY'. ⏎ [RR] PREVENTED [FORCE] FROM SIGNING NEW FISA's. ⏎ ALL SIGNERS ARE CURRENTLY UNDER GJ INVESTIGATION. ⏎ MCCABE MEMOS [NYT [RR] ARTICLE][PROVE] THE RATS ARE PANICKING. ⏎ 2018 WILL BE GLORIOUS.  ⏎ PREPARE FOR 'SKY IS FALLING' WEEK. ⏎ Q ⏎ 
2273,namedEntities,McCabe,,0,>>281 ⏎ DECLAS of FISA = [RR] self-incrimination. ⏎ [RR] in charge of DECLAS. ⏎ Due to massive CONFLICT OF INTEREST IG HOROWITZ was TASKED to final review [speed]. ⏎ [PREVENT LEFT 'ENDANGER' SOURCES & METHODS + MUELLER INTERFERENCE NARRATIVE] ⏎ IT WILL ALL COME OUT. ⏎ POTUS will not be BAITED TO FIRE when the release itself will FORCE RESIGNATION/TERMINATION [RR]. ⏎ UK/AUS (+ OTHERS) MUST LEARN THE TRUE DEFINITION OF 'ALLY'. ⏎ [RR] PREVENTED [FORCE] FROM SIGNING NEW FISA's. ⏎ ALL SIGNERS ARE CURRENTLY UNDER GJ INVESTIGATION. ⏎ MCCABE MEMOS [NYT [RR] ARTICLE][PROVE] THE RATS ARE PANICKING. ⏎ 2018 WILL BE GLORIOUS.  ⏎ PREPARE FOR 'SKY IS FALLING' WEEK. ⏎ Q ⏎ 
2274,namedEntities,Grassley,Grassley,1,TRUST GRASSLEY. ⏎ Q ⏎ 
2275,namedEntities,Hussein,,0,>>293 ⏎ Did the IG recommend [RR] step down or be fired [speed]? ⏎ Why was Rachel Brand removed? ⏎ HUSSEIN + MO actively campaigning for the midterm elections?  ⏎ Normal? ⏎ PANIC. ⏎ D5. ⏎ Q ⏎ 
2277,namedEntities,Feinstein,Feinstein,1,FEINSTEIN. ⏎ Q ⏎ 
2281,namedEntities,Feinstein,Feinstein,1,[FEINSTEIN] THREAT TO MURKOWSKI? ⏎ EVIL BE GONE. ⏎ Q ⏎ 
2281,namedEntities,Murkowski,Murkowski,1,[FEINSTEIN] THREAT TO MURKOWSKI? ⏎ EVIL BE GONE. ⏎ Q ⏎ 
2326,namedEntities,Baker,Baker,1,>>324 ⏎ https://www.foxnews.com/politics/top-fbi-lawyer-baker-offers-explosive-testimony-on-abnormal-handling-of-russia-probe-into-trump-campaign-lawmakers ⏎ Read carefully. ⏎ Sessions tomorrow [doc related] ⏎ Justice K confirmation [weekend] ⏎ [RR] next week [probe-not update] ⏎ Follow the pattern. ⏎ >>>RED OCTOBER<<< ⏎ Q ⏎ 
2335,namedEntities,People's Liberation Army,People's Liberation Army,1,"https://www.bloomberg.com/news/features/2018-10-04/the-big-hack-how-china-used-a-tiny-chip-to-infiltrate-america-s-top-companies ⏎ ""Elemental’s servers could be found in Department of Defense data centers, the CIA’s drone operations, and the onboard networks of Navy warships."" ⏎ ""Multiple people familiar with the matter say investigators found that the chips had been inserted at factories run by manufacturing subcontractors in China."" ⏎ ""One official says investigators found that it eventually affected almost 30 companies, including a major bank, government contractors, and the world’s most valuable company, Apple Inc."" ⏎ ""One country in particular has an advantage executing this kind of attack: China, which by some estimates makes 75 percent of the world’s mobile phones and 90 percent of its PCs."" ⏎ ""But that’s just what U.S. investigators found: The chips had been inserted during the m"
2345,namedEntities,Feinstein,Feinstein,1,[Picture Repost] ⏎ A picture is worth a thousand words. ⏎ See EVIL in the face of FEINSTEIN? ⏎ See FEAR & EMOTION in the face of MURKOWSKI? ⏎ A phone was present. ⏎ Q ⏎ 
2345,namedEntities,Murkowski,Murkowski,1,[Picture Repost] ⏎ A picture is worth a thousand words. ⏎ See EVIL in the face of FEINSTEIN? ⏎ See FEAR & EMOTION in the face of MURKOWSKI? ⏎ A phone was present. ⏎ Q ⏎ 
2353,namedEntities,Democrat Party,Democrat Party,1,"WELCOME TO THE DEMOCRAT PARTY. ⏎ The Party of threats, violence, intimidation, name-calling, racism, fascism, division, ….. ⏎ #WALKAWAY ⏎ #VOTEREPUBLICAN ⏎ Q ⏎ "
2356,namedEntities,Justice K,Justice K,1,">>298 ⏎ A GREAT DAY FOR THE RULE OF LAW. ⏎ CONGRATULATIONS, JUSTICE K! ⏎ THERE IS MUCH WORK TO BE DONE. ⏎ TODAY, THE REPUBLIC, TOOK BACK CONTROL. ⏎ Q+ ⏎ "
236,namedEntities,Huma,,0,Focus on Hussein. ⏎ Revelations coming very very soon. ⏎ HUMA - SA - Hussein. ⏎ HLR (first). ⏎ Civil rights attorney. ⏎ 13th District - Sen. ⏎ DNC. ⏎ Hussein v HRC v McCain. ⏎ Why is this relevant? ⏎ Follow the money pre-pres. ⏎ Follow the connections pre-pres. ⏎ Why does Hussein travel ahead of POTUS? ⏎ Why did Hussein travel behind POTUS?  ⏎ Think Asia. ⏎ Think NK. ⏎ What was told re: NK during the past 8 years? ⏎ What dramatic shift occurred re: NK post election of POTUS? ⏎ Reconcile. ⏎ Define hostage. ⏎ The Sum of all Fears.  ⏎ Why are sexual harassment claims all appearing suddenly?  ⏎ Coincidence?  ⏎ What is a pill? ⏎ When is it hard to swallow?  ⏎ How do you remove your enemies from positions of influence and authority?  ⏎ Define stages.  ⏎ Define puppets. ⏎ Define puppet handlers.  ⏎ Define proxy war. ⏎ Define proxy war.  ⏎ Define proxy war. ⏎ Expand your thinking. ⏎ Why is Justi
2361,namedEntities,D party,,0,UNPLUG FROM FAKE NEWS [FALSE REALITY] ⏎ [PROPAGANDA ARM OF D PARTY] ⏎ THINK for yourself. ⏎ RESEARCH for yourself. ⏎ TRUST yourself. ⏎ FIND THE TRUTH. ⏎ DON'T BE A PAWN IN THEIR SICK GAME. ⏎ Q ⏎ 
2378,namedEntities,America,,0,">>297 ⏎ No. 297 - where was this picture taken? ⏎ Hanging of flags traditional/occurs in this part of the country for what holiday? ⏎ https://www.bloomberg.com/news/articles/2018-10-09/new-evidence-of-hacked-supermicro-hardware-found-in-u-s-telecom ⏎ ""Western intelligence contacts that the device was made at a Supermicro subcontractor factory in Guangzhou, a port city in southeastern China. Guangzhou is 90 miles upstream from Shenzhen, dubbed the `Silicon Valley of Hardware,’"" ⏎ What state does [Feinstein] represent?  ⏎ https://www.washingtonpost.com/opinions/explain-the-chinese-spy-sen-feinstein/2018/08/09/0560ca60-9bfd-11e8-b60b-1c897f17e185_story.html?noredirect=on&utm_term=.f0be11930e64 ⏎ GOOG & CHINA ⏎ https://theintercept.com/2018/10/09/google-china-censored-search-engine/ ⏎ Dragonfly ⏎ Look HERE [RUSSIA] ⏎ DO NOT LOOK HERE [CHINA] ⏎ https://www.youtube.com/watch?v=aeVrMniBjSc ⏎ Wo"
2381,namedEntities,Sessions,,0,"Statement release 10.9.18 [p_AUTHORITY1] ⏎ General Statement: ⏎ We understand that there is extreme fatigue and frustration re: the wheels of justice [slow].  ⏎ Exclude emotion and personal desire, instead use logic and critical thinking based on situational awareness [undo a lifetime of evil & corruption [infestation] in the span of less than 2 years w/ a corrupt DOJ & FBI in place?]. ⏎ [Process & Planning – Law and Order] ⏎ [Military OP] ⏎ How can you make arrests [non military] prior to first fully cleaning out corrupt elements [at the top] of those departments [FBI][DOJ] that oversee ‘investigation & prosecution’ in the United States [they [themselves] are the very ones engaged in the illegal treasonous acts]? ⏎ James Comey, Director – FIRED ⏎ Andrew McCabe, Deputy Director - FIRED ⏎ Jim Rybicki, Chief of Staff and Senior Counselor – FIRED ⏎ James Baker, General Counsel – FIRED ⏎ Bil"
2381,namedEntities,Sessions,,0,"Statement release 10.9.18 [p_AUTHORITY1] ⏎ General Statement: ⏎ We understand that there is extreme fatigue and frustration re: the wheels of justice [slow].  ⏎ Exclude emotion and personal desire, instead use logic and critical thinking based on situational awareness [undo a lifetime of evil & corruption [infestation] in the span of less than 2 years w/ a corrupt DOJ & FBI in place?]. ⏎ [Process & Planning – Law and Order] ⏎ [Military OP] ⏎ How can you make arrests [non military] prior to first fully cleaning out corrupt elements [at the top] of those departments [FBI][DOJ] that oversee ‘investigation & prosecution’ in the United States [they [themselves] are the very ones engaged in the illegal treasonous acts]? ⏎ James Comey, Director – FIRED ⏎ Andrew McCabe, Deputy Director - FIRED ⏎ Jim Rybicki, Chief of Staff and Senior Counselor – FIRED ⏎ James Baker, General Counsel – FIRED ⏎ Bil"
2381,namedEntities,Senate,,0,"Statement release 10.9.18 [p_AUTHORITY1] ⏎ General Statement: ⏎ We understand that there is extreme fatigue and frustration re: the wheels of justice [slow].  ⏎ Exclude emotion and personal desire, instead use logic and critical thinking based on situational awareness [undo a lifetime of evil & corruption [infestation] in the span of less than 2 years w/ a corrupt DOJ & FBI in place?]. ⏎ [Process & Planning – Law and Order] ⏎ [Military OP] ⏎ How can you make arrests [non military] prior to first fully cleaning out corrupt elements [at the top] of those departments [FBI][DOJ] that oversee ‘investigation & prosecution’ in the United States [they [themselves] are the very ones engaged in the illegal treasonous acts]? ⏎ James Comey, Director – FIRED ⏎ Andrew McCabe, Deputy Director - FIRED ⏎ Jim Rybicki, Chief of Staff and Senior Counselor – FIRED ⏎ James Baker, General Counsel – FIRED ⏎ Bil"
2381,namedEntities,Senate,,0,"Statement release 10.9.18 [p_AUTHORITY1] ⏎ General Statement: ⏎ We understand that there is extreme fatigue and frustration re: the wheels of justice [slow].  ⏎ Exclude emotion and personal desire, instead use logic and critical thinking based on situational awareness [undo a lifetime of evil & corruption [infestation] in the span of less than 2 years w/ a corrupt DOJ & FBI in place?]. ⏎ [Process & Planning – Law and Order] ⏎ [Military OP] ⏎ How can you make arrests [non military] prior to first fully cleaning out corrupt elements [at the top] of those departments [FBI][DOJ] that oversee ‘investigation & prosecution’ in the United States [they [themselves] are the very ones engaged in the illegal treasonous acts]? ⏎ James Comey, Director – FIRED ⏎ Andrew McCabe, Deputy Director - FIRED ⏎ Jim Rybicki, Chief of Staff and Senior Counselor – FIRED ⏎ James Baker, General Counsel – FIRED ⏎ Bil"
2390,namedEntities,House of Cards,House of Cards,1,There is TRUTH in MEMES. ⏎ TRUTH that DESTROYS the FAKE NEWS narrative.  ⏎ HOUSE OF CARDS. ⏎ Q ⏎ 
2396,namedEntities,Putin,,0,POTUS meeting PUTIN on 11.11 ⏎ Now what are the odds of that? ⏎ Q ⏎ 
2397,namedEntities,Sessions,,0,"Keep your eye on the ball. ⏎ Midterms & Memes. ⏎ [                                             ] ⏎ Remember, POTUS already ordered the DECLAS. ⏎ -[RR] pushed back hard ⏎ -OIG tasked to review [determine 'sensitive info'] ⏎ -OIG works w/ HUBER (important to remember) ⏎ -HUBER reports 'directly' to SESSIONS (important to remember) ⏎ Was the DECLAS already cleared for release? ⏎ Was the gambit played by [RR] to stall & delay post election banking on [D's win House]? ⏎ POTUS AF1 [RR] > An enemy who feels safe [& in control] is an enemy who….. ⏎ POTUS AF1 [RR] > Mueller END ⏎ [Important to remember] ⏎ How do you navigate around installed BLOCKADE? ⏎ [MUELLER] designed to take-in evidence needed to ‘expose’ DS [DOJ block re: Mueller ‘evidence’ ongoing investigation]. ⏎ [MUELLER] designed to limit POTUS’ ability to maneuver. ⏎ [MUELLER] designed to ‘stall-for-time’ until MIDTERM ELECTIONS to TE"
2397,namedEntities,Senate,,0,"Keep your eye on the ball. ⏎ Midterms & Memes. ⏎ [                                             ] ⏎ Remember, POTUS already ordered the DECLAS. ⏎ -[RR] pushed back hard ⏎ -OIG tasked to review [determine 'sensitive info'] ⏎ -OIG works w/ HUBER (important to remember) ⏎ -HUBER reports 'directly' to SESSIONS (important to remember) ⏎ Was the DECLAS already cleared for release? ⏎ Was the gambit played by [RR] to stall & delay post election banking on [D's win House]? ⏎ POTUS AF1 [RR] > An enemy who feels safe [& in control] is an enemy who….. ⏎ POTUS AF1 [RR] > Mueller END ⏎ [Important to remember] ⏎ How do you navigate around installed BLOCKADE? ⏎ [MUELLER] designed to take-in evidence needed to ‘expose’ DS [DOJ block re: Mueller ‘evidence’ ongoing investigation]. ⏎ [MUELLER] designed to limit POTUS’ ability to maneuver. ⏎ [MUELLER] designed to ‘stall-for-time’ until MIDTERM ELECTIONS to TE"
2397,namedEntities,Huber,,0,"Keep your eye on the ball. ⏎ Midterms & Memes. ⏎ [                                             ] ⏎ Remember, POTUS already ordered the DECLAS. ⏎ -[RR] pushed back hard ⏎ -OIG tasked to review [determine 'sensitive info'] ⏎ -OIG works w/ HUBER (important to remember) ⏎ -HUBER reports 'directly' to SESSIONS (important to remember) ⏎ Was the DECLAS already cleared for release? ⏎ Was the gambit played by [RR] to stall & delay post election banking on [D's win House]? ⏎ POTUS AF1 [RR] > An enemy who feels safe [& in control] is an enemy who….. ⏎ POTUS AF1 [RR] > Mueller END ⏎ [Important to remember] ⏎ How do you navigate around installed BLOCKADE? ⏎ [MUELLER] designed to take-in evidence needed to ‘expose’ DS [DOJ block re: Mueller ‘evidence’ ongoing investigation]. ⏎ [MUELLER] designed to limit POTUS’ ability to maneuver. ⏎ [MUELLER] designed to ‘stall-for-time’ until MIDTERM ELECTIONS to TE"
2397,namedEntities,Huber,,0,"Keep your eye on the ball. ⏎ Midterms & Memes. ⏎ [                                             ] ⏎ Remember, POTUS already ordered the DECLAS. ⏎ -[RR] pushed back hard ⏎ -OIG tasked to review [determine 'sensitive info'] ⏎ -OIG works w/ HUBER (important to remember) ⏎ -HUBER reports 'directly' to SESSIONS (important to remember) ⏎ Was the DECLAS already cleared for release? ⏎ Was the gambit played by [RR] to stall & delay post election banking on [D's win House]? ⏎ POTUS AF1 [RR] > An enemy who feels safe [& in control] is an enemy who….. ⏎ POTUS AF1 [RR] > Mueller END ⏎ [Important to remember] ⏎ How do you navigate around installed BLOCKADE? ⏎ [MUELLER] designed to take-in evidence needed to ‘expose’ DS [DOJ block re: Mueller ‘evidence’ ongoing investigation]. ⏎ [MUELLER] designed to limit POTUS’ ability to maneuver. ⏎ [MUELLER] designed to ‘stall-for-time’ until MIDTERM ELECTIONS to TE"
2401,namedEntities,Amazon,Amazon,1,"https://www.washingtonpost.com/amphtml/entertainment/museums/art-can-help-distinguish-between-conspiracy-and-reality-and-this-exhibition-proves-it/2018/11/03/e548a8f0-ded3-11e8-b3f0-62607289efee_story.html ⏎ When you can't discredit this movement using logic and facts, you resort to comparing it to ART? ⏎ How many articles has the WASH POST released attacking the 'Q' movement?  ⏎ Why is the WASH POST dedicated to attacking this movement? ⏎ WASH POST owned by AMAZON? ⏎ ABC's & AMAZON ⏎ https://www.theatlantic.com/technology/archive/2014/07/the-details-about-the-cias-deal-with-amazon/374632/ ⏎ If we aren't a threat, or real, or simply just a conspiracy theory, why the [constant] heavy attacks? ⏎ https://www.youtube.com/watch?v=vTGkcTWCaio ⏎ [Information Warfare][IW] ⏎ [Destroy the Controlled Narrative] ⏎ POWER BELONGS WITH THE PEOPLE. ⏎ WWG1WGA!!! ⏎ (((Q+))) ⏎ Q ⏎ "
2436,namedEntities,America,,0,"The entire world is watching. ⏎ Patriots from around the world are praying for AMERICA. ⏎ We are all bound by a feeling deep inside, a feeling that cannot be publicly expressed for fear of ridicule, a feeling that challenges the mainstream (narrative), against that which we are told to accept and dare not question, put simply, that people are being abused by those in power and time is running out.  ⏎ Remember the battles of Lexington and Concord - ""Give Me Liberty or Give Me Death!"" ⏎ For far too long we have been silent and allowed our bands of strength, that we once formed to defend FREEDOM and LIBERTY, to deteriorate.  ⏎ We became divided. ⏎ We became weak. ⏎ We elected TRAITORS to govern us. ⏎ We allowed EVIL to prey on us. ⏎ Those who claimed to represent us gave us false hope, made false promises. ⏎ The evil and corruption only grew. ⏎ —————————— ⏎ This is more than party politics."
2436,namedEntities,America,,0,"The entire world is watching. ⏎ Patriots from around the world are praying for AMERICA. ⏎ We are all bound by a feeling deep inside, a feeling that cannot be publicly expressed for fear of ridicule, a feeling that challenges the mainstream (narrative), against that which we are told to accept and dare not question, put simply, that people are being abused by those in power and time is running out.  ⏎ Remember the battles of Lexington and Concord - ""Give Me Liberty or Give Me Death!"" ⏎ For far too long we have been silent and allowed our bands of strength, that we once formed to defend FREEDOM and LIBERTY, to deteriorate.  ⏎ We became divided. ⏎ We became weak. ⏎ We elected TRAITORS to govern us. ⏎ We allowed EVIL to prey on us. ⏎ Those who claimed to represent us gave us false hope, made false promises. ⏎ The evil and corruption only grew. ⏎ —————————— ⏎ This is more than party politics."
2436,namedEntities,America,,0,"The entire world is watching. ⏎ Patriots from around the world are praying for AMERICA. ⏎ We are all bound by a feeling deep inside, a feeling that cannot be publicly expressed for fear of ridicule, a feeling that challenges the mainstream (narrative), against that which we are told to accept and dare not question, put simply, that people are being abused by those in power and time is running out.  ⏎ Remember the battles of Lexington and Concord - ""Give Me Liberty or Give Me Death!"" ⏎ For far too long we have been silent and allowed our bands of strength, that we once formed to defend FREEDOM and LIBERTY, to deteriorate.  ⏎ We became divided. ⏎ We became weak. ⏎ We elected TRAITORS to govern us. ⏎ We allowed EVIL to prey on us. ⏎ Those who claimed to represent us gave us false hope, made false promises. ⏎ The evil and corruption only grew. ⏎ —————————— ⏎ This is more than party politics."
2436,namedEntities,America,,0,"The entire world is watching. ⏎ Patriots from around the world are praying for AMERICA. ⏎ We are all bound by a feeling deep inside, a feeling that cannot be publicly expressed for fear of ridicule, a feeling that challenges the mainstream (narrative), against that which we are told to accept and dare not question, put simply, that people are being abused by those in power and time is running out.  ⏎ Remember the battles of Lexington and Concord - ""Give Me Liberty or Give Me Death!"" ⏎ For far too long we have been silent and allowed our bands of strength, that we once formed to defend FREEDOM and LIBERTY, to deteriorate.  ⏎ We became divided. ⏎ We became weak. ⏎ We elected TRAITORS to govern us. ⏎ We allowed EVIL to prey on us. ⏎ Those who claimed to represent us gave us false hope, made false promises. ⏎ The evil and corruption only grew. ⏎ —————————— ⏎ This is more than party politics."
2440,namedEntities,United States of America,,0,"https://www.youtube.com/watch?v=LmnlwR2IAuU ⏎ BE PROUD, PATRIOTS. ⏎ TODAY, LIKE IN 2016, YOU ARE, IN ONE UNITED VOICE, RISING UP TO DEFEND THIS GREAT NATION. ⏎ TODAY, LIKE IN 2016, YOU ARE, IN ONE UNITED VOICE, PROTECTING THE FREEDOMS IN WHICH SO MANY HAVE DIED TO PROVIDE. ⏎ TODAY, LIKE IN 2016, YOU ARE, IN ONE UNITED VOICE, MAKING AMERICA GREAT AGAIN. ⏎ WE STAND TOGETHER. ⏎ WE STAND UNITED. ⏎ WE STAND FOR OUR FLAG. ⏎ WE STAND FOR GOOD. ⏎ WE STAND FOR WHAT IS RIGHT. ⏎ WE STAND FOR COMPASSION. ⏎ WE STAND FOR FREEDOM. ⏎ WE STAND FOR PEACE. ⏎ WE STAND FOR LIBERTY. ⏎ WE STAND FOR JUSTICE. ⏎ WE STAND FOR EQUALITY. ⏎ WE STAND FOR PROSPERITY FOR ALL. ⏎ WE STAND FOR RELIGIOUS FREEDOM. ⏎ WE STAND FOR HUMAN RIGHTS. ⏎ WE STAND FOR LIFE. ⏎ WE STAND FOR EACH OTHER. ⏎ WE STAND FOR FRIENDSHIP. ⏎ WE STAND FOR LOVE. ⏎ WE STAND FOR ………. ⏎ WE STAND FOR THE UNITED STATES OF AMERICA! ⏎ ARE YOU PROUD TO BE AN"
2440,namedEntities,America,,0,"https://www.youtube.com/watch?v=LmnlwR2IAuU ⏎ BE PROUD, PATRIOTS. ⏎ TODAY, LIKE IN 2016, YOU ARE, IN ONE UNITED VOICE, RISING UP TO DEFEND THIS GREAT NATION. ⏎ TODAY, LIKE IN 2016, YOU ARE, IN ONE UNITED VOICE, PROTECTING THE FREEDOMS IN WHICH SO MANY HAVE DIED TO PROVIDE. ⏎ TODAY, LIKE IN 2016, YOU ARE, IN ONE UNITED VOICE, MAKING AMERICA GREAT AGAIN. ⏎ WE STAND TOGETHER. ⏎ WE STAND UNITED. ⏎ WE STAND FOR OUR FLAG. ⏎ WE STAND FOR GOOD. ⏎ WE STAND FOR WHAT IS RIGHT. ⏎ WE STAND FOR COMPASSION. ⏎ WE STAND FOR FREEDOM. ⏎ WE STAND FOR PEACE. ⏎ WE STAND FOR LIBERTY. ⏎ WE STAND FOR JUSTICE. ⏎ WE STAND FOR EQUALITY. ⏎ WE STAND FOR PROSPERITY FOR ALL. ⏎ WE STAND FOR RELIGIOUS FREEDOM. ⏎ WE STAND FOR HUMAN RIGHTS. ⏎ WE STAND FOR LIFE. ⏎ WE STAND FOR EACH OTHER. ⏎ WE STAND FOR FRIENDSHIP. ⏎ WE STAND FOR LOVE. ⏎ WE STAND FOR ………. ⏎ WE STAND FOR THE UNITED STATES OF AMERICA! ⏎ ARE YOU PROUD TO BE AN"
2440,namedEntities,America,,0,"https://www.youtube.com/watch?v=LmnlwR2IAuU ⏎ BE PROUD, PATRIOTS. ⏎ TODAY, LIKE IN 2016, YOU ARE, IN ONE UNITED VOICE, RISING UP TO DEFEND THIS GREAT NATION. ⏎ TODAY, LIKE IN 2016, YOU ARE, IN ONE UNITED VOICE, PROTECTING THE FREEDOMS IN WHICH SO MANY HAVE DIED TO PROVIDE. ⏎ TODAY, LIKE IN 2016, YOU ARE, IN ONE UNITED VOICE, MAKING AMERICA GREAT AGAIN. ⏎ WE STAND TOGETHER. ⏎ WE STAND UNITED. ⏎ WE STAND FOR OUR FLAG. ⏎ WE STAND FOR GOOD. ⏎ WE STAND FOR WHAT IS RIGHT. ⏎ WE STAND FOR COMPASSION. ⏎ WE STAND FOR FREEDOM. ⏎ WE STAND FOR PEACE. ⏎ WE STAND FOR LIBERTY. ⏎ WE STAND FOR JUSTICE. ⏎ WE STAND FOR EQUALITY. ⏎ WE STAND FOR PROSPERITY FOR ALL. ⏎ WE STAND FOR RELIGIOUS FREEDOM. ⏎ WE STAND FOR HUMAN RIGHTS. ⏎ WE STAND FOR LIFE. ⏎ WE STAND FOR EACH OTHER. ⏎ WE STAND FOR FRIENDSHIP. ⏎ WE STAND FOR LOVE. ⏎ WE STAND FOR ………. ⏎ WE STAND FOR THE UNITED STATES OF AMERICA! ⏎ ARE YOU PROUD TO BE AN"
2445,namedEntities,Grassley,Grassley,1,Do you believe in coincidences? ⏎ Which (2) House members ran the investigations re: DOJ/FBI etc.? ⏎ https://judiciary.house.gov/press-release/goodlatte-gowdy-reach-agreement-with-the-department-of-justice/ ⏎ Gowdy resignation. ⏎ What role did he play re: House investigations? ⏎ House Oversight and Government Reform Committee Chairman ⏎ Goodlatte resignation. ⏎ What role did he play re: House investigations? ⏎ House Judiciary Chairman ⏎ House >>> Senate ⏎ House >>> Senate ⏎ House >>> Senate ⏎ TRUST GRASSLEY  ⏎ Senate Judiciary Chairman ⏎ [House of Cards] ⏎ Military planning at its finest.  ⏎ Q ⏎ 
2453,namedEntities,Senate,,0,">>428 ⏎ https://twitter.com/realDonaldTrump/status/1060256623439110146 ⏎ While we cannot telegraph everything, for reasons all can understand, we do try in our own way to inform loyal Anons & Patriots. ⏎ What are the odds ""thank you for your service"" was posted less than 1 hour prior to POTUS re: Sessions ""thank you for your service?"" ⏎ Do you believe in coincidences? ⏎ How many coincidences before mathematically impossible?  ⏎ THE SENATE WAS THE KEY. ⏎ Enjoy the show! ⏎ Q ⏎ "
2462,namedEntities,D party,,0,"Logical thinking required. ⏎ A)	How can arrests occur prior to removing the corruption from the DOJ & FBI? ⏎ B)	How can arrests occur prior to safely securing a majority in the SUPREME COURT [CONSTITUTION - RULE OF LAW] ⏎ C)	What is the role of the SENATE? ⏎ >Role of GOODLATTE? ⏎ >Role of GOWDY? ⏎ >Role of SESSIONS? ⏎ >GOODLATTE, GOWDY, and SESSIONS *ALL* RESIGNED ⏎ >GOODLATTE, GOWDY, and SESSIONS *ALL* RESIGNED. ⏎ >Who did SESSIONS appoint in NOV 2017? ⏎ https://www.foxnews.com/politics/sessions-federal-prosecutor-evaluating-alleged-fbi-doj-wrongdoing-no-second-special-counsel-for-now ⏎ >Who is HUBER? ⏎ >Who RE_CONFIRMED HUBER? ⏎ >WHO ORIGINALLY APPOINTED HUBER? ⏎ >IMPORTANCE OF PARTISAN OPTICS? ⏎ >Mandate charged to HUBER?  ⏎ >Resources provided to HUBER? ⏎ >Who is HOROWITZ? ⏎ >Mandate charged to HOROWITZ? ⏎ >Resources provided to HOROWITZ? ⏎ >Who was SESSIONS' CHIEF OF STAFF? ⏎ >What "
2462,namedEntities,Senate,,0,"Logical thinking required. ⏎ A)	How can arrests occur prior to removing the corruption from the DOJ & FBI? ⏎ B)	How can arrests occur prior to safely securing a majority in the SUPREME COURT [CONSTITUTION - RULE OF LAW] ⏎ C)	What is the role of the SENATE? ⏎ >Role of GOODLATTE? ⏎ >Role of GOWDY? ⏎ >Role of SESSIONS? ⏎ >GOODLATTE, GOWDY, and SESSIONS *ALL* RESIGNED ⏎ >GOODLATTE, GOWDY, and SESSIONS *ALL* RESIGNED. ⏎ >Who did SESSIONS appoint in NOV 2017? ⏎ https://www.foxnews.com/politics/sessions-federal-prosecutor-evaluating-alleged-fbi-doj-wrongdoing-no-second-special-counsel-for-now ⏎ >Who is HUBER? ⏎ >Who RE_CONFIRMED HUBER? ⏎ >WHO ORIGINALLY APPOINTED HUBER? ⏎ >IMPORTANCE OF PARTISAN OPTICS? ⏎ >Mandate charged to HUBER?  ⏎ >Resources provided to HUBER? ⏎ >Who is HOROWITZ? ⏎ >Mandate charged to HOROWITZ? ⏎ >Resources provided to HOROWITZ? ⏎ >Who was SESSIONS' CHIEF OF STAFF? ⏎ >What "
2492,namedEntities,Arizona,Arizona | AZ,2,"ARIZONA ⏎ R Gov won by 328,000 votes. ⏎ D Sen is winning by 32,000 votes. ⏎ R Gov won Maricopa County by 325,000 votes. ⏎ D Sen winning Maricopa by 32,000 votes? ⏎ [350,000] vote swing to D Sen? ⏎ Q ⏎ "
2495,namedEntities,Senate,,0,https://twitter.com/LisaMei62/status/1065067172429529088 ⏎ TOGETHER WE WIN. ⏎ Attacks on WHITAKER will only intensify. ⏎ SENATE WAS THE TARGET. ⏎ 53-47 ⏎ https://www.reuters.com/article/us-usa-senate-committees/senate-judiciary-chair-grassleys-move-to-leave-key-opening-idUSKCN1NL231 ⏎ Q ⏎ 
2495,namedEntities,Whitaker,Whitaker,1,https://twitter.com/LisaMei62/status/1065067172429529088 ⏎ TOGETHER WE WIN. ⏎ Attacks on WHITAKER will only intensify. ⏎ SENATE WAS THE TARGET. ⏎ 53-47 ⏎ https://www.reuters.com/article/us-usa-senate-committees/senate-judiciary-chair-grassleys-move-to-leave-key-opening-idUSKCN1NL231 ⏎ Q ⏎ 
2499,namedEntities,House of Cards,House of Cards,1,https://twitter.com/realDonaldTrump/status/1066793504804913152 ⏎ Everything stated has a purpose. ⏎ Think timing of Tweet (above) v last drops [HouseOfCards] re: Maggie NYT re: WL 'Maggie' drops re: WL attack re: 'Q'  ⏎ Do you believe in coincidences?  ⏎ Be 'extremely' vigilant in Dec. ⏎ See something. ⏎ Say something. ⏎ EXTREME PANIC IN [DC] ⏎ WWG1WGA! ⏎ Q ⏎ 
2500,namedEntities,Mueller,,0,>>4029281 ⏎ CORSI > [attempt infiltrate] Q ⏎ MUELLER > CORSI ⏎ CORSI PLEA DEAL ⏎ THERE ARE BAD PEOPLE WHO PRETEND TO BE GOOD. ⏎ Re_read drops re: WARNINGS  ⏎ https://www.washingtonpost.com/politics/new-book-by-trump-advisers-calls-out-the-presidents-embedded-enemies/2018/11/24/afcbd0fc-ede3-11e8-baac-2a674e91502b_story.html?utm_term=.80e6d1b24752 ⏎ THOSE [MOST] WHO LEFT THE WH DID NOT HAVE A CHOICE. ⏎ FAKE NEWS. ⏎ FAKE MAGA. ⏎ TRANSPARENCY IS THE ONLY WAY. ⏎ PATRIOTS UNITED. ⏎ Q ⏎ 
2501,namedEntities,Whitaker,Whitaker,1,"WHITAKER (in conjunction w/ OIG) approved the release of CLAS docs 1-4 as requested by the House Committee and as ORDERED BY THE PRESIDENT OF THE UNITED STATES. ⏎ Will the release occur prior to scheduled testimony?  ⏎ List advantages. ⏎ Will the release occur post scheduled testimony? ⏎ List advantages. ⏎ If those testifying 'know' select CLAS docs will become public [self-incrimination] how might that alter/change their testimony?  ⏎ DC has become RAT infested.  ⏎ https://www.gpo.gov/fdsys/pkg/CFR-2010-title3-vol1/pdf/CFR-2010-title3-vol1-eo13526.pdf ⏎ Executive Order 13526 ⏎ Sec 1.7 ⏎ ""Classification Prohibitions and Limitations. (a) In no case shall information be classified, continue to be maintained as classified, or fail to be declassified in order to: ⏎ (1) conceal violations of law, inefficiency, or administrative error; ⏎ (2) prevent embarrassment to a person, organization, or "
2501,namedEntities,President,President,1,"WHITAKER (in conjunction w/ OIG) approved the release of CLAS docs 1-4 as requested by the House Committee and as ORDERED BY THE PRESIDENT OF THE UNITED STATES. ⏎ Will the release occur prior to scheduled testimony?  ⏎ List advantages. ⏎ Will the release occur post scheduled testimony? ⏎ List advantages. ⏎ If those testifying 'know' select CLAS docs will become public [self-incrimination] how might that alter/change their testimony?  ⏎ DC has become RAT infested.  ⏎ https://www.gpo.gov/fdsys/pkg/CFR-2010-title3-vol1/pdf/CFR-2010-title3-vol1-eo13526.pdf ⏎ Executive Order 13526 ⏎ Sec 1.7 ⏎ ""Classification Prohibitions and Limitations. (a) In no case shall information be classified, continue to be maintained as classified, or fail to be declassified in order to: ⏎ (1) conceal violations of law, inefficiency, or administrative error; ⏎ (2) prevent embarrassment to a person, organization, or "
2506,namedEntities,Sessions,,0,>>4092062 ⏎ To all those who doubted SESSIONS & HUBER you WILL ALL PAY THE PRICE VERY SOON. ⏎ Q ⏎ 
2506,namedEntities,Huber,,0,>>4092062 ⏎ To all those who doubted SESSIONS & HUBER you WILL ALL PAY THE PRICE VERY SOON. ⏎ Q ⏎ 
2507,namedEntities,Huber,,0,>>4092294 ⏎ FIRST AND ONLY LEAK (public) re: HUBER activities.  ⏎ NO FURTHER DETAILS SHOULD BE RELEASED [WARNING] ⏎ PAIN COMING. ⏎ Q ⏎ 
2511,namedEntities,Mueller,,0,re: MUELLER ⏎ 5:5? ⏎ Q ⏎ 
2523,namedEntities,Kavanaugh,Kavanaugh,1,"http://www.theintelligencer.net/news/top-headlines/2018/12/305th-military-police-company-deploys-to-guantanamo-bay/ ⏎ https://www.military.com/daily-news/2018/03/28/when-it-comes-guantanamo-trump-truly-builder-chief.html ⏎ https://www.mcclatchydc.com/news/politics-government/white-house/article210304199.html ⏎ ""They are unlawful enemy combatants"" ⏎ Questioning: Graham > KAV re: 'enemy combatants' [unusual?] ⏎ Define 'Treason' ⏎ EO effective 1.1.19? ⏎ DOJ Office of Legal Counsel opinion re: detain re: US Citizen(s) re: 'Enemy Combatant'  ⏎ Drops combined paint a full picture.  ⏎ Do you believe in coincidences? ⏎ May GOD BLESS those who fight to defend our great Nation. ⏎ We, the PEOPLE. ⏎ Q ⏎ "
2523,namedEntities,God,God,1,"http://www.theintelligencer.net/news/top-headlines/2018/12/305th-military-police-company-deploys-to-guantanamo-bay/ ⏎ https://www.military.com/daily-news/2018/03/28/when-it-comes-guantanamo-trump-truly-builder-chief.html ⏎ https://www.mcclatchydc.com/news/politics-government/white-house/article210304199.html ⏎ ""They are unlawful enemy combatants"" ⏎ Questioning: Graham > KAV re: 'enemy combatants' [unusual?] ⏎ Define 'Treason' ⏎ EO effective 1.1.19? ⏎ DOJ Office of Legal Counsel opinion re: detain re: US Citizen(s) re: 'Enemy Combatant'  ⏎ Drops combined paint a full picture.  ⏎ Do you believe in coincidences? ⏎ May GOD BLESS those who fight to defend our great Nation. ⏎ We, the PEOPLE. ⏎ Q ⏎ "
2524,namedEntities,Huber,,0,">>4115084 ⏎ Think multiple meanings. ⏎ ""Goodbye""  ⏎ 1. Fired and/or removed from DOJ ⏎ 2. Removed from SC oversight  ⏎ [2] completed ⏎ [1] coming? ⏎ Learn our comms. ⏎ HUBER FISA(S) [2-way street] ⏎ Q ⏎ "
2525,namedEntities,Huber,,0,">>4115161 ⏎ ""Goodbye"" Mr. Rosenstein. ⏎ >>>Removal > SC oversight ⏎ Did [RR] feel safe post AF1 30-min meeting w/ POTUS? ⏎ Did [RR] communicate meeting back to handlers? ⏎ When your 'enemy' feels in control…. ⏎ PANIC re: WHITAKER? ⏎ PANIC re: HUBER? ⏎ Why has the FISA court kept QUIET re: DISCOVERY OF FRAUD PERPETRATED ON COURT? ⏎ When an OPERATION is ACTIVE…. ⏎ These people are stupid. ⏎ Q ⏎ "
2548,namedEntities,Senate,,0,"https://twitter.com/Tom_Winter/status/1070140182907756544 ⏎ [Dec 4, 2018] ⏎ https://twitter.com/Tom_Winter/status/1070138096916799488 ⏎ ""NBC News: There appears, although the redacted documents do not make it completely clear, that there is a [[[+++separate criminal investigation going on outside of Special Counsel Robert Mueller's purview+++]]] for which Flynn has been providing significant assistance."" ⏎ Markers are important. ⏎ [Dec 4, 2017] > [Dec 4, 2018] ⏎ Think No Name. ⏎ Did Mueller have a choice in making the recommendation?  ⏎ Who does Mueller 'now' report to?  ⏎ Does WHITAKER also oversee HUBER + OIG? ⏎ What case(s) is HUBER + OIG + team of 470 currently working on? ⏎ Who has the server(s)? ⏎ Who has access to NSA UT Term1-12? ⏎ Does FISA grant access to NSA umbrella collection? ⏎ You are witnessing something [firsthand] that many cannot possibly comprehend or accept as realit"
2548,namedEntities,Huber,,0,"https://twitter.com/Tom_Winter/status/1070140182907756544 ⏎ [Dec 4, 2018] ⏎ https://twitter.com/Tom_Winter/status/1070138096916799488 ⏎ ""NBC News: There appears, although the redacted documents do not make it completely clear, that there is a [[[+++separate criminal investigation going on outside of Special Counsel Robert Mueller's purview+++]]] for which Flynn has been providing significant assistance."" ⏎ Markers are important. ⏎ [Dec 4, 2017] > [Dec 4, 2018] ⏎ Think No Name. ⏎ Did Mueller have a choice in making the recommendation?  ⏎ Who does Mueller 'now' report to?  ⏎ Does WHITAKER also oversee HUBER + OIG? ⏎ What case(s) is HUBER + OIG + team of 470 currently working on? ⏎ Who has the server(s)? ⏎ Who has access to NSA UT Term1-12? ⏎ Does FISA grant access to NSA umbrella collection? ⏎ You are witnessing something [firsthand] that many cannot possibly comprehend or accept as realit"
2548,namedEntities,Huber,,0,"https://twitter.com/Tom_Winter/status/1070140182907756544 ⏎ [Dec 4, 2018] ⏎ https://twitter.com/Tom_Winter/status/1070138096916799488 ⏎ ""NBC News: There appears, although the redacted documents do not make it completely clear, that there is a [[[+++separate criminal investigation going on outside of Special Counsel Robert Mueller's purview+++]]] for which Flynn has been providing significant assistance."" ⏎ Markers are important. ⏎ [Dec 4, 2017] > [Dec 4, 2018] ⏎ Think No Name. ⏎ Did Mueller have a choice in making the recommendation?  ⏎ Who does Mueller 'now' report to?  ⏎ Does WHITAKER also oversee HUBER + OIG? ⏎ What case(s) is HUBER + OIG + team of 470 currently working on? ⏎ Who has the server(s)? ⏎ Who has access to NSA UT Term1-12? ⏎ Does FISA grant access to NSA umbrella collection? ⏎ You are witnessing something [firsthand] that many cannot possibly comprehend or accept as realit"
2555,namedEntities,Huber,,0,">>4168720 ⏎ WHITAKER, HOROWITZ, HUBER, and WRAY. ⏎ Long meetings held within a SCIF [unusual] usually indicate something 'highly important' was discussed [planned]? ⏎ Q ⏎ "
2555,namedEntities,Whitaker,Whitaker,1,">>4168720 ⏎ WHITAKER, HOROWITZ, HUBER, and WRAY. ⏎ Long meetings held within a SCIF [unusual] usually indicate something 'highly important' was discussed [planned]? ⏎ Q ⏎ "
2555,namedEntities,Horowitz,Horowitz,1,">>4168720 ⏎ WHITAKER, HOROWITZ, HUBER, and WRAY. ⏎ Long meetings held within a SCIF [unusual] usually indicate something 'highly important' was discussed [planned]? ⏎ Q ⏎ "
2555,namedEntities,Wray,Wray,1,">>4168720 ⏎ WHITAKER, HOROWITZ, HUBER, and WRAY. ⏎ Long meetings held within a SCIF [unusual] usually indicate something 'highly important' was discussed [planned]? ⏎ Q ⏎ "
2559,namedEntities,God,God,1,"RUSSIA = THE REAL CONSPIRACY. ⏎ Define 'PROJECTION'. ⏎ What happens when they lose control and the TRUTH is exposed? ⏎ What happens when PEOPLE no longer believe or listen to the FAKE NEWS CONTROLLED MEDIA, CONTROLLED HOLLYWOOD, CONTROLLED BLUE CHECKMARK TWIT SHILLS, ETC ETC??? ⏎ THE GREAT AWAKENING. ⏎ SHEEP NO MORE. ⏎ WE, THE PEOPLE. ⏎ FOR GOD & COUNTRY - WE FIGHT! ⏎ Q ⏎ "
2561,namedEntities,Sessions,,0,">>4186896 ⏎ When did POTUS make the statement ""Calm Before the Storm?"" ⏎ When was HUBER activated by SESSIONS? ⏎ Who was/is assigned to HUBER? ⏎ ACTING AG PRIMARY PURPOSE? ⏎ SCARAMUCCI MODEL? ⏎ PUBLIC OPINION (OPTICS) DO NOT MATTER. ⏎ What was leaked today (on purpose?)? ⏎ https://twitter.com/johnrobertsFox/status/1070749777334292481 ⏎ HUBER to testify re: Clinton Foundation? ⏎ HUBER to reveal 'active' probe actively underway into organization? ⏎ OIG to release report #2 [overview indicating many 'potentially criminal referrals' made]? ⏎ ""We do not discuss active/ongoing DOJ / FBI investigations."" ⏎ MIL INTEL ⏎ FISA ⏎ THE WORLD IS WATCHING. ⏎ Q ⏎ "
2561,namedEntities,Huber,,0,">>4186896 ⏎ When did POTUS make the statement ""Calm Before the Storm?"" ⏎ When was HUBER activated by SESSIONS? ⏎ Who was/is assigned to HUBER? ⏎ ACTING AG PRIMARY PURPOSE? ⏎ SCARAMUCCI MODEL? ⏎ PUBLIC OPINION (OPTICS) DO NOT MATTER. ⏎ What was leaked today (on purpose?)? ⏎ https://twitter.com/johnrobertsFox/status/1070749777334292481 ⏎ HUBER to testify re: Clinton Foundation? ⏎ HUBER to reveal 'active' probe actively underway into organization? ⏎ OIG to release report #2 [overview indicating many 'potentially criminal referrals' made]? ⏎ ""We do not discuss active/ongoing DOJ / FBI investigations."" ⏎ MIL INTEL ⏎ FISA ⏎ THE WORLD IS WATCHING. ⏎ Q ⏎ "
2561,namedEntities,Huber,,0,">>4186896 ⏎ When did POTUS make the statement ""Calm Before the Storm?"" ⏎ When was HUBER activated by SESSIONS? ⏎ Who was/is assigned to HUBER? ⏎ ACTING AG PRIMARY PURPOSE? ⏎ SCARAMUCCI MODEL? ⏎ PUBLIC OPINION (OPTICS) DO NOT MATTER. ⏎ What was leaked today (on purpose?)? ⏎ https://twitter.com/johnrobertsFox/status/1070749777334292481 ⏎ HUBER to testify re: Clinton Foundation? ⏎ HUBER to reveal 'active' probe actively underway into organization? ⏎ OIG to release report #2 [overview indicating many 'potentially criminal referrals' made]? ⏎ ""We do not discuss active/ongoing DOJ / FBI investigations."" ⏎ MIL INTEL ⏎ FISA ⏎ THE WORLD IS WATCHING. ⏎ Q ⏎ "
2561,namedEntities,Huber,,0,">>4186896 ⏎ When did POTUS make the statement ""Calm Before the Storm?"" ⏎ When was HUBER activated by SESSIONS? ⏎ Who was/is assigned to HUBER? ⏎ ACTING AG PRIMARY PURPOSE? ⏎ SCARAMUCCI MODEL? ⏎ PUBLIC OPINION (OPTICS) DO NOT MATTER. ⏎ What was leaked today (on purpose?)? ⏎ https://twitter.com/johnrobertsFox/status/1070749777334292481 ⏎ HUBER to testify re: Clinton Foundation? ⏎ HUBER to reveal 'active' probe actively underway into organization? ⏎ OIG to release report #2 [overview indicating many 'potentially criminal referrals' made]? ⏎ ""We do not discuss active/ongoing DOJ / FBI investigations."" ⏎ MIL INTEL ⏎ FISA ⏎ THE WORLD IS WATCHING. ⏎ Q ⏎ "
2561,namedEntities,Huber,,0,">>4186896 ⏎ When did POTUS make the statement ""Calm Before the Storm?"" ⏎ When was HUBER activated by SESSIONS? ⏎ Who was/is assigned to HUBER? ⏎ ACTING AG PRIMARY PURPOSE? ⏎ SCARAMUCCI MODEL? ⏎ PUBLIC OPINION (OPTICS) DO NOT MATTER. ⏎ What was leaked today (on purpose?)? ⏎ https://twitter.com/johnrobertsFox/status/1070749777334292481 ⏎ HUBER to testify re: Clinton Foundation? ⏎ HUBER to reveal 'active' probe actively underway into organization? ⏎ OIG to release report #2 [overview indicating many 'potentially criminal referrals' made]? ⏎ ""We do not discuss active/ongoing DOJ / FBI investigations."" ⏎ MIL INTEL ⏎ FISA ⏎ THE WORLD IS WATCHING. ⏎ Q ⏎ "
2568,namedEntities,Brennan,,0,https://twitter.com/johnpodesta/status/1072137513899356160 ⏎ Define 'Projection'. ⏎ Define 'Getting Ahead of the Story'. ⏎ What is scheduled to happen this week? ⏎ Coincidence? ⏎ PANIC? ⏎ THIS IS AS REAL AS IT GETS. ⏎ NO ESCAPE. ⏎ NO DEALS. ⏎ ADD BRENNAN TO GRAPHIC AND UPDATE. ⏎ EVIL HAS NO PLACE HERE. ⏎ Q ⏎ 
2569,namedEntities,Freedom Caucus,Freedom Caucus,1,POTUS. ⏎ NSA. ⏎ UNITED STATES MILITARY (G) ⏎ THE FREEDOM CAUCUS (EST) ⏎ FOREIGN & DOMESTIC PATRIOTS. ⏎ 2015. ⏎ THE FIGHT TO SAVE THE WORLD. ⏎ Q ⏎ 
2576,namedEntities,Samantha Power,Samantha Power | SP,2,https://twitter.com/SamanthaJPower/status/1071755419499069441 ⏎ Those with the most to lose are the loudest. ⏎ Those who 'knowingly' broke the law in a coordinated effort [treason] are the most vocal.  ⏎ Crimes against Humanity.  ⏎ Q ⏎ 
2584,namedEntities,America,,0,https://www.foxnews.com/opinion/mark-levin-a-time-for-truth ⏎ Re: #5 Impeachment  ⏎ Impeachment requires 2/3rd vote by the Senate. ⏎ https://www.senate.gov/artandhistory/history/common/briefing/Senate_Impeachment_Role.htm ⏎ What are the odds of that? ⏎ YOU ARE WATCHING FAKE NEWS FAKE POLITICIANS FAKE HOLLYWOOD ALL PLAY TO THEIR 'DESTROY AMERICA' BASE. ⏎ #FactsMatter ⏎ Q ⏎ 
2596,namedEntities,Merkel,Merkel,1,https://twitter.com/tnewtondunn/status/1072905228498948096 ⏎ 'Tis the Season of Treason! ⏎ [MAY] ⏎ [MERKEL] ⏎ [MACRON] ⏎ NEVER STOP FIGHTING! ⏎ WWG1WGA!!! ⏎ Q ⏎ 
260,namedEntities,Flynn,,0,Who knows where the bodies are buried? ⏎ FLYNN is safe. ⏎ We protect our Patriots. ⏎ Q ⏎ 
2600,namedEntities,Sara Carter,Sara Carter | SC,2,https://saraacarter.com/clinton-whistleblowers-thursdays-public-hearing-to-reveal-explosive-information/ ⏎ Q ⏎ 
2601,namedEntities,Huber,,0,"https://twitter.com/paul_serran/status/1072953304165113857 ⏎ Goodbye, Mr. Rosenstein. ⏎ [RR] still overseeing SC? ⏎ https://oversight.house.gov/hearing/oversight-of-nonprofit-organizations-a-case-study-on-the-clinton-foundation/ ⏎ Schedule for tomorrow. ⏎ Where is HUBER? ⏎ NOBODY IS ABOVE THE LAW. ⏎ THE WORLD IS WATCHING. ⏎ Q ⏎ "
2603,namedEntities,Sessions,,0,>>4278743 ⏎ What if there's another prosecutor (outside of DC) assigned by SESSIONS w/ the same mandate/authority? ⏎ ONE FOR THE HISTORY BOOKS? ⏎ NOT LONG NOW. ⏎ Q ⏎ 
2604,namedEntities,Sessions,,0,">>4278980 ⏎ FALSE. ⏎ HUBER will bring SEVERE PAIN TO DC. ⏎ SESSIONS' forced release of name [HUBER] to House created another variable. ⏎ Use Logic. ⏎ Why would we tell you the plan if in doing so also alerts those who we are actively engaged in HUNTING? ⏎ You are witnessing, first-hand, the demise of those in power [OLD GUARD]. ⏎ Those who push simply have no grasp of reality.  ⏎ Those who push simply do not understand warfare tactics.  ⏎ Emotions cloud judgement. ⏎ Emotions cloud logic. ⏎ You have more than you know. ⏎ Securing the SENATE meant EVERYTHING. ⏎ Securing the SC meant EVERYTHING. ⏎ [Avoided Z]  ⏎ We, the PEOPLE. ⏎ ENOUGH IS ENOUGH. ⏎ TOGETHER WE WIN! ⏎ Do you think all these attacks on 'Q' (We, the People) is simply for a person on the internet who they label as a conspiracy?  ⏎ Think for yourself. ⏎ Trust yourself. ⏎ Research for yourself. ⏎ Be in control of yourself. ⏎ NEV"
2604,namedEntities,Senate,,0,">>4278980 ⏎ FALSE. ⏎ HUBER will bring SEVERE PAIN TO DC. ⏎ SESSIONS' forced release of name [HUBER] to House created another variable. ⏎ Use Logic. ⏎ Why would we tell you the plan if in doing so also alerts those who we are actively engaged in HUNTING? ⏎ You are witnessing, first-hand, the demise of those in power [OLD GUARD]. ⏎ Those who push simply have no grasp of reality.  ⏎ Those who push simply do not understand warfare tactics.  ⏎ Emotions cloud judgement. ⏎ Emotions cloud logic. ⏎ You have more than you know. ⏎ Securing the SENATE meant EVERYTHING. ⏎ Securing the SC meant EVERYTHING. ⏎ [Avoided Z]  ⏎ We, the PEOPLE. ⏎ ENOUGH IS ENOUGH. ⏎ TOGETHER WE WIN! ⏎ Do you think all these attacks on 'Q' (We, the People) is simply for a person on the internet who they label as a conspiracy?  ⏎ Think for yourself. ⏎ Trust yourself. ⏎ Research for yourself. ⏎ Be in control of yourself. ⏎ NEV"
2604,namedEntities,Huber,,0,">>4278980 ⏎ FALSE. ⏎ HUBER will bring SEVERE PAIN TO DC. ⏎ SESSIONS' forced release of name [HUBER] to House created another variable. ⏎ Use Logic. ⏎ Why would we tell you the plan if in doing so also alerts those who we are actively engaged in HUNTING? ⏎ You are witnessing, first-hand, the demise of those in power [OLD GUARD]. ⏎ Those who push simply have no grasp of reality.  ⏎ Those who push simply do not understand warfare tactics.  ⏎ Emotions cloud judgement. ⏎ Emotions cloud logic. ⏎ You have more than you know. ⏎ Securing the SENATE meant EVERYTHING. ⏎ Securing the SC meant EVERYTHING. ⏎ [Avoided Z]  ⏎ We, the PEOPLE. ⏎ ENOUGH IS ENOUGH. ⏎ TOGETHER WE WIN! ⏎ Do you think all these attacks on 'Q' (We, the People) is simply for a person on the internet who they label as a conspiracy?  ⏎ Think for yourself. ⏎ Trust yourself. ⏎ Research for yourself. ⏎ Be in control of yourself. ⏎ NEV"
2604,namedEntities,Huber,,0,">>4278980 ⏎ FALSE. ⏎ HUBER will bring SEVERE PAIN TO DC. ⏎ SESSIONS' forced release of name [HUBER] to House created another variable. ⏎ Use Logic. ⏎ Why would we tell you the plan if in doing so also alerts those who we are actively engaged in HUNTING? ⏎ You are witnessing, first-hand, the demise of those in power [OLD GUARD]. ⏎ Those who push simply have no grasp of reality.  ⏎ Those who push simply do not understand warfare tactics.  ⏎ Emotions cloud judgement. ⏎ Emotions cloud logic. ⏎ You have more than you know. ⏎ Securing the SENATE meant EVERYTHING. ⏎ Securing the SC meant EVERYTHING. ⏎ [Avoided Z]  ⏎ We, the PEOPLE. ⏎ ENOUGH IS ENOUGH. ⏎ TOGETHER WE WIN! ⏎ Do you think all these attacks on 'Q' (We, the People) is simply for a person on the internet who they label as a conspiracy?  ⏎ Think for yourself. ⏎ Trust yourself. ⏎ Research for yourself. ⏎ Be in control of yourself. ⏎ NEV"
2633,namedEntities,US Senate,US Senate,1,"https://www.foxnews.com/politics/mccain-associate-gave-unverified-steele-dossier-to-buzzfeed-court-filing-says ⏎ ""McCain associate shared unverified Steele dossier with Buzzfeed, court filing says."" ⏎ Drop Dec 22 2017: ⏎ US SEN NO NAME> ⏎ NEWS SHOP> ⏎ BUZZF> ⏎ News unlocks. ⏎ You have the keystone. ⏎ Q ⏎ "
2640,namedEntities,Hussein,,0,"https://twitter.com/HillaryClinton/status/1076128583419088896 ⏎ HUSSEIN ""ISIS JV TEAM…."" ⏎ Did ISIS form on HUSSEIN's watch? ⏎ Did HUSSEIN take care of business or allow them to expand? ⏎ How long did it take POTUS to ERADICATE and DESTROY ISIS? ⏎ THE AMERICAN PEOPLE ARE WAKING UP TO THE TRUTH. ⏎ https://www.investors.com/politics/editorials/197-military-officers-purged-by-obama/ ⏎ Why did HUSSEIN attempt to destroy our military (weaken)? ⏎ What was the 16-year plan to destroy America? ⏎ Why did HUSSEIN install traitors at the highest levels of our Gov't? ⏎ Think DOJ. ⏎ Think FBI. ⏎ Think C_A. ⏎ Think NAT SEC. ⏎ Why did HUSSEIN bring people into the WH who HATE AMERICA and what we stand for? ⏎ What years did HRC serve as Sec of State? ⏎ What years did ISIS expand? ⏎ Why did HUSSEIN put restrictions on US MIL COMMAND re: ABILITY TO ATTACK TARGETS AT WILL > WH DIRECT APPROVAL REQ FOR EACH "
2640,namedEntities,Hussein,,0,"https://twitter.com/HillaryClinton/status/1076128583419088896 ⏎ HUSSEIN ""ISIS JV TEAM…."" ⏎ Did ISIS form on HUSSEIN's watch? ⏎ Did HUSSEIN take care of business or allow them to expand? ⏎ How long did it take POTUS to ERADICATE and DESTROY ISIS? ⏎ THE AMERICAN PEOPLE ARE WAKING UP TO THE TRUTH. ⏎ https://www.investors.com/politics/editorials/197-military-officers-purged-by-obama/ ⏎ Why did HUSSEIN attempt to destroy our military (weaken)? ⏎ What was the 16-year plan to destroy America? ⏎ Why did HUSSEIN install traitors at the highest levels of our Gov't? ⏎ Think DOJ. ⏎ Think FBI. ⏎ Think C_A. ⏎ Think NAT SEC. ⏎ Why did HUSSEIN bring people into the WH who HATE AMERICA and what we stand for? ⏎ What years did HRC serve as Sec of State? ⏎ What years did ISIS expand? ⏎ Why did HUSSEIN put restrictions on US MIL COMMAND re: ABILITY TO ATTACK TARGETS AT WILL > WH DIRECT APPROVAL REQ FOR EACH "
2640,namedEntities,Hussein,,0,"https://twitter.com/HillaryClinton/status/1076128583419088896 ⏎ HUSSEIN ""ISIS JV TEAM…."" ⏎ Did ISIS form on HUSSEIN's watch? ⏎ Did HUSSEIN take care of business or allow them to expand? ⏎ How long did it take POTUS to ERADICATE and DESTROY ISIS? ⏎ THE AMERICAN PEOPLE ARE WAKING UP TO THE TRUTH. ⏎ https://www.investors.com/politics/editorials/197-military-officers-purged-by-obama/ ⏎ Why did HUSSEIN attempt to destroy our military (weaken)? ⏎ What was the 16-year plan to destroy America? ⏎ Why did HUSSEIN install traitors at the highest levels of our Gov't? ⏎ Think DOJ. ⏎ Think FBI. ⏎ Think C_A. ⏎ Think NAT SEC. ⏎ Why did HUSSEIN bring people into the WH who HATE AMERICA and what we stand for? ⏎ What years did HRC serve as Sec of State? ⏎ What years did ISIS expand? ⏎ Why did HUSSEIN put restrictions on US MIL COMMAND re: ABILITY TO ATTACK TARGETS AT WILL > WH DIRECT APPROVAL REQ FOR EACH "
2640,namedEntities,Hussein,,0,"https://twitter.com/HillaryClinton/status/1076128583419088896 ⏎ HUSSEIN ""ISIS JV TEAM…."" ⏎ Did ISIS form on HUSSEIN's watch? ⏎ Did HUSSEIN take care of business or allow them to expand? ⏎ How long did it take POTUS to ERADICATE and DESTROY ISIS? ⏎ THE AMERICAN PEOPLE ARE WAKING UP TO THE TRUTH. ⏎ https://www.investors.com/politics/editorials/197-military-officers-purged-by-obama/ ⏎ Why did HUSSEIN attempt to destroy our military (weaken)? ⏎ What was the 16-year plan to destroy America? ⏎ Why did HUSSEIN install traitors at the highest levels of our Gov't? ⏎ Think DOJ. ⏎ Think FBI. ⏎ Think C_A. ⏎ Think NAT SEC. ⏎ Why did HUSSEIN bring people into the WH who HATE AMERICA and what we stand for? ⏎ What years did HRC serve as Sec of State? ⏎ What years did ISIS expand? ⏎ Why did HUSSEIN put restrictions on US MIL COMMAND re: ABILITY TO ATTACK TARGETS AT WILL > WH DIRECT APPROVAL REQ FOR EACH "
2640,namedEntities,Hussein,,0,"https://twitter.com/HillaryClinton/status/1076128583419088896 ⏎ HUSSEIN ""ISIS JV TEAM…."" ⏎ Did ISIS form on HUSSEIN's watch? ⏎ Did HUSSEIN take care of business or allow them to expand? ⏎ How long did it take POTUS to ERADICATE and DESTROY ISIS? ⏎ THE AMERICAN PEOPLE ARE WAKING UP TO THE TRUTH. ⏎ https://www.investors.com/politics/editorials/197-military-officers-purged-by-obama/ ⏎ Why did HUSSEIN attempt to destroy our military (weaken)? ⏎ What was the 16-year plan to destroy America? ⏎ Why did HUSSEIN install traitors at the highest levels of our Gov't? ⏎ Think DOJ. ⏎ Think FBI. ⏎ Think C_A. ⏎ Think NAT SEC. ⏎ Why did HUSSEIN bring people into the WH who HATE AMERICA and what we stand for? ⏎ What years did HRC serve as Sec of State? ⏎ What years did ISIS expand? ⏎ Why did HUSSEIN put restrictions on US MIL COMMAND re: ABILITY TO ATTACK TARGETS AT WILL > WH DIRECT APPROVAL REQ FOR EACH "
2640,namedEntities,Hussein,,0,"https://twitter.com/HillaryClinton/status/1076128583419088896 ⏎ HUSSEIN ""ISIS JV TEAM…."" ⏎ Did ISIS form on HUSSEIN's watch? ⏎ Did HUSSEIN take care of business or allow them to expand? ⏎ How long did it take POTUS to ERADICATE and DESTROY ISIS? ⏎ THE AMERICAN PEOPLE ARE WAKING UP TO THE TRUTH. ⏎ https://www.investors.com/politics/editorials/197-military-officers-purged-by-obama/ ⏎ Why did HUSSEIN attempt to destroy our military (weaken)? ⏎ What was the 16-year plan to destroy America? ⏎ Why did HUSSEIN install traitors at the highest levels of our Gov't? ⏎ Think DOJ. ⏎ Think FBI. ⏎ Think C_A. ⏎ Think NAT SEC. ⏎ Why did HUSSEIN bring people into the WH who HATE AMERICA and what we stand for? ⏎ What years did HRC serve as Sec of State? ⏎ What years did ISIS expand? ⏎ Why did HUSSEIN put restrictions on US MIL COMMAND re: ABILITY TO ATTACK TARGETS AT WILL > WH DIRECT APPROVAL REQ FOR EACH "
2640,namedEntities,Hussein,,0,"https://twitter.com/HillaryClinton/status/1076128583419088896 ⏎ HUSSEIN ""ISIS JV TEAM…."" ⏎ Did ISIS form on HUSSEIN's watch? ⏎ Did HUSSEIN take care of business or allow them to expand? ⏎ How long did it take POTUS to ERADICATE and DESTROY ISIS? ⏎ THE AMERICAN PEOPLE ARE WAKING UP TO THE TRUTH. ⏎ https://www.investors.com/politics/editorials/197-military-officers-purged-by-obama/ ⏎ Why did HUSSEIN attempt to destroy our military (weaken)? ⏎ What was the 16-year plan to destroy America? ⏎ Why did HUSSEIN install traitors at the highest levels of our Gov't? ⏎ Think DOJ. ⏎ Think FBI. ⏎ Think C_A. ⏎ Think NAT SEC. ⏎ Why did HUSSEIN bring people into the WH who HATE AMERICA and what we stand for? ⏎ What years did HRC serve as Sec of State? ⏎ What years did ISIS expand? ⏎ Why did HUSSEIN put restrictions on US MIL COMMAND re: ABILITY TO ATTACK TARGETS AT WILL > WH DIRECT APPROVAL REQ FOR EACH "
2643,namedEntities,Sessions,,0,https://twitter.com/brithume/status/1080929050120593410 ⏎ What happens when all 'insiders' know the news is FAKE? ⏎ What happens when all 'insiders' know [AS] is the leak of false data? ⏎ What happens when a member of the House Intel Comm purposely leaks FAKE & FALSE data to 'friendly' news sources in order to maintain & portray a FALSE NARRATIVE to the public?  ⏎ How do you build a case against a member of the House Intel Comm if they themselves have access to the intelligence?  ⏎ What critical 'mission' did SESSIONS publicly announce re: leaks?  ⏎ Why did SESSIONS make this PUBLIC? ⏎ Optics are important. ⏎ Control of the NARRATIVE. ⏎ TRUTH & TRANSPARENCY IS THE ONLY WAY FORWARD> ⏎ RE: MUELLER deleted 'critical' text messages between PS+LP? ⏎ Re_read Re: [MUELLER] designed to…. ⏎ The 'MUELLER' insurance policy has expired. ⏎ Q ⏎ 
2643,namedEntities,Sessions,,0,https://twitter.com/brithume/status/1080929050120593410 ⏎ What happens when all 'insiders' know the news is FAKE? ⏎ What happens when all 'insiders' know [AS] is the leak of false data? ⏎ What happens when a member of the House Intel Comm purposely leaks FAKE & FALSE data to 'friendly' news sources in order to maintain & portray a FALSE NARRATIVE to the public?  ⏎ How do you build a case against a member of the House Intel Comm if they themselves have access to the intelligence?  ⏎ What critical 'mission' did SESSIONS publicly announce re: leaks?  ⏎ Why did SESSIONS make this PUBLIC? ⏎ Optics are important. ⏎ Control of the NARRATIVE. ⏎ TRUTH & TRANSPARENCY IS THE ONLY WAY FORWARD> ⏎ RE: MUELLER deleted 'critical' text messages between PS+LP? ⏎ Re_read Re: [MUELLER] designed to…. ⏎ The 'MUELLER' insurance policy has expired. ⏎ Q ⏎ 
2643,namedEntities,Mueller,,0,https://twitter.com/brithume/status/1080929050120593410 ⏎ What happens when all 'insiders' know the news is FAKE? ⏎ What happens when all 'insiders' know [AS] is the leak of false data? ⏎ What happens when a member of the House Intel Comm purposely leaks FAKE & FALSE data to 'friendly' news sources in order to maintain & portray a FALSE NARRATIVE to the public?  ⏎ How do you build a case against a member of the House Intel Comm if they themselves have access to the intelligence?  ⏎ What critical 'mission' did SESSIONS publicly announce re: leaks?  ⏎ Why did SESSIONS make this PUBLIC? ⏎ Optics are important. ⏎ Control of the NARRATIVE. ⏎ TRUTH & TRANSPARENCY IS THE ONLY WAY FORWARD> ⏎ RE: MUELLER deleted 'critical' text messages between PS+LP? ⏎ Re_read Re: [MUELLER] designed to…. ⏎ The 'MUELLER' insurance policy has expired. ⏎ Q ⏎ 
2643,namedEntities,Mueller,,0,https://twitter.com/brithume/status/1080929050120593410 ⏎ What happens when all 'insiders' know the news is FAKE? ⏎ What happens when all 'insiders' know [AS] is the leak of false data? ⏎ What happens when a member of the House Intel Comm purposely leaks FAKE & FALSE data to 'friendly' news sources in order to maintain & portray a FALSE NARRATIVE to the public?  ⏎ How do you build a case against a member of the House Intel Comm if they themselves have access to the intelligence?  ⏎ What critical 'mission' did SESSIONS publicly announce re: leaks?  ⏎ Why did SESSIONS make this PUBLIC? ⏎ Optics are important. ⏎ Control of the NARRATIVE. ⏎ TRUTH & TRANSPARENCY IS THE ONLY WAY FORWARD> ⏎ RE: MUELLER deleted 'critical' text messages between PS+LP? ⏎ Re_read Re: [MUELLER] designed to…. ⏎ The 'MUELLER' insurance policy has expired. ⏎ Q ⏎ 
2643,namedEntities,Mueller,,0,https://twitter.com/brithume/status/1080929050120593410 ⏎ What happens when all 'insiders' know the news is FAKE? ⏎ What happens when all 'insiders' know [AS] is the leak of false data? ⏎ What happens when a member of the House Intel Comm purposely leaks FAKE & FALSE data to 'friendly' news sources in order to maintain & portray a FALSE NARRATIVE to the public?  ⏎ How do you build a case against a member of the House Intel Comm if they themselves have access to the intelligence?  ⏎ What critical 'mission' did SESSIONS publicly announce re: leaks?  ⏎ Why did SESSIONS make this PUBLIC? ⏎ Optics are important. ⏎ Control of the NARRATIVE. ⏎ TRUTH & TRANSPARENCY IS THE ONLY WAY FORWARD> ⏎ RE: MUELLER deleted 'critical' text messages between PS+LP? ⏎ Re_read Re: [MUELLER] designed to…. ⏎ The 'MUELLER' insurance policy has expired. ⏎ Q ⏎ 
2657,namedEntities,Hussein,,0,"When will the public discover that Ted Cruz was also illegally SURV (pre_POTUS_R nomination)? ⏎ C_A 'illegal' SURV > members of Congress?  ⏎ C_A 'illegal' SURV > members of the Press? ⏎ C_A 'illegal' SURV > SENATE INTEL COMM? ⏎ https://www.theguardian.com/us-news/2016/sep/10/cia-senate-investigation-constitutional-crisis-daniel-jones ⏎ https://www.nytimes.com/2014/08/01/world/senate-intelligence-commitee-cia-interrogation-report.html ⏎ Who ordered the SURV? ⏎ What justification was provided to AUTH SURV of ELECTED OFFICIALS? ⏎ SURV fall under scope of FISA warrant or internal to Dept or outsourced to FVEY? ⏎ Reality check - friend or foe, we all spy on each other? ⏎ Should we be spying on ourselves? ⏎ Should we be tasking others to spy on ourselves in order to avoid U.S. law? ⏎ Was FVEY established & designed by the INTEL COMM as a backchannel SURV apparatus to avoid domestic laws trigge"
2657,namedEntities,Venezuela,Venezuela,1,"When will the public discover that Ted Cruz was also illegally SURV (pre_POTUS_R nomination)? ⏎ C_A 'illegal' SURV > members of Congress?  ⏎ C_A 'illegal' SURV > members of the Press? ⏎ C_A 'illegal' SURV > SENATE INTEL COMM? ⏎ https://www.theguardian.com/us-news/2016/sep/10/cia-senate-investigation-constitutional-crisis-daniel-jones ⏎ https://www.nytimes.com/2014/08/01/world/senate-intelligence-commitee-cia-interrogation-report.html ⏎ Who ordered the SURV? ⏎ What justification was provided to AUTH SURV of ELECTED OFFICIALS? ⏎ SURV fall under scope of FISA warrant or internal to Dept or outsourced to FVEY? ⏎ Reality check - friend or foe, we all spy on each other? ⏎ Should we be spying on ourselves? ⏎ Should we be tasking others to spy on ourselves in order to avoid U.S. law? ⏎ Was FVEY established & designed by the INTEL COMM as a backchannel SURV apparatus to avoid domestic laws trigge"
2657,namedEntities,Ecuador,Ecuador,1,"When will the public discover that Ted Cruz was also illegally SURV (pre_POTUS_R nomination)? ⏎ C_A 'illegal' SURV > members of Congress?  ⏎ C_A 'illegal' SURV > members of the Press? ⏎ C_A 'illegal' SURV > SENATE INTEL COMM? ⏎ https://www.theguardian.com/us-news/2016/sep/10/cia-senate-investigation-constitutional-crisis-daniel-jones ⏎ https://www.nytimes.com/2014/08/01/world/senate-intelligence-commitee-cia-interrogation-report.html ⏎ Who ordered the SURV? ⏎ What justification was provided to AUTH SURV of ELECTED OFFICIALS? ⏎ SURV fall under scope of FISA warrant or internal to Dept or outsourced to FVEY? ⏎ Reality check - friend or foe, we all spy on each other? ⏎ Should we be spying on ourselves? ⏎ Should we be tasking others to spy on ourselves in order to avoid U.S. law? ⏎ Was FVEY established & designed by the INTEL COMM as a backchannel SURV apparatus to avoid domestic laws trigge"
2658,namedEntities,Hussein,,0,Remember when D's and the FAKE NEWS media [+FAKEWOOD] pushed mass fear that POTUS would start WWIII re: North Korea? ⏎ POTUS > PEACE on the Korean P > NO further missile tests or U enrichment. ⏎ New narrative created. ⏎ Refusal to provide coverage of successes. ⏎ Remember when D's and the FAKE NEWS media [+FAKEWOOD] pushed a stock market collapse if POTUS was elected? ⏎ POTUS E + policies > largest gains recorded in market's history ⏎ New narrative created. ⏎ Refusal to provide coverage of successes. ⏎ [Use FED to inc rates to counter growth and project POTUS blame] ⏎ Remember when D's and the FAKE NEWS media [+FAKEWOOD] pushed complete economic collapse if POTUS was elected? ⏎ POTUS E + policies > lowest unemployment records in history + record jobs/GDP growth  ⏎ New narrative created. ⏎ Refusal to provide coverage of successes. ⏎ [Deploy and use 'racism' 'sexism' and every other ….'ism
2658,namedEntities,Senate,,0,Remember when D's and the FAKE NEWS media [+FAKEWOOD] pushed mass fear that POTUS would start WWIII re: North Korea? ⏎ POTUS > PEACE on the Korean P > NO further missile tests or U enrichment. ⏎ New narrative created. ⏎ Refusal to provide coverage of successes. ⏎ Remember when D's and the FAKE NEWS media [+FAKEWOOD] pushed a stock market collapse if POTUS was elected? ⏎ POTUS E + policies > largest gains recorded in market's history ⏎ New narrative created. ⏎ Refusal to provide coverage of successes. ⏎ [Use FED to inc rates to counter growth and project POTUS blame] ⏎ Remember when D's and the FAKE NEWS media [+FAKEWOOD] pushed complete economic collapse if POTUS was elected? ⏎ POTUS E + policies > lowest unemployment records in history + record jobs/GDP growth  ⏎ New narrative created. ⏎ Refusal to provide coverage of successes. ⏎ [Deploy and use 'racism' 'sexism' and every other ….'ism
2658,namedEntities,Syria,Syria,1,Remember when D's and the FAKE NEWS media [+FAKEWOOD] pushed mass fear that POTUS would start WWIII re: North Korea? ⏎ POTUS > PEACE on the Korean P > NO further missile tests or U enrichment. ⏎ New narrative created. ⏎ Refusal to provide coverage of successes. ⏎ Remember when D's and the FAKE NEWS media [+FAKEWOOD] pushed a stock market collapse if POTUS was elected? ⏎ POTUS E + policies > largest gains recorded in market's history ⏎ New narrative created. ⏎ Refusal to provide coverage of successes. ⏎ [Use FED to inc rates to counter growth and project POTUS blame] ⏎ Remember when D's and the FAKE NEWS media [+FAKEWOOD] pushed complete economic collapse if POTUS was elected? ⏎ POTUS E + policies > lowest unemployment records in history + record jobs/GDP growth  ⏎ New narrative created. ⏎ Refusal to provide coverage of successes. ⏎ [Deploy and use 'racism' 'sexism' and every other ….'ism
2672,namedEntities,Mueller,,0,https://www.realclearinvestigations.com/articles/2018/02/11/former_cia_director_john_brennan_investigated_for_perjury.html ⏎ D House focus on POTUS = 'insurance' extension from MUELLER to House. ⏎ GJ testimony underway in several states. ⏎ Attempts to BLOCK/PROTECT themselves will FAIL. ⏎ Far beyond political corruption/sedition. ⏎ Law governing removal of a sitting Congress(m/w)/Senator? ⏎ Lights on. ⏎ Q ⏎ 
2673,namedEntities,Charlie Kirk,Charlie Kirk,1,https://twitter.com/charliekirk11/status/1084488036598075393 ⏎ FAKE NEWS control over those who do not think for themselves limits exposure of TRUTH. ⏎ [D] Party Con. ⏎ Q ⏎ 
2676,namedEntities,Huber,,0,"Optics are important. ⏎ Stealth bombers silent? ⏎ Re_read Mueller re: 'designed to' drops. ⏎ Probe conclusion coming?  ⏎ [-30] ⏎ Coincidence 'conclusion' occurring as new AG installed? ⏎ What is the purpose of WHITAKER? ⏎ Re_read drops re: 'Scaramucci' model. ⏎ Purpose? ⏎ Who did Scaramucci remove? ⏎ Effective? ⏎ Optics important? ⏎ What occurs post installed 'BLOCKADE' removal? ⏎ DECLAS? ⏎ [RR] 'complete' removal? ⏎ OIG release of findings? ⏎ How are they preparing to combat [narrative = vital]? ⏎ House intel launch of more 'FAKE' investigations in attempt to retain 'FALSE NARRATIVE' and claim 'POLITICAL ATTACK(S)' if investigated/prosecuted themselves?  ⏎ [AS]? ⏎ [SDNY-AG]? ⏎ Attempts to retain 'BLOCKADE'? ⏎ Attempts to prevent public release of the TRUTH? ⏎ ZERO leaks re: HUBER? ⏎ ZERO. ⏎ Do not mistake 'public' silence for inaction.  ⏎ ""This is not another 4-year election.""  ⏎ Q ⏎ "
2686,namedEntities,McCabe,,0,https://www.liveaction.org/what-we-do/investigations/child-sex-trafficking-cover-up/ ⏎ Why do D's push to fund [PP] using taxpayer dollars ($500m/year)? ⏎ Where does the money go? ⏎ Past political donations of [PP]? ⏎ What is the process of disposal re: aborted fetus? ⏎ What regulations (who monitors) are in place to ensure that process is being followed? ⏎ Why is there a new push by D's to legalize late term abortions? ⏎ See past drops re: [PP] re: Congressional report (WARNING: GRAPHIC) ⏎ This has nothing to do w/ a woman's right to choose (tactic they deploy when challenged to activate liberals/media hysteria). ⏎ The focus is on the organization itself.  ⏎ https://www.crainsnewyork.com/awards/kirk-adams-cecile-richards ⏎ Ask yourself a very simple question:  ⏎ Given the amount of evidence demonstrating illegal & disturbing activities by [PP]- where is the FBI investigation? ⏎ https://
2691,namedEntities,Mueller,,0,"If [AS] has seen 'evidence' of collusion and/or POTUS/RUSSIA illegal activities, as he's stated in the past many times across all D-arm media networks, why then is there a need to open 'new' investigations?  ⏎ What about the so-called 'evidence' already seen? ⏎ How is [AS] making open statements re: MUELLER not investigating POTUS/Deutsche Bank thorough enough if the MUELLER investigation itself is CLASSIFIED? ⏎ How does [AS] know what MUELLER has/hasn't investigated? ⏎ FAKE NEWS DESIGNED TO KEEP THE FAKE NARRATIVE IN PLAY [COVER]. ⏎ You are witnessing the greatest 'DISINFORMATION' campaign to ever be pushed by a political party.  ⏎ Ask yourself, why? ⏎ FEAR of what? ⏎ The message must be direct. ⏎ The WAR is very real. ⏎ Q ⏎ "
2691,namedEntities,Mueller,,0,"If [AS] has seen 'evidence' of collusion and/or POTUS/RUSSIA illegal activities, as he's stated in the past many times across all D-arm media networks, why then is there a need to open 'new' investigations?  ⏎ What about the so-called 'evidence' already seen? ⏎ How is [AS] making open statements re: MUELLER not investigating POTUS/Deutsche Bank thorough enough if the MUELLER investigation itself is CLASSIFIED? ⏎ How does [AS] know what MUELLER has/hasn't investigated? ⏎ FAKE NEWS DESIGNED TO KEEP THE FAKE NARRATIVE IN PLAY [COVER]. ⏎ You are witnessing the greatest 'DISINFORMATION' campaign to ever be pushed by a political party.  ⏎ Ask yourself, why? ⏎ FEAR of what? ⏎ The message must be direct. ⏎ The WAR is very real. ⏎ Q ⏎ "
2691,namedEntities,Mueller,,0,"If [AS] has seen 'evidence' of collusion and/or POTUS/RUSSIA illegal activities, as he's stated in the past many times across all D-arm media networks, why then is there a need to open 'new' investigations?  ⏎ What about the so-called 'evidence' already seen? ⏎ How is [AS] making open statements re: MUELLER not investigating POTUS/Deutsche Bank thorough enough if the MUELLER investigation itself is CLASSIFIED? ⏎ How does [AS] know what MUELLER has/hasn't investigated? ⏎ FAKE NEWS DESIGNED TO KEEP THE FAKE NARRATIVE IN PLAY [COVER]. ⏎ You are witnessing the greatest 'DISINFORMATION' campaign to ever be pushed by a political party.  ⏎ Ask yourself, why? ⏎ FEAR of what? ⏎ The message must be direct. ⏎ The WAR is very real. ⏎ Q ⏎ "
2693,namedEntities,Congress,,0,"https://twitter.com/RepAdamSchiff/status/1095051195658522625 ⏎ Let's actually use 'FACTS': ⏎ Step One: Hype an invented threat of POTUS working w/ the RUSSIANS (disinformation campaign). ⏎ Step Two: Send FBI/DOJ/CONGRESS/SENATE/C_A/NSA/INTEL/FVEY/etc… to address and investigate the IMAGINARY THREAT. ⏎ Step Three: Justify the 'SPECIAL COUNSEL' and MILLIONS OF TAXPAYER DOLLARS SPENT as necessary to protect the public and our election process against an imaginary, made-up, non-existent threat (which really is) designed to protect the illegal activities of many elected officials. ⏎ Step Four: Open 'new' Fake & False investigations as CHAIRMAN of the House Intel Comm to retain disinformation campaign designed to keep liberal/D Americans onboard to regain POWER & PREVENT prosecution - Executive Time! ⏎ Q ⏎ "
2693,namedEntities,Senate,,0,"https://twitter.com/RepAdamSchiff/status/1095051195658522625 ⏎ Let's actually use 'FACTS': ⏎ Step One: Hype an invented threat of POTUS working w/ the RUSSIANS (disinformation campaign). ⏎ Step Two: Send FBI/DOJ/CONGRESS/SENATE/C_A/NSA/INTEL/FVEY/etc… to address and investigate the IMAGINARY THREAT. ⏎ Step Three: Justify the 'SPECIAL COUNSEL' and MILLIONS OF TAXPAYER DOLLARS SPENT as necessary to protect the public and our election process against an imaginary, made-up, non-existent threat (which really is) designed to protect the illegal activities of many elected officials. ⏎ Step Four: Open 'new' Fake & False investigations as CHAIRMAN of the House Intel Comm to retain disinformation campaign designed to keep liberal/D Americans onboard to regain POWER & PREVENT prosecution - Executive Time! ⏎ Q ⏎ "
2717,namedEntities,Mueller,,0,"https://mobile.twitter.com/TheJusticeDept/status/1096195732967706629 ⏎ Effective today, MUELLER reports to BARR. ⏎ [Coming weeks] ⏎ Q ⏎ "
2717,namedEntities,Barr,,0,"https://mobile.twitter.com/TheJusticeDept/status/1096195732967706629 ⏎ Effective today, MUELLER reports to BARR. ⏎ [Coming weeks] ⏎ Q ⏎ "
2718,namedEntities,Barr,,0,https://mobile.twitter.com/2runtherace/status/1096166043972747271 ⏎ How is that possible? ⏎ On same day as BARR confirmation?  ⏎ What a coincidence.  ⏎ Define the word ‘plan’. ⏎ Q ⏎ 
2730,namedEntities,God,God,1,>>5186193 ⏎ Your husband answered the call as a brave and selfless Patriot.  ⏎ We are forever grateful for his service & sacrifice to this Country.  ⏎ May god bless you and your family.  ⏎ Honor & respect. ⏎ Q ⏎ 
275,namedEntities,Soros,,0,+FLY+ ⏎ Banks control Gov'ts ⏎ Gov'ts control people ⏎ SA controls elected people. ⏎ SOROS controls organizations of people.  ⏎ Ready to play? ⏎ Q ⏎ 
2766,namedEntities,Whitaker,Whitaker,1,https://www.politico.com/story/2019/02/15/whitaker-justice-department-attorney-general-counselor-1172109 ⏎ WHITAKER remain DOJ senior staff? ⏎ Senior counselor in the associate attorney general’s office? ⏎ Planned? ⏎ Q ⏎ 
2768,namedEntities,Kamala Harris,Kamala Harris,1,https://www.foxnews.com/politics/cory-booker-withholding-judgment-on-smollett-case-after-calling-it-attempted-modern-day-lynching ⏎ Harris & Booker applying political pressure re: Chicago PD re: Smollett FF case?  ⏎ What Bill did the Senate recently pass re: lynching?  ⏎ Who were the authors of the Bill? ⏎ What FF event took place just prior to the passing of the Bill? ⏎ Did the FF event involve a 'noose'?  ⏎ Did the FF event sway Senators in their decision to prevent FAKE NEWS attacks re: Smollett case? ⏎ Did FAKE NEWS contact many Senators prior to vote seeking out pro/nay in attempt to coerce using Smollett case as foundation for possible future smear? ⏎ What is the mathematical probability of these [2] events occurring within this same time period?  ⏎ What is the relationship of Smollett & Booker/Harris?  ⏎ Will Rahm Emanuel get involved? ⏎ Will the Chicago PD cave under pressure? ⏎ 
2768,namedEntities,Jussie Smollett,Jussie Smollett,1,https://www.foxnews.com/politics/cory-booker-withholding-judgment-on-smollett-case-after-calling-it-attempted-modern-day-lynching ⏎ Harris & Booker applying political pressure re: Chicago PD re: Smollett FF case?  ⏎ What Bill did the Senate recently pass re: lynching?  ⏎ Who were the authors of the Bill? ⏎ What FF event took place just prior to the passing of the Bill? ⏎ Did the FF event involve a 'noose'?  ⏎ Did the FF event sway Senators in their decision to prevent FAKE NEWS attacks re: Smollett case? ⏎ Did FAKE NEWS contact many Senators prior to vote seeking out pro/nay in attempt to coerce using Smollett case as foundation for possible future smear? ⏎ What is the mathematical probability of these [2] events occurring within this same time period?  ⏎ What is the relationship of Smollett & Booker/Harris?  ⏎ Will Rahm Emanuel get involved? ⏎ Will the Chicago PD cave under pressure? ⏎ 
2770,namedEntities,Hussein,,0,How do you infiltrate the MSM? ⏎ [Example 1] ⏎ ABC NEWS exec producer Ian Cameron married to Susan Rice (Nat Sec Advisor - HUSSEIN)? ⏎ CBS NEWS/CNN Journ Bianna Vitalievna married to Peter R Orszag (Dir of Office of Mgmt/Budget - HUSSEIN)? ⏎ CBS NEWS president David Rhodes brother of Ben Rhodes (Del Nat Sec Advisor - HUSSEIN)? ⏎ ABC NEWS correspondent Claire Shipman married to Jay Carney (WH Press Sec - HUSSEIN)? ⏎ …………… ⏎ MSM = arm/extension of the [D] party? ⏎ Nothing to See Here. ⏎ Q ⏎ 
2770,namedEntities,Hussein,,0,How do you infiltrate the MSM? ⏎ [Example 1] ⏎ ABC NEWS exec producer Ian Cameron married to Susan Rice (Nat Sec Advisor - HUSSEIN)? ⏎ CBS NEWS/CNN Journ Bianna Vitalievna married to Peter R Orszag (Dir of Office of Mgmt/Budget - HUSSEIN)? ⏎ CBS NEWS president David Rhodes brother of Ben Rhodes (Del Nat Sec Advisor - HUSSEIN)? ⏎ ABC NEWS correspondent Claire Shipman married to Jay Carney (WH Press Sec - HUSSEIN)? ⏎ …………… ⏎ MSM = arm/extension of the [D] party? ⏎ Nothing to See Here. ⏎ Q ⏎ 
2770,namedEntities,Hussein,,0,How do you infiltrate the MSM? ⏎ [Example 1] ⏎ ABC NEWS exec producer Ian Cameron married to Susan Rice (Nat Sec Advisor - HUSSEIN)? ⏎ CBS NEWS/CNN Journ Bianna Vitalievna married to Peter R Orszag (Dir of Office of Mgmt/Budget - HUSSEIN)? ⏎ CBS NEWS president David Rhodes brother of Ben Rhodes (Del Nat Sec Advisor - HUSSEIN)? ⏎ ABC NEWS correspondent Claire Shipman married to Jay Carney (WH Press Sec - HUSSEIN)? ⏎ …………… ⏎ MSM = arm/extension of the [D] party? ⏎ Nothing to See Here. ⏎ Q ⏎ 
2770,namedEntities,Hussein,,0,How do you infiltrate the MSM? ⏎ [Example 1] ⏎ ABC NEWS exec producer Ian Cameron married to Susan Rice (Nat Sec Advisor - HUSSEIN)? ⏎ CBS NEWS/CNN Journ Bianna Vitalievna married to Peter R Orszag (Dir of Office of Mgmt/Budget - HUSSEIN)? ⏎ CBS NEWS president David Rhodes brother of Ben Rhodes (Del Nat Sec Advisor - HUSSEIN)? ⏎ ABC NEWS correspondent Claire Shipman married to Jay Carney (WH Press Sec - HUSSEIN)? ⏎ …………… ⏎ MSM = arm/extension of the [D] party? ⏎ Nothing to See Here. ⏎ Q ⏎ 
2782,namedEntities,Gavin Newsom,Gavin Newsom,1,[Example CA] ⏎ https://calmatters.org/articles/commentary/gavin-newsoms-keeping-it-all-in-the-family/amp/? ⏎ What ‘family’ runs CA? ⏎ They are all connected. ⏎ Wealth-Power-Influence ⏎ [RIGGED] ⏎ The More You Know…. ⏎ Q ⏎ 
2787,namedEntities,Hussein,,0,">>5244054 ⏎ Attempt to isolate @ FBI/DOJ? ⏎ Do you believe the FBI/DOJ acted alone? ⏎ If HRC directed & financed the 'dossier' in order to obtain the 'bulk' so-called evidence in order to generate circular news articles (think Yahoo!) and obtain a FISC sign-off, is it reasonable to think that members of the INTEL APPARATUS, STATE DEPT, WH, FOREIGN ALLIES, ETC. were also involved?  ⏎ THE BIGGEST SCANDAL IN OUR KNOWN HISTORY [A NEW WORD FOR 'TREASON' WILL NEED TO BE INVENTED]. ⏎ Why does HUSSEIN continue to 'proudly' state his administration was 'scandal free'? ⏎ Define 'Projection'. ⏎ Q ⏎ "
2788,namedEntities,God,God,1,"How can an entity known only as 'Q' (face-less, name-less, fame-less, etc.) begin to ask questions on 4ch (now 8ch) and build something of this magnitude? ⏎ How can this same 'Q' entity garner such a massive amount of WW MSM [FAKE NEWS] attention [attacks]? ⏎ How is it possible this 'Q' entity can 'forecast' future events or 'know' when the POTUS is about to Tweet?  ⏎ How is it possible 'FUTURE PROVES PAST' re: information provided? ⏎ How is it possible this 'Q' entity, an entity who began by merely asking questions on 4ch/8ch, was able to ………(fill in the blank). ⏎ Think logically.  ⏎ People are craving TRUTH. ⏎ People are craving TRANSPARENCY. ⏎ People are craving EQUAL JUSTICE UNDER THE LAW. ⏎ People are craving GOOD. ⏎ People are craving RIGHT. ⏎ People are craving TRUE FREEDOM. ⏎ People are craving SAFETY & SECURITY. ⏎ People are craving ………..(fill in the blank). ⏎ PROOFS NEGATE FALS"
2807,namedEntities,United States of America,,0," ⏎ [TOPIC: TAXPAYER THEFT] ⏎ INSIDER vs OUTSIDER ⏎ RETAIN CONTROL vs. LOSE CONTROL ⏎ Kennedy was an outsider [assassinated] ⏎ Reagan was an outsider [assassination attempt] ⏎ POTUS is an outsider [CLAS HIGH] ⏎ How much money (CASH) was sent by the FED to Iraq (Iraq War)?  ⏎ https://www.theguardian.com/world/2007/feb/08/usa.iraq1 ⏎ https://www.reuters.com/article/us-iraq-usa-cash/u-s-sent-pallets-of-cash-to-baghdad-idUSN0631295120070207 ⏎ https://www.cnbc.com/id/45031100 ⏎ How much money (CASH) was confiscated from the Iraq Central Bank?  ⏎ https://www.ozy.com/flashback/saddam-husseins-billion-dollar-bank-heist/66076 ⏎ [Example – not intended for PUBLIC awareness] ⏎ https://www.nytimes.com/2014/10/12/world/investigation-into-missing-iraqi-cash-ended-in-lebanon-bunker.html ⏎ If it worked in IRAQ, why not replicate in IRAN? ⏎ How much money (CASH) was sent to IRAN? ⏎ https://www.foxnews.com"
2807,namedEntities,God,God,1," ⏎ [TOPIC: TAXPAYER THEFT] ⏎ INSIDER vs OUTSIDER ⏎ RETAIN CONTROL vs. LOSE CONTROL ⏎ Kennedy was an outsider [assassinated] ⏎ Reagan was an outsider [assassination attempt] ⏎ POTUS is an outsider [CLAS HIGH] ⏎ How much money (CASH) was sent by the FED to Iraq (Iraq War)?  ⏎ https://www.theguardian.com/world/2007/feb/08/usa.iraq1 ⏎ https://www.reuters.com/article/us-iraq-usa-cash/u-s-sent-pallets-of-cash-to-baghdad-idUSN0631295120070207 ⏎ https://www.cnbc.com/id/45031100 ⏎ How much money (CASH) was confiscated from the Iraq Central Bank?  ⏎ https://www.ozy.com/flashback/saddam-husseins-billion-dollar-bank-heist/66076 ⏎ [Example – not intended for PUBLIC awareness] ⏎ https://www.nytimes.com/2014/10/12/world/investigation-into-missing-iraqi-cash-ended-in-lebanon-bunker.html ⏎ If it worked in IRAQ, why not replicate in IRAN? ⏎ How much money (CASH) was sent to IRAN? ⏎ https://www.foxnews.com"
2838,namedEntities,Barr,,0,https://www-m.cnn.com/2019/02/20/politics/special-counsel-conclusion-announcement/index.html?r=https%3A%2F%2Fwww.cnn.com%2F ⏎ Right after BARR installed?  ⏎ What a coincidence. ⏎ News moving fast? ⏎ Q ⏎ 
2841,namedEntities,Ann Coulter,Ann Coulter,1,>>5293706 ⏎ https://twitter.com/anncoulter/status/266087794110259200?lang=en ⏎ Happy Hunting! ⏎ Q ⏎ 
2844,namedEntities,Hussein,,0,"https://twitter.com/JuliansRum/status/1098378470218969089 ⏎ What is the process to enter a SCIF? ⏎ What security level must exist in order to gain entry? ⏎ Can non-security-level person(s) be invited to participate?  ⏎ Do logs exist for each designated meeting?  ⏎ Do logs record time in/time out/who in/who out? ⏎ Ability to enter (arrange) w/o paper trail? ⏎ :RT Jan 29 2018 - IDEN [not for anons] ⏎ IDEN Jan 29 2018 & run back 1-2 [not for anons] ⏎ SCIF logs can be 'very' revealing. ⏎ HUSSEIN's USSS codename: RENEGADE ⏎ Define 'Renegade'. ⏎ noun ⏎ 1. a person who deserts and betrays an organization, country, or set of principles. ⏎ synonyms:	traitor, defector, deserter, turncoat, betrayer ⏎ Q ⏎ "
2849,namedEntities,Smollett,Smollett,1,HATE HOAX by [SMOLLETT] [FF designed to pass anti-lynching law] gets wall-to-wall FAKE NEWS coverage? ⏎ REAL HATE [REAL VIOLENCE] [& FASCISM] carried out by members of ANTIFA gets ZERO coverage? ⏎ Reconcile.  ⏎ 1=1? ⏎ When will the FBI conclude their investigation into ANTIFA?  ⏎ What happens if the phone records of SMOLLETT leak? ⏎ Who did he talk to multiple times prior to turning himself in?  ⏎ Political forces @ work? ⏎ ENEMY OF THE PEOPLE. ⏎ Q ⏎ 
285,namedEntities,Freedom Caucus,Freedom Caucus,1,What if No Such Agency alerted May to the kill plan per POTUS? ⏎ What if the attempt was ordered by ++? ⏎ Why? ⏎ FREEDOM Caucus? ⏎ FREEDOM. ⏎ Q ⏎ 
2850,namedEntities,Liberals,Liberals,1,>>5308748 ⏎ https://www.foxnews.com/us/jussie-smolletts-alleged-hate-crime-hoax-sheds-light-on-similar-phony-accusations ⏎ Notice a TREND by LIBERALS + D's?  ⏎ FAKE! FAKE! FAKE! ⏎ THEY WILL STOP AT NOTHING TO REGAIN POWER. ⏎ #WakeUpAmerica ⏎ Q ⏎ 
2856,namedEntities,Barr,,0,"[Soft Push of New Narrative - Example] ⏎ https://twitter.com/KimStrassel/status/1098748506364203008 ⏎ https://twitter.com/nytopinion/status/1098725171022700545 ⏎ https://twitter.com/robreiner/status/1098395056052948992 ⏎ What happened to the Mueller hype? ⏎ What happened to the Mueller will take down POTUS threats [@JohnBrennan]? ⏎ Was MUELLER the 'insurance' policy aka BLOCKADE designed to limit/restrict POTUS' ability to enforce the law? ⏎ [TRAITORS] ⏎ New talking points being pushed backing away from Mueller as the savior re: excuse A, excuse B, excuse C?  ⏎ Why are *new* investigations by [AS] being started, if, as he's stated for almost (2) years, 'evidence' exists that ties POTUS to Russia? ⏎ If they had evidence, do you think it would have leaked?  ⏎ If they had evidence, would they be backing away (playing down) the Mueller report about to be released? ⏎ First they pushed for a S"
2878,namedEntities,Hillary,,0,>>5333408 ⏎ https://www.iwr.ai/voterfraud/index.html#top ⏎ Link embedded in article. ⏎ CROOKED [[[HILLARY]]]. ⏎ Q ⏎ 
2883,namedEntities,Hussein,,0,(1) Info ⏎ https://www.ncc.gov.ng/documents/297-understanding-internet-infrastructure-emerging-issues/file ⏎ (2) Remove Control from Gov't and provide to CA (who controls CA?) ⏎ https://www.forbes.com/sites/jodywestby/2016/09/24/7-days-before-obama-gives-away-internet-national-security/#2129f20b30d4 ⏎ (3) Significant Risk? Cover? Control? ⏎ https://www.icann.org/news/announcement-2019-02-22-en ⏎ Why would [HUSSEIN] transfer US Gov't control of the internet to a non-profit CA co?  ⏎ You are the news now. ⏎ Q ⏎ 
2935,namedEntities,Mueller,,0,https://www.foxnews.com/politics/nadler-announces-sweeping-document-requests-declares-trump-obstructed-justice ⏎ When the original 'insurance' policy expires [MUELLER] and you must attempt to 'protect' those in harms way by re_applying BLOCKADE + maintain leftist hatred & FAKE NEWS narrative you……….. ⏎ Q ⏎ 
2936,namedEntities,Trump,,0,At what stage in the game do you play the TRUMP card? ⏎ Q ⏎ 
2937,namedEntities,Huber,,0,Why have there been no arrests? ⏎ Why have 'specific' dates been mentioned only to see no action? ⏎ Define 'game theory'. ⏎ Why must disinformation be provided? ⏎ Define 'open source'. ⏎ Define 'public purview'.  ⏎ Do we let our enemies walk through the front door? ⏎ Define 'plausible deniability'.  ⏎ Why was it important to FIRST clean house within the FBI & DOJ (public info)? ⏎ Why was it important to FIRST clean house within other ABC agencies (non_public info)? ⏎ What are the duties of the FBI? ⏎ What are the duties of the DOJ? ⏎ When does MIL INTEL have jurisdiction?  ⏎ What vested powers does POTUS have re: MIL INTEL vs. ABC agencies re: matters of NAT SEC (HOMELAND)? ⏎ Think 'umbrella surv'. ⏎ What agency does the FBI report to?  ⏎ What is the role of the AG? ⏎ Does the AG oversee the firing of FBI & DOJ senior/mid/lower staff? ⏎ How many FBI & DOJ were FIRED/FORCED? ⏎ Does 'Russi
2937,namedEntities,Barr,,0,Why have there been no arrests? ⏎ Why have 'specific' dates been mentioned only to see no action? ⏎ Define 'game theory'. ⏎ Why must disinformation be provided? ⏎ Define 'open source'. ⏎ Define 'public purview'.  ⏎ Do we let our enemies walk through the front door? ⏎ Define 'plausible deniability'.  ⏎ Why was it important to FIRST clean house within the FBI & DOJ (public info)? ⏎ Why was it important to FIRST clean house within other ABC agencies (non_public info)? ⏎ What are the duties of the FBI? ⏎ What are the duties of the DOJ? ⏎ When does MIL INTEL have jurisdiction?  ⏎ What vested powers does POTUS have re: MIL INTEL vs. ABC agencies re: matters of NAT SEC (HOMELAND)? ⏎ Think 'umbrella surv'. ⏎ What agency does the FBI report to?  ⏎ What is the role of the AG? ⏎ Does the AG oversee the firing of FBI & DOJ senior/mid/lower staff? ⏎ How many FBI & DOJ were FIRED/FORCED? ⏎ Does 'Russi
2955,namedEntities,Whitaker,Whitaker,1,">>5502835 ⏎ You have a short memory, Anon. ⏎ He did remain on and in a senior role as stated by the DOJ. ⏎ https://www.politico.com/story/2019/02/15/whitaker-justice-department-attorney-general-counselor-1172109 ⏎ Duration stated? ⏎ Why are key positions always interchanging?  ⏎ Logical thinking by oneself clarifies easy-to-answer questions. ⏎ Q ⏎ "
2984,namedEntities,Hussein,,0,"FB RETURNING TO THE NEWS. ⏎ LIFELOG (DARPA) ENDS > FB BEGINS ⏎ LIFELOG (DARPA) TEAM TRANSFER > FB ⏎ WHAT (DARPA) TEAM MEMBERS PAST/PRESENT WORK FOR FB? ⏎ WHAT DIVISIONS? ⏎ LOCATE (3) PUBLIC. ⏎ (9) TOTAL (6_NON PUB). ⏎ BUILDING 8 EXPOSED (HERE) WHEN? ⏎ [4-11-18] ⏎ *THINK SCRAMBLE [OFFLINE SCRUB] POST XBOX/PS CHAT LOGS DROP*  ⏎ [MS SHUTDOWN IMMEDIATELY POST DROP] ⏎ BUILDING 8 NEWS RELEASE ""RESTRUCTURING BUILDING 8"" RELEASE? ⏎ [12-14-18] > RIP ⏎ https://techcrunch.com/2018/12/14/facebook-restructures-building-8-separating-projects-into-reality-labs-and-portal-groups/ ⏎ RIP = FALSE ⏎ REORG = TRUE ⏎ CHINA-CHINA-CHINA ⏎ CHINA-CHINA-CHINA ⏎ [OPEN ACCESS - PAY FOR PLAY] ⏎ LAWS WHICH PREVENT C_A OPERATIONS INSIDE HOMELAND? ⏎ BULK DATA COLLECTION_NSA_HOMELAND? ⏎ BULK DATA COLLECTION_C_A_HOMELAND? ⏎ HOW DOES THE C_A AVOID LAW TRIGGER RE: UMBRELLA_SPY_HOMELAND? ⏎ FACEBOOK [CHINA_BUILDING 8] ⏎ GOOGLE"
2984,namedEntities,Brennan,,0,"FB RETURNING TO THE NEWS. ⏎ LIFELOG (DARPA) ENDS > FB BEGINS ⏎ LIFELOG (DARPA) TEAM TRANSFER > FB ⏎ WHAT (DARPA) TEAM MEMBERS PAST/PRESENT WORK FOR FB? ⏎ WHAT DIVISIONS? ⏎ LOCATE (3) PUBLIC. ⏎ (9) TOTAL (6_NON PUB). ⏎ BUILDING 8 EXPOSED (HERE) WHEN? ⏎ [4-11-18] ⏎ *THINK SCRAMBLE [OFFLINE SCRUB] POST XBOX/PS CHAT LOGS DROP*  ⏎ [MS SHUTDOWN IMMEDIATELY POST DROP] ⏎ BUILDING 8 NEWS RELEASE ""RESTRUCTURING BUILDING 8"" RELEASE? ⏎ [12-14-18] > RIP ⏎ https://techcrunch.com/2018/12/14/facebook-restructures-building-8-separating-projects-into-reality-labs-and-portal-groups/ ⏎ RIP = FALSE ⏎ REORG = TRUE ⏎ CHINA-CHINA-CHINA ⏎ CHINA-CHINA-CHINA ⏎ [OPEN ACCESS - PAY FOR PLAY] ⏎ LAWS WHICH PREVENT C_A OPERATIONS INSIDE HOMELAND? ⏎ BULK DATA COLLECTION_NSA_HOMELAND? ⏎ BULK DATA COLLECTION_C_A_HOMELAND? ⏎ HOW DOES THE C_A AVOID LAW TRIGGER RE: UMBRELLA_SPY_HOMELAND? ⏎ FACEBOOK [CHINA_BUILDING 8] ⏎ GOOGLE"
2984,namedEntities,Senate,,0,"FB RETURNING TO THE NEWS. ⏎ LIFELOG (DARPA) ENDS > FB BEGINS ⏎ LIFELOG (DARPA) TEAM TRANSFER > FB ⏎ WHAT (DARPA) TEAM MEMBERS PAST/PRESENT WORK FOR FB? ⏎ WHAT DIVISIONS? ⏎ LOCATE (3) PUBLIC. ⏎ (9) TOTAL (6_NON PUB). ⏎ BUILDING 8 EXPOSED (HERE) WHEN? ⏎ [4-11-18] ⏎ *THINK SCRAMBLE [OFFLINE SCRUB] POST XBOX/PS CHAT LOGS DROP*  ⏎ [MS SHUTDOWN IMMEDIATELY POST DROP] ⏎ BUILDING 8 NEWS RELEASE ""RESTRUCTURING BUILDING 8"" RELEASE? ⏎ [12-14-18] > RIP ⏎ https://techcrunch.com/2018/12/14/facebook-restructures-building-8-separating-projects-into-reality-labs-and-portal-groups/ ⏎ RIP = FALSE ⏎ REORG = TRUE ⏎ CHINA-CHINA-CHINA ⏎ CHINA-CHINA-CHINA ⏎ [OPEN ACCESS - PAY FOR PLAY] ⏎ LAWS WHICH PREVENT C_A OPERATIONS INSIDE HOMELAND? ⏎ BULK DATA COLLECTION_NSA_HOMELAND? ⏎ BULK DATA COLLECTION_C_A_HOMELAND? ⏎ HOW DOES THE C_A AVOID LAW TRIGGER RE: UMBRELLA_SPY_HOMELAND? ⏎ FACEBOOK [CHINA_BUILDING 8] ⏎ GOOGLE"
2984,namedEntities,Senate,,0,"FB RETURNING TO THE NEWS. ⏎ LIFELOG (DARPA) ENDS > FB BEGINS ⏎ LIFELOG (DARPA) TEAM TRANSFER > FB ⏎ WHAT (DARPA) TEAM MEMBERS PAST/PRESENT WORK FOR FB? ⏎ WHAT DIVISIONS? ⏎ LOCATE (3) PUBLIC. ⏎ (9) TOTAL (6_NON PUB). ⏎ BUILDING 8 EXPOSED (HERE) WHEN? ⏎ [4-11-18] ⏎ *THINK SCRAMBLE [OFFLINE SCRUB] POST XBOX/PS CHAT LOGS DROP*  ⏎ [MS SHUTDOWN IMMEDIATELY POST DROP] ⏎ BUILDING 8 NEWS RELEASE ""RESTRUCTURING BUILDING 8"" RELEASE? ⏎ [12-14-18] > RIP ⏎ https://techcrunch.com/2018/12/14/facebook-restructures-building-8-separating-projects-into-reality-labs-and-portal-groups/ ⏎ RIP = FALSE ⏎ REORG = TRUE ⏎ CHINA-CHINA-CHINA ⏎ CHINA-CHINA-CHINA ⏎ [OPEN ACCESS - PAY FOR PLAY] ⏎ LAWS WHICH PREVENT C_A OPERATIONS INSIDE HOMELAND? ⏎ BULK DATA COLLECTION_NSA_HOMELAND? ⏎ BULK DATA COLLECTION_C_A_HOMELAND? ⏎ HOW DOES THE C_A AVOID LAW TRIGGER RE: UMBRELLA_SPY_HOMELAND? ⏎ FACEBOOK [CHINA_BUILDING 8] ⏎ GOOGLE"
2984,namedEntities,Building 8,Building 8,1,"FB RETURNING TO THE NEWS. ⏎ LIFELOG (DARPA) ENDS > FB BEGINS ⏎ LIFELOG (DARPA) TEAM TRANSFER > FB ⏎ WHAT (DARPA) TEAM MEMBERS PAST/PRESENT WORK FOR FB? ⏎ WHAT DIVISIONS? ⏎ LOCATE (3) PUBLIC. ⏎ (9) TOTAL (6_NON PUB). ⏎ BUILDING 8 EXPOSED (HERE) WHEN? ⏎ [4-11-18] ⏎ *THINK SCRAMBLE [OFFLINE SCRUB] POST XBOX/PS CHAT LOGS DROP*  ⏎ [MS SHUTDOWN IMMEDIATELY POST DROP] ⏎ BUILDING 8 NEWS RELEASE ""RESTRUCTURING BUILDING 8"" RELEASE? ⏎ [12-14-18] > RIP ⏎ https://techcrunch.com/2018/12/14/facebook-restructures-building-8-separating-projects-into-reality-labs-and-portal-groups/ ⏎ RIP = FALSE ⏎ REORG = TRUE ⏎ CHINA-CHINA-CHINA ⏎ CHINA-CHINA-CHINA ⏎ [OPEN ACCESS - PAY FOR PLAY] ⏎ LAWS WHICH PREVENT C_A OPERATIONS INSIDE HOMELAND? ⏎ BULK DATA COLLECTION_NSA_HOMELAND? ⏎ BULK DATA COLLECTION_C_A_HOMELAND? ⏎ HOW DOES THE C_A AVOID LAW TRIGGER RE: UMBRELLA_SPY_HOMELAND? ⏎ FACEBOOK [CHINA_BUILDING 8] ⏎ GOOGLE"
2984,namedEntities,Xbox,Xbox,1,"FB RETURNING TO THE NEWS. ⏎ LIFELOG (DARPA) ENDS > FB BEGINS ⏎ LIFELOG (DARPA) TEAM TRANSFER > FB ⏎ WHAT (DARPA) TEAM MEMBERS PAST/PRESENT WORK FOR FB? ⏎ WHAT DIVISIONS? ⏎ LOCATE (3) PUBLIC. ⏎ (9) TOTAL (6_NON PUB). ⏎ BUILDING 8 EXPOSED (HERE) WHEN? ⏎ [4-11-18] ⏎ *THINK SCRAMBLE [OFFLINE SCRUB] POST XBOX/PS CHAT LOGS DROP*  ⏎ [MS SHUTDOWN IMMEDIATELY POST DROP] ⏎ BUILDING 8 NEWS RELEASE ""RESTRUCTURING BUILDING 8"" RELEASE? ⏎ [12-14-18] > RIP ⏎ https://techcrunch.com/2018/12/14/facebook-restructures-building-8-separating-projects-into-reality-labs-and-portal-groups/ ⏎ RIP = FALSE ⏎ REORG = TRUE ⏎ CHINA-CHINA-CHINA ⏎ CHINA-CHINA-CHINA ⏎ [OPEN ACCESS - PAY FOR PLAY] ⏎ LAWS WHICH PREVENT C_A OPERATIONS INSIDE HOMELAND? ⏎ BULK DATA COLLECTION_NSA_HOMELAND? ⏎ BULK DATA COLLECTION_C_A_HOMELAND? ⏎ HOW DOES THE C_A AVOID LAW TRIGGER RE: UMBRELLA_SPY_HOMELAND? ⏎ FACEBOOK [CHINA_BUILDING 8] ⏎ GOOGLE"
2984,namedEntities,Amazon,Amazon,1,"FB RETURNING TO THE NEWS. ⏎ LIFELOG (DARPA) ENDS > FB BEGINS ⏎ LIFELOG (DARPA) TEAM TRANSFER > FB ⏎ WHAT (DARPA) TEAM MEMBERS PAST/PRESENT WORK FOR FB? ⏎ WHAT DIVISIONS? ⏎ LOCATE (3) PUBLIC. ⏎ (9) TOTAL (6_NON PUB). ⏎ BUILDING 8 EXPOSED (HERE) WHEN? ⏎ [4-11-18] ⏎ *THINK SCRAMBLE [OFFLINE SCRUB] POST XBOX/PS CHAT LOGS DROP*  ⏎ [MS SHUTDOWN IMMEDIATELY POST DROP] ⏎ BUILDING 8 NEWS RELEASE ""RESTRUCTURING BUILDING 8"" RELEASE? ⏎ [12-14-18] > RIP ⏎ https://techcrunch.com/2018/12/14/facebook-restructures-building-8-separating-projects-into-reality-labs-and-portal-groups/ ⏎ RIP = FALSE ⏎ REORG = TRUE ⏎ CHINA-CHINA-CHINA ⏎ CHINA-CHINA-CHINA ⏎ [OPEN ACCESS - PAY FOR PLAY] ⏎ LAWS WHICH PREVENT C_A OPERATIONS INSIDE HOMELAND? ⏎ BULK DATA COLLECTION_NSA_HOMELAND? ⏎ BULK DATA COLLECTION_C_A_HOMELAND? ⏎ HOW DOES THE C_A AVOID LAW TRIGGER RE: UMBRELLA_SPY_HOMELAND? ⏎ FACEBOOK [CHINA_BUILDING 8] ⏎ GOOGLE"
2989,namedEntities,United States of America,,0,"Logical thinking. ⏎ Did DARPA complete build/code (tax-payer funded) 'LifeLog' program? ⏎ After completion, was there fear the public wouldn't accept the adoption if known it was DoD/C_A backed?  ⏎ Do you believe people would join a platform knowing it was under the control of the C_A and FED GOV? ⏎ No. ⏎ How do you lure the masses into entering all their personal info and private messages (i.e. their LIFE LOG) onto a new platform? ⏎ Do you make it cool? ⏎ How did FB 'supposedly' start and launch? ⏎ Ivy league only? ⏎ Develop a trend and/or following? ⏎ How do you keep the project running w/o 'public' taxpayer funds? [DoD reported LifeLog was TERMINATED to Congress/Senate OS] ⏎ Define 'Black Budget'.  ⏎ Did HWOOD push? ⏎ Do people follow the 'stars'?  ⏎ Competitors systematically attacked (myspace) to prevent comp? ⏎ THE LARGEST 'COLLECTIVE' SOCIAL MEDIA PLATFORM IN THE WORLD (BILLIONS L"
2989,namedEntities,Ivy League,Ivy League,1,"Logical thinking. ⏎ Did DARPA complete build/code (tax-payer funded) 'LifeLog' program? ⏎ After completion, was there fear the public wouldn't accept the adoption if known it was DoD/C_A backed?  ⏎ Do you believe people would join a platform knowing it was under the control of the C_A and FED GOV? ⏎ No. ⏎ How do you lure the masses into entering all their personal info and private messages (i.e. their LIFE LOG) onto a new platform? ⏎ Do you make it cool? ⏎ How did FB 'supposedly' start and launch? ⏎ Ivy league only? ⏎ Develop a trend and/or following? ⏎ How do you keep the project running w/o 'public' taxpayer funds? [DoD reported LifeLog was TERMINATED to Congress/Senate OS] ⏎ Define 'Black Budget'.  ⏎ Did HWOOD push? ⏎ Do people follow the 'stars'?  ⏎ Competitors systematically attacked (myspace) to prevent comp? ⏎ THE LARGEST 'COLLECTIVE' SOCIAL MEDIA PLATFORM IN THE WORLD (BILLIONS L"
3004,namedEntities,Sessions,,0,[1] ⏎ https://twitter.com/paulsperry_/status/1102625638245122048 ⏎ SESSIONS’ Senate vote? ⏎ 52-47 ⏎ [RR] Senate vote? ⏎ 94-6 ⏎ Do you target your enemies or your allies?   ⏎ Why was SESSIONS targeted? ⏎ Who appointed HUBER? ⏎ Who had DIRECT OS over HUBER? ⏎ DAG also listed for optics? ⏎ WHO REALLY HAD DIRECT OS OVER HUBER? ⏎ NO_LEAKS ⏎ NONE ⏎ Who FIRED/REMOVED the traitors within the FBI/DOJ? ⏎ Do you believe the timing is a coincidence?  ⏎ [2] ⏎ https://twitter.com/USAttyHuber/status/1104104287905275904 ⏎ >clear vision for the @DOJ ⏎ >hold offenders accountable ⏎ >advance the rule of law. ⏎ Do you believe the timing is a coincidence? ⏎ [3] ⏎ https://twitter.com/2020Republicans/status/1104424668138749957 ⏎ Do you believe the timing is a coincidence? ⏎ [4] ⏎ https://www.documentcloud.org/documents/5764382-AO-DOJ-HuberDirective.html#document/p3/a485908 ⏎ Do you believe the timing is a coin
3004,namedEntities,Sessions,,0,[1] ⏎ https://twitter.com/paulsperry_/status/1102625638245122048 ⏎ SESSIONS’ Senate vote? ⏎ 52-47 ⏎ [RR] Senate vote? ⏎ 94-6 ⏎ Do you target your enemies or your allies?   ⏎ Why was SESSIONS targeted? ⏎ Who appointed HUBER? ⏎ Who had DIRECT OS over HUBER? ⏎ DAG also listed for optics? ⏎ WHO REALLY HAD DIRECT OS OVER HUBER? ⏎ NO_LEAKS ⏎ NONE ⏎ Who FIRED/REMOVED the traitors within the FBI/DOJ? ⏎ Do you believe the timing is a coincidence?  ⏎ [2] ⏎ https://twitter.com/USAttyHuber/status/1104104287905275904 ⏎ >clear vision for the @DOJ ⏎ >hold offenders accountable ⏎ >advance the rule of law. ⏎ Do you believe the timing is a coincidence? ⏎ [3] ⏎ https://twitter.com/2020Republicans/status/1104424668138749957 ⏎ Do you believe the timing is a coincidence? ⏎ [4] ⏎ https://www.documentcloud.org/documents/5764382-AO-DOJ-HuberDirective.html#document/p3/a485908 ⏎ Do you believe the timing is a coin
3006,namedEntities,US Senate,US Senate,1,"Nellie Ohr > C_A? ⏎ There are others within the FBI/DOJ linked to the C_A. ⏎ https://www.washingtonpost.com/local/when-ex-spies-go-rogue-by-becoming-lawmakers/2019/01/01/9890c4da-095c-11e9-a3f0-71c95106d96a_story.html?noredirect=on&utm_term=.df98c57998eb ⏎ What access does a House member have? ⏎ What access does a House Committee member have?  ⏎ Think [Brennan] spy campaign > US SENATE ⏎ What happens when the C_A targets [spy insertion] the Executive, House, Senate, DOJ, FBI, State, etc branches of the UNITED STATES GOV?  ⏎ How many so-called 'former' C_A agents ran for House elections in 2018? ⏎ What party? ⏎ [D] ⏎ What happens when the C_A targets [spy + tech insertion] of GOOG, FB [LifeLog], Twitter, etc etc?  ⏎ https://www.foxnews.com/tech/mark-zuckerbergs-conference-room-has-a-secret-panic-chute-report-says ⏎ What happens when people wake up to the fact that FB is a cover for LifeLo"
3007,namedEntities,Sara Carter,Sara Carter | SC,2,https://twitter.com/SaraCarterDC/status/1104373637036032000 ⏎ Define 'Protection'. ⏎ Q ⏎ 
3012,namedEntities,George Papa,George Papa,1,"https://twitter.com/GeorgePapa19/status/1104516087981457410 ⏎ Patriots stand at the ready, and prepared, for what is about to come. ⏎ THE GREAT AWAKENING! ⏎ Q ⏎ "
3015,namedEntities,Scaramucci,Scaramucci,1,"https://www.msn.com/en-us/news/politics/it-exists-doj-finds-letter-ordering-scrutiny-of-uranium-one-hillary-clinton/ar-BBUzHJZ?ocid=st ⏎ “It strains credulity to believe that the Justice Department didn’t know about this letter when they swore under penalty of perjury that it didn’t exist–you don’t exactly forget about a formal directive to investigate Hillary Clinton signed by Jeff Sessions,” he added. ⏎ “The fact that they only ‘found’ it the same week Matthew Whitaker was heading for the exit makes it hard to see DOJ’s previous denial as anything but a deliberate attempt to conceal……."" ⏎ ""Sessions and Whitaker shouldn’t escape accountability by skipping town."" — SCARAMUCCI MODEL? ⏎ How do you keep a secret? ⏎ How do you prevent leaks? ⏎ Q ⏎ "
3022,namedEntities,Gina,Gina,1,">>5617724 ⏎ Connect the dots? ⏎ @Snowden released code words (NSA_key(s)). ⏎ @Snowden travels to RUSSIA. ⏎ Shadow Brokers release actual code (NSA_key(s)). ⏎ Shadow Brokers ORIG in RUSSIA. ⏎ Can you make the connection why @Snowden went to RUSSIA? ⏎ Can you make the connection who provided the source code to SHADOW BROKERS? ⏎ Define 'Spook'. ⏎ Define 'Shadow'. ⏎ Do 'Spooks' hide in the 'Shadows'?  ⏎ STAND STRONG, GINA.  ⏎ Q ⏎ "
3023,namedEntities,John Perry Barlow,John Perry Barlow,1,>>5617930 ⏎ Who was Agency DIR from 2012- 2016? ⏎ [AGENCY DIR] ⏎ [JOHN PERRY BARLOW] ⏎ How did we know (prior to)? ⏎ Q ⏎ 
3024,namedEntities,Brennan,,0,"https://twitter.com/snowden/status/997271424590143488?lang=en ⏎ Banking on HRC to win? ⏎ You never thought she would lose. ⏎ Banking on BRENNAN to bring you home? ⏎ You never expected a new DIR to be appointed. ⏎ Agency rogue elements still in control of OP?  ⏎ No. ⏎ GINA (EX_UK_DIV_) open attacks?  ⏎ [3uD_hq] ⏎ WHAT DO YOU HAVE LEFT TO SELL TO RUSSIA TO RETAIN YOUR SAFETY AND SECURITY? ⏎ WELCOME HOME, @SNOWDEN. ⏎ Q ⏎ "
3024,namedEntities,Snowden,,0,"https://twitter.com/snowden/status/997271424590143488?lang=en ⏎ Banking on HRC to win? ⏎ You never thought she would lose. ⏎ Banking on BRENNAN to bring you home? ⏎ You never expected a new DIR to be appointed. ⏎ Agency rogue elements still in control of OP?  ⏎ No. ⏎ GINA (EX_UK_DIV_) open attacks?  ⏎ [3uD_hq] ⏎ WHAT DO YOU HAVE LEFT TO SELL TO RUSSIA TO RETAIN YOUR SAFETY AND SECURITY? ⏎ WELCOME HOME, @SNOWDEN. ⏎ Q ⏎ "
3024,namedEntities,Gina,Gina,1,"https://twitter.com/snowden/status/997271424590143488?lang=en ⏎ Banking on HRC to win? ⏎ You never thought she would lose. ⏎ Banking on BRENNAN to bring you home? ⏎ You never expected a new DIR to be appointed. ⏎ Agency rogue elements still in control of OP?  ⏎ No. ⏎ GINA (EX_UK_DIV_) open attacks?  ⏎ [3uD_hq] ⏎ WHAT DO YOU HAVE LEFT TO SELL TO RUSSIA TO RETAIN YOUR SAFETY AND SECURITY? ⏎ WELCOME HOME, @SNOWDEN. ⏎ Q ⏎ "
3028,namedEntities,Sessions,,0,[RR] deposition week? ⏎ [RR] departure thereafter? ⏎ [MUELLER] report post deposition of [RR]?  ⏎ [MUELLER] sealed indictments installed [DC] prior to [RR] loss of power? ⏎ Sealed indictments [DC][blockade last resort] installed post SESSIONS departure & WHITAKER assumption?  ⏎ Sealed indictment count [DC] post_SESSIONS departure? ⏎ Sealed indictment count [DC] pre_WHITAKER assumption?  ⏎ Power of BARR? ⏎ Can a sealed indictment be pulled post filing?  ⏎ [MUELLER] report > BARR? ⏎ [Bruce Ohr] deposition last week? ⏎ [Bruce Ohr] testimony dump thereafter? ⏎ [Bruce Ohr] departure thereafter?  ⏎ What other dumps are scheduled to occur?  ⏎ Think timing. ⏎ [Pelosi] pull threat to impeach? ⏎ Effort to prevent DECLAS? ⏎ Letter to POTUS from Pelosi/Schumer today? ⏎ Subject of the letter? ⏎ Was the 'impeachment' threat real? ⏎ TALKING POINTS TO SATISFY LOONY LEFT [SHEEP DO NOT THINK FOR THEMSELVE
3028,namedEntities,Mueller,,0,[RR] deposition week? ⏎ [RR] departure thereafter? ⏎ [MUELLER] report post deposition of [RR]?  ⏎ [MUELLER] sealed indictments installed [DC] prior to [RR] loss of power? ⏎ Sealed indictments [DC][blockade last resort] installed post SESSIONS departure & WHITAKER assumption?  ⏎ Sealed indictment count [DC] post_SESSIONS departure? ⏎ Sealed indictment count [DC] pre_WHITAKER assumption?  ⏎ Power of BARR? ⏎ Can a sealed indictment be pulled post filing?  ⏎ [MUELLER] report > BARR? ⏎ [Bruce Ohr] deposition last week? ⏎ [Bruce Ohr] testimony dump thereafter? ⏎ [Bruce Ohr] departure thereafter?  ⏎ What other dumps are scheduled to occur?  ⏎ Think timing. ⏎ [Pelosi] pull threat to impeach? ⏎ Effort to prevent DECLAS? ⏎ Letter to POTUS from Pelosi/Schumer today? ⏎ Subject of the letter? ⏎ Was the 'impeachment' threat real? ⏎ TALKING POINTS TO SATISFY LOONY LEFT [SHEEP DO NOT THINK FOR THEMSELVE
3028,namedEntities,Mueller,,0,[RR] deposition week? ⏎ [RR] departure thereafter? ⏎ [MUELLER] report post deposition of [RR]?  ⏎ [MUELLER] sealed indictments installed [DC] prior to [RR] loss of power? ⏎ Sealed indictments [DC][blockade last resort] installed post SESSIONS departure & WHITAKER assumption?  ⏎ Sealed indictment count [DC] post_SESSIONS departure? ⏎ Sealed indictment count [DC] pre_WHITAKER assumption?  ⏎ Power of BARR? ⏎ Can a sealed indictment be pulled post filing?  ⏎ [MUELLER] report > BARR? ⏎ [Bruce Ohr] deposition last week? ⏎ [Bruce Ohr] testimony dump thereafter? ⏎ [Bruce Ohr] departure thereafter?  ⏎ What other dumps are scheduled to occur?  ⏎ Think timing. ⏎ [Pelosi] pull threat to impeach? ⏎ Effort to prevent DECLAS? ⏎ Letter to POTUS from Pelosi/Schumer today? ⏎ Subject of the letter? ⏎ Was the 'impeachment' threat real? ⏎ TALKING POINTS TO SATISFY LOONY LEFT [SHEEP DO NOT THINK FOR THEMSELVE
3028,namedEntities,Mueller,,0,[RR] deposition week? ⏎ [RR] departure thereafter? ⏎ [MUELLER] report post deposition of [RR]?  ⏎ [MUELLER] sealed indictments installed [DC] prior to [RR] loss of power? ⏎ Sealed indictments [DC][blockade last resort] installed post SESSIONS departure & WHITAKER assumption?  ⏎ Sealed indictment count [DC] post_SESSIONS departure? ⏎ Sealed indictment count [DC] pre_WHITAKER assumption?  ⏎ Power of BARR? ⏎ Can a sealed indictment be pulled post filing?  ⏎ [MUELLER] report > BARR? ⏎ [Bruce Ohr] deposition last week? ⏎ [Bruce Ohr] testimony dump thereafter? ⏎ [Bruce Ohr] departure thereafter?  ⏎ What other dumps are scheduled to occur?  ⏎ Think timing. ⏎ [Pelosi] pull threat to impeach? ⏎ Effort to prevent DECLAS? ⏎ Letter to POTUS from Pelosi/Schumer today? ⏎ Subject of the letter? ⏎ Was the 'impeachment' threat real? ⏎ TALKING POINTS TO SATISFY LOONY LEFT [SHEEP DO NOT THINK FOR THEMSELVE
3028,namedEntities,America,,0,[RR] deposition week? ⏎ [RR] departure thereafter? ⏎ [MUELLER] report post deposition of [RR]?  ⏎ [MUELLER] sealed indictments installed [DC] prior to [RR] loss of power? ⏎ Sealed indictments [DC][blockade last resort] installed post SESSIONS departure & WHITAKER assumption?  ⏎ Sealed indictment count [DC] post_SESSIONS departure? ⏎ Sealed indictment count [DC] pre_WHITAKER assumption?  ⏎ Power of BARR? ⏎ Can a sealed indictment be pulled post filing?  ⏎ [MUELLER] report > BARR? ⏎ [Bruce Ohr] deposition last week? ⏎ [Bruce Ohr] testimony dump thereafter? ⏎ [Bruce Ohr] departure thereafter?  ⏎ What other dumps are scheduled to occur?  ⏎ Think timing. ⏎ [Pelosi] pull threat to impeach? ⏎ Effort to prevent DECLAS? ⏎ Letter to POTUS from Pelosi/Schumer today? ⏎ Subject of the letter? ⏎ Was the 'impeachment' threat real? ⏎ TALKING POINTS TO SATISFY LOONY LEFT [SHEEP DO NOT THINK FOR THEMSELVE
3028,namedEntities,America,,0,[RR] deposition week? ⏎ [RR] departure thereafter? ⏎ [MUELLER] report post deposition of [RR]?  ⏎ [MUELLER] sealed indictments installed [DC] prior to [RR] loss of power? ⏎ Sealed indictments [DC][blockade last resort] installed post SESSIONS departure & WHITAKER assumption?  ⏎ Sealed indictment count [DC] post_SESSIONS departure? ⏎ Sealed indictment count [DC] pre_WHITAKER assumption?  ⏎ Power of BARR? ⏎ Can a sealed indictment be pulled post filing?  ⏎ [MUELLER] report > BARR? ⏎ [Bruce Ohr] deposition last week? ⏎ [Bruce Ohr] testimony dump thereafter? ⏎ [Bruce Ohr] departure thereafter?  ⏎ What other dumps are scheduled to occur?  ⏎ Think timing. ⏎ [Pelosi] pull threat to impeach? ⏎ Effort to prevent DECLAS? ⏎ Letter to POTUS from Pelosi/Schumer today? ⏎ Subject of the letter? ⏎ Was the 'impeachment' threat real? ⏎ TALKING POINTS TO SATISFY LOONY LEFT [SHEEP DO NOT THINK FOR THEMSELVE
3028,namedEntities,Senate,,0,[RR] deposition week? ⏎ [RR] departure thereafter? ⏎ [MUELLER] report post deposition of [RR]?  ⏎ [MUELLER] sealed indictments installed [DC] prior to [RR] loss of power? ⏎ Sealed indictments [DC][blockade last resort] installed post SESSIONS departure & WHITAKER assumption?  ⏎ Sealed indictment count [DC] post_SESSIONS departure? ⏎ Sealed indictment count [DC] pre_WHITAKER assumption?  ⏎ Power of BARR? ⏎ Can a sealed indictment be pulled post filing?  ⏎ [MUELLER] report > BARR? ⏎ [Bruce Ohr] deposition last week? ⏎ [Bruce Ohr] testimony dump thereafter? ⏎ [Bruce Ohr] departure thereafter?  ⏎ What other dumps are scheduled to occur?  ⏎ Think timing. ⏎ [Pelosi] pull threat to impeach? ⏎ Effort to prevent DECLAS? ⏎ Letter to POTUS from Pelosi/Schumer today? ⏎ Subject of the letter? ⏎ Was the 'impeachment' threat real? ⏎ TALKING POINTS TO SATISFY LOONY LEFT [SHEEP DO NOT THINK FOR THEMSELVE
3028,namedEntities,Barr,,0,[RR] deposition week? ⏎ [RR] departure thereafter? ⏎ [MUELLER] report post deposition of [RR]?  ⏎ [MUELLER] sealed indictments installed [DC] prior to [RR] loss of power? ⏎ Sealed indictments [DC][blockade last resort] installed post SESSIONS departure & WHITAKER assumption?  ⏎ Sealed indictment count [DC] post_SESSIONS departure? ⏎ Sealed indictment count [DC] pre_WHITAKER assumption?  ⏎ Power of BARR? ⏎ Can a sealed indictment be pulled post filing?  ⏎ [MUELLER] report > BARR? ⏎ [Bruce Ohr] deposition last week? ⏎ [Bruce Ohr] testimony dump thereafter? ⏎ [Bruce Ohr] departure thereafter?  ⏎ What other dumps are scheduled to occur?  ⏎ Think timing. ⏎ [Pelosi] pull threat to impeach? ⏎ Effort to prevent DECLAS? ⏎ Letter to POTUS from Pelosi/Schumer today? ⏎ Subject of the letter? ⏎ Was the 'impeachment' threat real? ⏎ TALKING POINTS TO SATISFY LOONY LEFT [SHEEP DO NOT THINK FOR THEMSELVE
3028,namedEntities,Barr,,0,[RR] deposition week? ⏎ [RR] departure thereafter? ⏎ [MUELLER] report post deposition of [RR]?  ⏎ [MUELLER] sealed indictments installed [DC] prior to [RR] loss of power? ⏎ Sealed indictments [DC][blockade last resort] installed post SESSIONS departure & WHITAKER assumption?  ⏎ Sealed indictment count [DC] post_SESSIONS departure? ⏎ Sealed indictment count [DC] pre_WHITAKER assumption?  ⏎ Power of BARR? ⏎ Can a sealed indictment be pulled post filing?  ⏎ [MUELLER] report > BARR? ⏎ [Bruce Ohr] deposition last week? ⏎ [Bruce Ohr] testimony dump thereafter? ⏎ [Bruce Ohr] departure thereafter?  ⏎ What other dumps are scheduled to occur?  ⏎ Think timing. ⏎ [Pelosi] pull threat to impeach? ⏎ Effort to prevent DECLAS? ⏎ Letter to POTUS from Pelosi/Schumer today? ⏎ Subject of the letter? ⏎ Was the 'impeachment' threat real? ⏎ TALKING POINTS TO SATISFY LOONY LEFT [SHEEP DO NOT THINK FOR THEMSELVE
3028,namedEntities,Whitaker,Whitaker,1,[RR] deposition week? ⏎ [RR] departure thereafter? ⏎ [MUELLER] report post deposition of [RR]?  ⏎ [MUELLER] sealed indictments installed [DC] prior to [RR] loss of power? ⏎ Sealed indictments [DC][blockade last resort] installed post SESSIONS departure & WHITAKER assumption?  ⏎ Sealed indictment count [DC] post_SESSIONS departure? ⏎ Sealed indictment count [DC] pre_WHITAKER assumption?  ⏎ Power of BARR? ⏎ Can a sealed indictment be pulled post filing?  ⏎ [MUELLER] report > BARR? ⏎ [Bruce Ohr] deposition last week? ⏎ [Bruce Ohr] testimony dump thereafter? ⏎ [Bruce Ohr] departure thereafter?  ⏎ What other dumps are scheduled to occur?  ⏎ Think timing. ⏎ [Pelosi] pull threat to impeach? ⏎ Effort to prevent DECLAS? ⏎ Letter to POTUS from Pelosi/Schumer today? ⏎ Subject of the letter? ⏎ Was the 'impeachment' threat real? ⏎ TALKING POINTS TO SATISFY LOONY LEFT [SHEEP DO NOT THINK FOR THEMSELVE
3035,namedEntities,Mueller,,0,https://www.justice.gov/file/1071991/download ⏎ The Clinton Connection. ⏎ WHERE ARE THEY NOW? ⏎ Lisa Barsoomian = [RR] wife? ⏎ Lisa Barsoomian = rep BILL CLINTON? ⏎ https://www.scribd.com/document/376354803/ASST-DOJ-Rod-Rosenstein-s-Conflict-of-Interest-Wife-represented-Clinton-in-Federal-Court ⏎ [MUELLER] connection to U1 & Russia? ⏎ https://www.congress.gov/crec/2018/04/27/CREC-2018-04-27-pt1-PgH3740.pdf ⏎ The Clinton Connection. ⏎ PAY-FOR-PLAY SPIDER WEB. ⏎ Q ⏎ 
3036,namedEntities,Sessions,,0,https://www.thegatewaypundit.com/2019/03/report-barr-gave-mueller-permission-to-indict-trumps-three-adult-children-and-jared-kushner/ ⏎ Re_read drop: ⏎ >>[MUELLER] sealed indictments installed [DC] prior to [RR] loss of >>power? ⏎ >>Sealed indictments [DC][blockade last resort] installed post >>SESSIONS departure & WHITAKER assumption?  ⏎ >>Sealed indictment count [DC] post_SESSIONS departure? ⏎ >>Sealed indictment count [DC] pre_WHITAKER assumption?  ⏎ >>Power of BARR? ⏎ >>Can a sealed indictment be pulled post filing?  ⏎ Did POTUS just install a rogue AG who allows for the indictment of his children based on false pretenses?  ⏎ BARR Senate vote? ⏎ 54-45 ⏎ Do UNICORNS exist? ⏎ Q ⏎ 
3036,namedEntities,Mueller,,0,https://www.thegatewaypundit.com/2019/03/report-barr-gave-mueller-permission-to-indict-trumps-three-adult-children-and-jared-kushner/ ⏎ Re_read drop: ⏎ >>[MUELLER] sealed indictments installed [DC] prior to [RR] loss of >>power? ⏎ >>Sealed indictments [DC][blockade last resort] installed post >>SESSIONS departure & WHITAKER assumption?  ⏎ >>Sealed indictment count [DC] post_SESSIONS departure? ⏎ >>Sealed indictment count [DC] pre_WHITAKER assumption?  ⏎ >>Power of BARR? ⏎ >>Can a sealed indictment be pulled post filing?  ⏎ Did POTUS just install a rogue AG who allows for the indictment of his children based on false pretenses?  ⏎ BARR Senate vote? ⏎ 54-45 ⏎ Do UNICORNS exist? ⏎ Q ⏎ 
3036,namedEntities,Barr,,0,https://www.thegatewaypundit.com/2019/03/report-barr-gave-mueller-permission-to-indict-trumps-three-adult-children-and-jared-kushner/ ⏎ Re_read drop: ⏎ >>[MUELLER] sealed indictments installed [DC] prior to [RR] loss of >>power? ⏎ >>Sealed indictments [DC][blockade last resort] installed post >>SESSIONS departure & WHITAKER assumption?  ⏎ >>Sealed indictment count [DC] post_SESSIONS departure? ⏎ >>Sealed indictment count [DC] pre_WHITAKER assumption?  ⏎ >>Power of BARR? ⏎ >>Can a sealed indictment be pulled post filing?  ⏎ Did POTUS just install a rogue AG who allows for the indictment of his children based on false pretenses?  ⏎ BARR Senate vote? ⏎ 54-45 ⏎ Do UNICORNS exist? ⏎ Q ⏎ 
3036,namedEntities,Barr,,0,https://www.thegatewaypundit.com/2019/03/report-barr-gave-mueller-permission-to-indict-trumps-three-adult-children-and-jared-kushner/ ⏎ Re_read drop: ⏎ >>[MUELLER] sealed indictments installed [DC] prior to [RR] loss of >>power? ⏎ >>Sealed indictments [DC][blockade last resort] installed post >>SESSIONS departure & WHITAKER assumption?  ⏎ >>Sealed indictment count [DC] post_SESSIONS departure? ⏎ >>Sealed indictment count [DC] pre_WHITAKER assumption?  ⏎ >>Power of BARR? ⏎ >>Can a sealed indictment be pulled post filing?  ⏎ Did POTUS just install a rogue AG who allows for the indictment of his children based on false pretenses?  ⏎ BARR Senate vote? ⏎ 54-45 ⏎ Do UNICORNS exist? ⏎ Q ⏎ 
3036,namedEntities,Whitaker,Whitaker,1,https://www.thegatewaypundit.com/2019/03/report-barr-gave-mueller-permission-to-indict-trumps-three-adult-children-and-jared-kushner/ ⏎ Re_read drop: ⏎ >>[MUELLER] sealed indictments installed [DC] prior to [RR] loss of >>power? ⏎ >>Sealed indictments [DC][blockade last resort] installed post >>SESSIONS departure & WHITAKER assumption?  ⏎ >>Sealed indictment count [DC] post_SESSIONS departure? ⏎ >>Sealed indictment count [DC] pre_WHITAKER assumption?  ⏎ >>Power of BARR? ⏎ >>Can a sealed indictment be pulled post filing?  ⏎ Did POTUS just install a rogue AG who allows for the indictment of his children based on false pretenses?  ⏎ BARR Senate vote? ⏎ 54-45 ⏎ Do UNICORNS exist? ⏎ Q ⏎ 
3059,namedEntities,Barr,,0,"AG BARR ""DISGUSTED"" BY WHAT HE'S DISCOVERED (SO-FAR). ⏎ ""IN ALL MY YEARS, IN ALL MY LIFE, I NEVER WOULD HAVE THOUGHT [                                                              ] BE POSSIBLE WITHIN THE HALLS OF THESE PRESTIGIOUS FEDERAL AGENCIES."" ⏎ PRESS CONF COMING? ⏎ THEY WILL CLAIM POLITICAL ATTACK. ⏎ Q ⏎ "
3059,namedEntities,AG Barr,AG Barr,1,"AG BARR ""DISGUSTED"" BY WHAT HE'S DISCOVERED (SO-FAR). ⏎ ""IN ALL MY YEARS, IN ALL MY LIFE, I NEVER WOULD HAVE THOUGHT [                                                              ] BE POSSIBLE WITHIN THE HALLS OF THESE PRESTIGIOUS FEDERAL AGENCIES."" ⏎ PRESS CONF COMING? ⏎ THEY WILL CLAIM POLITICAL ATTACK. ⏎ Q ⏎ "
3059,namedEntities,Federal Agencies,Federal Agencies,1,"AG BARR ""DISGUSTED"" BY WHAT HE'S DISCOVERED (SO-FAR). ⏎ ""IN ALL MY YEARS, IN ALL MY LIFE, I NEVER WOULD HAVE THOUGHT [                                                              ] BE POSSIBLE WITHIN THE HALLS OF THESE PRESTIGIOUS FEDERAL AGENCIES."" ⏎ PRESS CONF COMING? ⏎ THEY WILL CLAIM POLITICAL ATTACK. ⏎ Q ⏎ "
3062,namedEntities,Mueller,,0,"https://thehill.com/hilltv/rising/406881-lisa-page-bombshell-fbi-couldnt-prove-trump-russia-collusion-before-mueller ⏎ Remember this important FACT. ⏎ IF THERE WAS NO EVIDENCE OF RUSSIA COLLUSION, WHAT GROUNDS DID DAG [ROD ROSENSTEIN] HAVE TO APPOINT [MUELLER]? ⏎ [RR] OFFERED TO WEAR A WIRE TO ENTRAP THE PRESIDENT OF THE UNITED STATES IN ATTEMPT TO INVOKE THE 25TH AMENDMENT? ⏎ Q ⏎ "
3063,namedEntities,Gang of Eight,Gang of Eight | Gang of 8,2,REMEMBER THIS IMPORTANT FACT. ⏎ ADAM SCHIFF IS PART OF THE 'GANG OF EIGHT' (INTEL). ⏎ IT WILL BECOME CRITICAL ONCE 'GANG OF EIGHT' MATERIAL IS DECLASSIFIED.  ⏎ LOGICAL Q: IF ADAM SCHIFF 'KNEW' EVERYTHING HE'S INVESTIGATING AND STATING PUBLICLY TO BE KNOWINGLY 'FALSE' [DISINFORMATION] WHY THEN WOULD HE TAKE THE COURSE OF ACTION(S) (ONGOING)? ⏎ DID ADAM SCHIFF PURPOSELY DECEIVE THE AMERICAN PUBLIC 'THINKING' THE 'GANG OF EIGHT' MATERIAL + OTHER CLASSIFIED DOCUMENTATION WOULD NEVER REACH THE PUBLIC DOMAIN? ⏎ WHAT 'INSURANCE' DID THEY HANG OVER POTUS' HEAD IN ORDER TO PREVENT ACTION? ⏎ A FATHER'S LOVE FOR HIS CHILDREN KNOWS NO BOUNDS. ⏎ Q ⏎ 
3115,namedEntities,Mueller,,0,[MUELLER] REPORT DELAY? ⏎ PANIC IN DC? ⏎ THE REAL PANIC COMES IN THE FORM OF A LAST RESORT. ⏎ [+21][+2][+4] ⏎ Q ⏎ 
3126,namedEntities,Hussein,,0,Did both of HUSSEIN's parents learn 'RUSSIAN'? ⏎ Is 'RUSSIAN' a common language to learn? ⏎ Think then. ⏎ Think now. ⏎ [Think Nellie Ohr] ⏎ WHY WOULD YOU NEED TO KNOW HOW TO SPEAK 'RUSSIAN' IN THEIR FIELDS OF PRACTICE ('PUBLIC' FIELDS)? ⏎ The Cold War. ⏎ [AB[C]]DEFGHIJKLM……. ⏎ Q ⏎ 
3134,namedEntities,Rachel Chandler,Rachel Chandler | Ray Chandler | RC,3,>>5800988 ⏎ WHO IS RACHEL CHANDLER? ⏎ Q ⏎ 
3155,namedEntities,Rachel Chandler,Rachel Chandler | Ray Chandler | RC,3,">>5802087 ⏎ Keep digging, Anons.  ⏎ RACHEL CHANDLER IS KEY. ⏎ Q ⏎ "
3158,namedEntities,Rachel Chandler,Rachel Chandler | Ray Chandler | RC,3,THE STANDARD HOTEL. ⏎ RACHEL CHANDLER. ⏎ Q ⏎ 
3159,namedEntities,Paris Hilton,Paris Hilton,1,>>5803267 ⏎ Who did Nicky Hilton (sister of Paris) marry? ⏎ James Rothschild.  ⏎ Q ⏎ 
3177,namedEntities,Mueller,,0,>>5882614 (/pb) ⏎ Why didn't POTUS fire [RR] after reporting re: offer to wear wire? ⏎ Why did WHITAKER/BARR retain [RR] to the END? ⏎ Who signed off on the MUELLER summary report submitted by BARR yesterday? ⏎ Who signed fraudulent FISA warrants? ⏎ WHO APPOINTED MUELLER AS SPECIAL COUNSEL?  ⏎ WHO HAS FULL CONTROL? ⏎ OPTICS ARE VERY IMPORTANT. ⏎ Q ⏎ 
3177,namedEntities,Mueller,,0,>>5882614 (/pb) ⏎ Why didn't POTUS fire [RR] after reporting re: offer to wear wire? ⏎ Why did WHITAKER/BARR retain [RR] to the END? ⏎ Who signed off on the MUELLER summary report submitted by BARR yesterday? ⏎ Who signed fraudulent FISA warrants? ⏎ WHO APPOINTED MUELLER AS SPECIAL COUNSEL?  ⏎ WHO HAS FULL CONTROL? ⏎ OPTICS ARE VERY IMPORTANT. ⏎ Q ⏎ 
3177,namedEntities,Barr,,0,>>5882614 (/pb) ⏎ Why didn't POTUS fire [RR] after reporting re: offer to wear wire? ⏎ Why did WHITAKER/BARR retain [RR] to the END? ⏎ Who signed off on the MUELLER summary report submitted by BARR yesterday? ⏎ Who signed fraudulent FISA warrants? ⏎ WHO APPOINTED MUELLER AS SPECIAL COUNSEL?  ⏎ WHO HAS FULL CONTROL? ⏎ OPTICS ARE VERY IMPORTANT. ⏎ Q ⏎ 
3177,namedEntities,Barr,,0,>>5882614 (/pb) ⏎ Why didn't POTUS fire [RR] after reporting re: offer to wear wire? ⏎ Why did WHITAKER/BARR retain [RR] to the END? ⏎ Who signed off on the MUELLER summary report submitted by BARR yesterday? ⏎ Who signed fraudulent FISA warrants? ⏎ WHO APPOINTED MUELLER AS SPECIAL COUNSEL?  ⏎ WHO HAS FULL CONTROL? ⏎ OPTICS ARE VERY IMPORTANT. ⏎ Q ⏎ 
3178,namedEntities,Congress,,0,"THE ONLY WAY TO REGAIN THE TRUST (RE: EQUAL JUSTICE UNDER THE LAW RE: WH RE: INTEL RE: FBI RE: DOJ RE: SENATE RE: CONGRESS RE: FVEY RE: OUR GOV'T) OF THE 'MAJORITY' OF THE AMERICAN PEOPLE IS TO PROVIDE TRUTH, TRANSPARENCY, AND PROSECUTION OF ALL THOSE WHO 'KNOWINGLY' TOOK PART IN THIS ILLEGAL MANUFACTURED EFFORT [ATTEMPTED COUP] TO TAKE DOWN THE PRESIDENT OF THE UNITED STATES [1]. ⏎ [1] OPENS THE DOOR. ⏎ THE GREAT AWAKENING. ⏎ Q ⏎ "
3178,namedEntities,Senate,,0,"THE ONLY WAY TO REGAIN THE TRUST (RE: EQUAL JUSTICE UNDER THE LAW RE: WH RE: INTEL RE: FBI RE: DOJ RE: SENATE RE: CONGRESS RE: FVEY RE: OUR GOV'T) OF THE 'MAJORITY' OF THE AMERICAN PEOPLE IS TO PROVIDE TRUTH, TRANSPARENCY, AND PROSECUTION OF ALL THOSE WHO 'KNOWINGLY' TOOK PART IN THIS ILLEGAL MANUFACTURED EFFORT [ATTEMPTED COUP] TO TAKE DOWN THE PRESIDENT OF THE UNITED STATES [1]. ⏎ [1] OPENS THE DOOR. ⏎ THE GREAT AWAKENING. ⏎ Q ⏎ "
3179,namedEntities,Sean Hannity,Sean Hannity | SH,2,LISTEN & WATCH SEAN HANNITY TODAY. ⏎ Q ⏎ 
3180,namedEntities,President of the United States,President of the United States,1,https://twitter.com/John_Nassif/status/1110236076768223232 ⏎ Listen very carefully. ⏎ DIGEST the FULL GRAVITY of what the PRESIDENT OF THE UNITED STATES says in this clip.  ⏎ Q ⏎ 
3243,namedEntities,America,,0,https://www.foxnews.com/politics/eric-holder-when-did-you-think-america-was-great ⏎ THEY DO NOT LOVE YOU OR AMERICA. ⏎ Welcome to the [D] party con. ⏎ Q ⏎ 
3312,namedEntities,Media Matters,Media Matters,1,"If we are merely a LARP asking questions on the Chans, why are we being attacked daily by some of the world's biggest media co's, social media co's deliberately applying censorship/banning, shills paid/inserted to disrupt (media matters), blue checkmark coordinated attacks, etc.?  ⏎ All for a 'conspiracy' on the Chans?  ⏎ All for a 'LARP'?  ⏎ Why is there a constant flow of disinformation being pushed re: Q? ⏎ Example: ⏎ Disinformation push re: Mueller is a white hat. ⏎ FAKE & FALSE narrative. ⏎ Think BLOCKADE. ⏎ When you can't attack the information directly, you attack the source, if that fails, you 'create false misleading information' to discredit knowing 'select' 'unaware' followers would not take the time to self-corroborate the claims (same vehicle/tactics used by FAKE NEWS media).  ⏎ Logical thinking always wins. ⏎ Nothing can stop what is coming. ⏎ As the target(s) turn to the o"
3313,namedEntities,Sara Carter,Sara Carter | SC,2,https://twitter.com/SaraCarterDC/status/1118947182286184449 ⏎ 1st & 10 on the 40. ⏎ Q ⏎ 
3314,namedEntities,Mueller,,0,MUELLER BLOCKADE END. ⏎ Fake investigations by committee members will not delay what is about to be unleashed.  ⏎ Q ⏎ 
3316,namedEntities,Mueller Report,Mueller Report,1,"https://radio.foxnews.com/2019/04/19/john-dowd-rod-rosenstein-has-to-answer-for-appointing-robert-mueller-as-special-council/ ⏎ https://www.scribd.com/document/406725805/Mueller-Report#from_embed ⏎ [Pg 11] Previously CLAS 'scope' > [RR] to [MUELLER] ⏎ The scope memo [highlighted w/in Mueller report] confirms the 'dossier' was the 'tool' used by [RR] to justify SC and was the primary 'vehicle' to which [RR] tasked MUELLER. ⏎ If the dossier was known to be unverified and fake, how then was an investigation started to begin with?  ⏎ At what point did MUELLER determine there was no collusion? ⏎ [18-months ago?] ⏎ Was the investigation kept ongoing as a 'talking point' to rig the midterm elections?  ⏎ Was the investigation kept ongoing to retain the 'BLOCKADE' to essentially restrict POTUS from unmasking and informing the public as to the TRUTH about what really happened?  ⏎ Was the investiga"
3324,namedEntities,Hussein,,0,https://thehill.com/opinion/white-house/440730-how-the-obama-white-house-engaged-ukraine-to-give-russia-collusion ⏎ [HUSSEIN] ⏎ Q ⏎ 
3325,namedEntities,Hussein,,0,"Why would a President of the United States [HUSSEIN] assign 'RENEGADE' as his USSS codename?  ⏎ Define 'Renegade'. ⏎ noun ⏎ 1. a person who deserts and betrays an organization, country, or set of principles. ⏎ synonyms:	traitor, defector, deserter, turncoat, betrayer; ⏎ adjective: renegade ⏎ 1. having treacherously changed allegiance. ⏎ Q ⏎ "
333,namedEntities,God,God,1,FOR GOD & COUNTRY. ⏎ FREEDOM. ⏎ _                    ]_y ⏎ Q ⏎ 
3330,namedEntities,Pence,Pence,1,https://saraacarter.com/breaking-fbi-texts-show-agents-discussed-recruiting-white-house-sources-to-spy-for-bureau/ ⏎ Chain of Command ⏎ Chain of Custody ⏎ PENCE' CoS + Wife  ⏎ FBI 302's ⏎ FISA (spy) > Flynn ⏎ Will newly discovered evidence (AG Barr - SDNY) FREE FLYNN? ⏎ Q ⏎ 
3352,namedEntities,God,God,1,FOR GOD AND COUNTRY. ⏎ PATRIOTS FIGHT. ⏎ Q ⏎ 
3354,namedEntities,Mueller,,0,">>6954435 ⏎ Just because the 'public' is unaware of something, does not mean 'nothing' is happening.  ⏎ MUELLER hearing a tactic meant to delay (H) report?  ⏎ (H) report release necessary prior to [C]omey release? ⏎ (H) + [C] = D ⏎ D = the start of the mass awakening (WH, ABCs, State, Foreign, ……) ⏎ Post D comes many I's. ⏎ When BLACKMAIL no longer holds due to LOSS OF SENIOR LEVEL KEY GOV POSITIONS AND 11th HOUR TESTIMONY…………those previously protected become prey.  ⏎ HUNTERS BECOME THE HUNTED. ⏎ GOD WINS. ⏎ Q ⏎ "
3354,namedEntities,God,God,1,">>6954435 ⏎ Just because the 'public' is unaware of something, does not mean 'nothing' is happening.  ⏎ MUELLER hearing a tactic meant to delay (H) report?  ⏎ (H) report release necessary prior to [C]omey release? ⏎ (H) + [C] = D ⏎ D = the start of the mass awakening (WH, ABCs, State, Foreign, ……) ⏎ Post D comes many I's. ⏎ When BLACKMAIL no longer holds due to LOSS OF SENIOR LEVEL KEY GOV POSITIONS AND 11th HOUR TESTIMONY…………those previously protected become prey.  ⏎ HUNTERS BECOME THE HUNTED. ⏎ GOD WINS. ⏎ Q ⏎ "
3372,namedEntities,Flynn,,0,FLYNN news coming. ⏎ Q ⏎ 
3388,namedEntities,Flynn,,0,https://twitter.com/SaraCarterDC/status/1148643612521054210 ⏎ There is a big [direct] reason why FLYNN's new attorney is seeking security clearance. ⏎ Q ⏎ 
3390,namedEntities,Flynn,,0,https://www.nytimes.com/2019/07/09/us/politics/flynn-testimony-turkey-lobbying.html ⏎ So much FLYNN news today. ⏎ Q ⏎ 
3424,namedEntities,Mueller,,0,[MUELLER] hearing delayed? ⏎ What are the odds of that? ⏎ Q ⏎ 
3429,namedEntities,Epstein,,0,How do you eliminate a LIABILITY? ⏎ Where is EPSTEIN being held?  ⏎ Reconcile.  ⏎ Do you believe in coincidences? ⏎ POWERful people connected? ⏎ PANIC. ⏎ Q ⏎ 
3432,namedEntities,God,God,1,">>7040039 ⏎ This is not another 4 year election…. ⏎ ""DRAIN THE SWAMP"" does not simply refer to removal of those corrupt in DC…. ⏎ GOD WINS. ⏎ Q ⏎ "
3458,namedEntities,Mueller,,0,"https://twitter.com/Comey/status/1153013050632482816 ⏎ If AG Barr has access to all classified material, how does [MUELLER] navigate?  ⏎ If [MUELLER] provides FALSE and/or MISLEADING testimony, will AG Barr be forced to DECLAS all documentation to ensure full public awareness of the TRUTH? ⏎ If [MUELLER] defers to the original report but D's / FAKE NEWS push a false narrative 'knowing majority of the public did not watch the actual hearing' will AG Barr be forced to DECLAS all documentation to ensure full public awareness of the TRUTH? ⏎ [Be Ready], [MUELLER]. ⏎ [Be Ready], [JC]. ⏎ [Be Ready], [Traitors one & ALL]. ⏎ Thank you for playing. ⏎ FISA goes both ways. ⏎ Q ⏎ "
3458,namedEntities,Mueller,,0,"https://twitter.com/Comey/status/1153013050632482816 ⏎ If AG Barr has access to all classified material, how does [MUELLER] navigate?  ⏎ If [MUELLER] provides FALSE and/or MISLEADING testimony, will AG Barr be forced to DECLAS all documentation to ensure full public awareness of the TRUTH? ⏎ If [MUELLER] defers to the original report but D's / FAKE NEWS push a false narrative 'knowing majority of the public did not watch the actual hearing' will AG Barr be forced to DECLAS all documentation to ensure full public awareness of the TRUTH? ⏎ [Be Ready], [MUELLER]. ⏎ [Be Ready], [JC]. ⏎ [Be Ready], [Traitors one & ALL]. ⏎ Thank you for playing. ⏎ FISA goes both ways. ⏎ Q ⏎ "
3458,namedEntities,Mueller,,0,"https://twitter.com/Comey/status/1153013050632482816 ⏎ If AG Barr has access to all classified material, how does [MUELLER] navigate?  ⏎ If [MUELLER] provides FALSE and/or MISLEADING testimony, will AG Barr be forced to DECLAS all documentation to ensure full public awareness of the TRUTH? ⏎ If [MUELLER] defers to the original report but D's / FAKE NEWS push a false narrative 'knowing majority of the public did not watch the actual hearing' will AG Barr be forced to DECLAS all documentation to ensure full public awareness of the TRUTH? ⏎ [Be Ready], [MUELLER]. ⏎ [Be Ready], [JC]. ⏎ [Be Ready], [Traitors one & ALL]. ⏎ Thank you for playing. ⏎ FISA goes both ways. ⏎ Q ⏎ "
3458,namedEntities,Mueller,,0,"https://twitter.com/Comey/status/1153013050632482816 ⏎ If AG Barr has access to all classified material, how does [MUELLER] navigate?  ⏎ If [MUELLER] provides FALSE and/or MISLEADING testimony, will AG Barr be forced to DECLAS all documentation to ensure full public awareness of the TRUTH? ⏎ If [MUELLER] defers to the original report but D's / FAKE NEWS push a false narrative 'knowing majority of the public did not watch the actual hearing' will AG Barr be forced to DECLAS all documentation to ensure full public awareness of the TRUTH? ⏎ [Be Ready], [MUELLER]. ⏎ [Be Ready], [JC]. ⏎ [Be Ready], [Traitors one & ALL]. ⏎ Thank you for playing. ⏎ FISA goes both ways. ⏎ Q ⏎ "
3473,namedEntities,Mueller,,0,There are Puppets. ⏎ There are Puppet Masters. ⏎ Which is [MUELLER]? ⏎ Attempt to replace [JC] as FBI Dir FAILED [attempt to regain FBI control]. ⏎ Plot & Plan [backup] to initiate SC to safeguard against criminal prosecution re: illegal and criminal actions? ⏎ [SC = BLOCKADE] ⏎ [SC = loss of FBI command/control safeguard] ⏎ DOJ depends on what agency for investigating criminal actions? ⏎ [MUELLER] U1. ⏎ [MUELLER] [Epstein bury & cover-up]. ⏎ [MUELLER] [plot to remove duly elected POTUS]. ⏎ …………….. ⏎ BIGGEST SCANDAL IN AMERICAN HISTORY. ⏎ TREASON. ⏎ 2019 - YEAR OF THE BOOMERANG. ⏎ Q ⏎ 
3473,namedEntities,Mueller,,0,There are Puppets. ⏎ There are Puppet Masters. ⏎ Which is [MUELLER]? ⏎ Attempt to replace [JC] as FBI Dir FAILED [attempt to regain FBI control]. ⏎ Plot & Plan [backup] to initiate SC to safeguard against criminal prosecution re: illegal and criminal actions? ⏎ [SC = BLOCKADE] ⏎ [SC = loss of FBI command/control safeguard] ⏎ DOJ depends on what agency for investigating criminal actions? ⏎ [MUELLER] U1. ⏎ [MUELLER] [Epstein bury & cover-up]. ⏎ [MUELLER] [plot to remove duly elected POTUS]. ⏎ …………….. ⏎ BIGGEST SCANDAL IN AMERICAN HISTORY. ⏎ TREASON. ⏎ 2019 - YEAR OF THE BOOMERANG. ⏎ Q ⏎ 
3473,namedEntities,Mueller,,0,There are Puppets. ⏎ There are Puppet Masters. ⏎ Which is [MUELLER]? ⏎ Attempt to replace [JC] as FBI Dir FAILED [attempt to regain FBI control]. ⏎ Plot & Plan [backup] to initiate SC to safeguard against criminal prosecution re: illegal and criminal actions? ⏎ [SC = BLOCKADE] ⏎ [SC = loss of FBI command/control safeguard] ⏎ DOJ depends on what agency for investigating criminal actions? ⏎ [MUELLER] U1. ⏎ [MUELLER] [Epstein bury & cover-up]. ⏎ [MUELLER] [plot to remove duly elected POTUS]. ⏎ …………….. ⏎ BIGGEST SCANDAL IN AMERICAN HISTORY. ⏎ TREASON. ⏎ 2019 - YEAR OF THE BOOMERANG. ⏎ Q ⏎ 
3473,namedEntities,Mueller,,0,There are Puppets. ⏎ There are Puppet Masters. ⏎ Which is [MUELLER]? ⏎ Attempt to replace [JC] as FBI Dir FAILED [attempt to regain FBI control]. ⏎ Plot & Plan [backup] to initiate SC to safeguard against criminal prosecution re: illegal and criminal actions? ⏎ [SC = BLOCKADE] ⏎ [SC = loss of FBI command/control safeguard] ⏎ DOJ depends on what agency for investigating criminal actions? ⏎ [MUELLER] U1. ⏎ [MUELLER] [Epstein bury & cover-up]. ⏎ [MUELLER] [plot to remove duly elected POTUS]. ⏎ …………….. ⏎ BIGGEST SCANDAL IN AMERICAN HISTORY. ⏎ TREASON. ⏎ 2019 - YEAR OF THE BOOMERANG. ⏎ Q ⏎ 
3501,namedEntities,Mueller,,0,Possible China monitored [MUELLER] hearing? ⏎ Possible China analyzing likelihood of POTUS re_ELEC 2020? ⏎ Possible China taking steps [think propaganda] to harm POTUS re: 2020?  ⏎ Possible China in sec_comms w/ D candidate(s) running for President re: re-institute US piggy-bank?  ⏎ Possible China in sec_comms w/ former D_party senior officials re: re-institute US piggy-bank? ⏎ Possible China put extreme [threatening?] pressure on NK the day of the [MUELLER] hearing (coincidence?) should hearing swing to POTUS?  ⏎ Possible acts were taken in effort to diminish (lessen) D_blow?  ⏎ Possible acts were taken in effort to 'change the narrative'? ⏎ Define 'False Flag'. ⏎ Q ⏎ 
3501,namedEntities,Mueller,,0,Possible China monitored [MUELLER] hearing? ⏎ Possible China analyzing likelihood of POTUS re_ELEC 2020? ⏎ Possible China taking steps [think propaganda] to harm POTUS re: 2020?  ⏎ Possible China in sec_comms w/ D candidate(s) running for President re: re-institute US piggy-bank?  ⏎ Possible China in sec_comms w/ former D_party senior officials re: re-institute US piggy-bank? ⏎ Possible China put extreme [threatening?] pressure on NK the day of the [MUELLER] hearing (coincidence?) should hearing swing to POTUS?  ⏎ Possible acts were taken in effort to diminish (lessen) D_blow?  ⏎ Possible acts were taken in effort to 'change the narrative'? ⏎ Define 'False Flag'. ⏎ Q ⏎ 
3505,namedEntities,Barr,,0,>>7194232 ⏎ Nunes to receive a special package from BARR? ⏎ Q ⏎ 
3530,namedEntities,Hussein,,0,https://static.wixstatic.com/ugd/65db76_d0731c7799784020a8c45a5615b8b3f3.pdf ⏎ Baltimore rec $1.8 BILLION from [HUSSEIN]'s American Recovery and Reinvestment Act? ⏎ Follow the money. ⏎ Follow the family. ⏎ Q ⏎ 
3581,namedEntities,Sessions,,0,"""Calm Before the Storm."" - POTUS ⏎ Month/Day 'Q' public campaign initiated?  ⏎ Month/Day 'Durham' initiated? ⏎ What famous crime family did Durham target? ⏎ ""Also spearheaded mob prosecutions of the [Gambino], Genovese and Patriarca crime families."" ⏎ http://content.time.com/time/nation/article/0,8599,1918738,00.html ⏎ What AB[C] agency did Durham target? ⏎ How are messages sent? ⏎ https://www.rollingstone.com/culture/culture-news/frank-cali-murder-mafia-boss-qanon-motive-anthony-comello-861777/ ⏎ [Dec 12 2018]  ⏎ ""What if there's another prosecutor (outside of DC) assigned by SESSIONS w/ the same mandate/authority?"" - Q ⏎ Do you believe in coincidences? ⏎ 5:5? ⏎ Be ready, Patriots. ⏎ Q ⏎ "
3588,namedEntities,WashPost,,0,"https://twitter.com/saracarterdc/status/1182260148334661632?lang=en ⏎ [Jul 8 2019] ⏎ ""SURV of SC/JS terminated."" - Q ⏎ Relevant to upcoming 'DECLAS' events? ⏎ SIGINT FVEY/Domestic. ⏎ Do you believe in coincidences? ⏎ Mathematically impossible? ⏎ 1/100? ⏎ But, the ‘narrative’ suggests nothing is accurately ‘forecasted’ and this is simply a big ‘conspiracy’ theory [looney]. ⏎ Ask yourself a very basic question – would the FAKE NEWS complex [NYT, WASHPOST, NBC, ABC, BBC, ………………………………………………………….] attack us if we weren’t a ‘real’ threat? ⏎ Ask yourself a very basic question – why is the ‘forum’ where [drops] are made under constant attack?  ⏎ Narrative: De-platform necessary ‘because’ precursor to violent acts posted there prior to carry-out. ⏎ Precursor postings occurred on 4ch? FB? Twitter? Reddit? IG? ………….. ⏎ Push to de-platform? ⏎ Why only 8ch? ⏎ [Bonus Question: Was the time of the post"
3608,namedEntities,Washington,Washington,1,All assets [F + D] being deployed. ⏎ [Some] who once supported POTUS [sleepers] have/will turn [puppets & puppet masters]. ⏎ Control of narrative = control of public opinion ⏎ Control of public opinion = power ⏎ EVERYTHING IS AT STAKE. ⏎ OLD GUARD POWER STRUCTURE BEING DESTROYED. ⏎ WASHINGTON CIVIL WAR [CONTROL THE NARRATIVE]. ⏎ PREV EXPOSURE OF TRUTH. ⏎ [SELF PRESERVATION] ⏎ FIGHTING FOR SURVIVAL. ⏎ INFORMATION WARFARE. ⏎ Q ⏎ 
3625,namedEntities,Hunter,Hunter,1,https://graphics.reuters.com/UKRAINE-BURISMA/0100B32N28V/us-senate.pdf ⏎ [HUNTER]s become the hunted. ⏎ Senate was the target. ⏎ Q ⏎ 
3647,namedEntities,US Senate,US Senate,1,http://www.reuters.com/article/us-climate-change-accord-pelosi/us-house-speaker-pelosi-says-at-climate-summit-we-are-still-in-idUSKBN1Y61SZ ⏎ Who audits where the money actually goes? ⏎ What % is typically categorized as costs? ⏎ http://worldat1c.org/how-much-will-the-paris-agreement-cost-85f78d9a035a ⏎ How to 'steal' taxpayer money? ⏎ The 'Con': ⏎ >Determine 'topic(s)' that have emotional pull (connect) on 'vocal' types  ⏎ >Create media blitz [scare] campaign ('talking points')('alarmist') ⏎ >Use 'pro-narrative minded' authorities on subject to provide foundation to support  ⏎ >Deploy 'circular reporting' and 'group-think' tactics (echo chamber) to artificially raise 'public outcry' ⏎ >Use 'public outcry' to justify billion dollar taxpayer spend  ⏎ >Rinse/repeat ⏎ Who audits where the money goes? ⏎ % to original mandate? ⏎ Salary of a US Senator? ⏎ Salary of a US Congressman/woman? ⏎ Sa
3668,namedEntities,Barr,,0,When a B2 bomber is no longer stealth (think public statements made last week) what must that signal?  ⏎ Planned/coordinated attacks on BARR coming [smear campaign]. ⏎ Public opinion is important.  ⏎ Information warfare. ⏎ A Traitor's Justice. ⏎ Q ⏎ 
3679,namedEntities,Nunes,,0,"https://www.youtube.com/watch?v=ponkMA8ta2M ⏎ [11:50] ⏎ [AS] memo FALSE. ⏎ If [AS] was privy to GANG OF 8 classified material would he not know the same FACTS (TRUTH) as NUNES/others?  ⏎ ""Knowingly."" ⏎ OP activity pre_July 2016? ⏎ Why is this relevant? ⏎ Worth watching from [11:50] to end. ⏎ #FactsMatter ⏎ Q ⏎ "
3680,namedEntities,Nunes,,0,"https://www.youtube.com/watch?v=ponkMA8ta2M ⏎ [11:50] ⏎ [AS] memo FALSE. ⏎ If [AS] was privy to GANG OF 8 classified material would he not know the same FACTS (TRUTH) as NUNES/others?  ⏎ ""Knowingly."" ⏎ OP activity pre_July 2016? ⏎ Why is this relevant? ⏎ Worth watching from [11:50] to end. ⏎ #FactsMatter ⏎ Q ⏎ "
3690,namedEntities,Gang of 8,GANG OF 8,1,"GANG of 8 DECLAS = [[[AS]]] ⏎ ""Knowingly."" ⏎ Q ⏎ "
3693,namedEntities,Flynn,,0,Same evidence to FREE FLYNN currently being used to INDICT others [GJ]? ⏎ [302]_mod [1] count. ⏎ Who listened in [2] count [FISA?] ⏎ ………… ⏎ [6] counts. ⏎ FBI agent [1][P] - FLYNN interview…….. ⏎ If FISA warrant was ILLEGAL………. ⏎ If FISA warrant predicated on ILLEGAL/UNCORROBORATED…….. ⏎ If FISA 'actors' purposely withheld exculpatory evidence from the court…………. ⏎ [Watch] what happens next. ⏎ Q ⏎ 
3693,namedEntities,Flynn,,0,Same evidence to FREE FLYNN currently being used to INDICT others [GJ]? ⏎ [302]_mod [1] count. ⏎ Who listened in [2] count [FISA?] ⏎ ………… ⏎ [6] counts. ⏎ FBI agent [1][P] - FLYNN interview…….. ⏎ If FISA warrant was ILLEGAL………. ⏎ If FISA warrant predicated on ILLEGAL/UNCORROBORATED…….. ⏎ If FISA 'actors' purposely withheld exculpatory evidence from the court…………. ⏎ [Watch] what happens next. ⏎ Q ⏎ 
372,namedEntities,Sessions,,0,House of cards. ⏎ 12 deals rejected (today alone). ⏎ Panic in DC. ⏎ TRUST SESSIONS. ⏎ Enjoy the show. ⏎ Q ⏎ 
372,namedEntities,House of Cards,House of Cards,1,House of cards. ⏎ 12 deals rejected (today alone). ⏎ Panic in DC. ⏎ TRUST SESSIONS. ⏎ Enjoy the show. ⏎ Q ⏎ 
3721,namedEntities,United States of America,,0,"[Re_drop] ⏎ What happens when 90% of the media is controlled/owned by (6) corporations? ⏎ What happens when those same corporations are operated and controlled by a political ideology?  ⏎ What happens when the news is no longer free from bias?  ⏎ What happens when the news is no longer reliable and independent?  ⏎ What happens when the news is no longer trustworthy? ⏎ What happens when the news simply becomes an extension/arm of a political party? ⏎ Fact becomes fiction? ⏎ Fiction becomes fact? ⏎ When does news become propaganda? ⏎ Identity creation? ⏎ How does the average person, who is under constant financial stress (by design), find time to research and discern fact v fiction?  ⏎ Majority of people more prone to believe someone in power sitting behind a big brand ‘news’ name? ⏎ Do people [human psyche] tend to follow the ‘majority/mainstream viewpoint’ in fear of being isolated and/o"
3742,namedEntities,Pelosi,,0,https://twitter.com/M2Madness/status/1208769369171476480 ⏎ WHY IS PELOSI HOLDING THE [2] ARTICLES OF IMPEACHMENT? ⏎ How do you introduce the TRUTH about what happened to the PUBLIC? ⏎ What 'value' might exist by attempting to BLOCK 'PUBLIC' testimony/hearings? ⏎ Would educating the public through the Senate prior to Barr/Durham/Huber release(s) be important? ⏎ Narratives are created and pushed to prevent the public from discovering the TRUTH. ⏎ ENEMY OF THE PEOPLE. ⏎ Q ⏎ 
3754,namedEntities,Hussein,,0,https://twitter.com/MichaelCoudrey/status/1210328992684707840 ⏎ US Taxpayer > FED Gov't ⏎ FED Gov't [HUSSEIN] > Pearson Publishing ⏎ Pearson Publishing > [HUSSEIN] ⏎ BIDEN? ⏎ Follow the money. ⏎ Corruption. ⏎ Q ⏎ 
3754,namedEntities,Hussein,,0,https://twitter.com/MichaelCoudrey/status/1210328992684707840 ⏎ US Taxpayer > FED Gov't ⏎ FED Gov't [HUSSEIN] > Pearson Publishing ⏎ Pearson Publishing > [HUSSEIN] ⏎ BIDEN? ⏎ Follow the money. ⏎ Corruption. ⏎ Q ⏎ 
3754,namedEntities,Biden,,0,https://twitter.com/MichaelCoudrey/status/1210328992684707840 ⏎ US Taxpayer > FED Gov't ⏎ FED Gov't [HUSSEIN] > Pearson Publishing ⏎ Pearson Publishing > [HUSSEIN] ⏎ BIDEN? ⏎ Follow the money. ⏎ Corruption. ⏎ Q ⏎ 
3790,namedEntities,Mueller,,0,When did the public first learn re: FISA warrants re: +3 [non Page]? ⏎ If FISA warrants deemed to be illegal [ALL SURV LEAPFROG HOPS] what happens to MUELLER's case(s)? ⏎ How do you invalidate a claim? ⏎ Conspiracy to commit…. ⏎ Rubber bullets sting but do not last. ⏎ Q ⏎ 
3824,namedEntities,Michael Beatty,Michael Beatty,1,https://twitter.com/michaelbeatty3/status/1214427316866011136 ⏎ https://www.youtube.com/watch?v=j0uCrA7ePno ⏎ Open your eyes to see the TRUTH. ⏎ Who are the REAL racists?  ⏎ Q ⏎ 
3841,namedEntities,CrowdStrike,CrowdStrike | CS | Crowdstrike,3,"https://twitter.com/M2Madness/status/1225606976912199680 ⏎ If dirty cops ran the investigation into the DNC breach, could an argument be made that it was corrupt?  ⏎ If dirty cops ran the investigation into election interference, could an argument be made that it was corrupt? ⏎ If dirty cops ran the investigation into [HRC] private server/email scandal, could an argument be made that it was corrupt? ⏎ RUSSIA DID NOT 'HACK' [penetrate] THE DNC SERVER. ⏎ >internal DL / release ⏎ >crowdstrike manipulation of source ⏎ RUSSIA DID NOT INTERFERE WITH US ELECTION OF 2016. ⏎ >crowdstrike manipulation of source ⏎ The truth will be made public. ⏎ Q ⏎ "
3858,namedEntities,United States of America,,0,"[Re_drop] ⏎ What happens when 90% of the media is controlled/owned by (6) corporations? ⏎ What happens when those same corporations are operated and controlled by a political ideology?  ⏎ What happens when the news is no longer free from bias?  ⏎ What happens when the news is no longer reliable and independent?  ⏎ What happens when the news is no longer trustworthy? ⏎ What happens when the news simply becomes an extension/arm of a political party? ⏎ Fact becomes fiction? ⏎ Fiction becomes fact? ⏎ When does news become propaganda? ⏎ Identity creation? ⏎ How does the average person, who is under constant financial stress (by design), find time to research and discern fact v fiction?  ⏎ Majority of people more prone to believe someone in power sitting behind a big brand ‘news’ name? ⏎ Do people [human psyche] tend to follow the ‘majority/mainstream viewpoint’ in fear of being isolated and/o"
3900,namedEntities,President,President,1,https://www.nytimes.com/1863/09/16/archives/presidents-proclamation-the-habeas-corpus-suspended-throughout-the.html ⏎ 2381.Treason. ⏎ 2382.Misprision of treason. ⏎ 2383.Rebellion or insurrection. ⏎ 2384.Seditious conspiracy. ⏎ 2385.Advocating overthrow of Government. ⏎ 2386.Registration of certain organizations. ⏎ 2387.Activities affecting armed forces generally. ⏎ 2388.Activities affecting armed forces during war. ⏎ 2389.Recruiting for service against United States. ⏎ 2390.Enlistment to serve against United States. ⏎ https://uscode.house.gov/view.xhtml?path=/prelim@title18/part1/chapter115&edition=prelim ⏎ Q ⏎ 
3905,namedEntities,United States of America,,0,"A person(s) value: ⏎ 1. vote ⏎ 2. monetary value (tax contribution) ⏎ 3.  ⏎ Why is 'free thought' ridiculed, challenged, and threatened when a person is opposed to the 'mainstream-narrative'? ⏎ [2] remains fixed (degree allowable by 'economic recession/expansion') ⏎ [1] remains a variable ⏎ [1] dependent on a 'controlled' system of information dissemination  ⏎ What happens when 90% of the media is controlled/owned by (6) corporations? ⏎ What happens when those same corporations are operated and controlled by a political ideology?  ⏎ What happens when the news is no longer free from bias?  ⏎ What happens when the news is no longer reliable and independent?  ⏎ What happens when the news is no longer trustworthy? ⏎ What happens when the news simply becomes an extension/arm of a political party? ⏎ Fact becomes fiction? ⏎ Fiction becomes fact? ⏎ When does news become propaganda? ⏎ Identity cr"
3907,namedEntities,America,,0,"The entire world is watching. ⏎ Patriots from around the world are praying for AMERICA. ⏎ We are all bound by a feeling deep inside, a feeling that cannot be publicly expressed for fear of ridicule, a feeling that challenges the mainstream (narrative), against that which we are told to accept and dare not question, put simply, that people are being abused by those in power and time is running out.  ⏎ Remember the battles of Lexington and Concord - ""Give Me Liberty or Give Me Death!"" ⏎ For far too long we have been silent and allowed our bands of strength, that we once formed to defend FREEDOM and LIBERTY, to deteriorate.  ⏎ We became divided. ⏎ We became weak. ⏎ We elected TRAITORS to govern us. ⏎ We allowed EVIL to prey on us. ⏎ Those who claimed to represent us gave us false hope, made false promises. ⏎ The evil and corruption only grew. ⏎ —————————— ⏎ This is more than party politics."
3907,namedEntities,America,,0,"The entire world is watching. ⏎ Patriots from around the world are praying for AMERICA. ⏎ We are all bound by a feeling deep inside, a feeling that cannot be publicly expressed for fear of ridicule, a feeling that challenges the mainstream (narrative), against that which we are told to accept and dare not question, put simply, that people are being abused by those in power and time is running out.  ⏎ Remember the battles of Lexington and Concord - ""Give Me Liberty or Give Me Death!"" ⏎ For far too long we have been silent and allowed our bands of strength, that we once formed to defend FREEDOM and LIBERTY, to deteriorate.  ⏎ We became divided. ⏎ We became weak. ⏎ We elected TRAITORS to govern us. ⏎ We allowed EVIL to prey on us. ⏎ Those who claimed to represent us gave us false hope, made false promises. ⏎ The evil and corruption only grew. ⏎ —————————— ⏎ This is more than party politics."
3907,namedEntities,America,,0,"The entire world is watching. ⏎ Patriots from around the world are praying for AMERICA. ⏎ We are all bound by a feeling deep inside, a feeling that cannot be publicly expressed for fear of ridicule, a feeling that challenges the mainstream (narrative), against that which we are told to accept and dare not question, put simply, that people are being abused by those in power and time is running out.  ⏎ Remember the battles of Lexington and Concord - ""Give Me Liberty or Give Me Death!"" ⏎ For far too long we have been silent and allowed our bands of strength, that we once formed to defend FREEDOM and LIBERTY, to deteriorate.  ⏎ We became divided. ⏎ We became weak. ⏎ We elected TRAITORS to govern us. ⏎ We allowed EVIL to prey on us. ⏎ Those who claimed to represent us gave us false hope, made false promises. ⏎ The evil and corruption only grew. ⏎ —————————— ⏎ This is more than party politics."
3907,namedEntities,America,,0,"The entire world is watching. ⏎ Patriots from around the world are praying for AMERICA. ⏎ We are all bound by a feeling deep inside, a feeling that cannot be publicly expressed for fear of ridicule, a feeling that challenges the mainstream (narrative), against that which we are told to accept and dare not question, put simply, that people are being abused by those in power and time is running out.  ⏎ Remember the battles of Lexington and Concord - ""Give Me Liberty or Give Me Death!"" ⏎ For far too long we have been silent and allowed our bands of strength, that we once formed to defend FREEDOM and LIBERTY, to deteriorate.  ⏎ We became divided. ⏎ We became weak. ⏎ We elected TRAITORS to govern us. ⏎ We allowed EVIL to prey on us. ⏎ Those who claimed to represent us gave us false hope, made false promises. ⏎ The evil and corruption only grew. ⏎ —————————— ⏎ This is more than party politics."
3915,namedEntities,Biden,,0,https://twitter.com/M2Madness/status/1247977509091774467 ⏎ Why was it fast-tracked in H? ⏎ Why did [Pelosi] hold until Jan 15th? ⏎ [what was the 'release' marker?] ⏎ Public: time to neg Senate witness/process? ⏎ What if 'impeachment' was meant to fail? ⏎ What if 'impeachment' was meant to distract from overseas developments?  ⏎ What did ALL US MEDIA focus on during 'impeachment' process? ⏎ How do you TERM POTUS rally(s)? ⏎ How do you TERM POTUS econ gains? ⏎ How do you TERM POTUS unemployment gains? ⏎ How do you TERM POTUS-CHINA trade neg? ⏎ How do you TERM [BIDEN] debates? ⏎ How do you TERM [BIDEN] public appearances?  ⏎ How do you TERM [BIDEN] live interviews? ⏎ How do you TERM [H-BIDEN] Ukraine/China MSM coverage? ⏎ HOW DO YOU CHANGE THE NARRATIVE? ⏎ WHO BENEFITS THE MOST? ⏎ How do you ALTER POTUS-[BIDEN] P_debate structure? ⏎ How do you HOLD HOSTAGE PUBLIC AID in exchange for Nationa
3915,namedEntities,Biden,,0,https://twitter.com/M2Madness/status/1247977509091774467 ⏎ Why was it fast-tracked in H? ⏎ Why did [Pelosi] hold until Jan 15th? ⏎ [what was the 'release' marker?] ⏎ Public: time to neg Senate witness/process? ⏎ What if 'impeachment' was meant to fail? ⏎ What if 'impeachment' was meant to distract from overseas developments?  ⏎ What did ALL US MEDIA focus on during 'impeachment' process? ⏎ How do you TERM POTUS rally(s)? ⏎ How do you TERM POTUS econ gains? ⏎ How do you TERM POTUS unemployment gains? ⏎ How do you TERM POTUS-CHINA trade neg? ⏎ How do you TERM [BIDEN] debates? ⏎ How do you TERM [BIDEN] public appearances?  ⏎ How do you TERM [BIDEN] live interviews? ⏎ How do you TERM [H-BIDEN] Ukraine/China MSM coverage? ⏎ HOW DO YOU CHANGE THE NARRATIVE? ⏎ WHO BENEFITS THE MOST? ⏎ How do you ALTER POTUS-[BIDEN] P_debate structure? ⏎ How do you HOLD HOSTAGE PUBLIC AID in exchange for Nationa
3915,namedEntities,Biden,,0,https://twitter.com/M2Madness/status/1247977509091774467 ⏎ Why was it fast-tracked in H? ⏎ Why did [Pelosi] hold until Jan 15th? ⏎ [what was the 'release' marker?] ⏎ Public: time to neg Senate witness/process? ⏎ What if 'impeachment' was meant to fail? ⏎ What if 'impeachment' was meant to distract from overseas developments?  ⏎ What did ALL US MEDIA focus on during 'impeachment' process? ⏎ How do you TERM POTUS rally(s)? ⏎ How do you TERM POTUS econ gains? ⏎ How do you TERM POTUS unemployment gains? ⏎ How do you TERM POTUS-CHINA trade neg? ⏎ How do you TERM [BIDEN] debates? ⏎ How do you TERM [BIDEN] public appearances?  ⏎ How do you TERM [BIDEN] live interviews? ⏎ How do you TERM [H-BIDEN] Ukraine/China MSM coverage? ⏎ HOW DO YOU CHANGE THE NARRATIVE? ⏎ WHO BENEFITS THE MOST? ⏎ How do you ALTER POTUS-[BIDEN] P_debate structure? ⏎ How do you HOLD HOSTAGE PUBLIC AID in exchange for Nationa
3915,namedEntities,Biden,,0,https://twitter.com/M2Madness/status/1247977509091774467 ⏎ Why was it fast-tracked in H? ⏎ Why did [Pelosi] hold until Jan 15th? ⏎ [what was the 'release' marker?] ⏎ Public: time to neg Senate witness/process? ⏎ What if 'impeachment' was meant to fail? ⏎ What if 'impeachment' was meant to distract from overseas developments?  ⏎ What did ALL US MEDIA focus on during 'impeachment' process? ⏎ How do you TERM POTUS rally(s)? ⏎ How do you TERM POTUS econ gains? ⏎ How do you TERM POTUS unemployment gains? ⏎ How do you TERM POTUS-CHINA trade neg? ⏎ How do you TERM [BIDEN] debates? ⏎ How do you TERM [BIDEN] public appearances?  ⏎ How do you TERM [BIDEN] live interviews? ⏎ How do you TERM [H-BIDEN] Ukraine/China MSM coverage? ⏎ HOW DO YOU CHANGE THE NARRATIVE? ⏎ WHO BENEFITS THE MOST? ⏎ How do you ALTER POTUS-[BIDEN] P_debate structure? ⏎ How do you HOLD HOSTAGE PUBLIC AID in exchange for Nationa
3915,namedEntities,Biden,,0,https://twitter.com/M2Madness/status/1247977509091774467 ⏎ Why was it fast-tracked in H? ⏎ Why did [Pelosi] hold until Jan 15th? ⏎ [what was the 'release' marker?] ⏎ Public: time to neg Senate witness/process? ⏎ What if 'impeachment' was meant to fail? ⏎ What if 'impeachment' was meant to distract from overseas developments?  ⏎ What did ALL US MEDIA focus on during 'impeachment' process? ⏎ How do you TERM POTUS rally(s)? ⏎ How do you TERM POTUS econ gains? ⏎ How do you TERM POTUS unemployment gains? ⏎ How do you TERM POTUS-CHINA trade neg? ⏎ How do you TERM [BIDEN] debates? ⏎ How do you TERM [BIDEN] public appearances?  ⏎ How do you TERM [BIDEN] live interviews? ⏎ How do you TERM [H-BIDEN] Ukraine/China MSM coverage? ⏎ HOW DO YOU CHANGE THE NARRATIVE? ⏎ WHO BENEFITS THE MOST? ⏎ How do you ALTER POTUS-[BIDEN] P_debate structure? ⏎ How do you HOLD HOSTAGE PUBLIC AID in exchange for Nationa
3915,namedEntities,Sanders,Sanders,1,https://twitter.com/M2Madness/status/1247977509091774467 ⏎ Why was it fast-tracked in H? ⏎ Why did [Pelosi] hold until Jan 15th? ⏎ [what was the 'release' marker?] ⏎ Public: time to neg Senate witness/process? ⏎ What if 'impeachment' was meant to fail? ⏎ What if 'impeachment' was meant to distract from overseas developments?  ⏎ What did ALL US MEDIA focus on during 'impeachment' process? ⏎ How do you TERM POTUS rally(s)? ⏎ How do you TERM POTUS econ gains? ⏎ How do you TERM POTUS unemployment gains? ⏎ How do you TERM POTUS-CHINA trade neg? ⏎ How do you TERM [BIDEN] debates? ⏎ How do you TERM [BIDEN] public appearances?  ⏎ How do you TERM [BIDEN] live interviews? ⏎ How do you TERM [H-BIDEN] Ukraine/China MSM coverage? ⏎ HOW DO YOU CHANGE THE NARRATIVE? ⏎ WHO BENEFITS THE MOST? ⏎ How do you ALTER POTUS-[BIDEN] P_debate structure? ⏎ How do you HOLD HOSTAGE PUBLIC AID in exchange for Nationa
3990,namedEntities,Flynn,,0,"FBI CHAIN OF COMMAND MIDYEAR INVESTIGATION [HRC EMAIL]? ⏎ FBI CHAIN OF COMMAND FISA-RUSSIA-POTUS-FLYNN-STONE-PAPADOP-MANAF? [CIA BRIDGE_BRENNAN_INTEL ASSESS[17]_UKRAINE_LINK]? ⏎ FBI CHAIN OF COMMAND DNC HACK? [CIA BRIDGE > UKRAINE CROWDSTRIKE_BRENNAN]? ⏎ RECONCILE. ⏎ IF CHAIN OF COMMAND + [DOJ-CIA[F + D] FOUND GUILTY [INDICTMENT CHAP 115 + [CLAS 1-99]] RE: USA V. [1-2-3-6] RE: FISA CAN THE SAME ARGUMENT BE MADE RE: MIDYEAR + DNC +++? ⏎ [Ref: public optics: ‘retired’’left’ refers to ‘fired/forced’] ⏎ FEDERAL BUREAU OF ""INVESTIGATION"" ⏎ James Comey, Director – FIRED ⏎ Andrew McCabe, Deputy Director - FIRED ⏎ Jim Rybicki, Chief of Staff and Senior Counselor – FIRED ⏎ James Baker, General Counsel – FIRED ⏎ Bill Priestap, Director of Counterintelligence (Strzok’s boss) – FIRED ⏎ Peter Strzok, Deputy Assistant Director of Counterintelligence – FIRED ⏎ Lisa Page, Office of General Counsel – FIR"
3990,namedEntities,Papadopoulos,Papadopoulos,1,"FBI CHAIN OF COMMAND MIDYEAR INVESTIGATION [HRC EMAIL]? ⏎ FBI CHAIN OF COMMAND FISA-RUSSIA-POTUS-FLYNN-STONE-PAPADOP-MANAF? [CIA BRIDGE_BRENNAN_INTEL ASSESS[17]_UKRAINE_LINK]? ⏎ FBI CHAIN OF COMMAND DNC HACK? [CIA BRIDGE > UKRAINE CROWDSTRIKE_BRENNAN]? ⏎ RECONCILE. ⏎ IF CHAIN OF COMMAND + [DOJ-CIA[F + D] FOUND GUILTY [INDICTMENT CHAP 115 + [CLAS 1-99]] RE: USA V. [1-2-3-6] RE: FISA CAN THE SAME ARGUMENT BE MADE RE: MIDYEAR + DNC +++? ⏎ [Ref: public optics: ‘retired’’left’ refers to ‘fired/forced’] ⏎ FEDERAL BUREAU OF ""INVESTIGATION"" ⏎ James Comey, Director – FIRED ⏎ Andrew McCabe, Deputy Director - FIRED ⏎ Jim Rybicki, Chief of Staff and Senior Counselor – FIRED ⏎ James Baker, General Counsel – FIRED ⏎ Bill Priestap, Director of Counterintelligence (Strzok’s boss) – FIRED ⏎ Peter Strzok, Deputy Assistant Director of Counterintelligence – FIRED ⏎ Lisa Page, Office of General Counsel – FIR"
3990,namedEntities,Manafort,Manafort,1,"FBI CHAIN OF COMMAND MIDYEAR INVESTIGATION [HRC EMAIL]? ⏎ FBI CHAIN OF COMMAND FISA-RUSSIA-POTUS-FLYNN-STONE-PAPADOP-MANAF? [CIA BRIDGE_BRENNAN_INTEL ASSESS[17]_UKRAINE_LINK]? ⏎ FBI CHAIN OF COMMAND DNC HACK? [CIA BRIDGE > UKRAINE CROWDSTRIKE_BRENNAN]? ⏎ RECONCILE. ⏎ IF CHAIN OF COMMAND + [DOJ-CIA[F + D] FOUND GUILTY [INDICTMENT CHAP 115 + [CLAS 1-99]] RE: USA V. [1-2-3-6] RE: FISA CAN THE SAME ARGUMENT BE MADE RE: MIDYEAR + DNC +++? ⏎ [Ref: public optics: ‘retired’’left’ refers to ‘fired/forced’] ⏎ FEDERAL BUREAU OF ""INVESTIGATION"" ⏎ James Comey, Director – FIRED ⏎ Andrew McCabe, Deputy Director - FIRED ⏎ Jim Rybicki, Chief of Staff and Senior Counselor – FIRED ⏎ James Baker, General Counsel – FIRED ⏎ Bill Priestap, Director of Counterintelligence (Strzok’s boss) – FIRED ⏎ Peter Strzok, Deputy Assistant Director of Counterintelligence – FIRED ⏎ Lisa Page, Office of General Counsel – FIR"
3990,namedEntities,Crowdstrike,CrowdStrike | CS | Crowdstrike,3,"FBI CHAIN OF COMMAND MIDYEAR INVESTIGATION [HRC EMAIL]? ⏎ FBI CHAIN OF COMMAND FISA-RUSSIA-POTUS-FLYNN-STONE-PAPADOP-MANAF? [CIA BRIDGE_BRENNAN_INTEL ASSESS[17]_UKRAINE_LINK]? ⏎ FBI CHAIN OF COMMAND DNC HACK? [CIA BRIDGE > UKRAINE CROWDSTRIKE_BRENNAN]? ⏎ RECONCILE. ⏎ IF CHAIN OF COMMAND + [DOJ-CIA[F + D] FOUND GUILTY [INDICTMENT CHAP 115 + [CLAS 1-99]] RE: USA V. [1-2-3-6] RE: FISA CAN THE SAME ARGUMENT BE MADE RE: MIDYEAR + DNC +++? ⏎ [Ref: public optics: ‘retired’’left’ refers to ‘fired/forced’] ⏎ FEDERAL BUREAU OF ""INVESTIGATION"" ⏎ James Comey, Director – FIRED ⏎ Andrew McCabe, Deputy Director - FIRED ⏎ Jim Rybicki, Chief of Staff and Senior Counselor – FIRED ⏎ James Baker, General Counsel – FIRED ⏎ Bill Priestap, Director of Counterintelligence (Strzok’s boss) – FIRED ⏎ Peter Strzok, Deputy Assistant Director of Counterintelligence – FIRED ⏎ Lisa Page, Office of General Counsel – FIR"
3992,namedEntities,Senate,,0,"[MUELLER] designed to take-in evidence needed to ‘expose’ DS [DOJ block re: Mueller ‘evidence’ ongoing investigation]. ⏎ [MUELLER] designed to limit POTUS’ ability to maneuver. ⏎ [MUELLER] designed to ‘stall-for-time’ until MIDTERM ELECTIONS to TERMINATE all HOUSE / SENATE ongoing investigations. ⏎ [MUELLER] designed to ‘safeguard’ D_PARTY_BASE false narrative re: RUSSIA COLLUSION [POTUS CHEATED – EVIL – SKY FALLING] in effort to DIVIDE and MOBILIZE for future protests, riots, threats, violence, FF’s, etc. ⏎ [MUELLER] designed to provide FAKE NEWS w/ ammunition to sway public opinion, obstruct foreign + domestic agenda, fuel impeachment/removal, fuel anti-POTUS [DIVISION] [prevent UNITY], etc.. ⏎ [MUELLER] designed to demonstrate to foreign players that OLD GUARD still pulls strings. ⏎ [MUELLER] designed to mobilize D_PARTY for MIDTERM VOTE WIN. ⏎ [MUELLER] designed to push D_PARTY backe"
3992,namedEntities,Midterm Elections,Midterm Elections,1,"[MUELLER] designed to take-in evidence needed to ‘expose’ DS [DOJ block re: Mueller ‘evidence’ ongoing investigation]. ⏎ [MUELLER] designed to limit POTUS’ ability to maneuver. ⏎ [MUELLER] designed to ‘stall-for-time’ until MIDTERM ELECTIONS to TERMINATE all HOUSE / SENATE ongoing investigations. ⏎ [MUELLER] designed to ‘safeguard’ D_PARTY_BASE false narrative re: RUSSIA COLLUSION [POTUS CHEATED – EVIL – SKY FALLING] in effort to DIVIDE and MOBILIZE for future protests, riots, threats, violence, FF’s, etc. ⏎ [MUELLER] designed to provide FAKE NEWS w/ ammunition to sway public opinion, obstruct foreign + domestic agenda, fuel impeachment/removal, fuel anti-POTUS [DIVISION] [prevent UNITY], etc.. ⏎ [MUELLER] designed to demonstrate to foreign players that OLD GUARD still pulls strings. ⏎ [MUELLER] designed to mobilize D_PARTY for MIDTERM VOTE WIN. ⏎ [MUELLER] designed to push D_PARTY backe"
3993,namedEntities,Schiff,,0,"REMEMBER THIS IMPORTANT FACT. ⏎ ADAM SCHIFF IS PART OF THE 'GANG OF EIGHT' (INTEL). ⏎ IT WILL BECOME CRITICAL ONCE 'GANG OF EIGHT' MATERIAL IS DECLASSIFIED.  ⏎ LOGICAL Q: IF ADAM SCHIFF 'KNEW' EVERYTHING HE'S INVESTIGATING AND STATING PUBLICLY TO BE KNOWINGLY 'FALSE' [DISINFORMATION] WHY THEN WOULD HE TAKE THE COURSE OF ACTION(S) (ONGOING)? ⏎ DID ADAM SCHIFF PURPOSELY DECEIVE THE AMERICAN PUBLIC 'THINKING' THE 'GANG OF EIGHT' MATERIAL + OTHER CLASSIFIED DOCUMENTATION WOULD NEVER REACH THE PUBLIC DOMAIN? ⏎ [AS] memo FALSE. ⏎ If [AS] was privy to GANG OF EIGHT classified material would he not know the same FACTS (TRUTH) as NUNES?  ⏎ Think NUNES memo v SCHIFF. ⏎ ""Knowingly."" ⏎ What if it was coordinated? ⏎ Q ⏎ "
3993,namedEntities,Nunes,,0,"REMEMBER THIS IMPORTANT FACT. ⏎ ADAM SCHIFF IS PART OF THE 'GANG OF EIGHT' (INTEL). ⏎ IT WILL BECOME CRITICAL ONCE 'GANG OF EIGHT' MATERIAL IS DECLASSIFIED.  ⏎ LOGICAL Q: IF ADAM SCHIFF 'KNEW' EVERYTHING HE'S INVESTIGATING AND STATING PUBLICLY TO BE KNOWINGLY 'FALSE' [DISINFORMATION] WHY THEN WOULD HE TAKE THE COURSE OF ACTION(S) (ONGOING)? ⏎ DID ADAM SCHIFF PURPOSELY DECEIVE THE AMERICAN PUBLIC 'THINKING' THE 'GANG OF EIGHT' MATERIAL + OTHER CLASSIFIED DOCUMENTATION WOULD NEVER REACH THE PUBLIC DOMAIN? ⏎ [AS] memo FALSE. ⏎ If [AS] was privy to GANG OF EIGHT classified material would he not know the same FACTS (TRUTH) as NUNES?  ⏎ Think NUNES memo v SCHIFF. ⏎ ""Knowingly."" ⏎ What if it was coordinated? ⏎ Q ⏎ "
3993,namedEntities,Nunes,,0,"REMEMBER THIS IMPORTANT FACT. ⏎ ADAM SCHIFF IS PART OF THE 'GANG OF EIGHT' (INTEL). ⏎ IT WILL BECOME CRITICAL ONCE 'GANG OF EIGHT' MATERIAL IS DECLASSIFIED.  ⏎ LOGICAL Q: IF ADAM SCHIFF 'KNEW' EVERYTHING HE'S INVESTIGATING AND STATING PUBLICLY TO BE KNOWINGLY 'FALSE' [DISINFORMATION] WHY THEN WOULD HE TAKE THE COURSE OF ACTION(S) (ONGOING)? ⏎ DID ADAM SCHIFF PURPOSELY DECEIVE THE AMERICAN PUBLIC 'THINKING' THE 'GANG OF EIGHT' MATERIAL + OTHER CLASSIFIED DOCUMENTATION WOULD NEVER REACH THE PUBLIC DOMAIN? ⏎ [AS] memo FALSE. ⏎ If [AS] was privy to GANG OF EIGHT classified material would he not know the same FACTS (TRUTH) as NUNES?  ⏎ Think NUNES memo v SCHIFF. ⏎ ""Knowingly."" ⏎ What if it was coordinated? ⏎ Q ⏎ "
3993,namedEntities,Gang of Eight,Gang of Eight | Gang of 8,2,"REMEMBER THIS IMPORTANT FACT. ⏎ ADAM SCHIFF IS PART OF THE 'GANG OF EIGHT' (INTEL). ⏎ IT WILL BECOME CRITICAL ONCE 'GANG OF EIGHT' MATERIAL IS DECLASSIFIED.  ⏎ LOGICAL Q: IF ADAM SCHIFF 'KNEW' EVERYTHING HE'S INVESTIGATING AND STATING PUBLICLY TO BE KNOWINGLY 'FALSE' [DISINFORMATION] WHY THEN WOULD HE TAKE THE COURSE OF ACTION(S) (ONGOING)? ⏎ DID ADAM SCHIFF PURPOSELY DECEIVE THE AMERICAN PUBLIC 'THINKING' THE 'GANG OF EIGHT' MATERIAL + OTHER CLASSIFIED DOCUMENTATION WOULD NEVER REACH THE PUBLIC DOMAIN? ⏎ [AS] memo FALSE. ⏎ If [AS] was privy to GANG OF EIGHT classified material would he not know the same FACTS (TRUTH) as NUNES?  ⏎ Think NUNES memo v SCHIFF. ⏎ ""Knowingly."" ⏎ What if it was coordinated? ⏎ Q ⏎ "
4010,namedEntities,Donald J. Trump,,0,"https://www.whitehouse.gov/presidential-actions/proclamation-law-day-u-s-2020/ ⏎ NOW, THEREFORE, I, DONALD J. TRUMP, President of the United States of America, in accordance with Public Law 87–20, as amended, do hereby proclaim May 1, 2020, as Law Day, U.S.A.   I urge all Americans, including government officials, to observe this day by reflecting upon the importance of the rule of law in our Nation and displaying the flag of the United States in support of this national observance; and I especially urge the legal profession, the press, and the radio, television, and media industries to promote and to participate in the observance of this day. ⏎ Q ⏎ "
4014,namedEntities,Flynn,,0,"https://www.washingtonexaminer.com/news/democratic-national-convention-pushed-back-a-month-to-mid-august ⏎ Why are they pushing back the [D] convention? ⏎ COVID-19 concern or strategic for last minute change? ⏎ Change of Batter coming? ⏎ Why was she 'saved' from officially announcing?  ⏎ Why was she 'reserved' for a last minute change? ⏎ How do you attempt to 'sneak one in'? ⏎ How do you attempt to ensure victory? ⏎ Adopt National Vote-by-Mail? ⏎ How do you convince American it was legitimate?  ⏎ Release fake polls indicating favorable leads in swing states? ⏎ How do you harm opponents accomplishments re: economy, unemployment, ……………….? ⏎ How do you terminate opponents highly effective rallies? ⏎ How do you shelter [D] lead candidate from embarrassing debates and/or rallies? ⏎ How do you shelter [D] corruption re: FISA-RUSSIA-FLYNN-etc. from reaching the mainstream? ⏎ How do you extend t"
4016,namedEntities,Brennan,,0,Was the DNC was hacked by Russia? ⏎ CIA [BRENNAN] FORCE? ⏎ Seth Rich internal DL hand-to-hand pass USA? ⏎ Crowdstrike code insert? ⏎ If FBI [CHAIN OF COMMAND] was corrupt what other investigations were corrupted? ⏎ WHO DID THEY PROVIDE COVER FOR? ⏎ HOW FAR BACK DID IT GO? ⏎ Q ⏎ 
4063,namedEntities,God,God,1,https://twitter.com/DanMeyerswords/status/1256662744574509056 ⏎ WWG1WGA!!! ⏎ GOD WINS! ⏎ Q ⏎ 
4153,namedEntities,Hussein,,0,Crowdstrike testimony re: DNC & Russia [hack]? ⏎ >no direct evidence? ⏎ >manipulation of source? ⏎ >comp-to-comp [transfer] speed [hack]? ⏎ >internal DL [terminal 1] speed? ⏎ >hand-to-hand transfer? ⏎ >WL publish v SR 187? ⏎ >MS13 [2] 187 geo-location? ⏎ >MS13 [2] 187 date? ⏎ >MS13 [2] case summary notes? ⏎ Interning for the [DNC] can be deadly. ⏎ [ALL WITNESS REPORTS NON_EVIDENCE RUSSIA_POTUS CONNECT] ⏎ [DOSSIER PRIMARY VEHICLE FISA_SC_IMPEACH] ⏎ [DOSSIER DISCREDIT PRIOR-TO [KNOWN]] ⏎ [NO NAME ASSIST [SENATOR STAMP_credible] _ FBI FLOOR 7 _ DNI _ POTUS PDB] ⏎ [FBI Floor 7][DNI][CIA][DNC][WH] primary [bulk] ⏎ [FBI Floor 7] [DNC][HRC4Pres][DNI][CIA][WH] _FISA 4 [upstream collection primary target POTUS cross 1-9] _FISA 1 [upstream collection primary target C cross 1-3] ⏎ [FBI Floor 7] [DOJ_LL][BC] coord tarmac [unofficial]_HRC(e)discuss][exchange SC][security detail planning-coord DOJ_LL 
4153,namedEntities,Mueller,,0,Crowdstrike testimony re: DNC & Russia [hack]? ⏎ >no direct evidence? ⏎ >manipulation of source? ⏎ >comp-to-comp [transfer] speed [hack]? ⏎ >internal DL [terminal 1] speed? ⏎ >hand-to-hand transfer? ⏎ >WL publish v SR 187? ⏎ >MS13 [2] 187 geo-location? ⏎ >MS13 [2] 187 date? ⏎ >MS13 [2] case summary notes? ⏎ Interning for the [DNC] can be deadly. ⏎ [ALL WITNESS REPORTS NON_EVIDENCE RUSSIA_POTUS CONNECT] ⏎ [DOSSIER PRIMARY VEHICLE FISA_SC_IMPEACH] ⏎ [DOSSIER DISCREDIT PRIOR-TO [KNOWN]] ⏎ [NO NAME ASSIST [SENATOR STAMP_credible] _ FBI FLOOR 7 _ DNI _ POTUS PDB] ⏎ [FBI Floor 7][DNI][CIA][DNC][WH] primary [bulk] ⏎ [FBI Floor 7] [DNC][HRC4Pres][DNI][CIA][WH] _FISA 4 [upstream collection primary target POTUS cross 1-9] _FISA 1 [upstream collection primary target C cross 1-3] ⏎ [FBI Floor 7] [DOJ_LL][BC] coord tarmac [unofficial]_HRC(e)discuss][exchange SC][security detail planning-coord DOJ_LL 
4153,namedEntities,Mueller,,0,Crowdstrike testimony re: DNC & Russia [hack]? ⏎ >no direct evidence? ⏎ >manipulation of source? ⏎ >comp-to-comp [transfer] speed [hack]? ⏎ >internal DL [terminal 1] speed? ⏎ >hand-to-hand transfer? ⏎ >WL publish v SR 187? ⏎ >MS13 [2] 187 geo-location? ⏎ >MS13 [2] 187 date? ⏎ >MS13 [2] case summary notes? ⏎ Interning for the [DNC] can be deadly. ⏎ [ALL WITNESS REPORTS NON_EVIDENCE RUSSIA_POTUS CONNECT] ⏎ [DOSSIER PRIMARY VEHICLE FISA_SC_IMPEACH] ⏎ [DOSSIER DISCREDIT PRIOR-TO [KNOWN]] ⏎ [NO NAME ASSIST [SENATOR STAMP_credible] _ FBI FLOOR 7 _ DNI _ POTUS PDB] ⏎ [FBI Floor 7][DNI][CIA][DNC][WH] primary [bulk] ⏎ [FBI Floor 7] [DNC][HRC4Pres][DNI][CIA][WH] _FISA 4 [upstream collection primary target POTUS cross 1-9] _FISA 1 [upstream collection primary target C cross 1-3] ⏎ [FBI Floor 7] [DOJ_LL][BC] coord tarmac [unofficial]_HRC(e)discuss][exchange SC][security detail planning-coord DOJ_LL 
4153,namedEntities,Soros,,0,Crowdstrike testimony re: DNC & Russia [hack]? ⏎ >no direct evidence? ⏎ >manipulation of source? ⏎ >comp-to-comp [transfer] speed [hack]? ⏎ >internal DL [terminal 1] speed? ⏎ >hand-to-hand transfer? ⏎ >WL publish v SR 187? ⏎ >MS13 [2] 187 geo-location? ⏎ >MS13 [2] 187 date? ⏎ >MS13 [2] case summary notes? ⏎ Interning for the [DNC] can be deadly. ⏎ [ALL WITNESS REPORTS NON_EVIDENCE RUSSIA_POTUS CONNECT] ⏎ [DOSSIER PRIMARY VEHICLE FISA_SC_IMPEACH] ⏎ [DOSSIER DISCREDIT PRIOR-TO [KNOWN]] ⏎ [NO NAME ASSIST [SENATOR STAMP_credible] _ FBI FLOOR 7 _ DNI _ POTUS PDB] ⏎ [FBI Floor 7][DNI][CIA][DNC][WH] primary [bulk] ⏎ [FBI Floor 7] [DNC][HRC4Pres][DNI][CIA][WH] _FISA 4 [upstream collection primary target POTUS cross 1-9] _FISA 1 [upstream collection primary target C cross 1-3] ⏎ [FBI Floor 7] [DOJ_LL][BC] coord tarmac [unofficial]_HRC(e)discuss][exchange SC][security detail planning-coord DOJ_LL 
4153,namedEntities,No Name,,0,Crowdstrike testimony re: DNC & Russia [hack]? ⏎ >no direct evidence? ⏎ >manipulation of source? ⏎ >comp-to-comp [transfer] speed [hack]? ⏎ >internal DL [terminal 1] speed? ⏎ >hand-to-hand transfer? ⏎ >WL publish v SR 187? ⏎ >MS13 [2] 187 geo-location? ⏎ >MS13 [2] 187 date? ⏎ >MS13 [2] case summary notes? ⏎ Interning for the [DNC] can be deadly. ⏎ [ALL WITNESS REPORTS NON_EVIDENCE RUSSIA_POTUS CONNECT] ⏎ [DOSSIER PRIMARY VEHICLE FISA_SC_IMPEACH] ⏎ [DOSSIER DISCREDIT PRIOR-TO [KNOWN]] ⏎ [NO NAME ASSIST [SENATOR STAMP_credible] _ FBI FLOOR 7 _ DNI _ POTUS PDB] ⏎ [FBI Floor 7][DNI][CIA][DNC][WH] primary [bulk] ⏎ [FBI Floor 7] [DNC][HRC4Pres][DNI][CIA][WH] _FISA 4 [upstream collection primary target POTUS cross 1-9] _FISA 1 [upstream collection primary target C cross 1-3] ⏎ [FBI Floor 7] [DOJ_LL][BC] coord tarmac [unofficial]_HRC(e)discuss][exchange SC][security detail planning-coord DOJ_LL 
4172,namedEntities,Biden,,0,"https://www.foxbusiness.com/markets/us-china-sign-historic-trade-deal ⏎ Dates are important. ⏎ January 15, 2020. ⏎ >Historic trade deal w/ China signed ⏎ >>China loses billions in clawback ⏎ >[Held][Timed] impeachment articles are delivered to Senate ⏎ >FIRST case of COVID-19 lands in UNITED STATES [Seattle-Tacoma International Airport] ⏎ Do the Chinese like losing? ⏎ Do the Chinese want POTUS removed/replaced P_elec_2020? ⏎ Do the Chinese want BIDEN installed P_elec_2020? ⏎ Is this about the virus OR THE ELECTION? ⏎ Q ⏎ "
4226,namedEntities,Flynn,,0,"https://twitter.com/QBlueSkyQ/status/1260366918223114240 ⏎ Excellent find, Anon(s). ⏎ But, you must go back before you can go forward. ⏎ https://www.reuters.com/article/us-usa-trump-russia-flynn/judge-presiding-over-michael-flynn-criminal-case-is-recused-court-idUSKBN1E202V ⏎ Why did U.S. District Court Judge Rudolph Contreras recuse? ⏎ https://www.fisc.uscourts.gov/current-membership ⏎ Judge Rudolph Contreras current member of FISC? ⏎ WHO SIGNED THE FLYNN FISA? ⏎ THE SWAMP RUNS DEEP. ⏎ Q ⏎ "
4231,namedEntities,Flynn,,0,Dates are important. ⏎ FISA unmask request(s) [PRIOR TO] Amb. Kislyak phone call? ⏎ WHO ASKED AMB. KISLYAK TO CALL FLYNN [SET UP _FBI entrap + FISA [late] justify]? ⏎ Q ⏎ 
4232,namedEntities,Kislyak,Kislyak,1,>>9158507 ⏎ Go back further. ⏎ https://www.nbcnews.com/politics/politics-news/what-mueller-report-says-about-jared-kushner-ivanka-trump-donald-n995866 ⏎ The 'Hook'. ⏎ Nov 30 'unmask' needed justification? ⏎ WHO SET UP THE MEETING? ⏎ WHO WAS DIRECTING AMB. KISLYAK TO MAKE CONTACT [MEETING + PHONE]? ⏎ Q ⏎ 
4238,namedEntities,Dan Coats,Dan Coats,1,[Example A] ⏎ Who [former WH staff][one or more] introduced [pushed] DAN COATS as DNI DIR to POTUS? ⏎ Who [former WH staff][one or more] insisted he could be trusted? ⏎ Knowingly or unknowingly? ⏎ Q ⏎ 
4241,namedEntities,Graham,Graham,1,>>9170717 ⏎ https://www.politico.com/news/2019/10/31/graham-judiciary-chairmanship-grassley-062993 ⏎ Worth remembering. ⏎ Think Chess. ⏎ Do you attack the KING in the beginning or middle-to-end? ⏎ QUEEN protects KING? ⏎ Q ⏎ 
4241,namedEntities,Politico,Politico,1,>>9170717 ⏎ https://www.politico.com/news/2019/10/31/graham-judiciary-chairmanship-grassley-062993 ⏎ Worth remembering. ⏎ Think Chess. ⏎ Do you attack the KING in the beginning or middle-to-end? ⏎ QUEEN protects KING? ⏎ Q ⏎ 
4245,namedEntities,Biden,,0,https://twitter.com/VincentCrypt46/status/1261122553461923840 ⏎ Listen carefully. ⏎ Why are possible [treatments][cures] being banned? ⏎ Why are possible [treatments][cures] being attacked? ⏎ Why are possible [treatments][cures] being targeted? ⏎ Evidence overwhelming? ⏎ HOW DO YOU KEEP PEOPLE LIVING IN FEAR? ⏎ HOW DO YOU KEEP PEOPLE DIVIDED? ⏎ HOW DO YOU JUSTIFY VOTE-BY-MAIL? ⏎ HOW DO YOU JUSTIFY STATE BAILOUT(S)? ⏎ HOW DO YOU MAKE PEOPLE STARVE [DEPENDENT ON GOV]? ⏎ HOW DO YOU JUSTIFY ANYTHING NON_COVID RELATED TO BE A POLITICAL ATTACK [FISA_UNMASK]? ⏎ HOW DO YOU CREATE A DIVERSION? ⏎ HOW DO YOU SHIFT THE NARRATIVE? ⏎ HOW DO YOU KILL POTUS ECONOMIC GAINS? ⏎ HOW DO YOU KILL POTUS UNEMPLOYMENT RECORD(S)? ⏎ HOW DO YOU PREVENT POTUS RALLY[IES]? ⏎ HOW DO YOU DELAY USA_CHINA TRADE NEGOTIATION [PREVENT [FIXED] BILLION(S) CLAWBACK]? ⏎ HOW DO YOU SHELTER [BIDEN] FROM DEBATES? ⏎ HOW DO YOU SHELT
4245,namedEntities,Biden,,0,https://twitter.com/VincentCrypt46/status/1261122553461923840 ⏎ Listen carefully. ⏎ Why are possible [treatments][cures] being banned? ⏎ Why are possible [treatments][cures] being attacked? ⏎ Why are possible [treatments][cures] being targeted? ⏎ Evidence overwhelming? ⏎ HOW DO YOU KEEP PEOPLE LIVING IN FEAR? ⏎ HOW DO YOU KEEP PEOPLE DIVIDED? ⏎ HOW DO YOU JUSTIFY VOTE-BY-MAIL? ⏎ HOW DO YOU JUSTIFY STATE BAILOUT(S)? ⏎ HOW DO YOU MAKE PEOPLE STARVE [DEPENDENT ON GOV]? ⏎ HOW DO YOU JUSTIFY ANYTHING NON_COVID RELATED TO BE A POLITICAL ATTACK [FISA_UNMASK]? ⏎ HOW DO YOU CREATE A DIVERSION? ⏎ HOW DO YOU SHIFT THE NARRATIVE? ⏎ HOW DO YOU KILL POTUS ECONOMIC GAINS? ⏎ HOW DO YOU KILL POTUS UNEMPLOYMENT RECORD(S)? ⏎ HOW DO YOU PREVENT POTUS RALLY[IES]? ⏎ HOW DO YOU DELAY USA_CHINA TRADE NEGOTIATION [PREVENT [FIXED] BILLION(S) CLAWBACK]? ⏎ HOW DO YOU SHELTER [BIDEN] FROM DEBATES? ⏎ HOW DO YOU SHELT
4247,namedEntities,USNS Comfort,USNS Comfort,1,"Why did [D]s push 'everything is fine' narrative early on [ex: Pelosi China town]? ⏎ Why did science board push [no need close China travel] narrative early on? ⏎ Why did [select] govs push COVID-19 positive elderly patients into nursing homes [most at risk_proven] when surplus of availability in hospitals [+ USNS_Comfort]?  ⏎ Why are CDC numbers conflating COVID-19 deaths with influenza, pneumonia, other? ⏎ Why are influenza deaths at [all-time] historical low levels vs years past [outside of standard deviation]? ⏎ Why are COVID-19 tests returning positive results on pawpaw's and animals?  ⏎ Why are [select] swing states undergoing heavy quarantine extensions?  ⏎ Why are possible [treatments][cures] being prevented and attacked [USA]? ⏎ ""Testing, Testing, Testing, Tracing, and Isolation."" - [Pelosi] ⏎ Q ⏎ "
4293,namedEntities,Senate,,0,"https://www.usnews.com/news/politics/articles/2020-05-20/senate-committee-authorizes-subpoena-in-gops-hunter-biden-burisma-investigation ⏎ ""Meanwhile, Democrats on the Homeland Security Committee have decried the investigation and the subpoena, arguing that they should be focusing on coronavirus-related issues during the ongoing pandemic and prioritize it over politics."" ⏎ In a letter sent to Johnson on Tuesday, Sen. Kamala Harris of California renewed her calls for another COVID-19 hearing, noting that the committee hasn't held one since early March. ⏎ DNC media [MSM] echo-chamber push? ⏎ Is this about the virus OR PREVENTING EXPOSURE OF [D] CORRUPTION? ⏎ Is this about the virus OR LOCKING [R] CONTROLLED SENATE FROM INVESTIGATING [D] FISA_BIDEN_OTHER CORRUPTION? ⏎ Is this about the virus OR THE ELECTION? ⏎ Q ⏎ "
4310,namedEntities,Congress,,0,"Relevance re: [Susan Rice] 'top secret' [DECLAS] paragraph: ⏎ “From a national security perspective, Comey said he does have some concerns that incoming NSA Flynn is speaking frequently with Russian Ambassador Kislyak. Comey said that could be an issue as it relates to sharing sensitive information. President Obama asked if Comey was saying that the NSC should not pass sensitive information related to Russia to Flynn. Comey replied ‘potentially.’"" ⏎ What was really discussed during [Jan 5] meeting? ⏎ [Hussein] order preventing sharing of intel re: Russia? ⏎ Would such an order shield [Hussein] admin from discovery re: Obamagate?  ⏎ Would such an order shield [Clinton] camp from discovery re: Clinton-DNC Russian collusion?  ⏎ Would such an order be known to POTUS or CLASSIFIED? ⏎ If CLASSIFIED how could it be discovered? ⏎ NSA Mike Rogers _step down [retire] [date]? ⏎ NSA Mike Rogers _TT "
4310,namedEntities,Schiff,,0,"Relevance re: [Susan Rice] 'top secret' [DECLAS] paragraph: ⏎ “From a national security perspective, Comey said he does have some concerns that incoming NSA Flynn is speaking frequently with Russian Ambassador Kislyak. Comey said that could be an issue as it relates to sharing sensitive information. President Obama asked if Comey was saying that the NSC should not pass sensitive information related to Russia to Flynn. Comey replied ‘potentially.’"" ⏎ What was really discussed during [Jan 5] meeting? ⏎ [Hussein] order preventing sharing of intel re: Russia? ⏎ Would such an order shield [Hussein] admin from discovery re: Obamagate?  ⏎ Would such an order shield [Clinton] camp from discovery re: Clinton-DNC Russian collusion?  ⏎ Would such an order be known to POTUS or CLASSIFIED? ⏎ If CLASSIFIED how could it be discovered? ⏎ NSA Mike Rogers _step down [retire] [date]? ⏎ NSA Mike Rogers _TT "
4310,namedEntities,Senate,,0,"Relevance re: [Susan Rice] 'top secret' [DECLAS] paragraph: ⏎ “From a national security perspective, Comey said he does have some concerns that incoming NSA Flynn is speaking frequently with Russian Ambassador Kislyak. Comey said that could be an issue as it relates to sharing sensitive information. President Obama asked if Comey was saying that the NSC should not pass sensitive information related to Russia to Flynn. Comey replied ‘potentially.’"" ⏎ What was really discussed during [Jan 5] meeting? ⏎ [Hussein] order preventing sharing of intel re: Russia? ⏎ Would such an order shield [Hussein] admin from discovery re: Obamagate?  ⏎ Would such an order shield [Clinton] camp from discovery re: Clinton-DNC Russian collusion?  ⏎ Would such an order be known to POTUS or CLASSIFIED? ⏎ If CLASSIFIED how could it be discovered? ⏎ NSA Mike Rogers _step down [retire] [date]? ⏎ NSA Mike Rogers _TT "
4310,namedEntities,Seattle,Seattle,1,"Relevance re: [Susan Rice] 'top secret' [DECLAS] paragraph: ⏎ “From a national security perspective, Comey said he does have some concerns that incoming NSA Flynn is speaking frequently with Russian Ambassador Kislyak. Comey said that could be an issue as it relates to sharing sensitive information. President Obama asked if Comey was saying that the NSC should not pass sensitive information related to Russia to Flynn. Comey replied ‘potentially.’"" ⏎ What was really discussed during [Jan 5] meeting? ⏎ [Hussein] order preventing sharing of intel re: Russia? ⏎ Would such an order shield [Hussein] admin from discovery re: Obamagate?  ⏎ Would such an order shield [Clinton] camp from discovery re: Clinton-DNC Russian collusion?  ⏎ Would such an order be known to POTUS or CLASSIFIED? ⏎ If CLASSIFIED how could it be discovered? ⏎ NSA Mike Rogers _step down [retire] [date]? ⏎ NSA Mike Rogers _TT "
4312,namedEntities,Cambridge Dictionary,Cambridge Dictionary,1,https://dictionary.cambridge.org/dictionary/english/common-sense ⏎ -the basic level of practical knowledge and judgment that we all need to help us live in a reasonable and safe way ⏎ Q ⏎ 
433,namedEntities,Wray,Wray,1,>>148729 ⏎ TRUST WRAY. ⏎ Q ⏎ 
4339,namedEntities,Michigan,Michigan | MI,2,https://townhall.com/columnists/larryoconnor/2020/05/28/michigans-hapless-governor-continues-deadly-covid19-nursing-home-policy-n2569605 ⏎ At what point should this be reclassified as murder? ⏎ At what point is ignorance [common sense] no longer valid [excuse]? ⏎ Evil surrounds us. ⏎ Q ⏎ 
4340,namedEntities,New York Post,New York Post | NY,2,https://nypost.com/2020/04/23/nursing-homes-cant-reject-coronavirus-patients-cuomo-says/ ⏎ At what point should this be reclassified as murder? ⏎ At what point is ignorance [common sense] no longer valid [excuse]? ⏎ Evil surrounds us. ⏎ Q ⏎ 
4352,namedEntities,House Republicans,House Republicans,1,"https://2009-2017.state.gov/documents/organization/119629.pdf ⏎ Irregular warefare. ⏎ Insurgency. ⏎ Insurgency is the organized use of subversion and violence to seize, nullify or challenge political control of a region. As such, it is primarily a political struggle, in which both sides use armed force to create space for their political, economic and influence activities to be effective. Insurgency is not always conducted by a single group with a centralized, military-style command structure, but may involve a complex matrix of different actors with various aims, loosely connected in dynamic and non-hierarchical networks. To be successful, insurgencies require charismatic leadership, supporters, recruits, supplies, safe havens and funding (often from illicit activities). They only need the active support of a few enabling individuals, but the passive acquiescence of a large proportion o"
436,namedEntities,Congress,,0,"ONE OF TWENTY TWO: ⏎ [DNC BREACH / DOSSIER] ⏎ [DNC] ⏎ [SR]> ⏎ [WL]> ⏎ HUSSEIN> ⏎ DNI DIR> ⏎ CLOWN DIR> ⏎ CLAS: 1-12> ⏎ GOOG> ⏎ CROWDSTRIKE> ⏎ DNC> ⏎ (SR 187)(MS13 (2) 187)> ⏎ DWS_DIR> ⏎ F-I/D-J ASSIST> ⏎ ""INSURANCE"" ⏎ /_\ > ⏎ HUSSEIN> ⏎ HRC> ⏎ LL> ⏎ JC> ⏎ AM> ⏎ PS> ⏎ (SUPPORT: CS, NP, AS, CLAS-1, CLAS-2, CLAS-3, CLAS-4, CLAS-5, CLAS-6)> ⏎ BRIT INTEL> ⏎ HRC CAMP PAY> ⏎ DNC PAY> ⏎ CLAS: 1-4 PAY> ⏎ STEELE> ⏎ PODESTA> ⏎ HOLDER RELAY SPEC RUSSIA> ⏎ CLAS: 1-9> ⏎ US SEN NO NAME> ⏎ US SEN CLAS-1> ⏎ US SEN CLAS-2> ⏎ JC> ⏎ LL> ⏎ HUSSEIN> ⏎ [FISA 2] ⏎ PRES DAILY B> ⏎ US SEN NO NAME> ⏎ NEWS SHOP> ⏎ BUZZF> ⏎ PUBLIC/NARRATIVE. ⏎ STAGE SET FUTURE PREVENT/REMOVAL OP. ⏎ RAMIF: US INTEL LEGAL SPY ON PRES CANDIDATE / PRES ELECT / R CONGRESS / R SEN / NEWS FRIENDLY / ETC> ⏎ Q ⏎ "
436,namedEntities,Hussein,,0,"ONE OF TWENTY TWO: ⏎ [DNC BREACH / DOSSIER] ⏎ [DNC] ⏎ [SR]> ⏎ [WL]> ⏎ HUSSEIN> ⏎ DNI DIR> ⏎ CLOWN DIR> ⏎ CLAS: 1-12> ⏎ GOOG> ⏎ CROWDSTRIKE> ⏎ DNC> ⏎ (SR 187)(MS13 (2) 187)> ⏎ DWS_DIR> ⏎ F-I/D-J ASSIST> ⏎ ""INSURANCE"" ⏎ /_\ > ⏎ HUSSEIN> ⏎ HRC> ⏎ LL> ⏎ JC> ⏎ AM> ⏎ PS> ⏎ (SUPPORT: CS, NP, AS, CLAS-1, CLAS-2, CLAS-3, CLAS-4, CLAS-5, CLAS-6)> ⏎ BRIT INTEL> ⏎ HRC CAMP PAY> ⏎ DNC PAY> ⏎ CLAS: 1-4 PAY> ⏎ STEELE> ⏎ PODESTA> ⏎ HOLDER RELAY SPEC RUSSIA> ⏎ CLAS: 1-9> ⏎ US SEN NO NAME> ⏎ US SEN CLAS-1> ⏎ US SEN CLAS-2> ⏎ JC> ⏎ LL> ⏎ HUSSEIN> ⏎ [FISA 2] ⏎ PRES DAILY B> ⏎ US SEN NO NAME> ⏎ NEWS SHOP> ⏎ BUZZF> ⏎ PUBLIC/NARRATIVE. ⏎ STAGE SET FUTURE PREVENT/REMOVAL OP. ⏎ RAMIF: US INTEL LEGAL SPY ON PRES CANDIDATE / PRES ELECT / R CONGRESS / R SEN / NEWS FRIENDLY / ETC> ⏎ Q ⏎ "
436,namedEntities,Hussein,,0,"ONE OF TWENTY TWO: ⏎ [DNC BREACH / DOSSIER] ⏎ [DNC] ⏎ [SR]> ⏎ [WL]> ⏎ HUSSEIN> ⏎ DNI DIR> ⏎ CLOWN DIR> ⏎ CLAS: 1-12> ⏎ GOOG> ⏎ CROWDSTRIKE> ⏎ DNC> ⏎ (SR 187)(MS13 (2) 187)> ⏎ DWS_DIR> ⏎ F-I/D-J ASSIST> ⏎ ""INSURANCE"" ⏎ /_\ > ⏎ HUSSEIN> ⏎ HRC> ⏎ LL> ⏎ JC> ⏎ AM> ⏎ PS> ⏎ (SUPPORT: CS, NP, AS, CLAS-1, CLAS-2, CLAS-3, CLAS-4, CLAS-5, CLAS-6)> ⏎ BRIT INTEL> ⏎ HRC CAMP PAY> ⏎ DNC PAY> ⏎ CLAS: 1-4 PAY> ⏎ STEELE> ⏎ PODESTA> ⏎ HOLDER RELAY SPEC RUSSIA> ⏎ CLAS: 1-9> ⏎ US SEN NO NAME> ⏎ US SEN CLAS-1> ⏎ US SEN CLAS-2> ⏎ JC> ⏎ LL> ⏎ HUSSEIN> ⏎ [FISA 2] ⏎ PRES DAILY B> ⏎ US SEN NO NAME> ⏎ NEWS SHOP> ⏎ BUZZF> ⏎ PUBLIC/NARRATIVE. ⏎ STAGE SET FUTURE PREVENT/REMOVAL OP. ⏎ RAMIF: US INTEL LEGAL SPY ON PRES CANDIDATE / PRES ELECT / R CONGRESS / R SEN / NEWS FRIENDLY / ETC> ⏎ Q ⏎ "
436,namedEntities,Hussein,,0,"ONE OF TWENTY TWO: ⏎ [DNC BREACH / DOSSIER] ⏎ [DNC] ⏎ [SR]> ⏎ [WL]> ⏎ HUSSEIN> ⏎ DNI DIR> ⏎ CLOWN DIR> ⏎ CLAS: 1-12> ⏎ GOOG> ⏎ CROWDSTRIKE> ⏎ DNC> ⏎ (SR 187)(MS13 (2) 187)> ⏎ DWS_DIR> ⏎ F-I/D-J ASSIST> ⏎ ""INSURANCE"" ⏎ /_\ > ⏎ HUSSEIN> ⏎ HRC> ⏎ LL> ⏎ JC> ⏎ AM> ⏎ PS> ⏎ (SUPPORT: CS, NP, AS, CLAS-1, CLAS-2, CLAS-3, CLAS-4, CLAS-5, CLAS-6)> ⏎ BRIT INTEL> ⏎ HRC CAMP PAY> ⏎ DNC PAY> ⏎ CLAS: 1-4 PAY> ⏎ STEELE> ⏎ PODESTA> ⏎ HOLDER RELAY SPEC RUSSIA> ⏎ CLAS: 1-9> ⏎ US SEN NO NAME> ⏎ US SEN CLAS-1> ⏎ US SEN CLAS-2> ⏎ JC> ⏎ LL> ⏎ HUSSEIN> ⏎ [FISA 2] ⏎ PRES DAILY B> ⏎ US SEN NO NAME> ⏎ NEWS SHOP> ⏎ BUZZF> ⏎ PUBLIC/NARRATIVE. ⏎ STAGE SET FUTURE PREVENT/REMOVAL OP. ⏎ RAMIF: US INTEL LEGAL SPY ON PRES CANDIDATE / PRES ELECT / R CONGRESS / R SEN / NEWS FRIENDLY / ETC> ⏎ Q ⏎ "
4375,namedEntities,America,,0,MSDNC [knowingly] using fake footage? ⏎ MSDEN pushing [AMERICA ON FIRE] narrative? ⏎ Why? ⏎ ENEMY OF THE PEOPLE. ⏎ Q ⏎ 
4387,namedEntities,America,,0,WE ARE UNITED. ⏎ WE WILL PREVAIL. ⏎ GOD BLESS AMERICA. ⏎ Q ⏎ 
4387,namedEntities,God,God,1,WE ARE UNITED. ⏎ WE WILL PREVAIL. ⏎ GOD BLESS AMERICA. ⏎ Q ⏎ 
4398,namedEntities,Pelosi,,0,"https://twitter.com/charliekirk11/status/1268268026131935232 ⏎ POTUS walk to Church. ⏎ MSDNC: POTUS cleared peaceful protestors using tear gas, rubber bullets [attack on humanity _racist] etc. ⏎ PELOSI walk. ⏎ MSDNC: PELOSI [D]s are one with the people and the black community [""protestors"" reaching out for her hand _peaceful] ⏎ POTUS holds Bible  ⏎ MSDNC: Fake pictures created of Hitler holding Bible [project white supremacy narrative] ⏎ PELOSI holds Bible ⏎ MSDNC: PELOSI [D]s are a blessing for our black communities ⏎ Attempt to divide and control? ⏎ Q ⏎ "
4398,namedEntities,Pelosi,,0,"https://twitter.com/charliekirk11/status/1268268026131935232 ⏎ POTUS walk to Church. ⏎ MSDNC: POTUS cleared peaceful protestors using tear gas, rubber bullets [attack on humanity _racist] etc. ⏎ PELOSI walk. ⏎ MSDNC: PELOSI [D]s are one with the people and the black community [""protestors"" reaching out for her hand _peaceful] ⏎ POTUS holds Bible  ⏎ MSDNC: Fake pictures created of Hitler holding Bible [project white supremacy narrative] ⏎ PELOSI holds Bible ⏎ MSDNC: PELOSI [D]s are a blessing for our black communities ⏎ Attempt to divide and control? ⏎ Q ⏎ "
4398,namedEntities,Pelosi,,0,"https://twitter.com/charliekirk11/status/1268268026131935232 ⏎ POTUS walk to Church. ⏎ MSDNC: POTUS cleared peaceful protestors using tear gas, rubber bullets [attack on humanity _racist] etc. ⏎ PELOSI walk. ⏎ MSDNC: PELOSI [D]s are one with the people and the black community [""protestors"" reaching out for her hand _peaceful] ⏎ POTUS holds Bible  ⏎ MSDNC: Fake pictures created of Hitler holding Bible [project white supremacy narrative] ⏎ PELOSI holds Bible ⏎ MSDNC: PELOSI [D]s are a blessing for our black communities ⏎ Attempt to divide and control? ⏎ Q ⏎ "
4398,namedEntities,Pelosi,,0,"https://twitter.com/charliekirk11/status/1268268026131935232 ⏎ POTUS walk to Church. ⏎ MSDNC: POTUS cleared peaceful protestors using tear gas, rubber bullets [attack on humanity _racist] etc. ⏎ PELOSI walk. ⏎ MSDNC: PELOSI [D]s are one with the people and the black community [""protestors"" reaching out for her hand _peaceful] ⏎ POTUS holds Bible  ⏎ MSDNC: Fake pictures created of Hitler holding Bible [project white supremacy narrative] ⏎ PELOSI holds Bible ⏎ MSDNC: PELOSI [D]s are a blessing for our black communities ⏎ Attempt to divide and control? ⏎ Q ⏎ "
4401,namedEntities,Google Trends,Google Trends,1,https://trends.google.com/trends/explore?date=today%205-y&geo=US&q=black%20lives%20matter ⏎ Do you see a pattern? ⏎ Q ⏎ 
4413,namedEntities,God,God,1,https://www.axios.com/tina-kaidanow-fifth-pentagon-official-resigns-4ea23438-d930-4e6b-be1e-9e370492e385.html ⏎ https://twitter.com/Calloutfortruth/status/1268642419635114000 ⏎ Those loyal to our Constitutional Republic and our Command Structure. ⏎ Those loyal to the Office of the President and the will of the people. ⏎ Those who swore an oath to protect and defend against all enemies foreign and domestic. ⏎ Those good people who serve proudly for America. ⏎ CASTLE_ROCK. ⏎ FOR GOD AND COUNTRY. ⏎ Q ⏎ 
4414,namedEntities,Pelosi,,0,EAM LOYALISTS: ⏎ RED1: POTUS twitter removal ⏎ RED2: Central communications blackout [continental US] ⏎ RED3: CLAS movement PELOSI or PENCE ⏎ RED4: Movement of MIL assets [10th Mountain_1st Marine_CPSD_Marine_QVIR] to central locations under guise of citizen riot control. ⏎ RED5: NAT MIL COM CEN  ⏎ RED6: SEC OF DEF _instruct1 ⏎ USSS ⏎ CASTLE_ROCK ⏎ Q ⏎ 
445,namedEntities,CrowdStrike,CrowdStrike | CS | Crowdstrike,3,https://www.crowdstrike.com/resources/crowdstrike-closes-100-million-financing-round-led-google-capital/ ⏎ Q ⏎ 
4457,namedEntities,Senate,,0,>>9575226 ⏎ Logical thinking. ⏎ Do you hold hearings [before or after] select item(s) DECLAS? ⏎ How do you exert maximum pressure (publicly)?  ⏎ SENATE WAS THE TARGET. ⏎ Q ⏎ 
4461,namedEntities,God,God,1,Only when evil is forced into the light can we defeat it.  ⏎ Only when they can no longer operate in the [shadows] can people see the truth for themselves. ⏎ Only when people see the truth [for themselves] will people understand the true nature of their deception.  ⏎ Seeing is Believing.  ⏎ Sometimes you can't tell the public the truth. ⏎ YOU MUST SHOW THEM. ⏎ ONLY THEN WILL PEOPLE FIND THE WILL TO CHANGE. ⏎ It had to be this way. ⏎ This is not another 4-year election. ⏎ GOD WINS. ⏎ Q ⏎ 
4468,namedEntities,Daily Beast,Daily Beast,1,"https://twitter.com/MollyJongFast/status/1271909520135110658 ⏎ The Daily ""Beast."" ⏎ Q ⏎ "
4489,namedEntities,Biden,,0,https://www.youtube.com/watch?v=qlqWMazIYUQ ⏎ Focus @: 21:45  ⏎ Can you see and understand their attempts to slow-stop accountability?  ⏎ Who benefits the most? ⏎ COVID-2 [C]: Lockdown(s) ⏎ Lockdown(s) +C: POTUS economic gains wiped ⏎ Lockdown(s) +C: POTUS unemployment gains wiped ⏎ Lockdown(s) +C: POTUS rally hold [prevent gathering_dim energy] ⏎ Lockdown(s) +C: Close churche(s) _other person-to-person [keep in isolation _dim energy _fear no hope] ⏎ Lockdown(s) +C: Inc death toll _[D] mayor(s)/gov(s) push COVID positive seniors to hot zone(s) [senior (home) care facilities] _retain FEAR & lockdown (isolate _control) _combine pneumonia influenza death count w/ COVID [inc death toll] ⏎ Lockdown(s) +C: BIDEN hideaway prevent 'self-embarrassment'  ⏎ Lockdown(s) +C: [D] state mail-in-ballot doorstep flood ⏎ Lockdown(s) +C: Build public unrest _[future BLM (4)-year push] ⏎ Lockdown(s) +C: Rel
4489,namedEntities,Biden,,0,https://www.youtube.com/watch?v=qlqWMazIYUQ ⏎ Focus @: 21:45  ⏎ Can you see and understand their attempts to slow-stop accountability?  ⏎ Who benefits the most? ⏎ COVID-2 [C]: Lockdown(s) ⏎ Lockdown(s) +C: POTUS economic gains wiped ⏎ Lockdown(s) +C: POTUS unemployment gains wiped ⏎ Lockdown(s) +C: POTUS rally hold [prevent gathering_dim energy] ⏎ Lockdown(s) +C: Close churche(s) _other person-to-person [keep in isolation _dim energy _fear no hope] ⏎ Lockdown(s) +C: Inc death toll _[D] mayor(s)/gov(s) push COVID positive seniors to hot zone(s) [senior (home) care facilities] _retain FEAR & lockdown (isolate _control) _combine pneumonia influenza death count w/ COVID [inc death toll] ⏎ Lockdown(s) +C: BIDEN hideaway prevent 'self-embarrassment'  ⏎ Lockdown(s) +C: [D] state mail-in-ballot doorstep flood ⏎ Lockdown(s) +C: Build public unrest _[future BLM (4)-year push] ⏎ Lockdown(s) +C: Rel
4489,namedEntities,Biden,,0,https://www.youtube.com/watch?v=qlqWMazIYUQ ⏎ Focus @: 21:45  ⏎ Can you see and understand their attempts to slow-stop accountability?  ⏎ Who benefits the most? ⏎ COVID-2 [C]: Lockdown(s) ⏎ Lockdown(s) +C: POTUS economic gains wiped ⏎ Lockdown(s) +C: POTUS unemployment gains wiped ⏎ Lockdown(s) +C: POTUS rally hold [prevent gathering_dim energy] ⏎ Lockdown(s) +C: Close churche(s) _other person-to-person [keep in isolation _dim energy _fear no hope] ⏎ Lockdown(s) +C: Inc death toll _[D] mayor(s)/gov(s) push COVID positive seniors to hot zone(s) [senior (home) care facilities] _retain FEAR & lockdown (isolate _control) _combine pneumonia influenza death count w/ COVID [inc death toll] ⏎ Lockdown(s) +C: BIDEN hideaway prevent 'self-embarrassment'  ⏎ Lockdown(s) +C: [D] state mail-in-ballot doorstep flood ⏎ Lockdown(s) +C: Build public unrest _[future BLM (4)-year push] ⏎ Lockdown(s) +C: Rel
4492,namedEntities,Yale Medicine,Yale Medicine,1,"https://twitter.com/SteveScalise/status/1274829394981388296 ⏎ How is it possible select [D] governors thought it was 'safe' to push COVID-19 positive elderly patients back into nursing homes [hot zones]? ⏎ https://medicine.yale.edu/news/medicineatyale/why-flu-is-deadly-among-the-elderly/ ⏎ ""Each year, 90 percent of deaths worldwide related to influenza-A virus (IAV) strike men and women aged 65 and older."" ⏎ If the flu [influenza] is more deadly among the elderly [known] HOW IS IT POSSIBLE SELECT [D] GOVERNORS THOUGHT IT WAS 'SAFE' TO PUSH COVID-19 POSITIVE ELDERLY PATIENTS BACK INTO NURSING HOMES [HOT ZONES]? ⏎ WHY WOULD THIS BE DIRECTED IF HOSPITALS [+US NAVY MEDICAL SHIPS [NYC-CA] +ERECTED CARE FACILITIES] HAD MORE THAN 70% CAPACITY? ⏎ https://criminal.findlaw.com/criminal-charges/third-degree-murder-overview.html ⏎ Someone can be accused of third-degree murder if they unintentionally"
4492,namedEntities,US Navy,US Navy,1,"https://twitter.com/SteveScalise/status/1274829394981388296 ⏎ How is it possible select [D] governors thought it was 'safe' to push COVID-19 positive elderly patients back into nursing homes [hot zones]? ⏎ https://medicine.yale.edu/news/medicineatyale/why-flu-is-deadly-among-the-elderly/ ⏎ ""Each year, 90 percent of deaths worldwide related to influenza-A virus (IAV) strike men and women aged 65 and older."" ⏎ If the flu [influenza] is more deadly among the elderly [known] HOW IS IT POSSIBLE SELECT [D] GOVERNORS THOUGHT IT WAS 'SAFE' TO PUSH COVID-19 POSITIVE ELDERLY PATIENTS BACK INTO NURSING HOMES [HOT ZONES]? ⏎ WHY WOULD THIS BE DIRECTED IF HOSPITALS [+US NAVY MEDICAL SHIPS [NYC-CA] +ERECTED CARE FACILITIES] HAD MORE THAN 70% CAPACITY? ⏎ https://criminal.findlaw.com/criminal-charges/third-degree-murder-overview.html ⏎ Someone can be accused of third-degree murder if they unintentionally"
4521,namedEntities,2020 Presidential Election,2020 Presidential Election,1,"https://www.congress.gov/bill/116th-congress/house-bill/7297?r=1&s=1 ⏎ Worth tracking. ⏎ https://www.rand.org/content/dam/rand/pubs/monograph_reports/MR1251/MR1251.AppD.pdf ⏎ ""The Posse Comitatus Act, 18 U.S. Code, Section 1385, an original intent of which was to end the use of federal troops [TO POLICE STATE ELECTIONS] in former Confederate states, proscribes the role of the Army and Air Force in executing civil laws and states."" ⏎ KEY EXCEPTIONS TO THE POSSE COMITATUS ACT ⏎ ""Pursuant to the presidential power to quell domestic violence, federal troops are expressly exempt from the prohibitions of Posse Comitatus Act, and this exemption applies equally to active-duty military and federalized National Guard troops."" ⏎ What is Adam Schiff trying to prevent? ⏎ Everything you are witnessing [past & present [future]] centrally revolves around the Presidential Election of 2020. ⏎ Win by any m"
4526,namedEntities,The Guardian,The Guardian,1,"https://twitter.com/juliacarriew/status/1276275098870112256 ⏎ Daily attacks are normal. ⏎ But, what are the odds this particular hit re: FB censorship push comes the next day? [think battlefield and mission(s)] ⏎ The 'Guardian'.  ⏎ Information Warfare. ⏎ Q ⏎ "
4535,namedEntities,United States of America,,0,"A person(s) value: ⏎ 1. vote ⏎ 2. monetary value (tax contribution) ⏎ 3.  ⏎ Why is 'free thought' ridiculed, challenged, and threatened when a person is opposed to the 'mainstream-narrative'? ⏎ [2] remains fixed (degree allowable by 'economic recession/expansion') ⏎ [1] remains a variable ⏎ [1] dependent on a 'controlled' system of information dissemination  ⏎ What happens when 90% of the media is controlled/owned by (6) corporations? ⏎ What happens when those same corporations are operated and controlled by a political ideology?  ⏎ What happens when the news is no longer free from bias?  ⏎ What happens when the news is no longer reliable and independent?  ⏎ What happens when the news is no longer trustworthy? ⏎ What happens when the news simply becomes an extension/arm of a political party? ⏎ Fact becomes fiction? ⏎ Fiction becomes fact? ⏎ When does news become propaganda? ⏎ Identity cr"
4545,namedEntities,United Nations,United Nations | UN,2,"Humanity is good, but, when we let our guard down we allow darkness to infiltrate and destroy. ⏎ Like past battles fought, we now face our greatest battle at present, a battle to save our Republic, our way of life, and what we decide (each of us) now will decide our future. ⏎ Will we be a free nation under God? ⏎ Or will we cede our freedom, rights and liberty to the enemy? ⏎ We all have a choice to make. .  ⏎ Evil [darkness] has never been so exposed to light.  ⏎ They can no longer hide in the shadows.  ⏎ Our system of government has been infiltrated by corrupt and sinister elements. ⏎ Democracy was almost lost forever.  ⏎ Think HRC install: [2+] Supreme Court Justices, 200+ judges, rogue elements expanded inside DOJ, FBI, CIA, NSA, WH, STATE, …….removal 2nd amendment, border etc. ……… America for sale: China, Russia, Iran, Syria…….ISIS & AL Q expansion…….expansion surv of domestic citiz"
4559,namedEntities,God,God,1,"There was a time when our children stood at attention, and with pride, put their hand on their heart, and in one UNITED voice, recited the PLEDGE OF ALLEGIANCE. ⏎ There was a time when STRENGTH and HONOR meant something. ⏎ There was a time when standing for our FLAG meant something. ⏎ There was a time when our history (heritage) was taught with PRIDE and RESPECT. ⏎ There was a time when respect was given to those who serve(d), bled, and died to protect and defend our FREEDOM.  ⏎ There was a time when we were GRATEFUL. ⏎ There was a time when our ACCOMPLISHMENTS meant something. ⏎ There was a time when these UNITED STATES OF AMERICA, ONE NATION UNDER GOD, was UNITED. ⏎ There was a time when these UNITED STATES OF AMERICA, ONE NATION UNDER GOD, was UNITED UNDER THE AMERICAN FLAG. ⏎ A FLAG THAT WAS CARRIED IN BATTLE BY BRAVE PATRIOTS AS A SYMBOL OF FREEDOM & JUSTICE FOR ALL NO MATTER RACE, "
4592,namedEntities,Democrat Party,Democrat Party,1,When was the last time you witnessed a [D] party leader being Patriotic [exhibiting National Pride (love of Country)]?  ⏎ When was the last time you witnessed a [D] party leader 'speak out against' the riots [violence in the streets]? ⏎ [MSDNC projecting 'peaceful' protests?] ⏎ When was the last time you witnessed a [D] party leader support those who took at oath to protect and defend? ⏎ When was the last time you witnessed a [D] party leader support and call for UNITY across our Nation? ⏎ Why do they want people divided? ⏎ Why do they want people categorized?  ⏎ WHO CONTROLS THE DEMOCRAT PARTY LEADERS? ⏎ [F] ⏎ The Great [D]eceivers.  ⏎ Q ⏎ 
4627,namedEntities,America,,0,https://twitter.com/realDonaldTrump/status/1297521970813317121 ⏎ One party discusses God.  ⏎ One party discusses Darkness. ⏎ One party promotes God. ⏎ One party eliminates God. ⏎ Symbolism will be their downfall.  ⏎ The Great Deceiver(s).  ⏎ When was the last time you witnessed a [D] party leader being Patriotic [exhibiting National Pride (love of Country)]?  ⏎ When was the last time you witnessed a [D] party leader 'speak out against' the riots [violence in the streets]? ⏎ When was the last time you witnessed a [D] party leader support those who took an oath to protect and defend? ⏎ When was the last time you witnessed a [D] party leader support and call for UNITY across our Nation? ⏎ ALL ASSETS DEPLOYED. ⏎ INFORMATION WARFARE. ⏎ INFILTRATION. ⏎ DESTRUCTION OF AMERICA. ⏎ Have Faith in Humanity. ⏎ Have Faith in Yourself. ⏎ UNITED WE STAND. ⏎ GOD WINS. ⏎ Q ⏎ 
4630,namedEntities,Harold Moody Jr,Harold Moody Jr,1,"How is blackmail used? ⏎ Democratic Illinois State Representative, Keith Farnham, has resigned and was charged with possession of child pornography and has been accused of bragging at an online site about sexually molesting a 6-year-old girl. ⏎ Democratic spokesperson for the Arkansas Democratic Party, Harold Moody, Jr, was charged with distribution and possession of child pornography. ⏎ Democratic Radnor Township Board of Commissioners member, Philip Ahr, resigned from his position after being charged with possession of child pornography and abusing children between 2 and 6 years-old. ⏎ Democratic activist and BLM organizer, Charles Wade, was arrested and charged with human trafficking and underage prostitution. ⏎ Democratic Texas attorney and activist, Mark Benavides, was charged with having sex with a minor, inducing a child under 18 to have sex and compelling prostitution of at least"
4641,namedEntities,God,God,1,"THE SWAMP RUNS DEEP. ⏎ Sometimes you cannot tell people the truth. ⏎ You must show them. ⏎ Only then, at the precipice, will people find the will to change [to participate].  ⏎ We, the People, have been betrayed for a very long time.  ⏎ WILL YOU STAND? ⏎ FOR GOD AND COUNTRY. ⏎ FOR FREEDOM. ⏎ FOR HUMANITY. ⏎ WHERE WE GO ONE ⏎ WE GO ALL !!! ⏎ Q ⏎ "
4656,namedEntities,Renegade,,0,>>10596595 ⏎ renegade ⏎ noun ⏎ a person who deserts a party or cause for another. ⏎ an apostate from a religious faith. ⏎ adjective ⏎ of or like a renegade; traitorous. ⏎ Q ⏎ 
466,namedEntities,America,,0,"Why is Hussein traveling the globe? ⏎ $$$,$$$,$$$ ⏎ Acct # xx-XXXxx-x-39670 ⏎ Acct # XXXxx-XXXx-2391 ⏎ Where did the MONEY come from? ⏎ How do you destroy the most POWERFUL country in the world? ⏎ Direct attack? ⏎ Covert OP by [CLAS-59#241-Q] to infiltrate at highest ⏎ level to destroy from within? ⏎ Think GAME. ⏎ Who are the PLAYERS? ⏎ What are the REWARDS? ⏎ AMERICA FOR SALE. ⏎ PATRIOTS in FULL CONTROL. ⏎ We will make more public. ⏎ SA was strategic. ⏎ “We know” “Do as we say or face consequences” ⏎ These people are stupid! ⏎ Q"
4773,namedEntities,Sessions,,0,What did we learn this week? ⏎ 1. Durham 'true' start? ⏎ 2. Durham 'take-over' Huber [select parts re: CF-i]? ⏎ What if there's another prosecutor (outside of DC) assigned by SESSIONS w/ the same mandate/authority? ⏎ Q ⏎ 
48,namedEntities,Canada,Canada | CA,2,"What is Q Clearance?  ⏎ What hint does that explicitly refer to? ⏎ DOE?  ⏎ Who would have the goods on U1? ⏎ Does stating 'Q' refer that person works in DOE? ⏎ No. ⏎ Does it refer that someone dropping such information has the highest level of security within all departments?  ⏎ Why is this relevant?  ⏎  ⏎ (May 2010) BO ""Russia should be viewed as a friendly partner under Section 123 the Atomic Energy Act of 1954"" after agreeing to a new nuclear weapons reduction deal and helping US w/ Iran. ⏎ Who is the enemy? ⏎ What is being continually stated by all D's?  ⏎ Russia is what? ⏎ What did the Russia reset really provide? ⏎ Clearance/pathway to complete the U1 deal? ⏎ Why is the Canadian PM so important? ⏎ They never thought they were going to lose. ⏎ The calm before the storm."
480,namedEntities,Loop Capital,Loop Capital,1,DO NOT LOSE FOCUS ON LOOP CAPITAL.  ⏎ Q ⏎ 
4802,namedEntities,Biden,,0,"Spy campaign failed. ⏎ Russia Russia Russia failed. ⏎ Weissmann [Mueller] failed. ⏎ Leaks failed. ⏎ Fake news reports failed. ⏎ Impeachment failed. ⏎ CDC/WHO recommend 'do not close' border failed. ⏎ ______ ⏎ What if C19 didn't exist? ⏎ Economy today? ⏎ Unemployment today? ⏎ Trade today [China phase II held accountable]? ⏎ Rally POTUS v BIDEN attendance? ⏎ BIDEN interview(s) non_basement? ⏎ BIDEN question(s) non_basement? ⏎ Removal of delay(s) re: Durham (GJ + interview(s) + testimony + DECLAS]? ⏎ Removal of BIDEN ammunition P_Debate 1, 2, and 3 [200k dead, down-economy, unemployment, debt, .....]? ⏎ Removal of mail-in ballot harvesting + fraud [normal in-person voting]? ⏎ Removal of tech [tyranny] censorship [WHO foundation _anti WHO = suspend/terminate [C19 basis]]? ⏎ Removal of bailout attempt re: CA & NY [debt solution]? ⏎ ......................... ⏎ MATHEMATICAL PROBABILITY OF C19 E"
4802,namedEntities,Biden,,0,"Spy campaign failed. ⏎ Russia Russia Russia failed. ⏎ Weissmann [Mueller] failed. ⏎ Leaks failed. ⏎ Fake news reports failed. ⏎ Impeachment failed. ⏎ CDC/WHO recommend 'do not close' border failed. ⏎ ______ ⏎ What if C19 didn't exist? ⏎ Economy today? ⏎ Unemployment today? ⏎ Trade today [China phase II held accountable]? ⏎ Rally POTUS v BIDEN attendance? ⏎ BIDEN interview(s) non_basement? ⏎ BIDEN question(s) non_basement? ⏎ Removal of delay(s) re: Durham (GJ + interview(s) + testimony + DECLAS]? ⏎ Removal of BIDEN ammunition P_Debate 1, 2, and 3 [200k dead, down-economy, unemployment, debt, .....]? ⏎ Removal of mail-in ballot harvesting + fraud [normal in-person voting]? ⏎ Removal of tech [tyranny] censorship [WHO foundation _anti WHO = suspend/terminate [C19 basis]]? ⏎ Removal of bailout attempt re: CA & NY [debt solution]? ⏎ ......................... ⏎ MATHEMATICAL PROBABILITY OF C19 E"
4802,namedEntities,Biden,,0,"Spy campaign failed. ⏎ Russia Russia Russia failed. ⏎ Weissmann [Mueller] failed. ⏎ Leaks failed. ⏎ Fake news reports failed. ⏎ Impeachment failed. ⏎ CDC/WHO recommend 'do not close' border failed. ⏎ ______ ⏎ What if C19 didn't exist? ⏎ Economy today? ⏎ Unemployment today? ⏎ Trade today [China phase II held accountable]? ⏎ Rally POTUS v BIDEN attendance? ⏎ BIDEN interview(s) non_basement? ⏎ BIDEN question(s) non_basement? ⏎ Removal of delay(s) re: Durham (GJ + interview(s) + testimony + DECLAS]? ⏎ Removal of BIDEN ammunition P_Debate 1, 2, and 3 [200k dead, down-economy, unemployment, debt, .....]? ⏎ Removal of mail-in ballot harvesting + fraud [normal in-person voting]? ⏎ Removal of tech [tyranny] censorship [WHO foundation _anti WHO = suspend/terminate [C19 basis]]? ⏎ Removal of bailout attempt re: CA & NY [debt solution]? ⏎ ......................... ⏎ MATHEMATICAL PROBABILITY OF C19 E"
4802,namedEntities,Biden,,0,"Spy campaign failed. ⏎ Russia Russia Russia failed. ⏎ Weissmann [Mueller] failed. ⏎ Leaks failed. ⏎ Fake news reports failed. ⏎ Impeachment failed. ⏎ CDC/WHO recommend 'do not close' border failed. ⏎ ______ ⏎ What if C19 didn't exist? ⏎ Economy today? ⏎ Unemployment today? ⏎ Trade today [China phase II held accountable]? ⏎ Rally POTUS v BIDEN attendance? ⏎ BIDEN interview(s) non_basement? ⏎ BIDEN question(s) non_basement? ⏎ Removal of delay(s) re: Durham (GJ + interview(s) + testimony + DECLAS]? ⏎ Removal of BIDEN ammunition P_Debate 1, 2, and 3 [200k dead, down-economy, unemployment, debt, .....]? ⏎ Removal of mail-in ballot harvesting + fraud [normal in-person voting]? ⏎ Removal of tech [tyranny] censorship [WHO foundation _anti WHO = suspend/terminate [C19 basis]]? ⏎ Removal of bailout attempt re: CA & NY [debt solution]? ⏎ ......................... ⏎ MATHEMATICAL PROBABILITY OF C19 E"
481,namedEntities,God,God,1,>>8109 ⏎ Look familiar?  ⏎ Note the desk. ⏎ Where is everyone this weekend? ⏎ GOD BLESS. ⏎ Q ⏎ 
4820,namedEntities,White House,,0,THE CLINTON FOUNDATION. ⏎ WHITE HOUSE FOR SALE. ⏎ Q ⏎ 
4821,namedEntities,White House,,0,WHAT HAPPENS IF BIDEN BECAME POTUS KNOWING HE [THROUGH HUNTER + 2] TOOK MASSIVE AMOUNTS OF BRIBES TO CHANGE [LOOK THE OTHER WAY] US POLICY TOWARDS CHINA [IN FAVOR OF CHINA]? ⏎ WOULD CHINA OWN AND CONTROL THE WHITE HOUSE? ⏎ Q ⏎ 
4821,namedEntities,Biden,,0,WHAT HAPPENS IF BIDEN BECAME POTUS KNOWING HE [THROUGH HUNTER + 2] TOOK MASSIVE AMOUNTS OF BRIBES TO CHANGE [LOOK THE OTHER WAY] US POLICY TOWARDS CHINA [IN FAVOR OF CHINA]? ⏎ WOULD CHINA OWN AND CONTROL THE WHITE HOUSE? ⏎ Q ⏎ 
4821,namedEntities,Hunter,Hunter,1,WHAT HAPPENS IF BIDEN BECAME POTUS KNOWING HE [THROUGH HUNTER + 2] TOOK MASSIVE AMOUNTS OF BRIBES TO CHANGE [LOOK THE OTHER WAY] US POLICY TOWARDS CHINA [IN FAVOR OF CHINA]? ⏎ WOULD CHINA OWN AND CONTROL THE WHITE HOUSE? ⏎ Q ⏎ 
4822,namedEntities,White House,,0,WHAT HAPPENS IF BIDEN BECAME POTUS KNOWING HE [THROUGH HUNTER + 1] TOOK MASSIVE AMOUNTS OF BRIBES TO CHANGE [LOOK THE OTHER WAY] US POLICY TOWARDS UKRAINE [IN FAVOR OF UKRAINE]? ⏎ WOULD UKRAINE OWN AND CONTROL THE WHITE HOUSE? ⏎ Q ⏎ 
4822,namedEntities,Biden,,0,WHAT HAPPENS IF BIDEN BECAME POTUS KNOWING HE [THROUGH HUNTER + 1] TOOK MASSIVE AMOUNTS OF BRIBES TO CHANGE [LOOK THE OTHER WAY] US POLICY TOWARDS UKRAINE [IN FAVOR OF UKRAINE]? ⏎ WOULD UKRAINE OWN AND CONTROL THE WHITE HOUSE? ⏎ Q ⏎ 
4822,namedEntities,Hunter,Hunter,1,WHAT HAPPENS IF BIDEN BECAME POTUS KNOWING HE [THROUGH HUNTER + 1] TOOK MASSIVE AMOUNTS OF BRIBES TO CHANGE [LOOK THE OTHER WAY] US POLICY TOWARDS UKRAINE [IN FAVOR OF UKRAINE]? ⏎ WOULD UKRAINE OWN AND CONTROL THE WHITE HOUSE? ⏎ Q ⏎ 
4830,namedEntities,United States Senator,United States Senator,1,How much was McCain [>McCaine Institute] paid to peddle the Steele dossier? ⏎ What is the going rate for a UNITED STATES SENATOR to [knowingly] push false unverified intel to the FBI [lend credibility]? ⏎ Q ⏎ 
4875,themeAnchors,"More 'conspiracy' [fact-less base-less claims] pushed re: violent, extremist, racist, dangerous, anti-gov, nazism, white",,0,"https://twitter.com/BrandyZadrozny/status/1316755720029822977 ⏎ Do you get it yet? ⏎ They are afraid of you [reach][uncontrolled][anti-narrative][free-thought] ⏎ Don't forget about the House Intel Committee meeting re: 'Qanon' today. ⏎ More 'conspiracy' [fact-less base-less claims] pushed re: violent, extremist, racist, dangerous, anti-gov, nazism, white supremacy, anti-religion, anti-American, ........... ⏎ #2 attacked topic _[POTUS #1]. ⏎ INFORMATION WARFARE. ⏎ Q ⏎ "
4885,namedEntities,Jeet Heer,Jeet Heer,1,[Past 5 Hours] ⏎ https://twitter.com/TMZ/status/1317525798903951360 ⏎ https://twitter.com/chipfranklin/status/1317535818563670024 ⏎ https://twitter.com/TitusNation/status/1317531144955461632 ⏎ https://twitter.com/slpng_giants/status/1317513609065365506 ⏎ https://twitter.com/MattBinder/status/1317507412614590466 ⏎ https://twitter.com/MichaelEMann/status/1317512707646672896 ⏎ https://twitter.com/kurteichenwald/status/1317513338692210692 ⏎ https://twitter.com/HeerJeet/status/1317509945500213250 ⏎ https://twitter.com/ehananoki/status/1317485208552222722 ⏎ https://twitter.com/TrueFactsStated/status/1317537258459770881 ⏎ https://twitter.com/MollyJongFast/status/1317479712122408962 ⏎ Do you see how it works? ⏎ *WHY* ARE THEY SO HEAVILY INVESTED IN ATTACKING _ FORCING POTUS TO DENOUNCE? [attempt 2x] ⏎ When do you expend ammunition? ⏎ Q ⏎ 
4885,namedEntities,Erin Nanoki,Erin Nanoki,1,[Past 5 Hours] ⏎ https://twitter.com/TMZ/status/1317525798903951360 ⏎ https://twitter.com/chipfranklin/status/1317535818563670024 ⏎ https://twitter.com/TitusNation/status/1317531144955461632 ⏎ https://twitter.com/slpng_giants/status/1317513609065365506 ⏎ https://twitter.com/MattBinder/status/1317507412614590466 ⏎ https://twitter.com/MichaelEMann/status/1317512707646672896 ⏎ https://twitter.com/kurteichenwald/status/1317513338692210692 ⏎ https://twitter.com/HeerJeet/status/1317509945500213250 ⏎ https://twitter.com/ehananoki/status/1317485208552222722 ⏎ https://twitter.com/TrueFactsStated/status/1317537258459770881 ⏎ https://twitter.com/MollyJongFast/status/1317479712122408962 ⏎ Do you see how it works? ⏎ *WHY* ARE THEY SO HEAVILY INVESTED IN ATTACKING _ FORCING POTUS TO DENOUNCE? [attempt 2x] ⏎ When do you expend ammunition? ⏎ Q ⏎ 
4886,namedEntities,Biden,,0,"Ukraine, China, Iraq, Iran, ...... opens the door far beyond the BIDEN family. ⏎ How do you protect your interests [shelter from prosecution _public awareness]? ⏎ Control [infiltrate] DOJ, FBI, State, Intel, News, ........? ⏎ How many *fired* FBI [Russia _Midyear] received a book deal? ⏎ Book deals can be lucrative.  ⏎ Follow the family. ⏎ US taxpayer(s) paid for it all. ⏎ INFORMATION WARFARE. ⏎ Q ⏎ "
4949,themeAnchors,"That this nation, under God, shall have a new birth of freedom and that government of the people, by the people, for the",,0,"https://www.youtube.com/watch?v=9tjdswqGGVg&list=PLr4E97YzUfEMIr23hzOBmk9mg-z8TDOXj ⏎ that this nation, under God, shall have a new birth of freedom  and that government of the people, by the people, for the people, shall not perish from the earth. - Abraham Lincoln Nov 1863  ⏎ Together we win. ⏎ Q ⏎ "
501,namedEntities,God,God,1,P_pers: [1] Confirmed. ⏎ _ACTION_DBF5Cz-BSY-1_y ⏎ FOR GOD & COUNTRY. ⏎ SKY FORTRESS ENGAGED> ⏎ Q ⏎ 
520,namedEntities,No Such Agency,,0,"BIG news week? ⏎ Future proves past.  ⏎ What news was unlocked? ⏎ Do you believe in coincidences? ⏎ >U1 ⏎ What public disclosure occurred re: U1? ⏎ >DEFCON 1 [non-nuke FALSE] ⏎ COMMAND? ⏎ WHY? ⏎ NECESSARY? ⏎ NO SUCH AGENCY. ⏎ Where did POTUS stop [post] ASIA? ⏎ IT WAS NECESSARY. ⏎ FOR GOD & COUNTRY. ⏎ IT WAS NECESSARY. ⏎ NO OTHER VEHICLE TO REGAIN ENTRY. ⏎ :[AGAIN] direct pre-knowledge.  ⏎ :[AGAIN] warning ALERT. ⏎ Think BDT. ⏎ >Shall we play a game? ⏎ >How about a nice game of CHESS? ⏎ _THE_FLOOR_IS_YOURS_ ⏎ COMMAND? ⏎ WHY? ⏎ NECESSARY? ⏎ WHO IS TALKING? ⏎ THINK BIG. ⏎ THINK BIGGER. ⏎ THINK BIGGEST. ⏎ >HAITI FOCUS ⏎ Why is this relevant? ⏎ What comes next? ⏎ CF_BOOM_SHOCK_BYE_ ⏎ >ADM R ⏎ [CLAS-239B_TC] ⏎ >""…Because of the Democrats not being interested in life and safety, DACA has now taken a big step backwards. The Dems will threaten “shutdown,” but what they are really doing is shutti"
520,namedEntities,God,God,1,"BIG news week? ⏎ Future proves past.  ⏎ What news was unlocked? ⏎ Do you believe in coincidences? ⏎ >U1 ⏎ What public disclosure occurred re: U1? ⏎ >DEFCON 1 [non-nuke FALSE] ⏎ COMMAND? ⏎ WHY? ⏎ NECESSARY? ⏎ NO SUCH AGENCY. ⏎ Where did POTUS stop [post] ASIA? ⏎ IT WAS NECESSARY. ⏎ FOR GOD & COUNTRY. ⏎ IT WAS NECESSARY. ⏎ NO OTHER VEHICLE TO REGAIN ENTRY. ⏎ :[AGAIN] direct pre-knowledge.  ⏎ :[AGAIN] warning ALERT. ⏎ Think BDT. ⏎ >Shall we play a game? ⏎ >How about a nice game of CHESS? ⏎ _THE_FLOOR_IS_YOURS_ ⏎ COMMAND? ⏎ WHY? ⏎ NECESSARY? ⏎ WHO IS TALKING? ⏎ THINK BIG. ⏎ THINK BIGGER. ⏎ THINK BIGGEST. ⏎ >HAITI FOCUS ⏎ Why is this relevant? ⏎ What comes next? ⏎ CF_BOOM_SHOCK_BYE_ ⏎ >ADM R ⏎ [CLAS-239B_TC] ⏎ >""…Because of the Democrats not being interested in life and safety, DACA has now taken a big step backwards. The Dems will threaten “shutdown,” but what they are really doing is shutti"
524,namedEntities,Loop Capital,Loop Capital,1,"LOOP CAPITAL. ⏎ CEOs/BODs PAYING TO PLAY. ⏎ >Slush Fund ⏎ >>Hussein [1] $29,000,000 SINGAPORE ⏎ >>We don't say his name [2] $19,000,000 SINGAPORE ⏎ (Why don't we say his name?) ⏎ >>HRC/BC [3] $15,000,000 Banco de MEXICO ⏎ >>NP [4] $8,000,000 Deutsche Bank USA ⏎ ……….ON……AND…….>ON……. ⏎ FOLLOW THE MONEY. ⏎ FOCUS on loudest voices in WASH. ⏎ Net Worth?  ⏎ Reconcile?  ⏎ Q ⏎ "
524,namedEntities,Banco de Mexico,,0,"LOOP CAPITAL. ⏎ CEOs/BODs PAYING TO PLAY. ⏎ >Slush Fund ⏎ >>Hussein [1] $29,000,000 SINGAPORE ⏎ >>We don't say his name [2] $19,000,000 SINGAPORE ⏎ (Why don't we say his name?) ⏎ >>HRC/BC [3] $15,000,000 Banco de MEXICO ⏎ >>NP [4] $8,000,000 Deutsche Bank USA ⏎ ……….ON……AND…….>ON……. ⏎ FOLLOW THE MONEY. ⏎ FOCUS on loudest voices in WASH. ⏎ Net Worth?  ⏎ Reconcile?  ⏎ Q ⏎ "
532,namedEntities,America,,0,MSM Fake News Awards. ⏎ Are you prepared? ⏎ MEMES/POSTS. ⏎ Organized and coordinated? ⏎ POTUS may reTWEET one or more. ⏎ READY FOR LAUNCH? ⏎ SHOW the WORLD. ⏎ SHOW the WORLD the TRUTH. ⏎ OPEN THEIR EYES. ⏎ DON'T LET POTUS SUFFER FROM THE SOROS/LOSER BOTS THAT CONTINUALLY FLOOD. ⏎ MAKE THE FAKE NEWS AWARDS YOUR 1ST ORGANIZED TWEET STORM DAY. ⏎ MAKING AMERICA GREAT AGAIN! ⏎ Q ⏎ 
532,namedEntities,Soros,,0,MSM Fake News Awards. ⏎ Are you prepared? ⏎ MEMES/POSTS. ⏎ Organized and coordinated? ⏎ POTUS may reTWEET one or more. ⏎ READY FOR LAUNCH? ⏎ SHOW the WORLD. ⏎ SHOW the WORLD the TRUTH. ⏎ OPEN THEIR EYES. ⏎ DON'T LET POTUS SUFFER FROM THE SOROS/LOSER BOTS THAT CONTINUALLY FLOOD. ⏎ MAKE THE FAKE NEWS AWARDS YOUR 1ST ORGANIZED TWEET STORM DAY. ⏎ MAKING AMERICA GREAT AGAIN! ⏎ Q ⏎ 
533,namedEntities,United States of America,,0,"WE, THE PEOPLE! ⏎ WE, THE PEOPLE! ⏎ WE, THE PEOPLE!  ⏎ WE, THE PEOPLE! ⏎ WHERE WE GO ONE, WE GO ALL. ⏎ NO ONE PERSON IS ABOVE ANOTHER. ⏎ WE, THE PEOPLE, ARE MAKING THE WORLD A BETTER PLACE. ⏎ WE, THE PEOPLE, ARE TAKING BACK OUR COUNTRY (& WORLD) FROM THE EVIL LOSERS WHO WOULD DO US HARM (ALL FOR A BUCK).  ⏎ NO MORE. ⏎ STAND UP PATRIOTS. ⏎ STAND UP AND DEFEND WHAT YOU KNOW IS RIGHT. ⏎ GOD BLESS YOU AND GOD BLESS THE UNITED STATES OF AMERICA. ⏎ 4, 10, 20 ⏎ "
533,namedEntities,God,God,1,"WE, THE PEOPLE! ⏎ WE, THE PEOPLE! ⏎ WE, THE PEOPLE!  ⏎ WE, THE PEOPLE! ⏎ WHERE WE GO ONE, WE GO ALL. ⏎ NO ONE PERSON IS ABOVE ANOTHER. ⏎ WE, THE PEOPLE, ARE MAKING THE WORLD A BETTER PLACE. ⏎ WE, THE PEOPLE, ARE TAKING BACK OUR COUNTRY (& WORLD) FROM THE EVIL LOSERS WHO WOULD DO US HARM (ALL FOR A BUCK).  ⏎ NO MORE. ⏎ STAND UP PATRIOTS. ⏎ STAND UP AND DEFEND WHAT YOU KNOW IS RIGHT. ⏎ GOD BLESS YOU AND GOD BLESS THE UNITED STATES OF AMERICA. ⏎ 4, 10, 20 ⏎ "
537,namedEntities,No Such Agency,,0,"TRUST SESSIONS. ⏎ TG departure [HEC]. ⏎ NOT to testify. ⏎ NOT needed to testify. ⏎ Think logically.  ⏎ NO NEED to step down if needed to TESTIFY. ⏎ DO NOT chase MISINFO. ⏎ What ROLE might TG be walking into? ⏎ Who can WE TRUST? ⏎ RATS everywhere.  ⏎ EVIL everywhere. ⏎ TRAITORS everywhere. ⏎ NO SUCH AGENCY - VITAL. ⏎ RAW INTEL - VITAL. ⏎ US MIL - VITAL. ⏎ SAFE COMMS - VITAL. ⏎ YOU, THE PEOPLE - VITAL. ⏎ Boards changed due to statements re: private comms - FALSE. ⏎ Boards changed due to failure to IDEN accurately. ⏎ Boards changed due to MISINFO. ⏎ Targeted approach to direct flow of info created.  ⏎ MESSAGE - VITAL. ⏎ CONTROL of MESSAGE - VITAL. ⏎ DELIVERY / RECEIPT of MESSAGE - VITAL. ⏎ MAJOR players here to distract, create doubt, and alter the direction. ⏎ SC: MISINFO everywhere. ⏎ SC: MISINFO from past reliable sources. ⏎ SC: AXIS OF EVIL can & will return FIRE [is].  ⏎ SC: Seek immed"
537,namedEntities,Sessions,,0,"TRUST SESSIONS. ⏎ TG departure [HEC]. ⏎ NOT to testify. ⏎ NOT needed to testify. ⏎ Think logically.  ⏎ NO NEED to step down if needed to TESTIFY. ⏎ DO NOT chase MISINFO. ⏎ What ROLE might TG be walking into? ⏎ Who can WE TRUST? ⏎ RATS everywhere.  ⏎ EVIL everywhere. ⏎ TRAITORS everywhere. ⏎ NO SUCH AGENCY - VITAL. ⏎ RAW INTEL - VITAL. ⏎ US MIL - VITAL. ⏎ SAFE COMMS - VITAL. ⏎ YOU, THE PEOPLE - VITAL. ⏎ Boards changed due to statements re: private comms - FALSE. ⏎ Boards changed due to failure to IDEN accurately. ⏎ Boards changed due to MISINFO. ⏎ Targeted approach to direct flow of info created.  ⏎ MESSAGE - VITAL. ⏎ CONTROL of MESSAGE - VITAL. ⏎ DELIVERY / RECEIPT of MESSAGE - VITAL. ⏎ MAJOR players here to distract, create doubt, and alter the direction. ⏎ SC: MISINFO everywhere. ⏎ SC: MISINFO from past reliable sources. ⏎ SC: AXIS OF EVIL can & will return FIRE [is].  ⏎ SC: Seek immed"
56,namedEntities,International Islamic Council for Da'wa and Relief,International Islamic Council for Da'wa and Relief,1,"http://thehill.com/blogs/pundits-blog/presidential-campaign/292310-huma-abedins-ties-to-the-muslim-brotherhood ⏎ The Clinton campaign is attempting once again to sweep important questions under the rug about top aide Huma Abedin, her family ties to the Muslim Brotherhood and to Saudi Arabia, and her role in the ballooning Clinton email scandal. ⏎ Her mother, Saleha Abedin, sits on the Presidency Staff Council of the International Islamic Council for Da’wa and Relief, a group that is chaired by the leader of the Muslim Brotherhood, Sheikh Yusuf al-Qaradawi. ⏎  ⏎ Perhaps recognizing how offensive such ties will be to voters concerned over future terrorist attacks on this country by radical Muslims professing allegiance to Sharia law, the Clinton campaign on Monday tried to downplay Ms. Abedin’s involvement in the Journal and the Muslim Brotherhood. ⏎  ⏎ The Clinton surrogate group Media Ma"
563,namedEntities,God,God,1,"Why are we here? ⏎ Why are we providing crumbs? ⏎ Think MEMO. ⏎ BUILDING THE ARMY. ⏎ Not convinced this is spreading? ⏎ You, the PEOPLE, have THE POWER. ⏎ You, the PEOPLE, just forgot how to PLAY. ⏎ TOGETHER you are STRONG. ⏎ APART you are weak. ⏎ THEY WANT YOU DIVIDED. ⏎ THEY WANT RACE WARS. ⏎ THEY WANT CLASS WARS. ⏎ THEY WANT RELIGIOUS WARS. ⏎ THEY WANT POLITICAL WARS. ⏎ THEY WANT YOU DIVIDED! ⏎ LEARN! ⏎ FOR GOD & COUNTRY - LEARN! ⏎ STAY STRONG. ⏎ STAY TOGETHER. ⏎ FIGHT, FIGHT, FIGHT. ⏎ This is more important than you can imagine. ⏎ Q ⏎ "
577,namedEntities,Snow White,,0,">>119877 ⏎ Expand your thinking. ⏎ Planned [3]. ⏎ Moves and countermoves. ⏎ Strategy warfare. ⏎ This week will be revealing. ⏎ SNOW WHITE [1, 2, and 5] offline. ⏎ 7th Floor is no more. ⏎ Just because you can't see it, doesn't mean BIG things aren't happening. ⏎ Night_Riders_FLY. ⏎ 2018 will be GLORIOUS. ⏎ Q ⏎ "
599,namedEntities,God,God,1,"Do not glorify us. ⏎ WE are ALL Patriots. ⏎ Honor those who serve. ⏎ FOR GOD, HUMANITY & COUNTRY. ⏎ Where we go one, we go all. ⏎ Q ⏎ "
603,namedEntities,Barack Hussein Obama,,0,"TODAY, former President Barack HUSSEIN Obama formally retained counsel (9/WW). ⏎ GOD BLESS YOU ALL. ⏎ Q ⏎ "
603,namedEntities,God,God,1,"TODAY, former President Barack HUSSEIN Obama formally retained counsel (9/WW). ⏎ GOD BLESS YOU ALL. ⏎ Q ⏎ "
609,namedEntities,Hussein,,0,"CONFIRMED. ⏎ http://www.foxnews.com/politics/2018/01/25/john-kerry-reportedly-coaches-palestinians-not-to-yield-to-trump-in-peace-talks-spurring-backlash.html ⏎ Why did HUSSEIN travel ahead of POTUS? ⏎ ""Trump would not be in office for long, suggesting he could be out in a year."" ⏎ Re-read crumbs. ⏎ Future unlocks past. ⏎ Q ⏎ "
631,namedEntities,America,,0,>>180316 ⏎ HK allowed his passport to clear customs WITH THE CLOWNS IN AMERICA AND DEPT OF DEFENSE PUTTING A NAT SEC HOLD WW?  ⏎ How does he clear customs? ⏎ How does he end up in Russia? ⏎ Coincidence? ⏎ Who was the 1st agency he worked for? ⏎ Who taught him the game? ⏎ Who assigned him w/ foreign ops? ⏎ Why is this relevant? ⏎ Future unlocks past. ⏎ Watch the news. ⏎ Spider web.  ⏎ Stop taking the sleeping pill. ⏎ Q ⏎ 
68,namedEntities,Huma,,0,What data just dropped? ⏎ Why is this relevant? ⏎ HUMA. ⏎ HUMA. ⏎ HUMA. ⏎ Where is HUMA? ⏎ Who is HUMA connected to? ⏎ What organization? ⏎ What is HUMA's family history? ⏎ How did HUMA meet HRC? ⏎ What did HRC say about HUMA that demonstrates how close they are? ⏎ Why are D's dropping HRC all of a sudden? ⏎ Were deals made w/ select D's? ⏎ Can we expose every crooked politician?  ⏎ 70%. ⏎ HUMA. ⏎ Follow HUMA. ⏎ Alice & Wonderland.
68,namedEntities,Huma,,0,What data just dropped? ⏎ Why is this relevant? ⏎ HUMA. ⏎ HUMA. ⏎ HUMA. ⏎ Where is HUMA? ⏎ Who is HUMA connected to? ⏎ What organization? ⏎ What is HUMA's family history? ⏎ How did HUMA meet HRC? ⏎ What did HRC say about HUMA that demonstrates how close they are? ⏎ Why are D's dropping HRC all of a sudden? ⏎ Were deals made w/ select D's? ⏎ Can we expose every crooked politician?  ⏎ 70%. ⏎ HUMA. ⏎ Follow HUMA. ⏎ Alice & Wonderland.
68,namedEntities,Huma,,0,What data just dropped? ⏎ Why is this relevant? ⏎ HUMA. ⏎ HUMA. ⏎ HUMA. ⏎ Where is HUMA? ⏎ Who is HUMA connected to? ⏎ What organization? ⏎ What is HUMA's family history? ⏎ How did HUMA meet HRC? ⏎ What did HRC say about HUMA that demonstrates how close they are? ⏎ Why are D's dropping HRC all of a sudden? ⏎ Were deals made w/ select D's? ⏎ Can we expose every crooked politician?  ⏎ 70%. ⏎ HUMA. ⏎ Follow HUMA. ⏎ Alice & Wonderland.
68,namedEntities,Huma,,0,What data just dropped? ⏎ Why is this relevant? ⏎ HUMA. ⏎ HUMA. ⏎ HUMA. ⏎ Where is HUMA? ⏎ Who is HUMA connected to? ⏎ What organization? ⏎ What is HUMA's family history? ⏎ How did HUMA meet HRC? ⏎ What did HRC say about HUMA that demonstrates how close they are? ⏎ Why are D's dropping HRC all of a sudden? ⏎ Were deals made w/ select D's? ⏎ Can we expose every crooked politician?  ⏎ 70%. ⏎ HUMA. ⏎ Follow HUMA. ⏎ Alice & Wonderland.
68,namedEntities,Huma,,0,What data just dropped? ⏎ Why is this relevant? ⏎ HUMA. ⏎ HUMA. ⏎ HUMA. ⏎ Where is HUMA? ⏎ Who is HUMA connected to? ⏎ What organization? ⏎ What is HUMA's family history? ⏎ How did HUMA meet HRC? ⏎ What did HRC say about HUMA that demonstrates how close they are? ⏎ Why are D's dropping HRC all of a sudden? ⏎ Were deals made w/ select D's? ⏎ Can we expose every crooked politician?  ⏎ 70%. ⏎ HUMA. ⏎ Follow HUMA. ⏎ Alice & Wonderland.
68,namedEntities,Huma,,0,What data just dropped? ⏎ Why is this relevant? ⏎ HUMA. ⏎ HUMA. ⏎ HUMA. ⏎ Where is HUMA? ⏎ Who is HUMA connected to? ⏎ What organization? ⏎ What is HUMA's family history? ⏎ How did HUMA meet HRC? ⏎ What did HRC say about HUMA that demonstrates how close they are? ⏎ Why are D's dropping HRC all of a sudden? ⏎ Were deals made w/ select D's? ⏎ Can we expose every crooked politician?  ⏎ 70%. ⏎ HUMA. ⏎ Follow HUMA. ⏎ Alice & Wonderland.
68,namedEntities,Huma,,0,What data just dropped? ⏎ Why is this relevant? ⏎ HUMA. ⏎ HUMA. ⏎ HUMA. ⏎ Where is HUMA? ⏎ Who is HUMA connected to? ⏎ What organization? ⏎ What is HUMA's family history? ⏎ How did HUMA meet HRC? ⏎ What did HRC say about HUMA that demonstrates how close they are? ⏎ Why are D's dropping HRC all of a sudden? ⏎ Were deals made w/ select D's? ⏎ Can we expose every crooked politician?  ⏎ 70%. ⏎ HUMA. ⏎ Follow HUMA. ⏎ Alice & Wonderland.
68,namedEntities,Huma,,0,What data just dropped? ⏎ Why is this relevant? ⏎ HUMA. ⏎ HUMA. ⏎ HUMA. ⏎ Where is HUMA? ⏎ Who is HUMA connected to? ⏎ What organization? ⏎ What is HUMA's family history? ⏎ How did HUMA meet HRC? ⏎ What did HRC say about HUMA that demonstrates how close they are? ⏎ Why are D's dropping HRC all of a sudden? ⏎ Were deals made w/ select D's? ⏎ Can we expose every crooked politician?  ⏎ 70%. ⏎ HUMA. ⏎ Follow HUMA. ⏎ Alice & Wonderland.
68,namedEntities,Huma,,0,What data just dropped? ⏎ Why is this relevant? ⏎ HUMA. ⏎ HUMA. ⏎ HUMA. ⏎ Where is HUMA? ⏎ Who is HUMA connected to? ⏎ What organization? ⏎ What is HUMA's family history? ⏎ How did HUMA meet HRC? ⏎ What did HRC say about HUMA that demonstrates how close they are? ⏎ Why are D's dropping HRC all of a sudden? ⏎ Were deals made w/ select D's? ⏎ Can we expose every crooked politician?  ⏎ 70%. ⏎ HUMA. ⏎ Follow HUMA. ⏎ Alice & Wonderland.
68,namedEntities,Huma,,0,What data just dropped? ⏎ Why is this relevant? ⏎ HUMA. ⏎ HUMA. ⏎ HUMA. ⏎ Where is HUMA? ⏎ Who is HUMA connected to? ⏎ What organization? ⏎ What is HUMA's family history? ⏎ How did HUMA meet HRC? ⏎ What did HRC say about HUMA that demonstrates how close they are? ⏎ Why are D's dropping HRC all of a sudden? ⏎ Were deals made w/ select D's? ⏎ Can we expose every crooked politician?  ⏎ 70%. ⏎ HUMA. ⏎ Follow HUMA. ⏎ Alice & Wonderland.
71,namedEntities,Huma,,0,"Follow HUMA. ⏎ Who connects HRC/CF to SA? ⏎ Why is this relevant? ⏎ Who is the Muslim Brotherhood?  ⏎ Who has ties to the MB? ⏎ Who is Awan?  ⏎ What is the Awan Group? ⏎ Where do they have offices? ⏎ Why is this relevant?  ⏎ Define cash laundering. ⏎ What is the relationship between SA & Pakistan?  ⏎ Why is this relevant?  ⏎ Why would SA provide tens of millions of dollars to US senior gov't officials? ⏎ What does SA obtain in exchange for payment? ⏎ Why is access important? ⏎ What happened when HRC lost the election of 2016? ⏎ How much money was provided to the CF by SA during 15/16? ⏎ HRC lost. ⏎ Loss of access/power/control.  ⏎ Does repayment of funds to SA occur? If so, how? ⏎ Why did BO send billions in cash to Iran?  ⏎ Why wasn't Congress notified? ⏎ Why was this classified under 'State Secrets'? ⏎ Who has access to 'State Secrets'? ⏎ Where did the planes carrying the cash depart f"
746,namedEntities,Mike Wallace,Mike Wallace,1,>>350576 ⏎ https:// en.wikipedia.org/wiki/Mike_Wallace ⏎ You are not looking close enough. ⏎ Q ⏎ 
767,namedEntities,God,God,1,">>382197 ⏎ You are a strong Patriot. ⏎ Do not give in - fight, fight, fight. ⏎ You have more friends than you can imagine. ⏎ UNITED WE STAND. ⏎ GOD BLESS, ⏎ Q ⏎ "
77,namedEntities,Huma,,0,"[Repost Lost] ⏎ Follow HUMA. ⏎ Who connects HRC/CF to SA? ⏎ Why is this relevant? ⏎ Who is the Muslim Brotherhood? ⏎ Who has ties to the MB? ⏎ Who is Awan? ⏎ What is the Awan Group? ⏎ Where do they have offices? ⏎ Why is this relevant? ⏎ Define cash laundering. ⏎ What is the relationship between SA & Pakistan? ⏎ Why is this relevant? ⏎ Why would SA provide tens of millions of dollars to US senior gov't officials? ⏎ What does SA obtain in exchange for payment? ⏎ Why is access important? ⏎ What happened when HRC lost the election of 2016? ⏎ How much money was provided to the CF by SA during 15/16? ⏎ HRC lost. ⏎ Loss of access/power/control. ⏎ Does repayment of funds to SA occur? If so, how? ⏎ Why did BO send billions in cash to Iran? ⏎ Why wasn't Congress notified? ⏎ Why was this classified under 'State Secrets'? ⏎ Who has access to 'State Secrets'? ⏎ Where did the planes carrying the cash"
770,namedEntities,Aaron Swartz,Aaron Swartz,1,>>387356 ⏎ >James Dolan. Dead suicide ⏎ >Aaron swartz. Dead suicide ⏎ >Kevin Paulson. Turned over securedrop to Freedom of the Press  ⏎ John Perry Barlow - 187 post name [DROP]. ⏎ @Snowden ⏎ You are now a liability.  ⏎ Q ⏎ 
778,namedEntities,Hussein,,0,>>388588 ⏎ Why is everything 'really' made in China?  ⏎ Cost savings? ⏎ Why is POTUS focused on SA/CHINA/RUSSIA? ⏎ WHY??????????? ⏎ WHY IS RUSSIA BEING USED AGAINST POTUS? ⏎ WHY RUSSIA? ⏎ WHAT DAMAGE CAN RUSSIA DO TO DEMS? ⏎ WHAT DAMAGE CAN CHINA DO TO DEMS? ⏎ IRAN? ⏎ NK? ⏎ WHY DOES HUSSEIN TRAVEL BEFORE/AFTER POTUS RE: FOREIGN TRIPS? ⏎ USE LOGIC. ⏎ WHY IS POTUS FOCUSED ON BRINGING BACK MANUFACTURING?  ⏎ JOBS? ⏎ SECURITY? ⏎ CONTROL? ⏎ TRUE CONTROL? ⏎ WHO CAN YOU TRUST? ⏎ THE WORLD IS NOT HOW YOU VIEW IT. ⏎ TRUST THE PLAN. ⏎ WE ARE WINNING. ⏎ ARRESTS WILL COME. ⏎ LOGIC SHOULD ANSWER WHY IT MUST FOLLOW OTHER UNFOLDING EVENTS. ⏎ LEARN AND SPREAD. ⏎ BUILD PROOFS. ⏎ WE'VE PROVIDED MANY PROOFS THAT CANNOT BE DISPUTED AS COINCIDENCES. ⏎ THIS WAS DONE FOR A REASON. ⏎ MORE WILL BE PROVIDED. ⏎ DIRECT CONFIRMATION WILL COME. ⏎ IT CANNOT COME NOW. ⏎ IT WILL BE LOST. ⏎ THE MESSAGE IS NOT READY. ⏎ YOU
778,namedEntities,Dems,,0,>>388588 ⏎ Why is everything 'really' made in China?  ⏎ Cost savings? ⏎ Why is POTUS focused on SA/CHINA/RUSSIA? ⏎ WHY??????????? ⏎ WHY IS RUSSIA BEING USED AGAINST POTUS? ⏎ WHY RUSSIA? ⏎ WHAT DAMAGE CAN RUSSIA DO TO DEMS? ⏎ WHAT DAMAGE CAN CHINA DO TO DEMS? ⏎ IRAN? ⏎ NK? ⏎ WHY DOES HUSSEIN TRAVEL BEFORE/AFTER POTUS RE: FOREIGN TRIPS? ⏎ USE LOGIC. ⏎ WHY IS POTUS FOCUSED ON BRINGING BACK MANUFACTURING?  ⏎ JOBS? ⏎ SECURITY? ⏎ CONTROL? ⏎ TRUE CONTROL? ⏎ WHO CAN YOU TRUST? ⏎ THE WORLD IS NOT HOW YOU VIEW IT. ⏎ TRUST THE PLAN. ⏎ WE ARE WINNING. ⏎ ARRESTS WILL COME. ⏎ LOGIC SHOULD ANSWER WHY IT MUST FOLLOW OTHER UNFOLDING EVENTS. ⏎ LEARN AND SPREAD. ⏎ BUILD PROOFS. ⏎ WE'VE PROVIDED MANY PROOFS THAT CANNOT BE DISPUTED AS COINCIDENCES. ⏎ THIS WAS DONE FOR A REASON. ⏎ MORE WILL BE PROVIDED. ⏎ DIRECT CONFIRMATION WILL COME. ⏎ IT CANNOT COME NOW. ⏎ IT WILL BE LOST. ⏎ THE MESSAGE IS NOT READY. ⏎ YOU
778,namedEntities,Dems,,0,>>388588 ⏎ Why is everything 'really' made in China?  ⏎ Cost savings? ⏎ Why is POTUS focused on SA/CHINA/RUSSIA? ⏎ WHY??????????? ⏎ WHY IS RUSSIA BEING USED AGAINST POTUS? ⏎ WHY RUSSIA? ⏎ WHAT DAMAGE CAN RUSSIA DO TO DEMS? ⏎ WHAT DAMAGE CAN CHINA DO TO DEMS? ⏎ IRAN? ⏎ NK? ⏎ WHY DOES HUSSEIN TRAVEL BEFORE/AFTER POTUS RE: FOREIGN TRIPS? ⏎ USE LOGIC. ⏎ WHY IS POTUS FOCUSED ON BRINGING BACK MANUFACTURING?  ⏎ JOBS? ⏎ SECURITY? ⏎ CONTROL? ⏎ TRUE CONTROL? ⏎ WHO CAN YOU TRUST? ⏎ THE WORLD IS NOT HOW YOU VIEW IT. ⏎ TRUST THE PLAN. ⏎ WE ARE WINNING. ⏎ ARRESTS WILL COME. ⏎ LOGIC SHOULD ANSWER WHY IT MUST FOLLOW OTHER UNFOLDING EVENTS. ⏎ LEARN AND SPREAD. ⏎ BUILD PROOFS. ⏎ WE'VE PROVIDED MANY PROOFS THAT CANNOT BE DISPUTED AS COINCIDENCES. ⏎ THIS WAS DONE FOR A REASON. ⏎ MORE WILL BE PROVIDED. ⏎ DIRECT CONFIRMATION WILL COME. ⏎ IT CANNOT COME NOW. ⏎ IT WILL BE LOST. ⏎ THE MESSAGE IS NOT READY. ⏎ YOU
778,namedEntities,God,God,1,>>388588 ⏎ Why is everything 'really' made in China?  ⏎ Cost savings? ⏎ Why is POTUS focused on SA/CHINA/RUSSIA? ⏎ WHY??????????? ⏎ WHY IS RUSSIA BEING USED AGAINST POTUS? ⏎ WHY RUSSIA? ⏎ WHAT DAMAGE CAN RUSSIA DO TO DEMS? ⏎ WHAT DAMAGE CAN CHINA DO TO DEMS? ⏎ IRAN? ⏎ NK? ⏎ WHY DOES HUSSEIN TRAVEL BEFORE/AFTER POTUS RE: FOREIGN TRIPS? ⏎ USE LOGIC. ⏎ WHY IS POTUS FOCUSED ON BRINGING BACK MANUFACTURING?  ⏎ JOBS? ⏎ SECURITY? ⏎ CONTROL? ⏎ TRUE CONTROL? ⏎ WHO CAN YOU TRUST? ⏎ THE WORLD IS NOT HOW YOU VIEW IT. ⏎ TRUST THE PLAN. ⏎ WE ARE WINNING. ⏎ ARRESTS WILL COME. ⏎ LOGIC SHOULD ANSWER WHY IT MUST FOLLOW OTHER UNFOLDING EVENTS. ⏎ LEARN AND SPREAD. ⏎ BUILD PROOFS. ⏎ WE'VE PROVIDED MANY PROOFS THAT CANNOT BE DISPUTED AS COINCIDENCES. ⏎ THIS WAS DONE FOR A REASON. ⏎ MORE WILL BE PROVIDED. ⏎ DIRECT CONFIRMATION WILL COME. ⏎ IT CANNOT COME NOW. ⏎ IT WILL BE LOST. ⏎ THE MESSAGE IS NOT READY. ⏎ YOU
780,namedEntities,Senate,,0,"“There is no allegation in this indictment that any American was a knowing participant in this illegal activity,” Rosenstein said. “There is no allegation in the indictment that the charged conduct altered the outcome of the 2016 election.” ⏎  ⏎ Future proves past: ⏎  ⏎ In an effort to preserve the integrity of all U.S. elections, as ordered by the President of the United States, after an extensive investigation in select counties (the ‘sampling’), the DHS has concluded that while Russian entities (as outlined within SC Mueller’s investigation were complicit in attempting to undermine the presidential election of 2016) had no direct impact or bearing on the outcome of the presidential election, nor were any U.S. person(s) knowingly part of such an attempt to sabotage as it relates to the Russian investigation, U.S. and other foreign entities (as further described within DHS[XXXX]), actin"
785,namedEntities,London,London,1,"WARNING_UK_ ⏎ _LONDON_POSSIBLE_CAR_ATTACK_24 ⏎ STRIKE_PACKAGE_B-7V ⏎ WARNING_UK_IMM_CHATTER_ ⏎ XRAY_7 ⏎ CHATTER^^^^^^^^ ⏎ Q, DELTA ⏎ "
785,namedEntities,Delta,Delta,1,"WARNING_UK_ ⏎ _LONDON_POSSIBLE_CAR_ATTACK_24 ⏎ STRIKE_PACKAGE_B-7V ⏎ WARNING_UK_IMM_CHATTER_ ⏎ XRAY_7 ⏎ CHATTER^^^^^^^^ ⏎ Q, DELTA ⏎ "
787,namedEntities,Sessions,,0,TRUST SESSIONS. ⏎ TRUST WRAY. ⏎ 2018 WILL BE GLORIOUS. ⏎ Q ⏎ 
787,namedEntities,Wray,Wray,1,TRUST SESSIONS. ⏎ TRUST WRAY. ⏎ 2018 WILL BE GLORIOUS. ⏎ Q ⏎ 
790,namedEntities,Snowden,,0,@SNOWDEN ⏎ WHERE ARE YOU? ⏎ NOT RUSSIA. ⏎ [EYES ON] ⏎ YOU ARE NOW A LIABILITY. ⏎ HELPING @JACK? ⏎ PROJECT DEEPDREAMv2[A]]. ⏎ WE WILL NEVER FORGET. ⏎ ES FAILED. ⏎ WHERE IS ES? ⏎ JOHN PERRY BARLOW. ⏎ DEFINE THE END? ⏎ THE DAY OF RECKONING IS UPON US. ⏎ JOHN 3:16 ⏎ Q ⏎ 
790,namedEntities,John Perry Barlow,John Perry Barlow,1,@SNOWDEN ⏎ WHERE ARE YOU? ⏎ NOT RUSSIA. ⏎ [EYES ON] ⏎ YOU ARE NOW A LIABILITY. ⏎ HELPING @JACK? ⏎ PROJECT DEEPDREAMv2[A]]. ⏎ WE WILL NEVER FORGET. ⏎ ES FAILED. ⏎ WHERE IS ES? ⏎ JOHN PERRY BARLOW. ⏎ DEFINE THE END? ⏎ THE DAY OF RECKONING IS UPON US. ⏎ JOHN 3:16 ⏎ Q ⏎ 
793,namedEntities,God,God,1,GO WITH GOD. ⏎ THE CLOCK IS ACTIVATED. ⏎ Q
795,namedEntities,God,God,1,FOR GOD & COUNTRY.
796,namedEntities,God,God,1,FOR GOD & COUNTRY. ⏎ 
834,namedEntities,Sessions,,0,The BRIDGE. ⏎ 187 ⏎ BRIDGE-2. ⏎ @Snowden ⏎ Clowns. ⏎ The LINK. ⏎ Google/YT. ⏎ Facebook. ⏎ Twitter. ⏎ Russia ICBM tech. ⏎ HRC open source. ⏎ SAP. ⏎ JP. ⏎ TP. ⏎ Highest levels of US-G. ⏎ U1. ⏎ NK. ⏎ WHY would Russia tell the world? ⏎ Why? ⏎ Why is SR back in the news? ⏎ Why? ⏎ Why is SESSIONS acting weak? ⏎ Why? ⏎ IG report? ⏎ No legit leaks. ⏎ MSM staging narrative. ⏎ IG appointed by SESSIONS for? ⏎ Why? ⏎ Why? ⏎ Enjoy the show. ⏎ Dead cat bounce. ⏎ Q ⏎ 
834,namedEntities,Sessions,,0,The BRIDGE. ⏎ 187 ⏎ BRIDGE-2. ⏎ @Snowden ⏎ Clowns. ⏎ The LINK. ⏎ Google/YT. ⏎ Facebook. ⏎ Twitter. ⏎ Russia ICBM tech. ⏎ HRC open source. ⏎ SAP. ⏎ JP. ⏎ TP. ⏎ Highest levels of US-G. ⏎ U1. ⏎ NK. ⏎ WHY would Russia tell the world? ⏎ Why? ⏎ Why is SR back in the news? ⏎ Why? ⏎ Why is SESSIONS acting weak? ⏎ Why? ⏎ IG report? ⏎ No legit leaks. ⏎ MSM staging narrative. ⏎ IG appointed by SESSIONS for? ⏎ Why? ⏎ Why? ⏎ Enjoy the show. ⏎ Dead cat bounce. ⏎ Q ⏎ 
837,namedEntities,God,God,1,https://www.youtube.com/watch?v=G2qIXXafxCQ ⏎ Listen carefully. ⏎ TRUST. ⏎ WE are FIGHTING for YOU. ⏎ GOD BLESS YOU ALL. ⏎ Q ⏎ 
855,namedEntities,America,,0,>>563781 ⏎ 1 of 5. ⏎ >>563824 ⏎ 2 of 5. ⏎ What if the steel used for military-grade projects was made-inferior by our enemies as a method to weaken? ⏎ What if Hussein knew and authorized? ⏎ Renegade. ⏎ How many Marines volunteered to serve Hussein during his term? ⏎ Why? ⏎ What if his name we don’t say organized the deal? ⏎ The US taxpayer subsidizes the WORLD. ⏎ AMERICA has been sold to the highest bidder. ⏎ AMERICA has been weakened on purpose. ⏎ The depths of their TREASON is unimaginable.  ⏎ Pure EVIL. ⏎ HELL on earth - HRC victory. ⏎ Q ⏎ 
855,namedEntities,America,,0,>>563781 ⏎ 1 of 5. ⏎ >>563824 ⏎ 2 of 5. ⏎ What if the steel used for military-grade projects was made-inferior by our enemies as a method to weaken? ⏎ What if Hussein knew and authorized? ⏎ Renegade. ⏎ How many Marines volunteered to serve Hussein during his term? ⏎ Why? ⏎ What if his name we don’t say organized the deal? ⏎ The US taxpayer subsidizes the WORLD. ⏎ AMERICA has been sold to the highest bidder. ⏎ AMERICA has been weakened on purpose. ⏎ The depths of their TREASON is unimaginable.  ⏎ Pure EVIL. ⏎ HELL on earth - HRC victory. ⏎ Q ⏎ 
857,namedEntities,Reuters,Reuters,1,Do you believe in coincidences? ⏎ Only the beginning. ⏎ https:// mobile.reuters.com/article/amp/idUSKBN1GH2SM?__twitter_impression=true ⏎ Q ⏎ 
866,namedEntities,WikiLeaks,WL | WK | WikiLeaks | Wikileaks,4,"https:// wikileaks.org/clinton-emails/emailid/629 ⏎ So much is open source. ⏎ So much left to be connected. ⏎ Why are the children in Haiti in high demand? ⏎ How are they smuggled out? ⏎ ‘Adoption’ process. ⏎ Local ‘staging’ ports friendly to CF? ⏎ Track donations. ⏎ Cross against location relative to Haiti. ⏎ Think logically. ⏎ The choice, to KNOW, will be yours. ⏎ Q ⏎ "
867,namedEntities,WikiLeaks,WL | WK | WikiLeaks | Wikileaks,4,>>568863 ⏎ https:// wikileaks.org/clinton-emails/emailid/3672 ⏎ Who are we taught to trust the most? ⏎ This will not be easy. ⏎ The END. ⏎ Q ⏎ 
878,namedEntities,Sessions,,0,Do you TRUST SESSIONS? ⏎ BOOM. ⏎ Q ⏎ 
889,namedEntities,Forbidden City,Forbidden City,1,Think FORBIDDEN CITY. ⏎ POTUS never crossed the line (ground). ⏎ Do not glorify us.  ⏎ We work for you. ⏎ Promises made. ⏎ Promises kept. ⏎ Q ⏎ 
917,namedEntities,God,God,1,>>613295 ⏎ We appreciate all of the prayers. ⏎ We really do. ⏎ Thank you. ⏎ For GOD & COUNTRY (& WORLD). ⏎ Q ⏎ 
950,namedEntities,Kansas,Kansas,1,>>678226 ⏎ TRUST KANSAS. ⏎ Q ⏎ 
953,namedEntities,America,,0,How bad is the corruption?  ⏎ FBI (past/present) ⏎ #1 ⏎ #1  ⏎ #2 ⏎ +29 (16) ⏎ DOJ (past/present) ⏎ #1 ⏎ #1 ⏎ #2  ⏎ +18  ⏎ STATE (past/present) ⏎ #1 ⏎ #1 ⏎ +41 ⏎ Removal is the least of their problems. ⏎ Projection. ⏎ Russia>D/HRC ⏎ Twitter Bots>GOOG operated (not Russia)/Narrative & Political SLANT ⏎ BIDEN / CHINA. ⏎ BIG DEVELOPMENT. ⏎ TRAITORS EVERYWHERE. ⏎ AMERICA FOR SALE. ⏎ FLYNN. ⏎ Targeted. ⏎ Why? ⏎ Who knows where the bodies are buried? ⏎ CLEARED OF ALL CHARGES. ⏎ TRUMP ADMIN v2? ⏎ Election theft. ⏎ Last hope. ⏎ Congressional focus. ⏎ Impeach. ⏎ They think you are STUPID. ⏎ They think you will follow the STARS. ⏎ They openly call you SHEEP/CATTLE. ⏎ THERE WILL COME A TIME NONE OF THEM WILL BE ABLE TO WALK DOWN THE STREET. ⏎ BIGGEST FEAR. ⏎ PUBLIC AWAKENING. ⏎ Q ⏎ 
953,namedEntities,Trump,,0,How bad is the corruption?  ⏎ FBI (past/present) ⏎ #1 ⏎ #1  ⏎ #2 ⏎ +29 (16) ⏎ DOJ (past/present) ⏎ #1 ⏎ #1 ⏎ #2  ⏎ +18  ⏎ STATE (past/present) ⏎ #1 ⏎ #1 ⏎ +41 ⏎ Removal is the least of their problems. ⏎ Projection. ⏎ Russia>D/HRC ⏎ Twitter Bots>GOOG operated (not Russia)/Narrative & Political SLANT ⏎ BIDEN / CHINA. ⏎ BIG DEVELOPMENT. ⏎ TRAITORS EVERYWHERE. ⏎ AMERICA FOR SALE. ⏎ FLYNN. ⏎ Targeted. ⏎ Why? ⏎ Who knows where the bodies are buried? ⏎ CLEARED OF ALL CHARGES. ⏎ TRUMP ADMIN v2? ⏎ Election theft. ⏎ Last hope. ⏎ Congressional focus. ⏎ Impeach. ⏎ They think you are STUPID. ⏎ They think you will follow the STARS. ⏎ They openly call you SHEEP/CATTLE. ⏎ THERE WILL COME A TIME NONE OF THEM WILL BE ABLE TO WALK DOWN THE STREET. ⏎ BIGGEST FEAR. ⏎ PUBLIC AWAKENING. ⏎ Q ⏎ 
953,namedEntities,Flynn,,0,How bad is the corruption?  ⏎ FBI (past/present) ⏎ #1 ⏎ #1  ⏎ #2 ⏎ +29 (16) ⏎ DOJ (past/present) ⏎ #1 ⏎ #1 ⏎ #2  ⏎ +18  ⏎ STATE (past/present) ⏎ #1 ⏎ #1 ⏎ +41 ⏎ Removal is the least of their problems. ⏎ Projection. ⏎ Russia>D/HRC ⏎ Twitter Bots>GOOG operated (not Russia)/Narrative & Political SLANT ⏎ BIDEN / CHINA. ⏎ BIG DEVELOPMENT. ⏎ TRAITORS EVERYWHERE. ⏎ AMERICA FOR SALE. ⏎ FLYNN. ⏎ Targeted. ⏎ Why? ⏎ Who knows where the bodies are buried? ⏎ CLEARED OF ALL CHARGES. ⏎ TRUMP ADMIN v2? ⏎ Election theft. ⏎ Last hope. ⏎ Congressional focus. ⏎ Impeach. ⏎ They think you are STUPID. ⏎ They think you will follow the STARS. ⏎ They openly call you SHEEP/CATTLE. ⏎ THERE WILL COME A TIME NONE OF THEM WILL BE ABLE TO WALK DOWN THE STREET. ⏎ BIGGEST FEAR. ⏎ PUBLIC AWAKENING. ⏎ Q ⏎ 
953,namedEntities,Biden,,0,How bad is the corruption?  ⏎ FBI (past/present) ⏎ #1 ⏎ #1  ⏎ #2 ⏎ +29 (16) ⏎ DOJ (past/present) ⏎ #1 ⏎ #1 ⏎ #2  ⏎ +18  ⏎ STATE (past/present) ⏎ #1 ⏎ #1 ⏎ +41 ⏎ Removal is the least of their problems. ⏎ Projection. ⏎ Russia>D/HRC ⏎ Twitter Bots>GOOG operated (not Russia)/Narrative & Political SLANT ⏎ BIDEN / CHINA. ⏎ BIG DEVELOPMENT. ⏎ TRAITORS EVERYWHERE. ⏎ AMERICA FOR SALE. ⏎ FLYNN. ⏎ Targeted. ⏎ Why? ⏎ Who knows where the bodies are buried? ⏎ CLEARED OF ALL CHARGES. ⏎ TRUMP ADMIN v2? ⏎ Election theft. ⏎ Last hope. ⏎ Congressional focus. ⏎ Impeach. ⏎ They think you are STUPID. ⏎ They think you will follow the STARS. ⏎ They openly call you SHEEP/CATTLE. ⏎ THERE WILL COME A TIME NONE OF THEM WILL BE ABLE TO WALK DOWN THE STREET. ⏎ BIGGEST FEAR. ⏎ PUBLIC AWAKENING. ⏎ Q ⏎ 
960,namedEntities,Comedy Central,Comedy Central,1,http:// www.cc.com/episodes/drc1ue/the-opposition-with-jordan-klepper-march-20–2018—of-montreal-season-1-ep-1080 ⏎ Enjoy the show. ⏎ Expect a lot more. ⏎ Panic. ⏎ Q ⏎ 
964,namedEntities,Biden,,0,"Why did Kim travel to China? ⏎ Why was travel impossible in the past? ⏎ What changed? ⏎ What constitutes the need for a F2F meeting v. secured call?  ⏎ What US publicly traded co. previously entered N. Korea to establish comms?  ⏎ Think logically. ⏎ WHY DID GOOG VISIT N KOREA? ⏎ WHY WOULD THE FORMER CHAIRMAN & CEO [HIMSELF] OF GOOG/ALPHABET PERSONALLY ATTEND? ⏎ Who is Sergey Brin? ⏎ Where was Sergey born?  ⏎ Track the 'FAMILY' - IMPORTANT. ⏎ Think COLD WAR. ⏎ Think KGB. ⏎ US, China, N Korea [3]. ⏎ FACEBOOK data dump? ⏎ Who made it public?  ⏎ Who sold shares -30 days from announcement? ⏎ You can't imagine the magnitude of this. ⏎ Constitutional CRISIS. ⏎ Twitter coming soon. ⏎ GOOG coming soon. ⏎ AMAZON coming soon. ⏎ MICROSOFT coming soon. ⏎ +12  ⏎ Current censorship all relates to push for power [mid-terms]. ⏎ LAST STAND. ⏎ Election FRAUD cases OPEN - DOJ [many]. ⏎ Follow the FAMILY. ⏎ "
964,namedEntities,Amazon,Amazon,1,"Why did Kim travel to China? ⏎ Why was travel impossible in the past? ⏎ What changed? ⏎ What constitutes the need for a F2F meeting v. secured call?  ⏎ What US publicly traded co. previously entered N. Korea to establish comms?  ⏎ Think logically. ⏎ WHY DID GOOG VISIT N KOREA? ⏎ WHY WOULD THE FORMER CHAIRMAN & CEO [HIMSELF] OF GOOG/ALPHABET PERSONALLY ATTEND? ⏎ Who is Sergey Brin? ⏎ Where was Sergey born?  ⏎ Track the 'FAMILY' - IMPORTANT. ⏎ Think COLD WAR. ⏎ Think KGB. ⏎ US, China, N Korea [3]. ⏎ FACEBOOK data dump? ⏎ Who made it public?  ⏎ Who sold shares -30 days from announcement? ⏎ You can't imagine the magnitude of this. ⏎ Constitutional CRISIS. ⏎ Twitter coming soon. ⏎ GOOG coming soon. ⏎ AMAZON coming soon. ⏎ MICROSOFT coming soon. ⏎ +12  ⏎ Current censorship all relates to push for power [mid-terms]. ⏎ LAST STAND. ⏎ Election FRAUD cases OPEN - DOJ [many]. ⏎ Follow the FAMILY. ⏎ "
964,namedEntities,Syria,Syria,1,"Why did Kim travel to China? ⏎ Why was travel impossible in the past? ⏎ What changed? ⏎ What constitutes the need for a F2F meeting v. secured call?  ⏎ What US publicly traded co. previously entered N. Korea to establish comms?  ⏎ Think logically. ⏎ WHY DID GOOG VISIT N KOREA? ⏎ WHY WOULD THE FORMER CHAIRMAN & CEO [HIMSELF] OF GOOG/ALPHABET PERSONALLY ATTEND? ⏎ Who is Sergey Brin? ⏎ Where was Sergey born?  ⏎ Track the 'FAMILY' - IMPORTANT. ⏎ Think COLD WAR. ⏎ Think KGB. ⏎ US, China, N Korea [3]. ⏎ FACEBOOK data dump? ⏎ Who made it public?  ⏎ Who sold shares -30 days from announcement? ⏎ You can't imagine the magnitude of this. ⏎ Constitutional CRISIS. ⏎ Twitter coming soon. ⏎ GOOG coming soon. ⏎ AMAZON coming soon. ⏎ MICROSOFT coming soon. ⏎ +12  ⏎ Current censorship all relates to push for power [mid-terms]. ⏎ LAST STAND. ⏎ Election FRAUD cases OPEN - DOJ [many]. ⏎ Follow the FAMILY. ⏎ "
972,namedEntities,Hussein,,0,http:// www.foxnews.com/politics/2018/03/28/doj-inspector-general-investigates-alleged-fisa-abuses-by-doj-fbi.html ⏎ Think outside the box. ⏎ Timing of release. ⏎ Post Facebook NEWS. ⏎ Facebook WW. ⏎ GOOG WW. ⏎ AMAZON WW. ⏎ TWITTER WW. ⏎ Tracking active. ⏎ Listening active. ⏎ Data shared. ⏎ Data USED. ⏎ USED FOR WHAT? ⏎ Kickbacks BIG TIME> ⏎ Private/Public. ⏎ Bypass regulations/laws? ⏎ Intelligence A's across the globe in partnership to spy on citizens?  ⏎ Constitutional crisis? ⏎ Magnitude? ⏎ Who can you trust? ⏎ Who organized? ⏎ How do social media/search engine platforms 'weight' elections?  ⏎ Regulation or KILL-stop? ⏎ Peace through STRENGTH. ⏎ @Snowden ⏎ Shine the LIGHT BRIGHT [DOA]. ⏎ Why is HUSSEIN traveling the world conducting high-level meetings? ⏎ Use logic. ⏎ http:// www.foxnews.com/us/2018/03/27/nxivm-cult-leader-coerced-women-into-sex-branded-initials-on-his-slaves-authorit
972,namedEntities,Amazon,Amazon,1,http:// www.foxnews.com/politics/2018/03/28/doj-inspector-general-investigates-alleged-fisa-abuses-by-doj-fbi.html ⏎ Think outside the box. ⏎ Timing of release. ⏎ Post Facebook NEWS. ⏎ Facebook WW. ⏎ GOOG WW. ⏎ AMAZON WW. ⏎ TWITTER WW. ⏎ Tracking active. ⏎ Listening active. ⏎ Data shared. ⏎ Data USED. ⏎ USED FOR WHAT? ⏎ Kickbacks BIG TIME> ⏎ Private/Public. ⏎ Bypass regulations/laws? ⏎ Intelligence A's across the globe in partnership to spy on citizens?  ⏎ Constitutional crisis? ⏎ Magnitude? ⏎ Who can you trust? ⏎ Who organized? ⏎ How do social media/search engine platforms 'weight' elections?  ⏎ Regulation or KILL-stop? ⏎ Peace through STRENGTH. ⏎ @Snowden ⏎ Shine the LIGHT BRIGHT [DOA]. ⏎ Why is HUSSEIN traveling the world conducting high-level meetings? ⏎ Use logic. ⏎ http:// www.foxnews.com/us/2018/03/27/nxivm-cult-leader-coerced-women-into-sex-branded-initials-on-his-slaves-authorit
988,namedEntities,Awan,Awan,1,April [A]. ⏎ IG report. ⏎ Sessions public attack. ⏎ RR problems. ⏎ Seals broken. ⏎ [A]rrests. ⏎ Why was Huber made public? ⏎ Why now? ⏎ Everything has meaning. ⏎ [A]wan. ⏎ Tarmac. ⏎ Iran. ⏎ NK. ⏎ U1. ⏎ FBI. ⏎ DOJ. ⏎ Mueller. ⏎ Election Integrity.  ⏎ Immigration Bill. ⏎ Border. ⏎ Wall. ⏎ Military start. ⏎ BIG month. ⏎ Q ⏎ 
99,namedEntities,Huma,,0,US assets. ⏎ Location. ⏎ Who was arrested in SA? ⏎ Define. ⏎ Background? ⏎ HUMA. ⏎ Foundations? ⏎ Institutes?  ⏎ Soros. ⏎ Who was killed in SA? ⏎ Who fired? ⏎ Who really fired? ⏎ Why would we fire? ⏎ Follow the money. ⏎ Who pulls the strings? ⏎ Strings detached. ⏎ Open season on puppets. ⏎ Who are the puppets? ⏎ Where are the puppets? ⏎ Global. ⏎ MSM. ⏎ Mockingbird. ⏎ Secret agents. ⏎ A. Cooper family background? ⏎ Why is this relevant? ⏎ Q
