How it was read,Post,Sentence #,Sheet,Text,Detail
"The cell began with an apostrophe because the line starts with ""+"", ""-"" or ""="" and Excel would otherwise read it as a formula",953,11,Resolution Center,+18,"The cell began with an apostrophe because the line starts with ""+"", ""-"" or ""="" and Excel would otherwise read it as a formula. Not a character Q typed, so it was removed before matching."
"The cell began with an apostrophe because the line starts with ""+"", ""-"" or ""="" and Excel would otherwise read it as a formula",953,6,Resolution Center,+29 (16),"The cell began with an apostrophe because the line starts with ""+"", ""-"" or ""="" and Excel would otherwise read it as a formula. Not a character Q typed, so it was removed before matching."
"The cell began with an apostrophe because the line starts with ""+"", ""-"" or ""="" and Excel would otherwise read it as a formula",953,15,Resolution Center,+41,"The cell began with an apostrophe because the line starts with ""+"", ""-"" or ""="" and Excel would otherwise read it as a formula. Not a character Q typed, so it was removed before matching."
"The cell began with an apostrophe because the line starts with ""+"", ""-"" or ""="" and Excel would otherwise read it as a formula",959,5,Resolution Center,+8,"The cell began with an apostrophe because the line starts with ""+"", ""-"" or ""="" and Excel would otherwise read it as a formula. Not a character Q typed, so it was removed before matching."
"The cell began with an apostrophe because the line starts with ""+"", ""-"" or ""="" and Excel would otherwise read it as a formula",964,25,Resolution Center,+12,"The cell began with an apostrophe because the line starts with ""+"", ""-"" or ""="" and Excel would otherwise read it as a formula. Not a character Q typed, so it was removed before matching."
"The cell began with an apostrophe because the line starts with ""+"", ""-"" or ""="" and Excel would otherwise read it as a formula",1708,18,Resolution Center,+22,"The cell began with an apostrophe because the line starts with ""+"", ""-"" or ""="" and Excel would otherwise read it as a formula. Not a character Q typed, so it was removed before matching."
"The cell began with an apostrophe because the line starts with ""+"", ""-"" or ""="" and Excel would otherwise read it as a formula",1948,20,Resolution Center,+29,"The cell began with an apostrophe because the line starts with ""+"", ""-"" or ""="" and Excel would otherwise read it as a formula. Not a character Q typed, so it was removed before matching."
The same line appears twice on one sheet with two different Final Category values — e,10,14,Q Claims,These people worship Satan _ some openly show it.,"sheet said claims, cell said brackets, applied claims"
The same line appeared twice with the same destination,10,14,Q Claims,These people worship Satan _ some openly show it.,The same line appeared twice with the same destination. Certified once.
The same line appears twice on one sheet with two different Final Category values — e,17,8,Q Claims,They use a 5 prong pre packaged injection (one post auto generates four more at random designated times).,"sheet said claims, cell said brackets, applied claims"
The same line appeared twice with the same destination,17,8,Q Claims,They use a 5 prong pre packaged injection (one post auto generates four more at random designated times).,The same line appeared twice with the same destination. Certified once.
The same line appears twice on one sheet with two different Final Category values — e,19,12,Q Claims,The network which controls this false narrative which in turns keeps the black pop under control is being dismantled.,"sheet said claims, cell said brackets, applied claims"
The same line appeared twice with the same destination,19,12,Q Claims,The network which controls this false narrative which in turns keeps the black pop under control is being dismantled.,The same line appeared twice with the same destination. Certified once.
The same line appears twice on one sheet with two different Final Category values — e,29,6,Q Claims,The child abductions for satanic rituals (ie Haiti and other 3rd world countries) are paused (not terminated until players in custody).,"sheet said claims, cell said brackets, applied claims"
The same line appeared twice with the same destination,29,6,Q Claims,The child abductions for satanic rituals (ie Haiti and other 3rd world countries) are paused (not terminated until players in custody).,The same line appeared twice with the same destination. Certified once.
The same line appears twice on one sheet with two different Final Category values — e,51,10,Q Claims,-The WH,"sheet said claims, cell said brackets, applied claims"
The same line appeared twice with the same destination,51,10,Q Claims,-The WH,The same line appeared twice with the same destination. Certified once.
The same line appears twice on one sheet with two different Final Category values — e,56,2,Q Claims,"The Clinton campaign is attempting once again to sweep important questions under the rug about top aide Huma Abedin, her family ties to the Muslim Brotherhood and to Saudi Arabia, and her role in the ballooning Clinton email scandal.","sheet said claims, cell said brackets, applied claims"
The same line appeared twice with the same destination,56,2,Q Claims,"The Clinton campaign is attempting once again to sweep important questions under the rug about top aide Huma Abedin, her family ties to the Muslim Brotherhood and to Saudi Arabia, and her role in the ballooning Clinton email scandal.",The same line appeared twice with the same destination. Certified once.
The same line appears twice on one sheet with two different Final Category values — e,63,1,Q Claims,To those watching (you know who you are):,"sheet said claims, cell said brackets, applied claims"
The same line appeared twice with the same destination,63,1,Q Claims,To those watching (you know who you are):,The same line appeared twice with the same destination. Certified once.
The same line appears twice on one sheet with two different Final Category values — e,75,5,Q Claims,The Bloody Wonderland =,"sheet said claims, cell said brackets, applied claims"
The same line appeared twice with the same destination,75,5,Q Claims,The Bloody Wonderland =,The same line appeared twice with the same destination. Certified once.
The same line appears twice on one sheet with two different Final Category values — e,80,7,Q Claims,Wizards & Warlocks.,"sheet said claims, cell said brackets, applied claims"
The same line appeared twice with the same destination,80,7,Q Claims,Wizards & Warlocks.,The same line appeared twice with the same destination. Certified once.
The same line appears twice on one sheet with two different Final Category values — e,81,5,Q Claims,Wizards & Warlocks.,"sheet said claims, cell said brackets, applied claims"
The same line appeared twice with the same destination,81,5,Q Claims,Wizards & Warlocks.,The same line appeared twice with the same destination. Certified once.
The same line appeared twice with the same destination,88,22,Q Claims,The Great Awakening,The same line appeared twice with the same destination. Certified once.
The same line appeared twice with the same destination,138,49,Q Claims,The FED and the IRS,The same line appeared twice with the same destination. Certified once.
The same line appears twice on one sheet with two different Final Category values — e,194,1,Q Claims,U1 – CA – EU – ASIA – IRAN/NK,"sheet said claims, cell said entities, applied claims"
The same line appeared twice with the same destination,194,1,Q Claims,U1 – CA – EU – ASIA – IRAN/NK,The same line appeared twice with the same destination. Certified once.
The same line appears twice on one sheet with two different Final Category values — e,195,1,Q Claims,U1 – CA – EU – ASIA – IRAN/NK,"sheet said claims, cell said entities, applied claims"
The same line appeared twice with the same destination,195,1,Q Claims,U1 – CA – EU – ASIA – IRAN/NK,The same line appeared twice with the same destination. Certified once.
The same line appears twice on one sheet with two different Final Category values — e,199,1,Q Claims,U1 - CA - EU - ASIA - IRAN/NK,"sheet said claims, cell said entities, applied claims"
The same line appeared twice with the same destination,199,1,Q Claims,U1 - CA - EU - ASIA - IRAN/NK,The same line appeared twice with the same destination. Certified once.
The same line appears twice on one sheet with two different Final Category values — e,237,7,Q Claims,U1 - CA - EU - ASIA\NK.,"sheet said claims, cell said entities, applied claims"
The same line appeared twice with the same destination,237,7,Q Claims,U1 - CA - EU - ASIA\NK.,The same line appeared twice with the same destination. Certified once.
The same line appeared twice with the same destination,278,2,Q Claims,WE SAID NO.,The same line appeared twice with the same destination. Certified once.
"The Final Category cell was empty, so the SHEET decided the section",344,4,Q Claims,They all belong to the same sick cult/club.,assumed claims
The same line appeared twice with the same destination,344,4,Q Claims,They all belong to the same sick cult/club.,The same line appeared twice with the same destination. Certified once.
The same line appears twice on one sheet with two different Final Category values — e,435,3,Q Claims,Wizards & Warlocks.,"sheet said claims, cell said brackets, applied claims"
The same line appeared twice with the same destination,435,3,Q Claims,Wizards & Warlocks.,The same line appeared twice with the same destination. Certified once.
The same line appeared twice with the same destination,436,34,Q Claims,US SEN CLAS-1>,The same line appeared twice with the same destination. Certified once.
The same line appeared twice with the same destination,436,35,Q Claims,US SEN CLAS-2>,The same line appeared twice with the same destination. Certified once.
The same line appeared twice with the same destination,436,33,Q Claims,US SEN NO NAME>,The same line appeared twice with the same destination. Certified once.
The same line appeared twice with the same destination,436,41,Q Claims,US SEN NO NAME>,The same line appeared twice with the same destination. Certified once.
The same line appeared twice with the same destination,489,5,Q Claims,WAR = scam (trillions),The same line appeared twice with the same destination. Certified once.
The same line appeared twice with the same destination,551,10,Q Claims,THE BEGINNING OF THE END>,The same line appeared twice with the same destination. Certified once.
The same line appeared twice with the same destination,563,12,Q Claims,THEY WANT CLASS WARS.,The same line appeared twice with the same destination. Certified once.
The same line appeared twice with the same destination,563,14,Q Claims,THEY WANT POLITICAL WARS.,The same line appeared twice with the same destination. Certified once.
The same line appeared twice with the same destination,563,11,Q Claims,THEY WANT RACE WARS.,The same line appeared twice with the same destination. Certified once.
The same line appeared twice with the same destination,563,15,Q Claims,THEY WANT YOU DIVIDED!,The same line appeared twice with the same destination. Certified once.
The same line appears twice on one sheet with two different Final Category values — e,714,4,Q Claims,Wizards & Warlocks.,"sheet said claims, cell said brackets, applied claims"
The same line appeared twice with the same destination,714,4,Q Claims,Wizards & Warlocks.,The same line appeared twice with the same destination. Certified once.
"The Final Category cell was empty, so the SHEET decided the section",770,6,Q Claims,Turned over securedrop to Freedom of the Press,assumed claims
The same line appeared twice with the same destination,770,6,Q Claims,Turned over securedrop to Freedom of the Press,The same line appeared twice with the same destination. Certified once.
"The Final Category cell was empty, so the SHEET decided the section",802,5,Q Claims,Traitor,assumed claims
The same line appeared twice with the same destination,802,5,Q Claims,Traitor,The same line appeared twice with the same destination. Certified once.
The same line appeared twice with the same destination,863,2,Q Claims,Total viewers limited.,The same line appeared twice with the same destination. Certified once.
The same line appeared twice with the same destination,953,19,Q Claims,Twitter Bots>GOOG operated (not Russia)/Narrative & Political SLANT,The same line appeared twice with the same destination. Certified once.
"The cell began with an apostrophe because the line starts with ""+"", ""-"" or ""="" and Excel would otherwise read it as a formula",1319,70,Q Claims,+ DOJ,"The cell began with an apostrophe because the line starts with ""+"", ""-"" or ""="" and Excel would otherwise read it as a formula. Not a character Q typed, so it was removed before matching."
"The cell began with an apostrophe because the line starts with ""+"", ""-"" or ""="" and Excel would otherwise read it as a formula",1319,71,Q Claims,+ FBI,"The cell began with an apostrophe because the line starts with ""+"", ""-"" or ""="" and Excel would otherwise read it as a formula. Not a character Q typed, so it was removed before matching."
The same line appeared twice with the same destination,1336,16,Q Claims,U.S. to U.S. = Logged/Flagged/Recorded,The same line appeared twice with the same destination. Certified once.
The same line appeared twice with the same destination,1359,4,Q Claims,"Total S.A. is a French multinational integrated oil and gas company and one of the seven ""Supermajor"" oil companies in the world.",The same line appeared twice with the same destination. Certified once.
The same line appears twice on one sheet with two different Final Category values — e,1385,7,Q Claims,UK:US,"sheet said claims, cell said entities, applied claims"
The same line appeared twice with the same destination,1385,7,Q Claims,UK:US,The same line appeared twice with the same destination. Certified once.
The same line appears twice on one sheet with two different Final Category values — e,1385,8,Q Claims,US:UK,"sheet said claims, cell said entities, applied claims"
The same line appeared twice with the same destination,1385,8,Q Claims,US:UK,The same line appeared twice with the same destination. Certified once.
The same line appears twice on one sheet with two different Final Category values — e,1423,5,Q Claims,UK:US,"sheet said claims, cell said entities, applied claims"
The same line appeared twice with the same destination,1423,5,Q Claims,UK:US,The same line appeared twice with the same destination. Certified once.
The same line appears twice on one sheet with two different Final Category values — e,1423,6,Q Claims,US:UK,"sheet said claims, cell said entities, applied claims"
The same line appeared twice with the same destination,1423,6,Q Claims,US:UK,The same line appeared twice with the same destination. Certified once.
The same line appears twice on one sheet with two different Final Category values — e,1455,6,Q Claims,UK/SIS,"sheet said claims, cell said entities, applied claims"
The same line appeared twice with the same destination,1455,6,Q Claims,UK/SIS,The same line appeared twice with the same destination. Certified once.
The same line appears twice on one sheet with two different Final Category values — e,1455,7,Q Claims,WH/C_A/FBI/DOJ,"sheet said claims, cell said entities, applied claims"
The same line appeared twice with the same destination,1455,7,Q Claims,WH/C_A/FBI/DOJ,The same line appeared twice with the same destination. Certified once.
The same line appears twice on one sheet with two different Final Category values — e,1515,93,Q Claims,THE BRIDGE: PODESTA GROUP,"sheet said claims, cell said entities, applied claims"
The same line appeared twice with the same destination,1515,93,Q Claims,THE BRIDGE: PODESTA GROUP,The same line appeared twice with the same destination. Certified once.
The same line appeared twice with the same destination,1515,1,Q Claims,These reporters and networks have been named in the WikiLeaks to have colluded with the DNC or Hillary campaign during the 2016 election cycle:,The same line appeared twice with the same destination. Certified once.
The same line appeared twice with the same destination,1515,82,Q Claims,Tina Brown – Tina Brown,The same line appeared twice with the same destination. Certified once.
The same line appeared twice with the same destination,1515,84,Q Claims,Univision – Maria-Elena Salinas,The same line appeared twice with the same destination. Certified once.
The same line appeared twice with the same destination,1553,19,Q Claims,"-This is HUGE A Grand Jury can be empaneled anywhere, in any deep red state, away from D.C.",The same line appeared twice with the same destination. Certified once.
"The cell began with an apostrophe because the line starts with ""+"", ""-"" or ""="" and Excel would otherwise read it as a formula",1556,3,Q Claims,+1 BC & LL (Tarmac),"The cell began with an apostrophe because the line starts with ""+"", ""-"" or ""="" and Excel would otherwise read it as a formula. Not a character Q typed, so it was removed before matching."
The same line appeared twice with the same destination,1646,10,Q Claims,THEY USE HOLLYWOOD.,The same line appeared twice with the same destination. Certified once.
The same line appeared twice with the same destination,1646,11,Q Claims,THEY USE POLITICAL LEADERS.,The same line appeared twice with the same destination. Certified once.
The same line appeared twice with the same destination,1646,9,Q Claims,THEY USE THE MEDIA.,The same line appeared twice with the same destination. Certified once.
The same line appeared twice with the same destination,1646,6,Q Claims,THEY WANT CLASS WARS.,The same line appeared twice with the same destination. Certified once.
The same line appeared twice with the same destination,1646,8,Q Claims,THEY WANT POLITICAL WARS.,The same line appeared twice with the same destination. Certified once.
The same line appeared twice with the same destination,1646,5,Q Claims,THEY WANT RACE WARS.,The same line appeared twice with the same destination. Certified once.
The same line appeared twice with the same destination,1646,7,Q Claims,THEY WANT RELIGIOUS WARS.,The same line appeared twice with the same destination. Certified once.
The same line appeared twice with the same destination,1646,4,Q Claims,THEY WANT YOU DIVIDED.,The same line appeared twice with the same destination. Certified once.
The same line appeared twice with the same destination,1777,1,Q Claims,"To the person holding the ""Q"" cut out:",The same line appeared twice with the same destination. Certified once.
The same line appeared twice with the same destination,1777,4,Q Claims,WE ARE Q.,The same line appeared twice with the same destination. Certified once.
"The cell began with an apostrophe because the line starts with ""+"", ""-"" or ""="" and Excel would otherwise read it as a formula",1841,9,Q Claims,+FB,"The cell began with an apostrophe because the line starts with ""+"", ""-"" or ""="" and Excel would otherwise read it as a formula. Not a character Q typed, so it was removed before matching."
"The cell began with an apostrophe because the line starts with ""+"", ""-"" or ""="" and Excel would otherwise read it as a formula",1841,10,Q Claims,+TWITTER,"The cell began with an apostrophe because the line starts with ""+"", ""-"" or ""="" and Excel would otherwise read it as a formula. Not a character Q typed, so it was removed before matching."
"The cell began with an apostrophe because the line starts with ""+"", ""-"" or ""="" and Excel would otherwise read it as a formula",1927,15,Q Claims,+ DOJ personnel removal,"The cell began with an apostrophe because the line starts with ""+"", ""-"" or ""="" and Excel would otherwise read it as a formula. Not a character Q typed, so it was removed before matching."
"The cell began with an apostrophe because the line starts with ""+"", ""-"" or ""="" and Excel would otherwise read it as a formula",1927,14,Q Claims,+ FBI personnel removal,"The cell began with an apostrophe because the line starts with ""+"", ""-"" or ""="" and Excel would otherwise read it as a formula. Not a character Q typed, so it was removed before matching."
"The cell began with an apostrophe because the line starts with ""+"", ""-"" or ""="" and Excel would otherwise read it as a formula",1927,19,Q Claims,+ House personnel removal,"The cell began with an apostrophe because the line starts with ""+"", ""-"" or ""="" and Excel would otherwise read it as a formula. Not a character Q typed, so it was removed before matching."
"The cell began with an apostrophe because the line starts with ""+"", ""-"" or ""="" and Excel would otherwise read it as a formula",1927,23,Q Claims,+ MIL presence around POTUS,"The cell began with an apostrophe because the line starts with ""+"", ""-"" or ""="" and Excel would otherwise read it as a formula. Not a character Q typed, so it was removed before matching."
"The cell began with an apostrophe because the line starts with ""+"", ""-"" or ""="" and Excel would otherwise read it as a formula",1927,20,Q Claims,+ Senate personnel removal,"The cell began with an apostrophe because the line starts with ""+"", ""-"" or ""="" and Excel would otherwise read it as a formula. Not a character Q typed, so it was removed before matching."
"The cell began with an apostrophe because the line starts with ""+"", ""-"" or ""="" and Excel would otherwise read it as a formula",1927,18,Q Claims,+ WH personnel removal,"The cell began with an apostrophe because the line starts with ""+"", ""-"" or ""="" and Excel would otherwise read it as a formula. Not a character Q typed, so it was removed before matching."
The cell held an instruction rather than a line,1927,16,Q Claims,+ C_A personnel removal,"Owner instruction in the cell: highlight ALL ""personnel removal"" lines as Claims. #1927 is the only drop that carries the wording, in seven lines; the workbook names six of them and this row stands for the seventh. Resolved to: + C_A personnel removal"
The same line appears twice on one sheet with two different Final Category values — e,1939,12,Q Claims,UK / F_intel unlocks REQ,"sheet said claims, cell said entities, applied claims"
The same line appeared twice with the same destination,1939,12,Q Claims,UK / F_intel unlocks REQ,The same line appeared twice with the same destination. Certified once.
The same line appeared twice with the same destination,1959,1,Q Claims,Trending Non-MSM…,The same line appeared twice with the same destination. Certified once.
"The Final Category cell was empty, so the SHEET decided the section",1995,2,Q Claims,Those who 'pull the trigger' seem to prefer:,assumed claims
The same line appeared twice with the same destination,1995,2,Q Claims,Those who 'pull the trigger' seem to prefer:,The same line appeared twice with the same destination. Certified once.
The same line appears twice on one sheet with two different Final Category values — e,2043,20,Q Claims,X talks to Y,"sheet said claims, cell said entities, applied claims"
The same line appeared twice with the same destination,2043,20,Q Claims,X talks to Y,The same line appeared twice with the same destination. Certified once.
The same line appears twice on one sheet with two different Final Category values — e,2043,21,Q Claims,Y talks to Z,"sheet said claims, cell said entities, applied claims"
The same line appeared twice with the same destination,2043,21,Q Claims,Y talks to Z,The same line appeared twice with the same destination. Certified once.
The same line appeared twice with the same destination,2044,1,Q Claims,THEY WANT THE KEYS TO THE KINGDOM.,The same line appeared twice with the same destination. Certified once.
"The Final Category cell was empty, so the SHEET decided the section",2138,1,Q Claims,WRWY!,assumed claims
The same line appeared twice with the same destination,2138,1,Q Claims,WRWY!,The same line appeared twice with the same destination. Certified once.
"The cell began with an apostrophe because the line starts with ""+"", ""-"" or ""="" and Excel would otherwise read it as a formula",2182,1,Q Claims,+Content match re: Nunes interview,"The cell began with an apostrophe because the line starts with ""+"", ""-"" or ""="" and Excel would otherwise read it as a formula. Not a character Q typed, so it was removed before matching."
The same line appeared twice with the same destination,2217,4,Q Claims,U1 Funnel >> Canada >> X,The same line appeared twice with the same destination. Certified once.
The same line appears twice on one sheet with two different Final Category values — e,2248,5,Q Claims,UK/AUS [PRIMARY],"sheet said claims, cell said entities, applied claims"
The same line appeared twice with the same destination,2248,5,Q Claims,UK/AUS [PRIMARY],The same line appeared twice with the same destination. Certified once.
The same line appears twice on one sheet with two different Final Category values — e,2347,4,Q Claims,The signifier will 'force' the Q.,"sheet said claims, cell said predictions, applied claims"
The same line appeared twice with the same destination,2347,4,Q Claims,The signifier will 'force' the Q.,The same line appeared twice with the same destination. Certified once.
The same line appeared twice with the same destination,2440,18,Q Claims,WE STAND FOR RELIGIOUS FREEDOM.,The same line appeared twice with the same destination. Certified once.
The same line appeared twice with the same destination,2543,1,Q Claims,The Art of Trolling the Fake News Media,The same line appeared twice with the same destination. Certified once.
"The Final Category cell was empty, so the SHEET decided the section",2555,1,Q Claims,"WHITAKER, HOROWITZ, HUBER, and WRAY.",assumed claims
The same line appeared twice with the same destination,2555,1,Q Claims,"WHITAKER, HOROWITZ, HUBER, and WRAY.",The same line appeared twice with the same destination. Certified once.
The same line appeared twice with the same destination,2569,3,Q Claims,UNITED STATES MILITARY (G),The same line appeared twice with the same destination. Certified once.
The same line appeared twice with the same destination,2633,4,Q Claims,US SEN NO NAME>,The same line appeared twice with the same destination. Certified once.
The same line appears twice on one sheet with two different Final Category values — e,2637,6,Q Claims,Warfare/MIL,"sheet said claims, cell said entities, applied claims"
The same line appeared twice with the same destination,2637,6,Q Claims,Warfare/MIL,The same line appeared twice with the same destination. Certified once.
The same line appears twice on one sheet with two different Final Category values — e,2637,8,Q Claims,Warfare/MIL,"sheet said claims, cell said entities, applied claims"
The same line appeared twice with the same destination,2637,8,Q Claims,Warfare/MIL,The same line appeared twice with the same destination. Certified once.
"The Final Category cell was empty, so the SHEET decided the section",2653,24,Q Claims,"They must be replaced by he/she, her/him, and hers/his, and federal statutes must use the bad grammar of “plural constructions to avoid third person singular pronouns.” (Page 52-53)",assumed claims
The same line appeared twice with the same destination,2653,24,Q Claims,"They must be replaced by he/she, her/him, and hers/his, and federal statutes must use the bad grammar of “plural constructions to avoid third person singular pronouns.” (Page 52-53)",The same line appeared twice with the same destination. Certified once.
"The Final Category cell was empty, so the SHEET decided the section",2681,25,Q Claims,-Wall discussion end (public awareness of D's),assumed claims
The same line appeared twice with the same destination,2681,25,Q Claims,-Wall discussion end (public awareness of D's),The same line appeared twice with the same destination. Certified once.
The same line appears twice on one sheet with two different Final Category values — e,2681,13,Q Claims,-Whitaker remain DOJ senior staff,"sheet said claims, cell said entities, applied claims"
The same line appeared twice with the same destination,2681,13,Q Claims,-Whitaker remain DOJ senior staff,The same line appeared twice with the same destination. Certified once.
The same line appeared twice with the same destination,2751,1,Q Claims,The Lord is leading us all.,The same line appeared twice with the same destination. Certified once.
The same line appears twice on one sheet with two different Final Category values — e,2782,4,Q Claims,Wealth-Power-Influence,"sheet said claims, cell said entities, applied claims"
The same line appeared twice with the same destination,2782,4,Q Claims,Wealth-Power-Influence,The same line appeared twice with the same destination. Certified once.
The same line appeared twice with the same destination,2854,4,Q Claims,Waters > CA rep since 1991,The same line appeared twice with the same destination. Certified once.
The same line appeared twice with the same destination,2937,14,Q Claims,What vested powers does POTUS have re: MIL INTEL vs.,The same line appeared twice with the same destination. Certified once.
The same line appears twice on one sheet with two different Final Category values — e,2938,17,Q Claims,What other 'anchors' were provided to FISC in order to gain the warrant? [DECLAS will show].,"sheet said claims, cell said predictions, applied claims"
The same line appeared twice with the same destination,2938,17,Q Claims,What other 'anchors' were provided to FISC in order to gain the warrant? [DECLAS will show].,The same line appeared twice with the same destination. Certified once.
"The cell began with an apostrophe because the line starts with ""+"", ""-"" or ""="" and Excel would otherwise read it as a formula",3047,8,Q Claims,@Jack > He (or she) who laughs last……,"The cell began with an apostrophe because the line starts with ""+"", ""-"" or ""="" and Excel would otherwise read it as a formula. Not a character Q typed, so it was removed before matching."
"The Final Category cell was empty, so the SHEET decided the section",3050,4,Q Claims,THE TALE OF TWO:,assumed claims
The same line appeared twice with the same destination,3050,4,Q Claims,THE TALE OF TWO:,The same line appeared twice with the same destination. Certified once.
"The Final Category cell was empty, so the SHEET decided the section",3071,1,Q Claims,TO SUMMARIZE THIS WEEK:,assumed claims
The same line appeared twice with the same destination,3071,1,Q Claims,TO SUMMARIZE THIS WEEK:,The same line appeared twice with the same destination. Certified once.
"The Final Category cell was empty, so the SHEET decided the section",3099,1,Q Claims,WRWY!!!,assumed claims
The same line appeared twice with the same destination,3099,1,Q Claims,WRWY!!!,The same line appeared twice with the same destination. Certified once.
The same line appeared twice with the same destination,3127,3,Q Claims,YOU ATTACK THOSE WHO THREATEN YOU THE MOST.,The same line appeared twice with the same destination. Certified once.
"The cell began with an apostrophe because the line starts with ""+"", ""-"" or ""="" and Excel would otherwise read it as a formula",3337,4,Q Claims,+Cruz,"The cell began with an apostrophe because the line starts with ""+"", ""-"" or ""="" and Excel would otherwise read it as a formula. Not a character Q typed, so it was removed before matching."
The same line appeared twice with the same destination,3588,28,Q Claims,THE GREAT AWAKENING,The same line appeared twice with the same destination. Certified once.
The same line appeared twice with the same destination,3598,5,Q Claims,Whole or (parts) - break/break,The same line appeared twice with the same destination. Certified once.
The same line appeared twice with the same destination,3607,5,Q Claims,THE GREAT AWAKENING,The same line appeared twice with the same destination. Certified once.
"The Final Category cell was empty, so the SHEET decided the section",3638,4,Q Claims,"Whoever knowingly or willfully advocates, abets, advises, or teaches the duty, necessity, desirability, or propriety of overthrowing or destroying the government of the United States or the government of any State, Territory, District or Possession thereof, or the government of any political subdivision therein, by force or violence, or by the assassination of any officer of any such government; or Whoever, with intent to cause the overthrow or destruction of any such government, prints, publishes, edits, issues, circulates, sells, distributes, or publicly displays any written or printed matter advocating, advising, or teaching the duty, necessity, desirability, or propriety of overthrowing or destroying any government in the United States by force or violence, or attempts to do so; or Whoever organizes or helps or attempts to organize any society, group, or assembly of persons who teach, advocate, or encourage the overthrow or destruction of any such government by force or violence; or becomes or is a member of, or affiliates with, any such society, group, or assembly of persons, knowing the purposes thereof—",assumed claims
The same line appeared twice with the same destination,3638,4,Q Claims,"Whoever knowingly or willfully advocates, abets, advises, or teaches the duty, necessity, desirability, or propriety of overthrowing or destroying the government of the United States or the government of any State, Territory, District or Possession thereof, or the government of any political subdivision therein, by force or violence, or by the assassination of any officer of any such government; or Whoever, with intent to cause the overthrow or destruction of any such government, prints, publishes, edits, issues, circulates, sells, distributes, or publicly displays any written or printed matter advocating, advising, or teaching the duty, necessity, desirability, or propriety of overthrowing or destroying any government in the United States by force or violence, or attempts to do so; or Whoever organizes or helps or attempts to organize any society, group, or assembly of persons who teach, advocate, or encourage the overthrow or destruction of any such government by force or violence; or becomes or is a member of, or affiliates with, any such society, group, or assembly of persons, knowing the purposes thereof—",The same line appeared twice with the same destination. Certified once.
"The Final Category cell was empty, so the SHEET decided the section",3647,6,Q Claims,The 'Con':,assumed claims
The same line appeared twice with the same destination,3647,6,Q Claims,The 'Con':,The same line appeared twice with the same destination. Certified once.
The same line appeared twice with the same destination,3754,2,Q Claims,US Taxpayer > FED Gov't,The same line appeared twice with the same destination. Certified once.
The same line appeared twice with the same destination,3836,19,Q Claims,US pol corruption China,The same line appeared twice with the same destination. Certified once.
The same line appeared twice with the same destination,3836,22,Q Claims,US pol corruption Iran,The same line appeared twice with the same destination. Certified once.
The same line appeared twice with the same destination,3836,21,Q Claims,US pol corruption Russia,The same line appeared twice with the same destination. Certified once.
The same line appeared twice with the same destination,3856,8,Q Claims,The Silent War continues…,The same line appeared twice with the same destination. Certified once.
The same line appeared twice with the same destination,4336,2,Q Claims,USA v Japan,The same line appeared twice with the same destination. Certified once.
The same line appeared twice with the same destination,4337,2,Q Claims,USA v Japan,The same line appeared twice with the same destination. Certified once.
The same line appeared twice with the same destination,4338,2,Q Claims,USA v Japan,The same line appeared twice with the same destination. Certified once.
The same line appears twice on one sheet with two different Final Category values — e,4343,1,Q Claims,USA total pop: 328 million,"sheet said claims, cell said entities, applied claims"
The same line appeared twice with the same destination,4343,1,Q Claims,USA total pop: 328 million,The same line appeared twice with the same destination. Certified once.
The same line appeared twice with the same destination,4476,2,Q Claims,Then v Now,The same line appeared twice with the same destination. Certified once.
"The Final Category cell was empty, so the SHEET decided the section",4476,4,Q Claims,THEN:,assumed claims
The same line appeared twice with the same destination,4476,4,Q Claims,THEN:,The same line appeared twice with the same destination. Certified once.
The same line appeared twice with the same destination,4484,5,Q Claims,Weiner evidence collection,The same line appeared twice with the same destination. Certified once.
The same line appeared twice with the same destination,4595,3,Q Claims,v2_change we can believe in Q,The same line appeared twice with the same destination. Certified once.
"The Final Category cell was empty, so the SHEET decided the section",4603,11,Q Claims,traitor defector deserter,assumed claims
The same line appeared twice with the same destination,4603,11,Q Claims,traitor defector deserter,The same line appeared twice with the same destination. Certified once.
"The Final Category cell was empty, so the SHEET decided the section",4603,12,Q Claims,turncoat betrayer rebel,assumed claims
The same line appeared twice with the same destination,4603,12,Q Claims,turncoat betrayer rebel,The same line appeared twice with the same destination. Certified once.
The same line appeared twice with the same destination,4635,8,Q Claims,"Then: battles raged in the streets [book burning, flag burning, destruction, hate, anti-police, etc]",The same line appeared twice with the same destination. Certified once.
The same line appeared twice with the same destination,4635,14,Q Claims,Then: project anti-fascist platform: reality: conform/obey strong-arm tactics deployed to silence opposing views,The same line appeared twice with the same destination. Certified once.
"The Final Category cell was empty, so the SHEET decided the section",4685,10,Q Claims,to often repeat an idea or belief to someone in order to persuade them to accept it,assumed claims
The same line appeared twice with the same destination,4685,10,Q Claims,to often repeat an idea or belief to someone in order to persuade them to accept it,The same line appeared twice with the same destination. Certified once.
"The Final Category cell was empty, so the SHEET decided the section",4722,8,Q Claims,The 'Why':,assumed claims
The same line appeared twice with the same destination,4722,8,Q Claims,The 'Why':,The same line appeared twice with the same destination. Certified once.
The same line appears twice on one sheet with two different Final Category values — e,4784,4,Q Claims,Wife of Rod Rosenstein,"sheet said claims, cell said entities, applied claims"
The same line appeared twice with the same destination,4784,4,Q Claims,Wife of Rod Rosenstein,The same line appeared twice with the same destination. Certified once.
"The Final Category cell was empty, so the SHEET decided the section",4620,20,Q Claims,C19 _stage 1: Inform POTUS [intel + CDC + WHO + S_advisor(s)] _nothing to fear _do not close travel _do nothing [the political ‘set up’],assumed claims
"The Final Category cell was empty, so the SHEET decided the section",4620,24,Q Claims,C19 _stage 5: Eliminate / censor any opposing views [anti-narrative],assumed claims
"The Final Category cell was empty, so the SHEET decided the section",2469,3,Q Claims,CA shooting & Fires [same location(s)] — LOOK HERE,assumed claims
"The Final Category cell was empty, so the SHEET decided the section",4782,5,Q Claims,CF 'donated' funds [primary influx _foreign][under 'legal' payment(s)] to engaged law firm [Dla Piper],assumed claims
"The Final Category cell was empty, so the SHEET decided the section",785,6,Q Claims,CHATTER^^^^^^^^,assumed claims
"The Final Category cell was empty, so the SHEET decided the section",2299,3,Q Claims,Check_in_Z[des_TFC]381,assumed claims
"The Final Category cell was empty, so the SHEET decided the section",3348,3,Q Claims,China_non_public,assumed claims
"The Final Category cell was empty, so the SHEET decided the section",2663,14,Q Claims,Clandestine Black OPs > zero affiliation (non_stick),assumed claims
"The Final Category cell was empty, so the SHEET decided the section",570,37,Q Claims,Closure of US MIL installations WW [Germany 1st],assumed claims
"The Final Category cell was empty, so the SHEET decided the section",2663,9,Q Claims,Cocktail regimen 4x daily brain intercept [administered by           ],assumed claims
"The Final Category cell was empty, so the SHEET decided the section",1838,1,Q Claims,Code: AB-aKd&Egh281Q,assumed claims
"The Final Category cell was empty, so the SHEET decided the section",4489,16,Q Claims,BLM (4)-year push: BIDEN negative news ELIM re: SEXUAL ASSAULT CLAIM re: Tara Reade [preserve #MeToo future [R] attack],assumed claims
"The Final Category cell was empty, so the SHEET decided the section",2681,5,Q Claims,-Blockade removal ['Scaramucci' model],assumed claims
"The Final Category cell was empty, so the SHEET decided the section",4338,4,Q Claims,43% of 100% [nursing home] [death],assumed claims
"The Final Category cell was empty, so the SHEET decided the section",1343,7,Q Claims,1.,assumed claims
"The Final Category cell was empty, so the SHEET decided the section",1496,2,Q Claims,1.,assumed claims
"The Final Category cell was empty, so the SHEET decided the section",1822,10,Q Claims,1.,assumed claims
"The Final Category cell was empty, so the SHEET decided the section",1935,9,Q Claims,1.,assumed claims
"The Final Category cell was empty, so the SHEET decided the section",2524,3,Q Claims,1.,assumed claims
"The Final Category cell was empty, so the SHEET decided the section",2683,5,Q Claims,1.,assumed claims
"The Final Category cell was empty, so the SHEET decided the section",3934,3,Q Claims,1.,assumed claims
"The Final Category cell was empty, so the SHEET decided the section",4310,31,Q Claims,1.,assumed claims
"The Final Category cell was empty, so the SHEET decided the section",4317,4,Q Claims,1.,assumed claims
"The Final Category cell was empty, so the SHEET decided the section",4330,3,Q Claims,1.,assumed claims
"The Final Category cell was empty, so the SHEET decided the section",4489,24,Q Claims,1.,assumed claims
"The Final Category cell was empty, so the SHEET decided the section",4620,27,Q Claims,1.,assumed claims
"The Final Category cell was empty, so the SHEET decided the section",4621,3,Q Claims,1.,assumed claims
"The Final Category cell was empty, so the SHEET decided the section",4657,2,Q Claims,1.,assumed claims
"The Final Category cell was empty, so the SHEET decided the section",4688,2,Q Claims,1.,assumed claims
"The Final Category cell was empty, so the SHEET decided the section",4722,2,Q Claims,1.,assumed claims
"The Final Category cell was empty, so the SHEET decided the section",4773,2,Q Claims,1.,assumed claims
"The Final Category cell was empty, so the SHEET decided the section",4774,2,Q Claims,1.,assumed claims
"The Final Category cell was empty, so the SHEET decided the section",4782,2,Q Claims,1.,assumed claims
"The Final Category cell was empty, so the SHEET decided the section",4817,2,Q Claims,1.,assumed claims
"The Final Category cell was empty, so the SHEET decided the section",4893,4,Q Claims,1.,assumed claims
"The Final Category cell was empty, so the SHEET decided the section",4256,11,Q Claims,10,assumed claims
"The Final Category cell was empty, so the SHEET decided the section",4620,45,Q Claims,10.,assumed claims
"The Final Category cell was empty, so the SHEET decided the section",4688,20,Q Claims,10.,assumed claims
"The Final Category cell was empty, so the SHEET decided the section",1464,2,Q Claims,100,assumed claims
"The Final Category cell was empty, so the SHEET decided the section",896,1,Q Claims,100%,assumed claims
"The Final Category cell was empty, so the SHEET decided the section",4620,47,Q Claims,11.,assumed claims
"The Final Category cell was empty, so the SHEET decided the section",4688,22,Q Claims,11.,assumed claims
"The Final Category cell was empty, so the SHEET decided the section",1927,11,Q Claims,12.,assumed claims
"The Final Category cell was empty, so the SHEET decided the section",4620,49,Q Claims,12.,assumed claims
"The Final Category cell was empty, so the SHEET decided the section",4688,24,Q Claims,12.,assumed claims
"The Final Category cell was empty, so the SHEET decided the section",417,5,Q Claims,12/19,assumed claims
"The Final Category cell was empty, so the SHEET decided the section",365,10,Q Claims,12/7 – 12/17.,assumed claims
"The Final Category cell was empty, so the SHEET decided the section",3551,3,Q Claims,1-2H insert_key,assumed claims
"The Final Category cell was empty, so the SHEET decided the section",4620,51,Q Claims,13.,assumed claims
"The Final Category cell was empty, so the SHEET decided the section",4688,26,Q Claims,13.,assumed claims
"The Final Category cell was empty, so the SHEET decided the section",4620,53,Q Claims,14.,assumed claims
"The Final Category cell was empty, so the SHEET decided the section",4688,28,Q Claims,14.,assumed claims
"The Final Category cell was empty, so the SHEET decided the section",4620,55,Q Claims,15.,assumed claims
"The Final Category cell was empty, so the SHEET decided the section",4688,30,Q Claims,15.,assumed claims
"The Final Category cell was empty, so the SHEET decided the section",4620,57,Q Claims,16.,assumed claims
"The Final Category cell was empty, so the SHEET decided the section",4688,32,Q Claims,16.,assumed claims
"The Final Category cell was empty, so the SHEET decided the section",1137,4,Q Claims,17.,assumed claims
"The Final Category cell was empty, so the SHEET decided the section",4688,34,Q Claims,17.,assumed claims
"The Final Category cell was empty, so the SHEET decided the section",2381,59,Q Claims,175,assumed claims
"The Final Category cell was empty, so the SHEET decided the section",4688,36,Q Claims,18.,assumed claims
"The Final Category cell was empty, so the SHEET decided the section",4688,37,Q Claims,19.,assumed claims
"The Final Category cell was empty, so the SHEET decided the section",824,2,Q Claims,2,assumed claims
"The Final Category cell was empty, so the SHEET decided the section",4881,5,Q Claims,2,assumed claims
"The Final Category cell was empty, so the SHEET decided the section",1343,9,Q Claims,2.,assumed claims
"The Final Category cell was empty, so the SHEET decided the section",1496,4,Q Claims,2.,assumed claims
"The Final Category cell was empty, so the SHEET decided the section",1822,12,Q Claims,2.,assumed claims
"The Final Category cell was empty, so the SHEET decided the section",1935,11,Q Claims,2.,assumed claims
"The Final Category cell was empty, so the SHEET decided the section",2524,5,Q Claims,2.,assumed claims
"The Final Category cell was empty, so the SHEET decided the section",2683,7,Q Claims,2.,assumed claims
"The Final Category cell was empty, so the SHEET decided the section",3934,4,Q Claims,2.,assumed claims
"The Final Category cell was empty, so the SHEET decided the section",4310,33,Q Claims,2.,assumed claims
"The Final Category cell was empty, so the SHEET decided the section",4317,6,Q Claims,2.,assumed claims
"The Final Category cell was empty, so the SHEET decided the section",4330,5,Q Claims,2.,assumed claims
"The Final Category cell was empty, so the SHEET decided the section",4489,26,Q Claims,2.,assumed claims
"The Final Category cell was empty, so the SHEET decided the section",4565,4,Q Claims,2.,assumed claims
"The Final Category cell was empty, so the SHEET decided the section",4620,29,Q Claims,2.,assumed claims
"The Final Category cell was empty, so the SHEET decided the section",4621,5,Q Claims,2.,assumed claims
"The Final Category cell was empty, so the SHEET decided the section",4657,4,Q Claims,2.,assumed claims
"The Final Category cell was empty, so the SHEET decided the section",4688,4,Q Claims,2.,assumed claims
"The Final Category cell was empty, so the SHEET decided the section",4722,4,Q Claims,2.,assumed claims
"The Final Category cell was empty, so the SHEET decided the section",4773,4,Q Claims,2.,assumed claims
"The Final Category cell was empty, so the SHEET decided the section",4782,4,Q Claims,2.,assumed claims
"The Final Category cell was empty, so the SHEET decided the section",4817,4,Q Claims,2.,assumed claims
"The Final Category cell was empty, so the SHEET decided the section",4893,6,Q Claims,2.,assumed claims
"The Final Category cell was empty, so the SHEET decided the section",1500,4,Q Claims,2.5 hrs,assumed claims
"The Final Category cell was empty, so the SHEET decided the section",4688,38,Q Claims,20.,assumed claims
"The Final Category cell was empty, so the SHEET decided the section",4688,39,Q Claims,21.,assumed claims
"The Final Category cell was empty, so the SHEET decided the section",397,1,Q Claims,21_[             f   ]_SEQ1239,assumed claims
"The Final Category cell was empty, so the SHEET decided the section",4688,40,Q Claims,22.,assumed claims
"The Final Category cell was empty, so the SHEET decided the section",1046,4,Q Claims,24/7/365.,assumed claims
"The Final Category cell was empty, so the SHEET decided the section",2169,1,Q Claims,297k,assumed claims
"The Final Category cell was empty, so the SHEET decided the section",4881,7,Q Claims,3,assumed claims
"The Final Category cell was empty, so the SHEET decided the section",1395,6,Q Claims,3) Both,assumed claims
"The Final Category cell was empty, so the SHEET decided the section",1496,6,Q Claims,3.,assumed claims
"The Final Category cell was empty, so the SHEET decided the section",1822,14,Q Claims,3.,assumed claims
"The Final Category cell was empty, so the SHEET decided the section",1935,13,Q Claims,3.,assumed claims
"The Final Category cell was empty, so the SHEET decided the section",2683,9,Q Claims,3.,assumed claims
"The Final Category cell was empty, so the SHEET decided the section",3934,5,Q Claims,3.,assumed claims
"The Final Category cell was empty, so the SHEET decided the section",4310,35,Q Claims,3.,assumed claims
"The Final Category cell was empty, so the SHEET decided the section",4317,8,Q Claims,3.,assumed claims
"The Final Category cell was empty, so the SHEET decided the section",4330,7,Q Claims,3.,assumed claims
"The Final Category cell was empty, so the SHEET decided the section",4620,31,Q Claims,3.,assumed claims
"The Final Category cell was empty, so the SHEET decided the section",4621,6,Q Claims,3.,assumed claims
"The Final Category cell was empty, so the SHEET decided the section",4657,6,Q Claims,3.,assumed claims
"The Final Category cell was empty, so the SHEET decided the section",4688,6,Q Claims,3.,assumed claims
"The Final Category cell was empty, so the SHEET decided the section",4722,6,Q Claims,3.,assumed claims
"The Final Category cell was empty, so the SHEET decided the section",4782,6,Q Claims,3.,assumed claims
"The Final Category cell was empty, so the SHEET decided the section",4817,6,Q Claims,3.,assumed claims
"The Final Category cell was empty, so the SHEET decided the section",4893,9,Q Claims,3.,assumed claims
"The Final Category cell was empty, so the SHEET decided the section",3169,2,Q Claims,‘Projection’ 101,assumed claims
"The Final Category cell was empty, so the SHEET decided the section",1512,4,Q Claims,‘The Beginning’,assumed claims
"The Final Category cell was empty, so the SHEET decided the section",2381,38,Q Claims,“Enemy Combatant”,assumed claims
"The Final Category cell was empty, so the SHEET decided the section",3039,2,Q Claims,“Forward”,assumed claims
"The Final Category cell was empty, so the SHEET decided the section",3039,3,Q Claims,“Greater Together”,assumed claims
"The Final Category cell was empty, so the SHEET decided the section",365,25,Q Claims,“Special Place”,assumed claims
"The Final Category cell was empty, so the SHEET decided the section",3039,5,Q Claims,“We Don’t Quit”,assumed claims
"The cell began with an apostrophe because the line starts with ""+"", ""-"" or ""="" and Excel would otherwise read it as a formula",4542,19,Q Claims,+ Carlo Maria Viganò,"The cell began with an apostrophe because the line starts with ""+"", ""-"" or ""="" and Excel would otherwise read it as a formula. Not a character Q typed, so it was removed before matching."
"The Final Category cell was empty, so the SHEET decided the section",4542,19,Q Claims,+ Carlo Maria Viganò,assumed claims
"The cell began with an apostrophe because the line starts with ""+"", ""-"" or ""="" and Excel would otherwise read it as a formula",1319,72,Q Claims,+ CEOs,"The cell began with an apostrophe because the line starts with ""+"", ""-"" or ""="" and Excel would otherwise read it as a formula. Not a character Q typed, so it was removed before matching."
"The Final Category cell was empty, so the SHEET decided the section",1319,72,Q Claims,+ CEOs,assumed claims
"The cell began with an apostrophe because the line starts with ""+"", ""-"" or ""="" and Excel would otherwise read it as a formula",1927,21,Q Claims,+ Chair/CEO/VP removal,"The cell began with an apostrophe because the line starts with ""+"", ""-"" or ""="" and Excel would otherwise read it as a formula. Not a character Q typed, so it was removed before matching."
"The Final Category cell was empty, so the SHEET decided the section",1927,21,Q Claims,+ Chair/CEO/VP removal,assumed claims
"The cell began with an apostrophe because the line starts with ""+"", ""-"" or ""="" and Excel would otherwise read it as a formula",1927,17,Q Claims,+ State personnel removal,"The cell began with an apostrophe because the line starts with ""+"", ""-"" or ""="" and Excel would otherwise read it as a formula. Not a character Q typed, so it was removed before matching."
"The Final Category cell was empty, so the SHEET decided the section",1927,17,Q Claims,+ State personnel removal,assumed claims
"The Final Category cell was empty, so the SHEET decided the section",1395,4,Q Claims,1) They know,assumed claims
"The Final Category cell was empty, so the SHEET decided the section",3410,5,Q Claims,"1, 2, 3, 4, 5…..",assumed claims
"The Final Category cell was empty, so the SHEET decided the section",959,7,Q Claims,1 former intel dir,assumed claims
"The Final Category cell was empty, so the SHEET decided the section",1900,1,Q Claims,1 of 2,assumed claims
"The Final Category cell was empty, so the SHEET decided the section",2682,13,Q Claims,1) FAKE NEWS MEDIA push of 'by design' narrative [daily updates – 4am],assumed claims
"The Final Category cell was empty, so the SHEET decided the section",2682,33,Q Claims,‘DIVIDED’,assumed claims
"The Final Category cell was empty, so the SHEET decided the section",261,3,Q Claims,$,assumed claims
"The Final Category cell was empty, so the SHEET decided the section",1069,10,Q Claims,$,assumed claims
"The Final Category cell was empty, so the SHEET decided the section",816,10,Q Claims,$$$$$$$$$$$$$$$$$,assumed claims
"The Final Category cell was empty, so the SHEET decided the section",4724,8,Q Claims,$$$$$$$$$$$$$$$$$$$$,assumed claims
"The Final Category cell was empty, so the SHEET decided the section",466,2,Q Claims,"$$$,$$$,$$$",assumed claims
"The Final Category cell was empty, so the SHEET decided the section",1056,4,Q Claims,(1) F,assumed claims
"The Final Category cell was empty, so the SHEET decided the section",1056,5,Q Claims,(1) M,assumed claims
"The Final Category cell was empty, so the SHEET decided the section",1453,7,Q Claims,(all in one),assumed claims
"The Final Category cell was empty, so the SHEET decided the section",1871,4,Q Claims,(Alt + US Media) (US Politicians),assumed claims
"The Final Category cell was empty, so the SHEET decided the section",179,3,Q Claims,(Characters),assumed claims
"The Final Category cell was empty, so the SHEET decided the section",460,5,Q Claims,/[RR-out][P_pers],assumed claims
"The Final Category cell was empty, so the SHEET decided the section",3579,1,Q Claims,/agg_image_failure/,assumed claims
"The Final Category cell was empty, so the SHEET decided the section",2844,8,Q Claims,:RT Jan 29 2018 - IDEN [not for anons],assumed claims
"The Final Category cell was empty, so the SHEET decided the section",1828,9,Q Claims,^^^^,assumed claims
"The Final Category cell was empty, so the SHEET decided the section",1828,11,Q Claims,^^^^,assumed claims
"The Final Category cell was empty, so the SHEET decided the section",1828,7,Q Claims,^^^^^,assumed claims
"The Final Category cell was empty, so the SHEET decided the section",1828,5,Q Claims,^^^^^                                                                                ^^,assumed claims
"The Final Category cell was empty, so the SHEET decided the section",229,7,Q Claims,_FREEDOM-_v&CAS0R-T2_yes_27-1_t,assumed claims
"The Final Category cell was empty, so the SHEET decided the section",229,6,Q Claims,_FREEDOM-_v^CAS0R-T_yes_27-1_87x,assumed claims
"The Final Category cell was empty, so the SHEET decided the section",229,9,Q Claims,_FREEDOM-_v_stand,assumed claims
"The Final Category cell was empty, so the SHEET decided the section",229,10,Q Claims,_FREEDOM-_v_stand,assumed claims
"The Final Category cell was empty, so the SHEET decided the section",229,11,Q Claims,_FREEDOM-_v_stand,assumed claims
"The Final Category cell was empty, so the SHEET decided the section",229,12,Q Claims,_FREEDOM-_v_stand,assumed claims
"The Final Category cell was empty, so the SHEET decided the section",229,13,Q Claims,_FREEDOM-_v_stand_CAN,assumed claims
"The Final Category cell was empty, so the SHEET decided the section",229,2,Q Claims,_FREEDOM-_v05_yes_27-1_z,assumed claims
"The Final Category cell was empty, so the SHEET decided the section",229,14,Q Claims,_FREEDOM-_v1_stand,assumed claims
"The Final Category cell was empty, so the SHEET decided the section",229,15,Q Claims,_FREEDOM-_v1_stand,assumed claims
"The Final Category cell was empty, so the SHEET decided the section",229,16,Q Claims,_FREEDOM-_v1_stand,assumed claims
"The Final Category cell was empty, so the SHEET decided the section",229,3,Q Claims,_FREEDOM-_v198_yes_27-1_b,assumed claims
"The Final Category cell was empty, so the SHEET decided the section",229,17,Q Claims,_FREEDOM-_v2_stand,assumed claims
"The Final Category cell was empty, so the SHEET decided the section",229,18,Q Claims,_FREEDOM-_v3_stand,assumed claims
"The Final Category cell was empty, so the SHEET decided the section",229,20,Q Claims,_FREEDOM-_v4_mod_CAS80^,assumed claims
"The Final Category cell was empty, so the SHEET decided the section",229,19,Q Claims,_FREEDOM-_v4_mod_D092x,assumed claims
"The Final Category cell was empty, so the SHEET decided the section",229,4,Q Claims,_FREEDOM-_v-811z_yes_27-1_c,assumed claims
"The Final Category cell was empty, so the SHEET decided the section",229,8,Q Claims,_FREEDOM-_vEXh29B_yes_27-1_ch,assumed claims
"The Final Category cell was empty, so the SHEET decided the section",229,44,Q Claims,_FREEDOM-_vGER_US_yes_000BVx_LO_yes_[… + 1]_Conf_y,assumed claims
"The Final Category cell was empty, so the SHEET decided the section",229,30,Q Claims,_FREEDOM-_vSA_US_stand_DC14vC_EX_y_AW_Conf/stand,assumed claims
"The Final Category cell was empty, so the SHEET decided the section",229,42,Q Claims,_FREEDOM-_vSA_US_stand_DC26vC_EX_y_AW_Conf/stand,assumed claims
"The Final Category cell was empty, so the SHEET decided the section",229,43,Q Claims,_FREEDOM-_vSA_US_yes_DC27vc_EX_y_AW_Conf/term/zJ&bY028739478-g,assumed claims
"The Final Category cell was empty, so the SHEET decided the section",229,23,Q Claims,_FREEDOM-_vSHAz1EVCB_yes_27-1,assumed claims
"The Final Category cell was empty, so the SHEET decided the section",229,21,Q Claims,_FREEDOM-_vv1_stand,assumed claims
"The Final Category cell was empty, so the SHEET decided the section",229,22,Q Claims,_FREEDOM-_vv2_stand,assumed claims
"The Final Category cell was empty, so the SHEET decided the section",229,5,Q Claims,_FREEDOM-_vZj9_yes_27-1_y,assumed claims
"The cell began with an apostrophe because the line starts with ""+"", ""-"" or ""="" and Excel would otherwise read it as a formula",1534,5,Q Claims,+7 POTUS,"The cell began with an apostrophe because the line starts with ""+"", ""-"" or ""="" and Excel would otherwise read it as a formula. Not a character Q typed, so it was removed before matching."
"The Final Category cell was empty, so the SHEET decided the section",1534,5,Q Claims,+7 POTUS,assumed claims
"The cell began with an apostrophe because the line starts with ""+"", ""-"" or ""="" and Excel would otherwise read it as a formula",3893,2,Q Claims,+comments,"The cell began with an apostrophe because the line starts with ""+"", ""-"" or ""="" and Excel would otherwise read it as a formula. Not a character Q typed, so it was removed before matching."
"The Final Category cell was empty, so the SHEET decided the section",3893,2,Q Claims,+comments,assumed claims
"The Final Category cell was empty, so the SHEET decided the section",1986,2,Q Claims,05/04/2018,assumed claims
"The Final Category cell was empty, so the SHEET decided the section",2135,4,Q Claims,09/07/18,assumed claims
"The Final Category cell was empty, so the SHEET decided the section",3031,3,Q Claims,1 = 2,assumed claims
"The Final Category cell was empty, so the SHEET decided the section",519,2,Q Claims,1/13/18,assumed claims
"The Final Category cell was empty, so the SHEET decided the section",4256,5,Q Claims,4,assumed claims
"The Final Category cell was empty, so the SHEET decided the section",1496,8,Q Claims,4.,assumed claims
"The Final Category cell was empty, so the SHEET decided the section",1822,16,Q Claims,4.,assumed claims
"The Final Category cell was empty, so the SHEET decided the section",1935,15,Q Claims,4.,assumed claims
"The Final Category cell was empty, so the SHEET decided the section",3934,6,Q Claims,4.,assumed claims
"The Final Category cell was empty, so the SHEET decided the section",4317,10,Q Claims,4.,assumed claims
"The Final Category cell was empty, so the SHEET decided the section",4620,33,Q Claims,4.,assumed claims
"The Final Category cell was empty, so the SHEET decided the section",4621,7,Q Claims,4.,assumed claims
"The Final Category cell was empty, so the SHEET decided the section",4688,8,Q Claims,4.,assumed claims
"The Final Category cell was empty, so the SHEET decided the section",4782,8,Q Claims,4.,assumed claims
"The Final Category cell was empty, so the SHEET decided the section",500,2,Q Claims,4-10-20,assumed claims
"The Final Category cell was empty, so the SHEET decided the section",4256,6,Q Claims,5,assumed claims
"The Final Category cell was empty, so the SHEET decided the section",959,6,Q Claims,5 political,assumed claims
"The Final Category cell was empty, so the SHEET decided the section",1822,18,Q Claims,5.,assumed claims
"The Final Category cell was empty, so the SHEET decided the section",1935,17,Q Claims,5.,assumed claims
"The Final Category cell was empty, so the SHEET decided the section",3934,7,Q Claims,5.,assumed claims
"The Final Category cell was empty, so the SHEET decided the section",4620,35,Q Claims,5.,assumed claims
"The Final Category cell was empty, so the SHEET decided the section",4621,8,Q Claims,5.,assumed claims
"The Final Category cell was empty, so the SHEET decided the section",4688,10,Q Claims,5.,assumed claims
"The Final Category cell was empty, so the SHEET decided the section",4488,5,Q Claims,5mm+,assumed claims
"The Final Category cell was empty, so the SHEET decided the section",4256,7,Q Claims,6,assumed claims
"The Final Category cell was empty, so the SHEET decided the section",1822,20,Q Claims,6.,assumed claims
"The Final Category cell was empty, so the SHEET decided the section",1935,19,Q Claims,6.,assumed claims
"The Final Category cell was empty, so the SHEET decided the section",3934,8,Q Claims,6.,assumed claims
"The Final Category cell was empty, so the SHEET decided the section",4620,37,Q Claims,6.,assumed claims
"The Final Category cell was empty, so the SHEET decided the section",4621,9,Q Claims,6.,assumed claims
"The Final Category cell was empty, so the SHEET decided the section",4688,12,Q Claims,6.,assumed claims
"The Final Category cell was empty, so the SHEET decided the section",4256,8,Q Claims,7,assumed claims
"The Final Category cell was empty, so the SHEET decided the section",1822,22,Q Claims,7.,assumed claims
"The Final Category cell was empty, so the SHEET decided the section",4620,39,Q Claims,7.,assumed claims
"The Final Category cell was empty, so the SHEET decided the section",4688,14,Q Claims,7.,assumed claims
"The Final Category cell was empty, so the SHEET decided the section",463,1,Q Claims,7/10,assumed claims
"The Final Category cell was empty, so the SHEET decided the section",525,1,Q Claims,7/10.,assumed claims
"The Final Category cell was empty, so the SHEET decided the section",68,15,Q Claims,70%.,assumed claims
"The Final Category cell was empty, so the SHEET decided the section",4603,7,Q Claims,702 non-702,assumed claims
"The Final Category cell was empty, so the SHEET decided the section",1449,2,Q Claims,72,assumed claims
"The Final Category cell was empty, so the SHEET decided the section",3720,2,Q Claims,7pm EST,assumed claims
"The Final Category cell was empty, so the SHEET decided the section",3720,4,Q Claims,7pm EST,assumed claims
"The Final Category cell was empty, so the SHEET decided the section",4256,9,Q Claims,8,assumed claims
"The Final Category cell was empty, so the SHEET decided the section",1822,24,Q Claims,8.,assumed claims
"The Final Category cell was empty, so the SHEET decided the section",4620,41,Q Claims,8.,assumed claims
"The Final Category cell was empty, so the SHEET decided the section",4688,16,Q Claims,8.,assumed claims
"The Final Category cell was empty, so the SHEET decided the section",4256,10,Q Claims,9,assumed claims
"The Final Category cell was empty, so the SHEET decided the section",1822,26,Q Claims,9.,assumed claims
"The Final Category cell was empty, so the SHEET decided the section",4620,43,Q Claims,9.,assumed claims
"The Final Category cell was empty, so the SHEET decided the section",4688,18,Q Claims,9.,assumed claims
"The Final Category cell was empty, so the SHEET decided the section",2365,9,Q Claims,-9/26 – Federal SW – IPhone/IPAD/Laptop,assumed claims
"The Final Category cell was empty, so the SHEET decided the section",3004,5,Q Claims,94-6,assumed claims
"The Final Category cell was empty, so the SHEET decided the section",1581,5,Q Claims,Attacks ^,assumed claims
"The Final Category cell was empty, so the SHEET decided the section",299,2,Q Claims,Banks / Financial Institutions,assumed claims
"The Final Category cell was empty, so the SHEET decided the section",377,1,Q Claims,'Conspiracy',assumed claims
"The Final Category cell was empty, so the SHEET decided the section",1001,13,Q Claims,'Conspiracy',assumed claims
"The Final Category cell was empty, so the SHEET decided the section",1010,24,Q Claims,'CONSPIRACY',assumed claims
"The Final Category cell was empty, so the SHEET decided the section",1010,25,Q Claims,'CONSPIRACY',assumed claims
"The Final Category cell was empty, so the SHEET decided the section",1010,26,Q Claims,'CONSPIRACY',assumed claims
"The Final Category cell was empty, so the SHEET decided the section",2816,13,Q Claims,Conspiracy to commit…,assumed claims
"The Final Category cell was empty, so the SHEET decided the section",2016,1,Q Claims,CORONA 16 TASK ROUTE Z8301,assumed claims
"The Final Category cell was empty, so the SHEET decided the section",2015,1,Q Claims,CORONA 8 RE_ROUTE T_83,assumed claims
"The Final Category cell was empty, so the SHEET decided the section",4278,2,Q Claims,Corporate media control [source]:,assumed claims
"The Final Category cell was empty, so the SHEET decided the section",2500,1,Q Claims,CORSI > [attempt infiltrate] Q,assumed claims
"The Final Category cell was empty, so the SHEET decided the section",4586,4,Q Claims,'Countless' labs = deliberate [coordinated],assumed claims
"The Final Category cell was empty, so the SHEET decided the section",466,8,Q Claims,Covert OP by [CLAS-59#241-Q] to infiltrate at highest level to destroy from within?,assumed claims
"The Final Category cell was empty, so the SHEET decided the section",4489,5,Q Claims,COVID-2 [C]: Lockdown(s),assumed claims
"The Final Category cell was empty, so the SHEET decided the section",2365,12,Q Claims,-Crime Against Children+++,assumed claims
"The Final Category cell was empty, so the SHEET decided the section",4283,4,Q Claims,Critical thinking _media cluster bomb(s) [attacks] v POTUS,assumed claims
"The Final Category cell was empty, so the SHEET decided the section",4283,5,Q Claims,Critical thinking _media cluster bomb(s) [attacks] v Q [you],assumed claims
"The Final Category cell was empty, so the SHEET decided the section",1068,5,Q Claims,Day [1],assumed claims
"The Final Category cell was empty, so the SHEET decided the section",2369,4,Q Claims,DECLAS would [PROVE] evidence v.,assumed claims
"The Final Category cell was empty, so the SHEET decided the section",1439,9,Q Claims,DECLAS_,assumed claims
"The Final Category cell was empty, so the SHEET decided the section",1443,3,Q Claims,DECLAS_Public,assumed claims
"The Final Category cell was empty, so the SHEET decided the section",4330,6,Q Claims,DEPLATFORM/REMOVAL [SILENCE],assumed claims
"The Final Category cell was empty, so the SHEET decided the section",756,30,Q Claims,DESIGNATE CODE: [      _D7_UND<93829],assumed claims
"The Final Category cell was empty, so the SHEET decided the section",3229,2,Q Claims,Details [CLAS 1-99],assumed claims
"The Final Category cell was empty, so the SHEET decided the section",904,1,Q Claims,DhytcDFbF5874/37875,assumed claims
"The Final Category cell was empty, so the SHEET decided the section",4637,2,Q Claims,Digital soldiers #FightBack,assumed claims
"The Final Category cell was empty, so the SHEET decided the section",145,3,Q Claims,DIRECT ATTACK TODAY BY NYT/CLOWNS IN AMERICA:,assumed claims
"The Final Category cell was empty, so the SHEET decided the section",146,3,Q Claims,DIRECT ATTACK TODAY BY NYT/CLOWNS IN AMERICA:,assumed claims
"The Final Category cell was empty, so the SHEET decided the section",4620,40,Q Claims,Eliminate_delay POTUS rallies _term energy,assumed claims
"The Final Category cell was empty, so the SHEET decided the section",1912,3,Q Claims,Email (gmail)12.9.16,assumed claims
"The Final Category cell was empty, so the SHEET decided the section",2649,3,Q Claims,'ENEMY OF THE PEOPLE',assumed claims
"The Final Category cell was empty, so the SHEET decided the section",1443,4,Q Claims,EO dated_official,assumed claims
"The Final Category cell was empty, so the SHEET decided the section",460,6,Q Claims,EO_CLASSIFIED_WH[   -6713A],assumed claims
"The Final Category cell was empty, so the SHEET decided the section",1849,2,Q Claims,Ex 1 GOOG,assumed claims
"The Final Category cell was empty, so the SHEET decided the section",2490,1,Q Claims,FAKE NEWS > [optics] 'FALSE' majority > BLUE WAVE,assumed claims
"The Final Category cell was empty, so the SHEET decided the section",2567,5,Q Claims,FAKE NEWS coordinated attacks [#2 only to POTUS],assumed claims
"The Final Category cell was empty, so the SHEET decided the section",2497,2,Q Claims,FBI - 3,assumed claims
"The Final Category cell was empty, so the SHEET decided the section",1489,16,Q Claims,FEAR [re: MSM conspiracy push 1 - controlled],assumed claims
"The Final Category cell was empty, so the SHEET decided the section",3754,3,Q Claims,FED Gov't [HUSSEIN] > Pearson Publishing,assumed claims
"The Final Category cell was empty, so the SHEET decided the section",500,3,Q Claims,FIRE & FURY,assumed claims
"The Final Category cell was empty, so the SHEET decided the section",3725,6,Q Claims,Fired/forced _ C_A,assumed claims
"The Final Category cell was empty, so the SHEET decided the section",1441,4,Q Claims,First private [CLAS-5(6)],assumed claims
"The Final Category cell was empty, so the SHEET decided the section",4256,3,Q Claims,FISA unmask_DECLAS[public][select date(s)]_week_2,assumed claims
"The Final Category cell was empty, so the SHEET decided the section",233,1,Q Claims,Flash Dir_,assumed claims
"The Final Category cell was empty, so the SHEET decided the section",365,1,Q Claims,FLASH_BREAK_,assumed claims
"The Final Category cell was empty, so the SHEET decided the section",4256,2,Q Claims,Flynn DOJ_dismiss_week_1,assumed claims
"The Final Category cell was empty, so the SHEET decided the section",1990,2,Q Claims,Footnote #5,assumed claims
"The Final Category cell was empty, so the SHEET decided the section",3006,18,Q Claims,FOREIGN (NOT DOMESTIC (FORBID LAW)),assumed claims
"The Final Category cell was empty, so the SHEET decided the section",4317,5,Q Claims,Form Congressional Black Caucus [1971][compartmentalize-label],assumed claims
"The Final Category cell was empty, so the SHEET decided the section",658,2,Q Claims,FREEDOM_,assumed claims
"The Final Category cell was empty, so the SHEET decided the section",373,4,Q Claims,FREEDOM_#1-43,assumed claims
"The Final Category cell was empty, so the SHEET decided the section",3627,1,Q Claims,Future trip(c) re_verify:,assumed claims
"The Final Category cell was empty, so the SHEET decided the section",4603,8,Q Claims,FVEY non-FVEY spy_insert_campaign[s] 1&2,assumed claims
"The Final Category cell was empty, so the SHEET decided the section",4153,24,Q Claims,FVEY UK-AUS reverify AUTH_WH [unusual req special instruction],assumed claims
"The Final Category cell was empty, so the SHEET decided the section",3590,12,Q Claims,Hint: Energy,assumed claims
"The Final Category cell was empty, so the SHEET decided the section",3725,11,Q Claims,Hired/install _ C_A,assumed claims
"The Final Category cell was empty, so the SHEET decided the section",2681,17,Q Claims,"-House D's use subpoena power to ……………………Acts 1, 2, and 3. [spill +30]",assumed claims
"The Final Category cell was empty, so the SHEET decided the section",2524,10,Q Claims,HUBER FISA(S) [2-way street],assumed claims
"The Final Category cell was empty, so the SHEET decided the section",3049,2,Q Claims,"If [D's] FIGHT to protect, safeguard, and promote all illegal immigrants as 'rightful' U.S. citizens who should be afforded all benefits and rights accordingly, WHY THEN WOULD THEY FIGHT TO BLOCK THEM FROM BEING 'COUNTED' AS PART OF THE U.S.",assumed claims
"The Final Category cell was empty, so the SHEET decided the section",2545,2,Q Claims,If you decide to change careers…,assumed claims
"The Final Category cell was empty, so the SHEET decided the section",4310,32,Q Claims,IMPEACHMENT ARTICLES DELIVERED TO SENATE [HELD],assumed claims
"The Final Category cell was empty, so the SHEET decided the section",4620,50,Q Claims,Increase national debt [place China into controlling debt position _regain leverage],assumed claims
"The Final Category cell was empty, so the SHEET decided the section",4620,13,Q Claims,Install ‘controlled’ [rogue7_Bolton],assumed claims
"The Final Category cell was empty, so the SHEET decided the section",570,11,Q Claims,Install rogue_ops,assumed claims
"The Final Category cell was empty, so the SHEET decided the section",1583,1,Q Claims,"Jan 20, 2017",assumed claims
"The Final Category cell was empty, so the SHEET decided the section",1927,9,Q Claims,"January 1, 2019",assumed claims
"The Final Category cell was empty, so the SHEET decided the section",4343,3,Q Claims,Japan total pop: 126 million [condensed (island)],assumed claims
"The Final Category cell was empty, so the SHEET decided the section",3348,2,Q Claims,Japan_public,assumed claims
"The Final Category cell was empty, so the SHEET decided the section",3025,1,Q Claims,"John Perry Barlow POST January 27, 2018",assumed claims
"The Final Category cell was empty, so the SHEET decided the section",1583,2,Q Claims,"June 20, 2018",assumed claims
"The Final Category cell was empty, so the SHEET decided the section",4541,2,Q Claims,"June 7, 2020",assumed claims
"The Final Category cell was empty, so the SHEET decided the section",2326,4,Q Claims,Justice K confirmation [weekend],assumed claims
"The Final Category cell was empty, so the SHEET decided the section",373,7,Q Claims,JUSTICE_FED_J[1-4]_remove + appellate,assumed claims
"The Final Category cell was empty, so the SHEET decided the section",11,1,Q Claims,Key:,assumed claims
"The Final Category cell was empty, so the SHEET decided the section",2689,3,Q Claims,Keyword: 'Foreign',assumed claims
"The Final Category cell was empty, so the SHEET decided the section",4362,2,Q Claims,Keyword: Insurgency,assumed claims
"The Final Category cell was empty, so the SHEET decided the section",1343,10,Q Claims,Kill [targeted] infection prior to expansion,assumed claims
"The Final Category cell was empty, so the SHEET decided the section",570,30,Q Claims,KILL economy [starve/need/enslave],assumed claims
"The Final Category cell was empty, so the SHEET decided the section",829,3,Q Claims,KILL_BOX[1A-23x],assumed claims
"The Final Category cell was empty, so the SHEET decided the section",756,5,Q Claims,KILL_CHAIN,assumed claims
"The Final Category cell was empty, so the SHEET decided the section",2123,1,Q Claims,Last and final comment(s) re: AJ & Associates [attempts],assumed claims
"The Final Category cell was empty, so the SHEET decided the section",2694,1,Q Claims,Life Lesson - [AS],assumed claims
"The Final Category cell was empty, so the SHEET decided the section",4489,12,Q Claims,Lockdown(s) +C: [D] state mail-in-ballot doorstep flood,assumed claims
"The Final Category cell was empty, so the SHEET decided the section",4489,13,Q Claims,Lockdown(s) +C: Build public unrest _[future BLM (4)-year push],assumed claims
"The Final Category cell was empty, so the SHEET decided the section",4489,9,Q Claims,Lockdown(s) +C: Close churche(s) _other person-to-person [keep in isolation _dim energy _fear no hope],assumed claims
"The Final Category cell was empty, so the SHEET decided the section",4489,10,Q Claims,Lockdown(s) +C: Inc death toll _[D] mayor(s)/gov(s) push COVID positive seniors to hot zone(s) [senior (home) care facilities] _retain FEAR & lockdown (isolate _control) _combine pneumonia influenza death count w/ COVID [inc death toll],assumed claims
"The Final Category cell was empty, so the SHEET decided the section",3231,1,Q Claims,Marker [1],assumed claims
"The Final Category cell was empty, so the SHEET decided the section",3232,1,Q Claims,Marker [2],assumed claims
"The Final Category cell was empty, so the SHEET decided the section",959,8,Q Claims,Mask & Spin,assumed claims
"The Final Category cell was empty, so the SHEET decided the section",4299,2,Q Claims,Masking v unmasking incidentally intercepted v direct [target],assumed claims
"The Final Category cell was empty, so the SHEET decided the section",2369,9,Q Claims,McCabe Memos [source] >>> NYT [RR] 'wear a wire',assumed claims
"The Final Category cell was empty, so the SHEET decided the section",1990,16,Q Claims,Meetings Not Yet Released [+7],assumed claims
"The Final Category cell was empty, so the SHEET decided the section",2963,1,Q Claims,MGL_change_route_under,assumed claims
"The Final Category cell was empty, so the SHEET decided the section",2287,2,Q Claims,MIDTERM ELECTIONS,assumed claims
"The Final Category cell was empty, so the SHEET decided the section",1316,7,Q Claims,"Mike Kortan, FBI Assistant Director for Public Affairs - FIRED [cooperating under 'resigned' title]",assumed claims
"The Final Category cell was empty, so the SHEET decided the section",836,6,Q Claims,Mission 1: Infiltrate,assumed claims
"The Final Category cell was empty, so the SHEET decided the section",836,7,Q Claims,Mission 2: Centralize,assumed claims
"The Final Category cell was empty, so the SHEET decided the section",836,18,Q Claims,Mission 6: Fiddler > Ghost-PRIME,assumed claims
"The Final Category cell was empty, so the SHEET decided the section",836,19,Q Claims,Mission 7: CLAS,assumed claims
"The Final Category cell was empty, so the SHEET decided the section",836,20,Q Claims,Mission 8: Whistle Blower traps - jobs C-3567k,assumed claims
"The Final Category cell was empty, so the SHEET decided the section",836,21,Q Claims,Mission 9: Censorship,assumed claims
"The Final Category cell was empty, so the SHEET decided the section",510,1,Q Claims,MISSING POST RE: DEFCON [1],assumed claims
"The Final Category cell was empty, so the SHEET decided the section",2,25,Q Claims,Mockingbird 10.30.17,assumed claims
"The Final Category cell was empty, so the SHEET decided the section",1496,7,Q Claims,Modified IG redacted report [RR version],assumed claims
"The Final Category cell was empty, so the SHEET decided the section",1496,5,Q Claims,Modified IG unredacted report [RR version],assumed claims
"The Final Category cell was empty, so the SHEET decided the section",2113,2,Q Claims,Month: Sept,assumed claims
"The Final Category cell was empty, so the SHEET decided the section",4505,2,Q Claims,More coming? [senior],assumed claims
"The Final Category cell was empty, so the SHEET decided the section",3004,12,Q Claims,NO_LEAKS,assumed claims
"The Final Category cell was empty, so the SHEET decided the section",3595,3,Q Claims,Non_FVEY official chan [US senior person(s) req given sensitive nature of 'target' re: presidential nominee(s) - POTUS + Cruz [CLAS 1-4]],assumed claims
"The Final Category cell was empty, so the SHEET decided the section",756,21,Q Claims,NORTH_TRADE_OK,assumed claims
"The Final Category cell was empty, so the SHEET decided the section",3764,19,Q Claims,NSA data_bridge DNC-Crowdstrike [bulk data collection],assumed claims
"The Final Category cell was empty, so the SHEET decided the section",1944,3,Q Claims,NSA INSCOM BRIDGE,assumed claims
"The Final Category cell was empty, so the SHEET decided the section",3586,16,Q Claims,NSA v C_A,assumed claims
"The Final Category cell was empty, so the SHEET decided the section",4281,3,Q Claims,Objective [end]: checkmate king,assumed claims
"The Final Category cell was empty, so the SHEET decided the section",1990,13,Q Claims,Ohr FD-302 05/10/17 (interview date 05/08/17) - POTUS / 1-DAY PRIOR TO +++++JC FIRING+++++ [RR],assumed claims
"The Final Category cell was empty, so the SHEET decided the section",299,6,Q Claims,Oil Tech Sex/Children,assumed claims
"The Final Category cell was empty, so the SHEET decided the section",1822,27,Q Claims,On and on……..(knowingly false),assumed claims
"The Final Category cell was empty, so the SHEET decided the section",1474,5,Q Claims,ON GUARD Z-BUNK_T6_Y,assumed claims
"The Final Category cell was empty, so the SHEET decided the section",3893,3,Q Claims,Per MSM [Fake News]:,assumed claims
"The Final Category cell was empty, so the SHEET decided the section",4763,3,Q Claims,PAN[DEM]IC_DEM_PANIC,assumed claims
"The Final Category cell was empty, so the SHEET decided the section",1958,5,Q Claims,Part (2) - Rally [RED October],assumed claims
"The Final Category cell was empty, so the SHEET decided the section",2076,3,Q Claims,Pages 33 & 34,assumed claims
"The Final Category cell was empty, so the SHEET decided the section",459,2,Q Claims,Operational_window(5-6)_FDeltaC25-26,assumed claims
"The Final Category cell was empty, so the SHEET decided the section",129,4,Q Claims,Operations --> [N]o [S]uch [A]gency,assumed claims
"The Final Category cell was empty, so the SHEET decided the section",502,1,Q Claims,Original [15] min,assumed claims
"The Final Category cell was empty, so the SHEET decided the section",2043,22,Q Claims,"P, X, Y, Z = BULK DATA COLLECTION [UMBRELLA]",assumed claims
"The Final Category cell was empty, so the SHEET decided the section",3764,11,Q Claims,Personal comms [secured] prior to release? [1],assumed claims
"The Final Category cell was empty, so the SHEET decided the section",2107,13,Q Claims,Pg [    ] - Sally Yates,assumed claims
"The Final Category cell was empty, so the SHEET decided the section",1010,14,Q Claims,PHARMA [CLAS-D],assumed claims
"The Final Category cell was empty, so the SHEET decided the section",2516,3,Q Claims,Players: 8,assumed claims
"The Final Category cell was empty, so the SHEET decided the section",436,30,Q Claims,PODESTA>,assumed claims
"The Final Category cell was empty, so the SHEET decided the section",2397,12,Q Claims,POTUS AF1 [RR] > Mueller END,assumed claims
"The Final Category cell was empty, so the SHEET decided the section",321,2,Q Claims,POTUS: 1:37 US Military,assumed claims
"The Final Category cell was empty, so the SHEET decided the section",4295,13,Q Claims,Power over [                   ],assumed claims
"The Final Category cell was empty, so the SHEET decided the section",4672,3,Q Claims,pre protests [riots] start - 60 protests [riots],assumed claims
"The Final Category cell was empty, so the SHEET decided the section",4620,12,Q Claims,Pre_Install [rogue3-6] > referral(s) to POTUS re: McMaster_Coats_Wray_Bolton_+++,assumed claims
"The Final Category cell was empty, so the SHEET decided the section",1314,5,Q Claims,Pre_stage cap_y,assumed claims
"The Final Category cell was empty, so the SHEET decided the section",2465,5,Q Claims,Pre_stage cap_y,assumed claims
"The Final Category cell was empty, so the SHEET decided the section",3351,5,Q Claims,Pre_stage cap_y,assumed claims
"The Final Category cell was empty, so the SHEET decided the section",1314,4,Q Claims,Pre_stage dir_y,assumed claims
"The Final Category cell was empty, so the SHEET decided the section",2465,4,Q Claims,Pre_stage dir_y,assumed claims
"The Final Category cell was empty, so the SHEET decided the section",3351,4,Q Claims,Pre_stage dir_y,assumed claims
"The Final Category cell was empty, so the SHEET decided the section",1314,2,Q Claims,Pre_stage ele_y,assumed claims
"The Final Category cell was empty, so the SHEET decided the section",2465,2,Q Claims,Pre_stage ele_y,assumed claims
"The Final Category cell was empty, so the SHEET decided the section",3351,2,Q Claims,Pre_stage ele_y,assumed claims
"The Final Category cell was empty, so the SHEET decided the section",1314,3,Q Claims,Pre_stage sec_y,assumed claims
"The Final Category cell was empty, so the SHEET decided the section",2465,3,Q Claims,Pre_stage sec_y,assumed claims
"The Final Category cell was empty, so the SHEET decided the section",3351,3,Q Claims,Pre_stage sec_y,assumed claims
"The Final Category cell was empty, so the SHEET decided the section",1343,8,Q Claims,Prevent false decodes/misinformation,assumed claims
"The Final Category cell was empty, so the SHEET decided the section",363,3,Q Claims,Private OP_END,assumed claims
"The Final Category cell was empty, so the SHEET decided the section",717,2,Q Claims,Private: Clowns Clowns Clowns,assumed claims
"The Final Category cell was empty, so the SHEET decided the section",436,23,Q Claims,PS>,assumed claims
"The Final Category cell was empty, so the SHEET decided the section",2663,13,Q Claims,PTSD+,assumed claims
"The Final Category cell was empty, so the SHEET decided the section",4258,2,Q Claims,Public v [matters of NAT SEC],assumed claims
"The Final Category cell was empty, so the SHEET decided the section",4620,48,Q Claims,Push state-bailout stimulus [CA][NY] + wish list items,assumed claims
"The Final Category cell was empty, so the SHEET decided the section",3203,3,Q Claims,Q #2849,assumed claims
"The Final Category cell was empty, so the SHEET decided the section",756,32,Q Claims,"Q, DELTA",assumed claims
"The Final Category cell was empty, so the SHEET decided the section",757,6,Q Claims,"Q, DELTA",assumed claims
"The Final Category cell was empty, so the SHEET decided the section",365,20,Q Claims,Q/POTUS-1,assumed claims
"The Final Category cell was empty, so the SHEET decided the section",365,21,Q Claims,Q/POTUS-2,assumed claims
"The Final Category cell was empty, so the SHEET decided the section",365,22,Q Claims,Q/POTUS-3,assumed claims
"The Final Category cell was empty, so the SHEET decided the section",365,23,Q Claims,Q/POTUS-4 [10],assumed claims
"The Final Category cell was empty, so the SHEET decided the section",365,24,Q Claims,Q/POTUS-5,assumed claims
"The Final Category cell was empty, so the SHEET decided the section",1226,6,Q Claims,Q: SR,assumed claims
"The Final Category cell was empty, so the SHEET decided the section",14,1,Q Claims,SCI[F],assumed claims
"The Final Category cell was empty, so the SHEET decided the section",17,9,Q Claims,Common drive of posts they all tap into.,assumed claims
"The Final Category cell was empty, so the SHEET decided the section",219,4,Q Claims,The_Castle_Runs_RED_yes,assumed claims
"The Final Category cell was empty, so the SHEET decided the section",228,2,Q Claims,SA_leadership change,assumed claims
"The Final Category cell was empty, so the SHEET decided the section",228,1,Q Claims,USA_leadership change,assumed claims
"The Final Category cell was empty, so the SHEET decided the section",240,7,Q Claims,Re_8ch_carry_good_,assumed claims
"The Final Category cell was empty, so the SHEET decided the section",373,2,Q Claims,NAT_SEC_,assumed claims
"The Final Category cell was empty, so the SHEET decided the section",373,3,Q Claims,"NAT_SEC_A,H,H, L, B, E, classified Cdg-23k",assumed claims
"The Final Category cell was empty, so the SHEET decided the section",395,1,Q Claims,SEA_TO_SHINING_SEA,assumed claims
"The Final Category cell was empty, so the SHEET decided the section",459,5,Q Claims,Twitter FW_,assumed claims
"The Final Category cell was empty, so the SHEET decided the section",502,3,Q Claims,Revised [1] min,assumed claims
"The Final Category cell was empty, so the SHEET decided the section",534,1,Q Claims,Side_by_Side (graphic form):,assumed claims
"The Final Category cell was empty, so the SHEET decided the section",564,9,Q Claims,MSM contractors #Goodbye#,assumed claims
"The Final Category cell was empty, so the SHEET decided the section",570,25,Q Claims,U1 fund/supply IRAN/NK [+reduce US capacity],assumed claims
"The Final Category cell was empty, so the SHEET decided the section",582,4,Q Claims,Safe comms_SAT-re_Bz985300^00,assumed claims
"The Final Category cell was empty, so the SHEET decided the section",728,1,Q Claims,Timestamp:,assumed claims
"The Final Category cell was empty, so the SHEET decided the section",731,1,Q Claims,Timestamp:,assumed claims
"The Final Category cell was empty, so the SHEET decided the section",771,9,Q Claims,T-minus [12:34],assumed claims
"The Final Category cell was empty, so the SHEET decided the section",772,3,Q Claims,Unreleased [CLAS-HIGHEST]:,assumed claims
"The Final Category cell was empty, so the SHEET decided the section",834,2,Q Claims,187,assumed claims
"The Final Category cell was empty, so the SHEET decided the section",873,3,Q Claims,Re: IBOR,assumed claims
"The Final Category cell was empty, so the SHEET decided the section",928,9,Q Claims,The ‘Mission’,assumed claims
"The Final Category cell was empty, so the SHEET decided the section",1008,24,Q Claims,MS[13][13=M]MSM - The 'Wheel',assumed claims
"The Final Category cell was empty, so the SHEET decided the section",1029,5,Q Claims,Night [2],assumed claims
"The Final Category cell was empty, so the SHEET decided the section",1030,3,Q Claims,Night [2],assumed claims
"The Final Category cell was empty, so the SHEET decided the section",1065,3,Q Claims,Night [3],assumed claims
"The Final Category cell was empty, so the SHEET decided the section",1077,1,Q Claims,Night [4],assumed claims
"The Final Category cell was empty, so the SHEET decided the section",1134,4,Q Claims,Night [5],assumed claims
"The Final Category cell was empty, so the SHEET decided the section",1176,1,Q Claims,187.,assumed claims
"The Final Category cell was empty, so the SHEET decided the section",1385,1,Q Claims,US History [ABCs],assumed claims
"The Final Category cell was empty, so the SHEET decided the section",1443,16,Q Claims,Tarmac,assumed claims
"The Final Category cell was empty, so the SHEET decided the section",1559,3,Q Claims,Viv[a] vs Viv[e],assumed claims
"The Final Category cell was empty, so the SHEET decided the section",1559,1,Q Claims,DECLAS,assumed claims
"The Final Category cell was empty, so the SHEET decided the section",1563,1,Q Claims,Text A Text B,assumed claims
"The Final Category cell was empty, so the SHEET decided the section",1563,2,Q Claims,Text C,assumed claims
"The Final Category cell was empty, so the SHEET decided the section",1787,3,Q Claims,Tracking: 52-58mm,assumed claims
"The Final Category cell was empty, so the SHEET decided the section",1794,8,Q Claims,Re: MSM,assumed claims
"The Final Category cell was empty, so the SHEET decided the section",1805,4,Q Claims,Threat 1,assumed claims
"The Final Category cell was empty, so the SHEET decided the section",1805,5,Q Claims,Threat 2,assumed claims
"The Final Category cell was empty, so the SHEET decided the section",1822,26,Q Claims,9.,assumed claims
The same line appeared twice with the same destination,1822,26,Q Claims,9.,The same line appeared twice with the same destination. Certified once.
"The Final Category cell was empty, so the SHEET decided the section",1860,4,Q Claims,The More You Know…,assumed claims
"The Final Category cell was empty, so the SHEET decided the section",1872,3,Q Claims,Next: Man [caught] who follows 'Q',assumed claims
"The Final Category cell was empty, so the SHEET decided the section",1877,4,Q Claims,TWITTER GEO-T/L,assumed claims
"The Final Category cell was empty, so the SHEET decided the section",1880,5,Q Claims,The more you know…,assumed claims
"The Final Category cell was empty, so the SHEET decided the section",1915,6,Q Claims,Same day as the targeted [coordinated] attack v.,assumed claims
"The Final Category cell was empty, so the SHEET decided the section",1939,13,Q Claims,REQ = [Think Highest Levels],assumed claims
"The Final Category cell was empty, so the SHEET decided the section",1944,11,Q Claims,NAT SEC,assumed claims
"The Final Category cell was empty, so the SHEET decided the section",1948,11,Q Claims,1991,assumed claims
"The Final Category cell was empty, so the SHEET decided the section",1951,2,Q Claims,-The People (Q),assumed claims
"The Final Category cell was empty, so the SHEET decided the section",1960,6,Q Claims,The More You Know…,assumed claims
"The Final Category cell was empty, so the SHEET decided the section",1986,15,Q Claims,The More You Know…,assumed claims
"The Final Category cell was empty, so the SHEET decided the section",2072,1,Q Claims,"The ""Experts""",assumed claims
"The Final Category cell was empty, so the SHEET decided the section",2135,3,Q Claims,198,assumed claims
"The Final Category cell was empty, so the SHEET decided the section",2188,2,Q Claims,SEPT —–17—–,assumed claims
"The Final Category cell was empty, so the SHEET decided the section",2206,6,Q Claims,SEPT 10 DROP re: MEMES NON_NSA ABILITY,assumed claims
"The Final Category cell was empty, so the SHEET decided the section",2206,7,Q Claims,SEPT 13 & 14 [2] ARTICLES DROP re: FB MEMES,assumed claims
"The Final Category cell was empty, so the SHEET decided the section",2206,8,Q Claims,SEPT 16 [2] ARTICLES DROPPED/HIGHLIGHTED [EXAMPLES],assumed claims
"The Final Category cell was empty, so the SHEET decided the section",2206,9,Q Claims,SEPT 18 [WIRED] RESPONDS [1] ARTICLE re: MEMES & Q,assumed claims
"The Final Category cell was empty, so the SHEET decided the section",2211,32,Q Claims,"The ""Experts""",assumed claims
"The Final Category cell was empty, so the SHEET decided the section",2257,3,Q Claims,The More You Know…,assumed claims
"The Final Category cell was empty, so the SHEET decided the section",2286,4,Q Claims,DECLAS,assumed claims
"The Final Category cell was empty, so the SHEET decided the section",2300,5,Q Claims,DECLAS,assumed claims
"The Final Category cell was empty, so the SHEET decided the section",2319,17,Q Claims,The More You Know…,assumed claims
"The Final Category cell was empty, so the SHEET decided the section",2326,3,Q Claims,Sessions tomorrow [doc related],assumed claims
"The Final Category cell was empty, so the SHEET decided the section",2335,8,Q Claims,The More You Know…,assumed claims
"The Final Category cell was empty, so the SHEET decided the section",2359,4,Q Claims,The More You Know…,assumed claims
"The Final Category cell was empty, so the SHEET decided the section",2375,4,Q Claims,The More You Know…,assumed claims
"The Final Category cell was empty, so the SHEET decided the section",2467,17,Q Claims,The More You Know…,assumed claims
"The Final Category cell was empty, so the SHEET decided the section",2468,1,Q Claims,The 'Scaramucci' Play,assumed claims
"The Final Category cell was empty, so the SHEET decided the section",2470,3,Q Claims,Sealed > Unsealed,assumed claims
"The Final Category cell was empty, so the SHEET decided the section",2584,2,Q Claims,Re: #5 Impeachment,assumed claims
"The Final Category cell was empty, so the SHEET decided the section",2592,3,Q Claims,The More You Know…,assumed claims
"The Final Category cell was empty, so the SHEET decided the section",2642,5,Q Claims,The More You Know…,assumed claims
"The Final Category cell was empty, so the SHEET decided the section",2709,3,Q Claims,Narrow/+wide,assumed claims
"The Final Category cell was empty, so the SHEET decided the section",3071,2,Q Claims,RE: [D’s] PREP TO STEAL 2020 ELECTIONS,assumed claims
"The Final Category cell was empty, so the SHEET decided the section",3125,2,Q Claims,The attempted 'COUP' [TREASON] opens the 'public' door to more serious……,assumed claims
"The Final Category cell was empty, so the SHEET decided the section",3348,4,Q Claims,SK_non_public,assumed claims
"The Final Category cell was empty, so the SHEET decided the section",3364,2,Q Claims,Tarmac meetings_END,assumed claims
"The Final Category cell was empty, so the SHEET decided the section",3407,1,Q Claims,Re: Border Fight,assumed claims
"The Final Category cell was empty, so the SHEET decided the section",3409,1,Q Claims,Smoke & Mirrors,assumed claims
"The Final Category cell was empty, so the SHEET decided the section",3409,12,Q Claims,Smoke & Mirrors,assumed claims
"The Final Category cell was empty, so the SHEET decided the section",3428,4,Q Claims,UK/US 1&2,assumed claims
"The Final Category cell was empty, so the SHEET decided the section",3469,5,Q Claims,Targets ('models') generally 'green lit' based on 'humble' 'poorer' family background? [prevent possible 'legal' retaliation],assumed claims
"The Final Category cell was empty, so the SHEET decided the section",3534,5,Q Claims,The More You Know…,assumed claims
"The Final Category cell was empty, so the SHEET decided the section",3563,3,Q Claims,The More You Know…,assumed claims
"The Final Category cell was empty, so the SHEET decided the section",3836,20,Q Claims,US pol corruption Ukraine [US leverage on behalf of…],assumed claims
"The Final Category cell was empty, so the SHEET decided the section",4137,5,Q Claims,The more you know…,assumed claims
"The Final Category cell was empty, so the SHEET decided the section",4162,10,Q Claims,MSM assets complicit? [knowingly],assumed claims
"The Final Category cell was empty, so the SHEET decided the section",4224,4,Q Claims,Topic: Rule of Law @ Risk,assumed claims
"The Final Category cell was empty, so the SHEET decided the section",4256,10,Q Claims,9,assumed claims
The same line appeared twice with the same destination,4256,10,Q Claims,9,The same line appeared twice with the same destination. Certified once.
"The Final Category cell was empty, so the SHEET decided the section",4299,8,Q Claims,Target location: US or abroad [traveling][rules],assumed claims
"The Final Category cell was empty, so the SHEET decided the section",4310,1,Q Claims,Relevance re: [Susan Rice] 'top secret' [DECLAS] paragraph:,assumed claims
"The Final Category cell was empty, so the SHEET decided the section",4334,2,Q Claims,The more you know…,assumed claims
"The Final Category cell was empty, so the SHEET decided the section",4490,3,Q Claims,"Reality [seen on social media]: murder, violence, destruction, anarchy, lawlessness…",assumed claims
"The Final Category cell was empty, so the SHEET decided the section",4603,6,Q Claims,Upstream collection. [umbrella],assumed claims
"The Final Category cell was empty, so the SHEET decided the section",4612,3,Q Claims,Next: more 'act of violence' frame-ups,assumed claims
"The Final Category cell was empty, so the SHEET decided the section",4620,68,Q Claims,SHADOW PRESIDENCY [HUSSEIN],assumed claims
"The Final Category cell was empty, so the SHEET decided the section",4620,43,Q Claims,9.,assumed claims
The same line appeared twice with the same destination,4620,43,Q Claims,9.,The same line appeared twice with the same destination. Certified once.
"The Final Category cell was empty, so the SHEET decided the section",4635,2,Q Claims,RE: IRREGULAR WARFARE,assumed claims
"The Final Category cell was empty, so the SHEET decided the section",4635,18,Q Claims,Then: force economic destruction as recruiting [division] tactic to drive enlistment rate,assumed claims
"The Final Category cell was empty, so the SHEET decided the section",4635,10,Q Claims,Then: physical assaults of political opponents,assumed claims
"The Final Category cell was empty, so the SHEET decided the section",4635,16,Q Claims,Then: radical anti-capitalistic platform (socialism),assumed claims
"The Final Category cell was empty, so the SHEET decided the section",4635,12,Q Claims,Then: voter intimidation in National and local elections,assumed claims
"The Final Category cell was empty, so the SHEET decided the section",4686,5,Q Claims,"SEPT 14-18, 21-25 [track & follow events]",assumed claims
"The Final Category cell was empty, so the SHEET decided the section",4688,18,Q Claims,9.,assumed claims
The same line appeared twice with the same destination,4688,18,Q Claims,9.,The same line appeared twice with the same destination. Certified once.
"The Final Category cell was empty, so the SHEET decided the section",4737,2,Q Claims,SEPT 21-25 [track & follow events],assumed claims
"The Final Category cell was empty, so the SHEET decided the section",4778,3,Q Claims,"Trial date: July 12, 2021",assumed claims
"The Final Category cell was empty, so the SHEET decided the section",4817,3,Q Claims,USA CHINA Phase I deal executed [China bad day],assumed claims
"The Final Category cell was empty, so the SHEET decided the section",4871,1,Q Claims,NAT SEC concerns re: blackmail [gain control] of J.,assumed claims
"The Final Category cell was empty, so the SHEET decided the section",4881,13,Q Claims,Retweet @ 17:17 had meaning. [mathematical probability _17:17 [day after]?],assumed claims
"The Final Category cell was empty, so the SHEET decided the section",4881,3,Q Claims,1,assumed claims
"The Final Category cell was empty, so the SHEET decided the section",4962,13,Q Claims,1913.,assumed claims
"The Final Category cell was empty, so the SHEET decided the section",35,12,Q Entities,"4,10,20",assumed entities
"The Final Category cell was empty, so the SHEET decided the section",40,1,Q Entities,"4,10,20",assumed entities
"The Final Category cell was empty, so the SHEET decided the section",81,4,Q Entities,Snow White,assumed entities
"The Final Category cell was empty, so the SHEET decided the section",84,7,Q Entities,Snow White,assumed entities
"The Final Category cell was empty, so the SHEET decided the section",87,2,Q Entities,Snow White,assumed entities
"The Final Category cell was empty, so the SHEET decided the section",88,21,Q Entities,Snow White,assumed entities
"The Final Category cell was empty, so the SHEET decided the section",89,10,Q Entities,Snow White,assumed entities
"The Final Category cell was empty, so the SHEET decided the section",91,11,Q Entities,Snow White,assumed entities
"The Final Category cell was empty, so the SHEET decided the section",95,5,Q Entities,Snow White,assumed entities
"The Final Category cell was empty, so the SHEET decided the section",100,56,Q Entities,Snow White,assumed entities
"The cell began with an apostrophe because the line starts with ""+"", ""-"" or ""="" and Excel would otherwise read it as a formula",123,3,Q Entities,+++,"The cell began with an apostrophe because the line starts with ""+"", ""-"" or ""="" and Excel would otherwise read it as a formula. Not a character Q typed, so it was removed before matching."
"The cell began with an apostrophe because the line starts with ""+"", ""-"" or ""="" and Excel would otherwise read it as a formula",124,2,Q Entities,++,"The cell began with an apostrophe because the line starts with ""+"", ""-"" or ""="" and Excel would otherwise read it as a formula. Not a character Q typed, so it was removed before matching."
"The cell began with an apostrophe because the line starts with ""+"", ""-"" or ""="" and Excel would otherwise read it as a formula",124,3,Q Entities,+,"The cell began with an apostrophe because the line starts with ""+"", ""-"" or ""="" and Excel would otherwise read it as a formula. Not a character Q typed, so it was removed before matching."
"The cell began with an apostrophe because the line starts with ""+"", ""-"" or ""="" and Excel would otherwise read it as a formula",124,1,Q Entities,+++,"The cell began with an apostrophe because the line starts with ""+"", ""-"" or ""="" and Excel would otherwise read it as a formula. Not a character Q typed, so it was removed before matching."
"The cell began with an apostrophe because the line starts with ""+"", ""-"" or ""="" and Excel would otherwise read it as a formula",126,4,Q Entities,++,"The cell began with an apostrophe because the line starts with ""+"", ""-"" or ""="" and Excel would otherwise read it as a formula. Not a character Q typed, so it was removed before matching."
"The cell began with an apostrophe because the line starts with ""+"", ""-"" or ""="" and Excel would otherwise read it as a formula",126,5,Q Entities,+,"The cell began with an apostrophe because the line starts with ""+"", ""-"" or ""="" and Excel would otherwise read it as a formula. Not a character Q typed, so it was removed before matching."
"The cell began with an apostrophe because the line starts with ""+"", ""-"" or ""="" and Excel would otherwise read it as a formula",126,3,Q Entities,+++,"The cell began with an apostrophe because the line starts with ""+"", ""-"" or ""="" and Excel would otherwise read it as a formula. Not a character Q typed, so it was removed before matching."
"The cell began with an apostrophe because the line starts with ""+"", ""-"" or ""="" and Excel would otherwise read it as a formula",134,18,Q Entities,++,"The cell began with an apostrophe because the line starts with ""+"", ""-"" or ""="" and Excel would otherwise read it as a formula. Not a character Q typed, so it was removed before matching."
"The cell began with an apostrophe because the line starts with ""+"", ""-"" or ""="" and Excel would otherwise read it as a formula",134,19,Q Entities,+,"The cell began with an apostrophe because the line starts with ""+"", ""-"" or ""="" and Excel would otherwise read it as a formula. Not a character Q typed, so it was removed before matching."
"The cell began with an apostrophe because the line starts with ""+"", ""-"" or ""="" and Excel would otherwise read it as a formula",134,17,Q Entities,+++,"The cell began with an apostrophe because the line starts with ""+"", ""-"" or ""="" and Excel would otherwise read it as a formula. Not a character Q typed, so it was removed before matching."
"The cell began with an apostrophe because the line starts with ""+"", ""-"" or ""="" and Excel would otherwise read it as a formula",144,11,Q Entities,+++Adm R+++,"The cell began with an apostrophe because the line starts with ""+"", ""-"" or ""="" and Excel would otherwise read it as a formula. Not a character Q typed, so it was removed before matching."
"The cell began with an apostrophe because the line starts with ""+"", ""-"" or ""="" and Excel would otherwise read it as a formula",156,1,Q Entities,++,"The cell began with an apostrophe because the line starts with ""+"", ""-"" or ""="" and Excel would otherwise read it as a formula. Not a character Q typed, so it was removed before matching."
"The cell began with an apostrophe because the line starts with ""+"", ""-"" or ""="" and Excel would otherwise read it as a formula",177,9,Q Entities,++,"The cell began with an apostrophe because the line starts with ""+"", ""-"" or ""="" and Excel would otherwise read it as a formula. Not a character Q typed, so it was removed before matching."
"The cell began with an apostrophe because the line starts with ""+"", ""-"" or ""="" and Excel would otherwise read it as a formula",178,12,Q Entities,++,"The cell began with an apostrophe because the line starts with ""+"", ""-"" or ""="" and Excel would otherwise read it as a formula. Not a character Q typed, so it was removed before matching."
"The Final Category cell was empty, so the SHEET decided the section",233,4,Q Entities,_4ch_n,assumed entities
"The Final Category cell was empty, so the SHEET decided the section",233,5,Q Entities,_8ch_y,assumed entities
"The Final Category cell was empty, so the SHEET decided the section",300,2,Q Entities,L.,assumed entities
"The Final Category cell was empty, so the SHEET decided the section",436,11,Q Entities,CROWDSTRIKE>,assumed entities
"The Final Category cell was empty, so the SHEET decided the section",436,14,Q Entities,DWS_DIR>,assumed entities
"The Final Category cell was empty, so the SHEET decided the section",436,29,Q Entities,STEELE>,assumed entities
"The Final Category cell was empty, so the SHEET decided the section",522,19,Q Entities,Jeremiah 29:11,assumed entities
"The Final Category cell was empty, so the SHEET decided the section",533,13,Q Entities,"4, 10, 20",assumed entities
"The cell began with an apostrophe because the line starts with ""+"", ""-"" or ""="" and Excel would otherwise read it as a formula",601,1,Q Entities,@Snowden,"The cell began with an apostrophe because the line starts with ""+"", ""-"" or ""="" and Excel would otherwise read it as a formula. Not a character Q typed, so it was removed before matching."
"The cell began with an apostrophe because the line starts with ""+"", ""-"" or ""="" and Excel would otherwise read it as a formula",679,7,Q Entities,++,"The cell began with an apostrophe because the line starts with ""+"", ""-"" or ""="" and Excel would otherwise read it as a formula. Not a character Q typed, so it was removed before matching."
"The cell began with an apostrophe because the line starts with ""+"", ""-"" or ""="" and Excel would otherwise read it as a formula",679,6,Q Entities,+,"The cell began with an apostrophe because the line starts with ""+"", ""-"" or ""="" and Excel would otherwise read it as a formula. Not a character Q typed, so it was removed before matching."
"The cell began with an apostrophe because the line starts with ""+"", ""-"" or ""="" and Excel would otherwise read it as a formula",679,8,Q Entities,+++,"The cell began with an apostrophe because the line starts with ""+"", ""-"" or ""="" and Excel would otherwise read it as a formula. Not a character Q typed, so it was removed before matching."
"The cell began with an apostrophe because the line starts with ""+"", ""-"" or ""="" and Excel would otherwise read it as a formula",709,4,Q Entities,@Snowden,"The cell began with an apostrophe because the line starts with ""+"", ""-"" or ""="" and Excel would otherwise read it as a formula. Not a character Q typed, so it was removed before matching."
"The cell began with an apostrophe because the line starts with ""+"", ""-"" or ""="" and Excel would otherwise read it as a formula",728,2,Q Entities,"@Snowden ""Truth To Power""","The cell began with an apostrophe because the line starts with ""+"", ""-"" or ""="" and Excel would otherwise read it as a formula. Not a character Q typed, so it was removed before matching."
"The cell began with an apostrophe because the line starts with ""+"", ""-"" or ""="" and Excel would otherwise read it as a formula",731,2,Q Entities,"@Snowden ""Truth To Power""","The cell began with an apostrophe because the line starts with ""+"", ""-"" or ""="" and Excel would otherwise read it as a formula. Not a character Q typed, so it was removed before matching."
"The Final Category cell was empty, so the SHEET decided the section",755,1,Q Entities,MILITARY INTELLIGENCE TEAM,assumed entities
"The cell began with an apostrophe because the line starts with ""+"", ""-"" or ""="" and Excel would otherwise read it as a formula",760,1,Q Entities,@Snowden,"The cell began with an apostrophe because the line starts with ""+"", ""-"" or ""="" and Excel would otherwise read it as a formula. Not a character Q typed, so it was removed before matching."
"The cell began with an apostrophe because the line starts with ""+"", ""-"" or ""="" and Excel would otherwise read it as a formula",770,8,Q Entities,@Snowden,"The cell began with an apostrophe because the line starts with ""+"", ""-"" or ""="" and Excel would otherwise read it as a formula. Not a character Q typed, so it was removed before matching."
"The cell began with an apostrophe because the line starts with ""+"", ""-"" or ""="" and Excel would otherwise read it as a formula",771,1,Q Entities,@Jack,"The cell began with an apostrophe because the line starts with ""+"", ""-"" or ""="" and Excel would otherwise read it as a formula. Not a character Q typed, so it was removed before matching."
"The cell began with an apostrophe because the line starts with ""+"", ""-"" or ""="" and Excel would otherwise read it as a formula",790,1,Q Entities,@SNOWDEN,"The cell began with an apostrophe because the line starts with ""+"", ""-"" or ""="" and Excel would otherwise read it as a formula. Not a character Q typed, so it was removed before matching."
"The Final Category cell was empty, so the SHEET decided the section",790,14,Q Entities,JOHN 3:16,assumed entities
"The Final Category cell was empty, so the SHEET decided the section",791,4,Q Entities,Q+,assumed entities
"The cell began with an apostrophe because the line starts with ""+"", ""-"" or ""="" and Excel would otherwise read it as a formula",834,4,Q Entities,@Snowden,"The cell began with an apostrophe because the line starts with ""+"", ""-"" or ""="" and Excel would otherwise read it as a formula. Not a character Q typed, so it was removed before matching."
"The cell began with an apostrophe because the line starts with ""+"", ""-"" or ""="" and Excel would otherwise read it as a formula",836,5,Q Entities,@Snowden,"The cell began with an apostrophe because the line starts with ""+"", ""-"" or ""="" and Excel would otherwise read it as a formula. Not a character Q typed, so it was removed before matching."
"The Final Category cell was empty, so the SHEET decided the section",836,4,Q Entities,OP Name: Fiddler,assumed entities
"The cell began with an apostrophe because the line starts with ""+"", ""-"" or ""="" and Excel would otherwise read it as a formula",845,1,Q Entities,@Snowden,"The cell began with an apostrophe because the line starts with ""+"", ""-"" or ""="" and Excel would otherwise read it as a formula. Not a character Q typed, so it was removed before matching."
"The Final Category cell was empty, so the SHEET decided the section",864,4,Q Entities,SUM of ALL FEARS //\\,assumed entities
"The cell began with an apostrophe because the line starts with ""+"", ""-"" or ""="" and Excel would otherwise read it as a formula",873,1,Q Entities,@Snowden,"The cell began with an apostrophe because the line starts with ""+"", ""-"" or ""="" and Excel would otherwise read it as a formula. Not a character Q typed, so it was removed before matching."
"The cell began with an apostrophe because the line starts with ""+"", ""-"" or ""="" and Excel would otherwise read it as a formula",893,1,Q Entities,@Snowden,"The cell began with an apostrophe because the line starts with ""+"", ""-"" or ""="" and Excel would otherwise read it as a formula. Not a character Q typed, so it was removed before matching."
"The cell began with an apostrophe because the line starts with ""+"", ""-"" or ""="" and Excel would otherwise read it as a formula",895,2,Q Entities,@Jack,"The cell began with an apostrophe because the line starts with ""+"", ""-"" or ""="" and Excel would otherwise read it as a formula. Not a character Q typed, so it was removed before matching."
"The cell began with an apostrophe because the line starts with ""+"", ""-"" or ""="" and Excel would otherwise read it as a formula",903,1,Q Entities,@Snowden,"The cell began with an apostrophe because the line starts with ""+"", ""-"" or ""="" and Excel would otherwise read it as a formula. Not a character Q typed, so it was removed before matching."
"The Final Category cell was empty, so the SHEET decided the section",931,3,Q Entities,Q+,assumed entities
"The cell began with an apostrophe because the line starts with ""+"", ""-"" or ""="" and Excel would otherwise read it as a formula",952,1,Q Entities,@[19][1st],"The cell began with an apostrophe because the line starts with ""+"", ""-"" or ""="" and Excel would otherwise read it as a formula. Not a character Q typed, so it was removed before matching."
"The cell began with an apostrophe because the line starts with ""+"", ""-"" or ""="" and Excel would otherwise read it as a formula",952,2,Q Entities,@[3][1st],"The cell began with an apostrophe because the line starts with ""+"", ""-"" or ""="" and Excel would otherwise read it as a formula. Not a character Q typed, so it was removed before matching."
"The cell began with an apostrophe because the line starts with ""+"", ""-"" or ""="" and Excel would otherwise read it as a formula",972,25,Q Entities,@Snowden,"The cell began with an apostrophe because the line starts with ""+"", ""-"" or ""="" and Excel would otherwise read it as a formula. Not a character Q typed, so it was removed before matching."
"The Final Category cell was empty, so the SHEET decided the section",1000,1,Q Entities,'H',assumed entities
"The Final Category cell was empty, so the SHEET decided the section",1001,11,Q Entities,D-Room C,assumed entities
"The Final Category cell was empty, so the SHEET decided the section",1001,9,Q Entities,D-Room H,assumed entities
"The Final Category cell was empty, so the SHEET decided the section",1001,10,Q Entities,D-Room R,assumed entities
"The cell began with an apostrophe because the line starts with ""+"", ""-"" or ""="" and Excel would otherwise read it as a formula",1014,3,Q Entities,@Jack,"The cell began with an apostrophe because the line starts with ""+"", ""-"" or ""="" and Excel would otherwise read it as a formula. Not a character Q typed, so it was removed before matching."
"The Final Category cell was empty, so the SHEET decided the section",1028,2,Q Entities,Q+,assumed entities
"The Final Category cell was empty, so the SHEET decided the section",1038,5,Q Entities,Q+,assumed entities
"The cell began with an apostrophe because the line starts with ""+"", ""-"" or ""="" and Excel would otherwise read it as a formula",1063,3,Q Entities,@Jack,"The cell began with an apostrophe because the line starts with ""+"", ""-"" or ""="" and Excel would otherwise read it as a formula. Not a character Q typed, so it was removed before matching."
"The cell began with an apostrophe because the line starts with ""+"", ""-"" or ""="" and Excel would otherwise read it as a formula",1063,8,Q Entities,@Snowden,"The cell began with an apostrophe because the line starts with ""+"", ""-"" or ""="" and Excel would otherwise read it as a formula. Not a character Q typed, so it was removed before matching."
"The cell began with an apostrophe because the line starts with ""+"", ""-"" or ""="" and Excel would otherwise read it as a formula",1102,12,Q Entities,@Jack,"The cell began with an apostrophe because the line starts with ""+"", ""-"" or ""="" and Excel would otherwise read it as a formula. Not a character Q typed, so it was removed before matching."
"The cell began with an apostrophe because the line starts with ""+"", ""-"" or ""="" and Excel would otherwise read it as a formula",1124,1,Q Entities,@Snowden,"The cell began with an apostrophe because the line starts with ""+"", ""-"" or ""="" and Excel would otherwise read it as a formula. Not a character Q typed, so it was removed before matching."
"The cell began with an apostrophe because the line starts with ""+"", ""-"" or ""="" and Excel would otherwise read it as a formula",1218,1,Q Entities,+,"The cell began with an apostrophe because the line starts with ""+"", ""-"" or ""="" and Excel would otherwise read it as a formula. Not a character Q typed, so it was removed before matching."
"The cell began with an apostrophe because the line starts with ""+"", ""-"" or ""="" and Excel would otherwise read it as a formula",1239,1,Q Entities,@algore,"The cell began with an apostrophe because the line starts with ""+"", ""-"" or ""="" and Excel would otherwise read it as a formula. Not a character Q typed, so it was removed before matching."
"The Final Category cell was empty, so the SHEET decided the section",1296,5,Q Entities,Q+,assumed entities
"The Final Category cell was empty, so the SHEET decided the section",1297,11,Q Entities,Q+,assumed entities
The same line appears twice on one sheet with two different Final Category values — e,1319,44,Q Entities,Ted Poe - Republican,"sheet said entities, cell said claims, applied entities"
"The Final Category cell was empty, so the SHEET decided the section",1328,31,Q Entities,Q+,assumed entities
"The Final Category cell was empty, so the SHEET decided the section",1358,22,Q Entities,Q+,assumed entities
"The Final Category cell was empty, so the SHEET decided the section",1443,14,Q Entities,302s,assumed entities
"The Final Category cell was empty, so the SHEET decided the section",1475,2,Q Entities,Q+,assumed entities
"The Final Category cell was empty, so the SHEET decided the section",1491,3,Q Entities,Q+,assumed entities
"The Final Category cell was empty, so the SHEET decided the section",1565,1,Q Entities,45,assumed entities
"The Final Category cell was empty, so the SHEET decided the section",1582,3,Q Entities,Q+,assumed entities
"The Final Category cell was empty, so the SHEET decided the section",1588,5,Q Entities,A321,assumed entities
"The Final Category cell was empty, so the SHEET decided the section",1645,11,Q Entities,Q+,assumed entities
"The Final Category cell was empty, so the SHEET decided the section",1699,3,Q Entities,Q+,assumed entities
"The Final Category cell was empty, so the SHEET decided the section",1712,3,Q Entities,-Colossians 3:5,assumed entities
"The cell began with an apostrophe because the line starts with ""+"", ""-"" or ""="" and Excel would otherwise read it as a formula",1719,7,Q Entities,@Jack,"The cell began with an apostrophe because the line starts with ""+"", ""-"" or ""="" and Excel would otherwise read it as a formula. Not a character Q typed, so it was removed before matching."
"The Final Category cell was empty, so the SHEET decided the section",1834,3,Q Entities,Q+,assumed entities
"The cell began with an apostrophe because the line starts with ""+"", ""-"" or ""="" and Excel would otherwise read it as a formula",1841,8,Q Entities,+GOOG,"The cell began with an apostrophe because the line starts with ""+"", ""-"" or ""="" and Excel would otherwise read it as a formula. Not a character Q typed, so it was removed before matching."
"The Final Category cell was empty, so the SHEET decided the section",1841,8,Q Entities,+GOOG,assumed entities
The same line appears twice on one sheet with two different Final Category values — e,1850,46,Q Entities,Ted Poe - Republican,"sheet said entities, cell said claims, applied entities"
"The cell began with an apostrophe because the line starts with ""+"", ""-"" or ""="" and Excel would otherwise read it as a formula",1863,2,Q Entities,@FoxNews,"The cell began with an apostrophe because the line starts with ""+"", ""-"" or ""="" and Excel would otherwise read it as a formula. Not a character Q typed, so it was removed before matching."
"The cell began with an apostrophe because the line starts with ""+"", ""-"" or ""="" and Excel would otherwise read it as a formula",1863,1,Q Entities,@SeanHannity,"The cell began with an apostrophe because the line starts with ""+"", ""-"" or ""="" and Excel would otherwise read it as a formula. Not a character Q typed, so it was removed before matching."
"The cell began with an apostrophe because the line starts with ""+"", ""-"" or ""="" and Excel would otherwise read it as a formula",1863,3,Q Entities,@TheRealRoseanne,"The cell began with an apostrophe because the line starts with ""+"", ""-"" or ""="" and Excel would otherwise read it as a formula. Not a character Q typed, so it was removed before matching."
The same line appears twice on one sheet with two different Final Category values — e,1887,20,Q Entities,Operation Cyclone,"sheet said entities, cell said claims, applied entities"
The same line appears twice on one sheet with two different Final Category values — e,1887,20,Q Entities,Mujahideen,"sheet said entities, cell said claims, applied entities"
"The Final Category cell was empty, so the SHEET decided the section",1935,16,Q Entities,US MILITARY,assumed entities
"The Final Category cell was empty, so the SHEET decided the section",2039,9,Q Entities,Q+,assumed entities
"The cell began with an apostrophe because the line starts with ""+"", ""-"" or ""="" and Excel would otherwise read it as a formula",2075,2,Q Entities,@Jack,"The cell began with an apostrophe because the line starts with ""+"", ""-"" or ""="" and Excel would otherwise read it as a formula. Not a character Q typed, so it was removed before matching."
"The Final Category cell was empty, so the SHEET decided the section",2095,2,Q Entities,Q+,assumed entities
"The Final Category cell was empty, so the SHEET decided the section",2119,18,Q Entities,Q+,assumed entities
"The cell began with an apostrophe because the line starts with ""+"", ""-"" or ""="" and Excel would otherwise read it as a formula",2165,22,Q Entities,+,"The cell began with an apostrophe because the line starts with ""+"", ""-"" or ""="" and Excel would otherwise read it as a formula. Not a character Q typed, so it was removed before matching."
"The Final Category cell was empty, so the SHEET decided the section",2240,2,Q Entities,VIP Patriot,assumed entities
"The Final Category cell was empty, so the SHEET decided the section",2243,2,Q Entities,VIP Patriot,assumed entities
"The Final Category cell was empty, so the SHEET decided the section",2301,3,Q Entities,Q+,assumed entities
"The Final Category cell was empty, so the SHEET decided the section",2308,2,Q Entities,Q+,assumed entities
"The Final Category cell was empty, so the SHEET decided the section",2356,5,Q Entities,Q+,assumed entities
"The Final Category cell was empty, so the SHEET decided the section",2451,6,Q Entities,Q+,assumed entities
"The Final Category cell was empty, so the SHEET decided the section",2452,4,Q Entities,Q+,assumed entities
"The Final Category cell was empty, so the SHEET decided the section",2561,13,Q Entities,MIL INTEL,assumed entities
"The Final Category cell was empty, so the SHEET decided the section",2629,3,Q Entities,Q+,assumed entities
"The Final Category cell was empty, so the SHEET decided the section",2734,1,Q Entities,F-15,assumed entities
"The Final Category cell was empty, so the SHEET decided the section",2758,2,Q Entities,Q+,assumed entities
"The Final Category cell was empty, so the SHEET decided the section",2759,1,Q Entities,Q+,assumed entities
"The cell began with an apostrophe because the line starts with ""+"", ""-"" or ""="" and Excel would otherwise read it as a formula",2767,1,Q Entities,@Snowden,"The cell began with an apostrophe because the line starts with ""+"", ""-"" or ""="" and Excel would otherwise read it as a formula. Not a character Q typed, so it was removed before matching."
"The Final Category cell was empty, so the SHEET decided the section",2885,4,Q Entities,Q+,assumed entities
"The cell began with an apostrophe because the line starts with ""+"", ""-"" or ""="" and Excel would otherwise read it as a formula",3021,2,Q Entities,@Snowden,"The cell began with an apostrophe because the line starts with ""+"", ""-"" or ""="" and Excel would otherwise read it as a formula. Not a character Q typed, so it was removed before matching."
"The Final Category cell was empty, so the SHEET decided the section",3042,5,Q Entities,Q+,assumed entities
"The Final Category cell was empty, so the SHEET decided the section",3074,3,Q Entities,Q+,assumed entities
"The Final Category cell was empty, so the SHEET decided the section",3075,3,Q Entities,Q+,assumed entities
"The cell began with an apostrophe because the line starts with ""+"", ""-"" or ""="" and Excel would otherwise read it as a formula",3108,2,Q Entities,@Jack,"The cell began with an apostrophe because the line starts with ""+"", ""-"" or ""="" and Excel would otherwise read it as a formula. Not a character Q typed, so it was removed before matching."
"The Final Category cell was empty, so the SHEET decided the section",3241,8,Q Entities,GANG OF 8 (INTEL),assumed entities
"The Final Category cell was empty, so the SHEET decided the section",3354,4,Q Entities,H,assumed entities
"The Final Category cell was empty, so the SHEET decided the section",3377,2,Q Entities,Q+,assumed entities
"The Final Category cell was empty, so the SHEET decided the section",3378,2,Q Entities,Q+,assumed entities
"The Final Category cell was empty, so the SHEET decided the section",3383,10,Q Entities,J. Biden,assumed entities
"The Final Category cell was empty, so the SHEET decided the section",3584,5,Q Entities,Project DeepDream,assumed entities
"The cell began with an apostrophe because the line starts with ""+"", ""-"" or ""="" and Excel would otherwise read it as a formula",3691,1,Q Entities,@Snowden,"The cell began with an apostrophe because the line starts with ""+"", ""-"" or ""="" and Excel would otherwise read it as a formula. Not a character Q typed, so it was removed before matching."
"The Final Category cell was empty, so the SHEET decided the section",3730,3,Q Entities,Q+,assumed entities
"The cell began with an apostrophe because the line starts with ""+"", ""-"" or ""="" and Excel would otherwise read it as a formula",3881,7,Q Entities,+Sleepers,"The cell began with an apostrophe because the line starts with ""+"", ""-"" or ""="" and Excel would otherwise read it as a formula. Not a character Q typed, so it was removed before matching."
"The Final Category cell was empty, so the SHEET decided the section",3881,7,Q Entities,+Sleepers,assumed entities
"The Final Category cell was empty, so the SHEET decided the section",4011,3,Q Entities,CROSSFIRE TYPHOON,assumed entities
"The Final Category cell was empty, so the SHEET decided the section",4095,1,Q Entities,Q+,assumed entities
"The cell began with an apostrophe because the line starts with ""+"", ""-"" or ""="" and Excel would otherwise read it as a formula",4346,2,Q Entities,@Jack,"The cell began with an apostrophe because the line starts with ""+"", ""-"" or ""="" and Excel would otherwise read it as a formula. Not a character Q typed, so it was removed before matching."
"The Final Category cell was empty, so the SHEET decided the section",4390,1,Q Entities,Proverbs 13:9,assumed entities
"The Final Category cell was empty, so the SHEET decided the section",4414,9,Q Entities,CASTLE_ROCK,assumed entities
"The cell began with an apostrophe because the line starts with ""+"", ""-"" or ""="" and Excel would otherwise read it as a formula",4715,2,Q Entities,@FBIPortland,"The cell began with an apostrophe because the line starts with ""+"", ""-"" or ""="" and Excel would otherwise read it as a formula. Not a character Q typed, so it was removed before matching."
"The Final Category cell was empty, so the SHEET decided the section",4784,1,Q Entities,Lisa Barsoomian _former Bill Clinton attorney,assumed entities
"The Final Category cell was empty, so the SHEET decided the section",4893,8,Q Entities,Biden?],assumed entities
"The Final Category cell was empty, so the SHEET decided the section",229,1,Q Predictions,RED_RED_,assumed predictions
"The Final Category cell was empty, so the SHEET decided the section",231,5,Q Predictions,RED1_RED2_,assumed predictions
"The Final Category cell was empty, so the SHEET decided the section",232,2,Q Predictions,RED1_RED2_,assumed predictions
"The Final Category cell was empty, so the SHEET decided the section",249,1,Q Predictions,RED_RED,assumed predictions
"The Final Category cell was empty, so the SHEET decided the section",273,3,Q Predictions,D,assumed predictions
"The Final Category cell was empty, so the SHEET decided the section",273,1,Q Predictions,R,assumed predictions
"The Final Category cell was empty, so the SHEET decided the section",395,5,Q Predictions,RED_OCTOBER >,assumed predictions
"The Final Category cell was empty, so the SHEET decided the section",432,6,Q Predictions,RED_OCTOBER>,assumed predictions
"The Final Category cell was empty, so the SHEET decided the section",520,72,Q Predictions,RED_RED_,assumed predictions
"The Final Category cell was empty, so the SHEET decided the section",756,18,Q Predictions,RED_CASTLE_OK,assumed predictions
"The Final Category cell was empty, so the SHEET decided the section",756,17,Q Predictions,RED_RED_OK,assumed predictions
"The Final Category cell was empty, so the SHEET decided the section",844,1,Q Predictions,BOOM,assumed predictions
"The Final Category cell was empty, so the SHEET decided the section",844,2,Q Predictions,BOOM,assumed predictions
"The Final Category cell was empty, so the SHEET decided the section",844,3,Q Predictions,BOOM,assumed predictions
"The Final Category cell was empty, so the SHEET decided the section",844,4,Q Predictions,BOOM,assumed predictions
The same line appeared twice with the same destination,1439,9,Q Predictions,DECLAS_,The same line appeared twice with the same destination. Certified once.
The same line appeared twice with the same destination,1443,3,Q Predictions,DECLAS_Public,The same line appeared twice with the same destination. Certified once.
"The Final Category cell was empty, so the SHEET decided the section",1468,2,Q Predictions,4 points / 4 booms,assumed predictions
"The Final Category cell was empty, so the SHEET decided the section",1468,3,Q Predictions,Dark to Light 1:07,assumed predictions
"The Final Category cell was empty, so the SHEET decided the section",1846,2,Q Predictions,BOOM,assumed predictions
"The Final Category cell was empty, so the SHEET decided the section",1846,3,Q Predictions,BOOM,assumed predictions
"The Final Category cell was empty, so the SHEET decided the section",1846,4,Q Predictions,BOOM,assumed predictions
"The Final Category cell was empty, so the SHEET decided the section",1846,5,Q Predictions,BOOM,assumed predictions
"The Final Category cell was empty, so the SHEET decided the section",1855,2,Q Predictions,BOOM,assumed predictions
"The Final Category cell was empty, so the SHEET decided the section",1855,3,Q Predictions,BOOM,assumed predictions
"The Final Category cell was empty, so the SHEET decided the section",1855,4,Q Predictions,BOOM,assumed predictions
"The Final Category cell was empty, so the SHEET decided the section",1855,5,Q Predictions,BOOM,assumed predictions
"The Final Category cell was empty, so the SHEET decided the section",2287,1,Q Predictions,RED OCTOBER>>>,assumed predictions
"The Final Category cell was empty, so the SHEET decided the section",2298,17,Q Predictions,RED OCTOBER,assumed predictions
"The Final Category cell was empty, so the SHEET decided the section",2300,3,Q Predictions,D,assumed predictions
"The Final Category cell was empty, so the SHEET decided the section",2300,1,Q Predictions,R,assumed predictions
"The Final Category cell was empty, so the SHEET decided the section",2300,2,Q Predictions,RED OCTOBER,assumed predictions
"The Final Category cell was empty, so the SHEET decided the section",2301,1,Q Predictions,RED OCTOBER,assumed predictions
"The Final Category cell was empty, so the SHEET decided the section",2318,1,Q Predictions,53-47,assumed predictions
"The Final Category cell was empty, so the SHEET decided the section",2350,11,Q Predictions,RED_OCTOBER,assumed predictions
"The Final Category cell was empty, so the SHEET decided the section",2352,8,Q Predictions,BOOM,assumed predictions
"The Final Category cell was empty, so the SHEET decided the section",2352,9,Q Predictions,BOOM,assumed predictions
"The Final Category cell was empty, so the SHEET decided the section",2352,10,Q Predictions,BOOM,assumed predictions
"The Final Category cell was empty, so the SHEET decided the section",2352,11,Q Predictions,BOOM,assumed predictions
"The Final Category cell was empty, so the SHEET decided the section",2377,2,Q Predictions,BOOM,assumed predictions
"The Final Category cell was empty, so the SHEET decided the section",2377,3,Q Predictions,BOOM,assumed predictions
"The Final Category cell was empty, so the SHEET decided the section",2377,4,Q Predictions,BOOM,assumed predictions
"The Final Category cell was empty, so the SHEET decided the section",2377,5,Q Predictions,BOOM,assumed predictions
"The Final Category cell was empty, so the SHEET decided the section",2381,57,Q Predictions,52-47,assumed predictions
"The Final Category cell was empty, so the SHEET decided the section",2461,10,Q Predictions,P—A—I—N,assumed predictions
"The Final Category cell was empty, so the SHEET decided the section",2493,1,Q Predictions,53-47,assumed predictions
"The Final Category cell was empty, so the SHEET decided the section",2499,8,Q Predictions,EXTREME PANIC IN [DC],assumed predictions
"The Final Category cell was empty, so the SHEET decided the section",2671,5,Q Predictions,53-47,assumed predictions
"The Final Category cell was empty, so the SHEET decided the section",2681,26,Q Predictions,-Red/Green Castle per orig plan,assumed predictions
"The Final Category cell was empty, so the SHEET decided the section",2681,22,Q Predictions,-Public Awakening,assumed predictions
"The Final Category cell was empty, so the SHEET decided the section",3004,3,Q Predictions,52-47,assumed predictions
"The Final Category cell was empty, so the SHEET decided the section",3036,11,Q Predictions,54-45,assumed predictions
"The Final Category cell was empty, so the SHEET decided the section",3110,1,Q Predictions,'STRIKE',assumed predictions
"The Final Category cell was empty, so the SHEET decided the section",3395,4,Q Predictions,1+1 = 2,assumed predictions
"The Final Category cell was empty, so the SHEET decided the section",3533,3,Q Predictions,53-47,assumed predictions
"The Final Category cell was empty, so the SHEET decided the section",3560,1,Q Predictions,News unlocks…,assumed predictions
"The Final Category cell was empty, so the SHEET decided the section",3750,3,Q Predictions,2 + 2 = 4,assumed predictions
"The Final Category cell was empty, so the SHEET decided the section",3868,8,Q Predictions,1 + 1 = 2,assumed predictions
"The Final Category cell was empty, so the SHEET decided the section",4162,1,Q Predictions,1 + 1 = 2,assumed predictions
"The Final Category cell was empty, so the SHEET decided the section",4294,2,Q Predictions,DEM–PANIC,assumed predictions
"The Final Category cell was empty, so the SHEET decided the section",4414,3,Q Predictions,RED2: Central communications blackout [continental US],assumed predictions
The same line appeared twice with the same destination,4722,7,Q Predictions,Fires,The same line appeared twice with the same destination. Certified once.
The same line appeared twice with the same destination,4722,7,Q Predictions,Fires,The same line appeared twice with the same destination. Certified once.
"The cell began with an apostrophe because the line starts with ""+"", ""-"" or ""="" and Excel would otherwise read it as a formula",1532,1,URL,@2:20 https://ftw.usatoday.com/2018/03/saturday-night-live-charles-barkley-alex-rodriguez-the-champions-sketch,"The cell began with an apostrophe because the line starts with ""+"", ""-"" or ""="" and Excel would otherwise read it as a formula. Not a character Q typed, so it was removed before matching."
"The Final Category cell was empty, so the SHEET decided the section",155,3,Q Directives,Bunker Apple Yellow Sky [… + 1],assumed directives
"The Final Category cell was empty, so the SHEET decided the section",175,5,Q Directives,Bunker Apple Yellow Sky [… + 1],assumed directives
"The Final Category cell was empty, so the SHEET decided the section",302,3,Q Directives,—end—,assumed directives
"The Final Category cell was empty, so the SHEET decided the section",472,2,Q Directives,_END_,assumed directives
"The Final Category cell was empty, so the SHEET decided the section",506,13,Q Directives,Feel privileged - POTUS just spoke to this board [P_pers],assumed directives
"The Final Category cell was empty, so the SHEET decided the section",557,1,Q Directives,_The_Floor_is_Yours_,assumed directives
"The Final Category cell was empty, so the SHEET decided the section",757,1,Q Directives,WARNING_EU_,assumed directives
"The Final Category cell was empty, so the SHEET decided the section",757,4,Q Directives,WARNING_UK_IMM_CHATTER_,assumed directives
"The Final Category cell was empty, so the SHEET decided the section",785,1,Q Directives,WARNING_UK_,assumed directives
"The Final Category cell was empty, so the SHEET decided the section",785,4,Q Directives,WARNING_UK_IMM_CHATTER_,assumed directives
"The Final Category cell was empty, so the SHEET decided the section",1480,2,Q Directives,Approval 58203-JX,assumed directives
"The Final Category cell was empty, so the SHEET decided the section",1830,2,Q Directives,(888) 373-7888,assumed directives
"The Final Category cell was empty, so the SHEET decided the section",1964,2,Q Directives,A little perspective…,assumed directives
"The Final Category cell was empty, so the SHEET decided the section",2262,2,Q Directives,202-456-1414,assumed directives
"The Final Category cell was empty, so the SHEET decided the section",2300,16,Q Directives,1-800-273-8255,assumed directives
"The Final Category cell was empty, so the SHEET decided the section",2415,3,Q Directives,——————————–End,assumed directives
"The Final Category cell was empty, so the SHEET decided the section",2682,34,Q Directives,'Group-Think',assumed directives
"The Final Category cell was empty, so the SHEET decided the section",2962,1,Q Directives,Protect_MGL,assumed directives
"The Final Category cell was empty, so the SHEET decided the section",3170,2,Q Directives,MAYday,assumed directives
"The Final Category cell was empty, so the SHEET decided the section",3170,3,Q Directives,MAYday,assumed directives
"The Final Category cell was empty, so the SHEET decided the section",3170,4,Q Directives,MAYday,assumed directives
"The Final Category cell was empty, so the SHEET decided the section",3222,18,Q Directives,End_of_Topic,assumed directives
"The Final Category cell was empty, so the SHEET decided the section",3588,11,Q Directives,Ask yourself a very basic question – why is the ‘forum’ where [drops] are made under constant attack?,assumed directives
"The Final Category cell was empty, so the SHEET decided the section",3588,10,Q Directives,"Ask yourself a very basic question – would the FAKE NEWS complex [NYT, WASHPOST, NBC, ABC, BBC, ………………………………………………………….] attack us if we weren’t a ‘real’ threat?",assumed directives
"The Final Category cell was empty, so the SHEET decided the section",3606,2,Q Directives,-END-,assumed directives
"The Final Category cell was empty, so the SHEET decided the section",3692,1,Q Directives,212-397-2255,assumed directives
"The Final Category cell was empty, so the SHEET decided the section",3881,3,Q Directives,Think: re: why [no] arrests (justice) yet?,assumed directives
"The Final Category cell was empty, so the SHEET decided the section",4337,11,Q Directives,Ask yourself a very simple question - was it known [common sense and [early] medical reports] elderly community most at risk?,assumed directives
"The Final Category cell was empty, so the SHEET decided the section",4437,2,Q Directives,find('input.js-password-field').set(ENV['TWITTER_PASSWORD']) click_on('Log in') end,assumed directives
"The Final Category cell was empty, so the SHEET decided the section",4891,6,Q Questions,Why would H.,assumed questions
"The Final Category cell was empty, so the SHEET decided the section",2072,13,Q Questions,"But… interestingly, if nothing is being done behind the scenes, why are there 50,000+ sealed indictments across the US [what % = USA v. X?]?",assumed questions
"The Final Category cell was empty, so the SHEET decided the section",2211,44,Q Questions,"But… interestingly, if nothing is being done behind the scenes, why are there 50,000+ sealed indictments across the US [what % = USA v. X?]? ",assumed questions
"The Final Category cell was empty, so the SHEET decided the section",4738,4,Q Questions,What role will select military inserts play [the 'bribe']? [playbook known],assumed questions
