Theme anchor,Post,The text,What else covers it
- THE ANCHORS THAT DO THIS MOST -,,,
WWG1WGA,166 spans,,
MSM,132 spans,,
FAKE NEWS,124 spans,,
FISA,116 spans,,
God bless,113 spans,,
DECLAS,72 spans,,
Central Bank,70 spans,,
Anons,66 spans,,
impeachment,40 spans,,
COVID,37 spans,,
GOD BLESS,33 spans,,
Anon,31 spans,,
IG report,26 spans,,
"Senator McCain and others roundly criticized Rep. Michele Bachmann in 2012 when she and four members of the House Permanent Select Committee Intelligence and the House Judiciary Committee cited Ms. Abedin in letters sent to the Inspectors General of the Department of Defense, Department of State, Department of Justice, Department of Homeland Security, and the Office of the Director of National Intelligence, warning about Muslim Brotherhood infiltration of the United States government.",25 spans,,
armor of God,22 spans,,
THE GREAT AWAKENING,21 spans,,
The Great Awakening,21 spans,,
IMPEACH,20 spans,,
Armor of God,18 spans,,
Censorship,17 spans,,
censorship,16 spans,,
administration,16 spans,,
Baker,16 spans,,
Impeachment,16 spans,,
Fake News,15 spans,,
No Such Agency,15 spans,,
"Godspeed, Patriot.",15 spans,,
FVEY,15 spans,,
"Godspeed, Patriots.",15 spans,,
indictments,14 spans,,
,,,
- EVERY SPAN -,,,
extradition,1,extradition,claim
riots,1,riots,prediction
These people worship Satan _ some openly show it.,10,These people worship ,claim
These people worship Satan _ some openly show it.,10,Satan,namedEntity+claim
These people worship Satan _ some openly show it.,10, _ some openly show it.,claim
Satan.,100,Satan,namedEntity
MSM,1008,MSM,claim
investigation into,1008,investigation into,question
investigation into,1008,investigation into,question
investigation into,1008,investigation into,question
VACCINES,1010,VACCINES,claim
pray for,1012,pray for,claim
Godspeed.,102,Godspeed.,request
List the estimated wealth of religious organizations.,1021,List the estimated wealth of religious organizations.,question+request
WWG1WGA,1025,WWG1WGA,request
God bless,1025,God,request+namedEntity
God bless,1025, bless,request
Pray.,1027,Pray.,request
Thank you for your prayers.,1029,Thank you for your prayers.,request
Godspeed.,103,Godspeed.,request
Pray.,1030,Pray.,request
God bless,104,God,request+namedEntity
God bless,104, bless,request
MSM,1044,MSM,claim
Connect via past religious leaders (re: Hussein).,1048,Connect via past religious leaders (re: ,request
Connect via past religious leaders (re: Hussein).,1048,Hussein,request+namedEntity
Connect via past religious leaders (re: Hussein).,1048,).,request
Please pray.,105,Please pray.,request
God bless,106,God,request+namedEntity
God bless,106, bless,request
Pray.,1068,Pray.,request
May God also grant all of us the wisdom to ask what concrete steps we can take to reduce the violence and weaponry in our midst.,107,May ,request
May God also grant all of us the wisdom to ask what concrete steps we can take to reduce the violence and weaponry in our midst.,107,God,request+namedEntity
May God also grant all of us the wisdom to ask what concrete steps we can take to reduce the violence and weaponry in our midst.,107, also grant all of us the wisdom to ask what concrete steps we can take to reduce the violence and weaponry in our midst,request
anon,1070,anon,claim
Fake News,1074,Fake News,claim
MSM,1075,MSM,claim
Anon,108,Anon,claim
MSM,1085,MSM,question
Amen,109,Amen,claim
God bless,1093,God,request+namedEntity
God bless,1093, bless,request
Military Intelligence,11,Military Intelligence,namedEntity+claim
MSM,110,MSM,namedEntity
Who is arranging the PRIVATE meetings?,1100,Who is arranging the PRIVATE meetings?,question
censorship,1100,censorship,claim
CENSORING,1102,CENSORING,claim
algorithm,1104,algorithm,claim
administration,1129,administration,url
administration,1129,administration,claim+url
MSM,113,MSM,namedEntity
God save us all.,114,God,request+namedEntity
God save us all.,114, save ,request
God save us all.,114,us,request+namedEntity
God save us all.,114, all.,request
Supreme Court,1148,Supreme Court,namedEntity+claim
Supreme Court,1153,Supreme Court,namedEntity+claim
Supreme Court,1155,Supreme Court,request+namedEntity
Supreme Court,1161,Supreme Court,namedEntity+claim
Five Eyes,1164,Five Eyes,request+namedEntity
Five Eyes,1164,Five Eyes,namedEntity+claim
What church did BO attend as pre-POTUS?,117,What church did ,question
What church did BO attend as pre-POTUS?,117,BO,question+namedEntity
What church did BO attend as pre-POTUS?,117, attend as pre-,question
What church did BO attend as pre-POTUS?,117,POTUS,question+namedEntity
What church did BO attend as pre-POTUS?,117,?,question
FOIA,117,FOIA,question
money laundering,117,money laundering,question
God Bless,1171,God,namedEntity
Good vs Evil,1176,Good vs Evil,claim
MSM,1179,MSM,question
human trafficking,118,human trafficking,question
money laundering,118,money laundering,question
MSM,118,MSM,question
WWG1WGA,1183,WWG1WGA,claim
slush fund,119,slush fund,question
MSM,120,MSM,question
MSM,120,MSM,question
MSM,120,MSM,question
MSM,120,MSM,question
unmask,120,unmask,question
declassify_speech_Jap_11_5,121,declassify_speech_Jap_11_5,claim
God save us.,121,God,request+namedEntity
God save us.,121, save ,request
God save us.,121,us,request+namedEntity
God save us.,121,.,request
FAKE NEWS,1218,FAKE NEWS,request
Pray.,122,Pray.,request
talking points,1221,talking points,question
WWG1WGA,1227,WWG1WGA,request
The process of settlement is a ‘Civilization-Jihadist Process’ with all the word means.,1237,The process of settlement is a ‘Civilization-Jihadist Process’ with all the word means.,claim
kickback,1241,kickback,question+request
slush fund,1241,slush fund,question+request
protests,1242,protests,url
WWG1WGA,1245,WWG1WGA,request
activist,1252,activist,question
MSM,1252,MSM,claim
No Such Agency,1266,No Such Agency,namedEntity
WWG1WGA,1266,WWG1WGA,request
MSM,1269,MSM,question
censoring,1269,censoring,question
THE GREAT AWAKENING,1269,THE GREAT AWAKENING,claim
special counsel,1273,special counsel,question
voter fraud,1286,voter fraud,claim
impeached,1287,impeached,question
indicted,1287,indicted,question
Baker,1288,Baker,namedEntity+claim
"Godspeed, Patriot.",1291,"Godspeed, ",request
"Godspeed, Patriot.",1291,Patriot,request+namedEntity
"Godspeed, Patriot.",1291,.,request
"Godspeed, Patriot(s).",1294,"Godspeed, ",request
"Godspeed, Patriot(s).",1294,Patriot,request+namedEntity
"Godspeed, Patriot(s).",1294,(s).,request
God bless,1295,God,request+namedEntity
God bless,1295, bless,request
Bakers,1296,Bakers,request+namedEntity
WWG1WGA,1297,WWG1WGA,request
God bless,13,God,namedEntity+claim
God bless,13, bless,claim
deCLAS,1307,deCLAS,claim
Baker,1316,Baker,namedEntity+claim
National Security,1316,National Security,claim
National Security,1316,National Security,claim
FAKE NEWS,1316,FAKE NEWS,question
grand jury,1318,grand jury,question+namedEntity
Impeachment,1318,Impeachment,question
MSM,1319,MSM,request
WWG1WGA,1319,WWG1WGA,request
sanctions,1320,sanctions,prediction
impeachment,1320,impeachment,claim
qresearch,1323,qresearch,claim
WWG1WGA,1328,WWG1WGA,request
Does Satan exist?,133,Does ,question
Does Satan exist?,133,Satan,question+namedEntity
Does Satan exist?,133, exist?,question
Epstein island,133,Epstein,namedEntity
Epstein island,133, island,namedEntity
WWG1WGA,1332,WWG1WGA,request
FVEY,1336,FVEY,namedEntity
FVEY,1336,FVEY,namedEntity+claim
algorithm,1337,algorithm,bracketCode
WWG1WGA,1343,WWG1WGA,request
bribe,1345,bribe,question+request
bribe,1345,bribe,question+request
Anons,1347,Anons,claim
"Godspeed, Patriot.",1349,"Godspeed, ",request
"Godspeed, Patriot.",1349,Patriot,request+namedEntity
"Godspeed, Patriot.",1349,.,request
Central Bank,135,Central Bank,namedEntity
Central Bank,135,Central Bank,namedEntity
Central Bank,135,Central Bank,namedEntity
Central Bank,135,Central Bank,namedEntity
Central Bank,135,Central Bank,namedEntity
Central Bank,135,Central Bank,namedEntity
Central Bank,135,Central Bank,namedEntity
Central Bank,135,Central Bank,namedEntity
Central Bank,135,Central Bank,namedEntity
Central Bank,135,Central Bank,namedEntity
Central Bank,135,Central Bank,namedEntity
Central Bank,135,Central Bank,namedEntity
Central Bank,135,Central Bank,namedEntity
God bless,1350,God,namedEntity
indictments,1351,indictments,claim
indictments,1351,indictments,question
Anon,1353,Anon,claim
God bless,1358,God,request+namedEntity
God bless,1358, bless,request
Fake News,1359,Fake News,claim
Central Bank,136,Central Bank,namedEntity
Central Bank,136,Central Bank,namedEntity
Central Bank,136,Central Bank,namedEntity
Central Bank,136,Central Bank,namedEntity
Central Bank,136,Central Bank,namedEntity
Central Bank,136,Central Bank,namedEntity
Central Bank,136,Central Bank,namedEntity
Central Bank,136,Central Bank,namedEntity
Central Bank,136,Central Bank,namedEntity
Central Bank,136,Central Bank,namedEntity
Central Bank,136,Central Bank,namedEntity
Central Bank,136,Central Bank,namedEntity
Central Bank,136,Central Bank,namedEntity
Central Bank,136,Central Bank,namedEntity
Central Bank,136,Central Bank,namedEntity
Central Bank,136,Central Bank,namedEntity
Iran: The Central Bank of the Islamic Republic of Iran,136,Iran,namedEntity
Iran: The Central Bank of the Islamic Republic of Iran,136,The ,namedEntity
Central Bank,136,Central Bank,namedEntity
Iran: The Central Bank of the Islamic Republic of Iran,136, of the Islamic Republic of ,namedEntity
Iran: The Central Bank of the Islamic Republic of Iran,136,Iran,namedEntity
WWG1WGA,1362,WWG1WGA,request
Central Bank,137,Central Bank,namedEntity
Central Bank,137,Central Bank,namedEntity
Central Bank,137,Central Bank,namedEntity
Central Bank,137,Central Bank,namedEntity
Central Bank,137,Central Bank,namedEntity
Central Bank,137,Central Bank,namedEntity
Central Bank,137,Central Bank,namedEntity
Central Bank,137,Central Bank,namedEntity
Central Bank,137,Central Bank,namedEntity
Central Bank,137,Central Bank,namedEntity
Central Bank,137,Central Bank,namedEntity
Central Bank,137,Central Bank,namedEntity
Central Bank,137,Central Bank,namedEntity
Central Bank,137,Central Bank,namedEntity
Central Bank,137,Central Bank,namedEntity
Central Bank,137,Central Bank,namedEntity
Central Bank,137,Central Bank,namedEntity
Central Bank,137,Central Bank,namedEntity
Central Bank,137,Central Bank,namedEntity
Central Bank,137,Central Bank,namedEntity
Central Bank,137,Central Bank,namedEntity
WWG1WGA,1375,WWG1WGA,request
"Godspeed, Patriot.",1376,"Godspeed, ",request
"Godspeed, Patriot.",1376,Patriot,request+namedEntity
"Godspeed, Patriot.",1376,.,request
Narrative Control,1378,Narrative Control,bracketCode
Central Bank,138,Central Bank,namedEntity
Central Bank,138,Central Bank,namedEntity
Central Bank,138,Central Bank,namedEntity
Central Bank,138,Central Bank,namedEntity
Central Bank,138,Central Bank,namedEntity
Central Bank,138,Central Bank,namedEntity
Central Bank,138,Central Bank,namedEntity
Central Bank,138,Central Bank,namedEntity
Central Bank,138,Central Bank,namedEntity
Central Bank,138,Central Bank,namedEntity
Central Bank,138,Central Bank,namedEntity
Central Bank,138,Central Bank,namedEntity
Central Bank,138,Central Bank,namedEntity
Central Bank,138,Central Bank,namedEntity
Central Bank,138,Central Bank,namedEntity
Central Bank,138,Central Bank,namedEntity
Central Bank,138,Central Bank,namedEntity
Central Bank,138,Central Bank,namedEntity
No Such Agency,1380,No Such Agency,namedEntity+claim
WWG1WGA,1381,WWG1WGA,request
Anon,1393,Anon,claim
Military Intelligence,14,Military Intelligence,namedEntity
No Such Agency,140,No Such Agency,question+namedEntity
The Great Awakening,140,The Great Awakening,claim
God Bless,1401,God,request+namedEntity
God Bless,1401, Bless,request
Anon,1408,Anon,claim
God bless,141,God,request+namedEntity
God bless,141, bless,request
Guardian of the Pope.,1413,Guardian of the ,claim
Guardian of the Pope.,1413,Pope,namedEntity+claim
Guardian of the Pope.,1413,.,claim
WWII,142,WWII,question
MSM,1425,MSM,prediction
Anons,1430,Anons,claim
armor of God,1432,armor of ,request
armor of God,1432,God,request+namedEntity
armor of God,1432,armor of ,request
armor of God,1432,God,request+namedEntity
DECLAS_,1439,DECLAS_,prediction
No Such Agency,144,No Such Agency,question+namedEntity
MSM,144,MSM,question
MSM,144,MSM,claim
What council do the Wizards & Warlocks control?,144,What council do the Wizards & Warlocks control?,question
DECLAS_Public,1443,DECLAS_Public,prediction
GOOD vs. EVIL,1443,GOOD vs.,claim
GOOD vs. EVIL,1443,EVIL,claim
Pray.,145,Pray.,request
IG report,1453,IG,question+namedEntity
IG report,1453, report,question
DECLAS,1453,DECLAS,question
sanctions,1454,sanctions,claim
MSM,1454,MSM,claim
Biblical.,1455,Biblical.,prediction
FVEY,1458,FVEY,namedEntity+claim
Pray.,146,Pray.,request
Summit,1465,Summit,question
God be with us all.,147,God,namedEntity+claim
God be with us all.,147, be with us all.,claim
GODSPEED ONE AND ALL.,1475,GODSPEED ONE AND ALL.,request
Godspeed.,148,Godspeed.,request
Anons,1487,Anons,request
MSM,1489,MSM,claim
MSM,1489,MSM,claim+bracketCode
WWG1WGA,1489,WWG1WGA,request
SENTENCE,1492,SENTENCE,request
IMPEACH,1492,IMPEACH,claim
GOD SAVE US.,1493,GOD,request+namedEntity
GOD SAVE US.,1493, SAVE ,request
GOD SAVE US.,1493,US,request+namedEntity
GOD SAVE US.,1493,.,request
DECLAS,1494,DECLAS,claim
MSM,1494,MSM,claim
PUBLIC OPINION,1494,PUBLIC OPINION,prediction
"We hold these truths to be self-evident, that all men are created equal, that they are endowed by their Creator with certain unalienable Rights, that among these are Life, Liberty and the pursuit of Happiness.–That to secure these rights, Governments are instituted among Men, deriving their just powers from the consent of the governed, –That whenever any Form of Government becomes destructive of these ends, it is the Right of the People to alter or to abolish it, and to institute new Government, laying its foundation on such principles and organizing its powers in such form, as to them shall seem most likely to effect their Safety and Happiness.",1495,"We hold these truths to be self-evident, that all men are created equal, that they are endowed by their Creator with cer",claim
DECLAS,1496,DECLAS,question
impeachment,1496,impeachment,claim
FISA,1498,FISA,namedEntity+claim
The wizards and warlocks (inside term) will not allow another Satanic Evil POS control our country.,15,The wizards and warlocks (inside term) will not allow another Satanic Evil POS control our country.,prediction
indicted,15,indicted,claim
indicted,15,indicted,claim
IG report,1504,IG,question+namedEntity
IG report,1504, report,question
convicting,1504,convicting,request
convicting,1504,convicting,request
indictments,151,indictments,question
IG report,1510,IG,namedEntity+claim
IG report,1510, report,claim
IG report,1512,IG,request+namedEntity
IG report,1512, report,request
Grand jury,1515,Grand jury,question+namedEntity
Anon,1518,Anon,claim
WWG1WGA,1519,WWG1WGA,request
God bless,1526,God,namedEntity
Perhaps he could not stomach the thought of mass murders occurring to satisfy Moloch?,153,Perhaps he could not stomach the thought of mass murders occurring to satisfy Moloch?,question
MSM,153,MSM,question
unsealed,1538,unsealed,question
slush fund,1538,slush fund,claim+bracketCode
WWI,154,WWI,question
Anons,1545,Anons,claim
DECLAS,1547,DECLAS,question
Godspeed.,155,Godspeed.,request
IG report,1552,IG,question+namedEntity
IG report,1552, report,question
IG report,1552,IG,namedEntity+claim
IG report,1552, report,claim
indictments,1553,indictments,claim
administration,1553,administration,claim
DECLAS,1559,DECLAS,claim
IG report,1563,IG,namedEntity+claim
IG report,1563, report,claim
God bless,1569,God,request+namedEntity
God bless,1569, bless,request
MSM,157,MSM,question
MSM,157,MSM,question
MSM,157,MSM,question
MSM,157,MSM,question
MSM,157,MSM,question
MSM,157,MSM,question
MSM,157,MSM,question
MSM,157,MSM,question
MSM,157,MSM,question
MSM,157,MSM,question
censorship,157,censorship,question+request
censorship,157,censorship,question+request
talking points,1570,talking points,claim
IG report,1570,IG,namedEntity+claim
IG report,1570, report,claim
WWG1WGA,1576,WWG1WGA,request
WWG1WGA,1577,WWG1WGA,request
MSM,158,MSM,question
MSM,158,MSM,question
No Such Agency,158,No Such Agency,namedEntity
The Great Awakening,158,The Great Awakening,claim
God bless,1583,God,request+namedEntity
God bless,1583, bless,request
riots,1585,riots,claim
MSM,1585,MSM,claim
Censorship,1585,Censorship,claim
impeachment,1589,impeachment,claim
assassination,1589,assassination,question
activists,1589,activists,claim
FISA,1589,FISA,namedEntity
MSM,1589,MSM,prediction
activists,1589,activists,prediction
legislation,16,legislation,claim
WWG1WGA,1601,WWG1WGA,request
DECLAS,1602,DECLAS,prediction
IN GOD WE TRUST.,1602,GOD,namedEntity
God bless,1604,God,request+namedEntity
God bless,1604, bless,request
Administration,1605,Administration,claim
MSM,1609,MSM,claim
IMPEACH,1609,IMPEACH,claim
IMPEACH,1609,IMPEACH,claim
IMPEACH,1609,IMPEACH,claim
IMPEACH,1609,IMPEACH,claim
IMPEACH,1609,IMPEACH,claim
IMPEACH,1609,IMPEACH,claim
IMPEACH,1609,IMPEACH,claim
IMPEACH,1609,IMPEACH,claim
IMPEACH,1609,IMPEACH,claim
IMPEACH,1609,IMPEACH,claim
IMPEACH,1609,IMPEACH,claim
IMPEACH,1609,IMPEACH,claim
IMPEACH,1609,IMPEACH,claim
IMPEACH,1609,IMPEACH,claim
IMPEACH,1609,IMPEACH,claim
IMPEACH,1609,IMPEACH,claim
IMPEACH,1609,IMPEACH,claim
IMPEACH,1609,IMPEACH,claim
WWG1WGA,1609,WWG1WGA,request
WWG1WGA,1621,WWG1WGA,request
summit,1626,summit,prediction
MSM,1626,MSM,prediction
Why are Freemasons on the scene of most shooting locations?,1630,Why are ,question
Why are Freemasons on the scene of most shooting locations?,1630,Freemasons,question+namedEntity
Why are Freemasons on the scene of most shooting locations?,1630, on the scene of most shooting locations?,question
Find paper articles re: Freemasons.,1633,Find paper articles re: ,request
Find paper articles re: Freemasons.,1633,Freemasons,request+namedEntity
Find paper articles re: Freemasons.,1633,.,request
FAKE NEWS,1637,FAKE NEWS,claim
MSM,1641,MSM,claim
WWG1WGA,1645,WWG1WGA,request
IMPEACHMENT,1646,IMPEACHMENT,question
RIOTS,1646,RIOTS,question
GOD BLESS,1646,GOD,request+namedEntity
GOD BLESS,1646, BLESS,request
GOD BLESS,1646,GOD,request+namedEntity
GOD BLESS,1646, BLESS,request
MSM,165,MSM,question
indictments,1659,indictments,question
MSM,166,MSM,question
indictments,1660,indictments,request
Media BLACKOUT,1660,Media BLACKOUT,claim
MSM,1664,MSM,claim
MSM,1664,MSM,claim
WWG1WGA,1665,WWG1WGA,request
Five Eyes,1666,Five Eyes,namedEntity+claim
Fake news,1670,Fake news,claim
IG report,1671,IG,namedEntity+claim
IG report,1671, report,claim
NATIONAL SECURITY,1671,NATIONAL SECURITY,request
National Security,1673,National Security,claim
Fake news,1682,Fake news,claim
FOIA,1686,FOIA,question+namedEntity
FISA,1686,FISA,question+namedEntity
FISA,1686,FISA,namedEntity+bracketCode
FOIA,1686,FOIA,question+namedEntity
FISA,1686,FISA,question+namedEntity
WWG1WGA,1686,WWG1WGA,request
FAKE NEWS,1688,FAKE NEWS,namedEntity+claim
God bless,1691,God,request+namedEntity
God bless,1691, bless,request
"To all Americans, please pray.",1699,"To all Americans, please pray.",request
MSM,17,MSM,claim
MSM,1702,MSM,claim
impeachment,1711,impeachment,question
FISA,1724,FISA,namedEntity+bracketCode
MSM,1728,MSM,question
God bless,1735,God,request+namedEntity
God bless,1735, bless,request
FISA,1743,FISA,question+namedEntity
FISA,1745,FISA,namedEntity+claim
FISA,1745,FISA,namedEntity+claim
FISA,1745,FISA,namedEntity+claim
FISA,1745,FISA,namedEntity+claim
MSM,1745,MSM,claim
FISA,1745,FISA,namedEntity+claim
MSM,1745,MSM,claim
FISA,1745,FISA,namedEntity+claim
MSM,1745,MSM,claim
FISA,1745,FISA,namedEntity+claim
FOIA,1745,FOIA,claim
FISA,1745,FISA,namedEntity+claim
FISA,1745,FISA,namedEntity+claim
MSM,1746,MSM,claim
INDICTMENTS,1746,INDICTMENTS,question
DEFCON,1746,DEFCON,question
WWG1WGA,1749,WWG1WGA,request
MSM,1750,MSM,claim
FISA,1753,FISA,namedEntity+claim
MSM,1753,MSM,claim
MSM,1756,MSM,bracketCode
WWG1WGA,1761,WWG1WGA,request
FISA,1764,FISA,request+namedEntity
Anons,1769,Anons,request
MSM,1770,MSM,question
MSM,1770,MSM,question
Unsealed,1772,Unsealed,claim
indictment,1772,indictment,claim
WWG1WGA,1775,WWG1WGA,request
God bless,1783,God,request+namedEntity
God bless,1783, bless,request
WWG1WGA,1783,WWG1WGA,request
MSM,1785,MSM,question
The Great Awakening,1786,The Great Awakening,claim
MSM,1790,MSM,question
MSM,1791,MSM,question
FISA,1794,FISA,namedEntity
FISA,1794,FISA,namedEntity
FISA,1794,FISA,namedEntity
MSM,1794,MSM,claim
Fake News,1796,Fake News,claim
FAKE NEWS,1797,FAKE NEWS,question
special counsel,18,special counsel,question
Chain of Command,1807,Chain of Command,claim
Baker,1807,Baker,namedEntity+claim
Special Counsel,1807,Special Counsel,claim
"Godspeed, Patriot.",181,"Godspeed, ",request
"Godspeed, Patriot.",181,Patriot,request+namedEntity
"Godspeed, Patriot.",181,.,request
MSM,1814,MSM,bracketCode
FISA,1816,FISA,namedEntity
FISA,1816,FISA,namedEntity
FISA,1816,FISA,namedEntity
WWG1WGA,1816,WWG1WGA,request
Fake News,1822,Fake News,bracketCode
Fake News,1822,Fake News,question
Fake News,1822,Fake News,claim
Fake News,1822,FAKE NEWS,namedEntity+claim
Fake News,1822,FAKE NEWS,namedEntity+claim
DIVIDED by RELIGION.,1822,DIVIDED by RELIGION.,claim
Fake News,1822,FAKE NEWS,namedEntity
indictments,1822,indictments,request
WATERGATE,1822,WATERGATE,namedEntity
sentence,1826,sentence,url
impeachment,1826,impeachment,url
impeachment,1826,impeachment,url
impeachment,1826,impeachment,url
impeachment,1826,impeachment,url
impeachment,1826,impeachment,url
FAKE NEWS,1828,FAKE NEWS,claim+bracketCode
supreme court,1828,supreme court,namedEntity+claim
Watergate,1831,Watergate,request+namedEntity
WWG1WGA,1831,WWG1WGA,request
HOW MANY IN WASHINGTON AND THOSE AROUND THE WORLD (IN POWER) WORSHIP THE DEVIL?,1832,HOW MANY IN ,question
HOW MANY IN WASHINGTON AND THOSE AROUND THE WORLD (IN POWER) WORSHIP THE DEVIL?,1832,WASHINGTON,question+namedEntity
HOW MANY IN WASHINGTON AND THOSE AROUND THE WORLD (IN POWER) WORSHIP THE DEVIL?,1832, AND THOSE AROUND THE WORLD (IN POWER) WORSHIP THE DEVIL?,question
Fake News,1832,Fake News,question
voter fraud,1833,voter fraud,claim
FAKE NEWS,1841,FAKE NEWS,claim
impeach,1850,impeach,url
pedophilia,1851,pedophilia,url
administration,1856,administration,question
FAKE NEWS,1856,FAKE NEWS,question
FAKE NEWS,1858,FAKE NEWS,claim
Godspeed.,186,Godspeed.,request
FAKE NEWS,1862,FAKE NEWS,claim
FAKE NEWS,1862,FAKE NEWS,question
unmasking,1862,unmasking,url
FAKE NEWS,1867,FAKE NEWS,claim
Human Trafficking,1876,Human Trafficking,question
Muslim Brotherhood?,1876,Muslim Brotherhood,question+namedEntity
Muslim Brotherhood?,1876,?,question
NO SUCH AGENCY,1876,NO SUCH AGENCY,question+namedEntity
surveillance,1877,surveillance,claim
EPSTEIN ISLAND,1884,EPSTEIN,namedEntity+claim
EPSTEIN ISLAND,1884, ISLAND,namedEntity+claim
armor of God,1886,armor of ,request
armor of God,1886,God,request+namedEntity
armor of God,1886,armor of ,request
armor of God,1886,God,request+namedEntity
Muslim by faith?,1887,Muslim by faith?,question
Muslim by faith?,1887,Muslim by faith?,question
Muslim by faith?,1887,Muslim by faith?,question
MSM,189,MSM,question
Censorship,189,Censorship,claim
For God & Country.,189,For ,request
For God & Country.,189,God,request+namedEntity
For God & Country.,189, & Country.,request
legislation,19,legislation,question
MSM,19,MSM,question
FISA,1910,FISA,question+namedEntity
FISA,1910,FISA,question+namedEntity
God bless,1911,God,request+namedEntity
God bless,1911, bless,request
FAKE NEWS,1913,FAKE NEWS,question
Man of God?,1916,Man of ,question
Man of God?,1916,God,question+namedEntity
Man of God?,1916,?,question
surveillance,1919,surveillance,request
FAKE NEWS,1919,FAKE NEWS,claim
Censorship,1926,Censorship,question+request
Define 'Dogma'.,1926,Define 'Dogma'.,question+request
Censorship,1926,Censorship,claim
FAKE NEWS,1926,FAKE NEWS,claim+bracketCode
Censorship,1926,Censorship,claim
Censorship,1926,Censorship,claim
national security,1927,national security,claim
foreign policy,1927,foreign policy,claim
administration,1927,administration,request
indictments,1927,indictments,claim
administration,1927,administration,url
FISA,1928,FISA,question+namedEntity
congressional testimony,1928,congressional testimony,question
FISA,1928,FISA,question+namedEntity
FISA,1928,FISA,namedEntity
FISA,1929,FISA,question+namedEntity
congressional testimony,1929,congressional testimony,question
FISA,1929,FISA,question+namedEntity
FISA,1929,FISA,namedEntity
FAKE NEWS,1929,FAKE NEWS,namedEntity
The Great Awakening,1932,The Great Awakening,claim
investigation into,1935,investigation into,claim
FVEY,1939,FVEY,namedEntity
FAKE NEWS,1939,FAKE NEWS,claim
FVEY,1939,FVEY,namedEntity+claim+bracketCode
FAKE NEWS,1939,FAKE NEWS,question
FISA,1944,FISA,namedEntity+claim
FISA,1944,FISA,namedEntity
FISA,1944,FISA,question+namedEntity
FISA,1944,FISA,question+namedEntity
FISA,1944,FISA,namedEntity
FISA,1944,FISA,question+namedEntity
FISA,1944,FISA,question+namedEntity
CENSORSHIP,1947,CENSORSHIP,question
No Such Agency,1948,No Such Agency,question+namedEntity
FAKE NEWS,1948,FAKE NEWS,question
U.S.-HOLY SEE RELATIONS,1950,U.S.,namedEntity+claim
U.S.-HOLY SEE RELATIONS,1950,-,claim
U.S.-HOLY SEE RELATIONS,1950,HOLY SEE,namedEntity+claim
U.S.-HOLY SEE RELATIONS,1950, RELATIONS,claim
FAKE NEWS,1955,FAKE NEWS,claim
WWI,1957,WWI,request
MSM,1959,MSM,claim
GOD BLESS,1961,GOD,namedEntity
WWG1WGA,1961,WWG1WGA,request
FAKE NEWS,1965,FAKE NEWS,claim
FAKE NEWS,1969,FAKE NEWS,question+namedEntity
WATERGATE,1972,WATERGATE,namedEntity+claim
FAKE NEWS,1972,FAKE NEWS,bracketCode
FISA,1974,FISA,namedEntity+claim
FISA,1974,FISA,question+namedEntity
Impeach,1974,Impeach,question
FISA,1974,FISA,question+namedEntity
investigation into,1978,investigation into,question
No Such Agency,1981,No Such Agency,question+namedEntity
FAKE NEWS,1988,FAKE NEWS,question
MSM,199,MSM,question
MSM,199,MSM,question
FAKE NEWS,1998,FAKE NEWS,prediction
military intelligence,2,military intelligence,question+namedEntity
Supreme Court,2,Supreme Court,question+namedEntity
legislation,2,legislation,claim
God bless,2,God,request+namedEntity
God bless,2, bless,request
FAKE NEWS,2002,FAKE NEWS,claim
FAKE NEWS,2030,FAKE NEWS,question
FAKE NEWS,2032,FAKE NEWS,bracketCode
FAKE NEWS,2032,FAKE NEWS,bracketCode
BIG PHARMA,2037,BIG PHARMA,question
GOD BLESS,2039,GOD,request+namedEntity
GOD BLESS,2039, BLESS,request
FISA,2043,FISA,namedEntity
FISA,2043,FISA,namedEntity
FISA,2043,FISA,namedEntity
FISA,2043,FISA,namedEntity
FISA,2043,FISA,namedEntity+claim
FISA,2043,FISA,namedEntity+claim
FISA,2043,FISA,namedEntity+claim
FISA,2043,FISA,namedEntity
"IN WITNESS WHEREOF, I have hereunto set my hand this thirty-first day of August, in the year of our Lord two thousand eighteen, and of the Independence of the United States of America the two hundred and forty-third.",2054,"IN WITNESS WHEREOF, I have hereunto set my hand this thirty-first day of August, in the year of our Lord two thousand ei",claim
"IN WITNESS WHEREOF, I have hereunto set my hand this thirty-first day of August, in the year of our Lord two thousand eighteen, and of the Independence of the United States of America the two hundred and forty-third.",2054,United States,namedEntity+claim
"IN WITNESS WHEREOF, I have hereunto set my hand this thirty-first day of August, in the year of our Lord two thousand eighteen, and of the Independence of the United States of America the two hundred and forty-third.",2054, of America,namedEntity+claim
"IN WITNESS WHEREOF, I have hereunto set my hand this thirty-first day of August, in the year of our Lord two thousand eighteen, and of the Independence of the United States of America the two hundred and forty-third.",2054, the two hundred and forty-third.,claim
Baker,2070,Baker,namedEntity+claim
grand jury,2072,grand jury,namedEntity+claim
human trafficking,2072,human trafficking,question
WWG1WGA,2072,WWG1WGA,request
censorship,2075,censorship,claim
FAKE NEWS,2089,FAKE NEWS,claim
subpoena,2091,subpoena,url
declassify,2093,declassify,url
fisa,2093,fisa,url
WWG1WGA,2096,WWG1WGA,request
grand jury,2097,grand jury,namedEntity+claim
grand jury,2097,grand jury,namedEntity+claim
FAKE NEWS,2100,FAKE NEWS,question+namedEntity
WWG1WGA,2100,WWG1WGA,request
FISA,2107,fisa,namedEntity+url
FISA,2107,FISA,namedEntity
surveillance,2108,surveillance,claim
FISA,2110,FISA,namedEntity+claim
Anon,2112,Anon,question
Anon,2115,Anon,request
FISA,2116,FISA,namedEntity
FISA,2116,FISA,namedEntity+claim
FISA,2117,FISA,question+namedEntity
DECLAS,2117,DECLAS,question
GOD BLESS,2119,GOD,namedEntity+claim
GOD BLESS,2119, BLESS,claim
ANONS,2123,ANONS,prediction
FISA,2126,FISA,namedEntity+bracketCode
Human trafficking,2128,Human trafficking,question
DECLAS,2129,DECLAS,prediction
FISA,2129,FISA,namedEntity+prediction
DECLAS,2129,DECLAS,prediction
FISA,2129,FISA,namedEntity+prediction
DECLAS,2129,DECLAS,prediction
FISA,2129,FISA,namedEntity+prediction
FISA,2129,FISA,namedEntity+claim
FISA,2135,FISA,namedEntity
impeachment,2136,impeachment,url
impeachment,2136,impeachment,url
impeachment,2136,impeachment,url
impeachment,2136,impeachment,url
impeachment,2136,impeachment,url
impeachment,2136,impeachment,url
impeachment,2136,impeachment,url
impeachment,2136,impeachment,url
impeachment,2136,impeachment,url
WWG1WGA,2138,WWG1WGA,request
ANONS,2140,ANONS,claim
WWG1WGA,2147,WWG1WGA,request
whistleblower,2152,whistleblower,url
Baker,2157,Baker,question+namedEntity
extradition,2160,extradition,question
extradition,2160,extradition,claim
FISA,2165,FISA,namedEntity+claim
CENSORSHIP,2166,CENSORSHIP,prediction
Censorship,2171,Censorship,question+request
Define 'Dogma'.,2171,Define 'Dogma'.,question+request
Censorship,2171,Censorship,claim
FAKE NEWS,2171,FAKE NEWS,claim+bracketCode
Censorship,2171,Censorship,claim
Censorship,2171,Censorship,claim
FAKE NEWS,2171,FAKE NEWS,question
anon,2171,anon,url
DECLAS,2173,DECLAS,question
DIVIDED by RELIGION.,2174,DIVIDED by RELIGION.,claim
WWG1WGA,2174,WWG1WGA,request
fisa,2176,fisa,url
"""I do solemnly swear (or affirm) that I will support and defend the Constitution of the United States against all enemies, foreign and domestic; that I will bear true faith and allegiance to the same; that I take this obligation freely, without any mental reservation or purpose of evasion; and that I will well and faithfully discharge the duties of the office on which I am about to enter: So help me God.""",2180,"""I do solemnly swear (or affirm) that I will support and defend the ",claim
"""I do solemnly swear (or affirm) that I will support and defend the Constitution of the United States against all enemies, foreign and domestic; that I will bear true faith and allegiance to the same; that I take this obligation freely, without any mental reservation or purpose of evasion; and that I will well and faithfully discharge the duties of the office on which I am about to enter: So help me God.""",2180,Constitution,namedEntity+claim
"""I do solemnly swear (or affirm) that I will support and defend the Constitution of the United States against all enemies, foreign and domestic; that I will bear true faith and allegiance to the same; that I take this obligation freely, without any mental reservation or purpose of evasion; and that I will well and faithfully discharge the duties of the office on which I am about to enter: So help me God.""",2180," of the United States against all enemies, foreign and domestic; that I will bear true faith and allegiance to the same;",claim
"""I do solemnly swear (or affirm) that I will support and defend the Constitution of the United States against all enemies, foreign and domestic; that I will bear true faith and allegiance to the same; that I take this obligation freely, without any mental reservation or purpose of evasion; and that I will well and faithfully discharge the duties of the office on which I am about to enter: So help me God.""",2180,God,namedEntity+claim
"""I do solemnly swear (or affirm) that I will support and defend the Constitution of the United States against all enemies, foreign and domestic; that I will bear true faith and allegiance to the same; that I take this obligation freely, without any mental reservation or purpose of evasion; and that I will well and faithfully discharge the duties of the office on which I am about to enter: So help me God.""",2180,".""",claim
Godspeed.,219,Godspeed.,request
Anons,2190,Anons,claim
WWG1WGA,2193,WWG1WGA,request
Anons,2198,Anons,claim
DECLAS,2200,DECLAS,claim
FAKE NEWS,2202,FAKE NEWS,namedEntity+bracketCode
declassify,2210,declassify,url
grand jury,2211,grand jury,namedEntity+claim
human trafficking,2211,human trafficking,question
DECLAS,2212,DECLAS,claim
FVEY,2217,FVEY,namedEntity
Anon,2229,Anon,claim
Baker,2230,Baker,question+namedEntity
Anon,2231,Anon,request
Anon,2233,Anon,request
God bless,2235,God,request+namedEntity
God bless,2235, bless,request
WWG1WGA,2235,WWG1WGA,request
impeachment,2236,impeachment,url
Anon,2246,Anon,claim
FISA,2248,FISA,question+namedEntity
ANONS,2248,ANONS,claim
MSM,225,MSM,claim
FAKE NEWS,2251,FAKE NEWS,request+namedEntity
ANONS,2251,ANONS,claim
sentence,2253,sentence,claim
FISA,2253,FISA,namedEntity+prediction
DECLAS,2253,DECLAS,prediction
Godspeed.,226,Godspeed.,request
FISA,2261,FISA,namedEntity+claim
FISA,2261,FISA,namedEntity+claim
FAKE NEWS,2263,FAKE NEWS,question
DECLAS,2273,DECLAS,claim
FISA,2273,FISA,namedEntity+claim
DECLAS,2273,DECLAS,claim
CONFLICT OF INTEREST,2273,CONFLICT OF INTEREST,claim
FISA,2273,FISA,namedEntity+claim
Supreme Court,2283,Supreme Court,namedEntity+claim
FAKE NEWS,2285,FAKE NEWS,claim
DECLAS,2286,DECLAS,claim
Anons,2290,Anons,claim
fisa,2294,fisa,url
impeach,2296,impeach,claim
DECLAS,2300,DECLAS,claim
protest,2300,protest,url
WWG1WGA,2305,WWG1WGA,request
subpoena,2306,subpoena,claim
Godspeed.,231,Godspeed.,request
God bless,2312,God,request+namedEntity
God bless,2312, bless,request
Amen,2313,Amen,claim
God bless,2314,God,request+namedEntity
God bless,2314, bless,request
Baker,2323,Baker,namedEntity
Baker,2324,Baker,namedEntity
subpoena,2324,subpoena,claim
subpoena,2324,Subpoena,url
protesters,2325,protesters,url
baker,2326,baker,namedEntity+url
DECLAS,2327,DECLAS,request
ANONS,2329,ANONS,claim
Baker,2331,Baker,namedEntity+claim
DECLAS,2340,DECLAS,question
NARRATIVE SHIFT,2340,NARRATIVE SHIFT,claim
Anons,2342,Anons,question
DECLAS,2350,DECLAS,claim
FAKE NEWS,2351,FAKE NEWS,prediction
DIVIDED by RELIGION.,2352,DIVIDED by RELIGION.,claim
God bless,2355,God,request+namedEntity
God bless,2355, bless,request
impeach,2358,impeach,claim
impeach,2358,impeach,claim
FAKE NEWS,2361,FAKE NEWS,request
Anons,2367,Anons,claim
impeachment,2368,impeachment,url
Anons,2368,Anons,claim
DECLAS,2369,DECLAS,question
DECLAS,2369,DECLAS,question
DECLAS,2369,DECLAS,claim
FISA,2369,FISA,question+namedEntity
Baker,2369,Baker,namedEntity
Anons,2370,Anons,claim
censored,2378,censored,url
Baker,2381,Baker,namedEntity+claim
Federal Judge,2381,Federal Judge,request
protests,2381,protests,claim
FAKE NEWS,2381,FAKE NEWS,claim
impeachment,2381,impeachment,claim
DECLAS,2381,DECLAS,claim
DECLAS,2381,DECLAS,claim
DECLAS,2381,DECLAS,claim
MSM,2383,MSM,request
WWG1WGA,2385,WWG1WGA,request
FAKE NEWS,2386,FAKE NEWS,question
FAKE NEWS,2386,FAKE NEWS,question
FOIA,2388,FOIA,claim
FAKE NEWS,2390,FAKE NEWS,claim
God bless,2393,God,request+namedEntity
God bless,2393, bless,request
DECLAS,2397,DECLAS,request
DECLAS,2397,DECLAS,question
protests,2397,protests,claim
FAKE NEWS,2397,FAKE NEWS,claim
impeachment,2397,impeachment,claim
DECLAS,2397,DECLAS,claim
DECLAS,2397,DECLAS,claim
DECLAS,2397,DECLAS,claim
WWG1WGA,2401,WWG1WGA,request
armor of God,2403,armor of ,request
armor of God,2403,God,request+namedEntity
armor of God,2403,armor of ,request
armor of God,2403,God,request+namedEntity
WWG1WGA,2403,WWG1WGA,request
Anons,2419,Anons,request
Anons,2420,Anons,claim
WWG1WGA,2421,WWG1WGA,request
FAKE NEWS,2423,FAKE NEWS,claim
Fake News,2427,Fake News,claim
sealed indictment,2427,sealed indictment,claim
DECLAS,2429,DECLAS,prediction
"There was a time when respect was given to those who serve(d), bled, and died to protect and defend our GOD GIVEN FREEDOM.",2431,"There was a time when respect was given to those who serve(d), bled, and died to protect and defend our ",claim
"There was a time when respect was given to those who serve(d), bled, and died to protect and defend our GOD GIVEN FREEDOM.",2431,GOD,namedEntity+claim
"There was a time when respect was given to those who serve(d), bled, and died to protect and defend our GOD GIVEN FREEDOM.",2431, GIVEN FREEDOM.,claim
Amen,2432,Amen,claim
GOD BLESS,2436,GOD,request+namedEntity
GOD BLESS,2436, BLESS,request
WWG1WGA,2436,WWG1WGA,request
God bless,244,God,request+namedEntity
God bless,244, bless,request
WE STAND FOR RELIGIOUS FREEDOM.,2440,WE STAND FOR RELIGIOUS FREEDOM.,claim
DECLAS,2444,DECLAS,claim
Anons,2449,Anons,claim
WWG1WGA,2450,WWG1WGA,request
FAKE NEWS,2461,FAKE NEWS,question
SUPREME COURT,2462,SUPREME COURT,namedEntity+claim
voter fraud,2463,voter fraud,question
administration,2468,administration,url
Merry Christmas.,247,Merry Christmas.,request
May God watch over you and your family for all eternity.,2473,May ,claim
May God watch over you and your family for all eternity.,2473,God,namedEntity+claim
May God watch over you and your family for all eternity.,2473, watch over you and your family for all eternity.,claim
unsealing,2478,unsealing,request
Voter Fraud,2479,Voter Fraud,question+namedEntity
Voter Fraud,2479,Voter Fraud,question+namedEntity
God Bless,2480,God,request+namedEntity
God Bless,2480, Bless,request
Indictments,2481,Indictments,bracketCode
Indictments,2482,Indictments,bracketCode
DECLAS,2487,DECLAS,bracketCode
FISA,2489,FISA,namedEntity
FAKE NEWS,2491,FAKE NEWS,question
FAKE NEWS,2491,FAKE NEWS,question
Anons,2491,Anons,claim
WWG1WGA,2499,WWG1WGA,request
God bless,25,God,request+namedEntity
God bless,25, bless,request
PLEA DEAL,2500,PLEA DEAL,claim
FAKE NEWS,2500,FAKE NEWS,claim
National Security,2502,National Security,claim
sentences,2504,sentences,claim
DECLAS,2509,DECLAS,question
subpoena,2509,subpoena,question
DECLAS,2510,DECLAS,question
subpoena,2510,subpoena,question
Anons,2516,Anons,claim
GOD BLESS,2523,GOD,namedEntity+claim
GOD BLESS,2523, BLESS,claim
FISA,2524,FISA,namedEntity+claim
FISA,2525,FISA,question+namedEntity
Fake News,2528,Fake News,request
God bless,2529,God,request+namedEntity
God bless,2529, bless,request
Anon,2531,Anon,claim
Riots,2531,Riots,claim
WWG1WGA,2535,WWG1WGA,request
THE GREAT AWAKENING,2541,THE GREAT AWAKENING,claim
Fake News,2543,Fake News,claim
FISA,2548,FISA,question+namedEntity
FAKE NEWS,2549,FAKE NEWS,question
FAKE NEWS,2556,FAKE NEWS,claim
FAKE NEWS,2556,FAKE NEWS,question+namedEntity
THE GREAT AWAKENING,2556,THE GREAT AWAKENING,claim
What do you want for XMAS?,2557,What do you want for XMAS?,question
FAKE NEWS,2559,FAKE NEWS,question
THE GREAT AWAKENING,2559,THE GREAT AWAKENING,claim
PUBLIC OPINION,2561,PUBLIC OPINION,claim
FISA,2561,FISA,namedEntity
whistleblowers,2562,whistleblowers,question
FAKE NEWS,2563,FAKE NEWS,namedEntity+claim
WWG1WGA,2565,WWG1WGA,claim
WWG1WGA,2566,WWG1WGA,request
FAKE NEWS,2567,FAKE NEWS,claim
FAKE NEWS,2567,FAKE NEWS,namedEntity
Anons,2579,Anons,claim
Pray.,258,Pray.,request
WHISTLEBLOWERS,2581,WHISTLEBLOWERS,question
Anons,2582,Anons,claim
Impeachment,2584,Impeachment,claim
Impeachment,2584,Impeachment,claim
FAKE NEWS,2584,FAKE NEWS,claim
protests,2585,protests,question
9/11,259,9/11,prediction
[Cardinal Pell],2590,[,bracketCode
[Cardinal Pell],2590,Cardinal Pell,namedEntity+bracketCode
[Cardinal Pell],2590,],bracketCode
FAKE NEWS,2591,FAKE NEWS,claim
FAKE NEWS,2595,FAKE NEWS,claim
WWG1WGA,2596,WWG1WGA,request
BAKER,2599,BAKER,question
FAKE NEWS,2599,FAKE NEWS,claim
FAKE NEWS,2602,FAKE NEWS,claim
Indictments,262,Indictments,claim
indictments,2626,indictments,claim
FAKE NEWS,2627,FAKE NEWS,question
DECLAS,2630,DECLAS,request
FAKE NEWS,2630,FAKE NEWS,question
Anons,2631,Anons,claim
FAKE NEWS,2635,FAKE NEWS,claim
FAKE NEWS,2639,FAKE NEWS,question
Anons,2639,Anons,claim
God bless,264,God,request+namedEntity
God bless,264, bless,request
Anons,2641,Anons,claim
FAKE NEWS,2645,FAKE NEWS,question
FAKE NEWS,2645,FAKE NEWS,question
protests,2646,protests,question
National Security,2648,National Security,question
The Great Awakening,2651,The Great Awakening,claim
Public opinion,2654,Public opinion,claim
FISA,2655,FISA,question+namedEntity
Anons,2656,Anons,question
FISA,2657,FISA,question+namedEntity
Fake News,2657,Fake News,question
FAKE NEWS,2658,FAKE NEWS,question
FAKE NEWS,2658,FAKE NEWS,question
FAKE NEWS,2658,FAKE NEWS,question
FAKE NEWS,2658,FAKE NEWS,question
IMPEACH,2658,IMPEACH,question
BRIBE,2658,BRIBE,claim
FOREIGN POLICY,2658,FOREIGN POLICY,claim
DECLAS,2658,DECLAS,claim
FAKE NEWS,2673,FAKE NEWS,claim
Anons,2674,Anons,claim
DECLAS,2676,DECLAS,question
FAKE NEWS,2678,FAKE NEWS,question
FAKE NEWS,268,FAKE NEWS,claim
DECLAS,2681,DECLAS,claim
subpoena,2681,subpoena,claim
DECLAS,2681,DECLAS,claim
subpoena,2681,subpoena,claim
narrative shift,2681,narrative shift,claim
public opinion,2682,public opinion,claim
FAKE NEWS,2682,FAKE NEWS,claim
FAKE NEWS,2682,FAKE NEWS,claim
public opinion,2682,public opinion,claim
FAKE NEWS,2683,FAKE NEWS,question
protests,2683,protests,question
Anons,2684,Anons,question
FAKE NEWS,2687,FAKE NEWS,question
FAKE NEWS,2687,FAKE NEWS,question
FAKE NEWS,2691,FAKE NEWS,claim
Baker,2692,Baker,claim
national security,2692,national security,claim
FVEY,2693,FVEY,namedEntity+claim
FISA,2694,FISA,namedEntity+claim
Anons,2695,Anons,request
"God speed, Patriot.",2696,God,request+namedEntity
"God speed, Patriot.",2696," speed, ",request
"God speed, Patriot.",2696,Patriot,request+namedEntity
"God speed, Patriot.",2696,.,request
WWG1WGA,2696,WWG1WGA,request
Baker,2697,Baker,namedEntity+claim
FAKE NEWS,2697,FAKE NEWS,question
No Such Agency,270,No Such Agency,namedEntity
Anon,2702,Anon,claim
Anons,2711,Anons,question
Anons,2712,Anons,claim
For those who decide to save the taxpayers some money - There is no escaping God.,2724,For those who decide to save the taxpayers some money - There is no escaping ,claim
For those who decide to save the taxpayers some money - There is no escaping God.,2724,God,namedEntity+claim
For those who decide to save the taxpayers some money - There is no escaping God.,2724,.,claim
god bless,2730,god,namedEntity+claim
god bless,2730, bless,claim
FAKE NEWS,2735,FAKE NEWS,request
Anons,2738,Anons,question
FAKE NEWS,2738,FAKE NEWS,question
FAKE NEWS,2741,FAKE NEWS,claim
"But the Lord is faithful, and he will strengthen you and protect you from the evil one.",2744,But the ,request
"But the Lord is faithful, and he will strengthen you and protect you from the evil one.",2744,Lord,request+namedEntity
"But the Lord is faithful, and he will strengthen you and protect you from the evil one.",2744," is faithful, and he will strengthen you and protect you from the evil one.",request
cabinet,2745,cabinet,claim
The Lord is,2751,The Lord is,claim
FAKE NEWS,2768,FAKE NEWS,question
FAKE NEWS,2768,FAKE NEWS,question
MSM,2770,MSM,question
MSM,2770,MSM,question
censored,2784,censored,question
The Great Awakening,2784,The Great Awakening,claim
MSM,2785,MSM,request
DECLAS,2786,DECLAS,question
administration,2787,administration,question
MSM,2788,MSM,question
GOD BLESS,2788,GOD,request+namedEntity
GOD BLESS,2788, BLESS,request
WWG1WGA,2789,WWG1WGA,request
No Such Agency,279,No Such Agency,question+namedEntity
Censorship,2793,Censorship,claim
Indictments,2803,Indictments,prediction
DECLAS,2803,DECLAS,prediction
bribery,2803,bribery,prediction
DECLAS,2804,DECLAS,claim
assassinated,2807,assassinated,claim+bracketCode
Central Bank,2807,Central Bank,question
GOD BLESS,2807,GOD,request+namedEntity
GOD BLESS,2807, BLESS,request
FAKE NEWS,2809,FAKE NEWS,claim
DECLASSIFICATION,2816,DECLASSIFICATION,prediction
Thoughts and prayers.,2821,Thoughts and prayers.,request
Merry Christmas.,284,Merry Christmas.,request
anons,2844,anons,claim+bracketCode
anons,2844,anons,bracketCode
Anon,2846,Anon,request
FAKE NEWS,2849,FAKE NEWS,question
investigation into,2849,investigation into,question
No Such Agency,285,No Such Agency,question+namedEntity
WWG1WGA,2853,WWG1WGA,request
talking points,2856,talking points,question
investigations into,2856,investigations into,question
investigations into,2856,investigations into,question
DECLAS,2856,DECLAS,question
THE GREAT AWAKENING,2856,THE GREAT AWAKENING,claim
Bakers,2857,Bakers,namedEntity+claim
God bless,2857,God,request+namedEntity
God bless,2857, bless,request
indictment,2860,indictment,question
FAKE NEWS,2873,FAKE NEWS,claim
WWG1WGA,2873,WWG1WGA,request
JUDGEMENT DAY COMING.,2876,JUDGEMENT DAY COMING.,prediction
"Ask yourself a simple question, should a woman who travels to Syria to support and encourage 'JIHAD' against the 'West' deserve to live……………….?",2887,"Ask yourself a simple question, should a woman who travels to ",question
"Ask yourself a simple question, should a woman who travels to Syria to support and encourage 'JIHAD' against the 'West' deserve to live……………….?",2887,Syria,question+namedEntity
"Ask yourself a simple question, should a woman who travels to Syria to support and encourage 'JIHAD' against the 'West' deserve to live……………….?",2887, to support and encourage 'JIHAD' against the 'West' deserve to live……………….?,question
Godspeed.,289,Godspeed.,request
Anons,2895,Anons,claim
riot,29,riot,claim
The child abductions for satanic rituals (ie Haiti and other 3rd world countries) are paused (not terminated until players in custody).,29,The child abductions for satanic rituals (ie Haiti and other 3rd world countries) are paused (not terminated until playe,claim
Bribes,2901,Bribes,claim
FAKE NEWS,2902,FAKE NEWS,claim
Armor of God,2904,Armor of ,request
Armor of God,2904,God,request+namedEntity
Armor of God,2904,armor of ,request
Armor of God,2904,God,request+namedEntity
Armor of God,2904,armor of ,request
Armor of God,2904,God,request+namedEntity
Anons,2906,Anons,question
FAKE NEWS,2913,FAKE NEWS,question
FAKE NEWS,2917,FAKE NEWS,question
[14:05] – Pretending not to hate Catholics,2918,[14:05],claim+bracketCode
[14:05] – Pretending not to hate Catholics,2918, – Pretending not to hate Catholics,claim
FAKE NEWS,2927,FAKE NEWS,question
DECLAS,2930,DECLAS,claim
DECLAS,2930,DECLAS,question
Anon,2932,Anon,request
WWG1WGA,2934,WWG1WGA,request
impeachment,2937,impeachment,request
DECLAS,2937,DECLAS,question+bracketCode
FISA,2938,FISA,question+namedEntity
CHAIN OF COMMAND,2938,CHAIN OF COMMAND,question
DECLAS,2938,DECLAS,claim+bracketCode
Anon,2940,Anon,request
FAKE NEWS,2943,FAKE NEWS,question+bracketCode
The Great Awakening,2954,The Great Awakening,claim
Anon,2955,Anon,claim
pedophiles,2973,pedophiles,claim
FAKE NEWS,2982,FAKE NEWS,claim
THE GREAT AWAKENING,2982,THE GREAT AWAKENING,claim
SIGINT,2984,SIGINT,claim
SIGINT,2984,SIGINT,claim
WWG1WGA,2987,WWG1WGA,request
Rothschilds (cult leaders)(church)(P),299,Rothschilds,namedEntity+claim
Rothschilds (cult leaders)(church)(P),299, (cult leaders)(church)(P),claim
RELIGION VS RELIGION,2994,RELIGION VS RELIGION,claim
God bless,3,God,request+namedEntity
God bless,3, bless,request
WWG1WGA,3002,WWG1WGA,request
Indictments,3011,Indictments,prediction
THE GREAT AWAKENING,3012,THE GREAT AWAKENING,claim
Anons,3013,Anons,claim
Anons,3014,Anons,question
FAKE NEWS,3014,FAKE NEWS,question
The Great Awakening,3017,The Great Awakening,claim
The Great Awakening,3018,The Great Awakening,claim
Surveillance,3020,Surveillance,question+request
Surveillance,3020,surveillance,claim
Surveillance,3020,surveillance,claim
indictments,3028,indictments,question
impeach,3028,impeach,question
DECLAS,3028,DECLAS,question
TALKING POINTS,3028,TALKING POINTS,question
TALKING POINTS,3028,TALKING POINTS,question
WWG1WGA,3030,WWG1WGA,request
"""Free thought"" is a philosophical viewpoint which holds that positions regarding truth should be formed on the basis of logic, reason, and empiricism, rather than authority, tradition, revelation, or dogma.",3038,"""Free thought"" is a philosophical viewpoint which holds that positions regarding truth should be formed on the basis of ",claim
WWG1WGA,3038,WWG1WGA,request
unsealing,3041,unsealing,prediction
indictments,3041,indictments,prediction
CHAIN OF COMMAND,3045,CHAIN OF COMMAND,question
sex trafficking,3050,sex trafficking,claim
Pray for,3050,Pray for,request
Anons,3056,Anons,claim
God bless,3056,God,request+namedEntity
God bless,3056, bless,request
indictments,3060,indictments,claim
DECLASSIFIED,3063,DECLASSIFIED,prediction
FAKE NEWS,3077,FAKE NEWS,claim
The Great Awakening,310,The Great Awakening,claim
Cold War,3126,Cold War,claim
FAKE NEWS,3127,FAKE NEWS,namedEntity
THIS GOES FAR BEYOND SPIRIT COOKING MODELS.,3135,THIS GOES FAR BEYOND SPIRIT COOKING MODELS.,claim
unsealed,3136,unsealed,prediction
"Godspeed, Patriots.",314,"Godspeed, ",request
"Godspeed, Patriots.",314,Patriots,request+namedEntity
"Godspeed, Patriots.",314,.,request
Epstein island dungeon (beneath the temple).,3140,Epstein,namedEntity+claim
Epstein island dungeon (beneath the temple).,3140, island,claim
Epstein island dungeon (beneath the temple).,3140, dungeon (beneath the temple).,claim
Anon,3141,Anon,request
Anons,3155,Anons,request
The Great Awakening,316,The Great Awakening,claim
Sanctions,3162,Sanctions,question
Anons,3162,Anons,question
WWG1WGA,3163,WWG1WGA,request
censoring,3167,censoring,question
WWG1WGA,3170,WWG1WGA,request
FAKE NEWS,3176,FAKE NEWS,claim+bracketCode
FISA,3177,FISA,question+namedEntity
SPECIAL COUNSEL,3177,SPECIAL COUNSEL,question
FVEY,3178,FVEY,namedEntity+claim
THE GREAT AWAKENING,3178,THE GREAT AWAKENING,claim
Anons,3182,Anons,request
FAKE NEWS,3186,FAKE NEWS,claim
Fake News,3194,Fake News,namedEntity+claim
MSM,32,MSM,prediction
Anon,3208,Anon,claim
DECLAS,3225,DECLAS,question
FISA,3225,FISA,question+namedEntity
Indictment,3227,Indictment,question
God bless,323,God,request+namedEntity
God bless,323, bless,request
WWG1WGA,3259,WWG1WGA,request
WWG1WGA,3263,WWG1WGA,request
WWG1WGA,3264,WWG1WGA,request
WWG1WGA,3288,WWG1WGA,request
WWG1WGA,3289,WWG1WGA,request
God bless,33,God,request+namedEntity
God bless,33, bless,request
FAKE NEWS,3304,FAKE NEWS,claim
FAKE NEWS,3306,FAKE NEWS,claim
FAKE NEWS,3309,FAKE NEWS,question
censorship,3312,censorship,question
FAKE NEWS,3312,FAKE NEWS,claim
unmasking,3316,unmasking,question
Anons,3321,Anons,claim
WWG1WGA,3326,WWG1WGA,request
DECLAS,3328,DECLAS,question
IG report,3328,IG,question+namedEntity
IG report,3328, report,question
IG report,3328,IG,question+namedEntity
IG report,3328, report,question
Chain of Command,3330,Chain of Command,claim
FISA,3330,FISA,namedEntity
FAKE NEWS,3334,FAKE NEWS,prediction
Merry Christmas.,334,Merry Christmas.,request
FISA,3340,FISA,namedEntity+claim
DECLAS,3340,DECLAS,prediction
DECLAS,3347,DECLAS,question
FOR GOD AND COUNTRY.,3352,FOR ,request
FOR GOD AND COUNTRY.,3352,GOD,request+namedEntity
FOR GOD AND COUNTRY.,3352, AND COUNTRY.,request
GOD WINS.,3354,GOD,namedEntity+claim
GOD WINS.,3354, WINS.,claim
WWG1WGA,3359,WWG1WGA,request
FAKE NEWS,3363,FAKE NEWS,claim
fake news,337,fake news,claim
unsealing,3385,unsealing,prediction
FAKE NEWS,3391,FAKE NEWS,claim
Who posted 'internal security cam' pics (Temple)(IG)?,3396,Who posted 'internal security cam' pics (Temple)(,question
Who posted 'internal security cam' pics (Temple)(IG)?,3396,IG,question+namedEntity
Who posted 'internal security cam' pics (Temple)(IG)?,3396,)?,question
Epstein Island,3399,Epstein,namedEntity+claim
Epstein Island,3399, Island,namedEntity+claim
What does an 'OWL' symbolize (dark religion)?,3399,What does an 'OWL' symbolize (dark religion)?,question
riots,34,riots,claim
extradition,34,extradition,claim
fake news,34,fake news,prediction
FAKE NEWS,3405,FAKE NEWS,claim
MSM,3409,MSM,question
administration,341,administration,claim
administration,341,administration,claim
Anons,3413,Anons,claim
Anons,3414,Anons,claim
Anons,3425,Anons,claim
THE GREAT AWAKENING,3430,THE GREAT AWAKENING,claim
GOD WINS.,3432,GOD,namedEntity+claim
GOD WINS.,3432, WINS.,claim
FAKE NEWS,3433,FAKE NEWS,claim
WWG1WGA,3438,WWG1WGA,request
They all belong to the same sick cult/club.,344,They all belong to the same sick cult/club.,claim
Anons,3440,Anons,claim
FAKE NEWS,3447,FAKE NEWS,question+namedEntity
THE GREAT AWAKENING,3447,THE GREAT AWAKENING,claim
"""A colorful building that some news reports have called the ""temple"" was actually a gym when Epstein worked out when he was on the island, Scully said, noting in an interview with ABC News that the gym had a memorable feature – a massive framed photo of a topless woman.""",3454,"""A colorful building that some news reports have called the ""temple"" was actually a gym when ",claim
"""A colorful building that some news reports have called the ""temple"" was actually a gym when Epstein worked out when he was on the island, Scully said, noting in an interview with ABC News that the gym had a memorable feature – a massive framed photo of a topless woman.""",3454,Epstein,namedEntity+claim
"""A colorful building that some news reports have called the ""temple"" was actually a gym when Epstein worked out when he was on the island, Scully said, noting in an interview with ABC News that the gym had a memorable feature – a massive framed photo of a topless woman.""",3454," worked out when he was on the island, Scully said, noting in an interview with ",claim
"""A colorful building that some news reports have called the ""temple"" was actually a gym when Epstein worked out when he was on the island, Scully said, noting in an interview with ABC News that the gym had a memorable feature – a massive framed photo of a topless woman.""",3454,ABC,namedEntity+claim
"""A colorful building that some news reports have called the ""temple"" was actually a gym when Epstein worked out when he was on the island, Scully said, noting in an interview with ABC News that the gym had a memorable feature – a massive framed photo of a topless woman.""",3454, News,namedEntity+claim
"""A colorful building that some news reports have called the ""temple"" was actually a gym when Epstein worked out when he was on the island, Scully said, noting in an interview with ABC News that the gym had a memorable feature – a massive framed photo of a topless woman.""",3454," that the gym had a memorable feature – a massive framed photo of a topless woman.""",claim
DECLAS,3458,DECLAS,question
FAKE NEWS,3458,FAKE NEWS,question
DECLAS,3458,DECLAS,question
FISA,3458,FISA,namedEntity+claim
"Godspeed, Patriots.",346,"Godspeed, ",request
"Godspeed, Patriots.",346,Patriots,request+namedEntity
"Godspeed, Patriots.",346,.,request
WWG1WGA,3465,WWG1WGA,request
Anon,3477,Anon,claim
FISA,3481,FISA,namedEntity
DECLAS,3486,DECLAS,claim
DECLAS,3488,DECLAS,claim
God bless,349,God,request+namedEntity
God bless,349, bless,request
ABC News told us it was just a 'gym' inside of the 'TEMPLE'……,3493,ABC,namedEntity+claim
ABC News told us it was just a 'gym' inside of the 'TEMPLE'……,3493, News,namedEntity+claim
ABC News told us it was just a 'gym' inside of the 'TEMPLE'……,3493, told us it was just a 'gym' inside of the 'TEMPLE'……,claim
pray for,35,pray for,request
MSM,350,MSM,claim
Federal Reserve,350,Federal Reserve,namedEntity
God bless,3503,God,request+namedEntity
God bless,3503, bless,request
Anons,3504,Anons,question
sentence,3507,sentence,claim
grand jury,3507,grand jury,namedEntity+claim
grand jury,3507,grand jury,question+namedEntity
"Godspeed, Patriots.",351,"Godspeed, ",request
"Godspeed, Patriots.",351,Patriots,request+namedEntity
"Godspeed, Patriots.",351,.,request
WWG1WGA,3522,WWG1WGA,request
WWG1WGA,3526,WWG1WGA,request
plea deal,3532,plea deal,question
impeachment,3533,impeachment,claim
FAKE NEWS,3533,FAKE NEWS,claim
human trafficking,3534,human trafficking,question
Anons,3535,Anons,claim
FVEY,3539,FVEY,namedEntity+claim
MSM,354,MSM,claim
Federal Reserve,354,Federal Reserve,namedEntity
MSM,3540,MSM,question
WWG1WGA,3546,WWG1WGA,request
DECLAS,3548,DECLAS,claim+bracketCode
DECLAS,3559,DECLAS,claim+bracketCode
MSM,3563,MSM,question
public opinion,3563,public opinion,claim
It's going to be BIBLICAL.,3565,It's going to be BIBLICAL.,prediction
MSM,3582,MSM,question
whistleblower,3584,whistleblower,url
surveillance,3584,surveillance,url
Whistleblower,3586,Whistleblower,question
Indictments,3587,Indictments,prediction
DECLAS,3588,DECLAS,question
SIGINT,3588,SIGINT,claim
FAKE NEWS,3588,FAKE NEWS,question
THE GREAT AWAKENING,3588,THE GREAT AWAKENING,claim
qresearch,3593,qresearch,url
armor of God,3593,armor of ,request
armor of God,3593,God,request+namedEntity
armor of God,3593,armor of ,request
armor of God,3593,God,request+namedEntity
armor of God,3594,armor of ,request
armor of God,3594,God,request+namedEntity
armor of God,3594,armor of ,request
armor of God,3594,God,request+namedEntity
HUMINT,3595,HUMINT,claim
anons,3597,anons,question
Military Intelligence,36,Military Intelligence,namedEntity
slush fund,36,slush fund,question
What if the wizards and warlocks tipped off a local reporter as to the supposed unscheduled stop?,36,What if the wizards and warlocks tipped off a local reporter as to the supposed unscheduled stop?,question
There is no escaping God.,3600,There is no escaping ,claim
There is no escaping God.,3600,God,namedEntity+claim
There is no escaping God.,3600,.,claim
SIGINT,3602,SIGINT,question
FISA,3603,FISA,namedEntity+claim
FAKE NEWS,3607,FAKE NEWS,question+bracketCode
THE GREAT AWAKENING,3607,THE GREAT AWAKENING,claim
public opinion,3608,public opinion,claim
public opinion,3608,public opinion,claim
public opinion,3610,public opinion,claim
public opinion,3610,public opinion,claim
Divided by religion.,3613,Divided by religion.,claim
THE GREAT AWAKENING,3616,THE GREAT AWAKENING,claim
"Godspeed, Patriots.",362,"Godspeed, ",request
"Godspeed, Patriots.",362,Patriots,request+namedEntity
"Godspeed, Patriots.",362,.,request
The Great Awakening,3622,The Great Awakening,claim
It's going to be BIBLICAL!,3624,It's going to be BIBLICAL!,prediction
THE GREAT AWAKENING,3624,THE GREAT AWAKENING,claim
Anon,3627,Anon,prediction
WWG1WGA,3630,WWG1WGA,request
WWG1WGA,3631,WWG1WGA,request
Anons,3645,Anons,request
Anons,3646,Anons,question
FISA,3646,FISA,question+namedEntity
summit,3647,summit,url
DECLAS_ATL_,365,DECLAS_,claim
DECLAS_ATL_,365,ATL,namedEntity+claim
DECLAS_ATL_,365,_,claim
The Great Awakening,365,The Great Awakening,request
lockdown,3654,lockdown,url
Congressional hearing,3659,Congressional hearing,question
THE GREAT AWAKENING,3662,THE GREAT AWAKENING,claim
Public opinion,3668,Public opinion,claim
FAKE NEWS,3677,FAKE NEWS,question
THE GREAT AWAKENING,3681,THE GREAT AWAKENING,claim
WWG1WGA,3682,WWG1WGA,request
"""Put on the full armor of God, so that you can take your stand against the devil’s schemes.""",3683,Put on the full armor of ,request
"""Put on the full armor of God, so that you can take your stand against the devil’s schemes.""",3683,God,request+namedEntity
"""Put on the full armor of God, so that you can take your stand against the devil’s schemes.""",3683,", so that you can take your stand against the devil’s schemes.",request
Anons,3685,Anons,question
FISA,3689,FISA,namedEntity+claim
BISHOP (cult).,369,BISHOP (cult).,claim
DECLAS,3690,DECLAS,claim
FISA,3693,FISA,question+namedEntity+bracketCode
FISA,3693,FISA,namedEntity+claim
FISA,3693,FISA,namedEntity+claim
FISA,3693,FISA,namedEntity+claim
Fight the good fight.,37,Fight the good fight.,request
impeachment,3702,impeachment,question
Anons,3703,Anons,question
"Though, nothing should ever replace 'Christ' in 'Christmas'.",3707,"Though, nothing should ever replace '",claim
"Though, nothing should ever replace 'Christ' in 'Christmas'.",3707,Christ,namedEntity+claim
"Though, nothing should ever replace 'Christ' in 'Christmas'.",3707,' in 'Christmas'.,claim
Anons,3707,Anons,claim
indictment,3716,indictment,prediction
indictment,3717,indictment,prediction
impeachment,3720,impeachment,question
Divided by religion.,3721,Divided by religion.,claim
election interference,3724,election interference,claim
election interference,3724,election interference,claim
election interference,3724,election interference,claim
Pray.,3728,Pray.,request
Anons,3734,Anons,question
Pray.,374,Pray.,request
FISA,3740,FISA,namedEntity+claim
public opinion,3741,public opinion,question+bracketCode
impeachment,3741,impeachment,question
impeachment,3741,impeachment,question
FISA,3741,FISA,namedEntity
impeachment,3741,IMPEACHMENT,question
IMPEACHMENT,3742,IMPEACHMENT,question
Anons,3752,Anons,request
National Security,3764,National Security,claim
FISA,3764,FISA,namedEntity+claim
election interference,3770,election interference,question
impeachment,3774,impeachment,bracketCode
impeachment,3774,impeachment,question
THE GREAT AWAKENING,3775,THE GREAT AWAKENING,claim
Anon,3781,Anon,request
FVEY,3784,FVEY,namedEntity+claim+bracketCode
FVEY,3784,FVEY,namedEntity+claim+bracketCode
DECLAS,3784,declas,question
FISA,3790,FISA,question+namedEntity
FISA,3790,FISA,question+namedEntity
Anons,3791,Anons,bracketCode
FAKE NEWS,3792,FAKE NEWS,question
The Great Awakening,3792,The Great Awakening,claim
Anons,3800,Anons,claim
Impeachment,3806,Impeachment,claim
Whistleblower,3808,Whistleblower,bracketCode
impeachment,3809,impeachment,claim
Bribery,3809,Bribery,question
THE GREAT AWAKENING,3815,THE GREAT AWAKENING,claim
FISA,3816,FISA,namedEntity+claim
Anons,3819,Anons,claim
SATAN has left the WH.,382,SATAN has left the ,claim
SATAN has left the WH.,382,WH,namedEntity+claim
SATAN has left the WH.,382,.,claim
FAKE NEWS,3825,FAKE NEWS,question+bracketCode
Impeachment,3835,Impeachment,question
Impeachment,3836,Impeachment,bracketCode
National Security,3836,National Security,question
>Religion,3838,>Religion,claim
investigation into,3841,investigation into,question
investigation into,3841,investigation into,question
election interference,3841,election interference,question
investigation into,3841,investigation into,question
bribe,3842,bribe,question
FISA,3850,FISA,question+namedEntity
Impeachment,3850,Impeachment,question
Impeachment,3850,Impeachment,question
FAKE NEWS,3850,FAKE NEWS,question+bracketCode
impeachment,3853,impeachment,question
FAKE NEWS,3857,FAKE NEWS,question
Divided by religion.,3858,Divided by religion.,claim
Baker,3876,Baker,request+namedEntity
MSM,3876,MSM,question+bracketCode
WWG1WGA,3879,WWG1WGA,request
Anons,3880,Anons,claim
Muslim Brotherhood,3881,Muslim Brotherhood,namedEntity
"Finally, be strong in the Lord and in his mighty power.",3887,"Finally, be strong in the Lord and in his mighty power.",request
WWG1WGA,3889,WWG1WGA,request
Godspeed.,3890,Godspeed.,request
MSM,3893,MSM,claim
WWG1WGA,3893,WWG1WGA,request
Impeachment,3896,Impeachment,bracketCode
Impeachment,3896,impeachment,question
MSM,3896,MSM,claim
administration,39,administration,question
Divided by religion.,3905,Divided by religion.,claim
"""Free thought"" is a philosophical viewpoint which holds that positions regarding truth should be formed on the basis of logic, reason, and empiricism, rather than authority, tradition, revelation, or dogma.",3906,"""Free thought"" is a philosophical viewpoint which holds that positions regarding truth should be formed on the basis of ",claim
WWG1WGA,3906,WWG1WGA,request
GOD BLESS,3907,GOD,request+namedEntity
GOD BLESS,3907, BLESS,request
WWG1WGA,3907,WWG1WGA,request
COVID,3913,COVID,question+namedEntity
impeachment,3915,impeachment,question
impeachment,3915,impeachment,question
impeachment,3915,impeachment,question
MSM,3915,MSM,question
Did you think 'spirit cooking' was just pretend?,3917,Did you think 'spirit cooking' was just pretend?,question
COVID,3918,COVID,question+bracketCode
FISA,3921,FISA,namedEntity+claim
INDICTMENTS,3921,INDICTMENTS,claim
WWG1WGA,3927,WWG1WGA,request
WWG1WGA,3928,WWG1WGA,request
MSM,3929,MSM,bracketCode
MSM,3929,MSM,question+bracketCode
FISA,3929,FISA,namedEntity
Board owner,393,Board owner,claim
HAPPY GOOD FRIDAY!!!,3930,HAPPY GOOD FRIDAY!!!,request
investigations into,3932,investigations into,prediction
Indictments,3934,Indictments,bracketCode
Indictments,3934,Indictments,bracketCode
WWG1WGA,3935,WWG1WGA,request
WWG1WGA,3936,WWG1WGA,request
WWG1WGA,3938,WWG1WGA,request
WWG1WGA,3939,WWG1WGA,request
WWG1WGA,3940,WWG1WGA,request
WWG1WGA,3941,WWG1WGA,request
WWG1WGA,3942,WWG1WGA,request
WWG1WGA,3943,WWG1WGA,request
WWG1WGA,3944,WWG1WGA,request
WWG1WGA,3945,WWG1WGA,request
WWG1WGA,3946,WWG1WGA,request
WWG1WGA,3947,WWG1WGA,request
WWG1WGA,3948,WWG1WGA,request
WWG1WGA,3949,WWG1WGA,request
God bless,3950,God,request+namedEntity
God bless,3950, bless,request
MSM,3959,MSM,claim
FISA,3966,FISA,namedEntity+claim
WWG1WGA,3981,WWG1WGA,request
WWG1WGA,3984,WWG1WGA,request
anons,399,anons,claim
CHAIN OF COMMAND,3990,CHAIN OF COMMAND,question
CHAIN OF COMMAND,3990,CHAIN OF COMMAND,question
FISA,3990,FISA,question+namedEntity
CHAIN OF COMMAND,3990,CHAIN OF COMMAND,question
INDICTMENT,3990,INDICTMENT,question
FISA,3990,FISA,question+namedEntity
Baker,3990,Baker,namedEntity+claim
protests,3992,protests,claim
FAKE NEWS,3992,FAKE NEWS,claim
impeachment,3992,impeachment,claim
DECLASSIFIED,3993,DECLASSIFIED,prediction
covid,4003,covid,question
Anons,4004,Anons,claim
"This is best achieved when the political cause of the insurgency has strong appeal, manipulating religious, tribal or local identity to exploit common societal grievances or needs.",4008,"This is best achieved when the political cause of the insurgency has strong appeal, manipulating religious, tribal or lo",claim
COVID,4014,COVID,question+namedEntity
Vote-by-Mail,4014,Vote-by-Mail,question
FISA,4014,FISA,question+namedEntity
CHAIN OF COMMAND,4016,CHAIN OF COMMAND,question+bracketCode
SIGINT,4021,SIGINT,request
NATIONAL SECURITY,4022,NATIONAL SECURITY,claim
COVID,4041,COVID,question+namedEntity
COVID,4041,COVID,question+namedEntity
COVID,4042,COVID,question+namedEntity
NATIONAL SECURITY,4045,NATIONAL SECURITY,question
DECLAS,4045,DECLAS,question+bracketCode
COVID,4045,COVID,question+namedEntity
Impeachment,4045,Impeachment,question
COVID,4045,COVID,question+namedEntity
COVID,4045,covid,namedEntity
WWG1WGA,4046,WWG1WGA,request
WWG1WGA,4047,WWG1WGA,request
For God and Country.,4048,For ,request
For God and Country.,4048,God,request+namedEntity
For God and Country.,4048, and Country.,request
WWG1WGA,4049,WWG1WGA,request
censorship,4050,censorship,claim
WWG1WGA,4050,WWG1WGA,request
WWG1WGA,4051,WWG1WGA,request
WWG1WGA,4052,WWG1WGA,request
WWG1WGA,4053,WWG1WGA,request
WWG1WGA,4055,WWG1WGA,request
WWG1WGA,4056,WWG1WGA,request
WWG1WGA,4057,WWG1WGA,request
WWG1WGA,4058,WWG1WGA,request
WWG1WGA,4060,WWG1WGA,request
WWG1WGA,4061,WWG1WGA,request
WWG1WGA,4062,WWG1WGA,request
WWG1WGA,4063,WWG1WGA,request
GOD WINS!,4063,GOD,namedEntity+claim
GOD WINS!,4063, WINS!,claim
WWG1WGA,4064,WWG1WGA,request
WWG1WGA,4067,WWG1WGA,request
WWG1WGA,4068,WWG1WGA,request
WWG1WGA,4069,WWG1WGA,request
WWG1WGA,4070,WWG1WGA,request
WWG1WGA,4071,WWG1WGA,request
COVID,4076,COVID,question+namedEntity
VOTE-BY-MAIL,4076,VOTE-BY-MAIL,question
WWG1WGA,4082,WWG1WGA,request
convicted,4088,convicted,question
lockdown,4088,lockdown,question
Anon,409,Anon,claim
lockdown,4090,lockdown,question+bracketCode
COVID,4094,COVID,question
MSM,4101,MSM,question
MSM,4105,MSM,request
WWG1WGA,4113,WWG1WGA,request
COVID,4120,COVID,question
COVID,4120,COVID,question
God bless,414,God,request+namedEntity
God bless,414, bless,request
Anons,4143,Anons,request
"Godspeed, Patriots.",415,"Godspeed, ",request
"Godspeed, Patriots.",415,Patriots,request+namedEntity
"Godspeed, Patriots.",415,.,request
MSM,4153,MSM,bracketCode
FVEY,4153,FVEY,namedEntity+claim
FVEY,4153,FVEY,namedEntity+claim
Baker,4153,Baker,namedEntity+claim
MSM,4153,MSM,claim+bracketCode
COVID,4156,COVID,question+namedEntity
MSM,4162,MSM,claim
COVID,4171,COVID,claim
COVID,4171,COVID,claim
COVID,4171,COVID,question
The Great Awakening,4177,The Great Awakening,claim
WWG1WGA,4183,WWG1WGA,request
WWG1WGA,4184,WWG1WGA,request
WWG1WGA,4185,WWG1WGA,request
WWG1WGA,4186,WWG1WGA,request
WWG1WGA,4187,WWG1WGA,request
WWG1WGA,4188,WWG1WGA,request
WWG1WGA,4189,WWG1WGA,request
WWG1WGA,4190,WWG1WGA,request
WWG1WGA,4191,WWG1WGA,request
WWG1WGA,4192,WWG1WGA,request
WWG1WGA,4193,WWG1WGA,request
WWG1WGA,4194,WWG1WGA,request
declas,4196,declas,question
declas,4196,declas,question
subpoena,4196,subpoena,question
MSM,4196,MSM,question
impeachment,4196,impeachment,question
impeachment,4196,impeachment,question
impeachment,4196,impeachment,question
MSM,4196,MSM,question
Anons,4199,Anons,claim
Armor of God,4207,Armor of ,request
Armor of God,4207,God,request+namedEntity
Armor of God,4207,armor of ,request
Armor of God,4207,God,request+namedEntity
Armor of God,4207,armor of ,request
Armor of God,4207,God,request+namedEntity
vote-by-mail,4219,vote-by-mail,question
Anon,4226,Anon,claim
FISA,4226,FISA,question+namedEntity
Anon,4229,Anon,claim
FISA,4231,FISA,namedEntity+claim
FISA,4231,FISA,question+namedEntity
unmask,4232,unmask,question
VOTE-BY-MAIL,4245,VOTE-BY-MAIL,question
COVID,4247,COVID,question
COVID,4247,COVID,question
COVID,4247,COVID,question
FISA,4256,FISA,namedEntity+claim
WWG1WGA,4259,WWG1WGA,request
WWG1WGA,4260,WWG1WGA,request
WWG1WGA,4261,WWG1WGA,request
WWG1WGA,4262,WWG1WGA,request
WWG1WGA,4263,WWG1WGA,request
WWG1WGA,4264,WWG1WGA,request
WWG1WGA,4265,WWG1WGA,request
WWG1WGA,4266,WWG1WGA,request
WWG1WGA,4267,WWG1WGA,request
WWG1WGA,4268,WWG1WGA,request
WWG1WGA,4269,WWG1WGA,request
WWG1WGA,4270,WWG1WGA,request
WWG1WGA,4271,WWG1WGA,request
WWG1WGA,4272,WWG1WGA,request
WWG1WGA,4273,WWG1WGA,request
WWG1WGA,4274,WWG1WGA,request
God bless,4276,God,request+namedEntity
God bless,4276, bless,request
WWG1WGA,4277,WWG1WGA,request
FISA,4280,FISA,namedEntity+claim
public opinion,4281,public opinion,question
COVID,4282,COVID,question
MSM,4290,MSM,question
censoring,4290,censoring,question
WWG1WGA,4291,WWG1WGA,request
subpoena,4293,subpoena,claim
COVID,4293,COVID,claim
MSM,4293,MSM,question+bracketCode
vote-by-mail,4294,vote-by-mail,prediction+bracketCode
convicts,4294,convicts,claim
Religion v religion,4295,Religion v religion,claim
Ask and you shall receive.,4298,Ask and you shall receive.,request
unmasking,4299,unmasking,claim
vaccine,4306,vaccine,question
DECLAS,4310,DECLAS,claim+bracketCode
national security,4310,national security,claim
Ambassador,4310,Ambassador,claim
DECLAS,4310,DECLAS,question
SPECIAL COUNSEL,4310,SPECIAL COUNSEL,question
IMPEACHMENT,4310,IMPEACHMENT,question
LOCKDOWN,4310,LOCKDOWN,question
VOTE-BY-MAIL,4310,VOTE-BY-MAIL,question
IMPEACHMENT,4310,IMPEACHMENT,claim
MSM,4317,MSM,request+bracketCode
COVID,4320,COVID,request+namedEntity
covid,4337,COVID,claim
covid,4337,COVID,question
covid,4337,COVID,question
CDC,4338,CDC,question+namedEntity
CDC,4338,CDC,namedEntity+claim+bracketCode
God bless,434,God,request+namedEntity
God bless,434, bless,request
COVID,4343,COVID,namedEntity+claim
COVID,4343,COVID,namedEntity+claim
narrative control,4348,narrative control,claim
DECLAS,4351,DECLAS,claim+bracketCode
"This is best achieved when the political cause of the insurgency has strong appeal, manipulating religious, tribal or local identity to exploit common societal grievances or needs.",4352,"This is best achieved when the political cause of the insurgency has strong appeal, manipulating religious, tribal or lo",claim
FISA,436,FISA,namedEntity+bracketCode
God save America.,4361,God,request+namedEntity
God save America.,4361, save ,request
God save America.,4361,America,request+namedEntity
God save America.,4361,.,request
administration,437,administration,url
Be strong in the Lord.,4374,Be strong in the Lord.,request
administration,438,administration,url
riots,4380,riots,question
COVID,4380,COVID,question+namedEntity
vote-by-mail,4380,vote-by-mail,question
Anons,4383,Anons,request
riots,4385,riots,claim
indictments,4385,indictments,claim
GOD BLESS,4387,GOD,request+namedEntity
GOD BLESS,4387, BLESS,request
Proverbs 13:9,4390,Proverbs 13:9,namedEntity
riots,4395,riots,claim
indictments,4395,indictments,claim
God wins.,4396,God,namedEntity+claim
God wins.,4396, wins.,claim
Pray for,4397,Pray for,request
Pray for,4397,Pray for,request
Pray for,4397,Pray for,request
protestors,4398,protestors,claim
protestors,4398,protestors,claim+bracketCode
God bless,44,God,request+namedEntity
God bless,44, bless,request
protestors,4403,protestors,question
protestors,4404,protestors,question
"The social unrest comes to a head in the violent political upheaval which sweeps away the traditionally and hierarchically structured ancien régime (the monarchy, the privileges of the nobility, the political power of the Catholic Church).",4408,The social unrest comes to a head in the violent political upheaval which sweeps away the traditionally and hierarchical,claim
"The social unrest comes to a head in the violent political upheaval which sweeps away the traditionally and hierarchically structured ancien régime (the monarchy, the privileges of the nobility, the political power of the Catholic Church).",4408,Catholic Church,namedEntity+claim
"The social unrest comes to a head in the violent political upheaval which sweeps away the traditionally and hierarchically structured ancien régime (the monarchy, the privileges of the nobility, the political power of the Catholic Church).",4408,).,claim
FOR GOD AND COUNTRY.,4413,FOR ,request
FOR GOD AND COUNTRY.,4413,GOD,request+namedEntity
FOR GOD AND COUNTRY.,4413, AND COUNTRY.,request
riot,4414,riot,claim
MSM,4415,MSM,claim
Biblical.,4418,Biblical.,prediction
Armor of God,4429,Armor of ,request
Armor of God,4429,God,request+namedEntity
Armor of God,4429,armor of ,request
Armor of God,4429,God,request+namedEntity
Armor of God,4429,armor of ,request
Armor of God,4429,God,request+namedEntity
The Great Awakening,4429,The Great Awakening,claim
"Godspeed, Patriot.",443,"Godspeed, ",request
"Godspeed, Patriot.",443,Patriot,request+namedEntity
"Godspeed, Patriot.",443,.,request
Anons,4438,Anons,claim
vote-by-mail,4446,vote-by-mail,question
Anons,4450,Anons,question
VOTE-BY-MAIL,4454,VOTE-BY-MAIL,question
vote-by-mail,4455,vote-by-mail,question
subpoena,4456,subpoena,claim
DECLAS,4457,DECLAS,question
GOD WINS.,4461,GOD,namedEntity+claim
GOD WINS.,4461, WINS.,claim
Put on the full armor of God so that you can take your stand against the devil's schemes.,4463,Put on the full armor of ,request
Put on the full armor of God so that you can take your stand against the devil's schemes.,4463,God,request+namedEntity
Put on the full armor of God so that you can take your stand against the devil's schemes.,4463, so that you can take your stand against the devil's schemes.,request
Biblical Times.,4465,Biblical Times.,prediction
"When in the Course of human events it becomes necessary for one people to dissolve the political bands which have connected them with another and to assume among the powers of the earth, the separate and equal station to which the Laws of Nature and of Nature's God entitle them, a decent respect to the opinions of mankind requires that they should declare the causes which impel them to the separation.",4466,When in the Course of human events it becomes necessary for one people to dissolve the political bands which have connec,request
"When in the Course of human events it becomes necessary for one people to dissolve the political bands which have connected them with another and to assume among the powers of the earth, the separate and equal station to which the Laws of Nature and of Nature's God entitle them, a decent respect to the opinions of mankind requires that they should declare the causes which impel them to the separation.",4466,God,request+namedEntity
"When in the Course of human events it becomes necessary for one people to dissolve the political bands which have connected them with another and to assume among the powers of the earth, the separate and equal station to which the Laws of Nature and of Nature's God entitle them, a decent respect to the opinions of mankind requires that they should declare the causes which impel them to the separation.",4466," entitle them, a decent respect to the opinions of mankind requires that they should declare the causes which impel them",request
"Old Glory knows not what color skin carries her - only that for which it stands - one Nation under God, indivisible, with Liberty and JUSTICE FOR ALL.",4469,Old Glory knows not what color skin carries her - only that for which it stands - one Nation under ,claim
"Old Glory knows not what color skin carries her - only that for which it stands - one Nation under God, indivisible, with Liberty and JUSTICE FOR ALL.",4469,God,namedEntity+claim
"Old Glory knows not what color skin carries her - only that for which it stands - one Nation under God, indivisible, with Liberty and JUSTICE FOR ALL.",4469,", indivisible, with Liberty and JUSTICE FOR ALL.",claim
protests,4476,protests,claim
COVID,4476,COVID,namedEntity
COVID,4476,COVID,namedEntity
vote-by-mail,4477,vote-by-mail,question
COVID,4489,COVID,namedEntity+claim
COVID,4489,COVID,namedEntity
COVID,4489,COVID,namedEntity
bribes,4489,bribes,claim
protests,4489,protests,claim
COVID,4489,COVID,namedEntity+claim
COVID,4489,COVID,namedEntity+claim
Do not let the media control you [incite division and hatred for one another by use of propaganda and fear mongering [dogma - a point of view or tenet put forth as authoritative without adequate grounds]].,4491,Do not let the media control you [incite division and hatred for one another by use of propaganda and fear mongering [do,request
COVID,4492,COVID,question
COVID,4492,COVID,question
rigged election,4494,rigged election,question
WWG1WGA,4496,WWG1WGA,request
WWG1WGA,4517,WWG1WGA,request
WWG1WGA,4518,WWG1WGA,request
WWG1WGA,4519,WWG1WGA,request
COVID,4522,COVID,question+namedEntity
Praying for a swift recovery to your back [keep fighting!,4523,Praying for a swift recovery to your back ,claim
Praying for a swift recovery to your back [keep fighting!,4523,[keep fighting!,claim+bracketCode
WWG1WGA,4523,WWG1WGA,request
censorship,4526,censorship,claim
God bless,4530,God,request+namedEntity
God bless,4530, bless,request
WWG1WGA,4530,WWG1WGA,request
WWG1WGA,4531,WWG1WGA,request
Divided by religion.,4535,Divided by religion.,claim
COVID,4537,COVID,question+namedEntity
whistleblower,4539,whistleblower,question
riots,4541,riots,prediction
pandemic,4541,pandemic,prediction
conviction,4541,conviction,claim
spiritual battle,4541,spiritual battle,claim
Child Abuse,4542,Child Abuse,claim
mainstream media,4542,mainstream media,claim
Heaven knows how to put a proper price upon its goods; and it would be strange indeed if so celestial an article as FREEDOM should not be highly rated.,4544,Heaven knows how to put a proper price upon its goods; and it would be strange indeed if so celestial an article as FREE,claim
mainstream media,4545,mainstream media,claim
protests_riots,4546,protests_riots,bracketCode
coronavirus,4548,coronavirus,claim
election fraud,4551,election fraud,question
Censorship,4553,Censorship,question+request
Define 'Dogma'.,4553,Define 'Dogma'.,question+request
Censorship,4553,Censorship,claim
FAKE NEWS,4553,FAKE NEWS,claim+bracketCode
Censorship,4553,Censorship,claim
Censorship,4553,Censorship,claim
Non-blue checkmarks then defend and promote attacker(s) [blues] viewpoint(s) [leftwing 'cult'] to instill echo_chamber wall-to-wall amplified narrative for each designated subject.,4556,Non-blue checkmarks then defend and promote attacker(s) ,claim
Non-blue checkmarks then defend and promote attacker(s) [blues] viewpoint(s) [leftwing 'cult'] to instill echo_chamber wall-to-wall amplified narrative for each designated subject.,4556,[blues],claim+bracketCode
Non-blue checkmarks then defend and promote attacker(s) [blues] viewpoint(s) [leftwing 'cult'] to instill echo_chamber wall-to-wall amplified narrative for each designated subject.,4556, viewpoint(s) ,claim
Non-blue checkmarks then defend and promote attacker(s) [blues] viewpoint(s) [leftwing 'cult'] to instill echo_chamber wall-to-wall amplified narrative for each designated subject.,4556,[leftwing 'cult'],claim+bracketCode
Non-blue checkmarks then defend and promote attacker(s) [blues] viewpoint(s) [leftwing 'cult'] to instill echo_chamber wall-to-wall amplified narrative for each designated subject.,4556, to instill echo_chamber wall-to-wall amplified narrative for each designated subject.,claim
Biblical.,4557,Biblical.,prediction
WWG1WGA,4558,WWG1WGA,request
"There was a time when these UNITED STATES OF AMERICA, ONE NATION UNDER GOD, was UNITED.",4559,There was a time when these ,claim
"There was a time when these UNITED STATES OF AMERICA, ONE NATION UNDER GOD, was UNITED.",4559,UNITED STATES,namedEntity+claim
"There was a time when these UNITED STATES OF AMERICA, ONE NATION UNDER GOD, was UNITED.",4559, OF AMERICA,namedEntity+claim
"There was a time when these UNITED STATES OF AMERICA, ONE NATION UNDER GOD, was UNITED.",4559,", ONE NATION UNDER ",claim
"There was a time when these UNITED STATES OF AMERICA, ONE NATION UNDER GOD, was UNITED.",4559,GOD,namedEntity+claim
"There was a time when these UNITED STATES OF AMERICA, ONE NATION UNDER GOD, was UNITED.",4559,", was UNITED.",claim
God bless,457,God,request+namedEntity
God bless,457, bless,request
WWG1WGA,4571,WWG1WGA,request
PRAY for,458,PRAY for,request
CDC,4584,CDC,question+namedEntity
riots,4592,riots,question
WWG1WGA,4593,WWG1WGA,request
DECLAS,4598,DECLAS,request+bracketCode
MSM,46,MSM,question
"""Free thought"" is a philosophical viewpoint which holds that positions regarding truth should be formed on the basis of logic, reason, and empiricism, rather than authority, tradition, revelation, or dogma.",4602,"""Free thought"" is a philosophical viewpoint which holds that positions regarding truth should be formed on the basis of ",claim
FVEY,4603,FVEY,namedEntity
FVEY,4603,FVEY,namedEntity
God Bless,4608,God,request+namedEntity
God Bless,4608, Bless,request
Anons,4609,Anons,claim
WWG1WGA,4616,WWG1WGA,request
DECLAS,4620,DECLAS,claim
Impeachment,4620,Impeachment,claim
Impeachment,4620,Impeachment,claim+bracketCode
CDC,4620,CDC,namedEntity+claim+bracketCode
Eliminate ability to find peace – strength in time of need [strict Church closures],4620,Eliminate ability to find peace – strength in time of need ,claim
Eliminate ability to find peace – strength in time of need [strict Church closures],4620,[strict Church closures],claim+bracketCode
censorship,4620,censorship,request
Indictments,4621,Indictments,bracketCode
Indictments,4621,Indictments,bracketCode
censored,4622,censored,question
Epstein island,4623,Epstein,namedEntity
Epstein island,4623, island,namedEntity
riots,4627,riots,question
Republican activist and Christian Coalition leader Beverly Russell admitted to an incestuous relationship with his step daughter.,4631,Republican activist and Christian Coalition leader ,claim
Republican activist and Christian Coalition leader Beverly Russell admitted to an incestuous relationship with his step daughter.,4631,Beverly Russell,namedEntity+claim
Republican activist and Christian Coalition leader Beverly Russell admitted to an incestuous relationship with his step daughter.,4631, admitted to an incestuous relationship with his step daughter.,claim
"Republican city councilman Mark Harris, who is described as a “good military man” and “church goer,” was convicted of repeatedly having sex with an 11-year-old girl and sentenced to 12 years in prison.",4632,Republican city councilman ,claim
"Republican city councilman Mark Harris, who is described as a “good military man” and “church goer,” was convicted of repeatedly having sex with an 11-year-old girl and sentenced to 12 years in prison.",4632,Mark Harris,namedEntity+claim
"Republican city councilman Mark Harris, who is described as a “good military man” and “church goer,” was convicted of repeatedly having sex with an 11-year-old girl and sentenced to 12 years in prison.",4632,", who is described as a “good military man” and “church goer,” was convicted of repeatedly having sex with an 11-year-ol",claim
"Republican benefactor of conservative Christian groups, Richard A. Dasen Sr.,",4633,"Republican benefactor of conservative Christian groups, Richard A. Dasen Sr.,",claim
Then: SA carried out unchecked street violence against Jews and Nazi opponents,4635,Then: ,claim
Then: SA carried out unchecked street violence against Jews and Nazi opponents,4635,SA,namedEntity+claim
Then: SA carried out unchecked street violence against Jews and Nazi opponents,4635, carried out unchecked street violence against Jews and ,claim
Then: SA carried out unchecked street violence against Jews and Nazi opponents,4635,Nazi,namedEntity+claim
Then: SA carried out unchecked street violence against Jews and Nazi opponents,4635, opponents,claim
rioters,4635,rioters,question
censorship,4635,censorship,claim
WWG1WGA,4637,WWG1WGA,request
whistleblower,4640,whistleblower,claim
whistleblower,4640,whistleblower,question+bracketCode
whistleblower,4640,whistleblower,question+bracketCode
whistleblower,4640,whistleblower,question+bracketCode
Ballot harvest,4640,Ballot harvest,claim
FOR GOD AND COUNTRY.,4641,FOR ,request
FOR GOD AND COUNTRY.,4641,GOD,request+namedEntity
FOR GOD AND COUNTRY.,4641, AND COUNTRY.,request
God bless,4643,God,request+namedEntity
God bless,4643, bless,request
Media blackout,4644,Media blackout,claim
MSM,4645,MSM,question
God bless,4648,God,request+namedEntity
God bless,4648, bless,request
an apostate from a religious faith.,4656,an apostate from a religious faith.,claim
protests,4672,protests,claim
protests,4672,protests,claim
ballot harvest,4688,ballot harvest,request
administration,4688,administration,request
administration,4688,administration,claim
Pandemic,4688,Pandemic,claim
Isolate faithful from each other _remove ability to attend Church [house of worship],4688,Isolate faithful from each other _remove ability to attend Church ,claim
Isolate faithful from each other _remove ability to attend Church [house of worship],4688,[house of worship],claim+bracketCode
censorship,4688,censorship,claim
riots,4699,riots,question
Riots,4722,Riots,claim
Riots,4722,riots,prediction
God bless,473,God,request+namedEntity
God bless,473, bless,request
lockdown,4738,lockdown,question
ballot harvest,4738,ballot harvest,question+bracketCode
riots,4738,riots,question
bribe,4738,bribe,question+bracketCode
surveillance,4738,surveillance,claim+bracketCode
Impeachment,4738,Impeachment,claim
armor of God,4739,armor of ,request
armor of God,4739,God,request+namedEntity
THE GREAT AWAKENING,474,THE GREAT AWAKENING,claim
mainstream media,4741,mainstream media,question
sex trafficking,4742,sex trafficking,question
Why does the media pit religion v religion?,4748,Why does the media pit religion v religion?,question
Anons,4760,Anons,claim
Conflict of interest,4777,Conflict of interest,question
PAY-TO-PLAY,4782,PAY-TO-PLAY,claim+bracketCode
declassification,4794,declassification,claim
When does a Church become a playground?,4799,When does a Church become a playground?,question
Fake news,4802,Fake news,claim
Impeachment,4802,Impeachment,claim
CDC,4802,CDC,namedEntity+claim
DECLAS,4802,DECLAS,question
censorship,4802,censorship,question
CDC,4802,cdc,namedEntity
CDC,4802,CDC,question+namedEntity
GOD BLESS,481,GOD,request+namedEntity
GOD BLESS,481, BLESS,request
CDC,4813,CDC,question+namedEntity
censored,4814,censored,question
Impeachment,4817,Impeachment,claim
BRIBES,4821,BRIBES,question
BRIBES,4822,BRIBES,question
subpoena,4831,subpoena,question
Who are the Muslim Brotherhood?,484,Who are the ,question
Who are the Muslim Brotherhood?,484,Muslim Brotherhood,question+namedEntity
Who are the Muslim Brotherhood?,484,?,question
bribes,4845,bribes,claim
FAKE NEWS,4856,FAKE NEWS,claim
Anon,4861,Anon,request
impeached,4872,impeached,question
Anons,4873,Anons,claim
Anon,4878,Anon,claim
God bless,488,God,request+namedEntity
God bless,488, bless,request
WWG1WGA,4880,WWG1WGA,request
Anons,4881,Anons,claim
Anons,4881,Anons,claim
convicted,4893,convicted,claim
God bless,490,God,request+namedEntity
God bless,490, bless,request
God bless,4923,God,request+namedEntity
God bless,4923, bless,request
Watergate,4933,Watergate,namedEntity+claim
Bribes,4959,Bribes,question
surveillance,4961,surveillance,claim
Whistleblowers,4963,Whistleblowers,namedEntity
Ascension.,4963,Ascension.,prediction
Be aware of false prophets.,4964,Be aware of false prophets.,request
Ascension.,4966,Ascension.,prediction
indictment,5,indictment,question
God bless,51,God,request+namedEntity
God bless,51, bless,request
DEFCON,510,DEFCON,claim
DEFCON,511,DEFCON,claim
FAKE NEWS,513,FAKE NEWS,request
qresearch,518,qresearch,claim
NO SUCH AGENCY,520,NO SUCH AGENCY,namedEntity
Chain Of Command,521,Chain Of Command,question
Jeremiah 29:11,522,Jeremiah 29:11,namedEntity
"Mezvinsky was born in Philadelphia, Pennsylvania, and grew up attending a Conservative Jewish synagogue.[2] His parents are both former Democratic members of the U.S. House of Representatives.",526,"Mezvinsky was born in Philadelphia, ",claim
"Mezvinsky was born in Philadelphia, Pennsylvania, and grew up attending a Conservative Jewish synagogue.[2] His parents are both former Democratic members of the U.S. House of Representatives.",526,Pennsylvania,namedEntity+claim
"Mezvinsky was born in Philadelphia, Pennsylvania, and grew up attending a Conservative Jewish synagogue.[2] His parents are both former Democratic members of the U.S. House of Representatives.",526,[2],bracketCode
"Mezvinsky was born in Philadelphia, Pennsylvania, and grew up attending a Conservative Jewish synagogue.[2] His parents are both former Democratic members of the U.S. House of Representatives.",526,His parents are both former Democratic members of the ,claim
"Mezvinsky was born in Philadelphia, Pennsylvania, and grew up attending a Conservative Jewish synagogue.[2] His parents are both former Democratic members of the U.S. House of Representatives.",526,U.S.,namedEntity+claim
"Mezvinsky was born in Philadelphia, Pennsylvania, and grew up attending a Conservative Jewish synagogue.[2] His parents are both former Democratic members of the U.S. House of Representatives.",526,House of Representatives,namedEntity+claim
conviction,526,conviction,claim
MSM,529,MSM,prediction
MSM,529,MSM,claim
MSM,529,MSM,claim
anon,531,anon,claim
MSM,532,MSM,claim
GOD BLESS,533,GOD,request+namedEntity
GOD BLESS,533, BLESS,request
GOD BLESS,533,GOD,request+namedEntity
GOD BLESS,533, BLESS,request
NO SUCH AGENCY,537,NO SUCH AGENCY,namedEntity+claim
declares the LORD,54,declares the ,request
declares the LORD,54,LORD,request+namedEntity
FISA,541,FISA,question+namedEntity
THE GREAT AWAKENING,543,THE GREAT AWAKENING,claim
God bless,55,God,request+namedEntity
God bless,55, bless,request
FISA,553,FISA,question+namedEntity
FISA,553,FISA,question+namedEntity
"The Clinton campaign is attempting once again to sweep important questions under the rug about top aide Huma Abedin, her family ties to the Muslim Brotherhood and to Saudi Arabia, and her role in the ballooning Clinton email scandal.",56,The ,claim
"The Clinton campaign is attempting once again to sweep important questions under the rug about top aide Huma Abedin, her family ties to the Muslim Brotherhood and to Saudi Arabia, and her role in the ballooning Clinton email scandal.",56,Clinton,namedEntity+claim
"The Clinton campaign is attempting once again to sweep important questions under the rug about top aide Huma Abedin, her family ties to the Muslim Brotherhood and to Saudi Arabia, and her role in the ballooning Clinton email scandal.",56," campaign is attempting once again to sweep important questions under the rug about top aide Huma Abedin, her family tie",claim
"The Clinton campaign is attempting once again to sweep important questions under the rug about top aide Huma Abedin, her family ties to the Muslim Brotherhood and to Saudi Arabia, and her role in the ballooning Clinton email scandal.",56,Muslim Brotherhood,namedEntity+claim
"The Clinton campaign is attempting once again to sweep important questions under the rug about top aide Huma Abedin, her family ties to the Muslim Brotherhood and to Saudi Arabia, and her role in the ballooning Clinton email scandal.",56," and to Saudi Arabia, and her role in the ballooning ",claim
"The Clinton campaign is attempting once again to sweep important questions under the rug about top aide Huma Abedin, her family ties to the Muslim Brotherhood and to Saudi Arabia, and her role in the ballooning Clinton email scandal.",56,Clinton,namedEntity+claim
"The Clinton campaign is attempting once again to sweep important questions under the rug about top aide Huma Abedin, her family ties to the Muslim Brotherhood and to Saudi Arabia, and her role in the ballooning Clinton email scandal.",56, email scandal.,claim
MSM,561,MSM,claim
JUDGEMENT DAY.,561,JUDGEMENT DAY.,prediction
THEY WANT RELIGIOUS WARS.,563,THEY WANT RELIGIOUS WARS,claim
MSM,564,MSM,claim
MSM,564,MSM,claim
Defcon,568,Defcon,claim+bracketCode
"Senator McCain and others roundly criticized Rep. Michele Bachmann in 2012 when she and four members of the House Permanent Select Committee Intelligence and the House Judiciary Committee cited Ms. Abedin in letters sent to the Inspectors General of the Department of Defense, Department of State, Department of Justice, Department of Homeland Security, and the Office of the Director of National Intelligence, warning about Muslim Brotherhood infiltration of the United States government.",57,Senator ,claim
"Senator McCain and others roundly criticized Rep. Michele Bachmann in 2012 when she and four members of the House Permanent Select Committee Intelligence and the House Judiciary Committee cited Ms. Abedin in letters sent to the Inspectors General of the Department of Defense, Department of State, Department of Justice, Department of Homeland Security, and the Office of the Director of National Intelligence, warning about Muslim Brotherhood infiltration of the United States government.",57,McCain,namedEntity+claim
"Senator McCain and others roundly criticized Rep. Michele Bachmann in 2012 when she and four members of the House Permanent Select Committee Intelligence and the House Judiciary Committee cited Ms. Abedin in letters sent to the Inspectors General of the Department of Defense, Department of State, Department of Justice, Department of Homeland Security, and the Office of the Director of National Intelligence, warning about Muslim Brotherhood infiltration of the United States government.",57, and others roundly criticized Rep.,claim
"Senator McCain and others roundly criticized Rep. Michele Bachmann in 2012 when she and four members of the House Permanent Select Committee Intelligence and the House Judiciary Committee cited Ms. Abedin in letters sent to the Inspectors General of the Department of Defense, Department of State, Department of Justice, Department of Homeland Security, and the Office of the Director of National Intelligence, warning about Muslim Brotherhood infiltration of the United States government.",57,Michele Bachmann,namedEntity+claim
"Senator McCain and others roundly criticized Rep. Michele Bachmann in 2012 when she and four members of the House Permanent Select Committee Intelligence and the House Judiciary Committee cited Ms. Abedin in letters sent to the Inspectors General of the Department of Defense, Department of State, Department of Justice, Department of Homeland Security, and the Office of the Director of National Intelligence, warning about Muslim Brotherhood infiltration of the United States government.",57, in 2012 when she and four members of the ,claim
"Senator McCain and others roundly criticized Rep. Michele Bachmann in 2012 when she and four members of the House Permanent Select Committee Intelligence and the House Judiciary Committee cited Ms. Abedin in letters sent to the Inspectors General of the Department of Defense, Department of State, Department of Justice, Department of Homeland Security, and the Office of the Director of National Intelligence, warning about Muslim Brotherhood infiltration of the United States government.",57,House Permanent Select Committee Intelligence,namedEntity+claim
"Senator McCain and others roundly criticized Rep. Michele Bachmann in 2012 when she and four members of the House Permanent Select Committee Intelligence and the House Judiciary Committee cited Ms. Abedin in letters sent to the Inspectors General of the Department of Defense, Department of State, Department of Justice, Department of Homeland Security, and the Office of the Director of National Intelligence, warning about Muslim Brotherhood infiltration of the United States government.",57, and the ,claim
"Senator McCain and others roundly criticized Rep. Michele Bachmann in 2012 when she and four members of the House Permanent Select Committee Intelligence and the House Judiciary Committee cited Ms. Abedin in letters sent to the Inspectors General of the Department of Defense, Department of State, Department of Justice, Department of Homeland Security, and the Office of the Director of National Intelligence, warning about Muslim Brotherhood infiltration of the United States government.",57,House Judiciary Committee,namedEntity+claim
"Senator McCain and others roundly criticized Rep. Michele Bachmann in 2012 when she and four members of the House Permanent Select Committee Intelligence and the House Judiciary Committee cited Ms. Abedin in letters sent to the Inspectors General of the Department of Defense, Department of State, Department of Justice, Department of Homeland Security, and the Office of the Director of National Intelligence, warning about Muslim Brotherhood infiltration of the United States government.",57, cited Ms.,claim
"Senator McCain and others roundly criticized Rep. Michele Bachmann in 2012 when she and four members of the House Permanent Select Committee Intelligence and the House Judiciary Committee cited Ms. Abedin in letters sent to the Inspectors General of the Department of Defense, Department of State, Department of Justice, Department of Homeland Security, and the Office of the Director of National Intelligence, warning about Muslim Brotherhood infiltration of the United States government.",57,Abedin,namedEntity+claim
"Senator McCain and others roundly criticized Rep. Michele Bachmann in 2012 when she and four members of the House Permanent Select Committee Intelligence and the House Judiciary Committee cited Ms. Abedin in letters sent to the Inspectors General of the Department of Defense, Department of State, Department of Justice, Department of Homeland Security, and the Office of the Director of National Intelligence, warning about Muslim Brotherhood infiltration of the United States government.",57, in letters sent to the Inspectors General of the ,claim
"Senator McCain and others roundly criticized Rep. Michele Bachmann in 2012 when she and four members of the House Permanent Select Committee Intelligence and the House Judiciary Committee cited Ms. Abedin in letters sent to the Inspectors General of the Department of Defense, Department of State, Department of Justice, Department of Homeland Security, and the Office of the Director of National Intelligence, warning about Muslim Brotherhood infiltration of the United States government.",57,Department of Defense,namedEntity+claim
"Senator McCain and others roundly criticized Rep. Michele Bachmann in 2012 when she and four members of the House Permanent Select Committee Intelligence and the House Judiciary Committee cited Ms. Abedin in letters sent to the Inspectors General of the Department of Defense, Department of State, Department of Justice, Department of Homeland Security, and the Office of the Director of National Intelligence, warning about Muslim Brotherhood infiltration of the United States government.",57,", ",claim
"Senator McCain and others roundly criticized Rep. Michele Bachmann in 2012 when she and four members of the House Permanent Select Committee Intelligence and the House Judiciary Committee cited Ms. Abedin in letters sent to the Inspectors General of the Department of Defense, Department of State, Department of Justice, Department of Homeland Security, and the Office of the Director of National Intelligence, warning about Muslim Brotherhood infiltration of the United States government.",57,Department of State,namedEntity+claim
"Senator McCain and others roundly criticized Rep. Michele Bachmann in 2012 when she and four members of the House Permanent Select Committee Intelligence and the House Judiciary Committee cited Ms. Abedin in letters sent to the Inspectors General of the Department of Defense, Department of State, Department of Justice, Department of Homeland Security, and the Office of the Director of National Intelligence, warning about Muslim Brotherhood infiltration of the United States government.",57,", ",claim
"Senator McCain and others roundly criticized Rep. Michele Bachmann in 2012 when she and four members of the House Permanent Select Committee Intelligence and the House Judiciary Committee cited Ms. Abedin in letters sent to the Inspectors General of the Department of Defense, Department of State, Department of Justice, Department of Homeland Security, and the Office of the Director of National Intelligence, warning about Muslim Brotherhood infiltration of the United States government.",57,Department of Justice,namedEntity+claim
"Senator McCain and others roundly criticized Rep. Michele Bachmann in 2012 when she and four members of the House Permanent Select Committee Intelligence and the House Judiciary Committee cited Ms. Abedin in letters sent to the Inspectors General of the Department of Defense, Department of State, Department of Justice, Department of Homeland Security, and the Office of the Director of National Intelligence, warning about Muslim Brotherhood infiltration of the United States government.",57,", ",claim
"Senator McCain and others roundly criticized Rep. Michele Bachmann in 2012 when she and four members of the House Permanent Select Committee Intelligence and the House Judiciary Committee cited Ms. Abedin in letters sent to the Inspectors General of the Department of Defense, Department of State, Department of Justice, Department of Homeland Security, and the Office of the Director of National Intelligence, warning about Muslim Brotherhood infiltration of the United States government.",57,Department of Homeland Security,namedEntity+claim
"Senator McCain and others roundly criticized Rep. Michele Bachmann in 2012 when she and four members of the House Permanent Select Committee Intelligence and the House Judiciary Committee cited Ms. Abedin in letters sent to the Inspectors General of the Department of Defense, Department of State, Department of Justice, Department of Homeland Security, and the Office of the Director of National Intelligence, warning about Muslim Brotherhood infiltration of the United States government.",57,", and the ",claim
"Senator McCain and others roundly criticized Rep. Michele Bachmann in 2012 when she and four members of the House Permanent Select Committee Intelligence and the House Judiciary Committee cited Ms. Abedin in letters sent to the Inspectors General of the Department of Defense, Department of State, Department of Justice, Department of Homeland Security, and the Office of the Director of National Intelligence, warning about Muslim Brotherhood infiltration of the United States government.",57,Office of the Director of National Intelligence,namedEntity+claim
"Senator McCain and others roundly criticized Rep. Michele Bachmann in 2012 when she and four members of the House Permanent Select Committee Intelligence and the House Judiciary Committee cited Ms. Abedin in letters sent to the Inspectors General of the Department of Defense, Department of State, Department of Justice, Department of Homeland Security, and the Office of the Director of National Intelligence, warning about Muslim Brotherhood infiltration of the United States government.",57,", warning about ",claim
"Senator McCain and others roundly criticized Rep. Michele Bachmann in 2012 when she and four members of the House Permanent Select Committee Intelligence and the House Judiciary Committee cited Ms. Abedin in letters sent to the Inspectors General of the Department of Defense, Department of State, Department of Justice, Department of Homeland Security, and the Office of the Director of National Intelligence, warning about Muslim Brotherhood infiltration of the United States government.",57,Muslim Brotherhood,namedEntity+claim
"Senator McCain and others roundly criticized Rep. Michele Bachmann in 2012 when she and four members of the House Permanent Select Committee Intelligence and the House Judiciary Committee cited Ms. Abedin in letters sent to the Inspectors General of the Department of Defense, Department of State, Department of Justice, Department of Homeland Security, and the Office of the Director of National Intelligence, warning about Muslim Brotherhood infiltration of the United States government.",57, infiltration of the ,claim
"Senator McCain and others roundly criticized Rep. Michele Bachmann in 2012 when she and four members of the House Permanent Select Committee Intelligence and the House Judiciary Committee cited Ms. Abedin in letters sent to the Inspectors General of the Department of Defense, Department of State, Department of Justice, Department of Homeland Security, and the Office of the Director of National Intelligence, warning about Muslim Brotherhood infiltration of the United States government.",57,United States,namedEntity+claim
"Senator McCain and others roundly criticized Rep. Michele Bachmann in 2012 when she and four members of the House Permanent Select Committee Intelligence and the House Judiciary Committee cited Ms. Abedin in letters sent to the Inspectors General of the Department of Defense, Department of State, Department of Justice, Department of Homeland Security, and the Office of the Director of National Intelligence, warning about Muslim Brotherhood infiltration of the United States government.",57, government.,claim
FISA,570,FISA,namedEntity+claim
MSM,570,MSM,claim
amen,570,amen,claim
electoral college,570,electoral college,claim
MSM,570,MSM,claim
censoring,570,censoring,claim
The Great Awakening,570,The Great Awakening,claim
MSM,571,MSM,claim
THE GREAT AWAKENING,572,THE GREAT AWAKENING,claim
No Such Agency,575,No Such Agency,namedEntity+claim+bracketCode
No Such Agency,576,No Such Agency,namedEntity
assassination,586,assassination,question
special counsel,586,special counsel,question
human trafficking,586,human trafficking,claim
PRAY.,587,PRAY.,request
MSM,59,MSM,question
MSM,59,MSM,request
MSM,59,MSM,question
indictment,6,indictment,question
GOD BLESS,603,GOD,request+namedEntity
GOD BLESS,603, BLESS,request
No Such Agency,605,No Such Agency,namedEntity
censorship,605,censorship,claim
God be with you and your family during this difficult time.,611,God,namedEntity+claim
God be with you and your family during this difficult time.,611, be with you and your family during this difficult time.,claim
MSM,617,MSM,claim
Whistleblowers,628,Whistleblowers,question+bracketCode
God bless,64,God,request+namedEntity
God bless,64, bless,request
Narrative shift,643,Narrative shift,claim
FISA,643,FISA,question+namedEntity
fake news,67,fake news,question
bribes,67,bribes,question
Slush fund,67,Slush fund,question
The council of Wizards & Warlocks cannot be defeated.,67,The council of Wizards & Warlocks cannot be defeated.,claim
big pharma,693,big pharma,question
chain of command,693,chain of command,prediction
cabinet,7,cabinet,claim
indicting,7,indicting,claim
indicting,7,indicting,claim
cabinet,7,cabinet,claim
bribed,70,bribed,question
God bless,70,God,request+namedEntity
God bless,70, bless,request
The Great Awakening,70,The Great Awakening,claim
Who is the Muslim Brotherhood?,71,Who is the ,question
Who is the Muslim Brotherhood?,71,Muslim Brotherhood,question+namedEntity
Who is the Muslim Brotherhood?,71,?,question
PRAY.,713,PRAY.,request
Anon,72,Anon,claim
investigation into,722,investigation into,question
money laundering,732,money laundering,question+request
Godspeed.,737,Godspeed.,request
God bless,74,God,request+namedEntity
God bless,74, bless,request
big pharma,750,big pharma,claim
MILITARY INTELLIGENCE,755,MILITARY INTELLIGENCE,namedEntity
MILITARY INTELLIGENCE,755,MILITARY INTELLIGENCE,namedEntity
MILITARY INTELLIGENCE,755,MILITARY INTELLIGENCE,namedEntity
MILITARY INTELLIGENCE,755,MILITARY INTELLIGENCE,namedEntity
MILITARY INTELLIGENCE,755,MILITARY INTELLIGENCE,namedEntity
bribed,76,bribed,question
God bless,76,God,request+namedEntity
God bless,76, bless,request
The Great Awakening,76,The Great Awakening,claim
Anon,766,Anon,claim
GOD BLESS,767,GOD,request+namedEntity
GOD BLESS,767, BLESS,request
MSM,768,MSM,question
MSM,768,MSM,request
Who is the Muslim Brotherhood?,77,Who is the ,question
Who is the Muslim Brotherhood?,77,Muslim Brotherhood,question+namedEntity
Who is the Muslim Brotherhood?,77,?,question
Big Pharma,777,Big Pharma,question
SLUSH FUND,779,SLUSH FUND,claim
God bless,78,God,request+namedEntity
God bless,78, bless,request
indictment,780,indictment,claim
indictment,780,indictment,claim
No Such Agency,783,No Such Agency,namedEntity
The Great Awakening,786,The Great Awakening,claim
"""For I know the plans I have for you,” declares the Lord, “plans to prosper you and not to harm you, plans to give you hope and a future.""",791,"For I know the plans I have for you,” declares the ",request
"""For I know the plans I have for you,” declares the Lord, “plans to prosper you and not to harm you, plans to give you hope and a future.""",791,Lord,request+namedEntity
"""For I know the plans I have for you,” declares the Lord, “plans to prosper you and not to harm you, plans to give you hope and a future.""",791,", “plans to prosper you and not to harm you, plans to give you hope and a future.",request
GO WITH GOD.,793,GO WITH ,request
GO WITH GOD.,793,GOD,request+namedEntity
GO WITH GOD.,793,.,request
"HRC, Muslim Brotherhood, or child?",8,HRC,question+namedEntity
"HRC, Muslim Brotherhood, or child?",8,", ",question
"HRC, Muslim Brotherhood, or child?",8,Muslim Brotherhood,question+namedEntity
"HRC, Muslim Brotherhood, or child?",8,", or child?",question
Military Intelligence,8,Military Intelligence,namedEntity+claim
Wizards & Warlocks.,80,Wizards & Warlocks.,claim
declassified,805,declassified,question+bracketCode
Wizards & Warlocks.,81,Wizards & Warlocks.,claim
MSM,818,MSM,claim
censorship,828,censorship,request
censorship,830,censorship,question
Sentence,831,Sentence,claim
MSM,832,MSM,claim
IG report,834,IG,question+namedEntity
IG report,834, report,question
MSM,834,MSM,claim
Censorship,836,Censorship,claim
GOD BLESS,837,GOD,request+namedEntity
GOD BLESS,837, BLESS,request
MSM,839,MSM,question
Censorship,839,Censorship,claim
God bless,856,God,namedEntity
Anon,861,Anon,request
MSM,862,MSM,question
MSM,868,MSM,claim+bracketCode
MSM,877,MSM,claim
MSM,88,MSM,claim
The Great Awakening,88,The Great Awakening,claim
MSM,886,MSM,prediction
DEFCON,887,DEFCON,claim
No Such Agency,887,No Such Agency,namedEntity+claim
Anon,89,Anon,request
investigation into,89,investigation into,claim
MSM,891,MSM,request
censorship,895,censorship,claim
the great awakening,9,the great awakening,prediction
MSM,9,MSM,claim
Godspeed.,902,Godspeed.,request
Five Eyes,912,Five Eyes,namedEntity+claim
FAKE NEWS,919,FAKE NEWS,request
The spirit cooking discovery is bigger than you know.,924,The spirit cooking discovery is bigger than you know.,claim
Good vs Evil,925,Good vs Evil,claim
administration,927,administration,claim
MSM,932,MSM,claim
God bless,937,God,request+namedEntity
God bless,937, bless,request
assassination,942,assassination,claim
God bless,95,God,request+namedEntity
God bless,95, bless,request
Impeach,953,Impeach,claim
MSM,959,MSM,claim
algorithm,959,algorithm,claim
God bless,96,God,request+namedEntity
God bless,96, bless,request
COLD WAR,964,COLD WAR,request
censorship,964,censorship,claim
Election FRAUD,964,Election FRAUD,claim
NATIONAL SECURITY,964,NATIONAL SECURITY,claim
NATIONAL SECURITY,964,NATIONAL SECURITY,claim
fisa,972,fisa,url
MSM,972,MSM,prediction
sentence,98,sentence,request
MSM,980,MSM,question
IG report,988,IG,namedEntity+claim
IG report,988, report,claim
MSM,99,MSM,namedEntity
WWG1WGA,992,WWG1WGA,request
MSM,996,MSM,question
[Pope] will be having a terrible May.,997,[,prediction+bracketCode
[Pope] will be having a terrible May.,997,Pope,namedEntity+prediction+bracketCode
[Pope] will be having a terrible May.,997,],prediction+bracketCode
[Pope] will be having a terrible May.,997, will be having a terrible May.,prediction
Why is Epstein spending $29mm to bury the tunnels underneath is temple on Epstein Island?,999,Why is ,question
Why is Epstein spending $29mm to bury the tunnels underneath is temple on Epstein Island?,999,Epstein,question+namedEntity
Why is Epstein spending $29mm to bury the tunnels underneath is temple on Epstein Island?,999, spending $29mm to bury the tunnels underneath is temple on ,question
Why is Epstein spending $29mm to bury the tunnels underneath is temple on Epstein Island?,999,Epstein,question+namedEntity
Why is Epstein spending $29mm to bury the tunnels underneath is temple on Epstein Island?,999, Island,question+namedEntity
Why is Epstein spending $29mm to bury the tunnels underneath is temple on Epstein Island?,999,?,question
