"postNumber","postLabel","sentenceIndex","auditId","triageBucket","sentenceText","archiveRepeatCount","coverageStatus","paintedCoveragePercent","categoryCoveragePercent","unpaintedCharacters","totalCharacters","uncoveredText","uncoveredOnlyPunctuation","paintedLayers","paintedDetail","certifiedNotPainted","certifiedNotPaintedDetail","rendererMissLikely","quotedSource","quotedSourceReason","form","segmentationConfidence","routingHint","routingHintWhy","contextBefore","contextAfter","sentenceStart","sentenceEnd","postLink","finalCategory","subtype","explanation","confidence","qAuthored","quotedSourceType","needsNewCategory","proposedNewCategory","reviewStatus"
"19","#19","12","p0019-s012","E_CERTIFIED_QUOTED_SOURCE","The network which controls this false narrative which in turns keeps the black pop under control is being dismantled.","1","UNHIGHLIGHTED","0","0","99","99","The network which controls this false narrative which in turns keeps the black pop under control is being dismantled.","NO","","","evidence:QUOTED_SOURCE","evidence:QUOTED_SOURCE: ""The network which controls this false narrative which in turns keeps the black pop under control is being dismantled.""","NO","YES","sustained prose block — pasted or quoted passage","complete_sentence","HIGH","CLAIM_CANDIDATE","declarative prose — decide Q-authored claim vs quoted claim vs aphorism","ockingbird? ⏎ What were the historical advantages D’s gained by having MSM and famous people peddling narrative? ⏎ Who exposed the pedo network within H wood? ⏎ You can’t answer the above but will laugh once disclose details.","False local and national black leaders will be exposed next as shills for the D party.  ⏎ Follow the money. ⏎ Maxine W has a $4mm home and cash assets in excess of $6mm. ⏎ How is that possible? One example. ⏎ All of these quest","734","851","https://archive.4plebs.org/pol/thread/147433975/#147443190","","","","","","","","","UNREVIEWED"
"19","#19","13","p0019-s013","E_CERTIFIED_QUOTED_SOURCE","False local and national black leaders will be exposed next as shills for the D party.","1","UNHIGHLIGHTED","0","0","71","71","False local and national black leaders will be exposed next as shills for the D party.","NO","","","evidence:QUOTED_SOURCE","evidence:QUOTED_SOURCE: ""False local and national black leaders will be exposed next as shills for the D party.""","NO","YES","sustained prose block — pasted or quoted passage","complete_sentence","HIGH","PREDICTION_CANDIDATE","future-facing language","osed the pedo network within H wood? ⏎ You can’t answer the above but will laugh once disclose details. ⏎ The network which controls this false narrative which in turns keeps the black pop under control is being dismantled.","Follow the money. ⏎ Maxine W has a $4mm home and cash assets in excess of $6mm. ⏎ How is that possible? One example. ⏎ All of these questions help to paint the full picture.","852","938","https://archive.4plebs.org/pol/thread/147433975/#147443190","","","","","","","","","UNREVIEWED"
"154","#154","15","p0154-s015","E_CERTIFIED_QUOTED_SOURCE","Our Father who art in heaven, Hallowed be thy name.","1","UNHIGHLIGHTED","0","0","42","42","Our Father who art in heaven, ⏎ Hallowed be thy name.","NO","","","evidence:QUOTED_SOURCE","evidence:QUOTED_SOURCE: ""Our Father who art in heaven, ⏎ Hallowed be thy name.""","NO","YES","scripture; scripture (continuation)","complete_sentence","MEDIUM","RELIGIOUS_THEME_CANDIDATE","religious or scriptural vocabulary — check quoted-source boundaries",". ⏎ Why do D’s push for gun control ‘directly’ after every tragic incident?  ⏎ Why is this so very important to their agenda? ⏎ We, the people, are who they are afraid of. ⏎ We, the people, are who they fear will one day awake.","Thy kingdom come. ⏎ Thy will be done ⏎ on earth as it is in heaven. ⏎ Give us this day our daily bread, ⏎ and forgive us our trespasses, ⏎ as we forgive those who trespass against us, ⏎ and lead us not into temptation, ⏎ but deliver","769","820","https://archive.4plebs.org/pol/thread/149463784/#149467690","","","","","","","","","UNREVIEWED"
"154","#154","17","p0154-s017","E_CERTIFIED_QUOTED_SOURCE","Thy will be done on earth as it is in heaven.","1","UNHIGHLIGHTED","0","0","35","35","Thy will be done ⏎ on earth as it is in heaven.","NO","","","evidence:QUOTED_SOURCE","evidence:QUOTED_SOURCE: ""Thy will be done ⏎ on earth as it is in heaven.""","NO","YES","scripture (continuation)","complete_sentence","MEDIUM","RELIGIOUS_THEME_CANDIDATE","religious or scriptural vocabulary — check quoted-source boundaries","nt?  ⏎ Why is this so very important to their agenda? ⏎ We, the people, are who they are afraid of. ⏎ We, the people, are who they fear will one day awake. ⏎ Our Father who art in heaven, ⏎ Hallowed be thy name. ⏎ Thy kingdom come.","Give us this day our daily bread, ⏎ and forgive us our trespasses, ⏎ as we forgive those who trespass against us, ⏎ and lead us not into temptation, ⏎ but deliver us from evil. ⏎ Q","839","884","https://archive.4plebs.org/pol/thread/149463784/#149467690","","","","","","","","","UNREVIEWED"
"154","#154","18","p0154-s018","E_CERTIFIED_QUOTED_SOURCE","Give us this day our daily bread, and forgive us our trespasses, as we forgive those who trespass against us,","1","PARTIAL_ONLY","6.67","0","84","90","Give ⋯ this day our daily bread, ⏎ and forgive ⋯ our trespasses, ⏎ as we forgive those who trespass against ⋯ ,","NO","namedEntity","namedEntity: ""us"" [890-892] || namedEntity: ""us"" [931-933] || namedEntity: ""us"" [991-993]","","","NO","YES","scripture (continuation)","sentence_like_no_terminal","MEDIUM","DIRECTIVE_CANDIDATE","opens with the base-form verb ""give"" and has no subject; family operational","enda? ⏎ We, the people, are who they are afraid of. ⏎ We, the people, are who they fear will one day awake. ⏎ Our Father who art in heaven, ⏎ Hallowed be thy name. ⏎ Thy kingdom come. ⏎ Thy will be done ⏎ on earth as it is in heaven.","and lead us not into temptation, ⏎ but deliver us from evil. ⏎ Q","885","994","https://archive.4plebs.org/pol/thread/149463784/#149467690","","","","","","","","","UNREVIEWED"
"154","#154","19","p0154-s019","E_CERTIFIED_QUOTED_SOURCE","and lead us not into temptation, but deliver us from evil.","1","PARTIAL_ONLY","8.33","0","44","48","and lead ⋯ not into temptation, ⏎ but deliver ⋯ from evil.","NO","namedEntity","namedEntity: ""us"" [1004-1006] || namedEntity: ""us"" [1040-1042]","evidence:QUOTED_SOURCE","evidence:QUOTED_SOURCE: ""and lead us not into temptation, ⏎ but deliver us from evil.""","NO","YES","scripture (continuation)","complete_sentence","MEDIUM","CLAIM_CANDIDATE","declarative prose — decide Q-authored claim vs quoted claim vs aphorism","ther who art in heaven, ⏎ Hallowed be thy name. ⏎ Thy kingdom come. ⏎ Thy will be done ⏎ on earth as it is in heaven. ⏎ Give us this day our daily bread, ⏎ and forgive us our trespasses, ⏎ as we forgive those who trespass against us,","Q","995","1053","https://archive.4plebs.org/pol/thread/149463784/#149467690","","","","","","","","","UNREVIEWED"
"520","#520","7","p0520-s007","E_CERTIFIED_QUOTED_SOURCE",">DEFCON 1 [non-nuke FALSE]","1","PARTIAL_ONLY","65.22","0","8","23",">DEFCON 1","NO","bracketCode","bracketCode: ""[non-nuke FALSE]"" [146-162]","evidence:QUOTED_SOURCE","evidence:QUOTED_SOURCE: "">DEFCON 1 [non-nuke FALSE]""","NO","YES","greentext excerpt","fragment_or_label","HIGH","LABEL_FRAGMENT_OR_DEVICE","short label, slogan, heading or symbolic device rather than a proposition","BIG news week? ⏎ Future proves past.  ⏎ What news was unlocked? ⏎ Do you believe in coincidences? ⏎ >U1 ⏎ What public disclosure occurred re: U1?","COMMAND? ⏎ WHY? ⏎ NECESSARY? ⏎ NO SUCH AGENCY. ⏎ Where did POTUS stop [post] ASIA? ⏎ IT WAS NECESSARY. ⏎ FOR GOD & COUNTRY. ⏎ IT WAS NECESSARY. ⏎ NO OTHER VEHICLE TO REGAIN ENTRY. ⏎ :[AGAIN] direct pre-knowledge.  ⏎ :[AGAIN] warning ALERT.","136","162","https://8ch.net//greatawakening/res/1.html#8","","","","","","","","","UNREVIEWED"
"520","#520","30","p0520-s030","E_CERTIFIED_QUOTED_SOURCE",">HAITI FOCUS","1","UNHIGHLIGHTED","0","0","11","11",">HAITI FOCUS","NO","","","evidence:QUOTED_SOURCE","evidence:QUOTED_SOURCE: "">HAITI FOCUS""","NO","YES","greentext excerpt","fragment_or_label","HIGH","LABEL_FRAGMENT_OR_DEVICE","short label, slogan, heading or symbolic device rather than a proposition","IN] direct pre-knowledge.  ⏎ :[AGAIN] warning ALERT. ⏎ Think BDT. ⏎ >Shall we play a game? ⏎ >How about a nice game of CHESS? ⏎ _THE_FLOOR_IS_YOURS_ ⏎ COMMAND? ⏎ WHY? ⏎ NECESSARY? ⏎ WHO IS TALKING? ⏎ THINK BIG. ⏎ THINK BIGGER. ⏎ THINK BIGGEST.","Why is this relevant? ⏎ What comes next? ⏎ CF_BOOM_SHOCK_BYE_ ⏎ >ADM R ⏎ [CLAS-239B_TC] ⏎ >""…Because of the Democrats not being interested in life and safety, DACA has now taken a big step backwards. The Dems will threaten “shutd","552","564","https://8ch.net//greatawakening/res/1.html#8","","","","","","","","","UNREVIEWED"
"520","#520","34","p0520-s034","E_CERTIFIED_QUOTED_SOURCE",">ADM R","2","UNHIGHLIGHTED","0","0","5","5",">ADM R","NO","","","evidence:QUOTED_SOURCE","evidence:QUOTED_SOURCE: "">ADM R""","NO","YES","greentext excerpt","fragment_or_label","HIGH","LABEL_FRAGMENT_OR_DEVICE","short label, slogan, heading or symbolic device rather than a proposition","play a game? ⏎ >How about a nice game of CHESS? ⏎ _THE_FLOOR_IS_YOURS_ ⏎ COMMAND? ⏎ WHY? ⏎ NECESSARY? ⏎ WHO IS TALKING? ⏎ THINK BIG. ⏎ THINK BIGGER. ⏎ THINK BIGGEST. ⏎ >HAITI FOCUS ⏎ Why is this relevant? ⏎ What comes next? ⏎ CF_BOOM_SHOCK_BYE_","[CLAS-239B_TC] ⏎ >""…Because of the Democrats not being interested in life and safety, DACA has now taken a big step backwards. The Dems will threaten “shutdown,” but what they are really doing is shutting down our militar","623","629","https://8ch.net//greatawakening/res/1.html#8","","","","","","","","","UNREVIEWED"
"520","#520","46","p0520-s046","E_CERTIFIED_QUOTED_SOURCE",">Missing 1","1","UNHIGHLIGHTED","0","0","9","9",">Missing 1","NO","","","evidence:QUOTED_SOURCE","evidence:QUOTED_SOURCE: "">Missing 1""","NO","YES","greentext excerpt","fragment_or_label","HIGH","LABEL_FRAGMENT_OR_DEVICE","short label, slogan, heading or symbolic device rather than a proposition","T AGAIN! ⏎ WE ARE FIGHTING FOR OUR COUNTRY!"" ⏎ FOCUS on POTUS' Tweet above. ⏎ If D's shutdown the gov't - what happens to the US MILITARY?  ⏎ What specifically occurs?  ⏎ Think budget. ⏎ Why is this relevant?  ⏎ [CLAS_EO_        ][2]",">Missing 2 ⏎ >Missing 3 ⏎ FIND missing [3]. ⏎ Future proves past. ⏎ NOTHING is a coincidence. ⏎ The MAP is the KEY. ⏎ PLANNED for [3] years. ⏎ CORRUPTION and EVIL DEEP WITHIN. ⏎ EVERYWHERE. ⏎ PATIENCE. ⏎ THERE IS NO ESCAPE. ⏎ THERE ARE NO DE","1127","1137","https://8ch.net//greatawakening/res/1.html#8","","","","","","","","","UNREVIEWED"
"520","#520","47","p0520-s047","E_CERTIFIED_QUOTED_SOURCE",">Missing 2","1","UNHIGHLIGHTED","0","0","9","9",">Missing 2","NO","","","evidence:QUOTED_SOURCE","evidence:QUOTED_SOURCE: "">Missing 2""","NO","YES","greentext excerpt","fragment_or_label","HIGH","LABEL_FRAGMENT_OR_DEVICE","short label, slogan, heading or symbolic device rather than a proposition","ARE FIGHTING FOR OUR COUNTRY!"" ⏎ FOCUS on POTUS' Tweet above. ⏎ If D's shutdown the gov't - what happens to the US MILITARY?  ⏎ What specifically occurs?  ⏎ Think budget. ⏎ Why is this relevant?  ⏎ [CLAS_EO_        ][2] ⏎ >Missing 1",">Missing 3 ⏎ FIND missing [3]. ⏎ Future proves past. ⏎ NOTHING is a coincidence. ⏎ The MAP is the KEY. ⏎ PLANNED for [3] years. ⏎ CORRUPTION and EVIL DEEP WITHIN. ⏎ EVERYWHERE. ⏎ PATIENCE. ⏎ THERE IS NO ESCAPE. ⏎ THERE ARE NO DEALS. ⏎ TREASO","1138","1148","https://8ch.net//greatawakening/res/1.html#8","","","","","","","","","UNREVIEWED"
"520","#520","48","p0520-s048","E_CERTIFIED_QUOTED_SOURCE",">Missing 3","1","UNHIGHLIGHTED","0","0","9","9",">Missing 3","NO","","","evidence:QUOTED_SOURCE","evidence:QUOTED_SOURCE: "">Missing 3""","NO","YES","greentext excerpt","fragment_or_label","HIGH","LABEL_FRAGMENT_OR_DEVICE","short label, slogan, heading or symbolic device rather than a proposition","NG FOR OUR COUNTRY!"" ⏎ FOCUS on POTUS' Tweet above. ⏎ If D's shutdown the gov't - what happens to the US MILITARY?  ⏎ What specifically occurs?  ⏎ Think budget. ⏎ Why is this relevant?  ⏎ [CLAS_EO_        ][2] ⏎ >Missing 1 ⏎ >Missing 2","FIND missing [3]. ⏎ Future proves past. ⏎ NOTHING is a coincidence. ⏎ The MAP is the KEY. ⏎ PLANNED for [3] years. ⏎ CORRUPTION and EVIL DEEP WITHIN. ⏎ EVERYWHERE. ⏎ PATIENCE. ⏎ THERE IS NO ESCAPE. ⏎ THERE ARE NO DEALS. ⏎ TREASON AT HIGHES","1149","1159","https://8ch.net//greatawakening/res/1.html#8","","","","","","","","","UNREVIEWED"
"641","#641","2","p0641-s002","E_CERTIFIED_QUOTED_SOURCE","""Super-predator""","1","UNHIGHLIGHTED","0","0","16","16","""Super-predator""","NO","","","evidence:QUOTED_SOURCE","evidence:QUOTED_SOURCE: """"Super-predator""""","NO","YES","excerpt beneath a source link","fragment_or_label","HIGH","LABEL_FRAGMENT_OR_DEVICE","short label, slogan, heading or symbolic device rather than a proposition","https://www.youtube.com/watch?v=j0uCrA7ePno","""Bring them to heel""  ⏎ Define heel. ⏎ (of a dog) follow closely behind its owner.","44","60","https://8ch.net//greatawakening/res/1.html#76","","","","","","","","","UNREVIEWED"
"751","#751","7","p0751-s007","E_CERTIFIED_QUOTED_SOURCE",">T cells","1","UNHIGHLIGHTED","0","0","7","7",">T cells","NO","","","evidence:QUOTED_SOURCE","evidence:QUOTED_SOURCE: "">T cells""","NO","YES","greentext excerpt","fragment_or_label","HIGH","LABEL_FRAGMENT_OR_DEVICE","short label, slogan, heading or symbolic device rather than a proposition","Operation Merlin (tech). ⏎ >Iran ⏎ >NK ⏎ Iran Deal (funding). ⏎ >Iran ⏎ >NK",">Payoffs ⏎ NK Nuclear (mini suc)(icbm suc) ⏎ >War engine  ⏎ >Protection ⏎ Q","66","74","https://8ch.net//qresearch/res/360029.html#360296","","","","","","","","","UNREVIEWED"
"751","#751","8","p0751-s008","E_CERTIFIED_QUOTED_SOURCE",">Payoffs","1","UNHIGHLIGHTED","0","0","8","8",">Payoffs","NO","","","evidence:QUOTED_SOURCE","evidence:QUOTED_SOURCE: "">Payoffs""","NO","YES","greentext excerpt","fragment_or_label","HIGH","LABEL_FRAGMENT_OR_DEVICE","short label, slogan, heading or symbolic device rather than a proposition","Operation Merlin (tech). ⏎ >Iran ⏎ >NK ⏎ Iran Deal (funding). ⏎ >Iran ⏎ >NK ⏎ >T cells","NK Nuclear (mini suc)(icbm suc) ⏎ >War engine  ⏎ >Protection ⏎ Q","75","83","https://8ch.net//qresearch/res/360029.html#360296","","","","","","","","","UNREVIEWED"
"751","#751","10","p0751-s010","E_CERTIFIED_QUOTED_SOURCE",">War engine","1","UNHIGHLIGHTED","0","0","10","10",">War engine","NO","","","evidence:QUOTED_SOURCE","evidence:QUOTED_SOURCE: "">War engine""","NO","YES","greentext excerpt","fragment_or_label","HIGH","LABEL_FRAGMENT_OR_DEVICE","short label, slogan, heading or symbolic device rather than a proposition","Operation Merlin (tech). ⏎ >Iran ⏎ >NK ⏎ Iran Deal (funding). ⏎ >Iran ⏎ >NK ⏎ >T cells ⏎ >Payoffs ⏎ NK Nuclear (mini suc)(icbm suc)",">Protection ⏎ Q","116","127","https://8ch.net//qresearch/res/360029.html#360296","","","","","","","","","UNREVIEWED"
"751","#751","11","p0751-s011","E_CERTIFIED_QUOTED_SOURCE",">Protection","1","UNHIGHLIGHTED","0","0","11","11",">Protection","NO","","","evidence:QUOTED_SOURCE","evidence:QUOTED_SOURCE: "">Protection""","NO","YES","greentext excerpt","fragment_or_label","HIGH","LABEL_FRAGMENT_OR_DEVICE","short label, slogan, heading or symbolic device rather than a proposition","Operation Merlin (tech). ⏎ >Iran ⏎ >NK ⏎ Iran Deal (funding). ⏎ >Iran ⏎ >NK ⏎ >T cells ⏎ >Payoffs ⏎ NK Nuclear (mini suc)(icbm suc) ⏎ >War engine","Q","129","140","https://8ch.net//qresearch/res/360029.html#360296","","","","","","","","","UNREVIEWED"
"770","#770","6","p0770-s006","E_CERTIFIED_QUOTED_SOURCE","Turned over securedrop to Freedom of the Press","1","UNHIGHLIGHTED","0","0","39","39","Turned over securedrop to Freedom of the Press","NO","","","evidence:QUOTED_SOURCE","evidence:QUOTED_SOURCE: ""Turned over securedrop to Freedom of the Press""","NO","YES","greentext excerpt","sentence_like_no_terminal","MEDIUM","CLAIM_CANDIDATE","declarative prose — decide Q-authored claim vs quoted claim vs aphorism",">>387356 ⏎ >James Dolan. Dead suicide ⏎ >Aaron swartz. Dead suicide ⏎ >Kevin Paulson.","John Perry Barlow - 187 post name [DROP]. ⏎ @Snowden ⏎ You are now a liability.  ⏎ Q","80","126","https://8ch.net//qresearch/res/386768.html#387462","","","","","","","","","UNREVIEWED"
"802","#802","5","p0802-s005","E_CERTIFIED_QUOTED_SOURCE","Traitor","1","UNHIGHLIGHTED","0","0","7","7","Traitor","NO","","","evidence:QUOTED_SOURCE","evidence:QUOTED_SOURCE: ""Traitor""","NO","YES","numbered definition (continuation)","fragment_or_label","HIGH","LABEL_FRAGMENT_OR_DEVICE","short label, slogan, heading or symbolic device rather than a proposition","pports, and defends his or her country and its interests with devotion. ⏎ 2. a person who regards himself or herself as a defender, especially of individual rights, against presumed interference by the federal government.","1. a person who betrays another, a cause, or any trust. ⏎ 2. a person who commits treason by betraying his or her country. ⏎ Q","258","265","https://8ch.net/greatawakening/res/0.html#452","","","","","","","","","UNREVIEWED"
"1369","#1369","4","p1369-s004","E_CERTIFIED_QUOTED_SOURCE","But when a long train of abuses and usurpations, pursuing invariably the same Object evinces a design to reduce them under absolute Despotism, it is their right, it is their duty, to throw off such Government, and to provide new Guards for their future security.” https://soundcloud.com/breitbart/breitbart-news-daily-erik-prince-november-4-2016","1","PARTIAL_ONLY","27","0","219","300","But when a long train of abuses and usurpations, pursuing invariably the same Object evinces a design to reduce them under absolute Despotism, it is their right, it is their duty, to throw off such Government, and to provide new Guards for their future security.”","NO","url","url: ""https://soundcloud.com/breitbart/breitbart-news-daily-erik-prince-november-4-2016"" [895-976]","evidence:EXTERNAL_LINK | evidence:QUOTED_SOURCE","evidence:EXTERNAL_LINK: ""https://soundcloud.com/breitbart/breitbart-news-daily-erik-prince-november-4-2016"" || evidence:QUOTED_SOURCE: ""But when a long train of abuses and usurpations, pursuing invariably the same Object evinces a design to reduce them under absolute Despotism, it is their right, it is their duty, to throw off such Government, and to provide new Guards for their future security.” ⏎ https://soundcloud.com/breitbart/breitbart-news-daily-erik-prince-november-4-2016""","NO","YES","founding document; founding document (continuation)","sentence_like_no_terminal","MEDIUM","CLAIM_CANDIDATE","declarative prose — decide Q-authored claim vs quoted claim vs aphorism","r light and transient causes; and accordingly all experience hath shewn that mankind are more disposed to suffer, while evils are sufferable than to right themselves by abolishing the forms to which they are accustomed.","]SESSIONS[ ⏎ We Fight! ⏎ Q","631","976","https://8ch.net/qresearch/res/1415766.html#1415794","","","","","","","","","UNREVIEWED"
"1369","#1369","5","p1369-s005","E_CERTIFIED_QUOTED_SOURCE","]SESSIONS[","2","UNHIGHLIGHTED","0","0","10","10","]SESSIONS[","NO","","","evidence:QUOTED_SOURCE","evidence:QUOTED_SOURCE: ""]SESSIONS[""","NO","YES","founding document (continuation)","fragment_or_label","HIGH","LABEL_FRAGMENT_OR_DEVICE","short label, slogan, heading or symbolic device rather than a proposition","olute Despotism, it is their right, it is their duty, to throw off such Government, and to provide new Guards for their future security.” ⏎ https://soundcloud.com/breitbart/breitbart-news-daily-erik-prince-november-4-2016","We Fight! ⏎ Q","977","987","https://8ch.net/qresearch/res/1415766.html#1415794","","","","","","","","","UNREVIEWED"
"1432","#1432","17","p1432-s017","E_CERTIFIED_QUOTED_SOURCE","– 1 Cor 13:4-13","1","UNHIGHLIGHTED","0","0","12","12","– 1 Cor 13:4-13","NO","","","evidence:QUOTED_SOURCE","evidence:QUOTED_SOURCE: ""– 1 Cor 13:4-13""","NO","YES","scripture (continuation)","fragment_or_label","HIGH","LABEL_FRAGMENT_OR_DEVICE","short label, slogan, heading or symbolic device rather than a proposition","not self-seeking, it is not easily angered, it keeps no record of wrongs. Love does not delight in evil but rejoices with the truth. It always protects, always trusts, always hopes, always perseveres. Love never fails.""","","1418","1433","https://8ch.net/patriotsfight/res/62.html#97","","","","","","","","","UNREVIEWED"
"1553","#1553","5","p1553-s005","E_CERTIFIED_QUOTED_SOURCE","He has reviewed this report and, based on its findings and his own investigation, will provide recommendations as to whether any matter not currently under investigation should be opened, whether any matters currently under investigation require further resources, or whether any matters merit the appointment of Special Counsel.” http://www.breitbart.com/big-government/2018/06/14/doj-ig-report-says-peter-strzok-had-biased-state-of-mind/","1","PARTIAL_ONLY","27.62","0","283","391","He has reviewed this report and, based on its findings and his own investigation, will provide recommendations as to whether any matter not currently under investigation should be opened, whether any matters currently under investigation require further resources, or whether any matters merit the appointment of Special Counsel.”","NO","namedEntity | url","namedEntity: ""ig"" [1030-1032] || namedEntity: ""ig"" [1030-1032] || namedEntity: ""ig"" [1030-1032] || namedEntity: ""ig"" [1030-1032] || url: ""http://www.breitbart.com/big-government/2018/06/14/doj-ig-report-says-peter-strzok-had-biased-state-of-mind/"" [975-1083]","evidence:EXTERNAL_LINK | evidence:QUOTED_SOURCE","evidence:EXTERNAL_LINK: ""http://www.breitbart.com/big-government/2018/06/14/doj-ig-report-says-peter-strzok-had-biased-state-of-mind/"" || evidence:QUOTED_SOURCE: ""He has reviewed this report and, based on its findings and his own investigation, will provide recommendations as to whether any matter not currently under investigation should be opened, whether any matters currently under investigation require further resources, or whether any matters merit the appointment of Special Counsel.” ⏎ http://www.breitbart.com/big-government/2018/06/14/doj-ig-report-says-peter-strzok-had-biased-state-of-mind/""","NO","YES","excerpt beneath a source link","sentence_like_no_terminal","MEDIUM","PREDICTION_CANDIDATE","future-facing language","s. United States Attorney John Huber continues his work in cooperation with the Inspector General to review certain prosecutorial and investigative determinations made by the Department in 2016 and 2017,” Sessions said.","SC = restart w/ significantly less staff = stupid ⏎ (Reddit Summary) ⏎ -Professor Turley is a very respected liberal law professor and longtime civil libertarian. Has been critical of both parties over the years. ⏎ -Turley sa","644","1083","https://8ch.net/qresearch/res/1804534.html#1804985","","","","","","","","","UNREVIEWED"
"1749","#1749","3","p1749-s003","E_CERTIFIED_QUOTED_SOURCE",">GOOD v EVIL","3","UNHIGHLIGHTED","0","0","10","10",">GOOD v EVIL","NO","","","evidence:QUOTED_SOURCE","evidence:QUOTED_SOURCE: "">GOOD v EVIL""","NO","YES","greentext excerpt","fragment_or_label","HIGH","LABEL_FRAGMENT_OR_DEVICE","short label, slogan, heading or symbolic device rather than a proposition","https://www.reddit.com/r/greatawakening/comments/92qclx/a_letter_to_america/ ⏎ Patriots are UNITED in their pursuit of common goals.",">RIGHT v WRONG ⏎ >HUMANITY ⏎ >POWER OVER ANOTHER PERSON IS NOT OK ⏎ Patriots are NOT divided. ⏎ Borders DO NOT separate us.  ⏎ We FIGHT TOGETHER. ⏎ We are STRONG TOGETHER. ⏎ WE, THE PEOPLE! ⏎ WWG1WGA! ⏎ Q","131","143","https://8ch.net/qresearch/res/2338132.html#2338761","","","","","","","","","UNREVIEWED"
"1749","#1749","4","p1749-s004","E_CERTIFIED_QUOTED_SOURCE",">RIGHT v WRONG","1","UNHIGHLIGHTED","0","0","12","12",">RIGHT v WRONG","NO","","","evidence:QUOTED_SOURCE","evidence:QUOTED_SOURCE: "">RIGHT v WRONG""","NO","YES","greentext excerpt","fragment_or_label","HIGH","LABEL_FRAGMENT_OR_DEVICE","short label, slogan, heading or symbolic device rather than a proposition","https://www.reddit.com/r/greatawakening/comments/92qclx/a_letter_to_america/ ⏎ Patriots are UNITED in their pursuit of common goals. ⏎ >GOOD v EVIL",">HUMANITY ⏎ >POWER OVER ANOTHER PERSON IS NOT OK ⏎ Patriots are NOT divided. ⏎ Borders DO NOT separate us.  ⏎ We FIGHT TOGETHER. ⏎ We are STRONG TOGETHER. ⏎ WE, THE PEOPLE! ⏎ WWG1WGA! ⏎ Q","144","158","https://8ch.net/qresearch/res/2338132.html#2338761","","","","","","","","","UNREVIEWED"
"1749","#1749","5","p1749-s005","E_CERTIFIED_QUOTED_SOURCE",">HUMANITY","1","UNHIGHLIGHTED","0","0","9","9",">HUMANITY","NO","","","evidence:QUOTED_SOURCE","evidence:QUOTED_SOURCE: "">HUMANITY""","NO","YES","greentext excerpt","fragment_or_label","HIGH","LABEL_FRAGMENT_OR_DEVICE","short label, slogan, heading or symbolic device rather than a proposition","https://www.reddit.com/r/greatawakening/comments/92qclx/a_letter_to_america/ ⏎ Patriots are UNITED in their pursuit of common goals. ⏎ >GOOD v EVIL ⏎ >RIGHT v WRONG",">POWER OVER ANOTHER PERSON IS NOT OK ⏎ Patriots are NOT divided. ⏎ Borders DO NOT separate us.  ⏎ We FIGHT TOGETHER. ⏎ We are STRONG TOGETHER. ⏎ WE, THE PEOPLE! ⏎ WWG1WGA! ⏎ Q","159","168","https://8ch.net/qresearch/res/2338132.html#2338761","","","","","","","","","UNREVIEWED"
"1749","#1749","6","p1749-s006","E_CERTIFIED_QUOTED_SOURCE",">POWER OVER ANOTHER PERSON IS NOT OK","1","UNHIGHLIGHTED","0","0","30","30",">POWER OVER ANOTHER PERSON IS NOT OK","NO","","","evidence:QUOTED_SOURCE","evidence:QUOTED_SOURCE: "">POWER OVER ANOTHER PERSON IS NOT OK""","NO","YES","greentext excerpt","sentence_like_no_terminal","HIGH","CLAIM_CANDIDATE","declarative prose — decide Q-authored claim vs quoted claim vs aphorism","https://www.reddit.com/r/greatawakening/comments/92qclx/a_letter_to_america/ ⏎ Patriots are UNITED in their pursuit of common goals. ⏎ >GOOD v EVIL ⏎ >RIGHT v WRONG ⏎ >HUMANITY","Patriots are NOT divided. ⏎ Borders DO NOT separate us.  ⏎ We FIGHT TOGETHER. ⏎ We are STRONG TOGETHER. ⏎ WE, THE PEOPLE! ⏎ WWG1WGA! ⏎ Q","169","205","https://8ch.net/qresearch/res/2338132.html#2338761","","","","","","","","","UNREVIEWED"
"1764","#1764","2","p1764-s002","E_CERTIFIED_QUOTED_SOURCE",">Nicholas Rasmussen (IMPORTANT name to remember)","1","PARTIAL_ONLY","39.53","0","26","43","> ⋯ (IMPORTANT name to remember)","NO","namedEntity","namedEntity: ""Nicholas Rasmussen"" [93-111]","evidence:QUOTED_SOURCE","evidence:QUOTED_SOURCE: "">Nicholas Rasmussen (IMPORTANT name to remember)""","NO","YES","greentext excerpt","fragment_or_label","HIGH","LABEL_FRAGMENT_OR_DEVICE","short label, slogan, heading or symbolic device rather than a proposition","https://www.dni.gov/files/documents/icotr/51117/2016_Cert_FISC_Memo_Opin_Order_Apr_2017.pdf",">Former Director of NCTC ⏎ https://www.mccaininstitute.org/staff/nicholas-rasmussen/ ⏎ Think FISA. ⏎ Think NO NAME. ⏎ WH visitor logs: NO NAME/HUSSEIN (dates?) ⏎ WH visitor logs: NO NAME/BRENNAN/HUSSEIN (dates?) ⏎ WH visitor logs:","92","140","https://8ch.net/qresearch/res/2358509.html#2359109","","","","","","","","","UNREVIEWED"
"1764","#1764","3","p1764-s003","E_CERTIFIED_QUOTED_SOURCE",">Former Director of NCTC https://www.mccaininstitute.org/staff/nicholas-rasmussen/","1","PARTIAL_ONLY","78.21","0","17","78",">Former Director of","NO","namedEntity | url","namedEntity: ""NCTC"" [161-165] || url: ""https://www.mccaininstitute.org/staff/nicholas-rasmussen/"" [166-223]","evidence:EXTERNAL_LINK | evidence:QUOTED_SOURCE","evidence:EXTERNAL_LINK: ""https://www.mccaininstitute.org/staff/nicholas-rasmussen/"" || evidence:QUOTED_SOURCE: "">Former Director of NCTC ⏎ https://www.mccaininstitute.org/staff/nicholas-rasmussen/""","NO","YES","greentext excerpt","fragment_or_label","MEDIUM","LABEL_FRAGMENT_OR_DEVICE","short label, slogan, heading or symbolic device rather than a proposition","https://www.dni.gov/files/documents/icotr/51117/2016_Cert_FISC_Memo_Opin_Order_Apr_2017.pdf ⏎ >Nicholas Rasmussen (IMPORTANT name to remember)","Think FISA. ⏎ Think NO NAME. ⏎ WH visitor logs: NO NAME/HUSSEIN (dates?) ⏎ WH visitor logs: NO NAME/BRENNAN/HUSSEIN (dates?) ⏎ WH visitor logs: NO NAME/BRENNAN/COMEY/HUSSEIN (dates?) ⏎ WH visitor logs: NO NAME/BRENNAN/CLAPPER/RIC","141","223","https://8ch.net/qresearch/res/2358509.html#2359109","","","","","","","","","UNREVIEWED"
"1764","#1764","12","p1764-s012","E_CERTIFIED_QUOTED_SOURCE",">Defense Intelligence Liaison to British Intelligence in London","1","PARTIAL_ONLY","10.71","0","50","56",">Defense Intelligence Liaison to British Intelligence in","NO","namedEntity","namedEntity: ""London"" [592-598]","evidence:QUOTED_SOURCE","evidence:QUOTED_SOURCE: "">Defense Intelligence Liaison to British Intelligence in London""","NO","YES","greentext excerpt","fragment_or_label","HIGH","LABEL_FRAGMENT_OR_DEVICE","short label, slogan, heading or symbolic device rather than a proposition","ME/BRENNAN/HUSSEIN (dates?) ⏎ WH visitor logs: NO NAME/BRENNAN/COMEY/HUSSEIN (dates?) ⏎ WH visitor logs: NO NAME/BRENNAN/CLAPPER/RICE/HUSSEIN (dates?) ⏎ Replaced by: ⏎ https://www.dni.gov/index.php/nctc-who-we-are/director-nctc","Think UK. ⏎ Current Director of the C_A. ⏎ https://www.cia.gov/about-cia/leadership/gina-haspel.html  ⏎ (UK bio removed) ⏎ >CIA's station chief London, UK  ⏎ ""Furthermore, Haspel is seen as a Russia expert and a close ally of Bri","535","598","https://8ch.net/qresearch/res/2358509.html#2359109","","","","","","","","","UNREVIEWED"
"1764","#1764","17","p1764-s017","E_CERTIFIED_QUOTED_SOURCE",">CIA's station chief London, UK","1","PARTIAL_ONLY","40.74","0","16","27","> ⋯ 's station chief ⋯ ,","NO","namedEntity","namedEntity: ""CIA"" [715-718] || namedEntity: ""UK"" [743-745] || namedEntity: ""UK"" [743-745] || namedEntity: ""London"" [735-741]","evidence:QUOTED_SOURCE","evidence:QUOTED_SOURCE: "">CIA's station chief London, UK""","NO","YES","greentext excerpt","fragment_or_label","HIGH","LABEL_FRAGMENT_OR_DEVICE","short label, slogan, heading or symbolic device rather than a proposition","/index.php/nctc-who-we-are/director-nctc ⏎ >Defense Intelligence Liaison to British Intelligence in London ⏎ Think UK. ⏎ Current Director of the C_A. ⏎ https://www.cia.gov/about-cia/leadership/gina-haspel.html  ⏎ (UK bio removed)","""Furthermore, Haspel is seen as a Russia expert and a close ally of Britain’s MI6, having being London station chief from 2014 to 2017."" ⏎ https://www.theguardian.com/us-news/2018/may/08/gina-haspel-cia-director-atone-pa","714","745","https://8ch.net/qresearch/res/2358509.html#2359109","","","","","","","","","UNREVIEWED"
"1796","#1796","4","p1796-s004","E_CERTIFIED_QUOTED_SOURCE",">POTUS’ twitter comments","1","PARTIAL_ONLY","54.55","0","10","22","> ⋯ ’ ⋯ comments","NO","namedEntity","namedEntity: ""twitter"" [91-98] || namedEntity: ""twitter"" [91-98] || namedEntity: ""POTUS"" [84-89]","evidence:QUOTED_SOURCE","evidence:QUOTED_SOURCE: "">POTUS’ twitter comments""","NO","YES","greentext excerpt","fragment_or_label","HIGH","LABEL_FRAGMENT_OR_DEVICE","short label, slogan, heading or symbolic device rather than a proposition","Welcome to the mainstream. ⏎ We knew this day would come. ⏎ (glimpse)(what to expect)","Liberal Democrats  ⏎ Fake News WW ⏎ Fake MAGA supporters  ⏎ Bandwagon shills  ⏎ Paid shills (Media Matters) ⏎ Intel infiltration (neg dissemination). ⏎ MSM infiltration (neg dissemination). ⏎ Twitter bot attack (twitter controls dir/","83","107","https://8ch.net/qresearch/res/2407607.html#2407847","","","","","","","","","UNREVIEWED"
"1822","#1822","4","p1822-s004","E_CERTIFIED_QUOTED_SOURCE","""a conspiracy to destroy the government""","1","UNHIGHLIGHTED","0","0","35","35","""a conspiracy to destroy the government""","NO","","","evidence:QUOTED_SOURCE","evidence:QUOTED_SOURCE: """"a conspiracy to destroy the government""""","NO","YES","numbered definition (continuation)","fragment_or_label","HIGH","LABEL_FRAGMENT_OR_DEVICE","short label, slogan, heading or symbolic device rather than a proposition","Psychological Projection. ⏎ Define Conspiracy. ⏎ 1.	a secret plan by a group to do something unlawful or harmful.","2.	the action of plotting or conspiring. ⏎ ""they were cleared of conspiracy to pervert the course of justice"" ⏎ [Fake News] ⏎ Fake News collaborating and pushing knowingly false information? ⏎ Fake News ‘KNOWINGLY FALSE’ narrat","110","150","https://8ch.net/patriotsfight/res/62.html#121","","","","","","","","","UNREVIEWED"
"1822","#1822","6","p1822-s006","E_CERTIFIED_QUOTED_SOURCE","""they were cleared of conspiracy to pervert the course of justice""","1","UNHIGHLIGHTED","0","0","56","56","""they were cleared of conspiracy to pervert the course of justice""","NO","","","evidence:QUOTED_SOURCE","evidence:QUOTED_SOURCE: """"they were cleared of conspiracy to pervert the course of justice""""","NO","YES","numbered definition (continuation)","sentence_like_no_terminal","HIGH","CLAIM_CANDIDATE","declarative prose — decide Q-authored claim vs quoted claim vs aphorism","Psychological Projection. ⏎ Define Conspiracy. ⏎ 1.	a secret plan by a group to do something unlawful or harmful. ⏎ ""a conspiracy to destroy the government"" ⏎ 2.	the action of plotting or conspiring.","[Fake News] ⏎ Fake News collaborating and pushing knowingly false information? ⏎ Fake News ‘KNOWINGLY FALSE’ narrative pushes. ⏎ 1.	POTUS colluded w/ Russia to win the 2016 Presidential election ⏎ 2.	POTUS is puppet to PUTIN ⏎ 3.","192","258","https://8ch.net/patriotsfight/res/62.html#121","","","","","","","","","UNREVIEWED"
"1889","#1889","2","p1889-s002","E_CERTIFIED_QUOTED_SOURCE","""Firewall""","1","UNHIGHLIGHTED","0","0","10","10","""Firewall""","NO","","","evidence:QUOTED_SOURCE","evidence:QUOTED_SOURCE: """"Firewall""""","NO","YES","excerpt beneath a source link","fragment_or_label","HIGH","LABEL_FRAGMENT_OR_DEVICE","short label, slogan, heading or symbolic device rather than a proposition","https://saraacarter.com/exclusive-steele-anxious-over-comey-testimony-hopes-firewalls-will-hold/","Q","97","107","https://8ch.net/patriotsfight/res/62.html#159","","","","","","","","","UNREVIEWED"
"1939","#1939","15","p1939-s015","E_CERTIFIED_QUOTED_SOURCE","""This is the case with Halper, who is now proven to be a spy, possibly with (Australian Ambassador) Alexander Downer” who her husband met with in London."" https://saraacarter.com/whistleblower-exposes-key-player-in-fbi-russia-probe-it-was-all-a-set-up/","1","PARTIAL_ONLY","61.33","0","87","225","""This is the case with ⋯ , who is now proven to be a spy, possibly with ( ⋯ ) ⋯ ” who her husband met with in London.""","NO","namedEntity | url","namedEntity: ""Alexander Downer"" [1478-1494] || namedEntity: ""Halper"" [1401-1407] || namedEntity: ""Australian Ambassador"" [1455-1476] || url: ""https://saraacarter.com/whistleblower-exposes-key-player-in-fbi-russia-probe-it-was-all-a-set-up/"" [1533-1630]","evidence:EXTERNAL_LINK | evidence:QUOTED_SOURCE","evidence:EXTERNAL_LINK: ""https://saraacarter.com/whistleblower-exposes-key-player-in-fbi-russia-probe-it-was-all-a-set-up/"" || evidence:QUOTED_SOURCE: """"This is the case with Halper, who is now proven to be a spy, possibly with (Australian Ambassador) Alexander Downer” who her husband met with in London."" ⏎ https://saraacarter.com/whistleblower-exposes-key-player-in-fbi-russia-probe-it-was-all-a-set-up/""","NO","NO","","sentence_like_no_terminal","MEDIUM","CLAIM_CANDIDATE","declarative prose — decide Q-authored claim vs quoted claim vs aphorism","s://www.express.co.uk/news/uk/899872/donald-trump-tony-blair-job-middle-east-jared-kushner-Michael-Wolff-book-gchq-iraq-war ⏎ BO unlocks UK / F_intel [FVEY] ⏎ UK / F_intel unlocks REQ ⏎ REQ = [Think Highest Levels] ⏎ [Focus 2]:","BO closed door necessary. ⏎ Red-Handed comms revealed to 'encourage truthful testimony'. ⏎ [19] phone calls today - DC/UK/AUS panic? ⏎ [WHO] ARE THE FIREWALLS? ⏎ What will the FAKE NEWS push tomorrow? ⏎ Q","1378","1630","https://8ch.net/qresearch/res/2761208.html#2761932","","","","","","","","","UNREVIEWED"
"2053","#2053","2","p2053-s002","E_CERTIFIED_QUOTED_SOURCE","""And, I hope you and Chris enjoy your time in the Land of Alice  and the MH–all the best from Hanoi–H""","1","PARTIAL_ONLY","6.17","0","76","81","""And, I hope you and Chris enjoy your time in the Land of Alice  and the MH–all the best from ⋯ –H""","NO","namedEntity","namedEntity: ""Hanoi"" [200-205]","evidence:QUOTED_SOURCE","evidence:QUOTED_SOURCE: """"And, I hope you and Chris enjoy your time in the Land of Alice  and the MH–all the best from Hanoi–H""""","NO","YES","excerpt beneath a source link","fragment_or_label","HIGH","LABEL_FRAGMENT_OR_DEVICE","short label, slogan, heading or symbolic device rather than a proposition","http://www.judicialwatch.org/wp-content/uploads/2018/08/JW-v-State-Hillary-emails-July-2-00687-99-100.pdf","Nothing to See Here. ⏎ Q","106","208","https://8ch.net/qresearch/res/2831483.html#2831975","","","","","","","","","UNREVIEWED"
"2167","#2167","2","p2167-s002","E_CERTIFIED_QUOTED_SOURCE","""SEXUAL MISCONDUCT""","1","UNHIGHLIGHTED","0","0","18","18","""SEXUAL MISCONDUCT""","NO","","","evidence:QUOTED_SOURCE","evidence:QUOTED_SOURCE: """"SEXUAL MISCONDUCT""""","NO","YES","excerpt beneath a source link","fragment_or_label","HIGH","LABEL_FRAGMENT_OR_DEVICE","short label, slogan, heading or symbolic device rather than a proposition","https://twitter.com/FoxNews/status/1039950606448910336","Nothing to See Here. ⏎ Dominoes. ⏎ Q","55","74","https://8ch.net/patriotsfight/res/62.html#231","","","","","","","","","UNREVIEWED"
"2180","#2180","14","p2180-s014","E_CERTIFIED_QUOTED_SOURCE","Synonym = Renegade","1","PARTIAL_ONLY","50","0","8","16","Synonym =","NO","namedEntity","namedEntity: ""Renegade"" [1233-1241]","evidence:QUOTED_SOURCE","evidence:QUOTED_SOURCE: ""Synonym = Renegade""","NO","YES","numbered definition (continuation)","fragment_or_label","HIGH","LABEL_FRAGMENT_OR_DEVICE","short label, slogan, heading or symbolic device rather than a proposition","ischarge the duties of the office on which I am about to enter: So help me God."" ⏎ Define 'Traitor'. ⏎ 1. a person who betrays another, a cause, or any trust. ⏎ 2. a person who commits treason by betraying his or her country.","What was the USSS codename for HUSSEIN? ⏎ [RENEGADE] ⏎ Q","1223","1241","https://8ch.net/patriotsfight/res/62.html#242","","","","","","","","","UNREVIEWED"
"2207","#2207","7","p2207-s007","E_CERTIFIED_QUOTED_SOURCE","(a) In no case shall information be classified, continue to be maintained as classified, or fail to be declassified in order to:","2","UNHIGHLIGHTED","0","0","107","107","(a) In no case shall information be classified, continue to be maintained as classified, or fail to be declassified in order to:","NO","","","evidence:QUOTED_SOURCE","evidence:QUOTED_SOURCE: ""(a) In no case shall information be classified, continue to be maintained as classified, or fail to be declassified in order to:""","NO","YES","opens a multi-line quotation","colon_or_semicolon_block","MEDIUM","PREDICTION_CANDIDATE","future-facing language","823800034131968 ⏎ ABUSE OF POWER? ⏎ [Reminder - HUSSEIN EO] ⏎ https://www.gpo.gov/fdsys/pkg/CFR-2010-title3-vol1/pdf/CFR-2010-title3-vol1-eo13526.pdf ⏎ Executive Order 13526 ⏎ Sec 1.7 ⏎ ""Classification Prohibitions and Limitations.","(1) conceal violations of law, inefficiency, or administrative error; ⏎ (2) prevent embarrassment to a person, organization, or agency; ⏎ (3) restrain competition; or ⏎ (4) prevent or delay the release of information that doe","331","459","https://8ch.net/patriotsfight/res/62.html#260","","","","","","","","","UNREVIEWED"
"2207","#2207","8","p2207-s008","E_CERTIFIED_QUOTED_SOURCE","(1) conceal violations of law, inefficiency, or administrative error; (2) prevent embarrassment to a person, organization, or agency; (3) restrain competition; or","2","UNHIGHLIGHTED","0","0","141","141","(1) conceal violations of law, inefficiency, or administrative error; ⏎ (2) prevent embarrassment to a person, organization, or agency; ⏎ (3) restrain competition; or","NO","","","evidence:QUOTED_SOURCE","evidence:QUOTED_SOURCE: ""(1) conceal violations of law, inefficiency, or administrative error; ⏎ (2) prevent embarrassment to a person, organization, or agency; ⏎ (3) restrain competition; or""","NO","YES","inside a multi-line quotation","fragment_or_label","MEDIUM","LABEL_FRAGMENT_OR_DEVICE","short label, slogan, heading or symbolic device rather than a proposition","l1-eo13526.pdf ⏎ Executive Order 13526 ⏎ Sec 1.7 ⏎ ""Classification Prohibitions and Limitations. (a) In no case shall information be classified, continue to be maintained as classified, or fail to be declassified in order to:","(4) prevent or delay the release of information that does not require protection in the interest of the national security."" ⏎ SLEEP NO MORE? ⏎ THE AMERICAN PEOPLE (& OTHERS AROUND THE WORLD) ARE AWAKENING.  ⏎ PANIC? ⏎ GAME OVER","460","622","https://8ch.net/patriotsfight/res/62.html#260","","","","","","","","","UNREVIEWED"
"2208","#2208","3","p2208-s003","E_CERTIFIED_QUOTED_SOURCE","DECLAS FISA >> [RR] FORCE >> RED LINE","1","PARTIAL_ONLY","13.33","0","26","30","DECLAS FISA >> ⋯ FORCE >> RED LINE","NO","bracketCode","bracketCode: ""[RR]"" [188-192]","evidence:QUOTED_SOURCE","evidence:QUOTED_SOURCE: ""DECLAS FISA >> [RR] FORCE >> RED LINE""","NO","NO","","sentence_like_no_terminal","HIGH","CLAIM_CANDIDATE","declarative prose — decide Q-authored claim vs quoted claim vs aphorism","https://twitter.com/RepAdamSchiff/status/1041841277074132993 ⏎ ""The DOJ and FBI have previously informed me that release of some of this information would cross a “red line.”","NEW PLAYBOOK NEEDED? ⏎ WE SEE YOU. ⏎ Q","173","210","https://8ch.net/patriotsfight/res/62.html#261","","","","","","","","","UNREVIEWED"
"2211","#2211","26","p2211-s026","E_CERTIFIED_QUOTED_SOURCE","App.), those that are Presidentially-appointed/Senate Confirmed and those that are appointed by agency heads (designated federal entities).” http://legcounsel.house.gov/Comps/Inspector%20General%20Act%20Of%201978.pdf","1","PARTIAL_ONLY","40.7","0","118","199","App.), those that are Presidentially-appointed/ ⋯ Confirmed and those that are appointed by agency heads (designated federal entities).”","NO","namedEntity | url","namedEntity: ""Senate"" [1917-1923] || url: ""http://legcounsel.house.gov/Comps/Inspector%20General%20Act%20Of%201978.pdf"" [2011-2086]","evidence:EXTERNAL_LINK | evidence:QUOTED_SOURCE","evidence:EXTERNAL_LINK: ""http://legcounsel.house.gov/Comps/Inspector%20General%20Act%20Of%201978.pdf"" || evidence:QUOTED_SOURCE: ""App.), those that are Presidentially-appointed/Senate Confirmed and those that are appointed by agency heads (designated federal entities).” ⏎ http://legcounsel.house.gov/Comps/Inspector%20General%20Act%20Of%201978.pdf""","NO","YES","excerpt beneath a source link","sentence_like_no_terminal","MEDIUM","CLAIM_CANDIDATE","declarative prose — decide Q-authored claim vs quoted claim vs aphorism","ORS GENERAL ON INTEGRITY AND EFFICIENCY? ⏎ https://www.ignet.gov ⏎ “The CIGIE is comprised of all Inspectors General whose offices are established under section 2 or section 8G of the Inspector General Act of 1978 (5 U.S.C.","How might this benefit ‘possible’ ongoing investigations across inter-intra federal agencies? ⏎ HUBER >> HOROWITZ >> STORCH ⏎ US ATTORNEY (PROSECUTOR) >> DOJ/FBI INSPECTOR GENERAL (INVESTIGATOR) >> SIGNALS INTELLIGENCE (SIG","1870","2086","https://8ch.net/patriotsfight/res/62.html#264","","","","","","","","","UNREVIEWED"
"2365","#2365","5","p2365-s005","E_CERTIFIED_QUOTED_SOURCE",">Coleman’s notes from October 4 contained the following entry:","1","UNHIGHLIGHTED","0","0","54","54",">Coleman’s notes from October 4 contained the following entry:","NO","","","evidence:QUOTED_SOURCE","evidence:QUOTED_SOURCE: "">Coleman’s notes from October 4 contained the following entry:""","NO","YES","greentext excerpt","colon_or_semicolon_block","HIGH","CLAIM_CANDIDATE","declarative prose — decide Q-authored claim vs quoted claim vs aphorism","https://www.justice.gov/file/1071991/download ⏎ [Pg 294] ⏎ [Meeting between Comey and Coleman on October 4] ⏎ >Coleman told us that he could not recall this briefing with Comey.","(1) Anthony Wiener [sic] ⏎ (2) [Unrelated] ⏎ (3) Wiener [sic] – texting 15 yo – Sexually Explicit ⏎ -9/26 – Federal SW – IPhone/IPAD/Laptop  ⏎ -Initial analysis of laptop – thousands emails  ⏎ -Hillary Clinton & Foundation ⏎ -Crime","172","234","https://8ch.net/patriotsfight/res/62.html#359","","","","","","","","","UNREVIEWED"
"2365","#2365","16","p2365-s016","E_CERTIFIED_QUOTED_SOURCE","Comey stated:","1","PARTIAL_ONLY","41.67","0","7","12","stated:","NO","namedEntity","namedEntity: ""Comey"" [991-996]","evidence:QUOTED_SOURCE","evidence:QUOTED_SOURCE: ""Comey stated:""","NO","YES","greentext excerpt","colon_or_semicolon_block","MEDIUM","CLAIM_CANDIDATE","declarative prose — decide Q-authored claim vs quoted claim vs aphorism","he briefing by Coleman reflected in his calendar. ⏎ >We asked Comey if this briefing could have been the time in early October that he recalled being told about the connection between Midyear and the Weiner investigation.","""It’s possible, possible this is what is knocking around in the back of my head, but I really, see I know the frailty of memory from having done a lot of this work, at least in my memory it’s much more of an informal th","991","1004","https://8ch.net/patriotsfight/res/62.html#359","","","","","","","","","UNREVIEWED"
"2378","#2378","6","p2378-s006","E_CERTIFIED_QUOTED_SOURCE","Guangzhou is 90 miles upstream from Shenzhen, dubbed the `Silicon Valley of Hardware,’""","1","PARTIAL_ONLY","22.67","0","58","75","is 90 miles upstream from ⋯ , dubbed the `Silicon Valley of Hardware,’""","NO","namedEntity","namedEntity: ""Guangzhou"" [386-395] || namedEntity: ""Shenzhen"" [422-430]","evidence:QUOTED_SOURCE","evidence:QUOTED_SOURCE: ""Guangzhou is 90 miles upstream from Shenzhen, dubbed the `Silicon Valley of Hardware,’""""","NO","YES","excerpt beneath a source link","sentence_like_no_terminal","MEDIUM","CLAIM_CANDIDATE","declarative prose — decide Q-authored claim vs quoted claim vs aphorism","s/2018-10-09/new-evidence-of-hacked-supermicro-hardware-found-in-u-s-telecom ⏎ ""Western intelligence contacts that the device was made at a Supermicro subcontractor factory in Guangzhou, a port city in southeastern China.","What state does [Feinstein] represent?  ⏎ https://www.washingtonpost.com/opinions/explain-the-chinese-spy-sen-feinstein/2018/08/09/0560ca60-9bfd-11e8-b60b-1c897f17e185_story.html?noredirect=on&utm_term=.f0be11930e64 ⏎ GOOG","386","473","https://8ch.net/patriotsfight/res/62.html#371","","","","","","","","","UNREVIEWED"
"2399","#2399","3","p2399-s003","E_CERTIFIED_QUOTED_SOURCE","""THEY ALL LOOK ALIKE""","1","UNHIGHLIGHTED","0","0","18","18","""THEY ALL LOOK ALIKE""","NO","","","evidence:QUOTED_SOURCE","evidence:QUOTED_SOURCE: """"THEY ALL LOOK ALIKE""""","NO","YES","excerpt beneath a source link","fragment_or_label","HIGH","LABEL_FRAGMENT_OR_DEVICE","short label, slogan, heading or symbolic device rather than a proposition","Who are the real racists? ⏎ [2016 Democrat Nominee for President of the United States] ⏎ https://www.foxnews.com/politics/hillary-clinton-jokes-they-all-look-alike-after-interviewer-mixes-up-cory-booker-and-eric-holder","Fake News Cover Up > Prevent Black Americans from Seeing the TRUTH ⏎ Another FREE PASS? ⏎ Ignorance is BLISS. ⏎ https://www.youtube.com/watch?v=ryweuBVJMEA ⏎ [YOU ARE BEING CONTROLLED AND FED A FALSE NARRATIVE] ⏎ #TakeBackControl","215","236","https://8ch.net/patriotsfight/res/62.html#388","","","","","","","","","UNREVIEWED"
"2460","#2460","2","p2460-s002","E_CERTIFIED_QUOTED_SOURCE","""..or in response to chaos associated with protests and mob action,""","1","UNHIGHLIGHTED","0","0","58","58","""..or in response to chaos associated with protests and mob action,""","NO","","","evidence:QUOTED_SOURCE","evidence:QUOTED_SOURCE: """"..or in response to chaos associated with protests and mob action,""""","NO","YES","excerpt beneath a source link","sentence_like_no_terminal","HIGH","CLAIM_CANDIDATE","declarative prose — decide Q-authored claim vs quoted claim vs aphorism","https://en.wikipedia.org/wiki/Martial_law ⏎ https://en.wikipedia.org/wiki/Posse_Comitatus_Act","Article 1, Section 9 of the US Constitution states, ""The Privilege of the Writ of Habeas Corpus shall not be suspended, unless when in Cases of Rebellion or Invasion the public Safety may require it.""  ⏎ Q","92","160","https://8ch.net/patriotsfight/res/62.html#435","","","","","","","","","UNREVIEWED"
"2462","#2462","8","p2462-s008","E_CERTIFIED_QUOTED_SOURCE",">GOODLATTE, GOWDY, and SESSIONS *ALL* RESIGNED","1","PARTIAL_ONLY","12.2","0","36","41",">GOODLATTE, ⋯ , and SESSIONS *ALL* RESIGNED","NO","namedEntity","namedEntity: ""GOWDY"" [318-323] || namedEntity: ""GOWDY"" [318-323] || namedEntity: ""GOWDY"" [318-323]","evidence:QUOTED_SOURCE","evidence:QUOTED_SOURCE: "">GOODLATTE, GOWDY, and SESSIONS *ALL* RESIGNED""","NO","YES","greentext excerpt","sentence_like_no_terminal","HIGH","CLAIM_CANDIDATE","declarative prose — decide Q-authored claim vs quoted claim vs aphorism","rom the DOJ & FBI? ⏎ B)	How can arrests occur prior to safely securing a majority in the SUPREME COURT [CONSTITUTION - RULE OF LAW] ⏎ C)	What is the role of the SENATE? ⏎ >Role of GOODLATTE? ⏎ >Role of GOWDY? ⏎ >Role of SESSIONS?",">GOODLATTE, GOWDY, and SESSIONS *ALL* RESIGNED. ⏎ >Who did SESSIONS appoint in NOV 2017? ⏎ https://www.foxnews.com/politics/sessions-federal-prosecutor-evaluating-alleged-fbi-doj-wrongdoing-no-second-special-counsel-for-now","306","352","https://8ch.net/patriotsfight/res/62.html#437","","","","","","","","","UNREVIEWED"
"2462","#2462","24","p2462-s024","E_CERTIFIED_QUOTED_SOURCE",">SHADOW PLAYERS ARE THE DEADLIEST [STEALTH]","1","PARTIAL_ONLY","23.68","0","29","38",">SHADOW PLAYERS ARE THE DEADLIEST","NO","bracketCode","bracketCode: ""[STEALTH]"" [971-980]","evidence:QUOTED_SOURCE","evidence:QUOTED_SOURCE: "">SHADOW PLAYERS ARE THE DEADLIEST [STEALTH]""","NO","YES","greentext excerpt","sentence_like_no_terminal","HIGH","CLAIM_CANDIDATE","declarative prose — decide Q-authored claim vs quoted claim vs aphorism","provided to HUBER? ⏎ >Who is HOROWITZ? ⏎ >Mandate charged to HOROWITZ? ⏎ >Resources provided to HOROWITZ? ⏎ >Who was SESSIONS' CHIEF OF STAFF? ⏎ >What were the responsibilities of WHITAKER? ⏎ >WHAT IS THE ROLE OF A CHIEF OF STAFF?",">What is the advantage of having a ‘temp’ (‘acting’) in a leadership position? ⏎ https://www.bbc.com/news/world-us-canada-40684697 ⏎ “The appointment itself, on 21 July, triggered a shake-up at the Trump White House. Chief","937","980","https://8ch.net/patriotsfight/res/62.html#437","","","","","","","","","UNREVIEWED"
"2462","#2462","28","p2462-s028","E_CERTIFIED_QUOTED_SOURCE","Chief of Staff Reince Priebus and spokesman Sean Spicer both left their posts over his hiring.” —Mission Successful","1","PARTIAL_ONLY","23.47","0","75","98","Chief of Staff ⋯ and spokesman ⋯ both left their posts over his hiring.” —Mission Successful","NO","namedEntity","namedEntity: ""Reince Priebus"" [1209-1223] || namedEntity: ""Sean Spicer"" [1238-1249]","evidence:QUOTED_SOURCE","evidence:QUOTED_SOURCE: ""Chief of Staff Reince Priebus and spokesman Sean Spicer both left their posts over his hiring.” —Mission Successful""","NO","YES","excerpt beneath a source link","sentence_like_no_terminal","MEDIUM","CLAIM_CANDIDATE","declarative prose — decide Q-authored claim vs quoted claim vs aphorism","EALTH] ⏎ >What is the advantage of having a ‘temp’ (‘acting’) in a leadership position? ⏎ https://www.bbc.com/news/world-us-canada-40684697 ⏎ “The appointment itself, on 21 July, triggered a shake-up at the Trump White House.",">Laser designator(s) locked on target(s) ⏎ >Who was assigned directly to SESSIONS by POTUS? ⏎ >Mandate charged to Ezra Cohen-Watnick [Defense Intelligence Agency]? ⏎ >NAT SEC ADVISOR TO SESSIONS [counterintelligence and count","1194","1309","https://8ch.net/patriotsfight/res/62.html#437","","","","","","","","","UNREVIEWED"
"2462","#2462","29","p2462-s029","E_CERTIFIED_QUOTED_SOURCE",">Laser designator(s) locked on target(s)","1","UNHIGHLIGHTED","0","0","36","36",">Laser designator(s) locked on target(s)","NO","","","evidence:QUOTED_SOURCE","evidence:QUOTED_SOURCE: "">Laser designator(s) locked on target(s)""","NO","YES","greentext excerpt","sentence_like_no_terminal","HIGH","CLAIM_CANDIDATE","declarative prose — decide Q-authored claim vs quoted claim vs aphorism","-us-canada-40684697 ⏎ “The appointment itself, on 21 July, triggered a shake-up at the Trump White House. Chief of Staff Reince Priebus and spokesman Sean Spicer both left their posts over his hiring.” —Mission Successful",">Who was assigned directly to SESSIONS by POTUS? ⏎ >Mandate charged to Ezra Cohen-Watnick [Defense Intelligence Agency]? ⏎ >NAT SEC ADVISOR TO SESSIONS [counterintelligence and counterterrorism]? ⏎ >Who briefed NUNES on class","1310","1350","https://8ch.net/patriotsfight/res/62.html#437","","","","","","","","","UNREVIEWED"
"2468","#2468","3","p2468-s003","E_CERTIFIED_QUOTED_SOURCE",">Spicer","1","UNHIGHLIGHTED","0","0","7","7",">Spicer","NO","","","evidence:QUOTED_SOURCE","evidence:QUOTED_SOURCE: "">Spicer""","NO","YES","greentext excerpt","fragment_or_label","HIGH","LABEL_FRAGMENT_OR_DEVICE","short label, slogan, heading or symbolic device rather than a proposition","The 'Scaramucci' Play ⏎ Temp hire to remove embedded 'untrustworthy' staffers?",">Priebus  ⏎ Temps can be very dangerous to those who are targeted. ⏎ Think Whitaker. ⏎ [NEXT WEEK] ⏎ WH [optics] must remain stable. ⏎ https://abcnews.go.com/Politics/list-officials-left-trump-administration/story?id=49334453 ⏎ [Ma","78","85","https://8ch.net/patriotsfight/res/440.html#443","","","","","","","","","UNREVIEWED"
"2468","#2468","4","p2468-s004","E_CERTIFIED_QUOTED_SOURCE",">Priebus","1","UNHIGHLIGHTED","0","0","8","8",">Priebus","NO","","","evidence:QUOTED_SOURCE","evidence:QUOTED_SOURCE: "">Priebus""","NO","YES","greentext excerpt","fragment_or_label","HIGH","LABEL_FRAGMENT_OR_DEVICE","short label, slogan, heading or symbolic device rather than a proposition","The 'Scaramucci' Play ⏎ Temp hire to remove embedded 'untrustworthy' staffers?  ⏎ >Spicer","Temps can be very dangerous to those who are targeted. ⏎ Think Whitaker. ⏎ [NEXT WEEK] ⏎ WH [optics] must remain stable. ⏎ https://abcnews.go.com/Politics/list-officials-left-trump-administration/story?id=49334453 ⏎ [Many] did n","86","94","https://8ch.net/patriotsfight/res/440.html#443","","","","","","","","","UNREVIEWED"
"2501","#2501","12","p2501-s012","E_CERTIFIED_QUOTED_SOURCE","(a) In no case shall information be classified, continue to be maintained as classified, or fail to be declassified in order to:","2","UNHIGHLIGHTED","0","0","107","107","(a) In no case shall information be classified, continue to be maintained as classified, or fail to be declassified in order to:","NO","","","evidence:QUOTED_SOURCE","evidence:QUOTED_SOURCE: ""(a) In no case shall information be classified, continue to be maintained as classified, or fail to be declassified in order to:""","NO","YES","opens a multi-line quotation","colon_or_semicolon_block","MEDIUM","PREDICTION_CANDIDATE","future-facing language","r/change their testimony?  ⏎ DC has become RAT infested.  ⏎ https://www.gpo.gov/fdsys/pkg/CFR-2010-title3-vol1/pdf/CFR-2010-title3-vol1-eo13526.pdf ⏎ Executive Order 13526 ⏎ Sec 1.7 ⏎ ""Classification Prohibitions and Limitations.","(1) conceal violations of law, inefficiency, or administrative error; ⏎ (2) prevent embarrassment to a person, organization, or agency; ⏎ (3) restrain competition; or ⏎ (4) prevent or delay the release of information that doe","621","749","https://8ch.net/qresearch/res/4029778.html#4030351","","","","","","","","","UNREVIEWED"
"2501","#2501","13","p2501-s013","E_CERTIFIED_QUOTED_SOURCE","(1) conceal violations of law, inefficiency, or administrative error; (2) prevent embarrassment to a person, organization, or agency; (3) restrain competition; or","2","UNHIGHLIGHTED","0","0","141","141","(1) conceal violations of law, inefficiency, or administrative error; ⏎ (2) prevent embarrassment to a person, organization, or agency; ⏎ (3) restrain competition; or","NO","","","evidence:QUOTED_SOURCE","evidence:QUOTED_SOURCE: ""(1) conceal violations of law, inefficiency, or administrative error; ⏎ (2) prevent embarrassment to a person, organization, or agency; ⏎ (3) restrain competition; or""","NO","YES","inside a multi-line quotation","fragment_or_label","MEDIUM","LABEL_FRAGMENT_OR_DEVICE","short label, slogan, heading or symbolic device rather than a proposition","l1-eo13526.pdf ⏎ Executive Order 13526 ⏎ Sec 1.7 ⏎ ""Classification Prohibitions and Limitations. (a) In no case shall information be classified, continue to be maintained as classified, or fail to be declassified in order to:","(4) prevent or delay the release of information that does not require protection in the interest of the national security."" ⏎ Does UK stand w/ the US or only select divisions within the US? ⏎ Does AUS stand w/ the US or onl","750","912","https://8ch.net/qresearch/res/4029778.html#4030351","","","","","","","","","UNREVIEWED"
"2523","#2523","2","p2523-s002","E_CERTIFIED_QUOTED_SOURCE","""They are unlawful enemy combatants""","1","UNHIGHLIGHTED","0","0","32","32","""They are unlawful enemy combatants""","NO","","","evidence:QUOTED_SOURCE","evidence:QUOTED_SOURCE: """"They are unlawful enemy combatants""""","NO","YES","excerpt beneath a source link","sentence_like_no_terminal","HIGH","CLAIM_CANDIDATE","declarative prose — decide Q-authored claim vs quoted claim vs aphorism","ny-deploys-to-guantanamo-bay/ ⏎ https://www.military.com/daily-news/2018/03/28/when-it-comes-guantanamo-trump-truly-builder-chief.html ⏎ https://www.mcclatchydc.com/news/politics-government/white-house/article210304199.html","Questioning: Graham > KAV re: 'enemy combatants' [unusual?] ⏎ Define 'Treason' ⏎ EO effective 1.1.19? ⏎ DOJ Office of Legal Counsel opinion re: detain re: US Citizen(s) re: 'Enemy Combatant'  ⏎ Drops combined paint a full pictu","306","342","https://8ch.net/qresearch/res/4114583.html#4115008","","","","","","","","","UNREVIEWED"
"2587","#2587","2","p2587-s002","E_CERTIFIED_QUOTED_SOURCE","Google CEO Says No Plan to ‘Launch’ Censored Search Engine in China""","1","UNHIGHLIGHTED","0","0","57","57","Google CEO Says No Plan to ‘Launch’ Censored Search Engine in China""","NO","","","evidence:QUOTED_SOURCE","evidence:QUOTED_SOURCE: ""Google CEO Says No Plan to ‘Launch’ Censored Search Engine in China""""","NO","NO","","sentence_like_no_terminal","HIGH","CLAIM_CANDIDATE","declarative prose — decide Q-authored claim vs quoted claim vs aphorism",">>4266938 ⏎ https://motherboard.vice.com/en_us/article/gy7mnx/google-ceo-says-no-plans-to-launch-dragonfly-chinese-search-engine-sundar-pichai","How do you cover your tracks? ⏎ Start a FIRE. ⏎ GOOG says NO PLAN TO LAUNCH……. ⏎ What if GOOG already gave access to China? ⏎ CHINA launch? ⏎ WILL CHINA BE ANNOUNCING A STATE-FUNDED & STATE-MADE NEW SEARCH ENGINE IN THE COMING MO","141","209","https://8ch.net/qresearch/res/4266657.html#4267057","","","","","","","","","UNREVIEWED"
"2653","#2653","10","p2653-s010","E_CERTIFIED_QUOTED_SOURCE","She explained, “If the grand design of such institutions is to prepare inmates for return to the community as persons equipped to benefit from and contribute to civil society, then perpetuation of single-sex institutions should be rejected.” (Page 101)","1","UNHIGHLIGHTED","0","0","214","214","She explained, “If the grand design of such institutions is to prepare inmates for return to the community as persons equipped to benefit from and contribute to civil society, then perpetuation of single-sex institutions should be rejected.” (Page 101)","NO","","","evidence:QUOTED_SOURCE","evidence:QUOTED_SOURCE: ""She explained, “If the grand design of such institutions is to prepare inmates for return to the community as persons equipped to benefit from and contribute to civil society, then perpetuation of single-sex institutions should be rejected.” (Page 101)""","NO","YES","greentext excerpt","sentence_like_no_terminal","MEDIUM","CLAIM_CANDIDATE","declarative prose — decide Q-authored claim vs quoted claim vs aphorism","the U.S. Code, published in 1977 by the U.S. Commission on Civil Rights. ⏎ Highlights: ⏎ >Called for the sex-integration of prisons and reformatories so that conditions of imprisonment, security and housing could be equal.",">Called for the sex-integration of Boy Scouts and Girl Scouts because they “perpetuate stereotyped sex roles.” (Page 145) ⏎ >Insisted on sex-integrating “college fraternity and sorority chapters” and replacing them with “","330","582","https://8ch.net/qresearch/res/4626734.html#4627556","","","","","","","","","UNREVIEWED"
"2653","#2653","11","p2653-s011","E_CERTIFIED_QUOTED_SOURCE",">Called for the sex-integration of Boy Scouts and Girl Scouts because they “perpetuate stereotyped sex roles.” (Page 145)","1","PARTIAL_ONLY","18.27","0","85","104",">Called for the sex-integration of ⋯ and ⋯ because they “perpetuate stereotyped sex roles.” (Page 145)","NO","namedEntity","namedEntity: ""Boy Scouts"" [618-628] || namedEntity: ""Girl Scouts"" [633-644]","evidence:QUOTED_SOURCE","evidence:QUOTED_SOURCE: "">Called for the sex-integration of Boy Scouts and Girl Scouts because they “perpetuate stereotyped sex roles.” (Page 145)""","NO","YES","greentext excerpt","sentence_like_no_terminal","HIGH","CLAIM_CANDIDATE","declarative prose — decide Q-authored claim vs quoted claim vs aphorism","gn of such institutions is to prepare inmates for return to the community as persons equipped to benefit from and contribute to civil society, then perpetuation of single-sex institutions should be rejected.” (Page 101)",">Insisted on sex-integrating “college fraternity and sorority chapters” and replacing them with “college social societies.” (Page 169) ⏎ >Cast constitutional doubt on the legality of “Mother’s Day and Father’s Day as sepa","583","704","https://8ch.net/qresearch/res/4626734.html#4627556","","","","","","","","","UNREVIEWED"
"2653","#2653","12","p2653-s012","E_CERTIFIED_QUOTED_SOURCE",">Insisted on sex-integrating “college fraternity and sorority chapters” and replacing them with “college social societies.” (Page 169)","1","UNHIGHLIGHTED","0","0","118","118",">Insisted on sex-integrating “college fraternity and sorority chapters” and replacing them with “college social societies.” (Page 169)","NO","","","evidence:QUOTED_SOURCE","evidence:QUOTED_SOURCE: "">Insisted on sex-integrating “college fraternity and sorority chapters” and replacing them with “college social societies.” (Page 169)""","NO","YES","greentext excerpt","sentence_like_no_terminal","HIGH","CLAIM_CANDIDATE","declarative prose — decide Q-authored claim vs quoted claim vs aphorism","te to civil society, then perpetuation of single-sex institutions should be rejected.” (Page 101) ⏎ >Called for the sex-integration of Boy Scouts and Girl Scouts because they “perpetuate stereotyped sex roles.” (Page 145)",">Cast constitutional doubt on the legality of “Mother’s Day and Father’s Day as separate holidays.” (Page 146) ⏎ >Called for reducing the age of consent for sexual acts to people who are “less than 12 years old.” (Page 10","705","839","https://8ch.net/qresearch/res/4626734.html#4627556","","","","","","","","","UNREVIEWED"
"2653","#2653","13","p2653-s013","E_CERTIFIED_QUOTED_SOURCE",">Cast constitutional doubt on the legality of “Mother’s Day and Father’s Day as separate holidays.” (Page 146)","1","UNHIGHLIGHTED","0","0","94","94",">Cast constitutional doubt on the legality of “Mother’s Day and Father’s Day as separate holidays.” (Page 146)","NO","","","evidence:QUOTED_SOURCE","evidence:QUOTED_SOURCE: "">Cast constitutional doubt on the legality of “Mother’s Day and Father’s Day as separate holidays.” (Page 146)""","NO","YES","greentext excerpt","fragment_or_label","HIGH","LABEL_FRAGMENT_OR_DEVICE","short label, slogan, heading or symbolic device rather than a proposition","y Scouts and Girl Scouts because they “perpetuate stereotyped sex roles.” (Page 145) ⏎ >Insisted on sex-integrating “college fraternity and sorority chapters” and replacing them with “college social societies.” (Page 169)",">Called for reducing the age of consent for sexual acts to people who are “less than 12 years old.” (Page 102) ⏎ >Asserted that laws against “bigamists, persons cohabiting with more than one woman, and women cohabiting wi","840","950","https://8ch.net/qresearch/res/4626734.html#4627556","","","","","","","","","UNREVIEWED"
"2653","#2653","14","p2653-s014","E_CERTIFIED_QUOTED_SOURCE",">Called for reducing the age of consent for sexual acts to people who are “less than 12 years old.” (Page 102)","1","UNHIGHLIGHTED","0","0","90","90",">Called for reducing the age of consent for sexual acts to people who are “less than 12 years old.” (Page 102)","NO","","","evidence:QUOTED_SOURCE","evidence:QUOTED_SOURCE: "">Called for reducing the age of consent for sexual acts to people who are “less than 12 years old.” (Page 102)""","NO","YES","greentext excerpt","sentence_like_no_terminal","HIGH","CLAIM_CANDIDATE","declarative prose — decide Q-authored claim vs quoted claim vs aphorism","ng “college fraternity and sorority chapters” and replacing them with “college social societies.” (Page 169) ⏎ >Cast constitutional doubt on the legality of “Mother’s Day and Father’s Day as separate holidays.” (Page 146)",">Asserted that laws against “bigamists, persons cohabiting with more than one woman, and women cohabiting with a bigamist” are unconstitutional. (Page 195) ⏎ >Objected to laws against prostitution because “prostitution, a","951","1061","https://8ch.net/qresearch/res/4626734.html#4627556","","","","","","","","","UNREVIEWED"
"2653","#2653","16","p2653-s016","E_CERTIFIED_QUOTED_SOURCE","(Page 195)","1","UNHIGHLIGHTED","0","0","9","9","(Page 195)","NO","","","evidence:QUOTED_SOURCE","evidence:QUOTED_SOURCE: ""(Page 195)""","NO","YES","greentext excerpt","fragment_or_label","MEDIUM","LABEL_FRAGMENT_OR_DEVICE","short label, slogan, heading or symbolic device rather than a proposition","ent for sexual acts to people who are “less than 12 years old.” (Page 102) ⏎ >Asserted that laws against “bigamists, persons cohabiting with more than one woman, and women cohabiting with a bigamist” are unconstitutional.",">Objected to laws against prostitution because “prostitution, as a consensual act between adults, is arguably within the zone of privacy protected by recent constitutional decisions.” (Page 97) ⏎ >Ginsburg wrote that the","1207","1217","https://8ch.net/qresearch/res/4626734.html#4627556","","","","","","","","","UNREVIEWED"
"2653","#2653","17","p2653-s017","E_CERTIFIED_QUOTED_SOURCE",">Objected to laws against prostitution because “prostitution, as a consensual act between adults, is arguably within the zone of privacy protected by recent constitutional decisions.” (Page 97)","1","UNHIGHLIGHTED","0","0","167","167",">Objected to laws against prostitution because “prostitution, as a consensual act between adults, is arguably within the zone of privacy protected by recent constitutional decisions.” (Page 97)","NO","","","evidence:QUOTED_SOURCE","evidence:QUOTED_SOURCE: "">Objected to laws against prostitution because “prostitution, as a consensual act between adults, is arguably within the zone of privacy protected by recent constitutional decisions.” (Page 97)""","NO","YES","greentext excerpt","sentence_like_no_terminal","HIGH","CLAIM_CANDIDATE","declarative prose — decide Q-authored claim vs quoted claim vs aphorism","ual acts to people who are “less than 12 years old.” (Page 102) ⏎ >Asserted that laws against “bigamists, persons cohabiting with more than one woman, and women cohabiting with a bigamist” are unconstitutional. (Page 195)",">Ginsburg wrote that the Mann Act (which punishes those who engage in interstate sex traffic of women and girls) is “offensive.” Such acts should be considered “within the zone of privacy.” (Page 98) ⏎ >Demanded that we “","1218","1411","https://8ch.net/qresearch/res/4626734.html#4627556","","","","","","","","","UNREVIEWED"
"2653","#2653","18","p2653-s018","E_CERTIFIED_QUOTED_SOURCE",">Ginsburg wrote that the Mann Act (which punishes those who engage in interstate sex traffic of women and girls) is “offensive.” Such acts should be considered “within the zone of privacy.” (Page 98)","1","PARTIAL_ONLY","4.19","0","160","167",">Ginsburg wrote that the ⋯ (which punishes those who engage in interstate sex traffic of women and girls) is “offensive.” Such acts should be considered “within the zone of privacy.” (Page 98)","NO","namedEntity","namedEntity: ""Mann Act"" [1437-1445]","evidence:QUOTED_SOURCE","evidence:QUOTED_SOURCE: "">Ginsburg wrote that the Mann Act (which punishes those who engage in interstate sex traffic of women and girls) is “offensive.” Such acts should be considered “within the zone of privacy.” (Page 98)""","NO","YES","greentext excerpt","sentence_like_no_terminal","HIGH","CLAIM_CANDIDATE","declarative prose — decide Q-authored claim vs quoted claim vs aphorism","onstitutional. (Page 195) ⏎ >Objected to laws against prostitution because “prostitution, as a consensual act between adults, is arguably within the zone of privacy protected by recent constitutional decisions.” (Page 97)",">Demanded that we “firmly reject draft or combat exemption for women,” stating “women must be subject to the draft if men are.” But, she added, “the need for affirmative action and for transition measures is particularl","1412","1611","https://8ch.net/qresearch/res/4626734.html#4627556","","","","","","","","","UNREVIEWED"
"2653","#2653","19","p2653-s019","E_CERTIFIED_QUOTED_SOURCE",">Demanded that we “firmly reject draft or combat exemption for women,” stating “women must be subject to the draft if men are.” But, she added, “the need for affirmative action and for transition measures is particularly strong in the uniformed services.” (Page 218)","1","UNHIGHLIGHTED","0","0","224","224",">Demanded that we “firmly reject draft or combat exemption for women,” stating “women must be subject to the draft if men are.” But, she added, “the need for affirmative action and for transition measures is particularly strong in the uniformed services.” (Page 218)","NO","","","evidence:QUOTED_SOURCE","evidence:QUOTED_SOURCE: "">Demanded that we “firmly reject draft or combat exemption for women,” stating “women must be subject to the draft if men are.” But, she added, “the need for affirmative action and for transition measures is particularly strong in the uniformed services.” (Page 218)""","NO","YES","greentext excerpt","sentence_like_no_terminal","HIGH","CLAIM_CANDIDATE","declarative prose — decide Q-authored claim vs quoted claim vs aphorism","cisions.” (Page 97) ⏎ >Ginsburg wrote that the Mann Act (which punishes those who engage in interstate sex traffic of women and girls) is “offensive.” Such acts should be considered “within the zone of privacy.” (Page 98)",">An indefatigable censor, Ginsburg listed hundreds of “sexist” words that must be eliminated from all statutes. Among words she found offensive were: man, woman, manmade, mankind, husband, wife, mother, father, sister,","1612","1878","https://8ch.net/qresearch/res/4626734.html#4627556","","","","","","","","","UNREVIEWED"
"2653","#2653","22","p2653-s022","E_CERTIFIED_QUOTED_SOURCE","(Pages 15-16)","1","UNHIGHLIGHTED","0","0","12","12","(Pages 15-16)","NO","","","evidence:QUOTED_SOURCE","evidence:QUOTED_SOURCE: ""(Pages 15-16)""","NO","YES","greentext excerpt","fragment_or_label","MEDIUM","LABEL_FRAGMENT_OR_DEVICE","short label, slogan, heading or symbolic device rather than a proposition","es. Among words she found offensive were: man, woman, manmade, mankind, husband, wife, mother, father, sister, brother, son, daughter, serviceman, longshoreman, postmaster, watchman, seamanship, and “to man” (a vessel).",">Wanted he, she, him, her, his, and hers to be dropped down the memory hole. They must be replaced by he/she, her/him, and hers/his, and federal statutes must use the bad grammar of “plural constructions to avoid third","2207","2220","https://8ch.net/qresearch/res/4626734.html#4627556","","","","","","","","","UNREVIEWED"
"2653","#2653","24","p2653-s024","E_CERTIFIED_QUOTED_SOURCE","They must be replaced by he/she, her/him, and hers/his, and federal statutes must use the bad grammar of “plural constructions to avoid third person singular pronouns.” (Page 52-53)","1","UNHIGHLIGHTED","0","0","154","154","They must be replaced by he/she, her/him, and hers/his, and federal statutes must use the bad grammar of “plural constructions to avoid third person singular pronouns.” (Page 52-53)","NO","","","evidence:QUOTED_SOURCE","evidence:QUOTED_SOURCE: ""They must be replaced by he/she, her/him, and hers/his, and federal statutes must use the bad grammar of “plural constructions to avoid third person singular pronouns.” (Page 52-53)""","NO","YES","greentext excerpt","sentence_like_no_terminal","MEDIUM","CLAIM_CANDIDATE","declarative prose — decide Q-authored claim vs quoted claim vs aphorism","er, father, sister, brother, son, daughter, serviceman, longshoreman, postmaster, watchman, seamanship, and “to man” (a vessel). (Pages 15-16) ⏎ >Wanted he, she, him, her, his, and hers to be dropped down the memory hole.",">Condemned the Supreme Court’s ruling in Harris v. McRae and claimed that taxpayer-funded abortions should be a constitutional right. ⏎ http://humanevents.com/2005/08/23/senators-overlooked-radical-record-of-ruth-bader-gi","2298","2479","https://8ch.net/qresearch/res/4626734.html#4627556","","","","","","","","","UNREVIEWED"
"2653","#2653","25","p2653-s025","E_CERTIFIED_QUOTED_SOURCE",">Condemned the Supreme Court’s ruling in Harris v.","1","UNHIGHLIGHTED","0","0","43","43",">Condemned the Supreme Court’s ruling in Harris v.","NO","","","evidence:QUOTED_SOURCE","evidence:QUOTED_SOURCE: "">Condemned the Supreme Court’s ruling in Harris v.""","NO","YES","greentext excerpt","complete_sentence","MEDIUM","CLAIM_CANDIDATE","declarative prose — decide Q-authored claim vs quoted claim vs aphorism","s to be dropped down the memory hole. They must be replaced by he/she, her/him, and hers/his, and federal statutes must use the bad grammar of “plural constructions to avoid third person singular pronouns.” (Page 52-53)","McRae and claimed that taxpayer-funded abortions should be a constitutional right. ⏎ http://humanevents.com/2005/08/23/senators-overlooked-radical-record-of-ruth-bader-ginsburg/ ⏎ Who are the doctors 'currently' treating [R","2480","2530","https://8ch.net/qresearch/res/4626734.html#4627556","","","","","","","","","UNREVIEWED"
"2664","#2664","13","p2664-s013","E_CERTIFIED_QUOTED_SOURCE",">New narrative created","1","UNHIGHLIGHTED","0","0","20","20",">New narrative created","NO","","","evidence:QUOTED_SOURCE","evidence:QUOTED_SOURCE: "">New narrative created""","NO","YES","greentext excerpt","sentence_like_no_terminal","HIGH","CLAIM_CANDIDATE","declarative prose — decide Q-authored claim vs quoted claim vs aphorism","rica! The Fake News Media in our Country is the real Opposition Party. It is truly the Enemy of the People! We must bring honesty back to journalism and reporting!"" ⏎ Compare & Contrast. ⏎ Ring a Bell? ⏎ Think Drop Yesterday.",">Refusal to provide coverage of successes ⏎ Why is this important? ⏎ Sometimes making a connection leads to uncovering …… ⏎ Q","959","981","https://8ch.net/qresearch/res/4642796.html#4643496","","","","","","","","","UNREVIEWED"
"2664","#2664","14","p2664-s014","E_CERTIFIED_QUOTED_SOURCE",">Refusal to provide coverage of successes","1","UNHIGHLIGHTED","0","0","36","36",">Refusal to provide coverage of successes","NO","","","evidence:QUOTED_SOURCE","evidence:QUOTED_SOURCE: "">Refusal to provide coverage of successes""","NO","YES","greentext excerpt","fragment_or_label","HIGH","LABEL_FRAGMENT_OR_DEVICE","short label, slogan, heading or symbolic device rather than a proposition","ia in our Country is the real Opposition Party. It is truly the Enemy of the People! We must bring honesty back to journalism and reporting!"" ⏎ Compare & Contrast. ⏎ Ring a Bell? ⏎ Think Drop Yesterday. ⏎ >New narrative created","Why is this important? ⏎ Sometimes making a connection leads to uncovering …… ⏎ Q","982","1023","https://8ch.net/qresearch/res/4642796.html#4643496","","","","","","","","","UNREVIEWED"
"2683","#2683","11","p2683-s011","E_CERTIFIED_QUOTED_SOURCE",">Police turned against its own citizens","1","UNHIGHLIGHTED","0","0","34","34",">Police turned against its own citizens","NO","","","evidence:QUOTED_SOURCE","evidence:QUOTED_SOURCE: "">Police turned against its own citizens""","NO","YES","greentext excerpt","sentence_like_no_terminal","HIGH","CLAIM_CANDIDATE","declarative prose — decide Q-authored claim vs quoted claim vs aphorism","the protests in EU go against the narrative that majority of people are for globalism, open borders, and mass immigration?  ⏎ 1. Dilution of citizen voice ⏎ 2. Dilution of citizen vote ⏎ 3. Dilution of national independence",">Citizens turned against its own police ⏎ >People v People  ⏎ Controlled media > prevent mass awareness  ⏎ If the news doesn't report the facts (ie, truth) - how do people get informed in order to be heard? ⏎ Silence the peopl","420","459","https://8ch.net/qresearch/res/5110208.html#5110466","","","","","","","","","UNREVIEWED"
"2683","#2683","12","p2683-s012","E_CERTIFIED_QUOTED_SOURCE",">Citizens turned against its own police","1","UNHIGHLIGHTED","0","0","34","34",">Citizens turned against its own police","NO","","","evidence:QUOTED_SOURCE","evidence:QUOTED_SOURCE: "">Citizens turned against its own police""","NO","YES","greentext excerpt","sentence_like_no_terminal","HIGH","CLAIM_CANDIDATE","declarative prose — decide Q-authored claim vs quoted claim vs aphorism","ive that majority of people are for globalism, open borders, and mass immigration?  ⏎ 1. Dilution of citizen voice ⏎ 2. Dilution of citizen vote ⏎ 3. Dilution of national independence  ⏎ >Police turned against its own citizens",">People v People  ⏎ Controlled media > prevent mass awareness  ⏎ If the news doesn't report the facts (ie, truth) - how do people get informed in order to be heard? ⏎ Silence the people. ⏎ Localize disruption.  ⏎ Target leaders o","461","500","https://8ch.net/qresearch/res/5110208.html#5110466","","","","","","","","","UNREVIEWED"
"2683","#2683","13","p2683-s013","E_CERTIFIED_QUOTED_SOURCE",">People v People","1","UNHIGHLIGHTED","0","0","14","14",">People v People","NO","","","evidence:QUOTED_SOURCE","evidence:QUOTED_SOURCE: "">People v People""","NO","YES","greentext excerpt","fragment_or_label","HIGH","LABEL_FRAGMENT_OR_DEVICE","short label, slogan, heading or symbolic device rather than a proposition","alism, open borders, and mass immigration?  ⏎ 1. Dilution of citizen voice ⏎ 2. Dilution of citizen vote ⏎ 3. Dilution of national independence  ⏎ >Police turned against its own citizens  ⏎ >Citizens turned against its own police","Controlled media > prevent mass awareness  ⏎ If the news doesn't report the facts (ie, truth) - how do people get informed in order to be heard? ⏎ Silence the people. ⏎ Localize disruption.  ⏎ Target leaders of disruption (qui","501","517","https://8ch.net/qresearch/res/5110208.html#5110466","","","","","","","","","UNREVIEWED"
"2689","#2689","5","p2689-s005","E_CERTIFIED_QUOTED_SOURCE",">Non-Cit votes by county","1","UNHIGHLIGHTED","0","0","21","21",">Non-Cit votes by county","NO","","","evidence:QUOTED_SOURCE","evidence:QUOTED_SOURCE: "">Non-Cit votes by county""","NO","YES","greentext excerpt","fragment_or_label","HIGH","LABEL_FRAGMENT_OR_DEVICE","short label, slogan, heading or symbolic device rather than a proposition","ng-attorney-general-and-secretary-homeland-security-submit-joint-report-impact-foreign ⏎ [Only when the election harms the D party will they claim foreign interference] ⏎ Keyword: 'Foreign' ⏎ What about Domestic interference?",">Non-Cit promo by county ⏎ >Non-Cit org by county ⏎ >Targeted districts breakdown by 'Non-Cit' data acc ⏎ >Voter irregularities [internal] ⏎ >(-2) Laws enacted in battleground areas as test for 2020 (voter roll screening/review","255","279","https://8ch.net/qresearch/res/5122472.html#5123210","","","","","","","","","UNREVIEWED"
"2689","#2689","6","p2689-s006","E_CERTIFIED_QUOTED_SOURCE",">Non-Cit promo by county","1","UNHIGHLIGHTED","0","0","21","21",">Non-Cit promo by county","NO","","","evidence:QUOTED_SOURCE","evidence:QUOTED_SOURCE: "">Non-Cit promo by county""","NO","YES","greentext excerpt","fragment_or_label","HIGH","LABEL_FRAGMENT_OR_DEVICE","short label, slogan, heading or symbolic device rather than a proposition","ecretary-homeland-security-submit-joint-report-impact-foreign ⏎ [Only when the election harms the D party will they claim foreign interference] ⏎ Keyword: 'Foreign' ⏎ What about Domestic interference? ⏎ >Non-Cit votes by county",">Non-Cit org by county ⏎ >Targeted districts breakdown by 'Non-Cit' data acc ⏎ >Voter irregularities [internal] ⏎ >(-2) Laws enacted in battleground areas as test for 2020 (voter roll screening/review of non_votes (D) > ballo","280","304","https://8ch.net/qresearch/res/5122472.html#5123210","","","","","","","","","UNREVIEWED"
"2689","#2689","7","p2689-s007","E_CERTIFIED_QUOTED_SOURCE",">Non-Cit org by county","1","UNHIGHLIGHTED","0","0","19","19",">Non-Cit org by county","NO","","","evidence:QUOTED_SOURCE","evidence:QUOTED_SOURCE: "">Non-Cit org by county""","NO","YES","greentext excerpt","fragment_or_label","HIGH","LABEL_FRAGMENT_OR_DEVICE","short label, slogan, heading or symbolic device rather than a proposition","y-submit-joint-report-impact-foreign ⏎ [Only when the election harms the D party will they claim foreign interference] ⏎ Keyword: 'Foreign' ⏎ What about Domestic interference? ⏎ >Non-Cit votes by county ⏎ >Non-Cit promo by county",">Targeted districts breakdown by 'Non-Cit' data acc ⏎ >Voter irregularities [internal] ⏎ >(-2) Laws enacted in battleground areas as test for 2020 (voter roll screening/review of non_votes (D) > ballot pop > track for sign","305","327","https://8ch.net/qresearch/res/5122472.html#5123210","","","","","","","","","UNREVIEWED"
"2689","#2689","8","p2689-s008","E_CERTIFIED_QUOTED_SOURCE",">Targeted districts breakdown by 'Non-Cit' data acc","1","UNHIGHLIGHTED","0","0","45","45",">Targeted districts breakdown by 'Non-Cit' data acc","NO","","","evidence:QUOTED_SOURCE","evidence:QUOTED_SOURCE: "">Targeted districts breakdown by 'Non-Cit' data acc""","NO","YES","greentext excerpt","sentence_like_no_terminal","HIGH","CLAIM_CANDIDATE","declarative prose — decide Q-authored claim vs quoted claim vs aphorism","mpact-foreign ⏎ [Only when the election harms the D party will they claim foreign interference] ⏎ Keyword: 'Foreign' ⏎ What about Domestic interference? ⏎ >Non-Cit votes by county ⏎ >Non-Cit promo by county ⏎ >Non-Cit org by county",">Voter irregularities [internal] ⏎ >(-2) Laws enacted in battleground areas as test for 2020 (voter roll screening/review of non_votes (D) > ballot pop > track for sign > submit late for count) - vote swing figures + rule","328","379","https://8ch.net/qresearch/res/5122472.html#5123210","","","","","","","","","UNREVIEWED"
"2689","#2689","9","p2689-s009","E_CERTIFIED_QUOTED_SOURCE",">Voter irregularities [internal]","1","PARTIAL_ONLY","33.33","0","20","30",">Voter irregularities","NO","bracketCode","bracketCode: ""[internal]"" [402-412]","evidence:QUOTED_SOURCE","evidence:QUOTED_SOURCE: "">Voter irregularities [internal]""","NO","YES","greentext excerpt","fragment_or_label","HIGH","LABEL_FRAGMENT_OR_DEVICE","short label, slogan, heading or symbolic device rather than a proposition","rty will they claim foreign interference] ⏎ Keyword: 'Foreign' ⏎ What about Domestic interference? ⏎ >Non-Cit votes by county ⏎ >Non-Cit promo by county ⏎ >Non-Cit org by county ⏎ >Targeted districts breakdown by 'Non-Cit' data acc",">(-2) Laws enacted in battleground areas as test for 2020 (voter roll screening/review of non_votes (D) > ballot pop > track for sign > submit late for count) - vote swing figures + rule of law (new standard of no show","380","412","https://8ch.net/qresearch/res/5122472.html#5123210","","","","","","","","","UNREVIEWED"
"2744","#2744","1","p2744-s001","E_CERTIFIED_QUOTED_SOURCE","“But the Lord is faithful, and he will strengthen you and protect you from the evil one."" - 2 Thessalonians 3:3","1","PARTIAL_ONLY","78.02","0","20","91","“ ⋯ "" - 2 Thessalonians 3:3","NO","namedEntity | theme","namedEntity: ""Lord"" [9-13] || namedEntity: ""Lord"" [9-13] || theme: ""But the Lord is faithful, and he will strengthen you and protect you from the evil one."" [1-88]","evidence:QUOTED_SOURCE","evidence:QUOTED_SOURCE: ""“But the Lord is faithful, and he will strengthen you and protect you from the evil one."" - 2 Thessalonians 3:3""","NO","YES","sustained prose block — pasted or quoted passage","sentence_like_no_terminal","HIGH","RELIGIOUS_THEME_CANDIDATE","religious or scriptural vocabulary — check quoted-source boundaries","","""God is our refuge and strength, an ever-present help in trouble."" - Psalm 46:1  ⏎ “And lead us not into temptation, but deliver us from the evil one."" - Matthew 6:13 ⏎ Q","0","111","https://8ch.net/qresearch/res/5214637.html#5214701","","","","","","","","","UNREVIEWED"
"2744","#2744","2","p2744-s002","E_CERTIFIED_QUOTED_SOURCE","""God is our refuge and strength, an ever-present help in trouble."" - Psalm 46:1","1","PARTIAL_ONLY","4.55","0","63","66",""" ⋯ is our refuge and strength, an ever-present help in trouble."" - Psalm 46:1","NO","namedEntity","namedEntity: ""God"" [113-116] || namedEntity: ""God"" [113-116]","evidence:QUOTED_SOURCE","evidence:QUOTED_SOURCE: """"God is our refuge and strength, an ever-present help in trouble."" - Psalm 46:1""","NO","YES","sustained prose block — pasted or quoted passage","sentence_like_no_terminal","HIGH","RELIGIOUS_THEME_CANDIDATE","religious or scriptural vocabulary — check quoted-source boundaries","“But the Lord is faithful, and he will strengthen you and protect you from the evil one."" - 2 Thessalonians 3:3","“And lead us not into temptation, but deliver us from the evil one."" - Matthew 6:13 ⏎ Q","112","191","https://8ch.net/qresearch/res/5214637.html#5214701","","","","","","","","","UNREVIEWED"
"2744","#2744","3","p2744-s003","E_CERTIFIED_QUOTED_SOURCE","“And lead us not into temptation, but deliver us from the evil one."" - Matthew 6:13","1","UNHIGHLIGHTED","0","0","68","68","“And lead us not into temptation, but deliver us from the evil one."" - Matthew 6:13","NO","","","evidence:QUOTED_SOURCE","evidence:QUOTED_SOURCE: ""“And lead us not into temptation, but deliver us from the evil one."" - Matthew 6:13""","NO","YES","sustained prose block — pasted or quoted passage","fragment_or_label","HIGH","LABEL_FRAGMENT_OR_DEVICE","short label, slogan, heading or symbolic device rather than a proposition","“But the Lord is faithful, and he will strengthen you and protect you from the evil one."" - 2 Thessalonians 3:3 ⏎ ""God is our refuge and strength, an ever-present help in trouble."" - Psalm 46:1","Q","193","276","https://8ch.net/qresearch/res/5214637.html#5214701","","","","","","","","","UNREVIEWED"
"2830","#2830","2","p2830-s002","E_CERTIFIED_QUOTED_SOURCE","“When you can't make them see the light, make them feel the heat.” – Ronald Reagan","1","PARTIAL_ONLY","17.91","0","55","67","“When you can't make them see the light, make them feel the heat.” –","NO","namedEntity","namedEntity: ""Ronald Reagan"" [132-145]","evidence:QUOTED_SOURCE","evidence:QUOTED_SOURCE: ""“When you can't make them see the light, make them feel the heat.” – Ronald Reagan""","NO","YES","excerpt beneath a source link","sentence_like_no_terminal","HIGH","CLAIM_CANDIDATE","declarative prose — decide Q-authored claim vs quoted claim vs aphorism","https://twitter.com/realdonaldtrump/status/590586710540603392?","Q","63","145","https://8ch.net/qresearch/res/5283266.html#5283312","","","","","","","","","UNREVIEWED"
"2844","#2844","13","p2844-s013","E_CERTIFIED_QUOTED_SOURCE","noun","4","UNHIGHLIGHTED","0","0","4","4","noun","NO","","","evidence:QUOTED_SOURCE","evidence:QUOTED_SOURCE: ""noun""","NO","YES","dictionary entry","fragment_or_label","HIGH","LABEL_FRAGMENT_OR_DEVICE","short label, slogan, heading or symbolic device rather than a proposition","Ability to enter (arrange) w/o paper trail? ⏎ :RT Jan 29 2018 - IDEN [not for anons] ⏎ IDEN Jan 29 2018 & run back 1-2 [not for anons] ⏎ SCIF logs can be 'very' revealing. ⏎ HUSSEIN's USSS codename: RENEGADE ⏎ Define 'Renegade'.","1. a person who deserts and betrays an organization, country, or set of principles. ⏎ synonyms:	traitor, defector, deserter, turncoat, betrayer ⏎ Q","522","526","https://8ch.net/qresearch/res/5303505.html#5303685","","","","","","","","","UNREVIEWED"
"2844","#2844","15","p2844-s015","E_CERTIFIED_QUOTED_SOURCE","synonyms:	traitor, defector, deserter, turncoat, betrayer","1","UNHIGHLIGHTED","0","0","52","52","synonyms:	traitor, defector, deserter, turncoat, betrayer","NO","","","evidence:QUOTED_SOURCE","evidence:QUOTED_SOURCE: ""synonyms:	traitor, defector, deserter, turncoat, betrayer""","NO","YES","dictionary entry (continuation)","fragment_or_label","HIGH","LABEL_FRAGMENT_OR_DEVICE","short label, slogan, heading or symbolic device rather than a proposition","Jan 29 2018 & run back 1-2 [not for anons] ⏎ SCIF logs can be 'very' revealing. ⏎ HUSSEIN's USSS codename: RENEGADE ⏎ Define 'Renegade'. ⏎ noun ⏎ 1. a person who deserts and betrays an organization, country, or set of principles.","Q","611","668","https://8ch.net/qresearch/res/5303505.html#5303685","","","","","","","","","UNREVIEWED"
"2912","#2912","6","p2912-s006","E_CERTIFIED_QUOTED_SOURCE","No way, it’s time to stop this corrupt and illegally brought Witch Hunt. [Time to start looking at the other side where real crimes were committed].","1","PARTIAL_ONLY","48.78","48.78","63","123","[Time to start looking at the other side where real crimes were committed].","NO","claim","claim: ""No way, it’s time to stop this corrupt and illegally brought Witch Hunt."" [477-549]","evidence:QUOTED_SOURCE","evidence:QUOTED_SOURCE: ""No way, it’s time to stop this corrupt and illegally brought Witch Hunt. [Time to start looking at the other side where real crimes were committed].""","NO","YES","excerpt beneath a source link","complete_sentence","MEDIUM","CLAIM_CANDIDATE","declarative prose — decide Q-authored claim vs quoted claim vs aphorism","p’s finances and every deal he has ever done. Let’s follow discredited Michael Cohen….."" ⏎ https://twitter.com/realDonaldTrump/status/1101473899357880321 ⏎ ""…and the fraudulent and dishonest statements he made on Wednesday.","Republicans have been [abused long enough]. Must end now!"" ⏎ Carpet bombs are ok. ⏎ Tactical nukes are better. ⏎ [-21][-20][-19][-18]………. ⏎ Q","477","625","https://8ch.net/qresearch/res/5448904.html#5449539","","","","","","","","","UNREVIEWED"
"2943","#2943","6","p2943-s006","E_CERTIFIED_QUOTED_SOURCE","Corney in testimony before the House Permanent Select Committee on Intelligence on March 20, 2017, including:","1","PARTIAL_ONLY","45.74","0","51","94","Corney in testimony before the ⋯ on March 20, 2017, including:","NO","namedEntity","namedEntity: ""House Permanent Select Committee on Intelligence"" [400-448]","evidence:QUOTED_SOURCE","evidence:QUOTED_SOURCE: ""Corney in testimony before the House Permanent Select Committee on Intelligence on March 20, 2017, including:""","NO","YES","sustained prose block — pasted or quoted passage","colon_or_semicolon_block","MEDIUM","CLAIM_CANDIDATE","declarative prose — decide Q-authored claim vs quoted claim vs aphorism","oad' scope #1, would Mueller have the auth to pursue? ⏎ https://www.justice.gov/opa/press-release/file/967231/download ⏎ The Special Counsel is authorized to conduct the investigation confinned by then-FBI Director James 8.","(i) any links and/or coordination between the Russian government and individuals associated with the campaign of President Donald Trump; and ⏎ (ii) any matters that arose or may arise directly from the investigation; and","369","478","https://8ch.net/qresearch/res/5488046.html#5488382","","","","","","","","","UNREVIEWED"
"2971","#2971","5","p2971-s005","E_CERTIFIED_QUOTED_SOURCE","noun","4","UNHIGHLIGHTED","0","0","4","4","noun","NO","","","evidence:QUOTED_SOURCE","evidence:QUOTED_SOURCE: ""noun"" || evidence:QUOTED_SOURCE: ""noun""","NO","YES","dictionary entry","fragment_or_label","HIGH","LABEL_FRAGMENT_OR_DEVICE","short label, slogan, heading or symbolic device rather than a proposition","https://twitter.com/Uncle_Jimbo/status/1102922529084239872 ⏎ Listen carefully ref re: proof v evidence. ⏎ [D] party con. ⏎ Define 'evidence'.","1. the available body of facts or information indicating whether a belief or proposition is true or valid. ⏎ ""the study finds little evidence of overt discrimination"" ⏎ synonyms:	[proof], confirmation, verification, substan","136","140","https://8ch.net/qresearch/res/5522773.html#5523617","","","","","","","","","UNREVIEWED"
"2971","#2971","7","p2971-s007","E_CERTIFIED_QUOTED_SOURCE","""the study finds little evidence of overt discrimination"" synonyms:	[proof], confirmation, verification, substantiation, corroboration, affirmation, authentication, attestation, documentation; Define 'proof'.","1","PARTIAL_ONLY","30.16","26.46","132","189","synonyms: ⋯ , confirmation, verification, substantiation, corroboration, affirmation, authentication, attestation, documentation; Define 'proof'.","NO","claim | bracketCode","claim: """"the study finds little evidence of overt discrimination"""" [248-305] || bracketCode: ""[proof]"" [316-323]","evidence:QUOTED_SOURCE","evidence:QUOTED_SOURCE: """"the study finds little evidence of overt discrimination"" ⏎ synonyms:	[proof], confirmation, verification, substantiation, corroboration, affirmation, authentication, attestation, documentation; Define 'proof'.""","NO","YES","dictionary entry (continuation)","complete_sentence","MEDIUM","CLAIM_CANDIDATE","declarative prose — decide Q-authored claim vs quoted claim vs aphorism","mbo/status/1102922529084239872 ⏎ Listen carefully ref re: proof v evidence. ⏎ [D] party con. ⏎ Define 'evidence'. ⏎ noun ⏎ 1. the available body of facts or information indicating whether a belief or proposition is true or valid.","noun ⏎ 1. [evidence] or argument establishing or helping to establish a fact or the truth of a statement. ⏎ ""you will be asked to give proof of your identity"" ⏎ synonyms:	evidence, verification, corroboration, authentication,","248","456","https://8ch.net/qresearch/res/5522773.html#5523617","","","","","","","","","UNREVIEWED"
"2971","#2971","8","p2971-s008","E_CERTIFIED_QUOTED_SOURCE","noun","4","UNHIGHLIGHTED","0","0","4","4","noun","NO","","","evidence:QUOTED_SOURCE","evidence:QUOTED_SOURCE: ""noun"" || evidence:QUOTED_SOURCE: ""noun""","NO","YES","dictionary entry (continuation)","fragment_or_label","HIGH","LABEL_FRAGMENT_OR_DEVICE","short label, slogan, heading or symbolic device rather than a proposition","or valid. ⏎ ""the study finds little evidence of overt discrimination"" ⏎ synonyms:	[proof], confirmation, verification, substantiation, corroboration, affirmation, authentication, attestation, documentation; Define 'proof'.","1. [evidence] or argument establishing or helping to establish a fact or the truth of a statement. ⏎ ""you will be asked to give proof of your identity"" ⏎ synonyms:	evidence, verification, corroboration, authentication, conf","457","461","https://8ch.net/qresearch/res/5522773.html#5523617","","","","","","","","","UNREVIEWED"
"2971","#2971","9","p2971-s009","E_CERTIFIED_QUOTED_SOURCE","1. [evidence] or argument establishing or helping to establish a fact or the truth of a statement.","1","PARTIAL_ONLY","97.56","97.56","2","82","1.","NO","claim | bracketCode","claim: ""[evidence] or argument establishing or helping to establish a fact or the truth of a statement."" [465-560] || bracketCode: ""[evidence]"" [465-475]","evidence:QUOTED_SOURCE","evidence:QUOTED_SOURCE: ""1. [evidence] or argument establishing or helping to establish a fact or the truth of a statement.""","NO","YES","dictionary entry (continuation)","complete_sentence","HIGH","CLAIM_CANDIDATE","declarative prose — decide Q-authored claim vs quoted claim vs aphorism","alid. ⏎ ""the study finds little evidence of overt discrimination"" ⏎ synonyms:	[proof], confirmation, verification, substantiation, corroboration, affirmation, authentication, attestation, documentation; Define 'proof'. ⏎ noun","""you will be asked to give proof of your identity"" ⏎ synonyms:	evidence, verification, corroboration, authentication, confirmation, certification, validation, attestation, demonstration, substantiation, witness, testament","462","560","https://8ch.net/qresearch/res/5522773.html#5523617","","","","","","","","","UNREVIEWED"
"2987","#2987","7","p2987-s007","E_CERTIFIED_QUOTED_SOURCE","But when a long train of abuses and usurpations, pursuing invariably the same Object evinces a design to reduce them under absolute Despotism, it is their right, it is their duty, to throw off such Government, and to provide new Guards for their future security. —","2","UNHIGHLIGHTED","0","0","219","219","But when a long train of abuses and usurpations, pursuing invariably the same Object evinces a design to reduce them under absolute Despotism, it is their right, it is their duty, to throw off such Government, and to provide new Guards for their future security. —","NO","","","evidence:QUOTED_SOURCE","evidence:QUOTED_SOURCE: ""But when a long train of abuses and usurpations, pursuing invariably the same Object evinces a design to reduce them under absolute Despotism, it is their right, it is their duty, to throw off such Government, and to provide new Guards for their future security. —""","NO","YES","founding document","sentence_like_no_terminal","MEDIUM","CLAIM_CANDIDATE","declarative prose — decide Q-authored claim vs quoted claim vs aphorism","r light and transient causes; and accordingly all experience hath shewn that mankind are more disposed to suffer, while evils are sufferable than to right themselves by abolishing the forms to which they are accustomed.","""Freedom is never more than one generation away from extinction. We didn't pass it to our children in the bloodstream. It must be fought for, protected, and handed on for them to do the same."" - Reagan ⏎ United We Stand.","1197","1461","https://8ch.net/qresearch/res/5549434.html#5549666","","","","","","","","","UNREVIEWED"
"2987","#2987","10","p2987-s010","E_CERTIFIED_QUOTED_SOURCE","It must be fought for, protected, and handed on for them to do the same."" - Reagan","1","PARTIAL_ONLY","9.09","0","60","66","It must be fought for, protected, and handed on for them to do the same."" -","NO","namedEntity","namedEntity: ""Reagan"" [1658-1664]","evidence:QUOTED_SOURCE","evidence:QUOTED_SOURCE: ""It must be fought for, protected, and handed on for them to do the same."" - Reagan""","NO","YES","founding document (continuation)","sentence_like_no_terminal","MEDIUM","CLAIM_CANDIDATE","declarative prose — decide Q-authored claim vs quoted claim vs aphorism","is their duty, to throw off such Government, and to provide new Guards for their future security. —  ⏎ ""Freedom is never more than one generation away from extinction. We didn't pass it to our children in the bloodstream.","United We Stand. ⏎ July 4, 2019. ⏎ WWG1WGA!!! ⏎ Q","1582","1664","https://8ch.net/qresearch/res/5549434.html#5549666","","","","","","","","","UNREVIEWED"
"3004","#3004","18","p3004-s018","E_CERTIFIED_QUOTED_SOURCE",">hold offenders accountable","1","UNHIGHLIGHTED","0","0","25","25",">hold offenders accountable","NO","","","evidence:QUOTED_SOURCE","evidence:QUOTED_SOURCE: "">hold offenders accountable""","NO","YES","greentext excerpt","fragment_or_label","HIGH","LABEL_FRAGMENT_OR_DEVICE","short label, slogan, heading or symbolic device rather than a proposition","RECT OS OVER HUBER? ⏎ NO_LEAKS ⏎ NONE ⏎ Who FIRED/REMOVED the traitors within the FBI/DOJ? ⏎ Do you believe the timing is a coincidence?  ⏎ [2] ⏎ https://twitter.com/USAttyHuber/status/1104104287905275904 ⏎ >clear vision for the @DOJ",">advance the rule of law. ⏎ Do you believe the timing is a coincidence? ⏎ [3] ⏎ https://twitter.com/2020Republicans/status/1104424668138749957 ⏎ Do you believe the timing is a coincidence? ⏎ [4] ⏎ https://www.documentcloud.org/docu","503","530","https://8ch.net/qresearch/res/5594263.html#5594371","","","","","","","","","UNREVIEWED"
"3064","#3064","3","p3064-s003","E_CERTIFIED_QUOTED_SOURCE",">OHR cooperating witness","1","PARTIAL_ONLY","13.64","0","19","22","> ⋯ cooperating witness","NO","namedEntity","namedEntity: ""OHR"" [89-92]","evidence:QUOTED_SOURCE","evidence:QUOTED_SOURCE: "">OHR cooperating witness""","NO","YES","greentext excerpt","sentence_like_no_terminal","HIGH","CLAIM_CANDIDATE","declarative prose — decide Q-authored claim vs quoted claim vs aphorism","https://twitter.com/paulsperry_/status/1106042761407619073 ⏎ What did we learn this week?",">PAGE cooperating witness ⏎ >STRZOK cooperating witness ⏎ Next? ⏎ Q","88","112","https://8ch.net/qresearch/res/5681700.html#5682414","","","","","","","","","UNREVIEWED"
"3064","#3064","4","p3064-s004","E_CERTIFIED_QUOTED_SOURCE",">PAGE cooperating witness","1","PARTIAL_ONLY","17.39","0","19","23","> ⋯ cooperating witness","NO","namedEntity","namedEntity: ""PAGE"" [114-118]","evidence:QUOTED_SOURCE","evidence:QUOTED_SOURCE: "">PAGE cooperating witness""","NO","YES","greentext excerpt","sentence_like_no_terminal","HIGH","CLAIM_CANDIDATE","declarative prose — decide Q-authored claim vs quoted claim vs aphorism","https://twitter.com/paulsperry_/status/1106042761407619073 ⏎ What did we learn this week? ⏎ >OHR cooperating witness",">STRZOK cooperating witness ⏎ Next? ⏎ Q","113","138","https://8ch.net/qresearch/res/5681700.html#5682414","","","","","","","","","UNREVIEWED"
"3064","#3064","5","p3064-s005","E_CERTIFIED_QUOTED_SOURCE",">STRZOK cooperating witness","1","PARTIAL_ONLY","24","0","19","25","> ⋯ cooperating witness","NO","namedEntity","namedEntity: ""STRZOK"" [140-146]","evidence:QUOTED_SOURCE","evidence:QUOTED_SOURCE: "">STRZOK cooperating witness""","NO","YES","greentext excerpt","sentence_like_no_terminal","HIGH","CLAIM_CANDIDATE","declarative prose — decide Q-authored claim vs quoted claim vs aphorism","https://twitter.com/paulsperry_/status/1106042761407619073 ⏎ What did we learn this week? ⏎ >OHR cooperating witness ⏎ >PAGE cooperating witness","Next? ⏎ Q","139","166","https://8ch.net/qresearch/res/5681700.html#5682414","","","","","","","","","UNREVIEWED"
"3071","#3071","3","p3071-s003","E_CERTIFIED_QUOTED_SOURCE",">ATTACK FOX NEWS TO CONTROL OPPOSITION NARRATIVE","1","UNHIGHLIGHTED","0","0","42","42",">ATTACK FOX NEWS TO CONTROL OPPOSITION NARRATIVE","NO","","","evidence:QUOTED_SOURCE","evidence:QUOTED_SOURCE: "">ATTACK FOX NEWS TO CONTROL OPPOSITION NARRATIVE""","NO","YES","greentext excerpt","fragment_or_label","HIGH","LABEL_FRAGMENT_OR_DEVICE","short label, slogan, heading or symbolic device rather than a proposition","TO SUMMARIZE THIS WEEK: ⏎ RE: [D’s] PREP TO STEAL 2020 ELECTIONS",">>>6 CO’S CONTROL 90% OF THE MSM ⏎ >VOTE TO ALLOW ‘ILLEGAL’ IMMIGRANTS RIGHT TO VOTE IN ELECTIONS ⏎ >PUSH TALING POINTS RE: VOTER AGE SHOULD DECREASED FROM 18 TO 16 ⏎ >NO WALL – OPEN BORDERS – ALL WECLOME = MORE [D] VOTES ⏎ >DE","63","111","https://8ch.net/qresearch/res/5684101.html#5684297","","","","","","","","","UNREVIEWED"
"3071","#3071","6","p3071-s006","E_CERTIFIED_QUOTED_SOURCE",">PUSH TALING POINTS RE: VOTER AGE SHOULD DECREASED FROM 18 TO 16","1","UNHIGHLIGHTED","0","0","53","53",">PUSH TALING POINTS RE: VOTER AGE SHOULD DECREASED FROM 18 TO 16","NO","","","evidence:QUOTED_SOURCE","evidence:QUOTED_SOURCE: "">PUSH TALING POINTS RE: VOTER AGE SHOULD DECREASED FROM 18 TO 16""","NO","YES","greentext excerpt","sentence_like_no_terminal","HIGH","CLAIM_CANDIDATE","declarative prose — decide Q-authored claim vs quoted claim vs aphorism","TO SUMMARIZE THIS WEEK: ⏎ RE: [D’s] PREP TO STEAL 2020 ELECTIONS ⏎ >ATTACK FOX NEWS TO CONTROL OPPOSITION NARRATIVE ⏎ >>>6 CO’S CONTROL 90% OF THE MSM ⏎ >VOTE TO ALLOW ‘ILLEGAL’ IMMIGRANTS RIGHT TO VOTE IN ELECTIONS",">NO WALL – OPEN BORDERS – ALL WECLOME = MORE [D] VOTES ⏎ >DENY PROPER COUNTING U.S. CENSUS > AVOID PUBLIC KNOWLEDGE REAL ‘ILLEGAL’ POP TO AVOID VOTER FRAUD % RISK TO ELECTIONS ⏎ WELCOME TO THE [D] PARTY! ⏎ Q","208","272","https://8ch.net/qresearch/res/5684101.html#5684297","","","","","","","","","UNREVIEWED"
"3071","#3071","7","p3071-s007","E_CERTIFIED_QUOTED_SOURCE",">NO WALL – OPEN BORDERS – ALL WECLOME = MORE [D] VOTES","1","PARTIAL_ONLY","6.98","0","40","43",">NO WALL – OPEN BORDERS – ALL WECLOME = MORE ⋯ VOTES","NO","bracketCode","bracketCode: ""[D]"" [318-321]","evidence:QUOTED_SOURCE | code","evidence:QUOTED_SOURCE: "">NO WALL – OPEN BORDERS – ALL WECLOME = MORE [D] VOTES"" || code: ""[D]""","NO","YES","greentext excerpt","fragment_or_label","HIGH","LABEL_FRAGMENT_OR_DEVICE","short label, slogan, heading or symbolic device rather than a proposition","ELECTIONS ⏎ >ATTACK FOX NEWS TO CONTROL OPPOSITION NARRATIVE ⏎ >>>6 CO’S CONTROL 90% OF THE MSM ⏎ >VOTE TO ALLOW ‘ILLEGAL’ IMMIGRANTS RIGHT TO VOTE IN ELECTIONS ⏎ >PUSH TALING POINTS RE: VOTER AGE SHOULD DECREASED FROM 18 TO 16",">DENY PROPER COUNTING U.S. CENSUS > AVOID PUBLIC KNOWLEDGE REAL ‘ILLEGAL’ POP TO AVOID VOTER FRAUD % RISK TO ELECTIONS ⏎ WELCOME TO THE [D] PARTY! ⏎ Q","273","327","https://8ch.net/qresearch/res/5684101.html#5684297","","","","","","","","","UNREVIEWED"
"3104","#3104","2","p3104-s002","E_CERTIFIED_QUOTED_SOURCE","""Keep fighting…""","1","UNHIGHLIGHTED","0","0","15","15","""Keep fighting…""","NO","","","evidence:QUOTED_SOURCE","evidence:QUOTED_SOURCE: """"Keep fighting…""""","NO","YES","excerpt beneath a source link","fragment_or_label","HIGH","LABEL_FRAGMENT_OR_DEVICE","short label, slogan, heading or symbolic device rather than a proposition","https://twitter.com/realDonaldTrump/status/1107276504415854592","Q","63","79","https://8ch.net/qresearch/res/5743333.html#5743399","","","","","","","","","UNREVIEWED"
"3237","#3237","3","p3237-s003","E_CERTIFIED_QUOTED_SOURCE",">It shall be done","1","UNHIGHLIGHTED","0","0","14","14",">It shall be done","NO","","","evidence:QUOTED_SOURCE","evidence:QUOTED_SOURCE: "">It shall be done""","NO","YES","greentext excerpt","sentence_like_no_terminal","HIGH","PREDICTION_CANDIDATE","future-facing language","https://www.foxnews.com/us/internal-email-from-foxxs-office-shows-push-to-defend-move-to-drop-smollett-charges ⏎ FEDS (DOJ) will prosecute?","Q","138","155","https://8ch.net/qresearch/res/5889157.html#5935122","","","","","","","","","UNREVIEWED"
"3325","#3325","3","p3325-s003","E_CERTIFIED_QUOTED_SOURCE","noun","4","UNHIGHLIGHTED","0","0","4","4","noun","NO","","","evidence:QUOTED_SOURCE","evidence:QUOTED_SOURCE: ""noun""","NO","YES","dictionary entry","fragment_or_label","HIGH","LABEL_FRAGMENT_OR_DEVICE","short label, slogan, heading or symbolic device rather than a proposition","Why would a President of the United States [HUSSEIN] assign 'RENEGADE' as his USSS codename?  ⏎ Define 'Renegade'.","1. a person who deserts and betrays an organization, country, or set of principles. ⏎ synonyms:	traitor, defector, deserter, turncoat, betrayer; ⏎ adjective: renegade ⏎ 1. having treacherously changed allegiance. ⏎ Q","113","117","https://8ch.net/qresearch/res/6315966.html#6316088","","","","","","","","","UNREVIEWED"
"3325","#3325","5","p3325-s005","E_CERTIFIED_QUOTED_SOURCE","synonyms:	traitor, defector, deserter, turncoat, betrayer; adjective: renegade","1","PARTIAL_ONLY","11.27","0","63","71","synonyms:	traitor, defector, deserter, turncoat, betrayer; ⏎ adjective:","NO","namedEntity","namedEntity: ""renegade"" [272-280]","evidence:QUOTED_SOURCE","evidence:QUOTED_SOURCE: ""synonyms:	traitor, defector, deserter, turncoat, betrayer; ⏎ adjective: renegade""","NO","YES","dictionary entry (continuation)","fragment_or_label","MEDIUM","LABEL_FRAGMENT_OR_DEVICE","short label, slogan, heading or symbolic device rather than a proposition","Why would a President of the United States [HUSSEIN] assign 'RENEGADE' as his USSS codename?  ⏎ Define 'Renegade'. ⏎ noun ⏎ 1. a person who deserts and betrays an organization, country, or set of principles.","1. having treacherously changed allegiance. ⏎ Q","202","280","https://8ch.net/qresearch/res/6315966.html#6316088","","","","","","","","","UNREVIEWED"
"3583","#3583","3","p3583-s003","E_CERTIFIED_QUOTED_SOURCE","He did not have his updated phone number."" - Q https://www.dailymail.co.uk/news/article-7597821/Trump-claims-Obama-tried-call-Kim-Jong-11-times-no-respect-dictator-wouldnt-answer.html","1","PARTIAL_ONLY","78.61","0","37","173","He did not have his updated phone number."" - Q","NO","namedEntity | url","namedEntity: ""Trump"" [176-181] || url: ""https://www.dailymail.co.uk/news/article-7597821/Trump-claims-Obama-tried-call-Kim-Jong-11-times-no-respect-dictator-wouldnt-answer.html"" [127-263]","evidence:EXTERNAL_LINK | evidence:QUOTED_SOURCE","evidence:EXTERNAL_LINK: ""https://www.dailymail.co.uk/news/article-7597821/Trump-claims-Obama-tried-call-Kim-Jong-11-times-no-respect-dictator-wouldnt-answer.html"" || evidence:QUOTED_SOURCE: ""He did not have his updated phone number."" - Q ⏎ https://www.dailymail.co.uk/news/article-7597821/Trump-claims-Obama-tried-call-Kim-Jong-11-times-no-respect-dictator-wouldnt-answer.html""","NO","YES","inside a multi-line quotation","sentence_like_no_terminal","MEDIUM","CLAIM_CANDIDATE","declarative prose — decide Q-authored claim vs quoted claim vs aphorism","[Jun 12 2018] ⏎ ""Would you believe Hussein tried to call Kim prior to the Summit?","Previous # tracked [SURV] by a select dedicated team? ⏎ # breakdown pre/post POTUS elect? ⏎ Do you believe in coincidences? ⏎ Relevant to future upcoming events. ⏎ Q","80","263","https://8kun.net/qresearch/res/7307489.html#7352932","","","","","","","","","UNREVIEWED"
"3598","#3598","2","p3598-s002","E_CERTIFIED_QUOTED_SOURCE","""Whistle Blower Traps""","1","UNHIGHLIGHTED","0","0","20","20","""Whistle Blower Traps""","NO","","","evidence:QUOTED_SOURCE","evidence:QUOTED_SOURCE: """"Whistle Blower Traps""""","NO","YES","excerpt beneath a source link","fragment_or_label","HIGH","LABEL_FRAGMENT_OR_DEVICE","short label, slogan, heading or symbolic device rather than a proposition","https://twitter.com/stormypatriot21/status/1195416791431995392","[Mar 4 2018] ⏎ 'Trap' keyword select provided….. ⏎ Whole or (parts) - break/break ⏎ You have more than you know. ⏎ Future proves past. ⏎ Q","63","85","https://8kun.net/qresearch/res/7355098.html#7356017","","","","","","","","","UNREVIEWED"
"3634","#3634","4","p3634-s004","E_CERTIFIED_QUOTED_SOURCE",">DF Chinese spy_insert 20+ years https://www.usatoday.com/story/news/politics/onpolitics/2018/08/04/trump-russia-investigation-dianne-feinstein-chinese-spy/908865002/","1","PARTIAL_ONLY","82.61","0","28","161",">DF Chinese spy_insert 20+ years","NO","url","url: ""https://www.usatoday.com/story/news/politics/onpolitics/2018/08/04/trump-russia-investigation-dianne-feinstein-chinese-spy/908865002/"" [139-272]","evidence:EXTERNAL_LINK | evidence:QUOTED_SOURCE","evidence:EXTERNAL_LINK: ""https://www.usatoday.com/story/news/politics/onpolitics/2018/08/04/trump-russia-investigation-dianne-feinstein-chinese-spy/908865002/"" || evidence:QUOTED_SOURCE: "">DF Chinese spy_insert 20+ years ⏎ https://www.usatoday.com/story/news/politics/onpolitics/2018/08/04/trump-russia-investigation-dianne-feinstein-chinese-spy/908865002/""","NO","YES","greentext excerpt","fragment_or_label","MEDIUM","LABEL_FRAGMENT_OR_DEVICE","short label, slogan, heading or symbolic device rather than a proposition","[D]'s (internal) infiltration issue(s) w/ protecting NAT SEC? ⏎ Deliberate? ⏎ Do you believe in coincidences?",">Awan IT scandal ⏎ https://www.foxnews.com/opinion/democrats-it-scandal-set-to-explode-with-possible-plea-deal ⏎ >Omar paid [F] agent ⏎ https://www.thegatewaypundit.com/2019/11/ilhan-omar-accused-of-being-a-paid-agent-of-qata","106","272","https://8kun.net/qresearch/res/7371635.html#7371947","","","","","","","","","UNREVIEWED"
"3634","#3634","5","p3634-s005","E_CERTIFIED_QUOTED_SOURCE",">Awan IT scandal https://www.foxnews.com/opinion/democrats-it-scandal-set-to-explode-with-possible-plea-deal","1","PARTIAL_ONLY","90.48","0","10","105","> ⋯ IT scandal","NO","namedEntity | url","namedEntity: ""Awan"" [274-278] || url: ""https://www.foxnews.com/opinion/democrats-it-scandal-set-to-explode-with-possible-plea-deal"" [290-381]","evidence:EXTERNAL_LINK | evidence:QUOTED_SOURCE","evidence:EXTERNAL_LINK: ""https://www.foxnews.com/opinion/democrats-it-scandal-set-to-explode-with-possible-plea-deal"" || evidence:QUOTED_SOURCE: "">Awan IT scandal ⏎ https://www.foxnews.com/opinion/democrats-it-scandal-set-to-explode-with-possible-plea-deal""","NO","YES","greentext excerpt","fragment_or_label","MEDIUM","LABEL_FRAGMENT_OR_DEVICE","short label, slogan, heading or symbolic device rather than a proposition","NAT SEC? ⏎ Deliberate? ⏎ Do you believe in coincidences? ⏎ >DF Chinese spy_insert 20+ years ⏎ https://www.usatoday.com/story/news/politics/onpolitics/2018/08/04/trump-russia-investigation-dianne-feinstein-chinese-spy/908865002/",">Omar paid [F] agent ⏎ https://www.thegatewaypundit.com/2019/11/ilhan-omar-accused-of-being-a-paid-agent-of-qatar-and-accessing-sensitive-info-for-iran-court-testimony/ ⏎ >Clinton server > China relay ⏎ https://gohmert.house.","273","381","https://8kun.net/qresearch/res/7371635.html#7371947","","","","","","","","","UNREVIEWED"
"3634","#3634","6","p3634-s006","E_CERTIFIED_QUOTED_SOURCE",">Omar paid [F] agent https://www.thegatewaypundit.com/2019/11/ilhan-omar-accused-of-being-a-paid-agent-of-qatar-and-accessing-sensitive-info-for-iran-court-testimony/","1","PARTIAL_ONLY","91.36","0","14","162",">Omar paid ⋯ agent","NO","bracketCode | url","bracketCode: ""[F]"" [393-396] || url: ""https://www.thegatewaypundit.com/2019/11/ilhan-omar-accused-of-being-a-paid-agent-of-qatar-and-accessing-sensitive-info-for-iran-court-testimony/"" [403-548]","evidence:EXTERNAL_LINK | evidence:QUOTED_SOURCE","evidence:EXTERNAL_LINK: ""https://www.thegatewaypundit.com/2019/11/ilhan-omar-accused-of-being-a-paid-agent-of-qatar-and-accessing-sensitive-info-for-iran-court-testimony/"" || evidence:QUOTED_SOURCE: "">Omar paid [F] agent ⏎ https://www.thegatewaypundit.com/2019/11/ilhan-omar-accused-of-being-a-paid-agent-of-qatar-and-accessing-sensitive-info-for-iran-court-testimony/""","NO","YES","greentext excerpt","sentence_like_no_terminal","MEDIUM","CLAIM_CANDIDATE","declarative prose — decide Q-authored claim vs quoted claim vs aphorism","m/story/news/politics/onpolitics/2018/08/04/trump-russia-investigation-dianne-feinstein-chinese-spy/908865002/ ⏎ >Awan IT scandal ⏎ https://www.foxnews.com/opinion/democrats-it-scandal-set-to-explode-with-possible-plea-deal",">Clinton server > China relay ⏎ https://gohmert.house.gov/news/documentsingle.aspx?DocumentID=398652 ⏎ >[VJ] direct relay > Iran pre/post Iran deal [future marker] ⏎ >[Kerry] direct relay > Iran pre/post Iran deal [future mar","382","548","https://8kun.net/qresearch/res/7371635.html#7371947","","","","","","","","","UNREVIEWED"
"3634","#3634","7","p3634-s007","E_CERTIFIED_QUOTED_SOURCE",">Clinton server > China relay https://gohmert.house.gov/news/documentsingle.aspx?DocumentID=398652","1","PARTIAL_ONLY","80.65","0","18","93","> ⋯ server > China relay","NO","namedEntity | url","namedEntity: ""Clinton"" [550-557] || url: ""https://gohmert.house.gov/news/documentsingle.aspx?DocumentID=398652"" [579-647]","evidence:EXTERNAL_LINK | evidence:QUOTED_SOURCE","evidence:EXTERNAL_LINK: ""https://gohmert.house.gov/news/documentsingle.aspx?DocumentID=398652"" || evidence:QUOTED_SOURCE: "">Clinton server > China relay ⏎ https://gohmert.house.gov/news/documentsingle.aspx?DocumentID=398652""","NO","YES","greentext excerpt","fragment_or_label","MEDIUM","LABEL_FRAGMENT_OR_DEVICE","short label, slogan, heading or symbolic device rather than a proposition","ts-it-scandal-set-to-explode-with-possible-plea-deal ⏎ >Omar paid [F] agent ⏎ https://www.thegatewaypundit.com/2019/11/ilhan-omar-accused-of-being-a-paid-agent-of-qatar-and-accessing-sensitive-info-for-iran-court-testimony/",">[VJ] direct relay > Iran pre/post Iran deal [future marker] ⏎ >[Kerry] direct relay > Iran pre/post Iran deal [future marker] ⏎ IF KNOWN - WHY IS IT ALLOWED TO HAPPEN? ⏎ IF KNOWN - WILL THERE BE JUSTICE? ⏎ It's only a matter o","549","647","https://8kun.net/qresearch/res/7371635.html#7371947","","","","","","","","","UNREVIEWED"
"3634","#3634","8","p3634-s008","E_CERTIFIED_QUOTED_SOURCE",">[VJ] direct relay > Iran pre/post Iran deal [future marker]","1","PARTIAL_ONLY","35.29","0","33","51","> ⋯ direct relay > Iran pre/post Iran deal","NO","namedEntity | bracketCode","namedEntity: ""VJ"" [650-652] || namedEntity: ""VJ"" [650-652] || bracketCode: ""[VJ]"" [649-653] || bracketCode: ""[future marker]"" [693-708]","evidence:QUOTED_SOURCE","evidence:QUOTED_SOURCE: "">[VJ] direct relay > Iran pre/post Iran deal [future marker]""","NO","YES","greentext excerpt","fragment_or_label","HIGH","LABEL_FRAGMENT_OR_DEVICE","short label, slogan, heading or symbolic device rather than a proposition","dit.com/2019/11/ilhan-omar-accused-of-being-a-paid-agent-of-qatar-and-accessing-sensitive-info-for-iran-court-testimony/ ⏎ >Clinton server > China relay ⏎ https://gohmert.house.gov/news/documentsingle.aspx?DocumentID=398652",">[Kerry] direct relay > Iran pre/post Iran deal [future marker] ⏎ IF KNOWN - WHY IS IT ALLOWED TO HAPPEN? ⏎ IF KNOWN - WILL THERE BE JUSTICE? ⏎ It's only a matter of time. ⏎ Q","648","708","https://8kun.net/qresearch/res/7371635.html#7371947","","","","","","","","","UNREVIEWED"
"3634","#3634","9","p3634-s009","E_CERTIFIED_QUOTED_SOURCE",">[Kerry] direct relay > Iran pre/post Iran deal [future marker]","1","PARTIAL_ONLY","38.89","0","33","54","> ⋯ direct relay > Iran pre/post Iran deal","NO","namedEntity | bracketCode","namedEntity: ""Kerry"" [711-716] || bracketCode: ""[future marker]"" [757-772] || bracketCode: ""[Kerry]"" [710-717]","evidence:QUOTED_SOURCE","evidence:QUOTED_SOURCE: "">[Kerry] direct relay > Iran pre/post Iran deal [future marker]""","NO","YES","greentext excerpt","fragment_or_label","HIGH","LABEL_FRAGMENT_OR_DEVICE","short label, slogan, heading or symbolic device rather than a proposition","atar-and-accessing-sensitive-info-for-iran-court-testimony/ ⏎ >Clinton server > China relay ⏎ https://gohmert.house.gov/news/documentsingle.aspx?DocumentID=398652 ⏎ >[VJ] direct relay > Iran pre/post Iran deal [future marker]","IF KNOWN - WHY IS IT ALLOWED TO HAPPEN? ⏎ IF KNOWN - WILL THERE BE JUSTICE? ⏎ It's only a matter of time. ⏎ Q","709","772","https://8kun.net/qresearch/res/7371635.html#7371947","","","","","","","","","UNREVIEWED"
"3638","#3638","4","p3638-s004","E_CERTIFIED_QUOTED_SOURCE","Whoever knowingly or willfully advocates, abets, advises, or teaches the duty, necessity, desirability, or propriety of overthrowing or destroying the government of the United States or the government of any State, Territory, District or Possession thereof, or the government of any political subdivision therein, by force or violence, or by the assassination of any officer of any such government; or Whoever, with intent to cause the overthrow or destruction of any such government, prints, publishes, edits, issues, circulates, sells, distributes, or publicly displays any written or printed matter advocating, advising, or teaching the duty, necessity, desirability, or propriety of overthrowing or destroying any government in the United States by force or violence, or attempts to do so; or Whoever organizes or helps or attempts to organize any society, group, or assembly of persons who teach, advocate, or encourage the overthrow or destruction of any such government by force or violence; or becomes or is a member of, or affiliates with, any such society, group, or assembly of persons, knowing the purposes thereof—","1","PARTIAL_ONLY","2.51","0","932","956","Whoever knowingly or willfully advocates, abets, advises, or teaches the duty, necessity, desirability, or propriety of overthrowing or destroying the government of the ⋯ or the government of any State, Territory, District or Possession thereof, or the government of any political subdivision therein, by force or violence, or by the assassination of any officer of any such government; or ⏎ Whoever, with intent to cause the overthrow or destruction of any such government, prints, publishes, edits, issues, circulates, sells, distributes, or publicly displays any written or printed matter advocating, advising, or teaching the duty, necessity, desirability, or propriety of overthrowing or destroying any government in the ⋯ by force or violence, or attempts to do so; or ⏎ Whoever organizes or helps or attempts to organize any society, group, or assembly of persons who teach, advocate, or encourage the overthrow or destruction of any such government by force or violence; or becomes or is a member of, or affiliates with, any such society, group, or assembly of persons, knowing the purposes thereof—","NO","namedEntity","namedEntity: ""United States"" [226-239] || namedEntity: ""United States"" [793-806]","evidence:QUOTED_SOURCE","evidence:QUOTED_SOURCE: ""Whoever knowingly or willfully advocates, abets, advises, or teaches the duty, necessity, desirability, or propriety of overthrowing or destroying the government of the United States or the government of any State, Territory, District or Possession thereof, or the government of any political subdivision therein, by force or violence, or by the assassination of any officer of any such government; or ⏎ Whoever, with intent to cause the overthrow or destruction of any such government, prints, publishes, edits, issues, circulates, sells, distributes, or publicly displays any written or printed matter advocating, advising, or teaching the duty, necessity, desirability, or propriety of overthrowing or destroying any government in the United States by force or violence, or attempts to do so; or ⏎ Whoever organizes or helps or attempts to organize any society, group, or assembly of persons who teach, advocate, or encourage the overthrow or destruction of any such government by force or violence; or becomes or is a member of, or affiliates with, any such society, group, or assembly of persons, knowing the purposes thereof—""","NO","YES","sustained prose block — pasted or quoted passage","sentence_like_no_terminal","MEDIUM","CLAIM_CANDIDATE","declarative prose — decide Q-authored claim vs quoted claim vs aphorism","18 U.S. Code § 2385. Advocating overthrow of Government.","Shall be fined under this title or imprisoned not more than twenty years, or both, and shall be ineligible for employment by the United States or any department or agency thereof, for the five years next following his c","57","1184","https://8kun.net/projectdcomms/res/20.html#20","","","","","","","","","UNREVIEWED"
"3647","#3647","7","p3647-s007","E_CERTIFIED_QUOTED_SOURCE",">Determine 'topic(s)' that have emotional pull (connect) on 'vocal' types","1","UNHIGHLIGHTED","0","0","64","64",">Determine 'topic(s)' that have emotional pull (connect) on 'vocal' types","NO","","","evidence:QUOTED_SOURCE","evidence:QUOTED_SOURCE: "">Determine 'topic(s)' that have emotional pull (connect) on 'vocal' types""","NO","YES","greentext excerpt","sentence_like_no_terminal","HIGH","CLAIM_CANDIDATE","declarative prose — decide Q-authored claim vs quoted claim vs aphorism","ill-in-idUSKBN1Y61SZ ⏎ Who audits where the money actually goes? ⏎ What % is typically categorized as costs? ⏎ http://worldat1c.org/how-much-will-the-paris-agreement-cost-85f78d9a035a ⏎ How to 'steal' taxpayer money? ⏎ The 'Con':",">Create media blitz [scare] campaign ('talking points')('alarmist') ⏎ >Use 'pro-narrative minded' authorities on subject to provide foundation to support  ⏎ >Deploy 'circular reporting' and 'group-think' tactics (echo cham","339","412","https://8kun.top/projectdcomms/res/20.html#88","","","","","","","","","UNREVIEWED"
"3647","#3647","12","p3647-s012","E_CERTIFIED_QUOTED_SOURCE",">Rinse/repeat","1","UNHIGHLIGHTED","0","0","13","13",">Rinse/repeat","NO","","","evidence:QUOTED_SOURCE","evidence:QUOTED_SOURCE: "">Rinse/repeat""","NO","YES","greentext excerpt","fragment_or_label","HIGH","LABEL_FRAGMENT_OR_DEVICE","short label, slogan, heading or symbolic device rather than a proposition","ies on subject to provide foundation to support  ⏎ >Deploy 'circular reporting' and 'group-think' tactics (echo chamber) to artificially raise 'public outcry' ⏎ >Use 'public outcry' to justify billion dollar taxpayer spend","Who audits where the money goes? ⏎ % to original mandate? ⏎ Salary of a US Senator? ⏎ Salary of a US Congressman/woman? ⏎ Salary of a US President? ⏎ Salary of a US Vice President? ⏎ Net worth pre_office? ⏎ Net worth post_office? ⏎ How","738","751","https://8kun.top/projectdcomms/res/20.html#88","","","","","","","","","UNREVIEWED"
"3656","#3656","8","p3656-s008","E_CERTIFIED_QUOTED_SOURCE","""–That whenever any Form of Government becomes destructive of these ends, it is the Right of the People to alter or to abolish it, and to institute new Government, laying its foundation on such principles and organizing its powers in such form, as to them shall seem most likely to effect their Safety and Happiness.","1","UNHIGHLIGHTED","0","0","262","262","""–That whenever any Form of Government becomes destructive of these ends, it is the Right of the People to alter or to abolish it, and to institute new Government, laying its foundation on such principles and organizing its powers in such form, as to them shall seem most likely to effect their Safety and Happiness.","NO","","","evidence:QUOTED_SOURCE","evidence:QUOTED_SOURCE: """"–That whenever any Form of Government becomes destructive of these ends, it is the Right of the People to alter or to abolish it, and to institute new Government, laying its foundation on such principles and organizing its powers in such form, as to them shall seem most likely to effect their Safety and Happiness.""","NO","YES","excerpt beneath a source link","complete_sentence","HIGH","PREDICTION_CANDIDATE","future-facing language","the security of a free State, the right of the people to keep and bear Arms, shall not be infringed."" ⏎ What did the Framers of the Constitution fear the most?  ⏎ http://www.archives.gov/founding-docs/declaration-transcript","But when a long train of abuses and usurpations, pursuing invariably the same Object evinces a design to reduce them under absolute Despotism, it is their right, it is their duty, to throw off such Government, and to p","482","798","https://8kun.top/projectdcomms/res/20.html#97","","","","","","","","","UNREVIEWED"
"3656","#3656","9","p3656-s009","E_CERTIFIED_QUOTED_SOURCE","But when a long train of abuses and usurpations, pursuing invariably the same Object evinces a design to reduce them under absolute Despotism, it is their right, it is their duty, to throw off such Government, and to provide new Guards for their future security.–""","2","UNHIGHLIGHTED","0","0","220","220","But when a long train of abuses and usurpations, pursuing invariably the same Object evinces a design to reduce them under absolute Despotism, it is their right, it is their duty, to throw off such Government, and to provide new Guards for their future security.–""","NO","","","evidence:QUOTED_SOURCE","evidence:QUOTED_SOURCE: ""But when a long train of abuses and usurpations, pursuing invariably the same Object evinces a design to reduce them under absolute Despotism, it is their right, it is their duty, to throw off such Government, and to provide new Guards for their future security.–""""","NO","YES","inside a multi-line quotation","sentence_like_no_terminal","HIGH","CLAIM_CANDIDATE","declarative prose — decide Q-authored claim vs quoted claim vs aphorism","eople to alter or to abolish it, and to institute new Government, laying its foundation on such principles and organizing its powers in such form, as to them shall seem most likely to effect their Safety and Happiness.","We, the People. ⏎ Q","800","1064","https://8kun.top/projectdcomms/res/20.html#97","","","","","","","","","UNREVIEWED"
"3724","#3724","9","p3724-s009","E_CERTIFIED_QUOTED_SOURCE",">Clinton/Hussein illegal FISA","1","PARTIAL_ONLY","25.93","0","20","27","> ⋯ /Hussein illegal FISA","NO","namedEntity","namedEntity: ""Clinton"" [282-289]","evidence:QUOTED_SOURCE","evidence:QUOTED_SOURCE: "">Clinton/Hussein illegal FISA""","NO","YES","greentext excerpt","fragment_or_label","HIGH","LABEL_FRAGMENT_OR_DEVICE","short label, slogan, heading or symbolic device rather than a proposition","of law. ⏎ It must carry weight. ⏎ It must be proven in the court of law. ⏎ There can be no mistakes. ⏎ Good things sometimes take time. ⏎ Attempts to slow/block the inevitable [Justice] will fail. ⏎ [D]s election interference 2016.","[D]s election interference 2018. ⏎ >Mueller  ⏎ [D]s election interference 2020. ⏎ >Impeachment ⏎ Projection. ⏎ These people are sick. ⏎ We, the People, are the cure.  ⏎ Q","281","310","https://8kun.top/qresearch/res/7555010.html#7555466","","","","","","","","","UNREVIEWED"
"3724","#3724","11","p3724-s011","E_CERTIFIED_QUOTED_SOURCE",">Mueller","3","UNHIGHLIGHTED","0","0","8","8",">Mueller","NO","","","evidence:QUOTED_SOURCE","evidence:QUOTED_SOURCE: "">Mueller""","NO","YES","greentext excerpt","fragment_or_label","HIGH","LABEL_FRAGMENT_OR_DEVICE","short label, slogan, heading or symbolic device rather than a proposition","law. ⏎ There can be no mistakes. ⏎ Good things sometimes take time. ⏎ Attempts to slow/block the inevitable [Justice] will fail. ⏎ [D]s election interference 2016. ⏎ >Clinton/Hussein illegal FISA ⏎ [D]s election interference 2018.","[D]s election interference 2020. ⏎ >Impeachment ⏎ Projection. ⏎ These people are sick. ⏎ We, the People, are the cure.  ⏎ Q","344","352","https://8kun.top/qresearch/res/7555010.html#7555466","","","","","","","","","UNREVIEWED"
"3724","#3724","13","p3724-s013","E_CERTIFIED_QUOTED_SOURCE",">Impeachment","1","UNHIGHLIGHTED","0","0","12","12",">Impeachment","NO","","","evidence:QUOTED_SOURCE","evidence:QUOTED_SOURCE: "">Impeachment""","NO","YES","greentext excerpt","fragment_or_label","HIGH","LABEL_FRAGMENT_OR_DEVICE","short label, slogan, heading or symbolic device rather than a proposition","sometimes take time. ⏎ Attempts to slow/block the inevitable [Justice] will fail. ⏎ [D]s election interference 2016. ⏎ >Clinton/Hussein illegal FISA ⏎ [D]s election interference 2018. ⏎ >Mueller  ⏎ [D]s election interference 2020.","Projection. ⏎ These people are sick. ⏎ We, the People, are the cure.  ⏎ Q","387","399","https://8kun.top/qresearch/res/7555010.html#7555466","","","","","","","","","UNREVIEWED"
"3764","#3764","9","p3764-s009","E_CERTIFIED_QUOTED_SOURCE",">comp-to-comp","1","UNHIGHLIGHTED","0","0","13","13",">comp-to-comp","NO","","","evidence:QUOTED_SOURCE","evidence:QUOTED_SOURCE: "">comp-to-comp""","NO","YES","greentext excerpt","fragment_or_label","HIGH","LABEL_FRAGMENT_OR_DEVICE","short label, slogan, heading or symbolic device rather than a proposition","r(s) [in-hand]? ⏎ Download speed internal data DL vs remote? [1] ⏎ https://www.realclearpolitics.com/video/2017/01/02/assange_to_hannity_our_source_was_not_the_russian_government.html ⏎ [1] ⏎ How does one provide content to WL?",">person-to-person [1] ⏎ Personal comms [secured] prior to release? [1] ⏎ The (Source(s)): ⏎ >Feeder [1] ⏎ >Recipient [1] ⏎ Interning for the DNC can be deadly. ⏎ Does Crowdstrike possess 'gov_capablity' to trace 'break-in' route(s)","436","449","https://8kun.top/qresearch/res/7643557.html#7643842","","","","","","","","","UNREVIEWED"
"3764","#3764","10","p3764-s010","E_CERTIFIED_QUOTED_SOURCE",">person-to-person [1]","1","PARTIAL_ONLY","15","0","17","20",">person-to-person","NO","bracketCode","bracketCode: ""[1]"" [468-471]","evidence:QUOTED_SOURCE | code","evidence:QUOTED_SOURCE: "">person-to-person [1]"" || code: ""[1]""","NO","YES","greentext excerpt","fragment_or_label","HIGH","LABEL_FRAGMENT_OR_DEVICE","short label, slogan, heading or symbolic device rather than a proposition","? ⏎ Download speed internal data DL vs remote? [1] ⏎ https://www.realclearpolitics.com/video/2017/01/02/assange_to_hannity_our_source_was_not_the_russian_government.html ⏎ [1] ⏎ How does one provide content to WL? ⏎ >comp-to-comp","Personal comms [secured] prior to release? [1] ⏎ The (Source(s)): ⏎ >Feeder [1] ⏎ >Recipient [1] ⏎ Interning for the DNC can be deadly. ⏎ Does Crowdstrike possess 'gov_capablity' to trace 'break-in' route(s)? ⏎ Does Crowdstrike pos","450","471","https://8kun.top/qresearch/res/7643557.html#7643842","","","","","","","","","UNREVIEWED"
"3764","#3764","13","p3764-s013","E_CERTIFIED_QUOTED_SOURCE",">Feeder [1]","1","PARTIAL_ONLY","30","0","7","10",">Feeder","NO","bracketCode","bracketCode: ""[1]"" [544-547]","evidence:QUOTED_SOURCE | code","evidence:QUOTED_SOURCE: "">Feeder [1]"" || code: ""[1]""","NO","YES","greentext excerpt","fragment_or_label","HIGH","LABEL_FRAGMENT_OR_DEVICE","short label, slogan, heading or symbolic device rather than a proposition","eo/2017/01/02/assange_to_hannity_our_source_was_not_the_russian_government.html ⏎ [1] ⏎ How does one provide content to WL? ⏎ >comp-to-comp ⏎ >person-to-person [1] ⏎ Personal comms [secured] prior to release? [1] ⏎ The (Source(s)):",">Recipient [1] ⏎ Interning for the DNC can be deadly. ⏎ Does Crowdstrike possess 'gov_capablity' to trace 'break-in' route(s)? ⏎ Does Crowdstrike possess 'gov_capability' re: foreign intercepts? ⏎ Possible to layer/insert code","536","547","https://8kun.top/qresearch/res/7643557.html#7643842","","","","","","","","","UNREVIEWED"
"3764","#3764","14","p3764-s014","E_CERTIFIED_QUOTED_SOURCE",">Recipient [1]","1","PARTIAL_ONLY","23.08","0","10","13",">Recipient","NO","bracketCode","bracketCode: ""[1]"" [559-562]","evidence:QUOTED_SOURCE | code","evidence:QUOTED_SOURCE: "">Recipient [1]"" || code: ""[1]""","NO","YES","greentext excerpt","fragment_or_label","HIGH","LABEL_FRAGMENT_OR_DEVICE","short label, slogan, heading or symbolic device rather than a proposition","2/assange_to_hannity_our_source_was_not_the_russian_government.html ⏎ [1] ⏎ How does one provide content to WL? ⏎ >comp-to-comp ⏎ >person-to-person [1] ⏎ Personal comms [secured] prior to release? [1] ⏎ The (Source(s)): ⏎ >Feeder [1]","Interning for the DNC can be deadly. ⏎ Does Crowdstrike possess 'gov_capablity' to trace 'break-in' route(s)? ⏎ Does Crowdstrike possess 'gov_capability' re: foreign intercepts? ⏎ Possible to layer/insert code [Crowdstrike] t","548","562","https://8kun.top/qresearch/res/7643557.html#7643842","","","","","","","","","UNREVIEWED"
"3837","#3837","15","p3837-s015","E_CERTIFIED_QUOTED_SOURCE",">Financial/Economy","1","UNHIGHLIGHTED","0","0","18","18",">Financial/Economy","NO","","","evidence:QUOTED_SOURCE","evidence:QUOTED_SOURCE: "">Financial/Economy""","NO","YES","greentext excerpt","fragment_or_label","HIGH","LABEL_FRAGMENT_OR_DEVICE","short label, slogan, heading or symbolic device rather than a proposition","than selling of SAPs ⏎ CLAS 1-99 ⏎ ……………… ⏎ >Crimes against Humanity. ⏎ When you cannot destroy/defeat the United States of America by attacking head on, you change tactics and deploy a 'KILL FROM WITHIN' [internal] operation.",">Military/Police ⏎ >Division of Citizenry  ⏎ >Border Collapse  ⏎ [Install 'like-minded' leaders in key positions of US Gov] ⏎ How many people [removed] from the FBI had Iranian family backgrounds? ⏎ The Silent War Continues….. ⏎ Q","565","583","https://8kun.top/qresearch/res/8056796.html#8057064","","","","","","","","","UNREVIEWED"
"3837","#3837","16","p3837-s016","E_CERTIFIED_QUOTED_SOURCE",">Military/Police","1","UNHIGHLIGHTED","0","0","16","16",">Military/Police","NO","","","evidence:QUOTED_SOURCE","evidence:QUOTED_SOURCE: "">Military/Police""","NO","YES","greentext excerpt","fragment_or_label","HIGH","LABEL_FRAGMENT_OR_DEVICE","short label, slogan, heading or symbolic device rather than a proposition","s ⏎ CLAS 1-99 ⏎ ……………… ⏎ >Crimes against Humanity. ⏎ When you cannot destroy/defeat the United States of America by attacking head on, you change tactics and deploy a 'KILL FROM WITHIN' [internal] operation.  ⏎ >Financial/Economy",">Division of Citizenry  ⏎ >Border Collapse  ⏎ [Install 'like-minded' leaders in key positions of US Gov] ⏎ How many people [removed] from the FBI had Iranian family backgrounds? ⏎ The Silent War Continues….. ⏎ Q","584","600","https://8kun.top/qresearch/res/8056796.html#8057064","","","","","","","","","UNREVIEWED"
"3837","#3837","17","p3837-s017","E_CERTIFIED_QUOTED_SOURCE",">Division of Citizenry","1","UNHIGHLIGHTED","0","0","20","20",">Division of Citizenry","NO","","","evidence:QUOTED_SOURCE","evidence:QUOTED_SOURCE: "">Division of Citizenry""","NO","YES","greentext excerpt","fragment_or_label","HIGH","LABEL_FRAGMENT_OR_DEVICE","short label, slogan, heading or symbolic device rather than a proposition","… ⏎ >Crimes against Humanity. ⏎ When you cannot destroy/defeat the United States of America by attacking head on, you change tactics and deploy a 'KILL FROM WITHIN' [internal] operation.  ⏎ >Financial/Economy ⏎ >Military/Police",">Border Collapse  ⏎ [Install 'like-minded' leaders in key positions of US Gov] ⏎ How many people [removed] from the FBI had Iranian family backgrounds? ⏎ The Silent War Continues….. ⏎ Q","601","623","https://8kun.top/qresearch/res/8056796.html#8057064","","","","","","","","","UNREVIEWED"
"3837","#3837","18","p3837-s018","E_CERTIFIED_QUOTED_SOURCE",">Border Collapse","1","UNHIGHLIGHTED","0","0","15","15",">Border Collapse","NO","","","evidence:QUOTED_SOURCE","evidence:QUOTED_SOURCE: "">Border Collapse""","NO","YES","greentext excerpt","fragment_or_label","HIGH","LABEL_FRAGMENT_OR_DEVICE","short label, slogan, heading or symbolic device rather than a proposition","ty. ⏎ When you cannot destroy/defeat the United States of America by attacking head on, you change tactics and deploy a 'KILL FROM WITHIN' [internal] operation.  ⏎ >Financial/Economy ⏎ >Military/Police ⏎ >Division of Citizenry","[Install 'like-minded' leaders in key positions of US Gov] ⏎ How many people [removed] from the FBI had Iranian family backgrounds? ⏎ The Silent War Continues….. ⏎ Q","625","641","https://8kun.top/qresearch/res/8056796.html#8057064","","","","","","","","","UNREVIEWED"
"3838","#3838","6","p3838-s006","E_CERTIFIED_QUOTED_SOURCE",">Race","1","UNHIGHLIGHTED","0","0","5","5",">Race","NO","","","evidence:QUOTED_SOURCE","evidence:QUOTED_SOURCE: "">Race""","NO","YES","greentext excerpt","fragment_or_label","HIGH","LABEL_FRAGMENT_OR_DEVICE","short label, slogan, heading or symbolic device rather than a proposition","t people at heel (behind). ⏎ Control over the media has kept people focused on falsehoods. ⏎ Control over the media has kept people in a constant state of fear. ⏎ Control over the media has divided our Republic into segments:",">Religion ⏎ >Class ⏎ >Political Affiliation  ⏎ >Gender ⏎ [weaponized]  ⏎ When a citizenry is divided they have no 'collective' power.  ⏎ When a citizenry has no 'collective' power they can no longer control the levers that govern t","303","308","https://8kun.top/qresearch/res/8056796.html#8057450","","","","","","","","","UNREVIEWED"
"3838","#3838","8","p3838-s008","E_CERTIFIED_QUOTED_SOURCE",">Class","1","UNHIGHLIGHTED","0","0","6","6",">Class","NO","","","evidence:QUOTED_SOURCE","evidence:QUOTED_SOURCE: "">Class""","NO","YES","greentext excerpt","fragment_or_label","HIGH","LABEL_FRAGMENT_OR_DEVICE","short label, slogan, heading or symbolic device rather than a proposition","(behind). ⏎ Control over the media has kept people focused on falsehoods. ⏎ Control over the media has kept people in a constant state of fear. ⏎ Control over the media has divided our Republic into segments: ⏎ >Race ⏎ >Religion",">Political Affiliation  ⏎ >Gender ⏎ [weaponized]  ⏎ When a citizenry is divided they have no 'collective' power.  ⏎ When a citizenry has no 'collective' power they can no longer control the levers that govern them [levers of co","319","325","https://8kun.top/qresearch/res/8056796.html#8057450","","","","","","","","","UNREVIEWED"
"3838","#3838","9","p3838-s009","E_CERTIFIED_QUOTED_SOURCE",">Political Affiliation","1","UNHIGHLIGHTED","0","0","21","21",">Political Affiliation","NO","","","evidence:QUOTED_SOURCE","evidence:QUOTED_SOURCE: "">Political Affiliation""","NO","YES","greentext excerpt","fragment_or_label","HIGH","LABEL_FRAGMENT_OR_DEVICE","short label, slogan, heading or symbolic device rather than a proposition","d). ⏎ Control over the media has kept people focused on falsehoods. ⏎ Control over the media has kept people in a constant state of fear. ⏎ Control over the media has divided our Republic into segments: ⏎ >Race ⏎ >Religion ⏎ >Class",">Gender ⏎ [weaponized]  ⏎ When a citizenry is divided they have no 'collective' power.  ⏎ When a citizenry has no 'collective' power they can no longer control the levers that govern them [levers of control]. ⏎ [illusion of de","326","348","https://8kun.top/qresearch/res/8056796.html#8057450","","","","","","","","","UNREVIEWED"
"3838","#3838","10","p3838-s010","E_CERTIFIED_QUOTED_SOURCE",">Gender","1","UNHIGHLIGHTED","0","0","7","7",">Gender","NO","","","evidence:QUOTED_SOURCE","evidence:QUOTED_SOURCE: "">Gender""","NO","YES","greentext excerpt","fragment_or_label","HIGH","LABEL_FRAGMENT_OR_DEVICE","short label, slogan, heading or symbolic device rather than a proposition","ia has kept people focused on falsehoods. ⏎ Control over the media has kept people in a constant state of fear. ⏎ Control over the media has divided our Republic into segments: ⏎ >Race ⏎ >Religion ⏎ >Class ⏎ >Political Affiliation","[weaponized]  ⏎ When a citizenry is divided they have no 'collective' power.  ⏎ When a citizenry has no 'collective' power they can no longer control the levers that govern them [levers of control]. ⏎ [illusion of democracy]","350","357","https://8kun.top/qresearch/res/8056796.html#8057450","","","","","","","","","UNREVIEWED"
"3841","#3841","6","p3841-s006","E_CERTIFIED_QUOTED_SOURCE",">internal DL / release","1","UNHIGHLIGHTED","0","0","19","19",">internal DL / release","NO","","","evidence:QUOTED_SOURCE","evidence:QUOTED_SOURCE: "">internal DL / release""","NO","YES","greentext excerpt","fragment_or_label","HIGH","LABEL_FRAGMENT_OR_DEVICE","short label, slogan, heading or symbolic device rather than a proposition","ould an argument be made that it was corrupt? ⏎ If dirty cops ran the investigation into [HRC] private server/email scandal, could an argument be made that it was corrupt? ⏎ RUSSIA DID NOT 'HACK' [penetrate] THE DNC SERVER.",">crowdstrike manipulation of source ⏎ RUSSIA DID NOT INTERFERE WITH US ELECTION OF 2016. ⏎ >crowdstrike manipulation of source ⏎ The truth will be made public. ⏎ Q","447","469","https://8kun.top/qresearch/res/8061432.html#8061906","","","","","","","","","UNREVIEWED"
"3841","#3841","7","p3841-s007","E_CERTIFIED_QUOTED_SOURCE",">crowdstrike manipulation of source","2","PARTIAL_ONLY","34.38","0","21","32","> ⋯ manipulation of source","NO","namedEntity","namedEntity: ""crowdstrike"" [471-482]","evidence:QUOTED_SOURCE","evidence:QUOTED_SOURCE: "">crowdstrike manipulation of source"" || evidence:QUOTED_SOURCE: "">crowdstrike manipulation of source""","NO","YES","greentext excerpt","fragment_or_label","HIGH","LABEL_FRAGMENT_OR_DEVICE","short label, slogan, heading or symbolic device rather than a proposition","e that it was corrupt? ⏎ If dirty cops ran the investigation into [HRC] private server/email scandal, could an argument be made that it was corrupt? ⏎ RUSSIA DID NOT 'HACK' [penetrate] THE DNC SERVER. ⏎ >internal DL / release","RUSSIA DID NOT INTERFERE WITH US ELECTION OF 2016. ⏎ >crowdstrike manipulation of source ⏎ The truth will be made public. ⏎ Q","470","505","https://8kun.top/qresearch/res/8061432.html#8061906","","","","","","","","","UNREVIEWED"
"3841","#3841","9","p3841-s009","E_CERTIFIED_QUOTED_SOURCE",">crowdstrike manipulation of source","2","PARTIAL_ONLY","34.38","0","21","32","> ⋯ manipulation of source","NO","namedEntity","namedEntity: ""crowdstrike"" [558-569]","evidence:QUOTED_SOURCE","evidence:QUOTED_SOURCE: "">crowdstrike manipulation of source"" || evidence:QUOTED_SOURCE: "">crowdstrike manipulation of source""","NO","YES","greentext excerpt","fragment_or_label","HIGH","LABEL_FRAGMENT_OR_DEVICE","short label, slogan, heading or symbolic device rather than a proposition","ail scandal, could an argument be made that it was corrupt? ⏎ RUSSIA DID NOT 'HACK' [penetrate] THE DNC SERVER. ⏎ >internal DL / release ⏎ >crowdstrike manipulation of source ⏎ RUSSIA DID NOT INTERFERE WITH US ELECTION OF 2016.","The truth will be made public. ⏎ Q","557","592","https://8kun.top/qresearch/res/8061432.html#8061906","","","","","","","","","UNREVIEWED"
"3843","#3843","5","p3843-s005","E_CERTIFIED_QUOTED_SOURCE","Rayne","1","UNHIGHLIGHTED","0","0","5","5","Rayne","NO","","","evidence:QUOTED_SOURCE","evidence:QUOTED_SOURCE: ""Rayne""","NO","YES","excerpt beneath a source link","fragment_or_label","MEDIUM","LABEL_FRAGMENT_OR_DEVICE","short label, slogan, heading or symbolic device rather than a proposition","ps://www.youtube.com/watch?v=vDi1oAC-wSY ⏎ “For every item that carries the darkness of humanity there's one that holds the light. And that light is worth believing in. Not just in others, but in yourself as well.” ― C.M.","Trust and believe in yourself. ⏎ The Silent War Continues…. ⏎ Q","223","228","https://8kun.top/qresearch/res/8073778.html#8074053","","","","","","","","","UNREVIEWED"
"3859","#3859","2","p3859-s002","E_CERTIFIED_QUOTED_SOURCE","""Far-right conspiratorial writer who has no credibility…."" - [CS]","1","PARTIAL_ONLY","7.02","0","53","57","""Far-right conspiratorial writer who has no credibility…."" -","NO","namedEntity | bracketCode","namedEntity: ""CS"" [113-115] || bracketCode: ""[CS]"" [112-116]","evidence:QUOTED_SOURCE","evidence:QUOTED_SOURCE: """"Far-right conspiratorial writer who has no credibility…."" - [CS]""","NO","YES","excerpt beneath a source link","sentence_like_no_terminal","HIGH","CLAIM_CANDIDATE","declarative prose — decide Q-authored claim vs quoted claim vs aphorism","https://twitter.com/ABC/status/1227640976363212800","PANIC IN DC! ⏎ Q","51","116","https://8kun.top/qresearch/res/8116389.html#8116930","","","","","","","","","UNREVIEWED"
"3877","#3877","6","p3877-s006","E_CERTIFIED_QUOTED_SOURCE",">A public awake is their greatest fear<","1","UNHIGHLIGHTED","0","0","33","33",">A public awake is their greatest fear<","NO","","","evidence:QUOTED_SOURCE","evidence:QUOTED_SOURCE: "">A public awake is their greatest fear<""","NO","YES","greentext excerpt","sentence_like_no_terminal","HIGH","CLAIM_CANDIDATE","declarative prose — decide Q-authored claim vs quoted claim vs aphorism","https://twitter.com/owillis/status/1230526620483694595 ⏎ Here we go again. ⏎ What happens when billion dollar media co's attack & miss? ⏎ All for a 'few thousand' followers? ⏎ All for a 'conspiracy'?","Q","192","231","https://8kun.top/qresearch/res/8194624.html#8194912","","","","","","","","","UNREVIEWED"
"3905","#3905","2","p3905-s002","E_CERTIFIED_QUOTED_SOURCE","1. vote","2","UNHIGHLIGHTED","0","0","6","6","1. vote","NO","","","evidence:QUOTED_SOURCE","evidence:QUOTED_SOURCE: ""1. vote""","NO","YES","numbered definition","fragment_or_label","HIGH","LABEL_FRAGMENT_OR_DEVICE","short label, slogan, heading or symbolic device rather than a proposition","A person(s) value:","2. monetary value (tax contribution) ⏎ 3.  ⏎ Why is 'free thought' ridiculed, challenged, and threatened when a person is opposed to the 'mainstream-narrative'? ⏎ [2] remains fixed (degree allowable by 'economic recession/exp","19","26","https://8kun.top/qresearch/res/8600308.html#8600954","","","","","","","","","UNREVIEWED"
"3905","#3905","3","p3905-s003","E_CERTIFIED_QUOTED_SOURCE","2. monetary value (tax contribution)","2","UNHIGHLIGHTED","0","0","32","32","2. monetary value (tax contribution)","NO","","","evidence:QUOTED_SOURCE","evidence:QUOTED_SOURCE: ""2. monetary value (tax contribution)""","NO","YES","numbered definition (continuation)","fragment_or_label","HIGH","LABEL_FRAGMENT_OR_DEVICE","short label, slogan, heading or symbolic device rather than a proposition","A person(s) value: ⏎ 1. vote","3.  ⏎ Why is 'free thought' ridiculed, challenged, and threatened when a person is opposed to the 'mainstream-narrative'? ⏎ [2] remains fixed (degree allowable by 'economic recession/expansion') ⏎ [1] remains a variable ⏎ [1] d","27","63","https://8kun.top/qresearch/res/8600308.html#8600954","","","","","","","","","UNREVIEWED"
"3905","#3905","4","p3905-s004","E_CERTIFIED_QUOTED_SOURCE","3.","23","UNHIGHLIGHTED","0","0","2","2","3.","NO","","","evidence:QUOTED_SOURCE","evidence:QUOTED_SOURCE: ""3.""","NO","YES","numbered definition (continuation)","symbolic_or_numeric","HIGH","LABEL_FRAGMENT_OR_DEVICE","short label, slogan, heading or symbolic device rather than a proposition","A person(s) value: ⏎ 1. vote ⏎ 2. monetary value (tax contribution)","Why is 'free thought' ridiculed, challenged, and threatened when a person is opposed to the 'mainstream-narrative'? ⏎ [2] remains fixed (degree allowable by 'economic recession/expansion') ⏎ [1] remains a variable ⏎ [1] depe","64","66","https://8kun.top/qresearch/res/8600308.html#8600954","","","","","","","","","UNREVIEWED"
"3905","#3905","6","p3905-s006","E_CERTIFIED_QUOTED_SOURCE","[2] remains fixed (degree allowable by 'economic recession/expansion')","2","PARTIAL_ONLY","4.76","0","60","63","remains fixed (degree allowable by 'economic recession/expansion')","NO","bracketCode","bracketCode: ""[2]"" [184-187]","evidence:QUOTED_SOURCE","evidence:QUOTED_SOURCE: ""[2] remains fixed (degree allowable by 'economic recession/expansion')""","NO","YES","numbered definition (continuation)","sentence_like_no_terminal","HIGH","CLAIM_CANDIDATE","declarative prose — decide Q-authored claim vs quoted claim vs aphorism","A person(s) value: ⏎ 1. vote ⏎ 2. monetary value (tax contribution) ⏎ 3.  ⏎ Why is 'free thought' ridiculed, challenged, and threatened when a person is opposed to the 'mainstream-narrative'?","[1] remains a variable ⏎ [1] dependent on a 'controlled' system of information dissemination  ⏎ What happens when 90% of the media is controlled/owned by (6) corporations? ⏎ What happens when those same corporations are opera","184","254","https://8kun.top/qresearch/res/8600308.html#8600954","","","","","","","","","UNREVIEWED"
"3905","#3905","7","p3905-s007","E_CERTIFIED_QUOTED_SOURCE","[1] remains a variable","2","PARTIAL_ONLY","15.79","0","16","19","remains a variable","NO","bracketCode","bracketCode: ""[1]"" [255-258]","evidence:QUOTED_SOURCE","evidence:QUOTED_SOURCE: ""[1] remains a variable""","NO","YES","numbered definition (continuation)","fragment_or_label","HIGH","LABEL_FRAGMENT_OR_DEVICE","short label, slogan, heading or symbolic device rather than a proposition","ary value (tax contribution) ⏎ 3.  ⏎ Why is 'free thought' ridiculed, challenged, and threatened when a person is opposed to the 'mainstream-narrative'? ⏎ [2] remains fixed (degree allowable by 'economic recession/expansion')","[1] dependent on a 'controlled' system of information dissemination  ⏎ What happens when 90% of the media is controlled/owned by (6) corporations? ⏎ What happens when those same corporations are operated and controlled by a","255","277","https://8kun.top/qresearch/res/8600308.html#8600954","","","","","","","","","UNREVIEWED"
"3905","#3905","8","p3905-s008","E_CERTIFIED_QUOTED_SOURCE","[1] dependent on a 'controlled' system of information dissemination","2","PARTIAL_ONLY","5.08","0","56","59","dependent on a 'controlled' system of information dissemination","NO","bracketCode","bracketCode: ""[1]"" [278-281]","evidence:QUOTED_SOURCE","evidence:QUOTED_SOURCE: ""[1] dependent on a 'controlled' system of information dissemination""","NO","YES","numbered definition (continuation)","sentence_like_no_terminal","HIGH","CLAIM_CANDIDATE","declarative prose — decide Q-authored claim vs quoted claim vs aphorism","tion) ⏎ 3.  ⏎ Why is 'free thought' ridiculed, challenged, and threatened when a person is opposed to the 'mainstream-narrative'? ⏎ [2] remains fixed (degree allowable by 'economic recession/expansion') ⏎ [1] remains a variable","What happens when 90% of the media is controlled/owned by (6) corporations? ⏎ What happens when those same corporations are operated and controlled by a political ideology?  ⏎ What happens when the news is no longer free f","278","345","https://8kun.top/qresearch/res/8600308.html#8600954","","","","","","","","","UNREVIEWED"
"3909","#3909","2","p3909-s002","E_CERTIFIED_QUOTED_SOURCE","1. https://www.breitbart.com/politics/2020/04/06/gop-gears-up-for-next-relief-fight-democrats-want-the-federal-government-to-take-over-elections/","1","PARTIAL_ONLY","98.61","0","2","144","1.","NO","url","url: ""https://www.breitbart.com/politics/2020/04/06/gop-gears-up-for-next-relief-fight-democrats-want-the-federal-government-to-take-over-elections/"" [18-160]","evidence:EXTERNAL_LINK | evidence:QUOTED_SOURCE","evidence:EXTERNAL_LINK: ""https://www.breitbart.com/politics/2020/04/06/gop-gears-up-for-next-relief-fight-democrats-want-the-federal-government-to-take-over-elections/"" || evidence:QUOTED_SOURCE: ""1. https://www.breitbart.com/politics/2020/04/06/gop-gears-up-for-next-relief-fight-democrats-want-the-federal-government-to-take-over-elections/""","NO","YES","numbered definition","fragment_or_label","HIGH","LABEL_FRAGMENT_OR_DEVICE","short label, slogan, heading or symbolic device rather than a proposition","Read in order.","2. https://www.foxnews.com/opinion/coronavirus-elections-wisconsin-democrats-harmeet-dhillon ⏎ 3. https://twitter.com/realDonaldTrump/status/1247861952736526336 ⏎ Why did WHO make several strong recommendation NOT TO impose","15","160","https://8kun.top/qresearch/res/8722105.html#8722377","","","","","","","","","UNREVIEWED"
"3909","#3909","3","p3909-s003","E_CERTIFIED_QUOTED_SOURCE","2. https://www.foxnews.com/opinion/coronavirus-elections-wisconsin-democrats-harmeet-dhillon","1","PARTIAL_ONLY","97.8","0","2","91","2.","NO","url","url: ""https://www.foxnews.com/opinion/coronavirus-elections-wisconsin-democrats-harmeet-dhillon"" [164-253]","evidence:EXTERNAL_LINK | evidence:QUOTED_SOURCE","evidence:EXTERNAL_LINK: ""https://www.foxnews.com/opinion/coronavirus-elections-wisconsin-democrats-harmeet-dhillon"" || evidence:QUOTED_SOURCE: ""2. https://www.foxnews.com/opinion/coronavirus-elections-wisconsin-democrats-harmeet-dhillon""","NO","YES","numbered definition (continuation)","fragment_or_label","HIGH","LABEL_FRAGMENT_OR_DEVICE","short label, slogan, heading or symbolic device rather than a proposition","Read in order. ⏎ 1. https://www.breitbart.com/politics/2020/04/06/gop-gears-up-for-next-relief-fight-democrats-want-the-federal-government-to-take-over-elections/","3. https://twitter.com/realDonaldTrump/status/1247861952736526336 ⏎ Why did WHO make several strong recommendation NOT TO impose a travel ban? ⏎ Why did select [D] govs ban the use of hydroxychloroquine [key]? ⏎ Why does FAKE","161","253","https://8kun.top/qresearch/res/8722105.html#8722377","","","","","","","","","UNREVIEWED"
"3909","#3909","4","p3909-s004","E_CERTIFIED_QUOTED_SOURCE","3. https://twitter.com/realDonaldTrump/status/1247861952736526336","1","PARTIAL_ONLY","96.88","0","2","64","3.","NO","url","url: ""https://twitter.com/realDonaldTrump/status/1247861952736526336"" [257-319]","evidence:EXTERNAL_LINK | evidence:QUOTED_SOURCE","evidence:EXTERNAL_LINK: ""https://twitter.com/realDonaldTrump/status/1247861952736526336"" || evidence:QUOTED_SOURCE: ""3. https://twitter.com/realDonaldTrump/status/1247861952736526336""","NO","YES","numbered definition (continuation)","fragment_or_label","HIGH","LABEL_FRAGMENT_OR_DEVICE","short label, slogan, heading or symbolic device rather than a proposition","tbart.com/politics/2020/04/06/gop-gears-up-for-next-relief-fight-democrats-want-the-federal-government-to-take-over-elections/ ⏎ 2. https://www.foxnews.com/opinion/coronavirus-elections-wisconsin-democrats-harmeet-dhillon","Why did WHO make several strong recommendation NOT TO impose a travel ban? ⏎ Why did select [D] govs ban the use of hydroxychloroquine [key]? ⏎ Why does FAKE NEWS push anti-hydroxychloroquine [fear tactics re: use]? ⏎ Why was","254","319","https://8kun.top/qresearch/res/8722105.html#8722377","","","","","","","","","UNREVIEWED"
"4040","#4040","2","p4040-s002","E_CERTIFIED_QUOTED_SOURCE",">11,356 COVID-19","1","PARTIAL_ONLY","53.33","0","7","15",">11,356","NO","namedEntity","namedEntity: ""COVID-19"" [114-122] || namedEntity: ""COVID"" [114-119]","evidence:QUOTED_SOURCE","evidence:QUOTED_SOURCE: "">11,356 COVID-19""","NO","YES","greentext excerpt","fragment_or_label","HIGH","LABEL_FRAGMENT_OR_DEVICE","short label, slogan, heading or symbolic device rather than a proposition","https://www.cdc.gov/nchs/data/health_policy/Provisional-Death-Counts-COVID-19-Pneumonia-and-Influenza.pdf",">54,217 Pneumonia, Influenza, OR COVID-19 ⏎ Influenza death rate low v previous years? ⏎ Knowledge is power. ⏎ Information warfare. ⏎ Q","106","122","https://8kun.top/qresearch/res/8988292.html#8988531","","","","","","","","","UNREVIEWED"
"4040","#4040","3","p4040-s003","E_CERTIFIED_QUOTED_SOURCE",">54,217 Pneumonia, Influenza, OR COVID-19","1","PARTIAL_ONLY","21.62","0","29","37",">54,217 Pneumonia, Influenza, OR","NO","namedEntity","namedEntity: ""COVID-19"" [156-164] || namedEntity: ""COVID"" [156-161]","evidence:QUOTED_SOURCE","evidence:QUOTED_SOURCE: "">54,217 Pneumonia, Influenza, OR COVID-19""","NO","YES","greentext excerpt","fragment_or_label","HIGH","LABEL_FRAGMENT_OR_DEVICE","short label, slogan, heading or symbolic device rather than a proposition","https://www.cdc.gov/nchs/data/health_policy/Provisional-Death-Counts-COVID-19-Pneumonia-and-Influenza.pdf ⏎ >11,356 COVID-19","Influenza death rate low v previous years? ⏎ Knowledge is power. ⏎ Information warfare. ⏎ Q","123","164","https://8kun.top/qresearch/res/8988292.html#8988531","","","","","","","","","UNREVIEWED"
"4122","#4122","3","p4122-s003","E_CERTIFIED_QUOTED_SOURCE","A: No.","1","UNHIGHLIGHTED","0","0","5","5","A: No.","NO","","","evidence:QUOTED_SOURCE","evidence:QUOTED_SOURCE: ""A: No.""","NO","YES","quoted FAQ answer","complete_sentence","MEDIUM","CLAIM_CANDIDATE","declarative prose — decide Q-authored claim vs quoted claim vs aphorism","https://www.fbi.gov/about/faqs ⏎ Q: Can I obtain detailed information about a current FBI investigation that I see in the news?","Such information is protected from public disclosure, in accordance with current law and Department of Justice and FBI policy. This policy preserves the integrity of the investigation and the privacy of individuals invo","126","132","https://8kun.top/qresearch/res/9050355.html#9050939","","","","","","","","","UNREVIEWED"
"4163","#4163","2","p4163-s002","E_CERTIFIED_QUOTED_SOURCE",">A.Cooper [CNN]","1","PARTIAL_ONLY","35.71","0","9","14",">A.Cooper","NO","bracketCode","bracketCode: ""[CNN]"" [43-48]","evidence:QUOTED_SOURCE","evidence:QUOTED_SOURCE: "">A.Cooper [CNN]"" || evidence:QUOTED_SOURCE: "">"" || evidence:QUOTED_SOURCE: "">"" || evidence:QUOTED_SOURCE: "">"" || evidence:QUOTED_SOURCE: "">"" || evidence:QUOTED_SOURCE: "">"" || evidence:QUOTED_SOURCE: "">"" || evidence:QUOTED_SOURCE: "">"" || evidence:QUOTED_SOURCE: "">"" || evidence:QUOTED_SOURCE: "">"" || evidence:QUOTED_SOURCE: "">"" || evidence:QUOTED_SOURCE: "">""","NO","YES","greentext excerpt","fragment_or_label","HIGH","LABEL_FRAGMENT_OR_DEVICE","short label, slogan, heading or symbolic device rather than a proposition","What media assets are Farm born?","> ⏎ > ⏎ > ⏎ > ⏎ > ⏎ > ⏎ > ⏎ > ⏎ > ⏎ > ⏎ > ⏎ Q","33","48","https://8kun.top/qresearch/res/9089362.html#9089835","","","","","","","","","UNREVIEWED"
"4172","#4172","4","p4172-s004","E_CERTIFIED_QUOTED_SOURCE",">Historic trade deal w/ China signed","1","PARTIAL_ONLY","16.13","0","26","31",">Historic trade deal w/ ⋯ signed","NO","namedEntity","namedEntity: ""China"" [133-138]","evidence:QUOTED_SOURCE","evidence:QUOTED_SOURCE: "">Historic trade deal w/ China signed""","NO","YES","greentext excerpt","sentence_like_no_terminal","HIGH","CLAIM_CANDIDATE","declarative prose — decide Q-authored claim vs quoted claim vs aphorism","https://www.foxbusiness.com/markets/us-china-sign-historic-trade-deal ⏎ Dates are important. ⏎ January 15, 2020.",">>China loses billions in clawback ⏎ >[Held][Timed] impeachment articles are delivered to Senate ⏎ >FIRST case of COVID-19 lands in UNITED STATES [Seattle-Tacoma International Airport] ⏎ Do the Chinese like losing? ⏎ Do the Chi","109","145","https://8kun.top/qresearch/res/9094069.html#9094684","","","","","","","","","UNREVIEWED"
"4172","#4172","6","p4172-s006","E_CERTIFIED_QUOTED_SOURCE",">[Held][Timed] impeachment articles are delivered to Senate","1","PARTIAL_ONLY","24.53","0","40","53","> ⋯ impeachment articles are delivered to Senate","NO","bracketCode","bracketCode: ""[Held]"" [182-188] || bracketCode: ""[Timed]"" [188-195]","evidence:QUOTED_SOURCE","evidence:QUOTED_SOURCE: "">[Held][Timed] impeachment articles are delivered to Senate""","NO","YES","greentext excerpt","sentence_like_no_terminal","HIGH","CLAIM_CANDIDATE","declarative prose — decide Q-authored claim vs quoted claim vs aphorism","https://www.foxbusiness.com/markets/us-china-sign-historic-trade-deal ⏎ Dates are important. ⏎ January 15, 2020. ⏎ >Historic trade deal w/ China signed ⏎ >>China loses billions in clawback",">FIRST case of COVID-19 lands in UNITED STATES [Seattle-Tacoma International Airport] ⏎ Do the Chinese like losing? ⏎ Do the Chinese want POTUS removed/replaced P_elec_2020? ⏎ Do the Chinese want BIDEN installed P_elec_2020?","181","240","https://8kun.top/qresearch/res/9094069.html#9094684","","","","","","","","","UNREVIEWED"
"4172","#4172","7","p4172-s007","E_CERTIFIED_QUOTED_SOURCE",">FIRST case of COVID-19 lands in UNITED STATES [Seattle-Tacoma International Airport]","1","PARTIAL_ONLY","48","0","39","75",">FIRST case of COVID-19 lands in UNITED STATES","NO","namedEntity | bracketCode","namedEntity: ""Seattle-Tacoma International Airport"" [289-325] || bracketCode: ""[Seattle-Tacoma International Airport]"" [288-326]","evidence:QUOTED_SOURCE","evidence:QUOTED_SOURCE: "">FIRST case of COVID-19 lands in UNITED STATES [Seattle-Tacoma International Airport]""","NO","YES","greentext excerpt","sentence_like_no_terminal","HIGH","CLAIM_CANDIDATE","declarative prose — decide Q-authored claim vs quoted claim vs aphorism","ss.com/markets/us-china-sign-historic-trade-deal ⏎ Dates are important. ⏎ January 15, 2020. ⏎ >Historic trade deal w/ China signed ⏎ >>China loses billions in clawback ⏎ >[Held][Timed] impeachment articles are delivered to Senate","Do the Chinese like losing? ⏎ Do the Chinese want POTUS removed/replaced P_elec_2020? ⏎ Do the Chinese want BIDEN installed P_elec_2020? ⏎ Is this about the virus OR THE ELECTION? ⏎ Q","241","326","https://8kun.top/qresearch/res/9094069.html#9094684","","","","","","","","","UNREVIEWED"
"4239","#4239","3","p4239-s003","E_CERTIFIED_QUOTED_SOURCE",">Mail-in-Ballot push [Election]","1","PARTIAL_ONLY","34.48","0","19","29",">Mail-in-Ballot push","NO","bracketCode","bracketCode: ""[Election]"" [136-146]","evidence:QUOTED_SOURCE","evidence:QUOTED_SOURCE: "">Mail-in-Ballot push [Election]""","NO","YES","greentext excerpt","fragment_or_label","HIGH","LABEL_FRAGMENT_OR_DEVICE","short label, slogan, heading or symbolic device rather than a proposition","https://twitter.com/tomselliott/status/1260907153235365888 ⏎ Is this about the virus OR ABOUT PROTECTING THEMSELVES?",">[D] State bailout(s) push ⏎ >Refusal to testify re: fear of COVID-19 ⏎ WHO BENEFITS THE MOST? ⏎ Q","115","146","https://8kun.top/qresearch/res/9168917.html#9169691","","","","","","","","","UNREVIEWED"
"4239","#4239","4","p4239-s004","E_CERTIFIED_QUOTED_SOURCE",">[D] State bailout(s) push","1","PARTIAL_ONLY","13.04","0","20","23","> ⋯ State bailout(s) push","NO","bracketCode","bracketCode: ""[D]"" [148-151]","evidence:QUOTED_SOURCE","evidence:QUOTED_SOURCE: "">[D] State bailout(s) push""","NO","YES","greentext excerpt","fragment_or_label","HIGH","LABEL_FRAGMENT_OR_DEVICE","short label, slogan, heading or symbolic device rather than a proposition","https://twitter.com/tomselliott/status/1260907153235365888 ⏎ Is this about the virus OR ABOUT PROTECTING THEMSELVES? ⏎ >Mail-in-Ballot push [Election]",">Refusal to testify re: fear of COVID-19 ⏎ WHO BENEFITS THE MOST? ⏎ Q","147","173","https://8kun.top/qresearch/res/9168917.html#9169691","","","","","","","","","UNREVIEWED"
"4239","#4239","5","p4239-s005","E_CERTIFIED_QUOTED_SOURCE",">Refusal to testify re: fear of COVID-19","1","UNHIGHLIGHTED","0","0","34","34",">Refusal to testify re: fear of COVID-19","NO","","","evidence:QUOTED_SOURCE","evidence:QUOTED_SOURCE: "">Refusal to testify re: fear of COVID-19""","NO","YES","greentext excerpt","fragment_or_label","HIGH","LABEL_FRAGMENT_OR_DEVICE","short label, slogan, heading or symbolic device rather than a proposition","https://twitter.com/tomselliott/status/1260907153235365888 ⏎ Is this about the virus OR ABOUT PROTECTING THEMSELVES? ⏎ >Mail-in-Ballot push [Election] ⏎ >[D] State bailout(s) push","WHO BENEFITS THE MOST? ⏎ Q","174","214","https://8kun.top/qresearch/res/9168917.html#9169691","","","","","","","","","UNREVIEWED"
"4280","#4280","2","p4280-s002","E_CERTIFIED_QUOTED_SOURCE","""I have today."" - Barr","1","UNHIGHLIGHTED","0","0","18","18","""I have today."" - Barr","NO","","","evidence:QUOTED_SOURCE","evidence:QUOTED_SOURCE: """"I have today."" - Barr""","NO","YES","excerpt beneath a source link","sentence_like_no_terminal","HIGH","CLAIM_CANDIDATE","declarative prose — decide Q-authored claim vs quoted claim vs aphorism","https://twitter.com/CBS_Herridge/status/1262441478019842048","FISA = START ⏎ Q","60","82","https://8kun.top/qresearch/res/9225890.html#9226447","","","","","","","","","UNREVIEWED"
"4337","#4337","5","p4337-s005","E_CERTIFIED_QUOTED_SOURCE","""Let that sink in: 42% of all COVID-19 deaths are taking place in facilities that house 0.62% of the U.S. population."" [nursing home(s)]","1","PARTIAL_ONLY","24.56","0","86","114","""Let that sink in: 42% of all ⋯ deaths are taking place in facilities that house 0.62% of the ⋯ population.""","NO","namedEntity | theme | bracketCode","namedEntity: ""U.S."" [306-310] || namedEntity: ""U.S."" [306-310] || theme: ""COVID"" [235-240] || theme: ""COVID-19"" [235-243] || bracketCode: ""[nursing home(s)]"" [324-341]","evidence:QUOTED_SOURCE","evidence:QUOTED_SOURCE: """"Let that sink in: 42% of all COVID-19 deaths are taking place in facilities that house 0.62% of the U.S. population."" [nursing home(s)]""","NO","YES","excerpt beneath a source link","sentence_like_no_terminal","HIGH","CLAIM_CANDIDATE","declarative prose — decide Q-authored claim vs quoted claim vs aphorism","Expanding on last drop:  ⏎ USA v Japan ⏎ Apply: ⏎ https://www.forbes.com/sites/theapothecary/2020/05/26/nursing-homes-assisted-living-facilities-0-6-of-the-u-s-population-43-of-u-s-covid-19-deaths/#26ae4e9a74cd","Why did our 'nursing home' population suffer a direct hit re: COVID-19 deaths? ⏎ NY & NJ GOV [order(s)] [push] COVID-19 positive elderly > nursing home(s)? ⏎ USNS Comfort capacity? ⏎ Hospital capacity? ⏎ What other [D] GOV(s) m","205","341","https://8kun.top/qresearch/res/9345091.html#9345703","","","","","","","","","UNREVIEWED"
"4489","#4489","20","p4489-s020","E_CERTIFIED_QUOTED_SOURCE","Lockdown(s) +C: Halt use of grand jury[ies] due to 'close proximity' _COVID mandated restrictions throughout all cities","1","PARTIAL_ONLY","9.71","0","93","103","Lockdown(s) +C: Halt use of grand jury ⋯ due to 'close proximity' _ ⋯ mandated restrictions throughout all cities","NO","namedEntity | theme | bracketCode","namedEntity: ""COVID"" [1977-1982] || namedEntity: ""COVID"" [1977-1982] || namedEntity: ""COVID"" [1977-1982] || theme: ""COVID"" [1977-1982] || bracketCode: ""[ies]"" [1945-1950]","evidence:QUOTED_SOURCE","evidence:QUOTED_SOURCE: ""Lockdown(s) +C: Halt use of grand jury[ies] due to 'close proximity' _COVID mandated restrictions throughout all cities""","NO","YES","sustained prose block — pasted or quoted passage","sentence_like_no_terminal","HIGH","CLAIM_CANDIDATE","declarative prose — decide Q-authored claim vs quoted claim vs aphorism","(4)-year push: C wave2 opportunity card [D] mayor(s)/gov(s) impose new restrictions if needed _retain narrative mail-in-vote(ing) needed safety security _limit economic / unemployment recovery (slow)  ⏎ Added: Barr _today","Lockdown(s) +C: Halt travel of called witnesses re: pending investigation [Durham (known)] _legal out deployed by witness ""I do not feel comfortable and/or safe traveling due to COVID-19 health concerns.""  ⏎ [Driver: Base","1907","2026","https://8kun.top/qresearch/res/9696572.html#9697079","","","","","","","","","UNREVIEWED"
"4535","#4535","2","p4535-s002","E_CERTIFIED_QUOTED_SOURCE","1. vote","2","UNHIGHLIGHTED","0","0","6","6","1. vote","NO","","","evidence:QUOTED_SOURCE","evidence:QUOTED_SOURCE: ""1. vote""","NO","YES","numbered definition","fragment_or_label","HIGH","LABEL_FRAGMENT_OR_DEVICE","short label, slogan, heading or symbolic device rather than a proposition","A person(s) value:","2. monetary value (tax contribution) ⏎ 3.  ⏎ Why is 'free thought' ridiculed, challenged, and threatened when a person is opposed to the 'mainstream-narrative'? ⏎ [2] remains fixed (degree allowable by 'economic recession/exp","19","26","https://8kun.top/qresearch/res/9776409.html#9778683","","","","","","","","","UNREVIEWED"
"4535","#4535","3","p4535-s003","E_CERTIFIED_QUOTED_SOURCE","2. monetary value (tax contribution)","2","UNHIGHLIGHTED","0","0","32","32","2. monetary value (tax contribution)","NO","","","evidence:QUOTED_SOURCE","evidence:QUOTED_SOURCE: ""2. monetary value (tax contribution)""","NO","YES","numbered definition (continuation)","fragment_or_label","HIGH","LABEL_FRAGMENT_OR_DEVICE","short label, slogan, heading or symbolic device rather than a proposition","A person(s) value: ⏎ 1. vote","3.  ⏎ Why is 'free thought' ridiculed, challenged, and threatened when a person is opposed to the 'mainstream-narrative'? ⏎ [2] remains fixed (degree allowable by 'economic recession/expansion') ⏎ [1] remains a variable ⏎ [1] d","27","63","https://8kun.top/qresearch/res/9776409.html#9778683","","","","","","","","","UNREVIEWED"
"4535","#4535","4","p4535-s004","E_CERTIFIED_QUOTED_SOURCE","3.","23","UNHIGHLIGHTED","0","0","2","2","3.","NO","","","evidence:QUOTED_SOURCE","evidence:QUOTED_SOURCE: ""3.""","NO","YES","numbered definition (continuation)","symbolic_or_numeric","HIGH","LABEL_FRAGMENT_OR_DEVICE","short label, slogan, heading or symbolic device rather than a proposition","A person(s) value: ⏎ 1. vote ⏎ 2. monetary value (tax contribution)","Why is 'free thought' ridiculed, challenged, and threatened when a person is opposed to the 'mainstream-narrative'? ⏎ [2] remains fixed (degree allowable by 'economic recession/expansion') ⏎ [1] remains a variable ⏎ [1] depe","64","66","https://8kun.top/qresearch/res/9776409.html#9778683","","","","","","","","","UNREVIEWED"
"4535","#4535","6","p4535-s006","E_CERTIFIED_QUOTED_SOURCE","[2] remains fixed (degree allowable by 'economic recession/expansion')","2","PARTIAL_ONLY","4.76","0","60","63","remains fixed (degree allowable by 'economic recession/expansion')","NO","bracketCode","bracketCode: ""[2]"" [184-187]","evidence:QUOTED_SOURCE","evidence:QUOTED_SOURCE: ""[2] remains fixed (degree allowable by 'economic recession/expansion')""","NO","YES","numbered definition (continuation)","sentence_like_no_terminal","HIGH","CLAIM_CANDIDATE","declarative prose — decide Q-authored claim vs quoted claim vs aphorism","A person(s) value: ⏎ 1. vote ⏎ 2. monetary value (tax contribution) ⏎ 3.  ⏎ Why is 'free thought' ridiculed, challenged, and threatened when a person is opposed to the 'mainstream-narrative'?","[1] remains a variable ⏎ [1] dependent on a 'controlled' system of information dissemination  ⏎ What happens when 90% of the media is controlled/owned by (6) corporations? ⏎ What happens when those same corporations are opera","184","254","https://8kun.top/qresearch/res/9776409.html#9778683","","","","","","","","","UNREVIEWED"
"4535","#4535","7","p4535-s007","E_CERTIFIED_QUOTED_SOURCE","[1] remains a variable","2","PARTIAL_ONLY","15.79","0","16","19","remains a variable","NO","bracketCode","bracketCode: ""[1]"" [255-258]","evidence:QUOTED_SOURCE","evidence:QUOTED_SOURCE: ""[1] remains a variable""","NO","YES","numbered definition (continuation)","fragment_or_label","HIGH","LABEL_FRAGMENT_OR_DEVICE","short label, slogan, heading or symbolic device rather than a proposition","ary value (tax contribution) ⏎ 3.  ⏎ Why is 'free thought' ridiculed, challenged, and threatened when a person is opposed to the 'mainstream-narrative'? ⏎ [2] remains fixed (degree allowable by 'economic recession/expansion')","[1] dependent on a 'controlled' system of information dissemination  ⏎ What happens when 90% of the media is controlled/owned by (6) corporations? ⏎ What happens when those same corporations are operated and controlled by a","255","277","https://8kun.top/qresearch/res/9776409.html#9778683","","","","","","","","","UNREVIEWED"
"4535","#4535","8","p4535-s008","E_CERTIFIED_QUOTED_SOURCE","[1] dependent on a 'controlled' system of information dissemination","2","PARTIAL_ONLY","5.08","0","56","59","dependent on a 'controlled' system of information dissemination","NO","bracketCode","bracketCode: ""[1]"" [278-281]","evidence:QUOTED_SOURCE","evidence:QUOTED_SOURCE: ""[1] dependent on a 'controlled' system of information dissemination""","NO","YES","numbered definition (continuation)","sentence_like_no_terminal","HIGH","CLAIM_CANDIDATE","declarative prose — decide Q-authored claim vs quoted claim vs aphorism","tion) ⏎ 3.  ⏎ Why is 'free thought' ridiculed, challenged, and threatened when a person is opposed to the 'mainstream-narrative'? ⏎ [2] remains fixed (degree allowable by 'economic recession/expansion') ⏎ [1] remains a variable","What happens when 90% of the media is controlled/owned by (6) corporations? ⏎ What happens when those same corporations are operated and controlled by a political ideology?  ⏎ What happens when the news is no longer free f","278","345","https://8kun.top/qresearch/res/9776409.html#9778683","","","","","","","","","UNREVIEWED"
"4563","#4563","2","p4563-s002","E_CERTIFIED_QUOTED_SOURCE","""These sources add that Charter has connections to Antifa…""","1","UNHIGHLIGHTED","0","0","51","51","""These sources add that Charter has connections to Antifa…""","NO","","","evidence:QUOTED_SOURCE","evidence:QUOTED_SOURCE: """"These sources add that Charter has connections to Antifa…""""","NO","YES","excerpt beneath a source link","sentence_like_no_terminal","HIGH","CLAIM_CANDIDATE","declarative prose — decide Q-authored claim vs quoted claim vs aphorism","https://www.foxnews.com/politics/feds-arrest-ringleader-in-attack-on-andrew-jackson-statue-by-white-house","Q","106","165","https://8kun.top/qresearch/res/9824798.html#9825374","","","","","","","","","UNREVIEWED"
"4685","#4685","10","p4685-s010","E_CERTIFIED_QUOTED_SOURCE","to often repeat an idea or belief to someone in order to persuade them to accept it","1","UNHIGHLIGHTED","0","0","67","67","to often repeat an idea or belief to someone in order to persuade them to accept it","NO","","","evidence:QUOTED_SOURCE","evidence:QUOTED_SOURCE: ""to often repeat an idea or belief to someone in order to persuade them to accept it""","NO","YES","sustained prose block — pasted or quoted passage","fragment_or_label","HIGH","LABEL_FRAGMENT_OR_DEVICE","short label, slogan, heading or symbolic device rather than a proposition","rs'] swarm to enforce ['trend' echo]. ⏎ Blue checkmarks swarm to enforce [digital echo]. ⏎ ANTIFA swarm to enforce [non_digital echo]. ⏎ Rage and emotion follow by those indoctrinated [echo controlled]. ⏎ Define 'indoctrinate'.","Next: grab 'rage & emotion' [organized platform(s)] by indoctrinated and project as 'majority' [zoom and enhance _narrow focus as mainstream]. ⏎ System of control. ⏎ Many choose the path of least resistance. ⏎ For many you ca","530","613","https://8kun.top/qresearch/res/10619625.html#10619905","","","","","","","","","UNREVIEWED"
"4699","#4699","14","p4699-s014","E_CERTIFIED_QUOTED_SOURCE","DA: will not act re: “low-level’ arrests","1","UNHIGHLIGHTED","0","0","34","34","DA: will not act re: “low-level’ arrests","NO","","","evidence:QUOTED_SOURCE","evidence:QUOTED_SOURCE: ""DA: will not act re: “low-level’ arrests""","NO","YES","opens a multi-line quotation","sentence_like_no_terminal","HIGH","PREDICTION_CANDIDATE","future-facing language","ters within 24-hours of arrest? ⏎ What happens post bailout?  ⏎ Do charges remain enforced or dropped by DA? ⏎ https://ktvz.com/news/oregon-northwest/2020/08/11/portland-da-announces-new-policy-wont-prosecute-protest-charges/","Have all refusal to bring charges been related to “low-level” arrests? ⏎ https://twitter.com/MrAndyNgo/status/1294487845810233345 ⏎ Sympathizer?  ⏎ Other? ⏎ What happens when prosecutors, board of county commissioner members, v","1006","1046","https://8kun.top/qresearch/res/10644330.html#10644371","","","","","","","","","UNREVIEWED"
"4705","#4705","1","p4705-s001","E_CERTIFIED_QUOTED_SOURCE","https://www.youtube.com/watch?v=GTMIFns_4g8 patriot noun","1","PARTIAL_ONLY","92.59","0","4","54","noun","NO","namedEntity | url","namedEntity: ""patriot"" [44-51] || url: ""https://www.youtube.com/watch?v=GTMIFns_4g8"" [0-43]","evidence:EXTERNAL_LINK | evidence:QUOTED_SOURCE","evidence:EXTERNAL_LINK: ""https://www.youtube.com/watch?v=GTMIFns_4g8"" || evidence:QUOTED_SOURCE: ""https://www.youtube.com/watch?v=GTMIFns_4g8 ⏎ patriot ⏎ noun""","NO","YES","dictionary entry","fragment_or_label","MEDIUM","LABEL_FRAGMENT_OR_DEVICE","short label, slogan, heading or symbolic device rather than a proposition","","a person who loves, supports, and defends his or her country and its interests with devotion ⏎ a person who loves their country and, if necessary, will fight for it ⏎ a person who vigorously supports their country and is pr","0","56","https://8kun.top/qresearch/res/10647437.html#10647825","","","","","","","","","UNREVIEWED"
"4705","#4705","2","p4705-s002","E_CERTIFIED_QUOTED_SOURCE","a person who loves, supports, and defends his or her country and its interests with devotion a person who loves their country and, if necessary, will fight for it a person who vigorously supports their country and is prepared to defend it against enemies or detractors","1","UNHIGHLIGHTED","0","0","223","223","a person who loves, supports, and defends his or her country and its interests with devotion ⏎ a person who loves their country and, if necessary, will fight for it ⏎ a person who vigorously supports their country and is prepared to defend it against enemies or detractors","NO","","","evidence:QUOTED_SOURCE","evidence:QUOTED_SOURCE: ""a person who loves, supports, and defends his or her country and its interests with devotion ⏎ a person who loves their country and, if necessary, will fight for it ⏎ a person who vigorously supports their country and is prepared to defend it against enemies or detractors""","NO","YES","dictionary entry (continuation)","sentence_like_no_terminal","MEDIUM","PREDICTION_CANDIDATE","future-facing language","https://www.youtube.com/watch?v=GTMIFns_4g8 ⏎ patriot ⏎ noun","a person who regards himself or herself as a defender, especially of individual rights ⏎ against all enemies foreign and domestic ⏎ Q","57","325","https://8kun.top/qresearch/res/10647437.html#10647825","","","","","","","","","UNREVIEWED"
"4705","#4705","3","p4705-s003","E_CERTIFIED_QUOTED_SOURCE","a person who regards himself or herself as a defender, especially of individual rights against all enemies foreign and domestic","1","UNHIGHLIGHTED","0","0","108","108","a person who regards himself or herself as a defender, especially of individual rights ⏎ against all enemies foreign and domestic","NO","","","evidence:QUOTED_SOURCE","evidence:QUOTED_SOURCE: ""a person who regards himself or herself as a defender, especially of individual rights ⏎ against all enemies foreign and domestic""","NO","YES","dictionary entry (continuation)","fragment_or_label","MEDIUM","LABEL_FRAGMENT_OR_DEVICE","short label, slogan, heading or symbolic device rather than a proposition","her country and its interests with devotion ⏎ a person who loves their country and, if necessary, will fight for it ⏎ a person who vigorously supports their country and is prepared to defend it against enemies or detractors","Q","326","453","https://8kun.top/qresearch/res/10647437.html#10647825","","","","","","","","","UNREVIEWED"
"4734","#4734","3","p4734-s003","E_CERTIFIED_QUOTED_SOURCE","gatekeeper noun a person that controls access, as to information, often acting as an arbiter of quality or legitimacy:","1","UNHIGHLIGHTED","0","0","100","100","gatekeeper ⏎ noun ⏎ a person that controls access, as to information, often acting as an arbiter of quality or legitimacy:","NO","","","evidence:QUOTED_SOURCE","evidence:QUOTED_SOURCE: ""gatekeeper ⏎ noun ⏎ a person that controls access, as to information, often acting as an arbiter of quality or legitimacy:""","NO","YES","dictionary entry; dictionary entry (continuation)","colon_or_semicolon_block","MEDIUM","CLAIM_CANDIDATE","declarative prose — decide Q-authored claim vs quoted claim vs aphorism","Focus on content [information]. ⏎ Research for yourself.","an open internet allows innovators to bypass traditional gatekeepers and promote their work on its own merit. ⏎ a guardian; monitor ⏎ Deploy camouflage. ⏎ Drop all references re: 'Q' 'Qanon' etc. to avoid ban/termination _cen","55","173","https://8kun.net/qresearch/res/10684206.html#10685190","","","","","","","","","UNREVIEWED"
"4734","#4734","5","p4734-s005","E_CERTIFIED_QUOTED_SOURCE","a guardian; monitor","1","UNHIGHLIGHTED","0","0","17","17","a guardian; monitor","NO","","","evidence:QUOTED_SOURCE","evidence:QUOTED_SOURCE: ""a guardian; monitor""","NO","YES","dictionary entry (continuation)","fragment_or_label","HIGH","LABEL_FRAGMENT_OR_DEVICE","short label, slogan, heading or symbolic device rather than a proposition","r ⏎ noun ⏎ a person that controls access, as to information, often acting as an arbiter of quality or legitimacy: ⏎ an open internet allows innovators to bypass traditional gatekeepers and promote their work on its own merit.","Deploy camouflage. ⏎ Drop all references re: 'Q' 'Qanon' etc. to avoid ban/termination _censorship install.  ⏎ Algos [sniffers] bypass. ⏎ Keep charging, Midnight Riders!  ⏎ [Revere's 'Midnight' Ride] ⏎ Delivery of free-informatio","284","303","https://8kun.net/qresearch/res/10684206.html#10685190","","","","","","","","","UNREVIEWED"
