"postNumber","postLabel","sentenceIndex","auditId","triageBucket","sentenceText","archiveRepeatCount","coverageStatus","paintedCoveragePercent","categoryCoveragePercent","unpaintedCharacters","totalCharacters","uncoveredText","uncoveredOnlyPunctuation","paintedLayers","paintedDetail","certifiedNotPainted","certifiedNotPaintedDetail","rendererMissLikely","quotedSource","quotedSourceReason","form","segmentationConfidence","routingHint","routingHintWhy","contextBefore","contextAfter","sentenceStart","sentenceEnd","postLink","finalCategory","subtype","explanation","confidence","qAuthored","quotedSourceType","needsNewCategory","proposedNewCategory","reviewStatus"
"2","#2","25","p0002-s025","G_CERTIFIED_CONTEXT_NOT_PAINTED","Mockingbird 10.30.17","1","PARTIAL_ONLY","57.89","0","8","19","10.30.17","NO","namedEntity","namedEntity: ""Mockingbird"" [1092-1103] || namedEntity: ""Mockingbird"" [1092-1103]","context","context: ""Mockingbird""","NO","NO","","fragment_or_label","HIGH","LABEL_FRAGMENT_OR_DEVICE","short label, slogan, heading or symbolic device rather than a proposition","this great land.  ⏎ They never believed for a moment they (Democrats and Republicans) would lose control. ⏎ This is not a R v D battle.  ⏎ Why did Soros donate all his money recently? ⏎ Why would he place all his funds in a RC?","God bless fellow Patriots.","1092","1112","https://archive.4plebs.org/pol/thread/146981635/#147023341","","","","","","","","","UNREVIEWED"
"8","#8","9","p0008-s009","G_CERTIFIED_CONTEXT_NOT_PAINTED","No FBI","1","PARTIAL_ONLY","60","0","2","5","No","NO","namedEntity","namedEntity: ""FBI"" [255-258]","context","context: ""No FBI""","NO","NO","","fragment_or_label","HIGH","LABEL_FRAGMENT_OR_DEVICE","short label, slogan, heading or symbolic device rather than a proposition","im Brotherhood, or child? ⏎ What would you do? Kiss your child goodbye and leave without a mother or father for Clinton?  ⏎ Where is Huma today? ⏎ Was she with HRC on her book tour?  ⏎ RE: Military Intelligence / State Secrets","POTUS installed his people within each top spot at each 3 letter agency except 1 (good reason there as Adm R kick started this and scrubbed all POTUS nominations to verify oath). ⏎ Do you think they aren’t in control of","252","258","https://archive.4plebs.org/pol/thread/147146601/#147169329","","","","","","","","","UNREVIEWED"
"8","#8","13","p0008-s013","G_CERTIFIED_CONTEXT_NOT_PAINTED","Information","1","UNHIGHLIGHTED","0","0","11","11","Information","NO","","","context","context: ""Information""","NO","NO","","fragment_or_label","HIGH","LABEL_FRAGMENT_OR_DEVICE","short label, slogan, heading or symbolic device rather than a proposition","at each 3 letter agency except 1 (good reason there as Adm R kick started this and scrubbed all POTUS nominations to verify oath). ⏎ Do you think they aren’t in control of those respective agencies? ⏎ What is most valuable?","AG Sessions on leakers. ⏎ Fire or prosecute? ⏎ Reorg is underway and happening.  ⏎ Coincidence Senate Republicans pushing for Fed Judge confirmations last week? ⏎ Why are Senate Republicans dropping out? Not by choice and were","528","539","https://archive.4plebs.org/pol/thread/147146601/#147169329","","","","","","","","","UNREVIEWED"
"9","#9","1","p0009-s001","G_CERTIFIED_CONTEXT_NOT_PAINTED","Projection","1","UNHIGHLIGHTED","0","0","10","10","Projection","NO","","","context","context: ""Projection""","NO","NO","","fragment_or_label","HIGH","LABEL_FRAGMENT_OR_DEVICE","short label, slogan, heading or symbolic device rather than a proposition","","D’s can’t lose control over the black population. ⏎ At some point the great awakening will occur whereby these false local / national black leaders are corrupt and paid off to help keep the black pop poor and in need.  ⏎ D","0","10","https://archive.4plebs.org/pol/thread/147146601/#147170576","","","","","","","","","UNREVIEWED"
"11","#11","2","p0011-s002","G_CERTIFIED_CONTEXT_NOT_PAINTED","Military Intelligence v FBI CIA NSA","1","PARTIAL_ONLY","96.67","0","1","30","v","NO","namedEntity | theme","namedEntity: ""Military Intelligence"" [6-27] || namedEntity: ""FBI"" [30-33] || namedEntity: ""CIA"" [34-37] || namedEntity: ""NSA"" [38-41] || theme: ""Military Intelligence"" [6-27]","context","context: ""Military Intelligence v FBI CIA NSA""","NO","NO","","fragment_or_label","HIGH","LABEL_FRAGMENT_OR_DEVICE","short label, slogan, heading or symbolic device rather than a proposition","Key:","No approval or congressional oversight  ⏎ State Secrets upheld under SC  ⏎ Who is the Commander and Chief of the military? ⏎ Under what article can the President impose MI take over investigations for the 3 letter agencies?","6","41","https://archive.4plebs.org/pol/thread/147146601/#147175452","","","","","","","","","UNREVIEWED"
"11","#11","3","p0011-s003","G_CERTIFIED_CONTEXT_NOT_PAINTED","No approval or congressional oversight","1","UNHIGHLIGHTED","0","0","34","34","No approval or congressional oversight","NO","","","context","context: ""No approval or congressional oversight""","NO","NO","","fragment_or_label","HIGH","LABEL_FRAGMENT_OR_DEVICE","short label, slogan, heading or symbolic device rather than a proposition","Key:  ⏎ Military Intelligence v FBI CIA NSA","State Secrets upheld under SC  ⏎ Who is the Commander and Chief of the military? ⏎ Under what article can the President impose MI take over investigations for the 3 letter agencies? What conditions must present itself? Why","43","81","https://archive.4plebs.org/pol/thread/147146601/#147175452","","","","","","","","","UNREVIEWED"
"34","#34","1","p0034-s001","G_CERTIFIED_CONTEXT_NOT_PAINTED","Q Clearance Patriot","1","PARTIAL_ONLY","41.18","0","10","17","Q Clearance","NO","namedEntity","namedEntity: ""Patriot"" [12-19]","context","context: ""Q Clearance Patriot""","NO","NO","","fragment_or_label","HIGH","LABEL_FRAGMENT_OR_DEVICE","short label, slogan, heading or symbolic device rather than a proposition","","My fellow Americans, over the course of the next several days you will undoubtedly realize that we are taking back our great country (the land of the free) from the evil tyrants that wish to do us harm and destroy the","0","19","https://archive.4plebs.org/pol/thread/147547939/#147567888","","","","","","","","","UNREVIEWED"
"40","#40","1","p0040-s001","G_CERTIFIED_CONTEXT_NOT_PAINTED","4,10,20","4","UNHIGHLIGHTED","0","0","7","7","4,10,20","NO","","","context","context: ""4,10,20""","NO","NO","","symbolic_or_numeric","HIGH","LABEL_FRAGMENT_OR_DEVICE","short label, slogan, heading or symbolic device rather than a proposition","","A,b,c,d,e......","0","7","https://archive.4plebs.org/pol/thread/147547939/#147588421","","","","","","","","","UNREVIEWED"
"50","#50","1","p0050-s001","G_CERTIFIED_CONTEXT_NOT_PAINTED","BIG DROP:","1","UNHIGHLIGHTED","0","0","8","8","BIG DROP:","NO","","","context","context: ""BIG DROP:""","NO","NO","","colon_or_semicolon_block","HIGH","CLAIM_CANDIDATE","declarative prose — decide Q-authored claim vs quoted claim vs aphorism","","How did NK obtain Uranium?  ⏎ How did Iran obtain Uranium?  ⏎ Why did BO send billions (in cash and wire) to Iran?  ⏎ Why the cash component?  ⏎ Was the hostage component a cover? ⏎ For what?  ⏎ Could any of the cash component be h","0","9","https://archive.4plebs.org/pol/thread/147591553/#147642680","","","","","","","","","UNREVIEWED"
"51","#51","10","p0051-s010","G_CERTIFIED_CONTEXT_NOT_PAINTED","-The WH","1","PARTIAL_ONLY","33.33","0","4","6","-The","NO","namedEntity","namedEntity: ""WH"" [344-346]","context","context: ""-The WH""","NO","NO","","fragment_or_label","HIGH","LABEL_FRAGMENT_OR_DEVICE","short label, slogan, heading or symbolic device rather than a proposition","land. ⏎ The time is now. ⏎ Rest assured POTUS is backed by the absolute finest people alive who are all dedicated to the eradication evil and corruption from the US/World. ⏎ Find peace. ⏎ God is with us. ⏎ God bless and be safe.","","339","346","https://archive.4plebs.org/pol/thread/147591553/#147643257","","","","","","","","","UNREVIEWED"
"63","#63","1","p0063-s001","G_CERTIFIED_CONTEXT_NOT_PAINTED","To those watching (you know who you are):","1","UNHIGHLIGHTED","0","0","34","34","To those watching (you know who you are):","NO","","","context","context: ""To those watching (you know who you are):""","NO","NO","","colon_or_semicolon_block","HIGH","CLAIM_CANDIDATE","declarative prose — decide Q-authored claim vs quoted claim vs aphorism","","You have a choice to make.  ⏎ You can stand up and do what you know to be right. ⏎ Or you can suffer the consequences of your previous actions. ⏎ Make no mistake, you are on the losing side. ⏎ The choice is yours. ⏎ If you decide","0","41","https://archive.4plebs.org/pol/thread/147675249/#147681912","","","","","","","","","UNREVIEWED"
"63","#63","8","p0063-s008","G_CERTIFIED_CONTEXT_NOT_PAINTED","4920-a 293883 zAj-1 0020192","1","UNHIGHLIGHTED","0","0","24","24","4920-a 293883 zAj-1 0020192","NO","","","context","context: ""4920-a 293883 zAj-1 0020192""","NO","NO","","fragment_or_label","HIGH","LABEL_FRAGMENT_OR_DEVICE","short label, slogan, heading or symbolic device rather than a proposition","o what you know to be right. ⏎ Or you can suffer the consequences of your previous actions. ⏎ Make no mistake, you are on the losing side. ⏎ The choice is yours. ⏎ If you decide to take down /pol/ and the net we will be ready.","Alice & Wonderland.","312","339","https://archive.4plebs.org/pol/thread/147675249/#147681912","","","","","","","","","UNREVIEWED"
"65","#65","1","p0065-s001","G_CERTIFIED_CONTEXT_NOT_PAINTED",":::::Flash Traffic:::::","1","UNHIGHLIGHTED","0","0","22","22",":::::Flash Traffic:::::","NO","","","context","context: "":::::Flash Traffic:::::""","NO","NO","","colon_or_semicolon_block","HIGH","CLAIM_CANDIDATE","declarative prose — decide Q-authored claim vs quoted claim vs aphorism","","Three letter agency embedded tracking/up-channel into POTUS' Twitter to specifically target through specialized geo and send his location. ⏎ We anticipated this (see post a few hours ago). ⏎ It has begun. ⏎ Perhaps more posts","0","23","https://archive.4plebs.org/pol/thread/147675249/#147687684","","","","","","","","","UNREVIEWED"
"74","#74","1","p0074-s001","G_CERTIFIED_CONTEXT_NOT_PAINTED","Q = Alice","2","PARTIAL_ONLY","71.43","0","2","7","Q =","NO","namedEntity","namedEntity: ""Alice"" [4-9]","context","context: ""Q = Alice""","NO","NO","","fragment_or_label","HIGH","LABEL_FRAGMENT_OR_DEVICE","short label, slogan, heading or symbolic device rather than a proposition","","You'll soon understand the meaning behind Alice ""&"" Wonderland.  ⏎ Everything has meaning. ⏎ God bless. ⏎ Q","0","9","https://archive.4plebs.org/pol/thread/147978093/#147987614","","","","","","","","","UNREVIEWED"
"75","#75","2","p0075-s002","G_CERTIFIED_CONTEXT_NOT_PAINTED","Godfather lll","2","UNHIGHLIGHTED","0","0","12","12","Godfather lll","NO","","","context","context: ""Godfather lll""","NO","NO","","fragment_or_label","HIGH","LABEL_FRAGMENT_OR_DEVICE","short label, slogan, heading or symbolic device rather than a proposition","By the time POTUS returns from his trip the world will be a different place.","Alice & Wonderland ⏎ Alice (Lewis Carroll) = ⏎ The Bloody Wonderland = ⏎  ⏎ [Repost] ⏎ Why did JK travel to SA recently? ⏎ What is SA known for? ⏎ Where do the biggest donations originate from? ⏎ Why is this relevant? ⏎ What else is rele","77","90","https://archive.4plebs.org/pol/thread/148016618/#148016618","","","","","","","","","UNREVIEWED"
"75","#75","5","p0075-s005","G_CERTIFIED_CONTEXT_NOT_PAINTED","The Bloody Wonderland =","1","UNHIGHLIGHTED","0","0","20","20","The Bloody Wonderland =","NO","","","context","context: ""The Bloody Wonderland =""","NO","NO","","fragment_or_label","HIGH","LABEL_FRAGMENT_OR_DEVICE","short label, slogan, heading or symbolic device rather than a proposition","By the time POTUS returns from his trip the world will be a different place. ⏎ Godfather lll ⏎ Alice & Wonderland ⏎ Alice (Lewis Carroll) =","[Repost] ⏎ Why did JK travel to SA recently? ⏎ What is SA known for? ⏎ Where do the biggest donations originate from? ⏎ Why is this relevant? ⏎ What else is relevant w/ SA? ⏎ Safe harbor? ⏎ Port of transfer? ⏎ Why was there a recent s","134","157","https://archive.4plebs.org/pol/thread/148016618/#148016618","","","","","","","","","UNREVIEWED"
"78","#78","32","p0078-s032","G_CERTIFIED_CONTEXT_NOT_PAINTED","Q = Alice","2","PARTIAL_ONLY","71.43","0","2","7","Q =","NO","namedEntity","namedEntity: ""Alice"" [906-911]","context","context: ""Q = Alice""","NO","NO","","fragment_or_label","HIGH","LABEL_FRAGMENT_OR_DEVICE","short label, slogan, heading or symbolic device rather than a proposition","ly assist the USSS? ⏎ Why is this relevant? ⏎ What flying object was recently shot down? ⏎ Why is this relevant? ⏎ How precise is geo tracking (non-public c-level pro)? ⏎ Why is this relevant? ⏎ Alice & Wonderland. ⏎ Q ⏎  ⏎ [Repost Lost]","You'll soon understand the meaning behind Alice ""&"" Wonderland. ⏎ Everything has meaning. ⏎ God bless. ⏎ Q","902","911","https://archive.4plebs.org/pol/thread/148016618/#148016769","","","","","","","","","UNREVIEWED"
"83","#83","4","p0083-s004","G_CERTIFIED_CONTEXT_NOT_PAINTED","References:","1","UNHIGHLIGHTED","0","0","11","11","References:","NO","","","context","context: ""References:""","NO","NO","","colon_or_semicolon_block","HIGH","CLAIM_CANDIDATE","declarative prose — decide Q-authored claim vs quoted claim vs aphorism","Simplified. ⏎ Alice & Wonderland. ⏎ Hillary & Saudi Arabia.","Hillary Clinton in Wonderland by Lewis Carroll. ⏎ Saudi Arabia - the Bloody Wonderland. ⏎ Q","56","67","https://archive.4plebs.org/pol/thread/148016618/#148020278","","","","","","","","","UNREVIEWED"
"84","#84","8","p0084-s008","G_CERTIFIED_CONTEXT_NOT_PAINTED","Godfather lll","2","UNHIGHLIGHTED","0","0","12","12","Godfather lll","NO","","","context","context: ""Godfather lll""","NO","NO","","fragment_or_label","HIGH","LABEL_FRAGMENT_OR_DEVICE","short label, slogan, heading or symbolic device rather than a proposition","se add crumbs above in new complete graphic.  ⏎ Organized and in order. ⏎ Critical for understanding and review. ⏎ Spider web. ⏎ Hillary & Saudi Arabia (Alice & Wonderland)(see above). ⏎ This is staged and deliberate.  ⏎ Snow White","Q","224","237","https://archive.4plebs.org/pol/thread/148016618/#148021501","","","","","","","","","UNREVIEWED"
"93","#93","1","p0093-s001","G_CERTIFIED_CONTEXT_NOT_PAINTED","Correction:","2","UNHIGHLIGHTED","0","0","11","11","Correction:","NO","","","context","context: ""Correction:""","NO","NO","","colon_or_semicolon_block","HIGH","CLAIM_CANDIDATE","declarative prose — decide Q-authored claim vs quoted claim vs aphorism",">>148031978","HRC was a puppet but her strings were recently cut.  ⏎ She's now on her own and fighting for her life. ⏎ Q","12","23","https://archive.4plebs.org/pol/thread/148019103/#148032210","","","","","","","","","UNREVIEWED"
"101","#101","3","p0101-s003","G_CERTIFIED_CONTEXT_NOT_PAINTED","jD79-x10ABy-89zBT","1","UNHIGHLIGHTED","0","0","17","17","jD79-x10ABy-89zBT","NO","","","context","context: ""jD79-x10ABy-89zBT""","NO","NO","","fragment_or_label","HIGH","LABEL_FRAGMENT_OR_DEVICE","short label, slogan, heading or symbolic device rather than a proposition",">>148147343 ⏎ Graphic confirmed. ⏎ Q","08:00 ⏎ 12:00 ⏎ 11_6_TP_Pub ⏎ PHIL_B_O_Extract_Conf ⏎ 02:00 Z","34","51","https://archive.4plebs.org/pol/thread/148146734/#148148004","","","","","","","","","UNREVIEWED"
"101","#101","6","p0101-s006","G_CERTIFIED_CONTEXT_NOT_PAINTED","11_6_TP_Pub","1","UNHIGHLIGHTED","0","0","11","11","11_6_TP_Pub","NO","","","context","context: ""11_6_TP_Pub""","NO","NO","","fragment_or_label","HIGH","LABEL_FRAGMENT_OR_DEVICE","short label, slogan, heading or symbolic device rather than a proposition",">>148147343 ⏎ Graphic confirmed. ⏎ Q ⏎  ⏎ jD79-x10ABy-89zBT ⏎ 08:00 ⏎ 12:00","PHIL_B_O_Extract_Conf ⏎ 02:00 Z","64","75","https://archive.4plebs.org/pol/thread/148146734/#148148004","","","","","","","","","UNREVIEWED"
"101","#101","7","p0101-s007","G_CERTIFIED_CONTEXT_NOT_PAINTED","PHIL_B_O_Extract_Conf","1","UNHIGHLIGHTED","0","0","21","21","PHIL_B_O_Extract_Conf","NO","","","context","context: ""PHIL_B_O_Extract_Conf""","NO","NO","","fragment_or_label","HIGH","LABEL_FRAGMENT_OR_DEVICE","short label, slogan, heading or symbolic device rather than a proposition",">>148147343 ⏎ Graphic confirmed. ⏎ Q ⏎  ⏎ jD79-x10ABy-89zBT ⏎ 08:00 ⏎ 12:00 ⏎ 11_6_TP_Pub","02:00 Z","76","97","https://archive.4plebs.org/pol/thread/148146734/#148148004","","","","","","","","","UNREVIEWED"
"102","#102","1","p0102-s001","G_CERTIFIED_CONTEXT_NOT_PAINTED","14.5995° N, 120.9842° E","1","UNHIGHLIGHTED","0","0","20","20","14.5995° N, 120.9842° E","NO","","","context","context: ""14.5995° N, 120.9842° E""","NO","NO","","fragment_or_label","HIGH","LABEL_FRAGMENT_OR_DEVICE","short label, slogan, heading or symbolic device rather than a proposition","","_Conf_UDT_green_ ⏎ ^_Sj69ETC- ⏎ Godspeed.","0","23","https://archive.4plebs.org/pol/thread/148146734/#148149435","","","","","","","","","UNREVIEWED"
"102","#102","2","p0102-s002","G_CERTIFIED_CONTEXT_NOT_PAINTED","_Conf_UDT_green_","1","UNHIGHLIGHTED","0","0","16","16","_Conf_UDT_green_","NO","","","context","context: ""_Conf_UDT_green_""","NO","NO","","fragment_or_label","HIGH","LABEL_FRAGMENT_OR_DEVICE","short label, slogan, heading or symbolic device rather than a proposition","14.5995° N, 120.9842° E","^_Sj69ETC- ⏎ Godspeed.","24","40","https://archive.4plebs.org/pol/thread/148146734/#148149435","","","","","","","","","UNREVIEWED"
"102","#102","3","p0102-s003","G_CERTIFIED_CONTEXT_NOT_PAINTED","^_Sj69ETC-","1","UNHIGHLIGHTED","0","0","10","10","^_Sj69ETC-","NO","","","context","context: ""^_Sj69ETC-""","NO","NO","","fragment_or_label","HIGH","LABEL_FRAGMENT_OR_DEVICE","short label, slogan, heading or symbolic device rather than a proposition","14.5995° N, 120.9842° E ⏎ _Conf_UDT_green_","Godspeed.","41","51","https://archive.4plebs.org/pol/thread/148146734/#148149435","","","","","","","","","UNREVIEWED"
"107","#107","1","p0107-s001","G_CERTIFIED_CONTEXT_NOT_PAINTED","Code:","1","UNHIGHLIGHTED","0","0","5","5","Code:","NO","","","context","context: ""Code:""","NO","NO","","colon_or_semicolon_block","HIGH","CLAIM_CANDIDATE","declarative prose — decide Q-authored claim vs quoted claim vs aphorism","","May God also grant all of us the wisdom to ask what concrete steps we can take to reduce the violence and weaponry in our midst. ⏎ Note when we just sent the go orders and when this Tweet went live.  ⏎ Coincidence? ⏎ Pray. ⏎ Q","0","5","https://archive.4plebs.org/pol/thread/148146734/#148155609","","","","","","","","","UNREVIEWED"
"111","#111","1","p0111-s001","G_CERTIFIED_CONTEXT_NOT_PAINTED","Important Context:","1","UNHIGHLIGHTED","0","0","17","17","Important Context:","NO","","","context","context: ""Important Context:""","NO","NO","","colon_or_semicolon_block","HIGH","CLAIM_CANDIDATE","declarative prose — decide Q-authored claim vs quoted claim vs aphorism","","What have you learned about HUMA? ⏎ What organization is HUMA? ⏎ Which US President is affiliated w/ HUMA? ⏎ Why is this relevant? ⏎ What year(s) did this occur? ⏎ Who funded on behalf this President? ⏎ Why is this relevant? ⏎ What y","0","18","https://archive.4plebs.org/pol/thread/148181225/#148183670","","","","","","","","","UNREVIEWED"
"133","#133","4","p0133-s004","G_CERTIFIED_CONTEXT_NOT_PAINTED","House of Saud (6+++) - $4 Trillion+","1","PARTIAL_ONLY","37.93","0","18","29","(6+++) - $4 Trillion+","NO","namedEntity","namedEntity: ""House of Saud"" [68-81]","context","context: ""House of Saud (6+++) - $4 Trillion+""","NO","NO","","fragment_or_label","HIGH","LABEL_FRAGMENT_OR_DEVICE","short label, slogan, heading or symbolic device rather than a proposition","Hard to swallow. ⏎ Important to progress. ⏎ Who are the puppet masters?","Rothschild (6++) - $2 Trillion+ ⏎ Soros (6+) - $1 Trillion+ ⏎ Focus on above (3). ⏎ Public wealth disclosures – False. ⏎ Many governments of the world feed the ‘Eye’.  ⏎ Think slush funds (feeder). ⏎ Think war (feeder). ⏎ Think envir","68","103","https://archive.4plebs.org/pol/thread/149061733/#149063235","","","","","","","","","UNREVIEWED"
"133","#133","5","p0133-s005","G_CERTIFIED_CONTEXT_NOT_PAINTED","Rothschild (6++) - $2 Trillion+","1","PARTIAL_ONLY","37.04","0","17","27","(6++) - $2 Trillion+","NO","namedEntity","namedEntity: ""Rothschild"" [104-114]","context","context: ""Rothschild (6++) - $2 Trillion+""","NO","NO","","fragment_or_label","HIGH","LABEL_FRAGMENT_OR_DEVICE","short label, slogan, heading or symbolic device rather than a proposition","Hard to swallow. ⏎ Important to progress. ⏎ Who are the puppet masters? ⏎ House of Saud (6+++) - $4 Trillion+","Soros (6+) - $1 Trillion+ ⏎ Focus on above (3). ⏎ Public wealth disclosures – False. ⏎ Many governments of the world feed the ‘Eye’.  ⏎ Think slush funds (feeder). ⏎ Think war (feeder). ⏎ Think environmental pacts (feeder). ⏎ Triangl","104","135","https://archive.4plebs.org/pol/thread/149061733/#149063235","","","","","","","","","UNREVIEWED"
"133","#133","6","p0133-s006","G_CERTIFIED_CONTEXT_NOT_PAINTED","Soros (6+) - $1 Trillion+","1","PARTIAL_ONLY","23.81","0","16","21","(6+) - $1 Trillion+","NO","namedEntity","namedEntity: ""Soros"" [136-141]","context","context: ""Soros (6+) - $1 Trillion+""","NO","NO","","fragment_or_label","HIGH","LABEL_FRAGMENT_OR_DEVICE","short label, slogan, heading or symbolic device rather than a proposition","Hard to swallow. ⏎ Important to progress. ⏎ Who are the puppet masters? ⏎ House of Saud (6+++) - $4 Trillion+ ⏎ Rothschild (6++) - $2 Trillion+","Focus on above (3). ⏎ Public wealth disclosures – False. ⏎ Many governments of the world feed the ‘Eye’.  ⏎ Think slush funds (feeder). ⏎ Think war (feeder). ⏎ Think environmental pacts (feeder). ⏎ Triangle has (3) sides. ⏎ Eye of Pr","136","161","https://archive.4plebs.org/pol/thread/149061733/#149063235","","","","","","","","","UNREVIEWED"
"135","#135","2","p0135-s002","G_CERTIFIED_CONTEXT_NOT_PAINTED","Afghanistan: Bank of Afghanistan","1","PARTIAL_ONLY","75.86","0","7","29",": Bank of","NO","namedEntity","namedEntity: ""Afghanistan"" [37-48] || namedEntity: ""Afghanistan"" [58-69]","context","context: ""Afghanistan: Bank of Afghanistan""","NO","NO","","fragment_or_label","HIGH","LABEL_FRAGMENT_OR_DEVICE","short label, slogan, heading or symbolic device rather than a proposition","ROTHSCHILD OWNED & CONTROLLED BANKS:","Albania: Bank of Albania ⏎ Algeria: Bank of Algeria ⏎ Argentina: Central Bank of Argentina ⏎ Armenia: Central Bank of Armenia ⏎ Aruba: Central Bank of Aruba ⏎ Australia: Reserve Bank of Australia ⏎ Austria: Austrian National Bank ⏎ A","37","69","https://archive.4plebs.org/pol/thread/149061733/#149063400","","","","","","","","","UNREVIEWED"
"135","#135","3","p0135-s003","G_CERTIFIED_CONTEXT_NOT_PAINTED","Albania: Bank of Albania","1","UNHIGHLIGHTED","0","0","21","21","Albania: Bank of Albania","NO","","","context","context: ""Albania: Bank of Albania""","NO","NO","","fragment_or_label","HIGH","LABEL_FRAGMENT_OR_DEVICE","short label, slogan, heading or symbolic device rather than a proposition","ROTHSCHILD OWNED & CONTROLLED BANKS: ⏎ Afghanistan: Bank of Afghanistan","Algeria: Bank of Algeria ⏎ Argentina: Central Bank of Argentina ⏎ Armenia: Central Bank of Armenia ⏎ Aruba: Central Bank of Aruba ⏎ Australia: Reserve Bank of Australia ⏎ Austria: Austrian National Bank ⏎ Azerbaijan: Central Bank o","70","94","https://archive.4plebs.org/pol/thread/149061733/#149063400","","","","","","","","","UNREVIEWED"
"135","#135","4","p0135-s004","G_CERTIFIED_CONTEXT_NOT_PAINTED","Algeria: Bank of Algeria","1","UNHIGHLIGHTED","0","0","21","21","Algeria: Bank of Algeria","NO","","","context","context: ""Algeria: Bank of Algeria""","NO","NO","","fragment_or_label","HIGH","LABEL_FRAGMENT_OR_DEVICE","short label, slogan, heading or symbolic device rather than a proposition","ROTHSCHILD OWNED & CONTROLLED BANKS: ⏎ Afghanistan: Bank of Afghanistan ⏎ Albania: Bank of Albania","Argentina: Central Bank of Argentina ⏎ Armenia: Central Bank of Armenia ⏎ Aruba: Central Bank of Aruba ⏎ Australia: Reserve Bank of Australia ⏎ Austria: Austrian National Bank ⏎ Azerbaijan: Central Bank of Azerbaijan Republic ⏎ Bah","95","119","https://archive.4plebs.org/pol/thread/149061733/#149063400","","","","","","","","","UNREVIEWED"
"135","#135","5","p0135-s005","G_CERTIFIED_CONTEXT_NOT_PAINTED","Argentina: Central Bank of Argentina","1","PARTIAL_ONLY","34.38","0","21","32","Argentina: ⋯ of Argentina","NO","theme","theme: ""Central Bank"" [131-143]","context","context: ""Argentina: Central Bank of Argentina""","NO","NO","","fragment_or_label","HIGH","LABEL_FRAGMENT_OR_DEVICE","short label, slogan, heading or symbolic device rather than a proposition","ROTHSCHILD OWNED & CONTROLLED BANKS: ⏎ Afghanistan: Bank of Afghanistan ⏎ Albania: Bank of Albania ⏎ Algeria: Bank of Algeria","Armenia: Central Bank of Armenia ⏎ Aruba: Central Bank of Aruba ⏎ Australia: Reserve Bank of Australia ⏎ Austria: Austrian National Bank ⏎ Azerbaijan: Central Bank of Azerbaijan Republic ⏎ Bahamas: Central Bank of The Bahamas ⏎ Bah","120","156","https://archive.4plebs.org/pol/thread/149061733/#149063400","","","","","","","","","UNREVIEWED"
"135","#135","6","p0135-s006","G_CERTIFIED_CONTEXT_NOT_PAINTED","Armenia: Central Bank of Armenia","1","PARTIAL_ONLY","89.29","0","3","28",": ⋯ of","NO","namedEntity | theme","namedEntity: ""Armenia"" [157-164] || namedEntity: ""Armenia"" [182-189] || theme: ""Central Bank"" [166-178]","context","context: ""Armenia: Central Bank of Armenia""","NO","NO","","fragment_or_label","HIGH","LABEL_FRAGMENT_OR_DEVICE","short label, slogan, heading or symbolic device rather than a proposition","ROTHSCHILD OWNED & CONTROLLED BANKS: ⏎ Afghanistan: Bank of Afghanistan ⏎ Albania: Bank of Albania ⏎ Algeria: Bank of Algeria ⏎ Argentina: Central Bank of Argentina","Aruba: Central Bank of Aruba ⏎ Australia: Reserve Bank of Australia ⏎ Austria: Austrian National Bank ⏎ Azerbaijan: Central Bank of Azerbaijan Republic ⏎ Bahamas: Central Bank of The Bahamas ⏎ Bahrain: Central Bank of Bahrain ⏎ Ban","157","189","https://archive.4plebs.org/pol/thread/149061733/#149063400","","","","","","","","","UNREVIEWED"
"135","#135","7","p0135-s007","G_CERTIFIED_CONTEXT_NOT_PAINTED","Aruba: Central Bank of Aruba","1","PARTIAL_ONLY","45.83","0","13","24","Aruba: ⋯ of Aruba","NO","theme","theme: ""Central Bank"" [197-209]","context","context: ""Aruba: Central Bank of Aruba""","NO","NO","","fragment_or_label","HIGH","LABEL_FRAGMENT_OR_DEVICE","short label, slogan, heading or symbolic device rather than a proposition","ROTHSCHILD OWNED & CONTROLLED BANKS: ⏎ Afghanistan: Bank of Afghanistan ⏎ Albania: Bank of Albania ⏎ Algeria: Bank of Algeria ⏎ Argentina: Central Bank of Argentina ⏎ Armenia: Central Bank of Armenia","Australia: Reserve Bank of Australia ⏎ Austria: Austrian National Bank ⏎ Azerbaijan: Central Bank of Azerbaijan Republic ⏎ Bahamas: Central Bank of The Bahamas ⏎ Bahrain: Central Bank of Bahrain ⏎ Bangladesh: Bangladesh Bank ⏎ Barb","190","218","https://archive.4plebs.org/pol/thread/149061733/#149063400","","","","","","","","","UNREVIEWED"
"135","#135","8","p0135-s008","G_CERTIFIED_CONTEXT_NOT_PAINTED","Australia: Reserve Bank of Australia","1","PARTIAL_ONLY","56.25","0","14","32",": Reserve Bank of","NO","namedEntity","namedEntity: ""Australia"" [219-228] || namedEntity: ""Australia"" [246-255]","context","context: ""Australia: Reserve Bank of Australia""","NO","NO","","fragment_or_label","HIGH","LABEL_FRAGMENT_OR_DEVICE","short label, slogan, heading or symbolic device rather than a proposition","ROTHSCHILD OWNED & CONTROLLED BANKS: ⏎ Afghanistan: Bank of Afghanistan ⏎ Albania: Bank of Albania ⏎ Algeria: Bank of Algeria ⏎ Argentina: Central Bank of Argentina ⏎ Armenia: Central Bank of Armenia ⏎ Aruba: Central Bank of Aruba","Austria: Austrian National Bank ⏎ Azerbaijan: Central Bank of Azerbaijan Republic ⏎ Bahamas: Central Bank of The Bahamas ⏎ Bahrain: Central Bank of Bahrain ⏎ Bangladesh: Bangladesh Bank ⏎ Barbados: Central Bank of Barbados ⏎ Belaru","219","255","https://archive.4plebs.org/pol/thread/149061733/#149063400","","","","","","","","","UNREVIEWED"
"135","#135","9","p0135-s009","G_CERTIFIED_CONTEXT_NOT_PAINTED","Austria: Austrian National Bank","1","PARTIAL_ONLY","25","0","21","28",": Austrian National Bank","NO","namedEntity","namedEntity: ""Austria"" [256-263]","context","context: ""Austria: Austrian National Bank""","NO","NO","","fragment_or_label","HIGH","LABEL_FRAGMENT_OR_DEVICE","short label, slogan, heading or symbolic device rather than a proposition","Afghanistan: Bank of Afghanistan ⏎ Albania: Bank of Albania ⏎ Algeria: Bank of Algeria ⏎ Argentina: Central Bank of Argentina ⏎ Armenia: Central Bank of Armenia ⏎ Aruba: Central Bank of Aruba ⏎ Australia: Reserve Bank of Australia","Azerbaijan: Central Bank of Azerbaijan Republic ⏎ Bahamas: Central Bank of The Bahamas ⏎ Bahrain: Central Bank of Bahrain ⏎ Bangladesh: Bangladesh Bank ⏎ Barbados: Central Bank of Barbados ⏎ Belarus: National Bank of the Republic","256","287","https://archive.4plebs.org/pol/thread/149061733/#149063400","","","","","","","","","UNREVIEWED"
"135","#135","10","p0135-s010","G_CERTIFIED_CONTEXT_NOT_PAINTED","Azerbaijan: Central Bank of Azerbaijan Republic","1","PARTIAL_ONLY","26.19","0","31","42","Azerbaijan: ⋯ of Azerbaijan Republic","NO","theme","theme: ""Central Bank"" [300-312]","context","context: ""Azerbaijan: Central Bank of Azerbaijan Republic""","NO","NO","","fragment_or_label","HIGH","LABEL_FRAGMENT_OR_DEVICE","short label, slogan, heading or symbolic device rather than a proposition","n ⏎ Albania: Bank of Albania ⏎ Algeria: Bank of Algeria ⏎ Argentina: Central Bank of Argentina ⏎ Armenia: Central Bank of Armenia ⏎ Aruba: Central Bank of Aruba ⏎ Australia: Reserve Bank of Australia ⏎ Austria: Austrian National Bank","Bahamas: Central Bank of The Bahamas ⏎ Bahrain: Central Bank of Bahrain ⏎ Bangladesh: Bangladesh Bank ⏎ Barbados: Central Bank of Barbados ⏎ Belarus: National Bank of the Republic of Belarus ⏎ Belgium: National Bank of Belgium ⏎ Be","288","335","https://archive.4plebs.org/pol/thread/149061733/#149063400","","","","","","","","","UNREVIEWED"
"135","#135","11","p0135-s011","G_CERTIFIED_CONTEXT_NOT_PAINTED","Bahamas: Central Bank of The Bahamas","1","PARTIAL_ONLY","35.48","0","20","31","Bahamas: ⋯ of The Bahamas","NO","theme","theme: ""Central Bank"" [345-357]","context","context: ""Bahamas: Central Bank of The Bahamas""","NO","NO","","fragment_or_label","HIGH","LABEL_FRAGMENT_OR_DEVICE","short label, slogan, heading or symbolic device rather than a proposition","ria ⏎ Argentina: Central Bank of Argentina ⏎ Armenia: Central Bank of Armenia ⏎ Aruba: Central Bank of Aruba ⏎ Australia: Reserve Bank of Australia ⏎ Austria: Austrian National Bank ⏎ Azerbaijan: Central Bank of Azerbaijan Republic","Bahrain: Central Bank of Bahrain ⏎ Bangladesh: Bangladesh Bank ⏎ Barbados: Central Bank of Barbados ⏎ Belarus: National Bank of the Republic of Belarus ⏎ Belgium: National Bank of Belgium ⏎ Belize: Central Bank of Belize ⏎ Benin: C","336","372","https://archive.4plebs.org/pol/thread/149061733/#149063400","","","","","","","","","UNREVIEWED"
"135","#135","12","p0135-s012","G_CERTIFIED_CONTEXT_NOT_PAINTED","Bahrain: Central Bank of Bahrain","1","PARTIAL_ONLY","39.29","0","17","28","Bahrain: ⋯ of Bahrain","NO","theme","theme: ""Central Bank"" [382-394]","context","context: ""Bahrain: Central Bank of Bahrain""","NO","NO","","fragment_or_label","HIGH","LABEL_FRAGMENT_OR_DEVICE","short label, slogan, heading or symbolic device rather than a proposition","ina ⏎ Armenia: Central Bank of Armenia ⏎ Aruba: Central Bank of Aruba ⏎ Australia: Reserve Bank of Australia ⏎ Austria: Austrian National Bank ⏎ Azerbaijan: Central Bank of Azerbaijan Republic ⏎ Bahamas: Central Bank of The Bahamas","Bangladesh: Bangladesh Bank ⏎ Barbados: Central Bank of Barbados ⏎ Belarus: National Bank of the Republic of Belarus ⏎ Belgium: National Bank of Belgium ⏎ Belize: Central Bank of Belize ⏎ Benin: Central Bank of West African State","373","405","https://archive.4plebs.org/pol/thread/149061733/#149063400","","","","","","","","","UNREVIEWED"
"135","#135","13","p0135-s013","G_CERTIFIED_CONTEXT_NOT_PAINTED","Bangladesh: Bangladesh Bank","1","UNHIGHLIGHTED","0","0","25","25","Bangladesh: Bangladesh Bank","NO","","","context","context: ""Bangladesh: Bangladesh Bank""","NO","NO","","fragment_or_label","HIGH","LABEL_FRAGMENT_OR_DEVICE","short label, slogan, heading or symbolic device rather than a proposition","nia ⏎ Aruba: Central Bank of Aruba ⏎ Australia: Reserve Bank of Australia ⏎ Austria: Austrian National Bank ⏎ Azerbaijan: Central Bank of Azerbaijan Republic ⏎ Bahamas: Central Bank of The Bahamas ⏎ Bahrain: Central Bank of Bahrain","Barbados: Central Bank of Barbados ⏎ Belarus: National Bank of the Republic of Belarus ⏎ Belgium: National Bank of Belgium ⏎ Belize: Central Bank of Belize ⏎ Benin: Central Bank of West African States (BCEAO) ⏎ Bermuda: Bermuda M","406","433","https://archive.4plebs.org/pol/thread/149061733/#149063400","","","","","","","","","UNREVIEWED"
"135","#135","14","p0135-s014","G_CERTIFIED_CONTEXT_NOT_PAINTED","Barbados: Central Bank of Barbados","1","PARTIAL_ONLY","36.67","0","19","30","Barbados: ⋯ of Barbados","NO","theme","theme: ""Central Bank"" [444-456]","context","context: ""Barbados: Central Bank of Barbados""","NO","NO","","fragment_or_label","HIGH","LABEL_FRAGMENT_OR_DEVICE","short label, slogan, heading or symbolic device rather than a proposition","ruba ⏎ Australia: Reserve Bank of Australia ⏎ Austria: Austrian National Bank ⏎ Azerbaijan: Central Bank of Azerbaijan Republic ⏎ Bahamas: Central Bank of The Bahamas ⏎ Bahrain: Central Bank of Bahrain ⏎ Bangladesh: Bangladesh Bank","Belarus: National Bank of the Republic of Belarus ⏎ Belgium: National Bank of Belgium ⏎ Belize: Central Bank of Belize ⏎ Benin: Central Bank of West African States (BCEAO) ⏎ Bermuda: Bermuda Monetary Authority ⏎ Bhutan: Royal Mon","434","468","https://archive.4plebs.org/pol/thread/149061733/#149063400","","","","","","","","","UNREVIEWED"
"135","#135","16","p0135-s016","G_CERTIFIED_CONTEXT_NOT_PAINTED","Belgium: National Bank of Belgium","1","PARTIAL_ONLY","48.28","0","15","29",": National Bank of","NO","namedEntity","namedEntity: ""Belgium"" [519-526] || namedEntity: ""Belgium"" [545-552]","context","context: ""Belgium: National Bank of Belgium""","NO","NO","","fragment_or_label","HIGH","LABEL_FRAGMENT_OR_DEVICE","short label, slogan, heading or symbolic device rather than a proposition","Central Bank of Azerbaijan Republic ⏎ Bahamas: Central Bank of The Bahamas ⏎ Bahrain: Central Bank of Bahrain ⏎ Bangladesh: Bangladesh Bank ⏎ Barbados: Central Bank of Barbados ⏎ Belarus: National Bank of the Republic of Belarus","Belize: Central Bank of Belize ⏎ Benin: Central Bank of West African States (BCEAO) ⏎ Bermuda: Bermuda Monetary Authority ⏎ Bhutan: Royal Monetary Authority of Bhutan ⏎ Bolivia: Central Bank of Bolivia ⏎ Bosnia: Central Bank of B","519","552","https://archive.4plebs.org/pol/thread/149061733/#149063400","","","","","","","","","UNREVIEWED"
"135","#135","17","p0135-s017","G_CERTIFIED_CONTEXT_NOT_PAINTED","Belize: Central Bank of Belize","1","PARTIAL_ONLY","42.31","0","15","26","Belize: ⋯ of Belize","NO","theme","theme: ""Central Bank"" [561-573]","context","context: ""Belize: Central Bank of Belize""","NO","NO","","fragment_or_label","HIGH","LABEL_FRAGMENT_OR_DEVICE","short label, slogan, heading or symbolic device rather than a proposition","ic ⏎ Bahamas: Central Bank of The Bahamas ⏎ Bahrain: Central Bank of Bahrain ⏎ Bangladesh: Bangladesh Bank ⏎ Barbados: Central Bank of Barbados ⏎ Belarus: National Bank of the Republic of Belarus ⏎ Belgium: National Bank of Belgium","Benin: Central Bank of West African States (BCEAO) ⏎ Bermuda: Bermuda Monetary Authority ⏎ Bhutan: Royal Monetary Authority of Bhutan ⏎ Bolivia: Central Bank of Bolivia ⏎ Bosnia: Central Bank of Bosnia and Herzegovina ⏎ Botswana:","553","583","https://archive.4plebs.org/pol/thread/149061733/#149063400","","","","","","","","","UNREVIEWED"
"135","#135","19","p0135-s019","G_CERTIFIED_CONTEXT_NOT_PAINTED","Bermuda: Bermuda Monetary Authority","1","UNHIGHLIGHTED","0","0","32","32","Bermuda: Bermuda Monetary Authority","NO","","","context","context: ""Bermuda: Bermuda Monetary Authority""","NO","NO","","fragment_or_label","HIGH","LABEL_FRAGMENT_OR_DEVICE","short label, slogan, heading or symbolic device rather than a proposition","h: Bangladesh Bank ⏎ Barbados: Central Bank of Barbados ⏎ Belarus: National Bank of the Republic of Belarus ⏎ Belgium: National Bank of Belgium ⏎ Belize: Central Bank of Belize ⏎ Benin: Central Bank of West African States (BCEAO)","Bhutan: Royal Monetary Authority of Bhutan ⏎ Bolivia: Central Bank of Bolivia ⏎ Bosnia: Central Bank of Bosnia and Herzegovina ⏎ Botswana: Bank of Botswana ⏎ Brazil: Central Bank of Brazil ⏎ Bulgaria: Bulgarian National Bank ⏎ Burk","635","670","https://archive.4plebs.org/pol/thread/149061733/#149063400","","","","","","","","","UNREVIEWED"
"135","#135","20","p0135-s020","G_CERTIFIED_CONTEXT_NOT_PAINTED","Bhutan: Royal Monetary Authority of Bhutan","1","UNHIGHLIGHTED","0","0","37","37","Bhutan: Royal Monetary Authority of Bhutan","NO","","","context","context: ""Bhutan: Royal Monetary Authority of Bhutan""","NO","NO","","fragment_or_label","HIGH","LABEL_FRAGMENT_OR_DEVICE","short label, slogan, heading or symbolic device rather than a proposition","Bank of Barbados ⏎ Belarus: National Bank of the Republic of Belarus ⏎ Belgium: National Bank of Belgium ⏎ Belize: Central Bank of Belize ⏎ Benin: Central Bank of West African States (BCEAO) ⏎ Bermuda: Bermuda Monetary Authority","Bolivia: Central Bank of Bolivia ⏎ Bosnia: Central Bank of Bosnia and Herzegovina ⏎ Botswana: Bank of Botswana ⏎ Brazil: Central Bank of Brazil ⏎ Bulgaria: Bulgarian National Bank ⏎ Burkina Faso: Central Bank of West African Stat","671","713","https://archive.4plebs.org/pol/thread/149061733/#149063400","","","","","","","","","UNREVIEWED"
"135","#135","21","p0135-s021","G_CERTIFIED_CONTEXT_NOT_PAINTED","Bolivia: Central Bank of Bolivia","1","PARTIAL_ONLY","39.29","0","17","28","Bolivia: ⋯ of Bolivia","NO","theme","theme: ""Central Bank"" [723-735]","context","context: ""Bolivia: Central Bank of Bolivia""","NO","NO","","fragment_or_label","HIGH","LABEL_FRAGMENT_OR_DEVICE","short label, slogan, heading or symbolic device rather than a proposition","the Republic of Belarus ⏎ Belgium: National Bank of Belgium ⏎ Belize: Central Bank of Belize ⏎ Benin: Central Bank of West African States (BCEAO) ⏎ Bermuda: Bermuda Monetary Authority ⏎ Bhutan: Royal Monetary Authority of Bhutan","Bosnia: Central Bank of Bosnia and Herzegovina ⏎ Botswana: Bank of Botswana ⏎ Brazil: Central Bank of Brazil ⏎ Bulgaria: Bulgarian National Bank ⏎ Burkina Faso: Central Bank of West African States (BCEAO) ⏎ Burundi: Bank of the R","714","746","https://archive.4plebs.org/pol/thread/149061733/#149063400","","","","","","","","","UNREVIEWED"
"135","#135","23","p0135-s023","G_CERTIFIED_CONTEXT_NOT_PAINTED","Botswana: Bank of Botswana","1","UNHIGHLIGHTED","0","0","23","23","Botswana: Bank of Botswana","NO","","","context","context: ""Botswana: Bank of Botswana""","NO","NO","","fragment_or_label","HIGH","LABEL_FRAGMENT_OR_DEVICE","short label, slogan, heading or symbolic device rather than a proposition","of Belize ⏎ Benin: Central Bank of West African States (BCEAO) ⏎ Bermuda: Bermuda Monetary Authority ⏎ Bhutan: Royal Monetary Authority of Bhutan ⏎ Bolivia: Central Bank of Bolivia ⏎ Bosnia: Central Bank of Bosnia and Herzegovina","Brazil: Central Bank of Brazil ⏎ Bulgaria: Bulgarian National Bank ⏎ Burkina Faso: Central Bank of West African States (BCEAO) ⏎ Burundi: Bank of the Republic of Burundi ⏎ Cambodia: National Bank of Cambodia ⏎ Came Roon: Bank of","794","820","https://archive.4plebs.org/pol/thread/149061733/#149063400","","","","","","","","","UNREVIEWED"
"135","#135","24","p0135-s024","G_CERTIFIED_CONTEXT_NOT_PAINTED","Brazil: Central Bank of Brazil","1","PARTIAL_ONLY","88.46","0","3","26",": ⋯ of","NO","namedEntity | theme","namedEntity: ""Brazil"" [821-827] || namedEntity: ""Brazil"" [845-851] || theme: ""Central Bank"" [829-841]","context","context: ""Brazil: Central Bank of Brazil""","NO","NO","","fragment_or_label","HIGH","LABEL_FRAGMENT_OR_DEVICE","short label, slogan, heading or symbolic device rather than a proposition","nk of West African States (BCEAO) ⏎ Bermuda: Bermuda Monetary Authority ⏎ Bhutan: Royal Monetary Authority of Bhutan ⏎ Bolivia: Central Bank of Bolivia ⏎ Bosnia: Central Bank of Bosnia and Herzegovina ⏎ Botswana: Bank of Botswana","Bulgaria: Bulgarian National Bank ⏎ Burkina Faso: Central Bank of West African States (BCEAO) ⏎ Burundi: Bank of the Republic of Burundi ⏎ Cambodia: National Bank of Cambodia ⏎ Came Roon: Bank of Central African States ⏎ Canada:","821","851","https://archive.4plebs.org/pol/thread/149061733/#149063400","","","","","","","","","UNREVIEWED"
"135","#135","25","p0135-s025","G_CERTIFIED_CONTEXT_NOT_PAINTED","Bulgaria: Bulgarian National Bank","1","UNHIGHLIGHTED","0","0","30","30","Bulgaria: Bulgarian National Bank","NO","","","context","context: ""Bulgaria: Bulgarian National Bank""","NO","NO","","fragment_or_label","HIGH","LABEL_FRAGMENT_OR_DEVICE","short label, slogan, heading or symbolic device rather than a proposition","O) ⏎ Bermuda: Bermuda Monetary Authority ⏎ Bhutan: Royal Monetary Authority of Bhutan ⏎ Bolivia: Central Bank of Bolivia ⏎ Bosnia: Central Bank of Bosnia and Herzegovina ⏎ Botswana: Bank of Botswana ⏎ Brazil: Central Bank of Brazil","Burkina Faso: Central Bank of West African States (BCEAO) ⏎ Burundi: Bank of the Republic of Burundi ⏎ Cambodia: National Bank of Cambodia ⏎ Came Roon: Bank of Central African States ⏎ Canada: Bank of Canada – Banque du Canada","852","885","https://archive.4plebs.org/pol/thread/149061733/#149063400","","","","","","","","","UNREVIEWED"
"135","#135","27","p0135-s027","G_CERTIFIED_CONTEXT_NOT_PAINTED","Burundi: Bank of the Republic of Burundi","1","UNHIGHLIGHTED","0","0","34","34","Burundi: Bank of the Republic of Burundi","NO","","","context","context: ""Burundi: Bank of the Republic of Burundi""","NO","NO","","fragment_or_label","HIGH","LABEL_FRAGMENT_OR_DEVICE","short label, slogan, heading or symbolic device rather than a proposition","entral Bank of Bolivia ⏎ Bosnia: Central Bank of Bosnia and Herzegovina ⏎ Botswana: Bank of Botswana ⏎ Brazil: Central Bank of Brazil ⏎ Bulgaria: Bulgarian National Bank ⏎ Burkina Faso: Central Bank of West African States (BCEAO)","Cambodia: National Bank of Cambodia ⏎ Came Roon: Bank of Central African States ⏎ Canada: Bank of Canada – Banque du Canada","944","984","https://archive.4plebs.org/pol/thread/149061733/#149063400","","","","","","","","","UNREVIEWED"
"135","#135","28","p0135-s028","G_CERTIFIED_CONTEXT_NOT_PAINTED","Cambodia: National Bank of Cambodia","1","UNHIGHLIGHTED","0","0","31","31","Cambodia: National Bank of Cambodia","NO","","","context","context: ""Cambodia: National Bank of Cambodia""","NO","NO","","fragment_or_label","HIGH","LABEL_FRAGMENT_OR_DEVICE","short label, slogan, heading or symbolic device rather than a proposition","nk of Bosnia and Herzegovina ⏎ Botswana: Bank of Botswana ⏎ Brazil: Central Bank of Brazil ⏎ Bulgaria: Bulgarian National Bank ⏎ Burkina Faso: Central Bank of West African States (BCEAO) ⏎ Burundi: Bank of the Republic of Burundi","Came Roon: Bank of Central African States ⏎ Canada: Bank of Canada – Banque du Canada","985","1020","https://archive.4plebs.org/pol/thread/149061733/#149063400","","","","","","","","","UNREVIEWED"
"135","#135","30","p0135-s030","G_CERTIFIED_CONTEXT_NOT_PAINTED","Canada: Bank of Canada – Banque du Canada","1","PARTIAL_ONLY","52.94","0","16","34",": Bank of ⋯ – Banque du","NO","namedEntity","namedEntity: ""Canada"" [1063-1069] || namedEntity: ""Canada"" [1079-1085] || namedEntity: ""Canada"" [1098-1104]","context","context: ""Canada: Bank of Canada – Banque du Canada""","NO","NO","","fragment_or_label","HIGH","LABEL_FRAGMENT_OR_DEVICE","short label, slogan, heading or symbolic device rather than a proposition","f Brazil ⏎ Bulgaria: Bulgarian National Bank ⏎ Burkina Faso: Central Bank of West African States (BCEAO) ⏎ Burundi: Bank of the Republic of Burundi ⏎ Cambodia: National Bank of Cambodia ⏎ Came Roon: Bank of Central African States","","1063","1104","https://archive.4plebs.org/pol/thread/149061733/#149063400","","","","","","","","","UNREVIEWED"
"136","#136","1","p0136-s001","G_CERTIFIED_CONTEXT_NOT_PAINTED","Cayman Islands: Cayman Islands Monetary Authority","1","PARTIAL_ONLY","59.09","0","18","44",": ⋯ Monetary Authority","NO","namedEntity","namedEntity: ""Cayman Islands"" [0-14] || namedEntity: ""Cayman Islands"" [16-30]","context","context: ""Cayman Islands: Cayman Islands Monetary Authority""","NO","NO","","fragment_or_label","HIGH","LABEL_FRAGMENT_OR_DEVICE","short label, slogan, heading or symbolic device rather than a proposition","","Central African Republic: Bank of Central African States ⏎ Chad: Bank of Central African States ⏎ Chile: Central Bank of Chile ⏎ China: The People’s Bank of China ⏎ Colombia: Bank of the Republic ⏎ Comoros: Central Bank of Comoro","0","49","https://archive.4plebs.org/pol/thread/149061733/#149063442","","","","","","","","","UNREVIEWED"
"136","#136","3","p0136-s003","G_CERTIFIED_CONTEXT_NOT_PAINTED","Chad: Bank of Central African States","1","UNHIGHLIGHTED","0","0","31","31","Chad: Bank of Central African States","NO","","","context","context: ""Chad: Bank of Central African States""","NO","NO","","fragment_or_label","HIGH","LABEL_FRAGMENT_OR_DEVICE","short label, slogan, heading or symbolic device rather than a proposition","Cayman Islands: Cayman Islands Monetary Authority ⏎ Central African Republic: Bank of Central African States","Chile: Central Bank of Chile ⏎ China: The People’s Bank of China ⏎ Colombia: Bank of the Republic ⏎ Comoros: Central Bank of Comoros ⏎ Congo: Bank of Central African States ⏎ Costa Rica: Central Bank of Costa Rica ⏎ Côte d’Ivoire:","107","143","https://archive.4plebs.org/pol/thread/149061733/#149063442","","","","","","","","","UNREVIEWED"
"136","#136","4","p0136-s004","G_CERTIFIED_CONTEXT_NOT_PAINTED","Chile: Central Bank of Chile","1","PARTIAL_ONLY","45.83","0","13","24","Chile: ⋯ of Chile","NO","theme","theme: ""Central Bank"" [151-163]","context","context: ""Chile: Central Bank of Chile""","NO","NO","","fragment_or_label","HIGH","LABEL_FRAGMENT_OR_DEVICE","short label, slogan, heading or symbolic device rather than a proposition","Cayman Islands: Cayman Islands Monetary Authority ⏎ Central African Republic: Bank of Central African States ⏎ Chad: Bank of Central African States","China: The People’s Bank of China ⏎ Colombia: Bank of the Republic ⏎ Comoros: Central Bank of Comoros ⏎ Congo: Bank of Central African States ⏎ Costa Rica: Central Bank of Costa Rica ⏎ Côte d’Ivoire: Central Bank of West African","144","172","https://archive.4plebs.org/pol/thread/149061733/#149063442","","","","","","","","","UNREVIEWED"
"136","#136","5","p0136-s005","G_CERTIFIED_CONTEXT_NOT_PAINTED","China: The People’s Bank of China","1","PARTIAL_ONLY","35.71","0","18","28",": The People’s Bank of","NO","namedEntity","namedEntity: ""China"" [173-178] || namedEntity: ""China"" [201-206] || namedEntity: ""China"" [173-178] || namedEntity: ""China"" [201-206]","context","context: ""China: The People’s Bank of China""","NO","NO","","fragment_or_label","HIGH","LABEL_FRAGMENT_OR_DEVICE","short label, slogan, heading or symbolic device rather than a proposition","Cayman Islands: Cayman Islands Monetary Authority ⏎ Central African Republic: Bank of Central African States ⏎ Chad: Bank of Central African States ⏎ Chile: Central Bank of Chile","Colombia: Bank of the Republic ⏎ Comoros: Central Bank of Comoros ⏎ Congo: Bank of Central African States ⏎ Costa Rica: Central Bank of Costa Rica ⏎ Côte d’Ivoire: Central Bank of West African States (BCEAO) ⏎ Croatia: Croatian N","173","206","https://archive.4plebs.org/pol/thread/149061733/#149063442","","","","","","","","","UNREVIEWED"
"136","#136","6","p0136-s006","G_CERTIFIED_CONTEXT_NOT_PAINTED","Colombia: Bank of the Republic","1","UNHIGHLIGHTED","0","0","26","26","Colombia: Bank of the Republic","NO","","","context","context: ""Colombia: Bank of the Republic""","NO","NO","","fragment_or_label","HIGH","LABEL_FRAGMENT_OR_DEVICE","short label, slogan, heading or symbolic device rather than a proposition","Cayman Islands: Cayman Islands Monetary Authority ⏎ Central African Republic: Bank of Central African States ⏎ Chad: Bank of Central African States ⏎ Chile: Central Bank of Chile ⏎ China: The People’s Bank of China","Comoros: Central Bank of Comoros ⏎ Congo: Bank of Central African States ⏎ Costa Rica: Central Bank of Costa Rica ⏎ Côte d’Ivoire: Central Bank of West African States (BCEAO) ⏎ Croatia: Croatian National Bank ⏎ Cuba: Central Bank","207","237","https://archive.4plebs.org/pol/thread/149061733/#149063442","","","","","","","","","UNREVIEWED"
"136","#136","7","p0136-s007","G_CERTIFIED_CONTEXT_NOT_PAINTED","Comoros: Central Bank of Comoros","1","PARTIAL_ONLY","39.29","0","17","28","Comoros: ⋯ of Comoros","NO","theme","theme: ""Central Bank"" [247-259]","context","context: ""Comoros: Central Bank of Comoros""","NO","NO","","fragment_or_label","HIGH","LABEL_FRAGMENT_OR_DEVICE","short label, slogan, heading or symbolic device rather than a proposition","yman Islands Monetary Authority ⏎ Central African Republic: Bank of Central African States ⏎ Chad: Bank of Central African States ⏎ Chile: Central Bank of Chile ⏎ China: The People’s Bank of China ⏎ Colombia: Bank of the Republic","Congo: Bank of Central African States ⏎ Costa Rica: Central Bank of Costa Rica ⏎ Côte d’Ivoire: Central Bank of West African States (BCEAO) ⏎ Croatia: Croatian National Bank ⏎ Cuba: Central Bank of Cuba ⏎ Cyprus: Central Bank of","238","270","https://archive.4plebs.org/pol/thread/149061733/#149063442","","","","","","","","","UNREVIEWED"
"136","#136","8","p0136-s008","G_CERTIFIED_CONTEXT_NOT_PAINTED","Congo: Bank of Central African States","1","UNHIGHLIGHTED","0","0","32","32","Congo: Bank of Central African States","NO","","","context","context: ""Congo: Bank of Central African States""","NO","NO","","fragment_or_label","HIGH","LABEL_FRAGMENT_OR_DEVICE","short label, slogan, heading or symbolic device rather than a proposition","entral African Republic: Bank of Central African States ⏎ Chad: Bank of Central African States ⏎ Chile: Central Bank of Chile ⏎ China: The People’s Bank of China ⏎ Colombia: Bank of the Republic ⏎ Comoros: Central Bank of Comoros","Costa Rica: Central Bank of Costa Rica ⏎ Côte d’Ivoire: Central Bank of West African States (BCEAO) ⏎ Croatia: Croatian National Bank ⏎ Cuba: Central Bank of Cuba ⏎ Cyprus: Central Bank of Cyprus ⏎ Czech Republic: Czech National","271","308","https://archive.4plebs.org/pol/thread/149061733/#149063442","","","","","","","","","UNREVIEWED"
"136","#136","9","p0136-s009","G_CERTIFIED_CONTEXT_NOT_PAINTED","Costa Rica: Central Bank of Costa Rica","1","PARTIAL_ONLY","90.63","0","3","32",": ⋯ of","NO","namedEntity | theme","namedEntity: ""Costa Rica"" [309-319] || namedEntity: ""Costa Rica"" [337-347] || theme: ""Central Bank"" [321-333]","context","context: ""Costa Rica: Central Bank of Costa Rica""","NO","NO","","fragment_or_label","HIGH","LABEL_FRAGMENT_OR_DEVICE","short label, slogan, heading or symbolic device rather than a proposition","al African States ⏎ Chad: Bank of Central African States ⏎ Chile: Central Bank of Chile ⏎ China: The People’s Bank of China ⏎ Colombia: Bank of the Republic ⏎ Comoros: Central Bank of Comoros ⏎ Congo: Bank of Central African States","Côte d’Ivoire: Central Bank of West African States (BCEAO) ⏎ Croatia: Croatian National Bank ⏎ Cuba: Central Bank of Cuba ⏎ Cyprus: Central Bank of Cyprus ⏎ Czech Republic: Czech National Bank ⏎ Denmark: National Bank of Denmark","309","347","https://archive.4plebs.org/pol/thread/149061733/#149063442","","","","","","","","","UNREVIEWED"
"136","#136","11","p0136-s011","G_CERTIFIED_CONTEXT_NOT_PAINTED","Croatia: Croatian National Bank","1","UNHIGHLIGHTED","0","0","28","28","Croatia: Croatian National Bank","NO","","","context","context: ""Croatia: Croatian National Bank""","NO","NO","","fragment_or_label","HIGH","LABEL_FRAGMENT_OR_DEVICE","short label, slogan, heading or symbolic device rather than a proposition","ple’s Bank of China ⏎ Colombia: Bank of the Republic ⏎ Comoros: Central Bank of Comoros ⏎ Congo: Bank of Central African States ⏎ Costa Rica: Central Bank of Costa Rica ⏎ Côte d’Ivoire: Central Bank of West African States (BCEAO)","Cuba: Central Bank of Cuba ⏎ Cyprus: Central Bank of Cyprus ⏎ Czech Republic: Czech National Bank ⏎ Denmark: National Bank of Denmark ⏎ Dominican Republic: Central Bank of the Dominican Republic ⏎ East Caribbean area: Eastern Car","407","438","https://archive.4plebs.org/pol/thread/149061733/#149063442","","","","","","","","","UNREVIEWED"
"136","#136","12","p0136-s012","G_CERTIFIED_CONTEXT_NOT_PAINTED","Cuba: Central Bank of Cuba","1","PARTIAL_ONLY","86.36","0","3","22",": ⋯ of","NO","namedEntity | theme","namedEntity: ""Cuba"" [439-443] || namedEntity: ""Cuba"" [461-465] || theme: ""Central Bank"" [445-457]","context","context: ""Cuba: Central Bank of Cuba""","NO","NO","","fragment_or_label","HIGH","LABEL_FRAGMENT_OR_DEVICE","short label, slogan, heading or symbolic device rather than a proposition","nk of the Republic ⏎ Comoros: Central Bank of Comoros ⏎ Congo: Bank of Central African States ⏎ Costa Rica: Central Bank of Costa Rica ⏎ Côte d’Ivoire: Central Bank of West African States (BCEAO) ⏎ Croatia: Croatian National Bank","Cyprus: Central Bank of Cyprus ⏎ Czech Republic: Czech National Bank ⏎ Denmark: National Bank of Denmark ⏎ Dominican Republic: Central Bank of the Dominican Republic ⏎ East Caribbean area: Eastern Caribbean Central Bank ⏎ Ecuador","439","465","https://archive.4plebs.org/pol/thread/149061733/#149063442","","","","","","","","","UNREVIEWED"
"136","#136","13","p0136-s013","G_CERTIFIED_CONTEXT_NOT_PAINTED","Cyprus: Central Bank of Cyprus","1","PARTIAL_ONLY","42.31","0","15","26","Cyprus: ⋯ of Cyprus","NO","theme","theme: ""Central Bank"" [474-486]","context","context: ""Cyprus: Central Bank of Cyprus""","NO","NO","","fragment_or_label","HIGH","LABEL_FRAGMENT_OR_DEVICE","short label, slogan, heading or symbolic device rather than a proposition","Central Bank of Comoros ⏎ Congo: Bank of Central African States ⏎ Costa Rica: Central Bank of Costa Rica ⏎ Côte d’Ivoire: Central Bank of West African States (BCEAO) ⏎ Croatia: Croatian National Bank ⏎ Cuba: Central Bank of Cuba","Czech Republic: Czech National Bank ⏎ Denmark: National Bank of Denmark ⏎ Dominican Republic: Central Bank of the Dominican Republic ⏎ East Caribbean area: Eastern Caribbean Central Bank ⏎ Ecuador: Central Bank of Ecuador ⏎ Egypt","466","496","https://archive.4plebs.org/pol/thread/149061733/#149063442","","","","","","","","","UNREVIEWED"
"136","#136","14","p0136-s014","G_CERTIFIED_CONTEXT_NOT_PAINTED","Czech Republic: Czech National Bank","1","PARTIAL_ONLY","41.94","0","18","31",": Czech National Bank","NO","namedEntity","namedEntity: ""Czech Republic"" [497-511]","context","context: ""Czech Republic: Czech National Bank""","NO","NO","","fragment_or_label","HIGH","LABEL_FRAGMENT_OR_DEVICE","short label, slogan, heading or symbolic device rather than a proposition","Bank of Central African States ⏎ Costa Rica: Central Bank of Costa Rica ⏎ Côte d’Ivoire: Central Bank of West African States (BCEAO) ⏎ Croatia: Croatian National Bank ⏎ Cuba: Central Bank of Cuba ⏎ Cyprus: Central Bank of Cyprus","Denmark: National Bank of Denmark ⏎ Dominican Republic: Central Bank of the Dominican Republic ⏎ East Caribbean area: Eastern Caribbean Central Bank ⏎ Ecuador: Central Bank of Ecuador ⏎ Egypt: Central Bank of Egypt ⏎ El Salvador:","497","532","https://archive.4plebs.org/pol/thread/149061733/#149063442","","","","","","","","","UNREVIEWED"
"136","#136","15","p0136-s015","G_CERTIFIED_CONTEXT_NOT_PAINTED","Denmark: National Bank of Denmark","1","UNHIGHLIGHTED","0","0","29","29","Denmark: National Bank of Denmark","NO","","","context","context: ""Denmark: National Bank of Denmark""","NO","NO","","fragment_or_label","HIGH","LABEL_FRAGMENT_OR_DEVICE","short label, slogan, heading or symbolic device rather than a proposition","a Rica: Central Bank of Costa Rica ⏎ Côte d’Ivoire: Central Bank of West African States (BCEAO) ⏎ Croatia: Croatian National Bank ⏎ Cuba: Central Bank of Cuba ⏎ Cyprus: Central Bank of Cyprus ⏎ Czech Republic: Czech National Bank","Dominican Republic: Central Bank of the Dominican Republic ⏎ East Caribbean area: Eastern Caribbean Central Bank ⏎ Ecuador: Central Bank of Ecuador ⏎ Egypt: Central Bank of Egypt ⏎ El Salvador: Central Reserve Bank of El Salvad","533","566","https://archive.4plebs.org/pol/thread/149061733/#149063442","","","","","","","","","UNREVIEWED"
"136","#136","18","p0136-s018","G_CERTIFIED_CONTEXT_NOT_PAINTED","Ecuador: Central Bank of Ecuador","1","PARTIAL_ONLY","89.29","0","3","28",": ⋯ of","NO","namedEntity | theme","namedEntity: ""Ecuador"" [678-685] || namedEntity: ""Ecuador"" [703-710] || theme: ""Central Bank"" [687-699]","context","context: ""Ecuador: Central Bank of Ecuador""","NO","NO","","fragment_or_label","HIGH","LABEL_FRAGMENT_OR_DEVICE","short label, slogan, heading or symbolic device rather than a proposition","of Cuba ⏎ Cyprus: Central Bank of Cyprus ⏎ Czech Republic: Czech National Bank ⏎ Denmark: National Bank of Denmark ⏎ Dominican Republic: Central Bank of the Dominican Republic ⏎ East Caribbean area: Eastern Caribbean Central Bank","Egypt: Central Bank of Egypt ⏎ El Salvador: Central Reserve Bank of El Salvador ⏎ Equatorial Guinea: Bank of Central African States ⏎ Estonia: Bank of Estonia ⏎ Ethiopia: National Bank of Ethiopia ⏎ European Union: European Centr","678","710","https://archive.4plebs.org/pol/thread/149061733/#149063442","","","","","","","","","UNREVIEWED"
"136","#136","19","p0136-s019","G_CERTIFIED_CONTEXT_NOT_PAINTED","Egypt: Central Bank of Egypt","1","PARTIAL_ONLY","87.5","0","3","24",": ⋯ of","NO","namedEntity | theme","namedEntity: ""Egypt"" [711-716] || namedEntity: ""Egypt"" [734-739] || theme: ""Central Bank"" [718-730]","context","context: ""Egypt: Central Bank of Egypt""","NO","NO","","fragment_or_label","HIGH","LABEL_FRAGMENT_OR_DEVICE","short label, slogan, heading or symbolic device rather than a proposition","yprus ⏎ Czech Republic: Czech National Bank ⏎ Denmark: National Bank of Denmark ⏎ Dominican Republic: Central Bank of the Dominican Republic ⏎ East Caribbean area: Eastern Caribbean Central Bank ⏎ Ecuador: Central Bank of Ecuador","El Salvador: Central Reserve Bank of El Salvador ⏎ Equatorial Guinea: Bank of Central African States ⏎ Estonia: Bank of Estonia ⏎ Ethiopia: National Bank of Ethiopia ⏎ European Union: European Central Bank ⏎ Fiji: Reserve Bank of","711","739","https://archive.4plebs.org/pol/thread/149061733/#149063442","","","","","","","","","UNREVIEWED"
"136","#136","22","p0136-s022","G_CERTIFIED_CONTEXT_NOT_PAINTED","Estonia: Bank of Estonia","1","UNHIGHLIGHTED","0","0","21","21","Estonia: Bank of Estonia","NO","","","context","context: ""Estonia: Bank of Estonia""","NO","NO","","fragment_or_label","HIGH","LABEL_FRAGMENT_OR_DEVICE","short label, slogan, heading or symbolic device rather than a proposition","public ⏎ East Caribbean area: Eastern Caribbean Central Bank ⏎ Ecuador: Central Bank of Ecuador ⏎ Egypt: Central Bank of Egypt ⏎ El Salvador: Central Reserve Bank of El Salvador ⏎ Equatorial Guinea: Bank of Central African States","Ethiopia: National Bank of Ethiopia ⏎ European Union: European Central Bank ⏎ Fiji: Reserve Bank of Fiji ⏎ Finland: Bank of Finland ⏎ France: Bank of France ⏎ Gabon: Bank of Central African States ⏎ The Gambia: Central Bank of The","839","863","https://archive.4plebs.org/pol/thread/149061733/#149063442","","","","","","","","","UNREVIEWED"
"136","#136","23","p0136-s023","G_CERTIFIED_CONTEXT_NOT_PAINTED","Ethiopia: National Bank of Ethiopia","1","UNHIGHLIGHTED","0","0","31","31","Ethiopia: National Bank of Ethiopia","NO","","","context","context: ""Ethiopia: National Bank of Ethiopia""","NO","NO","","fragment_or_label","HIGH","LABEL_FRAGMENT_OR_DEVICE","short label, slogan, heading or symbolic device rather than a proposition","a: Eastern Caribbean Central Bank ⏎ Ecuador: Central Bank of Ecuador ⏎ Egypt: Central Bank of Egypt ⏎ El Salvador: Central Reserve Bank of El Salvador ⏎ Equatorial Guinea: Bank of Central African States ⏎ Estonia: Bank of Estonia","European Union: European Central Bank ⏎ Fiji: Reserve Bank of Fiji ⏎ Finland: Bank of Finland ⏎ France: Bank of France ⏎ Gabon: Bank of Central African States ⏎ The Gambia: Central Bank of The Gambia ⏎ Georgia: National Bank of Geo","864","899","https://archive.4plebs.org/pol/thread/149061733/#149063442","","","","","","","","","UNREVIEWED"
"136","#136","24","p0136-s024","G_CERTIFIED_CONTEXT_NOT_PAINTED","European Union: European Central Bank","1","PARTIAL_ONLY","72.73","0","9","33",": European","NO","namedEntity | theme","namedEntity: ""European Union"" [900-914] || theme: ""Central Bank"" [925-937]","context","context: ""European Union: European Central Bank""","NO","NO","","fragment_or_label","HIGH","LABEL_FRAGMENT_OR_DEVICE","short label, slogan, heading or symbolic device rather than a proposition","uador: Central Bank of Ecuador ⏎ Egypt: Central Bank of Egypt ⏎ El Salvador: Central Reserve Bank of El Salvador ⏎ Equatorial Guinea: Bank of Central African States ⏎ Estonia: Bank of Estonia ⏎ Ethiopia: National Bank of Ethiopia","Fiji: Reserve Bank of Fiji ⏎ Finland: Bank of Finland ⏎ France: Bank of France ⏎ Gabon: Bank of Central African States ⏎ The Gambia: Central Bank of The Gambia ⏎ Georgia: National Bank of Georgia ⏎ Germany: Deutsche Bundesbank ⏎ Ghan","900","937","https://archive.4plebs.org/pol/thread/149061733/#149063442","","","","","","","","","UNREVIEWED"
"136","#136","25","p0136-s025","G_CERTIFIED_CONTEXT_NOT_PAINTED","Fiji: Reserve Bank of Fiji","1","UNHIGHLIGHTED","0","0","22","22","Fiji: Reserve Bank of Fiji","NO","","","context","context: ""Fiji: Reserve Bank of Fiji""","NO","NO","","fragment_or_label","HIGH","LABEL_FRAGMENT_OR_DEVICE","short label, slogan, heading or symbolic device rather than a proposition","Central Bank of Egypt ⏎ El Salvador: Central Reserve Bank of El Salvador ⏎ Equatorial Guinea: Bank of Central African States ⏎ Estonia: Bank of Estonia ⏎ Ethiopia: National Bank of Ethiopia ⏎ European Union: European Central Bank","Finland: Bank of Finland ⏎ France: Bank of France ⏎ Gabon: Bank of Central African States ⏎ The Gambia: Central Bank of The Gambia ⏎ Georgia: National Bank of Georgia ⏎ Germany: Deutsche Bundesbank ⏎ Ghana: Bank of Ghana ⏎ Greece: Ba","938","964","https://archive.4plebs.org/pol/thread/149061733/#149063442","","","","","","","","","UNREVIEWED"
"136","#136","26","p0136-s026","G_CERTIFIED_CONTEXT_NOT_PAINTED","Finland: Bank of Finland","1","UNHIGHLIGHTED","0","0","21","21","Finland: Bank of Finland","NO","","","context","context: ""Finland: Bank of Finland""","NO","NO","","fragment_or_label","HIGH","LABEL_FRAGMENT_OR_DEVICE","short label, slogan, heading or symbolic device rather than a proposition","lvador: Central Reserve Bank of El Salvador ⏎ Equatorial Guinea: Bank of Central African States ⏎ Estonia: Bank of Estonia ⏎ Ethiopia: National Bank of Ethiopia ⏎ European Union: European Central Bank ⏎ Fiji: Reserve Bank of Fiji","France: Bank of France ⏎ Gabon: Bank of Central African States ⏎ The Gambia: Central Bank of The Gambia ⏎ Georgia: National Bank of Georgia ⏎ Germany: Deutsche Bundesbank ⏎ Ghana: Bank of Ghana ⏎ Greece: Bank of Greece ⏎ Guatemala: B","965","989","https://archive.4plebs.org/pol/thread/149061733/#149063442","","","","","","","","","UNREVIEWED"
"136","#136","27","p0136-s027","G_CERTIFIED_CONTEXT_NOT_PAINTED","France: Bank of France","1","PARTIAL_ONLY","63.16","0","7","19",": Bank of","NO","namedEntity","namedEntity: ""France"" [990-996] || namedEntity: ""France"" [1006-1012]","context","context: ""France: Bank of France""","NO","NO","","fragment_or_label","HIGH","LABEL_FRAGMENT_OR_DEVICE","short label, slogan, heading or symbolic device rather than a proposition","ank of El Salvador ⏎ Equatorial Guinea: Bank of Central African States ⏎ Estonia: Bank of Estonia ⏎ Ethiopia: National Bank of Ethiopia ⏎ European Union: European Central Bank ⏎ Fiji: Reserve Bank of Fiji ⏎ Finland: Bank of Finland","Gabon: Bank of Central African States ⏎ The Gambia: Central Bank of The Gambia ⏎ Georgia: National Bank of Georgia ⏎ Germany: Deutsche Bundesbank ⏎ Ghana: Bank of Ghana ⏎ Greece: Bank of Greece ⏎ Guatemala: Bank of Guatemala ⏎ Guinea","990","1012","https://archive.4plebs.org/pol/thread/149061733/#149063442","","","","","","","","","UNREVIEWED"
"136","#136","28","p0136-s028","G_CERTIFIED_CONTEXT_NOT_PAINTED","Gabon: Bank of Central African States","1","UNHIGHLIGHTED","0","0","32","32","Gabon: Bank of Central African States","NO","","","context","context: ""Gabon: Bank of Central African States""","NO","NO","","fragment_or_label","HIGH","LABEL_FRAGMENT_OR_DEVICE","short label, slogan, heading or symbolic device rather than a proposition","torial Guinea: Bank of Central African States ⏎ Estonia: Bank of Estonia ⏎ Ethiopia: National Bank of Ethiopia ⏎ European Union: European Central Bank ⏎ Fiji: Reserve Bank of Fiji ⏎ Finland: Bank of Finland ⏎ France: Bank of France","The Gambia: Central Bank of The Gambia ⏎ Georgia: National Bank of Georgia ⏎ Germany: Deutsche Bundesbank ⏎ Ghana: Bank of Ghana ⏎ Greece: Bank of Greece ⏎ Guatemala: Bank of Guatemala ⏎ Guinea Bissau: Central Bank of West African","1013","1050","https://archive.4plebs.org/pol/thread/149061733/#149063442","","","","","","","","","UNREVIEWED"
"136","#136","29","p0136-s029","G_CERTIFIED_CONTEXT_NOT_PAINTED","The Gambia: Central Bank of The Gambia","1","PARTIAL_ONLY","90.63","0","3","32",": ⋯ of","NO","namedEntity | theme","namedEntity: ""The Gambia"" [1051-1061] || namedEntity: ""The Gambia"" [1079-1089] || theme: ""Central Bank"" [1063-1075]","context","context: ""The Gambia: Central Bank of The Gambia""","NO","NO","","fragment_or_label","HIGH","LABEL_FRAGMENT_OR_DEVICE","short label, slogan, heading or symbolic device rather than a proposition","States ⏎ Estonia: Bank of Estonia ⏎ Ethiopia: National Bank of Ethiopia ⏎ European Union: European Central Bank ⏎ Fiji: Reserve Bank of Fiji ⏎ Finland: Bank of Finland ⏎ France: Bank of France ⏎ Gabon: Bank of Central African States","Georgia: National Bank of Georgia ⏎ Germany: Deutsche Bundesbank ⏎ Ghana: Bank of Ghana ⏎ Greece: Bank of Greece ⏎ Guatemala: Bank of Guatemala ⏎ Guinea Bissau: Central Bank of West African States (BCEAO) ⏎ Guyana: Bank of Guyana ⏎ H","1051","1089","https://archive.4plebs.org/pol/thread/149061733/#149063442","","","","","","","","","UNREVIEWED"
"136","#136","30","p0136-s030","G_CERTIFIED_CONTEXT_NOT_PAINTED","Georgia: National Bank of Georgia","1","PARTIAL_ONLY","48.28","0","15","29",": National Bank of","NO","namedEntity","namedEntity: ""Georgia"" [1090-1097] || namedEntity: ""Georgia"" [1116-1123]","context","context: ""Georgia: National Bank of Georgia""","NO","NO","","fragment_or_label","HIGH","LABEL_FRAGMENT_OR_DEVICE","short label, slogan, heading or symbolic device rather than a proposition","ia: National Bank of Ethiopia ⏎ European Union: European Central Bank ⏎ Fiji: Reserve Bank of Fiji ⏎ Finland: Bank of Finland ⏎ France: Bank of France ⏎ Gabon: Bank of Central African States ⏎ The Gambia: Central Bank of The Gambia","Germany: Deutsche Bundesbank ⏎ Ghana: Bank of Ghana ⏎ Greece: Bank of Greece ⏎ Guatemala: Bank of Guatemala ⏎ Guinea Bissau: Central Bank of West African States (BCEAO) ⏎ Guyana: Bank of Guyana ⏎ Haiti: Central Bank of Haiti ⏎ Hondur","1090","1123","https://archive.4plebs.org/pol/thread/149061733/#149063442","","","","","","","","","UNREVIEWED"
"136","#136","31","p0136-s031","G_CERTIFIED_CONTEXT_NOT_PAINTED","Germany: Deutsche Bundesbank","1","PARTIAL_ONLY","26.92","0","19","26",": Deutsche Bundesbank","NO","namedEntity","namedEntity: ""Germany"" [1124-1131]","context","context: ""Germany: Deutsche Bundesbank""","NO","NO","","fragment_or_label","HIGH","LABEL_FRAGMENT_OR_DEVICE","short label, slogan, heading or symbolic device rather than a proposition","pean Union: European Central Bank ⏎ Fiji: Reserve Bank of Fiji ⏎ Finland: Bank of Finland ⏎ France: Bank of France ⏎ Gabon: Bank of Central African States ⏎ The Gambia: Central Bank of The Gambia ⏎ Georgia: National Bank of Georgia","Ghana: Bank of Ghana ⏎ Greece: Bank of Greece ⏎ Guatemala: Bank of Guatemala ⏎ Guinea Bissau: Central Bank of West African States (BCEAO) ⏎ Guyana: Bank of Guyana ⏎ Haiti: Central Bank of Haiti ⏎ Honduras: Central Bank of Honduras","1124","1152","https://archive.4plebs.org/pol/thread/149061733/#149063442","","","","","","","","","UNREVIEWED"
"136","#136","32","p0136-s032","G_CERTIFIED_CONTEXT_NOT_PAINTED","Ghana: Bank of Ghana","1","UNHIGHLIGHTED","0","0","17","17","Ghana: Bank of Ghana","NO","","","context","context: ""Ghana: Bank of Ghana""","NO","NO","","fragment_or_label","HIGH","LABEL_FRAGMENT_OR_DEVICE","short label, slogan, heading or symbolic device rather than a proposition","Bank ⏎ Fiji: Reserve Bank of Fiji ⏎ Finland: Bank of Finland ⏎ France: Bank of France ⏎ Gabon: Bank of Central African States ⏎ The Gambia: Central Bank of The Gambia ⏎ Georgia: National Bank of Georgia ⏎ Germany: Deutsche Bundesbank","Greece: Bank of Greece ⏎ Guatemala: Bank of Guatemala ⏎ Guinea Bissau: Central Bank of West African States (BCEAO) ⏎ Guyana: Bank of Guyana ⏎ Haiti: Central Bank of Haiti ⏎ Honduras: Central Bank of Honduras ⏎ Hong Kong: Hong Kong","1153","1173","https://archive.4plebs.org/pol/thread/149061733/#149063442","","","","","","","","","UNREVIEWED"
"136","#136","33","p0136-s033","G_CERTIFIED_CONTEXT_NOT_PAINTED","Greece: Bank of Greece","1","PARTIAL_ONLY","63.16","0","7","19",": Bank of","NO","namedEntity","namedEntity: ""Greece"" [1174-1180] || namedEntity: ""Greece"" [1190-1196]","context","context: ""Greece: Bank of Greece""","NO","NO","","fragment_or_label","HIGH","LABEL_FRAGMENT_OR_DEVICE","short label, slogan, heading or symbolic device rather than a proposition","nk of Fiji ⏎ Finland: Bank of Finland ⏎ France: Bank of France ⏎ Gabon: Bank of Central African States ⏎ The Gambia: Central Bank of The Gambia ⏎ Georgia: National Bank of Georgia ⏎ Germany: Deutsche Bundesbank ⏎ Ghana: Bank of Ghana","Guatemala: Bank of Guatemala ⏎ Guinea Bissau: Central Bank of West African States (BCEAO) ⏎ Guyana: Bank of Guyana ⏎ Haiti: Central Bank of Haiti ⏎ Honduras: Central Bank of Honduras ⏎ Hong Kong: Hong Kong Monetary Authority ⏎ Hung","1174","1196","https://archive.4plebs.org/pol/thread/149061733/#149063442","","","","","","","","","UNREVIEWED"
"136","#136","34","p0136-s034","G_CERTIFIED_CONTEXT_NOT_PAINTED","Guatemala: Bank of Guatemala","1","UNHIGHLIGHTED","0","0","25","25","Guatemala: Bank of Guatemala","NO","","","context","context: ""Guatemala: Bank of Guatemala""","NO","NO","","fragment_or_label","HIGH","LABEL_FRAGMENT_OR_DEVICE","short label, slogan, heading or symbolic device rather than a proposition","k of Finland ⏎ France: Bank of France ⏎ Gabon: Bank of Central African States ⏎ The Gambia: Central Bank of The Gambia ⏎ Georgia: National Bank of Georgia ⏎ Germany: Deutsche Bundesbank ⏎ Ghana: Bank of Ghana ⏎ Greece: Bank of Greece","Guinea Bissau: Central Bank of West African States (BCEAO) ⏎ Guyana: Bank of Guyana ⏎ Haiti: Central Bank of Haiti ⏎ Honduras: Central Bank of Honduras ⏎ Hong Kong: Hong Kong Monetary Authority ⏎ Hungary: Magyar Nemzeti Bank ⏎ Icel","1197","1225","https://archive.4plebs.org/pol/thread/149061733/#149063442","","","","","","","","","UNREVIEWED"
"136","#136","36","p0136-s036","G_CERTIFIED_CONTEXT_NOT_PAINTED","Guyana: Bank of Guyana","1","UNHIGHLIGHTED","0","0","19","19","Guyana: Bank of Guyana","NO","","","context","context: ""Guyana: Bank of Guyana""","NO","NO","","fragment_or_label","HIGH","LABEL_FRAGMENT_OR_DEVICE","short label, slogan, heading or symbolic device rather than a proposition","ntral Bank of The Gambia ⏎ Georgia: National Bank of Georgia ⏎ Germany: Deutsche Bundesbank ⏎ Ghana: Bank of Ghana ⏎ Greece: Bank of Greece ⏎ Guatemala: Bank of Guatemala ⏎ Guinea Bissau: Central Bank of West African States (BCEAO)","Haiti: Central Bank of Haiti ⏎ Honduras: Central Bank of Honduras ⏎ Hong Kong: Hong Kong Monetary Authority ⏎ Hungary: Magyar Nemzeti Bank ⏎ Iceland: Central Bank of Iceland ⏎ India: Reserve Bank of India ⏎ Indonesia: Bank Indonesi","1285","1307","https://archive.4plebs.org/pol/thread/149061733/#149063442","","","","","","","","","UNREVIEWED"
"136","#136","37","p0136-s037","G_CERTIFIED_CONTEXT_NOT_PAINTED","Haiti: Central Bank of Haiti","1","PARTIAL_ONLY","87.5","0","3","24",": ⋯ of","NO","namedEntity | theme","namedEntity: ""Haiti"" [1308-1313] || namedEntity: ""Haiti"" [1331-1336] || namedEntity: ""Haiti"" [1308-1313] || namedEntity: ""Haiti"" [1331-1336] || theme: ""Central Bank"" [1315-1327]","context","context: ""Haiti: Central Bank of Haiti""","NO","NO","","fragment_or_label","HIGH","LABEL_FRAGMENT_OR_DEVICE","short label, slogan, heading or symbolic device rather than a proposition","a ⏎ Georgia: National Bank of Georgia ⏎ Germany: Deutsche Bundesbank ⏎ Ghana: Bank of Ghana ⏎ Greece: Bank of Greece ⏎ Guatemala: Bank of Guatemala ⏎ Guinea Bissau: Central Bank of West African States (BCEAO) ⏎ Guyana: Bank of Guyana","Honduras: Central Bank of Honduras ⏎ Hong Kong: Hong Kong Monetary Authority ⏎ Hungary: Magyar Nemzeti Bank ⏎ Iceland: Central Bank of Iceland ⏎ India: Reserve Bank of India ⏎ Indonesia: Bank Indonesia ⏎ Iran: The Central Bank of t","1308","1336","https://archive.4plebs.org/pol/thread/149061733/#149063442","","","","","","","","","UNREVIEWED"
"136","#136","38","p0136-s038","G_CERTIFIED_CONTEXT_NOT_PAINTED","Honduras: Central Bank of Honduras","1","PARTIAL_ONLY","36.67","0","19","30","Honduras: ⋯ of Honduras","NO","theme","theme: ""Central Bank"" [1347-1359]","context","context: ""Honduras: Central Bank of Honduras""","NO","NO","","fragment_or_label","HIGH","LABEL_FRAGMENT_OR_DEVICE","short label, slogan, heading or symbolic device rather than a proposition","eorgia ⏎ Germany: Deutsche Bundesbank ⏎ Ghana: Bank of Ghana ⏎ Greece: Bank of Greece ⏎ Guatemala: Bank of Guatemala ⏎ Guinea Bissau: Central Bank of West African States (BCEAO) ⏎ Guyana: Bank of Guyana ⏎ Haiti: Central Bank of Haiti","Hong Kong: Hong Kong Monetary Authority ⏎ Hungary: Magyar Nemzeti Bank ⏎ Iceland: Central Bank of Iceland ⏎ India: Reserve Bank of India ⏎ Indonesia: Bank Indonesia ⏎ Iran: The Central Bank of the Islamic Republic of Iran","1337","1371","https://archive.4plebs.org/pol/thread/149061733/#149063442","","","","","","","","","UNREVIEWED"
"136","#136","39","p0136-s039","G_CERTIFIED_CONTEXT_NOT_PAINTED","Hong Kong: Hong Kong Monetary Authority","1","PARTIAL_ONLY","47.06","0","18","34",": ⋯ Monetary Authority","NO","namedEntity","namedEntity: ""Hong Kong"" [1372-1381] || namedEntity: ""Hong Kong"" [1383-1392]","context","context: ""Hong Kong: Hong Kong Monetary Authority""","NO","NO","","fragment_or_label","HIGH","LABEL_FRAGMENT_OR_DEVICE","short label, slogan, heading or symbolic device rather than a proposition","Ghana: Bank of Ghana ⏎ Greece: Bank of Greece ⏎ Guatemala: Bank of Guatemala ⏎ Guinea Bissau: Central Bank of West African States (BCEAO) ⏎ Guyana: Bank of Guyana ⏎ Haiti: Central Bank of Haiti ⏎ Honduras: Central Bank of Honduras","Hungary: Magyar Nemzeti Bank ⏎ Iceland: Central Bank of Iceland ⏎ India: Reserve Bank of India ⏎ Indonesia: Bank Indonesia ⏎ Iran: The Central Bank of the Islamic Republic of Iran","1372","1411","https://archive.4plebs.org/pol/thread/149061733/#149063442","","","","","","","","","UNREVIEWED"
"136","#136","40","p0136-s040","G_CERTIFIED_CONTEXT_NOT_PAINTED","Hungary: Magyar Nemzeti Bank","1","UNHIGHLIGHTED","0","0","25","25","Hungary: Magyar Nemzeti Bank","NO","","","context","context: ""Hungary: Magyar Nemzeti Bank""","NO","NO","","fragment_or_label","HIGH","LABEL_FRAGMENT_OR_DEVICE","short label, slogan, heading or symbolic device rather than a proposition","eece ⏎ Guatemala: Bank of Guatemala ⏎ Guinea Bissau: Central Bank of West African States (BCEAO) ⏎ Guyana: Bank of Guyana ⏎ Haiti: Central Bank of Haiti ⏎ Honduras: Central Bank of Honduras ⏎ Hong Kong: Hong Kong Monetary Authority","Iceland: Central Bank of Iceland ⏎ India: Reserve Bank of India ⏎ Indonesia: Bank Indonesia ⏎ Iran: The Central Bank of the Islamic Republic of Iran","1412","1440","https://archive.4plebs.org/pol/thread/149061733/#149063442","","","","","","","","","UNREVIEWED"
"136","#136","41","p0136-s041","G_CERTIFIED_CONTEXT_NOT_PAINTED","Iceland: Central Bank of Iceland","1","PARTIAL_ONLY","39.29","0","17","28","Iceland: ⋯ of Iceland","NO","theme","theme: ""Central Bank"" [1450-1462]","context","context: ""Iceland: Central Bank of Iceland""","NO","NO","","fragment_or_label","HIGH","LABEL_FRAGMENT_OR_DEVICE","short label, slogan, heading or symbolic device rather than a proposition","mala ⏎ Guinea Bissau: Central Bank of West African States (BCEAO) ⏎ Guyana: Bank of Guyana ⏎ Haiti: Central Bank of Haiti ⏎ Honduras: Central Bank of Honduras ⏎ Hong Kong: Hong Kong Monetary Authority ⏎ Hungary: Magyar Nemzeti Bank","India: Reserve Bank of India ⏎ Indonesia: Bank Indonesia ⏎ Iran: The Central Bank of the Islamic Republic of Iran","1441","1473","https://archive.4plebs.org/pol/thread/149061733/#149063442","","","","","","","","","UNREVIEWED"
"136","#136","42","p0136-s042","G_CERTIFIED_CONTEXT_NOT_PAINTED","India: Reserve Bank of India","1","PARTIAL_ONLY","41.67","0","14","24",": Reserve Bank of","NO","namedEntity","namedEntity: ""India"" [1474-1479] || namedEntity: ""India"" [1497-1502]","context","context: ""India: Reserve Bank of India""","NO","NO","","fragment_or_label","HIGH","LABEL_FRAGMENT_OR_DEVICE","short label, slogan, heading or symbolic device rather than a proposition","of West African States (BCEAO) ⏎ Guyana: Bank of Guyana ⏎ Haiti: Central Bank of Haiti ⏎ Honduras: Central Bank of Honduras ⏎ Hong Kong: Hong Kong Monetary Authority ⏎ Hungary: Magyar Nemzeti Bank ⏎ Iceland: Central Bank of Iceland","Indonesia: Bank Indonesia ⏎ Iran: The Central Bank of the Islamic Republic of Iran","1474","1502","https://archive.4plebs.org/pol/thread/149061733/#149063442","","","","","","","","","UNREVIEWED"
"136","#136","43","p0136-s043","G_CERTIFIED_CONTEXT_NOT_PAINTED","Indonesia: Bank Indonesia","1","UNHIGHLIGHTED","0","0","23","23","Indonesia: Bank Indonesia","NO","","","context","context: ""Indonesia: Bank Indonesia""","NO","NO","","fragment_or_label","HIGH","LABEL_FRAGMENT_OR_DEVICE","short label, slogan, heading or symbolic device rather than a proposition",") ⏎ Guyana: Bank of Guyana ⏎ Haiti: Central Bank of Haiti ⏎ Honduras: Central Bank of Honduras ⏎ Hong Kong: Hong Kong Monetary Authority ⏎ Hungary: Magyar Nemzeti Bank ⏎ Iceland: Central Bank of Iceland ⏎ India: Reserve Bank of India","Iran: The Central Bank of the Islamic Republic of Iran","1503","1528","https://archive.4plebs.org/pol/thread/149061733/#149063442","","","","","","","","","UNREVIEWED"
"137","#137","1","p0137-s001","G_CERTIFIED_CONTEXT_NOT_PAINTED","Iraq: Central Bank of Iraq","1","PARTIAL_ONLY","86.36","0","3","22",": ⋯ of","NO","namedEntity | theme","namedEntity: ""Iraq"" [0-4] || namedEntity: ""Iraq"" [22-26] || theme: ""Central Bank"" [6-18]","context","context: ""Iraq: Central Bank of Iraq""","NO","NO","","fragment_or_label","HIGH","LABEL_FRAGMENT_OR_DEVICE","short label, slogan, heading or symbolic device rather than a proposition","","Ireland: Central Bank and Financial Services Authority of Ireland ⏎ Israel: Bank of Israel ⏎ Italy: Bank of Italy ⏎ Jamaica: Bank of Jamaica ⏎ Japan: Bank of Japan ⏎ Jordan: Central Bank of Jordan ⏎ Kazakhstan: National Bank of Kaz","0","26","https://archive.4plebs.org/pol/thread/149061733/#149063509","","","","","","","","","UNREVIEWED"
"137","#137","3","p0137-s003","G_CERTIFIED_CONTEXT_NOT_PAINTED","Israel: Bank of Israel","1","PARTIAL_ONLY","63.16","0","7","19",": Bank of","NO","namedEntity","namedEntity: ""Israel"" [93-99] || namedEntity: ""Israel"" [109-115] || namedEntity: ""Israel"" [93-99] || namedEntity: ""Israel"" [109-115]","context","context: ""Israel: Bank of Israel""","NO","NO","","fragment_or_label","HIGH","LABEL_FRAGMENT_OR_DEVICE","short label, slogan, heading or symbolic device rather than a proposition","Iraq: Central Bank of Iraq ⏎ Ireland: Central Bank and Financial Services Authority of Ireland","Italy: Bank of Italy ⏎ Jamaica: Bank of Jamaica ⏎ Japan: Bank of Japan ⏎ Jordan: Central Bank of Jordan ⏎ Kazakhstan: National Bank of Kazakhstan ⏎ Kenya: Central Bank of Kenya ⏎ Korea: Bank of Korea ⏎ Kuwait: Central Bank of Kuwait","93","115","https://archive.4plebs.org/pol/thread/149061733/#149063509","","","","","","","","","UNREVIEWED"
"137","#137","4","p0137-s004","G_CERTIFIED_CONTEXT_NOT_PAINTED","Italy: Bank of Italy","1","PARTIAL_ONLY","58.82","0","7","17",": Bank of","NO","namedEntity","namedEntity: ""Italy"" [116-121] || namedEntity: ""Italy"" [131-136]","context","context: ""Italy: Bank of Italy""","NO","NO","","fragment_or_label","HIGH","LABEL_FRAGMENT_OR_DEVICE","short label, slogan, heading or symbolic device rather than a proposition","Iraq: Central Bank of Iraq ⏎ Ireland: Central Bank and Financial Services Authority of Ireland ⏎ Israel: Bank of Israel","Jamaica: Bank of Jamaica ⏎ Japan: Bank of Japan ⏎ Jordan: Central Bank of Jordan ⏎ Kazakhstan: National Bank of Kazakhstan ⏎ Kenya: Central Bank of Kenya ⏎ Korea: Bank of Korea ⏎ Kuwait: Central Bank of Kuwait ⏎ Kyrgyzstan: National","116","136","https://archive.4plebs.org/pol/thread/149061733/#149063509","","","","","","","","","UNREVIEWED"
"137","#137","5","p0137-s005","G_CERTIFIED_CONTEXT_NOT_PAINTED","Jamaica: Bank of Jamaica","1","UNHIGHLIGHTED","0","0","21","21","Jamaica: Bank of Jamaica","NO","","","context","context: ""Jamaica: Bank of Jamaica""","NO","NO","","fragment_or_label","HIGH","LABEL_FRAGMENT_OR_DEVICE","short label, slogan, heading or symbolic device rather than a proposition","Iraq: Central Bank of Iraq ⏎ Ireland: Central Bank and Financial Services Authority of Ireland ⏎ Israel: Bank of Israel ⏎ Italy: Bank of Italy","Japan: Bank of Japan ⏎ Jordan: Central Bank of Jordan ⏎ Kazakhstan: National Bank of Kazakhstan ⏎ Kenya: Central Bank of Kenya ⏎ Korea: Bank of Korea ⏎ Kuwait: Central Bank of Kuwait ⏎ Kyrgyzstan: National Bank of the Kyrgyz Republ","137","161","https://archive.4plebs.org/pol/thread/149061733/#149063509","","","","","","","","","UNREVIEWED"
"137","#137","6","p0137-s006","G_CERTIFIED_CONTEXT_NOT_PAINTED","Japan: Bank of Japan","1","PARTIAL_ONLY","58.82","0","7","17",": Bank of","NO","namedEntity","namedEntity: ""Japan"" [162-167] || namedEntity: ""Japan"" [177-182]","context","context: ""Japan: Bank of Japan""","NO","NO","","fragment_or_label","HIGH","LABEL_FRAGMENT_OR_DEVICE","short label, slogan, heading or symbolic device rather than a proposition","Iraq: Central Bank of Iraq ⏎ Ireland: Central Bank and Financial Services Authority of Ireland ⏎ Israel: Bank of Israel ⏎ Italy: Bank of Italy ⏎ Jamaica: Bank of Jamaica","Jordan: Central Bank of Jordan ⏎ Kazakhstan: National Bank of Kazakhstan ⏎ Kenya: Central Bank of Kenya ⏎ Korea: Bank of Korea ⏎ Kuwait: Central Bank of Kuwait ⏎ Kyrgyzstan: National Bank of the Kyrgyz Republic ⏎ Latvia: Bank of La","162","182","https://archive.4plebs.org/pol/thread/149061733/#149063509","","","","","","","","","UNREVIEWED"
"137","#137","7","p0137-s007","G_CERTIFIED_CONTEXT_NOT_PAINTED","Jordan: Central Bank of Jordan","1","PARTIAL_ONLY","88.46","0","3","26",": ⋯ of","NO","namedEntity | theme","namedEntity: ""Jordan"" [183-189] || namedEntity: ""Jordan"" [207-213] || theme: ""Central Bank"" [191-203]","context","context: ""Jordan: Central Bank of Jordan""","NO","NO","","fragment_or_label","HIGH","LABEL_FRAGMENT_OR_DEVICE","short label, slogan, heading or symbolic device rather than a proposition","Iraq: Central Bank of Iraq ⏎ Ireland: Central Bank and Financial Services Authority of Ireland ⏎ Israel: Bank of Israel ⏎ Italy: Bank of Italy ⏎ Jamaica: Bank of Jamaica ⏎ Japan: Bank of Japan","Kazakhstan: National Bank of Kazakhstan ⏎ Kenya: Central Bank of Kenya ⏎ Korea: Bank of Korea ⏎ Kuwait: Central Bank of Kuwait ⏎ Kyrgyzstan: National Bank of the Kyrgyz Republic ⏎ Latvia: Bank of Latvia ⏎ Lebanon: Central Bank of L","183","213","https://archive.4plebs.org/pol/thread/149061733/#149063509","","","","","","","","","UNREVIEWED"
"137","#137","8","p0137-s008","G_CERTIFIED_CONTEXT_NOT_PAINTED","Kazakhstan: National Bank of Kazakhstan","1","PARTIAL_ONLY","57.14","0","15","35",": National Bank of","NO","namedEntity","namedEntity: ""Kazakhstan"" [214-224] || namedEntity: ""Kazakhstan"" [243-253]","context","context: ""Kazakhstan: National Bank of Kazakhstan""","NO","NO","","fragment_or_label","HIGH","LABEL_FRAGMENT_OR_DEVICE","short label, slogan, heading or symbolic device rather than a proposition","Iraq: Central Bank of Iraq ⏎ Ireland: Central Bank and Financial Services Authority of Ireland ⏎ Israel: Bank of Israel ⏎ Italy: Bank of Italy ⏎ Jamaica: Bank of Jamaica ⏎ Japan: Bank of Japan ⏎ Jordan: Central Bank of Jordan","Kenya: Central Bank of Kenya ⏎ Korea: Bank of Korea ⏎ Kuwait: Central Bank of Kuwait ⏎ Kyrgyzstan: National Bank of the Kyrgyz Republic ⏎ Latvia: Bank of Latvia ⏎ Lebanon: Central Bank of Lebanon ⏎ Lesotho: Central Bank of Lesotho","214","253","https://archive.4plebs.org/pol/thread/149061733/#149063509","","","","","","","","","UNREVIEWED"
"137","#137","9","p0137-s009","G_CERTIFIED_CONTEXT_NOT_PAINTED","Kenya: Central Bank of Kenya","1","PARTIAL_ONLY","87.5","0","3","24",": ⋯ of","NO","namedEntity | theme","namedEntity: ""Kenya"" [254-259] || namedEntity: ""Kenya"" [277-282] || theme: ""Central Bank"" [261-273]","context","context: ""Kenya: Central Bank of Kenya""","NO","NO","","fragment_or_label","HIGH","LABEL_FRAGMENT_OR_DEVICE","short label, slogan, heading or symbolic device rather than a proposition",": Central Bank and Financial Services Authority of Ireland ⏎ Israel: Bank of Israel ⏎ Italy: Bank of Italy ⏎ Jamaica: Bank of Jamaica ⏎ Japan: Bank of Japan ⏎ Jordan: Central Bank of Jordan ⏎ Kazakhstan: National Bank of Kazakhstan","Korea: Bank of Korea ⏎ Kuwait: Central Bank of Kuwait ⏎ Kyrgyzstan: National Bank of the Kyrgyz Republic ⏎ Latvia: Bank of Latvia ⏎ Lebanon: Central Bank of Lebanon ⏎ Lesotho: Central Bank of Lesotho ⏎ Libya: Central Bank of Libya","254","282","https://archive.4plebs.org/pol/thread/149061733/#149063509","","","","","","","","","UNREVIEWED"
"137","#137","10","p0137-s010","G_CERTIFIED_CONTEXT_NOT_PAINTED","Korea: Bank of Korea","1","PARTIAL_ONLY","58.82","0","7","17",": Bank of","NO","namedEntity","namedEntity: ""Korea"" [283-288] || namedEntity: ""Korea"" [298-303]","context","context: ""Korea: Bank of Korea""","NO","NO","","fragment_or_label","HIGH","LABEL_FRAGMENT_OR_DEVICE","short label, slogan, heading or symbolic device rather than a proposition","Services Authority of Ireland ⏎ Israel: Bank of Israel ⏎ Italy: Bank of Italy ⏎ Jamaica: Bank of Jamaica ⏎ Japan: Bank of Japan ⏎ Jordan: Central Bank of Jordan ⏎ Kazakhstan: National Bank of Kazakhstan ⏎ Kenya: Central Bank of Kenya","Kuwait: Central Bank of Kuwait ⏎ Kyrgyzstan: National Bank of the Kyrgyz Republic ⏎ Latvia: Bank of Latvia ⏎ Lebanon: Central Bank of Lebanon ⏎ Lesotho: Central Bank of Lesotho ⏎ Libya: Central Bank of Libya (Their most recent co","283","303","https://archive.4plebs.org/pol/thread/149061733/#149063509","","","","","","","","","UNREVIEWED"
"137","#137","11","p0137-s011","G_CERTIFIED_CONTEXT_NOT_PAINTED","Kuwait: Central Bank of Kuwait","1","PARTIAL_ONLY","42.31","0","15","26","Kuwait: ⋯ of Kuwait","NO","theme","theme: ""Central Bank"" [312-324]","context","context: ""Kuwait: Central Bank of Kuwait""","NO","NO","","fragment_or_label","HIGH","LABEL_FRAGMENT_OR_DEVICE","short label, slogan, heading or symbolic device rather than a proposition","Ireland ⏎ Israel: Bank of Israel ⏎ Italy: Bank of Italy ⏎ Jamaica: Bank of Jamaica ⏎ Japan: Bank of Japan ⏎ Jordan: Central Bank of Jordan ⏎ Kazakhstan: National Bank of Kazakhstan ⏎ Kenya: Central Bank of Kenya ⏎ Korea: Bank of Korea","Kyrgyzstan: National Bank of the Kyrgyz Republic ⏎ Latvia: Bank of Latvia ⏎ Lebanon: Central Bank of Lebanon ⏎ Lesotho: Central Bank of Lesotho ⏎ Libya: Central Bank of Libya (Their most recent conquest) ⏎ Uruguay: Central Bank o","304","334","https://archive.4plebs.org/pol/thread/149061733/#149063509","","","","","","","","","UNREVIEWED"
"137","#137","13","p0137-s013","G_CERTIFIED_CONTEXT_NOT_PAINTED","Latvia: Bank of Latvia","1","UNHIGHLIGHTED","0","0","19","19","Latvia: Bank of Latvia","NO","","","context","context: ""Latvia: Bank of Latvia""","NO","NO","","fragment_or_label","HIGH","LABEL_FRAGMENT_OR_DEVICE","short label, slogan, heading or symbolic device rather than a proposition","pan: Bank of Japan ⏎ Jordan: Central Bank of Jordan ⏎ Kazakhstan: National Bank of Kazakhstan ⏎ Kenya: Central Bank of Kenya ⏎ Korea: Bank of Korea ⏎ Kuwait: Central Bank of Kuwait ⏎ Kyrgyzstan: National Bank of the Kyrgyz Republic","Lebanon: Central Bank of Lebanon ⏎ Lesotho: Central Bank of Lesotho ⏎ Libya: Central Bank of Libya (Their most recent conquest) ⏎ Uruguay: Central Bank of Uruguay ⏎ Lithuania: Bank of Lithuania ⏎ Luxembourg: Central Bank of Luxem","384","406","https://archive.4plebs.org/pol/thread/149061733/#149063509","","","","","","","","","UNREVIEWED"
"137","#137","14","p0137-s014","G_CERTIFIED_CONTEXT_NOT_PAINTED","Lebanon: Central Bank of Lebanon","1","PARTIAL_ONLY","89.29","0","3","28",": ⋯ of","NO","namedEntity | theme","namedEntity: ""Lebanon"" [407-414] || namedEntity: ""Lebanon"" [432-439] || theme: ""Central Bank"" [416-428]","context","context: ""Lebanon: Central Bank of Lebanon""","NO","NO","","fragment_or_label","HIGH","LABEL_FRAGMENT_OR_DEVICE","short label, slogan, heading or symbolic device rather than a proposition","an: Central Bank of Jordan ⏎ Kazakhstan: National Bank of Kazakhstan ⏎ Kenya: Central Bank of Kenya ⏎ Korea: Bank of Korea ⏎ Kuwait: Central Bank of Kuwait ⏎ Kyrgyzstan: National Bank of the Kyrgyz Republic ⏎ Latvia: Bank of Latvia","Lesotho: Central Bank of Lesotho ⏎ Libya: Central Bank of Libya (Their most recent conquest) ⏎ Uruguay: Central Bank of Uruguay ⏎ Lithuania: Bank of Lithuania ⏎ Luxembourg: Central Bank of Luxembourg ⏎ Macao: Monetary Authority o","407","439","https://archive.4plebs.org/pol/thread/149061733/#149063509","","","","","","","","","UNREVIEWED"
"137","#137","15","p0137-s015","G_CERTIFIED_CONTEXT_NOT_PAINTED","Lesotho: Central Bank of Lesotho","1","PARTIAL_ONLY","39.29","0","17","28","Lesotho: ⋯ of Lesotho","NO","theme","theme: ""Central Bank"" [449-461]","context","context: ""Lesotho: Central Bank of Lesotho""","NO","NO","","fragment_or_label","HIGH","LABEL_FRAGMENT_OR_DEVICE","short label, slogan, heading or symbolic device rather than a proposition","stan: National Bank of Kazakhstan ⏎ Kenya: Central Bank of Kenya ⏎ Korea: Bank of Korea ⏎ Kuwait: Central Bank of Kuwait ⏎ Kyrgyzstan: National Bank of the Kyrgyz Republic ⏎ Latvia: Bank of Latvia ⏎ Lebanon: Central Bank of Lebanon","Libya: Central Bank of Libya (Their most recent conquest) ⏎ Uruguay: Central Bank of Uruguay ⏎ Lithuania: Bank of Lithuania ⏎ Luxembourg: Central Bank of Luxembourg ⏎ Macao: Monetary Authority of Macao ⏎ Macedonia: National Bank","440","472","https://archive.4plebs.org/pol/thread/149061733/#149063509","","","","","","","","","UNREVIEWED"
"137","#137","17","p0137-s017","G_CERTIFIED_CONTEXT_NOT_PAINTED","Uruguay: Central Bank of Uruguay","1","PARTIAL_ONLY","39.29","0","17","28","Uruguay: ⋯ of Uruguay","NO","theme","theme: ""Central Bank"" [540-552]","context","context: ""Uruguay: Central Bank of Uruguay""","NO","NO","","fragment_or_label","HIGH","LABEL_FRAGMENT_OR_DEVICE","short label, slogan, heading or symbolic device rather than a proposition","Central Bank of Kuwait ⏎ Kyrgyzstan: National Bank of the Kyrgyz Republic ⏎ Latvia: Bank of Latvia ⏎ Lebanon: Central Bank of Lebanon ⏎ Lesotho: Central Bank of Lesotho ⏎ Libya: Central Bank of Libya (Their most recent conquest)","Lithuania: Bank of Lithuania ⏎ Luxembourg: Central Bank of Luxembourg ⏎ Macao: Monetary Authority of Macao ⏎ Macedonia: National Bank of the Republic of Macedonia ⏎ Madagascar: Central Bank of Madagascar ⏎ Malawi: Reserve Bank of","531","563","https://archive.4plebs.org/pol/thread/149061733/#149063509","","","","","","","","","UNREVIEWED"
"137","#137","18","p0137-s018","G_CERTIFIED_CONTEXT_NOT_PAINTED","Lithuania: Bank of Lithuania","1","UNHIGHLIGHTED","0","0","25","25","Lithuania: Bank of Lithuania","NO","","","context","context: ""Lithuania: Bank of Lithuania""","NO","NO","","fragment_or_label","HIGH","LABEL_FRAGMENT_OR_DEVICE","short label, slogan, heading or symbolic device rather than a proposition","n: National Bank of the Kyrgyz Republic ⏎ Latvia: Bank of Latvia ⏎ Lebanon: Central Bank of Lebanon ⏎ Lesotho: Central Bank of Lesotho ⏎ Libya: Central Bank of Libya (Their most recent conquest) ⏎ Uruguay: Central Bank of Uruguay","Luxembourg: Central Bank of Luxembourg ⏎ Macao: Monetary Authority of Macao ⏎ Macedonia: National Bank of the Republic of Macedonia ⏎ Madagascar: Central Bank of Madagascar ⏎ Malawi: Reserve Bank of Malawi ⏎ Malaysia: Central Ban","564","592","https://archive.4plebs.org/pol/thread/149061733/#149063509","","","","","","","","","UNREVIEWED"
"137","#137","19","p0137-s019","G_CERTIFIED_CONTEXT_NOT_PAINTED","Luxembourg: Central Bank of Luxembourg","1","PARTIAL_ONLY","32.35","0","23","34","Luxembourg: ⋯ of Luxembourg","NO","theme","theme: ""Central Bank"" [605-617]","context","context: ""Luxembourg: Central Bank of Luxembourg""","NO","NO","","fragment_or_label","HIGH","LABEL_FRAGMENT_OR_DEVICE","short label, slogan, heading or symbolic device rather than a proposition","z Republic ⏎ Latvia: Bank of Latvia ⏎ Lebanon: Central Bank of Lebanon ⏎ Lesotho: Central Bank of Lesotho ⏎ Libya: Central Bank of Libya (Their most recent conquest) ⏎ Uruguay: Central Bank of Uruguay ⏎ Lithuania: Bank of Lithuania","Macao: Monetary Authority of Macao ⏎ Macedonia: National Bank of the Republic of Macedonia ⏎ Madagascar: Central Bank of Madagascar ⏎ Malawi: Reserve Bank of Malawi ⏎ Malaysia: Central Bank of Malaysia ⏎ Mali: Central Bank of Wes","593","631","https://archive.4plebs.org/pol/thread/149061733/#149063509","","","","","","","","","UNREVIEWED"
"137","#137","20","p0137-s020","G_CERTIFIED_CONTEXT_NOT_PAINTED","Macao: Monetary Authority of Macao","1","UNHIGHLIGHTED","0","0","30","30","Macao: Monetary Authority of Macao","NO","","","context","context: ""Macao: Monetary Authority of Macao""","NO","NO","","fragment_or_label","HIGH","LABEL_FRAGMENT_OR_DEVICE","short label, slogan, heading or symbolic device rather than a proposition","on: Central Bank of Lebanon ⏎ Lesotho: Central Bank of Lesotho ⏎ Libya: Central Bank of Libya (Their most recent conquest) ⏎ Uruguay: Central Bank of Uruguay ⏎ Lithuania: Bank of Lithuania ⏎ Luxembourg: Central Bank of Luxembourg","Macedonia: National Bank of the Republic of Macedonia ⏎ Madagascar: Central Bank of Madagascar ⏎ Malawi: Reserve Bank of Malawi ⏎ Malaysia: Central Bank of Malaysia ⏎ Mali: Central Bank of West African States (BCEAO) ⏎ Malta: Cen","632","666","https://archive.4plebs.org/pol/thread/149061733/#149063509","","","","","","","","","UNREVIEWED"
"137","#137","22","p0137-s022","G_CERTIFIED_CONTEXT_NOT_PAINTED","Madagascar: Central Bank of Madagascar","1","PARTIAL_ONLY","32.35","0","23","34","Madagascar: ⋯ of Madagascar","NO","theme","theme: ""Central Bank"" [733-745]","context","context: ""Madagascar: Central Bank of Madagascar""","NO","NO","","fragment_or_label","HIGH","LABEL_FRAGMENT_OR_DEVICE","short label, slogan, heading or symbolic device rather than a proposition","(Their most recent conquest) ⏎ Uruguay: Central Bank of Uruguay ⏎ Lithuania: Bank of Lithuania ⏎ Luxembourg: Central Bank of Luxembourg ⏎ Macao: Monetary Authority of Macao ⏎ Macedonia: National Bank of the Republic of Macedonia","Malawi: Reserve Bank of Malawi ⏎ Malaysia: Central Bank of Malaysia ⏎ Mali: Central Bank of West African States (BCEAO) ⏎ Malta: Central Bank of Malta ⏎ Mauritius: Bank of Mauritius ⏎ Mexico: Bank of Mexico ⏎ Moldova: National Bank","721","759","https://archive.4plebs.org/pol/thread/149061733/#149063509","","","","","","","","","UNREVIEWED"
"137","#137","23","p0137-s023","G_CERTIFIED_CONTEXT_NOT_PAINTED","Malawi: Reserve Bank of Malawi","1","UNHIGHLIGHTED","0","0","26","26","Malawi: Reserve Bank of Malawi","NO","","","context","context: ""Malawi: Reserve Bank of Malawi""","NO","NO","","fragment_or_label","HIGH","LABEL_FRAGMENT_OR_DEVICE","short label, slogan, heading or symbolic device rather than a proposition","Central Bank of Uruguay ⏎ Lithuania: Bank of Lithuania ⏎ Luxembourg: Central Bank of Luxembourg ⏎ Macao: Monetary Authority of Macao ⏎ Macedonia: National Bank of the Republic of Macedonia ⏎ Madagascar: Central Bank of Madagascar","Malaysia: Central Bank of Malaysia ⏎ Mali: Central Bank of West African States (BCEAO) ⏎ Malta: Central Bank of Malta ⏎ Mauritius: Bank of Mauritius ⏎ Mexico: Bank of Mexico ⏎ Moldova: National Bank of Moldova ⏎ Mongolia: Bank of M","760","790","https://archive.4plebs.org/pol/thread/149061733/#149063509","","","","","","","","","UNREVIEWED"
"137","#137","24","p0137-s024","G_CERTIFIED_CONTEXT_NOT_PAINTED","Malaysia: Central Bank of Malaysia","1","PARTIAL_ONLY","36.67","0","19","30","Malaysia: ⋯ of Malaysia","NO","theme","theme: ""Central Bank"" [801-813]","context","context: ""Malaysia: Central Bank of Malaysia""","NO","NO","","fragment_or_label","HIGH","LABEL_FRAGMENT_OR_DEVICE","short label, slogan, heading or symbolic device rather than a proposition","ia: Bank of Lithuania ⏎ Luxembourg: Central Bank of Luxembourg ⏎ Macao: Monetary Authority of Macao ⏎ Macedonia: National Bank of the Republic of Macedonia ⏎ Madagascar: Central Bank of Madagascar ⏎ Malawi: Reserve Bank of Malawi","Mali: Central Bank of West African States (BCEAO) ⏎ Malta: Central Bank of Malta ⏎ Mauritius: Bank of Mauritius ⏎ Mexico: Bank of Mexico ⏎ Moldova: National Bank of Moldova ⏎ Mongolia: Bank of Mongolia ⏎ Montenegro: Central Bank of","791","825","https://archive.4plebs.org/pol/thread/149061733/#149063509","","","","","","","","","UNREVIEWED"
"137","#137","26","p0137-s026","G_CERTIFIED_CONTEXT_NOT_PAINTED","Malta: Central Bank of Malta","1","PARTIAL_ONLY","45.83","0","13","24","Malta: ⋯ of Malta","NO","theme","theme: ""Central Bank"" [883-895]","context","context: ""Malta: Central Bank of Malta""","NO","NO","","fragment_or_label","HIGH","LABEL_FRAGMENT_OR_DEVICE","short label, slogan, heading or symbolic device rather than a proposition","y of Macao ⏎ Macedonia: National Bank of the Republic of Macedonia ⏎ Madagascar: Central Bank of Madagascar ⏎ Malawi: Reserve Bank of Malawi ⏎ Malaysia: Central Bank of Malaysia ⏎ Mali: Central Bank of West African States (BCEAO)","Mauritius: Bank of Mauritius ⏎ Mexico: Bank of Mexico ⏎ Moldova: National Bank of Moldova ⏎ Mongolia: Bank of Mongolia ⏎ Montenegro: Central Bank of Montenegro ⏎ Morocco: Bank of Morocco ⏎ Mozambique: Bank of Mozambique ⏎ Namibia: Ba","876","904","https://archive.4plebs.org/pol/thread/149061733/#149063509","","","","","","","","","UNREVIEWED"
"137","#137","27","p0137-s027","G_CERTIFIED_CONTEXT_NOT_PAINTED","Mauritius: Bank of Mauritius","1","UNHIGHLIGHTED","0","0","25","25","Mauritius: Bank of Mauritius","NO","","","context","context: ""Mauritius: Bank of Mauritius""","NO","NO","","fragment_or_label","HIGH","LABEL_FRAGMENT_OR_DEVICE","short label, slogan, heading or symbolic device rather than a proposition","l Bank of the Republic of Macedonia ⏎ Madagascar: Central Bank of Madagascar ⏎ Malawi: Reserve Bank of Malawi ⏎ Malaysia: Central Bank of Malaysia ⏎ Mali: Central Bank of West African States (BCEAO) ⏎ Malta: Central Bank of Malta","Mexico: Bank of Mexico ⏎ Moldova: National Bank of Moldova ⏎ Mongolia: Bank of Mongolia ⏎ Montenegro: Central Bank of Montenegro ⏎ Morocco: Bank of Morocco ⏎ Mozambique: Bank of Mozambique ⏎ Namibia: Bank of Namibia ⏎ Nepal: Central","905","933","https://archive.4plebs.org/pol/thread/149061733/#149063509","","","","","","","","","UNREVIEWED"
"137","#137","28","p0137-s028","G_CERTIFIED_CONTEXT_NOT_PAINTED","Mexico: Bank of Mexico","1","PARTIAL_ONLY","63.16","0","7","19",": Bank of","NO","namedEntity","namedEntity: ""Mexico"" [934-940] || namedEntity: ""Mexico"" [950-956]","context","context: ""Mexico: Bank of Mexico""","NO","NO","","fragment_or_label","HIGH","LABEL_FRAGMENT_OR_DEVICE","short label, slogan, heading or symbolic device rather than a proposition","edonia ⏎ Madagascar: Central Bank of Madagascar ⏎ Malawi: Reserve Bank of Malawi ⏎ Malaysia: Central Bank of Malaysia ⏎ Mali: Central Bank of West African States (BCEAO) ⏎ Malta: Central Bank of Malta ⏎ Mauritius: Bank of Mauritius","Moldova: National Bank of Moldova ⏎ Mongolia: Bank of Mongolia ⏎ Montenegro: Central Bank of Montenegro ⏎ Morocco: Bank of Morocco ⏎ Mozambique: Bank of Mozambique ⏎ Namibia: Bank of Namibia ⏎ Nepal: Central Bank of Nepal ⏎ Netherlan","934","956","https://archive.4plebs.org/pol/thread/149061733/#149063509","","","","","","","","","UNREVIEWED"
"137","#137","29","p0137-s029","G_CERTIFIED_CONTEXT_NOT_PAINTED","Moldova: National Bank of Moldova","1","UNHIGHLIGHTED","0","0","29","29","Moldova: National Bank of Moldova","NO","","","context","context: ""Moldova: National Bank of Moldova""","NO","NO","","fragment_or_label","HIGH","LABEL_FRAGMENT_OR_DEVICE","short label, slogan, heading or symbolic device rather than a proposition","ral Bank of Madagascar ⏎ Malawi: Reserve Bank of Malawi ⏎ Malaysia: Central Bank of Malaysia ⏎ Mali: Central Bank of West African States (BCEAO) ⏎ Malta: Central Bank of Malta ⏎ Mauritius: Bank of Mauritius ⏎ Mexico: Bank of Mexico","Mongolia: Bank of Mongolia ⏎ Montenegro: Central Bank of Montenegro ⏎ Morocco: Bank of Morocco ⏎ Mozambique: Bank of Mozambique ⏎ Namibia: Bank of Namibia ⏎ Nepal: Central Bank of Nepal ⏎ Netherlands: Netherlands Bank ⏎ Netherlands A","957","990","https://archive.4plebs.org/pol/thread/149061733/#149063509","","","","","","","","","UNREVIEWED"
"137","#137","30","p0137-s030","G_CERTIFIED_CONTEXT_NOT_PAINTED","Mongolia: Bank of Mongolia","1","UNHIGHLIGHTED","0","0","23","23","Mongolia: Bank of Mongolia","NO","","","context","context: ""Mongolia: Bank of Mongolia""","NO","NO","","fragment_or_label","HIGH","LABEL_FRAGMENT_OR_DEVICE","short label, slogan, heading or symbolic device rather than a proposition","erve Bank of Malawi ⏎ Malaysia: Central Bank of Malaysia ⏎ Mali: Central Bank of West African States (BCEAO) ⏎ Malta: Central Bank of Malta ⏎ Mauritius: Bank of Mauritius ⏎ Mexico: Bank of Mexico ⏎ Moldova: National Bank of Moldova","Montenegro: Central Bank of Montenegro ⏎ Morocco: Bank of Morocco ⏎ Mozambique: Bank of Mozambique ⏎ Namibia: Bank of Namibia ⏎ Nepal: Central Bank of Nepal ⏎ Netherlands: Netherlands Bank ⏎ Netherlands Antilles: Bank of the Nether","991","1017","https://archive.4plebs.org/pol/thread/149061733/#149063509","","","","","","","","","UNREVIEWED"
"137","#137","31","p0137-s031","G_CERTIFIED_CONTEXT_NOT_PAINTED","Montenegro: Central Bank of Montenegro","1","PARTIAL_ONLY","32.35","0","23","34","Montenegro: ⋯ of Montenegro","NO","theme","theme: ""Central Bank"" [1030-1042]","context","context: ""Montenegro: Central Bank of Montenegro""","NO","NO","","fragment_or_label","HIGH","LABEL_FRAGMENT_OR_DEVICE","short label, slogan, heading or symbolic device rather than a proposition","a: Central Bank of Malaysia ⏎ Mali: Central Bank of West African States (BCEAO) ⏎ Malta: Central Bank of Malta ⏎ Mauritius: Bank of Mauritius ⏎ Mexico: Bank of Mexico ⏎ Moldova: National Bank of Moldova ⏎ Mongolia: Bank of Mongolia","Morocco: Bank of Morocco ⏎ Mozambique: Bank of Mozambique ⏎ Namibia: Bank of Namibia ⏎ Nepal: Central Bank of Nepal ⏎ Netherlands: Netherlands Bank ⏎ Netherlands Antilles: Bank of the Netherlands Antilles ⏎ New Zealand: Reserve Ban","1018","1056","https://archive.4plebs.org/pol/thread/149061733/#149063509","","","","","","","","","UNREVIEWED"
"137","#137","32","p0137-s032","G_CERTIFIED_CONTEXT_NOT_PAINTED","Morocco: Bank of Morocco","1","UNHIGHLIGHTED","0","0","21","21","Morocco: Bank of Morocco","NO","","","context","context: ""Morocco: Bank of Morocco""","NO","NO","","fragment_or_label","HIGH","LABEL_FRAGMENT_OR_DEVICE","short label, slogan, heading or symbolic device rather than a proposition","al Bank of West African States (BCEAO) ⏎ Malta: Central Bank of Malta ⏎ Mauritius: Bank of Mauritius ⏎ Mexico: Bank of Mexico ⏎ Moldova: National Bank of Moldova ⏎ Mongolia: Bank of Mongolia ⏎ Montenegro: Central Bank of Montenegro","Mozambique: Bank of Mozambique ⏎ Namibia: Bank of Namibia ⏎ Nepal: Central Bank of Nepal ⏎ Netherlands: Netherlands Bank ⏎ Netherlands Antilles: Bank of the Netherlands Antilles ⏎ New Zealand: Reserve Bank of New Zealand ⏎ Nicaragu","1057","1081","https://archive.4plebs.org/pol/thread/149061733/#149063509","","","","","","","","","UNREVIEWED"
"137","#137","33","p0137-s033","G_CERTIFIED_CONTEXT_NOT_PAINTED","Mozambique: Bank of Mozambique","1","UNHIGHLIGHTED","0","0","27","27","Mozambique: Bank of Mozambique","NO","","","context","context: ""Mozambique: Bank of Mozambique""","NO","NO","","fragment_or_label","HIGH","LABEL_FRAGMENT_OR_DEVICE","short label, slogan, heading or symbolic device rather than a proposition","tates (BCEAO) ⏎ Malta: Central Bank of Malta ⏎ Mauritius: Bank of Mauritius ⏎ Mexico: Bank of Mexico ⏎ Moldova: National Bank of Moldova ⏎ Mongolia: Bank of Mongolia ⏎ Montenegro: Central Bank of Montenegro ⏎ Morocco: Bank of Morocco","Namibia: Bank of Namibia ⏎ Nepal: Central Bank of Nepal ⏎ Netherlands: Netherlands Bank ⏎ Netherlands Antilles: Bank of the Netherlands Antilles ⏎ New Zealand: Reserve Bank of New Zealand ⏎ Nicaragua: Central Bank of Nicaragua ⏎ Ni","1082","1112","https://archive.4plebs.org/pol/thread/149061733/#149063509","","","","","","","","","UNREVIEWED"
"137","#137","34","p0137-s034","G_CERTIFIED_CONTEXT_NOT_PAINTED","Namibia: Bank of Namibia","1","UNHIGHLIGHTED","0","0","21","21","Namibia: Bank of Namibia","NO","","","context","context: ""Namibia: Bank of Namibia""","NO","NO","","fragment_or_label","HIGH","LABEL_FRAGMENT_OR_DEVICE","short label, slogan, heading or symbolic device rather than a proposition","nk of Malta ⏎ Mauritius: Bank of Mauritius ⏎ Mexico: Bank of Mexico ⏎ Moldova: National Bank of Moldova ⏎ Mongolia: Bank of Mongolia ⏎ Montenegro: Central Bank of Montenegro ⏎ Morocco: Bank of Morocco ⏎ Mozambique: Bank of Mozambique","Nepal: Central Bank of Nepal ⏎ Netherlands: Netherlands Bank ⏎ Netherlands Antilles: Bank of the Netherlands Antilles ⏎ New Zealand: Reserve Bank of New Zealand ⏎ Nicaragua: Central Bank of Nicaragua ⏎ Niger: Central Bank of West","1113","1137","https://archive.4plebs.org/pol/thread/149061733/#149063509","","","","","","","","","UNREVIEWED"
"137","#137","35","p0137-s035","G_CERTIFIED_CONTEXT_NOT_PAINTED","Nepal: Central Bank of Nepal","1","PARTIAL_ONLY","45.83","0","13","24","Nepal: ⋯ of Nepal","NO","theme","theme: ""Central Bank"" [1145-1157]","context","context: ""Nepal: Central Bank of Nepal""","NO","NO","","fragment_or_label","HIGH","LABEL_FRAGMENT_OR_DEVICE","short label, slogan, heading or symbolic device rather than a proposition","nk of Mauritius ⏎ Mexico: Bank of Mexico ⏎ Moldova: National Bank of Moldova ⏎ Mongolia: Bank of Mongolia ⏎ Montenegro: Central Bank of Montenegro ⏎ Morocco: Bank of Morocco ⏎ Mozambique: Bank of Mozambique ⏎ Namibia: Bank of Namibia","Netherlands: Netherlands Bank ⏎ Netherlands Antilles: Bank of the Netherlands Antilles ⏎ New Zealand: Reserve Bank of New Zealand ⏎ Nicaragua: Central Bank of Nicaragua ⏎ Niger: Central Bank of West African States (BCEAO) ⏎ Niger","1138","1166","https://archive.4plebs.org/pol/thread/149061733/#149063509","","","","","","","","","UNREVIEWED"
"137","#137","38","p0137-s038","G_CERTIFIED_CONTEXT_NOT_PAINTED","New Zealand: Reserve Bank of New Zealand","1","PARTIAL_ONLY","58.82","0","14","34",": Reserve Bank of","NO","namedEntity","namedEntity: ""New Zealand"" [1252-1263] || namedEntity: ""New Zealand"" [1281-1292]","context","context: ""New Zealand: Reserve Bank of New Zealand""","NO","NO","","fragment_or_label","HIGH","LABEL_FRAGMENT_OR_DEVICE","short label, slogan, heading or symbolic device rather than a proposition","ntral Bank of Montenegro ⏎ Morocco: Bank of Morocco ⏎ Mozambique: Bank of Mozambique ⏎ Namibia: Bank of Namibia ⏎ Nepal: Central Bank of Nepal ⏎ Netherlands: Netherlands Bank ⏎ Netherlands Antilles: Bank of the Netherlands Antilles","Nicaragua: Central Bank of Nicaragua ⏎ Niger: Central Bank of West African States (BCEAO) ⏎ Nigeria: Central Bank of Nigeria ⏎ Norway: Central Bank of Norway ⏎ Oman: Central Bank of Oman ⏎ Pakistan: State Bank of Pakistan","1252","1292","https://archive.4plebs.org/pol/thread/149061733/#149063509","","","","","","","","","UNREVIEWED"
"137","#137","39","p0137-s039","G_CERTIFIED_CONTEXT_NOT_PAINTED","Nicaragua: Central Bank of Nicaragua","1","PARTIAL_ONLY","34.38","0","21","32","Nicaragua: ⋯ of Nicaragua","NO","theme","theme: ""Central Bank"" [1304-1316]","context","context: ""Nicaragua: Central Bank of Nicaragua""","NO","NO","","fragment_or_label","HIGH","LABEL_FRAGMENT_OR_DEVICE","short label, slogan, heading or symbolic device rather than a proposition","Morocco ⏎ Mozambique: Bank of Mozambique ⏎ Namibia: Bank of Namibia ⏎ Nepal: Central Bank of Nepal ⏎ Netherlands: Netherlands Bank ⏎ Netherlands Antilles: Bank of the Netherlands Antilles ⏎ New Zealand: Reserve Bank of New Zealand","Niger: Central Bank of West African States (BCEAO) ⏎ Nigeria: Central Bank of Nigeria ⏎ Norway: Central Bank of Norway ⏎ Oman: Central Bank of Oman ⏎ Pakistan: State Bank of Pakistan","1293","1329","https://archive.4plebs.org/pol/thread/149061733/#149063509","","","","","","","","","UNREVIEWED"
"137","#137","41","p0137-s041","G_CERTIFIED_CONTEXT_NOT_PAINTED","Nigeria: Central Bank of Nigeria","1","PARTIAL_ONLY","39.29","0","17","28","Nigeria: ⋯ of Nigeria","NO","theme","theme: ""Central Bank"" [1390-1402]","context","context: ""Nigeria: Central Bank of Nigeria""","NO","NO","","fragment_or_label","HIGH","LABEL_FRAGMENT_OR_DEVICE","short label, slogan, heading or symbolic device rather than a proposition","Nepal ⏎ Netherlands: Netherlands Bank ⏎ Netherlands Antilles: Bank of the Netherlands Antilles ⏎ New Zealand: Reserve Bank of New Zealand ⏎ Nicaragua: Central Bank of Nicaragua ⏎ Niger: Central Bank of West African States (BCEAO)","Norway: Central Bank of Norway ⏎ Oman: Central Bank of Oman ⏎ Pakistan: State Bank of Pakistan","1381","1413","https://archive.4plebs.org/pol/thread/149061733/#149063509","","","","","","","","","UNREVIEWED"
"137","#137","42","p0137-s042","G_CERTIFIED_CONTEXT_NOT_PAINTED","Norway: Central Bank of Norway","1","PARTIAL_ONLY","88.46","0","3","26",": ⋯ of","NO","namedEntity | theme","namedEntity: ""Norway"" [1414-1420] || namedEntity: ""Norway"" [1438-1444] || theme: ""Central Bank"" [1422-1434]","context","context: ""Norway: Central Bank of Norway""","NO","NO","","fragment_or_label","HIGH","LABEL_FRAGMENT_OR_DEVICE","short label, slogan, heading or symbolic device rather than a proposition","nk ⏎ Netherlands Antilles: Bank of the Netherlands Antilles ⏎ New Zealand: Reserve Bank of New Zealand ⏎ Nicaragua: Central Bank of Nicaragua ⏎ Niger: Central Bank of West African States (BCEAO) ⏎ Nigeria: Central Bank of Nigeria","Oman: Central Bank of Oman ⏎ Pakistan: State Bank of Pakistan","1414","1444","https://archive.4plebs.org/pol/thread/149061733/#149063509","","","","","","","","","UNREVIEWED"
"137","#137","43","p0137-s043","G_CERTIFIED_CONTEXT_NOT_PAINTED","Oman: Central Bank of Oman","1","PARTIAL_ONLY","50","0","11","22","Oman: ⋯ of Oman","NO","theme","theme: ""Central Bank"" [1451-1463]","context","context: ""Oman: Central Bank of Oman""","NO","NO","","fragment_or_label","HIGH","LABEL_FRAGMENT_OR_DEVICE","short label, slogan, heading or symbolic device rather than a proposition","f the Netherlands Antilles ⏎ New Zealand: Reserve Bank of New Zealand ⏎ Nicaragua: Central Bank of Nicaragua ⏎ Niger: Central Bank of West African States (BCEAO) ⏎ Nigeria: Central Bank of Nigeria ⏎ Norway: Central Bank of Norway","Pakistan: State Bank of Pakistan","1445","1471","https://archive.4plebs.org/pol/thread/149061733/#149063509","","","","","","","","","UNREVIEWED"
"137","#137","44","p0137-s044","G_CERTIFIED_CONTEXT_NOT_PAINTED","Pakistan: State Bank of Pakistan","1","PARTIAL_ONLY","57.14","0","12","28",": State Bank of","NO","namedEntity","namedEntity: ""Pakistan"" [1472-1480] || namedEntity: ""Pakistan"" [1496-1504] || namedEntity: ""Pakistan"" [1472-1480] || namedEntity: ""Pakistan"" [1496-1504]","context","context: ""Pakistan: State Bank of Pakistan""","NO","NO","","fragment_or_label","HIGH","LABEL_FRAGMENT_OR_DEVICE","short label, slogan, heading or symbolic device rather than a proposition","New Zealand: Reserve Bank of New Zealand ⏎ Nicaragua: Central Bank of Nicaragua ⏎ Niger: Central Bank of West African States (BCEAO) ⏎ Nigeria: Central Bank of Nigeria ⏎ Norway: Central Bank of Norway ⏎ Oman: Central Bank of Oman","","1472","1504","https://archive.4plebs.org/pol/thread/149061733/#149063509","","","","","","","","","UNREVIEWED"
"138","#138","1","p0138-s001","G_CERTIFIED_CONTEXT_NOT_PAINTED","Papua New Guinea: Bank of Papua New Guinea","1","PARTIAL_ONLY","80","0","7","35",": Bank of","NO","namedEntity","namedEntity: ""Papua New Guinea"" [0-16] || namedEntity: ""Papua New Guinea"" [26-42]","context","context: ""Papua New Guinea: Bank of Papua New Guinea""","NO","NO","","fragment_or_label","HIGH","LABEL_FRAGMENT_OR_DEVICE","short label, slogan, heading or symbolic device rather than a proposition","","Paraguay: Central Bank of Paraguay ⏎ Peru: Central Reserve Bank of Peru ⏎ Philip Pines: Bangko Sentral ng Pilipinas ⏎ Poland: National Bank of Poland ⏎ Portugal: Bank of Portugal ⏎ Qatar: Qatar Central Bank ⏎ Romania: National Bank","0","42","https://archive.4plebs.org/pol/thread/149061733/#149063549","","","","","","","","","UNREVIEWED"
"138","#138","2","p0138-s002","G_CERTIFIED_CONTEXT_NOT_PAINTED","Paraguay: Central Bank of Paraguay","1","PARTIAL_ONLY","36.67","0","19","30","Paraguay: ⋯ of Paraguay","NO","theme","theme: ""Central Bank"" [53-65]","context","context: ""Paraguay: Central Bank of Paraguay""","NO","NO","","fragment_or_label","HIGH","LABEL_FRAGMENT_OR_DEVICE","short label, slogan, heading or symbolic device rather than a proposition","Papua New Guinea: Bank of Papua New Guinea","Peru: Central Reserve Bank of Peru ⏎ Philip Pines: Bangko Sentral ng Pilipinas ⏎ Poland: National Bank of Poland ⏎ Portugal: Bank of Portugal ⏎ Qatar: Qatar Central Bank ⏎ Romania: National Bank of Romania ⏎ Russia: Central Bank of","43","77","https://archive.4plebs.org/pol/thread/149061733/#149063549","","","","","","","","","UNREVIEWED"
"138","#138","3","p0138-s003","G_CERTIFIED_CONTEXT_NOT_PAINTED","Peru: Central Reserve Bank of Peru","1","UNHIGHLIGHTED","0","0","29","29","Peru: Central Reserve Bank of Peru","NO","","","context","context: ""Peru: Central Reserve Bank of Peru""","NO","NO","","fragment_or_label","HIGH","LABEL_FRAGMENT_OR_DEVICE","short label, slogan, heading or symbolic device rather than a proposition","Papua New Guinea: Bank of Papua New Guinea ⏎ Paraguay: Central Bank of Paraguay","Philip Pines: Bangko Sentral ng Pilipinas ⏎ Poland: National Bank of Poland ⏎ Portugal: Bank of Portugal ⏎ Qatar: Qatar Central Bank ⏎ Romania: National Bank of Romania ⏎ Russia: Central Bank of Russia ⏎ Rwanda: National Bank of Rw","78","112","https://archive.4plebs.org/pol/thread/149061733/#149063549","","","","","","","","","UNREVIEWED"
"138","#138","4","p0138-s004","G_CERTIFIED_CONTEXT_NOT_PAINTED","Philip Pines: Bangko Sentral ng Pilipinas","1","UNHIGHLIGHTED","0","0","36","36","Philip Pines: Bangko Sentral ng Pilipinas","NO","","","context","context: ""Philip Pines: Bangko Sentral ng Pilipinas""","NO","NO","","fragment_or_label","HIGH","LABEL_FRAGMENT_OR_DEVICE","short label, slogan, heading or symbolic device rather than a proposition","Papua New Guinea: Bank of Papua New Guinea ⏎ Paraguay: Central Bank of Paraguay ⏎ Peru: Central Reserve Bank of Peru","Poland: National Bank of Poland ⏎ Portugal: Bank of Portugal ⏎ Qatar: Qatar Central Bank ⏎ Romania: National Bank of Romania ⏎ Russia: Central Bank of Russia ⏎ Rwanda: National Bank of Rwanda ⏎ San Marino: Central Bank of the Repub","113","154","https://archive.4plebs.org/pol/thread/149061733/#149063549","","","","","","","","","UNREVIEWED"
"138","#138","5","p0138-s005","G_CERTIFIED_CONTEXT_NOT_PAINTED","Poland: National Bank of Poland","1","PARTIAL_ONLY","44.44","0","15","27",": National Bank of","NO","namedEntity","namedEntity: ""Poland"" [155-161] || namedEntity: ""Poland"" [180-186]","context","context: ""Poland: National Bank of Poland""","NO","NO","","fragment_or_label","HIGH","LABEL_FRAGMENT_OR_DEVICE","short label, slogan, heading or symbolic device rather than a proposition","Papua New Guinea: Bank of Papua New Guinea ⏎ Paraguay: Central Bank of Paraguay ⏎ Peru: Central Reserve Bank of Peru ⏎ Philip Pines: Bangko Sentral ng Pilipinas","Portugal: Bank of Portugal ⏎ Qatar: Qatar Central Bank ⏎ Romania: National Bank of Romania ⏎ Russia: Central Bank of Russia ⏎ Rwanda: National Bank of Rwanda ⏎ San Marino: Central Bank of the Republic of San Marino ⏎ Samoa: Central","155","186","https://archive.4plebs.org/pol/thread/149061733/#149063549","","","","","","","","","UNREVIEWED"
"138","#138","6","p0138-s006","G_CERTIFIED_CONTEXT_NOT_PAINTED","Portugal: Bank of Portugal","1","UNHIGHLIGHTED","0","0","23","23","Portugal: Bank of Portugal","NO","","","context","context: ""Portugal: Bank of Portugal""","NO","NO","","fragment_or_label","HIGH","LABEL_FRAGMENT_OR_DEVICE","short label, slogan, heading or symbolic device rather than a proposition","Papua New Guinea: Bank of Papua New Guinea ⏎ Paraguay: Central Bank of Paraguay ⏎ Peru: Central Reserve Bank of Peru ⏎ Philip Pines: Bangko Sentral ng Pilipinas ⏎ Poland: National Bank of Poland","Qatar: Qatar Central Bank ⏎ Romania: National Bank of Romania ⏎ Russia: Central Bank of Russia ⏎ Rwanda: National Bank of Rwanda ⏎ San Marino: Central Bank of the Republic of San Marino ⏎ Samoa: Central Bank of Samoa ⏎ Saudi Arabia","187","213","https://archive.4plebs.org/pol/thread/149061733/#149063549","","","","","","","","","UNREVIEWED"
"138","#138","8","p0138-s008","G_CERTIFIED_CONTEXT_NOT_PAINTED","Romania: National Bank of Romania","1","UNHIGHLIGHTED","0","0","29","29","Romania: National Bank of Romania","NO","","","context","context: ""Romania: National Bank of Romania""","NO","NO","","fragment_or_label","HIGH","LABEL_FRAGMENT_OR_DEVICE","short label, slogan, heading or symbolic device rather than a proposition","nk of Papua New Guinea ⏎ Paraguay: Central Bank of Paraguay ⏎ Peru: Central Reserve Bank of Peru ⏎ Philip Pines: Bangko Sentral ng Pilipinas ⏎ Poland: National Bank of Poland ⏎ Portugal: Bank of Portugal ⏎ Qatar: Qatar Central Bank","Russia: Central Bank of Russia ⏎ Rwanda: National Bank of Rwanda ⏎ San Marino: Central Bank of the Republic of San Marino ⏎ Samoa: Central Bank of Samoa ⏎ Saudi Arabia: Saudi Arabian Monetary Agency ⏎ Senegal: Central Bank of Wes","240","273","https://archive.4plebs.org/pol/thread/149061733/#149063549","","","","","","","","","UNREVIEWED"
"138","#138","9","p0138-s009","G_CERTIFIED_CONTEXT_NOT_PAINTED","Russia: Central Bank of Russia","1","PARTIAL_ONLY","88.46","0","3","26",": ⋯ of","NO","namedEntity | theme","namedEntity: ""Russia"" [274-280] || namedEntity: ""Russia"" [298-304] || namedEntity: ""Russia"" [274-280] || namedEntity: ""Russia"" [298-304] || theme: ""Central Bank"" [282-294]","context","context: ""Russia: Central Bank of Russia""","NO","NO","","fragment_or_label","HIGH","LABEL_FRAGMENT_OR_DEVICE","short label, slogan, heading or symbolic device rather than a proposition","entral Bank of Paraguay ⏎ Peru: Central Reserve Bank of Peru ⏎ Philip Pines: Bangko Sentral ng Pilipinas ⏎ Poland: National Bank of Poland ⏎ Portugal: Bank of Portugal ⏎ Qatar: Qatar Central Bank ⏎ Romania: National Bank of Romania","Rwanda: National Bank of Rwanda ⏎ San Marino: Central Bank of the Republic of San Marino ⏎ Samoa: Central Bank of Samoa ⏎ Saudi Arabia: Saudi Arabian Monetary Agency ⏎ Senegal: Central Bank of West African States (BCEAO) ⏎ Serbia","274","304","https://archive.4plebs.org/pol/thread/149061733/#149063549","","","","","","","","","UNREVIEWED"
"138","#138","10","p0138-s010","G_CERTIFIED_CONTEXT_NOT_PAINTED","Rwanda: National Bank of Rwanda","1","UNHIGHLIGHTED","0","0","27","27","Rwanda: National Bank of Rwanda","NO","","","context","context: ""Rwanda: National Bank of Rwanda""","NO","NO","","fragment_or_label","HIGH","LABEL_FRAGMENT_OR_DEVICE","short label, slogan, heading or symbolic device rather than a proposition","entral Reserve Bank of Peru ⏎ Philip Pines: Bangko Sentral ng Pilipinas ⏎ Poland: National Bank of Poland ⏎ Portugal: Bank of Portugal ⏎ Qatar: Qatar Central Bank ⏎ Romania: National Bank of Romania ⏎ Russia: Central Bank of Russia","San Marino: Central Bank of the Republic of San Marino ⏎ Samoa: Central Bank of Samoa ⏎ Saudi Arabia: Saudi Arabian Monetary Agency ⏎ Senegal: Central Bank of West African States (BCEAO) ⏎ Serbia: National Bank of Serbia ⏎ Seyche","305","336","https://archive.4plebs.org/pol/thread/149061733/#149063549","","","","","","","","","UNREVIEWED"
"138","#138","12","p0138-s012","G_CERTIFIED_CONTEXT_NOT_PAINTED","Samoa: Central Bank of Samoa","1","PARTIAL_ONLY","45.83","0","13","24","Samoa: ⋯ of Samoa","NO","theme","theme: ""Central Bank"" [399-411]","context","context: ""Samoa: Central Bank of Samoa""","NO","NO","","fragment_or_label","HIGH","LABEL_FRAGMENT_OR_DEVICE","short label, slogan, heading or symbolic device rather than a proposition","Bank of Poland ⏎ Portugal: Bank of Portugal ⏎ Qatar: Qatar Central Bank ⏎ Romania: National Bank of Romania ⏎ Russia: Central Bank of Russia ⏎ Rwanda: National Bank of Rwanda ⏎ San Marino: Central Bank of the Republic of San Marino","Saudi Arabia: Saudi Arabian Monetary Agency ⏎ Senegal: Central Bank of West African States (BCEAO) ⏎ Serbia: National Bank of Serbia ⏎ Seychelles: Central Bank of Seychelles ⏎ Sierra Leone: Bank of Sierra Leone ⏎ Singapore: Monet","392","420","https://archive.4plebs.org/pol/thread/149061733/#149063549","","","","","","","","","UNREVIEWED"
"138","#138","13","p0138-s013","G_CERTIFIED_CONTEXT_NOT_PAINTED","Saudi Arabia: Saudi Arabian Monetary Agency","1","PARTIAL_ONLY","28.95","0","27","38",": Saudi Arabian Monetary Agency","NO","namedEntity","namedEntity: ""Saudi Arabia"" [421-433]","context","context: ""Saudi Arabia: Saudi Arabian Monetary Agency""","NO","NO","","fragment_or_label","HIGH","LABEL_FRAGMENT_OR_DEVICE","short label, slogan, heading or symbolic device rather than a proposition","of Portugal ⏎ Qatar: Qatar Central Bank ⏎ Romania: National Bank of Romania ⏎ Russia: Central Bank of Russia ⏎ Rwanda: National Bank of Rwanda ⏎ San Marino: Central Bank of the Republic of San Marino ⏎ Samoa: Central Bank of Samoa","Senegal: Central Bank of West African States (BCEAO) ⏎ Serbia: National Bank of Serbia ⏎ Seychelles: Central Bank of Seychelles ⏎ Sierra Leone: Bank of Sierra Leone ⏎ Singapore: Monetary Authority of Singapore ⏎ Slovakia: Nationa","421","464","https://archive.4plebs.org/pol/thread/149061733/#149063549","","","","","","","","","UNREVIEWED"
"138","#138","15","p0138-s015","G_CERTIFIED_CONTEXT_NOT_PAINTED","Serbia: National Bank of Serbia","1","UNHIGHLIGHTED","0","0","27","27","Serbia: National Bank of Serbia","NO","","","context","context: ""Serbia: National Bank of Serbia""","NO","NO","","fragment_or_label","HIGH","LABEL_FRAGMENT_OR_DEVICE","short label, slogan, heading or symbolic device rather than a proposition","Russia ⏎ Rwanda: National Bank of Rwanda ⏎ San Marino: Central Bank of the Republic of San Marino ⏎ Samoa: Central Bank of Samoa ⏎ Saudi Arabia: Saudi Arabian Monetary Agency ⏎ Senegal: Central Bank of West African States (BCEAO)","Seychelles: Central Bank of Seychelles ⏎ Sierra Leone: Bank of Sierra Leone ⏎ Singapore: Monetary Authority of Singapore ⏎ Slovakia: National Bank of Slovakia ⏎ Slovenia: Bank of Slovenia ⏎ Solomon Islands: Central Bank of Solomo","518","549","https://archive.4plebs.org/pol/thread/149061733/#149063549","","","","","","","","","UNREVIEWED"
"138","#138","16","p0138-s016","G_CERTIFIED_CONTEXT_NOT_PAINTED","Seychelles: Central Bank of Seychelles","1","PARTIAL_ONLY","32.35","0","23","34","Seychelles: ⋯ of Seychelles","NO","theme","theme: ""Central Bank"" [562-574]","context","context: ""Seychelles: Central Bank of Seychelles""","NO","NO","","fragment_or_label","HIGH","LABEL_FRAGMENT_OR_DEVICE","short label, slogan, heading or symbolic device rather than a proposition","Rwanda ⏎ San Marino: Central Bank of the Republic of San Marino ⏎ Samoa: Central Bank of Samoa ⏎ Saudi Arabia: Saudi Arabian Monetary Agency ⏎ Senegal: Central Bank of West African States (BCEAO) ⏎ Serbia: National Bank of Serbia","Sierra Leone: Bank of Sierra Leone ⏎ Singapore: Monetary Authority of Singapore ⏎ Slovakia: National Bank of Slovakia ⏎ Slovenia: Bank of Slovenia ⏎ Solomon Islands: Central Bank of Solomon Islands ⏎ South Africa: South African R","550","588","https://archive.4plebs.org/pol/thread/149061733/#149063549","","","","","","","","","UNREVIEWED"
"138","#138","17","p0138-s017","G_CERTIFIED_CONTEXT_NOT_PAINTED","Sierra Leone: Bank of Sierra Leone","1","PARTIAL_ONLY","75.86","0","7","29",": Bank of","NO","namedEntity","namedEntity: ""Sierra Leone"" [589-601] || namedEntity: ""Sierra Leone"" [611-623]","context","context: ""Sierra Leone: Bank of Sierra Leone""","NO","NO","","fragment_or_label","HIGH","LABEL_FRAGMENT_OR_DEVICE","short label, slogan, heading or symbolic device rather than a proposition","Republic of San Marino ⏎ Samoa: Central Bank of Samoa ⏎ Saudi Arabia: Saudi Arabian Monetary Agency ⏎ Senegal: Central Bank of West African States (BCEAO) ⏎ Serbia: National Bank of Serbia ⏎ Seychelles: Central Bank of Seychelles","Singapore: Monetary Authority of Singapore ⏎ Slovakia: National Bank of Slovakia ⏎ Slovenia: Bank of Slovenia ⏎ Solomon Islands: Central Bank of Solomon Islands ⏎ South Africa: South African Reserve Bank ⏎ Spain: Bank of Spain ⏎ Sr","589","623","https://archive.4plebs.org/pol/thread/149061733/#149063549","","","","","","","","","UNREVIEWED"
"138","#138","18","p0138-s018","G_CERTIFIED_CONTEXT_NOT_PAINTED","Singapore: Monetary Authority of Singapore","1","PARTIAL_ONLY","47.37","0","20","38",": Monetary Authority of","NO","namedEntity","namedEntity: ""Singapore"" [624-633] || namedEntity: ""Singapore"" [657-666]","context","context: ""Singapore: Monetary Authority of Singapore""","NO","NO","","fragment_or_label","HIGH","LABEL_FRAGMENT_OR_DEVICE","short label, slogan, heading or symbolic device rather than a proposition","al Bank of Samoa ⏎ Saudi Arabia: Saudi Arabian Monetary Agency ⏎ Senegal: Central Bank of West African States (BCEAO) ⏎ Serbia: National Bank of Serbia ⏎ Seychelles: Central Bank of Seychelles ⏎ Sierra Leone: Bank of Sierra Leone","Slovakia: National Bank of Slovakia ⏎ Slovenia: Bank of Slovenia ⏎ Solomon Islands: Central Bank of Solomon Islands ⏎ South Africa: South African Reserve Bank ⏎ Spain: Bank of Spain ⏎ Sri Lanka: Central Bank of Sri Lanka ⏎ Sudan: B","624","666","https://archive.4plebs.org/pol/thread/149061733/#149063549","","","","","","","","","UNREVIEWED"
"138","#138","19","p0138-s019","G_CERTIFIED_CONTEXT_NOT_PAINTED","Slovakia: National Bank of Slovakia","1","UNHIGHLIGHTED","0","0","31","31","Slovakia: National Bank of Slovakia","NO","","","context","context: ""Slovakia: National Bank of Slovakia""","NO","NO","","fragment_or_label","HIGH","LABEL_FRAGMENT_OR_DEVICE","short label, slogan, heading or symbolic device rather than a proposition","n Monetary Agency ⏎ Senegal: Central Bank of West African States (BCEAO) ⏎ Serbia: National Bank of Serbia ⏎ Seychelles: Central Bank of Seychelles ⏎ Sierra Leone: Bank of Sierra Leone ⏎ Singapore: Monetary Authority of Singapore","Slovenia: Bank of Slovenia ⏎ Solomon Islands: Central Bank of Solomon Islands ⏎ South Africa: South African Reserve Bank ⏎ Spain: Bank of Spain ⏎ Sri Lanka: Central Bank of Sri Lanka ⏎ Sudan: Bank of Sudan ⏎ Surinam: Central Bank o","667","702","https://archive.4plebs.org/pol/thread/149061733/#149063549","","","","","","","","","UNREVIEWED"
"138","#138","20","p0138-s020","G_CERTIFIED_CONTEXT_NOT_PAINTED","Slovenia: Bank of Slovenia","1","UNHIGHLIGHTED","0","0","23","23","Slovenia: Bank of Slovenia","NO","","","context","context: ""Slovenia: Bank of Slovenia""","NO","NO","","fragment_or_label","HIGH","LABEL_FRAGMENT_OR_DEVICE","short label, slogan, heading or symbolic device rather than a proposition","ank of West African States (BCEAO) ⏎ Serbia: National Bank of Serbia ⏎ Seychelles: Central Bank of Seychelles ⏎ Sierra Leone: Bank of Sierra Leone ⏎ Singapore: Monetary Authority of Singapore ⏎ Slovakia: National Bank of Slovakia","Solomon Islands: Central Bank of Solomon Islands ⏎ South Africa: South African Reserve Bank ⏎ Spain: Bank of Spain ⏎ Sri Lanka: Central Bank of Sri Lanka ⏎ Sudan: Bank of Sudan ⏎ Surinam: Central Bank of Suriname ⏎ Swaziland: The C","703","729","https://archive.4plebs.org/pol/thread/149061733/#149063549","","","","","","","","","UNREVIEWED"
"138","#138","22","p0138-s022","G_CERTIFIED_CONTEXT_NOT_PAINTED","South Africa: South African Reserve Bank","1","PARTIAL_ONLY","31.43","0","24","35",": South African Reserve Bank","NO","namedEntity","namedEntity: ""South Africa"" [779-791]","context","context: ""South Africa: South African Reserve Bank""","NO","NO","","fragment_or_label","HIGH","LABEL_FRAGMENT_OR_DEVICE","short label, slogan, heading or symbolic device rather than a proposition","s: Central Bank of Seychelles ⏎ Sierra Leone: Bank of Sierra Leone ⏎ Singapore: Monetary Authority of Singapore ⏎ Slovakia: National Bank of Slovakia ⏎ Slovenia: Bank of Slovenia ⏎ Solomon Islands: Central Bank of Solomon Islands","Spain: Bank of Spain ⏎ Sri Lanka: Central Bank of Sri Lanka ⏎ Sudan: Bank of Sudan ⏎ Surinam: Central Bank of Suriname ⏎ Swaziland: The Central Bank of Swaziland ⏎ Sweden: Sveriges Riksbank ⏎ Switzerland: Swiss National Bank ⏎ Tajiki","779","819","https://archive.4plebs.org/pol/thread/149061733/#149063549","","","","","","","","","UNREVIEWED"
"138","#138","23","p0138-s023","G_CERTIFIED_CONTEXT_NOT_PAINTED","Spain: Bank of Spain","1","PARTIAL_ONLY","58.82","0","7","17",": Bank of","NO","namedEntity","namedEntity: ""Spain"" [820-825] || namedEntity: ""Spain"" [835-840]","context","context: ""Spain: Bank of Spain""","NO","NO","","fragment_or_label","HIGH","LABEL_FRAGMENT_OR_DEVICE","short label, slogan, heading or symbolic device rather than a proposition","e: Bank of Sierra Leone ⏎ Singapore: Monetary Authority of Singapore ⏎ Slovakia: National Bank of Slovakia ⏎ Slovenia: Bank of Slovenia ⏎ Solomon Islands: Central Bank of Solomon Islands ⏎ South Africa: South African Reserve Bank","Sri Lanka: Central Bank of Sri Lanka ⏎ Sudan: Bank of Sudan ⏎ Surinam: Central Bank of Suriname ⏎ Swaziland: The Central Bank of Swaziland ⏎ Sweden: Sveriges Riksbank ⏎ Switzerland: Swiss National Bank ⏎ Tajikistan: National Bank o","820","840","https://archive.4plebs.org/pol/thread/149061733/#149063549","","","","","","","","","UNREVIEWED"
"138","#138","24","p0138-s024","G_CERTIFIED_CONTEXT_NOT_PAINTED","Sri Lanka: Central Bank of Sri Lanka","1","PARTIAL_ONLY","90","0","3","30",": ⋯ of","NO","namedEntity | theme","namedEntity: ""Sri Lanka"" [841-850] || namedEntity: ""Sri Lanka"" [868-877] || theme: ""Central Bank"" [852-864]","context","context: ""Sri Lanka: Central Bank of Sri Lanka""","NO","NO","","fragment_or_label","HIGH","LABEL_FRAGMENT_OR_DEVICE","short label, slogan, heading or symbolic device rather than a proposition","ne ⏎ Singapore: Monetary Authority of Singapore ⏎ Slovakia: National Bank of Slovakia ⏎ Slovenia: Bank of Slovenia ⏎ Solomon Islands: Central Bank of Solomon Islands ⏎ South Africa: South African Reserve Bank ⏎ Spain: Bank of Spain","Sudan: Bank of Sudan ⏎ Surinam: Central Bank of Suriname ⏎ Swaziland: The Central Bank of Swaziland ⏎ Sweden: Sveriges Riksbank ⏎ Switzerland: Swiss National Bank ⏎ Tajikistan: National Bank of Tajikistan ⏎ Tanzania: Bank of Tanzan","841","877","https://archive.4plebs.org/pol/thread/149061733/#149063549","","","","","","","","","UNREVIEWED"
"138","#138","25","p0138-s025","G_CERTIFIED_CONTEXT_NOT_PAINTED","Sudan: Bank of Sudan","1","PARTIAL_ONLY","58.82","0","7","17",": Bank of","NO","namedEntity","namedEntity: ""Sudan"" [878-883] || namedEntity: ""Sudan"" [893-898]","context","context: ""Sudan: Bank of Sudan""","NO","NO","","fragment_or_label","HIGH","LABEL_FRAGMENT_OR_DEVICE","short label, slogan, heading or symbolic device rather than a proposition","ingapore ⏎ Slovakia: National Bank of Slovakia ⏎ Slovenia: Bank of Slovenia ⏎ Solomon Islands: Central Bank of Solomon Islands ⏎ South Africa: South African Reserve Bank ⏎ Spain: Bank of Spain ⏎ Sri Lanka: Central Bank of Sri Lanka","Surinam: Central Bank of Suriname ⏎ Swaziland: The Central Bank of Swaziland ⏎ Sweden: Sveriges Riksbank ⏎ Switzerland: Swiss National Bank ⏎ Tajikistan: National Bank of Tajikistan ⏎ Tanzania: Bank of Tanzania ⏎ Thailand: Bank of","878","898","https://archive.4plebs.org/pol/thread/149061733/#149063549","","","","","","","","","UNREVIEWED"
"138","#138","26","p0138-s026","G_CERTIFIED_CONTEXT_NOT_PAINTED","Surinam: Central Bank of Suriname","1","PARTIAL_ONLY","37.93","0","18","29","Surinam: ⋯ of Suriname","NO","theme","theme: ""Central Bank"" [908-920]","context","context: ""Surinam: Central Bank of Suriname""","NO","NO","","fragment_or_label","HIGH","LABEL_FRAGMENT_OR_DEVICE","short label, slogan, heading or symbolic device rather than a proposition","tional Bank of Slovakia ⏎ Slovenia: Bank of Slovenia ⏎ Solomon Islands: Central Bank of Solomon Islands ⏎ South Africa: South African Reserve Bank ⏎ Spain: Bank of Spain ⏎ Sri Lanka: Central Bank of Sri Lanka ⏎ Sudan: Bank of Sudan","Swaziland: The Central Bank of Swaziland ⏎ Sweden: Sveriges Riksbank ⏎ Switzerland: Swiss National Bank ⏎ Tajikistan: National Bank of Tajikistan ⏎ Tanzania: Bank of Tanzania ⏎ Thailand: Bank of Thailand ⏎ Togo: Central Bank of Wes","899","932","https://archive.4plebs.org/pol/thread/149061733/#149063549","","","","","","","","","UNREVIEWED"
"138","#138","27","p0138-s027","G_CERTIFIED_CONTEXT_NOT_PAINTED","Swaziland: The Central Bank of Swaziland","1","PARTIAL_ONLY","31.43","0","24","35","Swaziland: The ⋯ of Swaziland","NO","theme","theme: ""Central Bank"" [948-960]","context","context: ""Swaziland: The Central Bank of Swaziland""","NO","NO","","fragment_or_label","HIGH","LABEL_FRAGMENT_OR_DEVICE","short label, slogan, heading or symbolic device rather than a proposition","Bank of Slovenia ⏎ Solomon Islands: Central Bank of Solomon Islands ⏎ South Africa: South African Reserve Bank ⏎ Spain: Bank of Spain ⏎ Sri Lanka: Central Bank of Sri Lanka ⏎ Sudan: Bank of Sudan ⏎ Surinam: Central Bank of Suriname","Sweden: Sveriges Riksbank ⏎ Switzerland: Swiss National Bank ⏎ Tajikistan: National Bank of Tajikistan ⏎ Tanzania: Bank of Tanzania ⏎ Thailand: Bank of Thailand ⏎ Togo: Central Bank of West African States (BCEAO) ⏎ Tonga: National","933","973","https://archive.4plebs.org/pol/thread/149061733/#149063549","","","","","","","","","UNREVIEWED"
"138","#138","28","p0138-s028","G_CERTIFIED_CONTEXT_NOT_PAINTED","Sweden: Sveriges Riksbank","1","PARTIAL_ONLY","26.09","0","17","23",": Sveriges Riksbank","NO","namedEntity","namedEntity: ""Sweden"" [974-980]","context","context: ""Sweden: Sveriges Riksbank""","NO","NO","","fragment_or_label","HIGH","LABEL_FRAGMENT_OR_DEVICE","short label, slogan, heading or symbolic device rather than a proposition","Bank of Solomon Islands ⏎ South Africa: South African Reserve Bank ⏎ Spain: Bank of Spain ⏎ Sri Lanka: Central Bank of Sri Lanka ⏎ Sudan: Bank of Sudan ⏎ Surinam: Central Bank of Suriname ⏎ Swaziland: The Central Bank of Swaziland","Switzerland: Swiss National Bank ⏎ Tajikistan: National Bank of Tajikistan ⏎ Tanzania: Bank of Tanzania ⏎ Thailand: Bank of Thailand ⏎ Togo: Central Bank of West African States (BCEAO) ⏎ Tonga: National Reserve Bank of Tonga ⏎ Trin","974","999","https://archive.4plebs.org/pol/thread/149061733/#149063549","","","","","","","","","UNREVIEWED"
"138","#138","29","p0138-s029","G_CERTIFIED_CONTEXT_NOT_PAINTED","Switzerland: Swiss National Bank","1","PARTIAL_ONLY","37.93","0","18","29",": Swiss National Bank","NO","namedEntity","namedEntity: ""Switzerland"" [1000-1011]","context","context: ""Switzerland: Swiss National Bank""","NO","NO","","fragment_or_label","HIGH","LABEL_FRAGMENT_OR_DEVICE","short label, slogan, heading or symbolic device rather than a proposition","outh Africa: South African Reserve Bank ⏎ Spain: Bank of Spain ⏎ Sri Lanka: Central Bank of Sri Lanka ⏎ Sudan: Bank of Sudan ⏎ Surinam: Central Bank of Suriname ⏎ Swaziland: The Central Bank of Swaziland ⏎ Sweden: Sveriges Riksbank","Tajikistan: National Bank of Tajikistan ⏎ Tanzania: Bank of Tanzania ⏎ Thailand: Bank of Thailand ⏎ Togo: Central Bank of West African States (BCEAO) ⏎ Tonga: National Reserve Bank of Tonga ⏎ Trinidad and Tobago: Central Bank of","1000","1032","https://archive.4plebs.org/pol/thread/149061733/#149063549","","","","","","","","","UNREVIEWED"
"138","#138","30","p0138-s030","G_CERTIFIED_CONTEXT_NOT_PAINTED","Tajikistan: National Bank of Tajikistan","1","UNHIGHLIGHTED","0","0","35","35","Tajikistan: National Bank of Tajikistan","NO","","","context","context: ""Tajikistan: National Bank of Tajikistan""","NO","NO","","fragment_or_label","HIGH","LABEL_FRAGMENT_OR_DEVICE","short label, slogan, heading or symbolic device rather than a proposition","e Bank ⏎ Spain: Bank of Spain ⏎ Sri Lanka: Central Bank of Sri Lanka ⏎ Sudan: Bank of Sudan ⏎ Surinam: Central Bank of Suriname ⏎ Swaziland: The Central Bank of Swaziland ⏎ Sweden: Sveriges Riksbank ⏎ Switzerland: Swiss National Bank","Tanzania: Bank of Tanzania ⏎ Thailand: Bank of Thailand ⏎ Togo: Central Bank of West African States (BCEAO) ⏎ Tonga: National Reserve Bank of Tonga ⏎ Trinidad and Tobago: Central Bank of Trinidad and Tobago ⏎ Tunisia: Central Ban","1033","1072","https://archive.4plebs.org/pol/thread/149061733/#149063549","","","","","","","","","UNREVIEWED"
"138","#138","31","p0138-s031","G_CERTIFIED_CONTEXT_NOT_PAINTED","Tanzania: Bank of Tanzania","1","PARTIAL_ONLY","69.57","0","7","23",": Bank of","NO","namedEntity","namedEntity: ""Tanzania"" [1073-1081] || namedEntity: ""Tanzania"" [1091-1099]","context","context: ""Tanzania: Bank of Tanzania""","NO","NO","","fragment_or_label","HIGH","LABEL_FRAGMENT_OR_DEVICE","short label, slogan, heading or symbolic device rather than a proposition","entral Bank of Sri Lanka ⏎ Sudan: Bank of Sudan ⏎ Surinam: Central Bank of Suriname ⏎ Swaziland: The Central Bank of Swaziland ⏎ Sweden: Sveriges Riksbank ⏎ Switzerland: Swiss National Bank ⏎ Tajikistan: National Bank of Tajikistan","Thailand: Bank of Thailand ⏎ Togo: Central Bank of West African States (BCEAO) ⏎ Tonga: National Reserve Bank of Tonga ⏎ Trinidad and Tobago: Central Bank of Trinidad and Tobago ⏎ Tunisia: Central Bank of Tunisia ⏎ Turkey: Centra","1073","1099","https://archive.4plebs.org/pol/thread/149061733/#149063549","","","","","","","","","UNREVIEWED"
"138","#138","32","p0138-s032","G_CERTIFIED_CONTEXT_NOT_PAINTED","Thailand: Bank of Thailand","1","UNHIGHLIGHTED","0","0","23","23","Thailand: Bank of Thailand","NO","","","context","context: ""Thailand: Bank of Thailand""","NO","NO","","fragment_or_label","HIGH","LABEL_FRAGMENT_OR_DEVICE","short label, slogan, heading or symbolic device rather than a proposition","dan: Bank of Sudan ⏎ Surinam: Central Bank of Suriname ⏎ Swaziland: The Central Bank of Swaziland ⏎ Sweden: Sveriges Riksbank ⏎ Switzerland: Swiss National Bank ⏎ Tajikistan: National Bank of Tajikistan ⏎ Tanzania: Bank of Tanzania","Togo: Central Bank of West African States (BCEAO) ⏎ Tonga: National Reserve Bank of Tonga ⏎ Trinidad and Tobago: Central Bank of Trinidad and Tobago ⏎ Tunisia: Central Bank of Tunisia ⏎ Turkey: Central Bank of the Republic of T","1100","1126","https://archive.4plebs.org/pol/thread/149061733/#149063549","","","","","","","","","UNREVIEWED"
"138","#138","34","p0138-s034","G_CERTIFIED_CONTEXT_NOT_PAINTED","Tonga: National Reserve Bank of Tonga","1","UNHIGHLIGHTED","0","0","32","32","Tonga: National Reserve Bank of Tonga","NO","","","context","context: ""Tonga: National Reserve Bank of Tonga""","NO","NO","","fragment_or_label","HIGH","LABEL_FRAGMENT_OR_DEVICE","short label, slogan, heading or symbolic device rather than a proposition","ank of Swaziland ⏎ Sweden: Sveriges Riksbank ⏎ Switzerland: Swiss National Bank ⏎ Tajikistan: National Bank of Tajikistan ⏎ Tanzania: Bank of Tanzania ⏎ Thailand: Bank of Thailand ⏎ Togo: Central Bank of West African States (BCEAO)","Trinidad and Tobago: Central Bank of Trinidad and Tobago ⏎ Tunisia: Central Bank of Tunisia ⏎ Turkey: Central Bank of the Republic of Turkey ⏎ Uganda: Bank of Uganda ⏎ Ukraine: National Bank of Ukraine ⏎ United Arab Emirates: Cen","1177","1214","https://archive.4plebs.org/pol/thread/149061733/#149063549","","","","","","","","","UNREVIEWED"
"138","#138","36","p0138-s036","G_CERTIFIED_CONTEXT_NOT_PAINTED","Tunisia: Central Bank of Tunisia","1","PARTIAL_ONLY","39.29","0","17","28","Tunisia: ⋯ of Tunisia","NO","theme","theme: ""Central Bank"" [1281-1293]","context","context: ""Tunisia: Central Bank of Tunisia""","NO","NO","","fragment_or_label","HIGH","LABEL_FRAGMENT_OR_DEVICE","short label, slogan, heading or symbolic device rather than a proposition","l Bank of Tajikistan ⏎ Tanzania: Bank of Tanzania ⏎ Thailand: Bank of Thailand ⏎ Togo: Central Bank of West African States (BCEAO) ⏎ Tonga: National Reserve Bank of Tonga ⏎ Trinidad and Tobago: Central Bank of Trinidad and Tobago","Turkey: Central Bank of the Republic of Turkey ⏎ Uganda: Bank of Uganda ⏎ Ukraine: National Bank of Ukraine ⏎ United Arab Emirates: Central Bank of United Arab Emirates ⏎ United Kingdom: Bank of England ⏎ United States: Federal R","1272","1304","https://archive.4plebs.org/pol/thread/149061733/#149063549","","","","","","","","","UNREVIEWED"
"138","#138","38","p0138-s038","G_CERTIFIED_CONTEXT_NOT_PAINTED","Uganda: Bank of Uganda","1","UNHIGHLIGHTED","0","0","19","19","Uganda: Bank of Uganda","NO","","","context","context: ""Uganda: Bank of Uganda""","NO","NO","","fragment_or_label","HIGH","LABEL_FRAGMENT_OR_DEVICE","short label, slogan, heading or symbolic device rather than a proposition","Central Bank of West African States (BCEAO) ⏎ Tonga: National Reserve Bank of Tonga ⏎ Trinidad and Tobago: Central Bank of Trinidad and Tobago ⏎ Tunisia: Central Bank of Tunisia ⏎ Turkey: Central Bank of the Republic of Turkey","Ukraine: National Bank of Ukraine ⏎ United Arab Emirates: Central Bank of United Arab Emirates ⏎ United Kingdom: Bank of England ⏎ United States: Federal Reserve, Federal Reserve Bank of New York ⏎ Vanuatu: Reserve Bank of Vanu","1352","1374","https://archive.4plebs.org/pol/thread/149061733/#149063549","","","","","","","","","UNREVIEWED"
"138","#138","39","p0138-s039","G_CERTIFIED_CONTEXT_NOT_PAINTED","Ukraine: National Bank of Ukraine","1","PARTIAL_ONLY","48.28","0","15","29",": National Bank of","NO","namedEntity","namedEntity: ""Ukraine"" [1375-1382] || namedEntity: ""Ukraine"" [1401-1408] || namedEntity: ""Ukraine"" [1375-1382] || namedEntity: ""Ukraine"" [1401-1408]","context","context: ""Ukraine: National Bank of Ukraine""","NO","NO","","fragment_or_label","HIGH","LABEL_FRAGMENT_OR_DEVICE","short label, slogan, heading or symbolic device rather than a proposition","frican States (BCEAO) ⏎ Tonga: National Reserve Bank of Tonga ⏎ Trinidad and Tobago: Central Bank of Trinidad and Tobago ⏎ Tunisia: Central Bank of Tunisia ⏎ Turkey: Central Bank of the Republic of Turkey ⏎ Uganda: Bank of Uganda","United Arab Emirates: Central Bank of United Arab Emirates ⏎ United Kingdom: Bank of England ⏎ United States: Federal Reserve, Federal Reserve Bank of New York ⏎ Vanuatu: Reserve Bank of Vanuatu ⏎ Venezuela: Central Bank of Ven","1375","1408","https://archive.4plebs.org/pol/thread/149061733/#149063549","","","","","","","","","UNREVIEWED"
"138","#138","43","p0138-s043","G_CERTIFIED_CONTEXT_NOT_PAINTED","Vanuatu: Reserve Bank of Vanuatu","1","UNHIGHLIGHTED","0","0","28","28","Vanuatu: Reserve Bank of Vanuatu","NO","","","context","context: ""Vanuatu: Reserve Bank of Vanuatu""","NO","NO","","fragment_or_label","HIGH","LABEL_FRAGMENT_OR_DEVICE","short label, slogan, heading or symbolic device rather than a proposition","Turkey ⏎ Uganda: Bank of Uganda ⏎ Ukraine: National Bank of Ukraine ⏎ United Arab Emirates: Central Bank of United Arab Emirates ⏎ United Kingdom: Bank of England ⏎ United States: Federal Reserve, Federal Reserve Bank of New York","Venezuela: Central Bank of Venezuela ⏎ Vietnam: The State Bank of Vietnam ⏎ Yemen: Central Bank of Yemen ⏎ Zambia: Bank of Zambia ⏎ Zimbabwe: Reserve Bank of Zimbabwe ⏎ The FED and the IRS ⏎ FACT: US Federal Reserve is a privately-","1565","1597","https://archive.4plebs.org/pol/thread/149061733/#149063549","","","","","","","","","UNREVIEWED"
"138","#138","44","p0138-s044","G_CERTIFIED_CONTEXT_NOT_PAINTED","Venezuela: Central Bank of Venezuela","1","PARTIAL_ONLY","90.63","0","3","32",": ⋯ of","NO","namedEntity | theme","namedEntity: ""Venezuela"" [1598-1607] || namedEntity: ""Venezuela"" [1625-1634] || theme: ""Central Bank"" [1609-1621]","context","context: ""Venezuela: Central Bank of Venezuela""","NO","NO","","fragment_or_label","HIGH","LABEL_FRAGMENT_OR_DEVICE","short label, slogan, heading or symbolic device rather than a proposition","aine: National Bank of Ukraine ⏎ United Arab Emirates: Central Bank of United Arab Emirates ⏎ United Kingdom: Bank of England ⏎ United States: Federal Reserve, Federal Reserve Bank of New York ⏎ Vanuatu: Reserve Bank of Vanuatu","Vietnam: The State Bank of Vietnam ⏎ Yemen: Central Bank of Yemen ⏎ Zambia: Bank of Zambia ⏎ Zimbabwe: Reserve Bank of Zimbabwe ⏎ The FED and the IRS ⏎ FACT: US Federal Reserve is a privately-owned company, sitting on its very ow","1598","1634","https://archive.4plebs.org/pol/thread/149061733/#149063549","","","","","","","","","UNREVIEWED"
"138","#138","45","p0138-s045","G_CERTIFIED_CONTEXT_NOT_PAINTED","Vietnam: The State Bank of Vietnam","1","PARTIAL_ONLY","48.28","0","15","29",": The State Bank of","NO","namedEntity","namedEntity: ""Vietnam"" [1635-1642] || namedEntity: ""Vietnam"" [1662-1669]","context","context: ""Vietnam: The State Bank of Vietnam""","NO","NO","","fragment_or_label","HIGH","LABEL_FRAGMENT_OR_DEVICE","short label, slogan, heading or symbolic device rather than a proposition","Arab Emirates: Central Bank of United Arab Emirates ⏎ United Kingdom: Bank of England ⏎ United States: Federal Reserve, Federal Reserve Bank of New York ⏎ Vanuatu: Reserve Bank of Vanuatu ⏎ Venezuela: Central Bank of Venezuela","Yemen: Central Bank of Yemen ⏎ Zambia: Bank of Zambia ⏎ Zimbabwe: Reserve Bank of Zimbabwe ⏎ The FED and the IRS ⏎ FACT: US Federal Reserve is a privately-owned company, sitting on its very own patch of land, immune to the US l","1635","1669","https://archive.4plebs.org/pol/thread/149061733/#149063549","","","","","","","","","UNREVIEWED"
"138","#138","46","p0138-s046","G_CERTIFIED_CONTEXT_NOT_PAINTED","Yemen: Central Bank of Yemen","1","PARTIAL_ONLY","87.5","0","3","24",": ⋯ of","NO","namedEntity | theme","namedEntity: ""Yemen"" [1670-1675] || namedEntity: ""Yemen"" [1693-1698] || theme: ""Central Bank"" [1677-1689]","context","context: ""Yemen: Central Bank of Yemen""","NO","NO","","fragment_or_label","HIGH","LABEL_FRAGMENT_OR_DEVICE","short label, slogan, heading or symbolic device rather than a proposition","ted Arab Emirates ⏎ United Kingdom: Bank of England ⏎ United States: Federal Reserve, Federal Reserve Bank of New York ⏎ Vanuatu: Reserve Bank of Vanuatu ⏎ Venezuela: Central Bank of Venezuela ⏎ Vietnam: The State Bank of Vietnam","Zambia: Bank of Zambia ⏎ Zimbabwe: Reserve Bank of Zimbabwe ⏎ The FED and the IRS ⏎ FACT: US Federal Reserve is a privately-owned company, sitting on its very own patch of land, immune to the US laws. ⏎ Q","1670","1698","https://archive.4plebs.org/pol/thread/149061733/#149063549","","","","","","","","","UNREVIEWED"
"138","#138","47","p0138-s047","G_CERTIFIED_CONTEXT_NOT_PAINTED","Zambia: Bank of Zambia","1","UNHIGHLIGHTED","0","0","19","19","Zambia: Bank of Zambia","NO","","","context","context: ""Zambia: Bank of Zambia""","NO","NO","","fragment_or_label","HIGH","LABEL_FRAGMENT_OR_DEVICE","short label, slogan, heading or symbolic device rather than a proposition","dom: Bank of England ⏎ United States: Federal Reserve, Federal Reserve Bank of New York ⏎ Vanuatu: Reserve Bank of Vanuatu ⏎ Venezuela: Central Bank of Venezuela ⏎ Vietnam: The State Bank of Vietnam ⏎ Yemen: Central Bank of Yemen","Zimbabwe: Reserve Bank of Zimbabwe ⏎ The FED and the IRS ⏎ FACT: US Federal Reserve is a privately-owned company, sitting on its very own patch of land, immune to the US laws. ⏎ Q","1699","1721","https://archive.4plebs.org/pol/thread/149061733/#149063549","","","","","","","","","UNREVIEWED"
"138","#138","48","p0138-s048","G_CERTIFIED_CONTEXT_NOT_PAINTED","Zimbabwe: Reserve Bank of Zimbabwe","1","UNHIGHLIGHTED","0","0","30","30","Zimbabwe: Reserve Bank of Zimbabwe","NO","","","context","context: ""Zimbabwe: Reserve Bank of Zimbabwe""","NO","NO","","fragment_or_label","HIGH","LABEL_FRAGMENT_OR_DEVICE","short label, slogan, heading or symbolic device rather than a proposition","ited States: Federal Reserve, Federal Reserve Bank of New York ⏎ Vanuatu: Reserve Bank of Vanuatu ⏎ Venezuela: Central Bank of Venezuela ⏎ Vietnam: The State Bank of Vietnam ⏎ Yemen: Central Bank of Yemen ⏎ Zambia: Bank of Zambia","The FED and the IRS ⏎ FACT: US Federal Reserve is a privately-owned company, sitting on its very own patch of land, immune to the US laws. ⏎ Q","1722","1756","https://archive.4plebs.org/pol/thread/149061733/#149063549","","","","","","","","","UNREVIEWED"
"145","#145","1","p0145-s001","G_CERTIFIED_CONTEXT_NOT_PAINTED","::::WARNING::::","2","UNHIGHLIGHTED","0","0","15","15","::::WARNING::::","NO","","","context","context: ""::::WARNING::::""","NO","NO","","colon_or_semicolon_block","HIGH","CLAIM_CANDIDATE","declarative prose — decide Q-authored claim vs quoted claim vs aphorism","","This is not a game! ⏎ DIRECT ATTACK TODAY BY NYT/CLOWNS IN AMERICA: ⏎ https://www.nytimes.com/2017/11/12/us/nsa-shadow-brokers.html ⏎ Do you believe in coincidences?  ⏎ How many coincidences do you need before you believe? ⏎ This","0","15","https://archive.4plebs.org/pol/thread/149151586/#149151705","","","","","","","","","UNREVIEWED"
"145","#145","3","p0145-s003","G_CERTIFIED_CONTEXT_NOT_PAINTED","DIRECT ATTACK TODAY BY NYT/CLOWNS IN AMERICA:","2","PARTIAL_ONLY","25.64","0","29","39","DIRECT ATTACK TODAY BY ⋯ /CLOWNS IN ⋯ :","NO","namedEntity","namedEntity: ""AMERICA"" [73-80] || namedEntity: ""NYT"" [59-62]","context | code","context: ""DIRECT ATTACK TODAY BY NYT/CLOWNS IN AMERICA:"" || code: ""CLOWNS IN AMERICA""","NO","NO","","colon_or_semicolon_block","HIGH","CLAIM_CANDIDATE","declarative prose — decide Q-authored claim vs quoted claim vs aphorism","::::WARNING:::: ⏎ This is not a game!","https://www.nytimes.com/2017/11/12/us/nsa-shadow-brokers.html ⏎ Do you believe in coincidences?  ⏎ How many coincidences do you need before you believe? ⏎ This is the biggest insider drop in the history of the world.  ⏎ Pray. ⏎ Q","36","81","https://archive.4plebs.org/pol/thread/149151586/#149151705","","","","","","","","","UNREVIEWED"
"146","#146","1","p0146-s001","G_CERTIFIED_CONTEXT_NOT_PAINTED","::::WARNING::::","2","UNHIGHLIGHTED","0","0","15","15","::::WARNING::::","NO","","","context","context: ""::::WARNING::::""","NO","NO","","colon_or_semicolon_block","HIGH","CLAIM_CANDIDATE","declarative prose — decide Q-authored claim vs quoted claim vs aphorism","","This is not a game! ⏎ DIRECT ATTACK TODAY BY NYT/CLOWNS IN AMERICA: ⏎ https://www.nytimes.com/2017/11/12/us/nsa-shadow-brokers.html ⏎ Do you believe in coincidences?  ⏎ How many coincidences do you need before you believe? ⏎ This","0","15","https://archive.4plebs.org/pol/thread/149151045/#149152383","","","","","","","","","UNREVIEWED"
"146","#146","3","p0146-s003","G_CERTIFIED_CONTEXT_NOT_PAINTED","DIRECT ATTACK TODAY BY NYT/CLOWNS IN AMERICA:","2","PARTIAL_ONLY","25.64","0","29","39","DIRECT ATTACK TODAY BY ⋯ /CLOWNS IN ⋯ :","NO","namedEntity","namedEntity: ""AMERICA"" [73-80] || namedEntity: ""NYT"" [59-62]","context | code","context: ""DIRECT ATTACK TODAY BY NYT/CLOWNS IN AMERICA:"" || code: ""CLOWNS IN AMERICA""","NO","NO","","colon_or_semicolon_block","HIGH","CLAIM_CANDIDATE","declarative prose — decide Q-authored claim vs quoted claim vs aphorism","::::WARNING:::: ⏎ This is not a game!","https://www.nytimes.com/2017/11/12/us/nsa-shadow-brokers.html ⏎ Do you believe in coincidences?  ⏎ How many coincidences do you need before you believe? ⏎ This is the biggest insider drop in the history of the world.  ⏎ Pray. ⏎ Q","36","81","https://archive.4plebs.org/pol/thread/149151045/#149152383","","","","","","","","","UNREVIEWED"
"148","#148","7","p0148-s007","G_CERTIFIED_CONTEXT_NOT_PAINTED","_DGB79FTWA-0ZjBT_19-T_yes","1","UNHIGHLIGHTED","0","0","25","25","_DGB79FTWA-0ZjBT_19-T_yes","NO","","","context","context: ""_DGB79FTWA-0ZjBT_19-T_yes""","NO","NO","","fragment_or_label","HIGH","LABEL_FRAGMENT_OR_DEVICE","short label, slogan, heading or symbolic device rather than a proposition","today re: Q-group is a DIRECT attack/warning re: what is being dropped here. ⏎ Read between the lines. ⏎ Why was the article published today? ⏎ POTUS has been briefed.  ⏎ New measures active and in place.  ⏎ Update the graphic.","_Conf_13_pre-lau_yes ⏎ _HTzD09BA_conf_yes ⏎ _^yRTPCCA-7^DFWTAb_yes ⏎ _green1_green2_green3_green4_conf-ZDjTwT9Ry ⏎ Godspeed. ⏎ Q","258","283","https://archive.4plebs.org/pol/thread/149151045/#149157229","","","","","","","","","UNREVIEWED"
"148","#148","8","p0148-s008","G_CERTIFIED_CONTEXT_NOT_PAINTED","_Conf_13_pre-lau_yes","1","UNHIGHLIGHTED","0","0","20","20","_Conf_13_pre-lau_yes","NO","","","context","context: ""_Conf_13_pre-lau_yes""","NO","NO","","fragment_or_label","HIGH","LABEL_FRAGMENT_OR_DEVICE","short label, slogan, heading or symbolic device rather than a proposition","RECT attack/warning re: what is being dropped here. ⏎ Read between the lines. ⏎ Why was the article published today? ⏎ POTUS has been briefed.  ⏎ New measures active and in place.  ⏎ Update the graphic. ⏎  ⏎ _DGB79FTWA-0ZjBT_19-T_yes","_HTzD09BA_conf_yes ⏎ _^yRTPCCA-7^DFWTAb_yes ⏎ _green1_green2_green3_green4_conf-ZDjTwT9Ry ⏎ Godspeed. ⏎ Q","284","304","https://archive.4plebs.org/pol/thread/149151045/#149157229","","","","","","","","","UNREVIEWED"
"148","#148","9","p0148-s009","G_CERTIFIED_CONTEXT_NOT_PAINTED","_HTzD09BA_conf_yes","1","UNHIGHLIGHTED","0","0","18","18","_HTzD09BA_conf_yes","NO","","","context","context: ""_HTzD09BA_conf_yes""","NO","NO","","fragment_or_label","HIGH","LABEL_FRAGMENT_OR_DEVICE","short label, slogan, heading or symbolic device rather than a proposition","e: what is being dropped here. ⏎ Read between the lines. ⏎ Why was the article published today? ⏎ POTUS has been briefed.  ⏎ New measures active and in place.  ⏎ Update the graphic. ⏎  ⏎ _DGB79FTWA-0ZjBT_19-T_yes ⏎ _Conf_13_pre-lau_yes","_^yRTPCCA-7^DFWTAb_yes ⏎ _green1_green2_green3_green4_conf-ZDjTwT9Ry ⏎ Godspeed. ⏎ Q","305","323","https://archive.4plebs.org/pol/thread/149151045/#149157229","","","","","","","","","UNREVIEWED"
"148","#148","10","p0148-s010","G_CERTIFIED_CONTEXT_NOT_PAINTED","_^yRTPCCA-7^DFWTAb_yes","1","UNHIGHLIGHTED","0","0","22","22","_^yRTPCCA-7^DFWTAb_yes","NO","","","context","context: ""_^yRTPCCA-7^DFWTAb_yes""","NO","NO","","fragment_or_label","HIGH","LABEL_FRAGMENT_OR_DEVICE","short label, slogan, heading or symbolic device rather than a proposition","opped here. ⏎ Read between the lines. ⏎ Why was the article published today? ⏎ POTUS has been briefed.  ⏎ New measures active and in place.  ⏎ Update the graphic. ⏎  ⏎ _DGB79FTWA-0ZjBT_19-T_yes ⏎ _Conf_13_pre-lau_yes ⏎ _HTzD09BA_conf_yes","_green1_green2_green3_green4_conf-ZDjTwT9Ry ⏎ Godspeed. ⏎ Q","324","346","https://archive.4plebs.org/pol/thread/149151045/#149157229","","","","","","","","","UNREVIEWED"
"148","#148","11","p0148-s011","G_CERTIFIED_CONTEXT_NOT_PAINTED","_green1_green2_green3_green4_conf-ZDjTwT9Ry","1","UNHIGHLIGHTED","0","0","43","43","_green1_green2_green3_green4_conf-ZDjTwT9Ry","NO","","","context","context: ""_green1_green2_green3_green4_conf-ZDjTwT9Ry""","NO","NO","","fragment_or_label","HIGH","LABEL_FRAGMENT_OR_DEVICE","short label, slogan, heading or symbolic device rather than a proposition","n the lines. ⏎ Why was the article published today? ⏎ POTUS has been briefed.  ⏎ New measures active and in place.  ⏎ Update the graphic. ⏎  ⏎ _DGB79FTWA-0ZjBT_19-T_yes ⏎ _Conf_13_pre-lau_yes ⏎ _HTzD09BA_conf_yes ⏎ _^yRTPCCA-7^DFWTAb_yes","Godspeed. ⏎ Q","347","390","https://archive.4plebs.org/pol/thread/149151045/#149157229","","","","","","","","","UNREVIEWED"
"150","#150","4","p0150-s004","G_CERTIFIED_CONTEXT_NOT_PAINTED","_D7g^-_%19FZBx_decline","1","UNHIGHLIGHTED","0","0","22","22","_D7g^-_%19FZBx_decline","NO","","","context","context: ""_D7g^-_%19FZBx_decline""","NO","NO","","fragment_or_label","HIGH","LABEL_FRAGMENT_OR_DEVICE","short label, slogan, heading or symbolic device rather than a proposition","Distress cal[L]s to others will [d]o you/family no good at this stage. We know whe[R]e you/the family are at all times and can hear you breathing.  ⏎ Q","","151","173","https://archive.4plebs.org/pol/thread/149260496/#149262582","","","","","","","","","UNREVIEWED"
"155","#155","1","p0155-s001","G_CERTIFIED_CONTEXT_NOT_PAINTED","_Conf_D-TT_^_v891_0600_yes","2","UNHIGHLIGHTED","0","0","26","26","_Conf_D-TT_^_v891_0600_yes","NO","","","context","context: ""_Conf_D-TT_^_v891_0600_yes"" || context: ""yes""","NO","NO","","fragment_or_label","HIGH","LABEL_FRAGMENT_OR_DEVICE","short label, slogan, heading or symbolic device rather than a proposition","","_green1_0600 ⏎ Bunker Apple Yellow Sky [… + 1]  ⏎ Yes ⏎ Godspeed. ⏎ Q","0","26","https://archive.4plebs.org/pol/thread/149485163/#149490950","","","","","","","","","UNREVIEWED"
"155","#155","2","p0155-s002","G_CERTIFIED_CONTEXT_NOT_PAINTED","_green1_0600","2","UNHIGHLIGHTED","0","0","12","12","_green1_0600","NO","","","context","context: ""_green1_0600""","NO","NO","","fragment_or_label","HIGH","LABEL_FRAGMENT_OR_DEVICE","short label, slogan, heading or symbolic device rather than a proposition","_Conf_D-TT_^_v891_0600_yes","Bunker Apple Yellow Sky [… + 1]  ⏎ Yes ⏎ Godspeed. ⏎ Q","27","39","https://archive.4plebs.org/pol/thread/149485163/#149490950","","","","","","","","","UNREVIEWED"
"155","#155","3","p0155-s003","G_CERTIFIED_CONTEXT_NOT_PAINTED","Bunker Apple Yellow Sky [… + 1]","2","PARTIAL_ONLY","40","0","15","25","Bunker ⋯ Yellow Sky","NO","namedEntity | bracketCode","namedEntity: ""Apple"" [47-52] || bracketCode: ""[… + 1]"" [64-71]","context","context: ""Bunker Apple Yellow Sky [… + 1]""","NO","NO","","fragment_or_label","HIGH","LABEL_FRAGMENT_OR_DEVICE","short label, slogan, heading or symbolic device rather than a proposition","_Conf_D-TT_^_v891_0600_yes ⏎ _green1_0600","Yes ⏎ Godspeed. ⏎ Q","40","71","https://archive.4plebs.org/pol/thread/149485163/#149490950","","","","","","","","","UNREVIEWED"
"155","#155","4","p0155-s004","G_CERTIFIED_CONTEXT_NOT_PAINTED","Yes","2","UNHIGHLIGHTED","0","0","3","3","Yes","NO","","","context","context: ""Yes""","NO","NO","","fragment_or_label","HIGH","LABEL_FRAGMENT_OR_DEVICE","short label, slogan, heading or symbolic device rather than a proposition","_Conf_D-TT_^_v891_0600_yes ⏎ _green1_0600 ⏎ Bunker Apple Yellow Sky [… + 1]","Godspeed. ⏎ Q","73","76","https://archive.4plebs.org/pol/thread/149485163/#149490950","","","","","","","","","UNREVIEWED"
"175","#175","3","p0175-s003","G_CERTIFIED_CONTEXT_NOT_PAINTED","_Conf_D-TT_^_v891_0600_yes","2","UNHIGHLIGHTED","0","0","26","26","_Conf_D-TT_^_v891_0600_yes","NO","","","context","context: ""_Conf_D-TT_^_v891_0600_yes""","NO","NO","","fragment_or_label","HIGH","LABEL_FRAGMENT_OR_DEVICE","short label, slogan, heading or symbolic device rather than a proposition","Expand your thinking. ⏎ Captain Mike Green.","_green1_0600 ⏎ Bunker Apple Yellow Sky [… + 1] ⏎ Yes. ⏎ Who countered?  ⏎ Do you believe in coincidences? ⏎ Learn how to read the map. ⏎ Q","42","68","https://archive.4plebs.org/pol/thread/150386940/#150388962","","","","","","","","","UNREVIEWED"
"175","#175","4","p0175-s004","G_CERTIFIED_CONTEXT_NOT_PAINTED","_green1_0600","2","UNHIGHLIGHTED","0","0","12","12","_green1_0600","NO","","","context","context: ""_green1_0600""","NO","NO","","fragment_or_label","HIGH","LABEL_FRAGMENT_OR_DEVICE","short label, slogan, heading or symbolic device rather than a proposition","Expand your thinking. ⏎ Captain Mike Green. ⏎ _Conf_D-TT_^_v891_0600_yes","Bunker Apple Yellow Sky [… + 1] ⏎ Yes. ⏎ Who countered?  ⏎ Do you believe in coincidences? ⏎ Learn how to read the map. ⏎ Q","69","81","https://archive.4plebs.org/pol/thread/150386940/#150388962","","","","","","","","","UNREVIEWED"
"175","#175","5","p0175-s005","G_CERTIFIED_CONTEXT_NOT_PAINTED","Bunker Apple Yellow Sky [… + 1]","2","PARTIAL_ONLY","20","0","20","25","Bunker Apple Yellow Sky","NO","bracketCode","bracketCode: ""[… + 1]"" [106-113]","context","context: ""Bunker Apple Yellow Sky [… + 1]""","NO","NO","","fragment_or_label","HIGH","LABEL_FRAGMENT_OR_DEVICE","short label, slogan, heading or symbolic device rather than a proposition","Expand your thinking. ⏎ Captain Mike Green. ⏎ _Conf_D-TT_^_v891_0600_yes ⏎ _green1_0600","Yes. ⏎ Who countered?  ⏎ Do you believe in coincidences? ⏎ Learn how to read the map. ⏎ Q","82","113","https://archive.4plebs.org/pol/thread/150386940/#150388962","","","","","","","","","UNREVIEWED"
"177","#177","1","p0177-s001","G_CERTIFIED_CONTEXT_NOT_PAINTED","Keywords:","1","UNHIGHLIGHTED","0","0","9","9","Keywords:","NO","","","context","context: ""Keywords:""","NO","NO","","colon_or_semicolon_block","HIGH","CLAIM_CANDIDATE","declarative prose — decide Q-authored claim vs quoted claim vs aphorism","","Confirm. ⏎ Green. ⏎ Sky. ⏎ Why were keywords added in the stringer?  ⏎ What was the purpose? ⏎ What was previously stated? ⏎ To who specifically? ⏎ ++ ⏎ Who countered?  ⏎ Learn to read the map. ⏎ Missing critical items. ⏎ Graphic is key. ⏎ Ord","0","9","https://archive.4plebs.org/pol/thread/150386940/#150393065","","","","","","","","","UNREVIEWED"
"179","#179","3","p0179-s003","G_CERTIFIED_CONTEXT_NOT_PAINTED","(Characters)","1","UNHIGHLIGHTED","0","0","12","12","(Characters)","NO","","","context","context: ""(Characters)""","NO","NO","","fragment_or_label","HIGH","LABEL_FRAGMENT_OR_DEVICE","short label, slogan, heading or symbolic device rather than a proposition",">>150398185Shadow war. ⏎ Act II, Scene IV. ⏎ (Movie idea – thoughts?)","Good guy (pilot of helicopter). ⏎ Bad guy (pilot of plane). ⏎ Targets (on ground and in home). ⏎ (Story) ⏎ Upon receipt of the ‘go’ code - Good guy flies during a blackout window provided by unknown agency w/ unknowns (ordinary","66","78","https://archive.4plebs.org/pol/thread/150392746/#150400112","","","","","","","","","UNREVIEWED"
"179","#179","7","p0179-s007","G_CERTIFIED_CONTEXT_NOT_PAINTED","(Story)","1","UNHIGHLIGHTED","0","0","7","7","(Story)","NO","","","context","context: ""(Story)""","NO","NO","","fragment_or_label","HIGH","LABEL_FRAGMENT_OR_DEVICE","short label, slogan, heading or symbolic device rather than a proposition",">>150398185Shadow war. ⏎ Act II, Scene IV. ⏎ (Movie idea – thoughts?) ⏎ (Characters) ⏎ Good guy (pilot of helicopter). ⏎ Bad guy (pilot of plane). ⏎ Targets (on ground and in home).","Upon receipt of the ‘go’ code - Good guy flies during a blackout window provided by unknown agency w/ unknowns (ordinary people by the look of it) to a select location (re: highly classified mission) who was given the '","170","177","https://archive.4plebs.org/pol/thread/150392746/#150400112","","","","","","","","","UNREVIEWED"
"180","#180","2","p0180-s002","G_CERTIFIED_CONTEXT_NOT_PAINTED","FlyEaglesFly","1","UNHIGHLIGHTED","0","0","12","12","FlyEaglesFly","NO","","","context","context: ""FlyEaglesFly""","NO","NO","","fragment_or_label","HIGH","LABEL_FRAGMENT_OR_DEVICE","short label, slogan, heading or symbolic device rather than a proposition",">>150400127 ⏎ What US President was nicknamed ""Eagle"" by the USSS?","Q","65","77","https://archive.4plebs.org/pol/thread/150392746/#150400638","","","","","","","","","UNREVIEWED"
"219","#219","1","p0219-s001","G_CERTIFIED_CONTEXT_NOT_PAINTED","_27-1_yes_USA94-2","1","UNHIGHLIGHTED","0","0","17","17","_27-1_yes_USA94-2","NO","","","context","context: ""_27-1_yes_USA94-2""","NO","NO","","fragment_or_label","HIGH","LABEL_FRAGMENT_OR_DEVICE","short label, slogan, heading or symbolic device rather than a proposition","","_27-1_yes_USA58-A ⏎ _27-1_yes_USA04 ⏎ _Conf_BECZ_y056-(3)_y ⏎ The_Castle_Runs_RED_yes ⏎ Godspeed. ⏎ Q","0","17","https://archive.4plebs.org/pol/thread/150678769/#150679159","","","","","","","","","UNREVIEWED"
"219","#219","3","p0219-s003","G_CERTIFIED_CONTEXT_NOT_PAINTED","_Conf_BECZ_y056-(3)_y","1","UNHIGHLIGHTED","0","0","21","21","_Conf_BECZ_y056-(3)_y","NO","","","context","context: ""_Conf_BECZ_y056-(3)_y""","NO","NO","","fragment_or_label","HIGH","LABEL_FRAGMENT_OR_DEVICE","short label, slogan, heading or symbolic device rather than a proposition","_27-1_yes_USA94-2 ⏎ _27-1_yes_USA58-A ⏎ _27-1_yes_USA04","The_Castle_Runs_RED_yes ⏎ Godspeed. ⏎ Q","52","73","https://archive.4plebs.org/pol/thread/150678769/#150679159","","","","","","","","","UNREVIEWED"
"219","#219","4","p0219-s004","G_CERTIFIED_CONTEXT_NOT_PAINTED","The_Castle_Runs_RED_yes","1","UNHIGHLIGHTED","0","0","23","23","The_Castle_Runs_RED_yes","NO","","","context","context: ""The_Castle_Runs_RED_yes""","NO","NO","","fragment_or_label","HIGH","LABEL_FRAGMENT_OR_DEVICE","short label, slogan, heading or symbolic device rather than a proposition","_27-1_yes_USA94-2 ⏎ _27-1_yes_USA58-A ⏎ _27-1_yes_USA04 ⏎ _Conf_BECZ_y056-(3)_y","Godspeed. ⏎ Q","74","97","https://archive.4plebs.org/pol/thread/150678769/#150679159","","","","","","","","","UNREVIEWED"
"226","#226","1","p0226-s001","G_CERTIFIED_CONTEXT_NOT_PAINTED","_yes1_yes2_yes3_^_cDVT-089bT_AD_Conf","1","UNHIGHLIGHTED","0","0","36","36","_yes1_yes2_yes3_^_cDVT-089bT_AD_Conf","NO","","","context","context: ""_yes1_yes2_yes3_^_cDVT-089bT_AD_Conf""","NO","NO","","fragment_or_label","HIGH","LABEL_FRAGMENT_OR_DEVICE","short label, slogan, heading or symbolic device rather than a proposition","","Godspeed. ⏎ Q","0","36","https://archive.4plebs.org/pol/thread/150698668/#150701196","","","","","","","","","UNREVIEWED"
"228","#228","1","p0228-s001","G_CERTIFIED_CONTEXT_NOT_PAINTED","USA_leadership change","1","UNHIGHLIGHTED","0","0","20","20","USA_leadership change","NO","","","context","context: ""USA_leadership change""","NO","NO","","fragment_or_label","HIGH","LABEL_FRAGMENT_OR_DEVICE","short label, slogan, heading or symbolic device rather than a proposition","","SA_leadership change ⏎ GER_leadership change? ⏎ PAK_leadership change? ⏎ 40,000ft. ⏎ (8, 7, 6, 5......). ⏎ Q","0","21","https://archive.4plebs.org/pol/thread/150864944/#150869010","","","","","","","","","UNREVIEWED"
"228","#228","2","p0228-s002","G_CERTIFIED_CONTEXT_NOT_PAINTED","SA_leadership change","1","UNHIGHLIGHTED","0","0","19","19","SA_leadership change","NO","","","context","context: ""SA_leadership change""","NO","NO","","fragment_or_label","HIGH","LABEL_FRAGMENT_OR_DEVICE","short label, slogan, heading or symbolic device rather than a proposition","USA_leadership change","GER_leadership change? ⏎ PAK_leadership change? ⏎ 40,000ft. ⏎ (8, 7, 6, 5......). ⏎ Q","23","43","https://archive.4plebs.org/pol/thread/150864944/#150869010","","","","","","","","","UNREVIEWED"
"228","#228","6","p0228-s006","G_CERTIFIED_CONTEXT_NOT_PAINTED","(8, 7, 6, 5......).","1","UNHIGHLIGHTED","0","0","16","16","(8, 7, 6, 5......).","NO","","","context","context: ""(8, 7, 6, 5......).""","NO","NO","","symbolic_or_numeric","HIGH","LABEL_FRAGMENT_OR_DEVICE","short label, slogan, heading or symbolic device rather than a proposition","USA_leadership change  ⏎ SA_leadership change ⏎ GER_leadership change? ⏎ PAK_leadership change? ⏎ 40,000ft.","Q","100","119","https://archive.4plebs.org/pol/thread/150864944/#150869010","","","","","","","","","UNREVIEWED"
"229","#229","3","p0229-s003","G_CERTIFIED_CONTEXT_NOT_PAINTED","_FREEDOM-_v198_yes_27-1_b","1","UNHIGHLIGHTED","0","0","25","25","_FREEDOM-_v198_yes_27-1_b","NO","","","context","context: ""_FREEDOM-_v198_yes_27-1_b""","NO","NO","","fragment_or_label","HIGH","LABEL_FRAGMENT_OR_DEVICE","short label, slogan, heading or symbolic device rather than a proposition","RED_RED_ ⏎ _FREEDOM-_v05_yes_27-1_z","_FREEDOM-_v-811z_yes_27-1_c ⏎ _FREEDOM-_vZj9_yes_27-1_y ⏎ _FREEDOM-_v^CAS0R-T_yes_27-1_87x ⏎ _FREEDOM-_v&CAS0R-T2_yes_27-1_t ⏎ _FREEDOM-_vEXh29B_yes_27-1_ch ⏎ _FREEDOM-_v_stand ⏎ _FREEDOM-_v_stand ⏎ _FREEDOM-_v_stand ⏎ _FREEDOM-_v_stan","34","59","https://archive.4plebs.org/pol/thread/150864944/#150870083","","","","","","","","","UNREVIEWED"
"229","#229","4","p0229-s004","G_CERTIFIED_CONTEXT_NOT_PAINTED","_FREEDOM-_v-811z_yes_27-1_c","1","UNHIGHLIGHTED","0","0","27","27","_FREEDOM-_v-811z_yes_27-1_c","NO","","","context","context: ""_FREEDOM-_v-811z_yes_27-1_c""","NO","NO","","fragment_or_label","HIGH","LABEL_FRAGMENT_OR_DEVICE","short label, slogan, heading or symbolic device rather than a proposition","RED_RED_ ⏎ _FREEDOM-_v05_yes_27-1_z ⏎ _FREEDOM-_v198_yes_27-1_b","_FREEDOM-_vZj9_yes_27-1_y ⏎ _FREEDOM-_v^CAS0R-T_yes_27-1_87x ⏎ _FREEDOM-_v&CAS0R-T2_yes_27-1_t ⏎ _FREEDOM-_vEXh29B_yes_27-1_ch ⏎ _FREEDOM-_v_stand ⏎ _FREEDOM-_v_stand ⏎ _FREEDOM-_v_stand ⏎ _FREEDOM-_v_stand ⏎ _FREEDOM-_v_stand_CAN ⏎ _FRE","60","87","https://archive.4plebs.org/pol/thread/150864944/#150870083","","","","","","","","","UNREVIEWED"
"229","#229","5","p0229-s005","G_CERTIFIED_CONTEXT_NOT_PAINTED","_FREEDOM-_vZj9_yes_27-1_y","1","UNHIGHLIGHTED","0","0","25","25","_FREEDOM-_vZj9_yes_27-1_y","NO","","","context","context: ""_FREEDOM-_vZj9_yes_27-1_y""","NO","NO","","fragment_or_label","HIGH","LABEL_FRAGMENT_OR_DEVICE","short label, slogan, heading or symbolic device rather than a proposition","RED_RED_ ⏎ _FREEDOM-_v05_yes_27-1_z ⏎ _FREEDOM-_v198_yes_27-1_b ⏎ _FREEDOM-_v-811z_yes_27-1_c","_FREEDOM-_v^CAS0R-T_yes_27-1_87x ⏎ _FREEDOM-_v&CAS0R-T2_yes_27-1_t ⏎ _FREEDOM-_vEXh29B_yes_27-1_ch ⏎ _FREEDOM-_v_stand ⏎ _FREEDOM-_v_stand ⏎ _FREEDOM-_v_stand ⏎ _FREEDOM-_v_stand ⏎ _FREEDOM-_v_stand_CAN ⏎ _FREEDOM-_v1_stand ⏎ _FREEDOM-_v","88","113","https://archive.4plebs.org/pol/thread/150864944/#150870083","","","","","","","","","UNREVIEWED"
"229","#229","6","p0229-s006","G_CERTIFIED_CONTEXT_NOT_PAINTED","_FREEDOM-_v^CAS0R-T_yes_27-1_87x","1","UNHIGHLIGHTED","0","0","32","32","_FREEDOM-_v^CAS0R-T_yes_27-1_87x","NO","","","context","context: ""_FREEDOM-_v^CAS0R-T_yes_27-1_87x""","NO","NO","","fragment_or_label","HIGH","LABEL_FRAGMENT_OR_DEVICE","short label, slogan, heading or symbolic device rather than a proposition","RED_RED_ ⏎ _FREEDOM-_v05_yes_27-1_z ⏎ _FREEDOM-_v198_yes_27-1_b ⏎ _FREEDOM-_v-811z_yes_27-1_c ⏎ _FREEDOM-_vZj9_yes_27-1_y","_FREEDOM-_v&CAS0R-T2_yes_27-1_t ⏎ _FREEDOM-_vEXh29B_yes_27-1_ch ⏎ _FREEDOM-_v_stand ⏎ _FREEDOM-_v_stand ⏎ _FREEDOM-_v_stand ⏎ _FREEDOM-_v_stand ⏎ _FREEDOM-_v_stand_CAN ⏎ _FREEDOM-_v1_stand ⏎ _FREEDOM-_v1_stand ⏎ _FREEDOM-_v1_stand ⏎ _FREED","114","146","https://archive.4plebs.org/pol/thread/150864944/#150870083","","","","","","","","","UNREVIEWED"
"229","#229","7","p0229-s007","G_CERTIFIED_CONTEXT_NOT_PAINTED","_FREEDOM-_v&CAS0R-T2_yes_27-1_t","1","UNHIGHLIGHTED","0","0","31","31","_FREEDOM-_v&CAS0R-T2_yes_27-1_t","NO","","","context","context: ""_FREEDOM-_v&CAS0R-T2_yes_27-1_t""","NO","NO","","fragment_or_label","HIGH","LABEL_FRAGMENT_OR_DEVICE","short label, slogan, heading or symbolic device rather than a proposition","RED_RED_ ⏎ _FREEDOM-_v05_yes_27-1_z ⏎ _FREEDOM-_v198_yes_27-1_b ⏎ _FREEDOM-_v-811z_yes_27-1_c ⏎ _FREEDOM-_vZj9_yes_27-1_y ⏎ _FREEDOM-_v^CAS0R-T_yes_27-1_87x","_FREEDOM-_vEXh29B_yes_27-1_ch ⏎ _FREEDOM-_v_stand ⏎ _FREEDOM-_v_stand ⏎ _FREEDOM-_v_stand ⏎ _FREEDOM-_v_stand ⏎ _FREEDOM-_v_stand_CAN ⏎ _FREEDOM-_v1_stand ⏎ _FREEDOM-_v1_stand ⏎ _FREEDOM-_v1_stand ⏎ _FREEDOM-_v2_stand ⏎ _FREEDOM-_v3_stand","147","178","https://archive.4plebs.org/pol/thread/150864944/#150870083","","","","","","","","","UNREVIEWED"
"229","#229","8","p0229-s008","G_CERTIFIED_CONTEXT_NOT_PAINTED","_FREEDOM-_vEXh29B_yes_27-1_ch","1","UNHIGHLIGHTED","0","0","29","29","_FREEDOM-_vEXh29B_yes_27-1_ch","NO","","","context","context: ""_FREEDOM-_vEXh29B_yes_27-1_ch""","NO","NO","","fragment_or_label","HIGH","LABEL_FRAGMENT_OR_DEVICE","short label, slogan, heading or symbolic device rather than a proposition","RED_RED_ ⏎ _FREEDOM-_v05_yes_27-1_z ⏎ _FREEDOM-_v198_yes_27-1_b ⏎ _FREEDOM-_v-811z_yes_27-1_c ⏎ _FREEDOM-_vZj9_yes_27-1_y ⏎ _FREEDOM-_v^CAS0R-T_yes_27-1_87x ⏎ _FREEDOM-_v&CAS0R-T2_yes_27-1_t","_FREEDOM-_v_stand ⏎ _FREEDOM-_v_stand ⏎ _FREEDOM-_v_stand ⏎ _FREEDOM-_v_stand ⏎ _FREEDOM-_v_stand_CAN ⏎ _FREEDOM-_v1_stand ⏎ _FREEDOM-_v1_stand ⏎ _FREEDOM-_v1_stand ⏎ _FREEDOM-_v2_stand ⏎ _FREEDOM-_v3_stand ⏎ _FREEDOM-_v4_mod_D092x ⏎ _FREEDO","179","208","https://archive.4plebs.org/pol/thread/150864944/#150870083","","","","","","","","","UNREVIEWED"
"229","#229","17","p0229-s017","G_CERTIFIED_CONTEXT_NOT_PAINTED","_FREEDOM-_v2_stand","1","UNHIGHLIGHTED","0","0","18","18","_FREEDOM-_v2_stand","NO","","","context","context: ""_FREEDOM-_v2_stand""","NO","NO","","fragment_or_label","HIGH","LABEL_FRAGMENT_OR_DEVICE","short label, slogan, heading or symbolic device rather than a proposition","-1_87x ⏎ _FREEDOM-_v&CAS0R-T2_yes_27-1_t ⏎ _FREEDOM-_vEXh29B_yes_27-1_ch ⏎ _FREEDOM-_v_stand ⏎ _FREEDOM-_v_stand ⏎ _FREEDOM-_v_stand ⏎ _FREEDOM-_v_stand ⏎ _FREEDOM-_v_stand_CAN ⏎ _FREEDOM-_v1_stand ⏎ _FREEDOM-_v1_stand ⏎ _FREEDOM-_v1_stand","_FREEDOM-_v3_stand ⏎ _FREEDOM-_v4_mod_D092x ⏎ _FREEDOM-_v4_mod_CAS80^ ⏎ _FREEDOM-_vv1_stand ⏎ _FREEDOM-_vv2_stand ⏎ _FREEDOM-_vSHAz1EVCB_yes_27-1 ⏎ _FREEDOM-_vSA_US_yes_DC08vC_EX_y_AW_Conf-go ⏎ _FREEDOM-_vSA_US_yes_DC09vC_EX_y_AW_Con","360","378","https://archive.4plebs.org/pol/thread/150864944/#150870083","","","","","","","","","UNREVIEWED"
"229","#229","18","p0229-s018","G_CERTIFIED_CONTEXT_NOT_PAINTED","_FREEDOM-_v3_stand","1","UNHIGHLIGHTED","0","0","18","18","_FREEDOM-_v3_stand","NO","","","context","context: ""_FREEDOM-_v3_stand""","NO","NO","","fragment_or_label","HIGH","LABEL_FRAGMENT_OR_DEVICE","short label, slogan, heading or symbolic device rather than a proposition","CAS0R-T2_yes_27-1_t ⏎ _FREEDOM-_vEXh29B_yes_27-1_ch ⏎ _FREEDOM-_v_stand ⏎ _FREEDOM-_v_stand ⏎ _FREEDOM-_v_stand ⏎ _FREEDOM-_v_stand ⏎ _FREEDOM-_v_stand_CAN ⏎ _FREEDOM-_v1_stand ⏎ _FREEDOM-_v1_stand ⏎ _FREEDOM-_v1_stand ⏎ _FREEDOM-_v2_stand","_FREEDOM-_v4_mod_D092x ⏎ _FREEDOM-_v4_mod_CAS80^ ⏎ _FREEDOM-_vv1_stand ⏎ _FREEDOM-_vv2_stand ⏎ _FREEDOM-_vSHAz1EVCB_yes_27-1 ⏎ _FREEDOM-_vSA_US_yes_DC08vC_EX_y_AW_Conf-go ⏎ _FREEDOM-_vSA_US_yes_DC09vC_EX_y_AW_Conf-go ⏎ _FREEDOM-_vSA_","379","397","https://archive.4plebs.org/pol/thread/150864944/#150870083","","","","","","","","","UNREVIEWED"
"229","#229","19","p0229-s019","G_CERTIFIED_CONTEXT_NOT_PAINTED","_FREEDOM-_v4_mod_D092x","1","UNHIGHLIGHTED","0","0","22","22","_FREEDOM-_v4_mod_D092x","NO","","","context","context: ""_FREEDOM-_v4_mod_D092x""","NO","NO","","fragment_or_label","HIGH","LABEL_FRAGMENT_OR_DEVICE","short label, slogan, heading or symbolic device rather than a proposition","_FREEDOM-_vEXh29B_yes_27-1_ch ⏎ _FREEDOM-_v_stand ⏎ _FREEDOM-_v_stand ⏎ _FREEDOM-_v_stand ⏎ _FREEDOM-_v_stand ⏎ _FREEDOM-_v_stand_CAN ⏎ _FREEDOM-_v1_stand ⏎ _FREEDOM-_v1_stand ⏎ _FREEDOM-_v1_stand ⏎ _FREEDOM-_v2_stand ⏎ _FREEDOM-_v3_stand","_FREEDOM-_v4_mod_CAS80^ ⏎ _FREEDOM-_vv1_stand ⏎ _FREEDOM-_vv2_stand ⏎ _FREEDOM-_vSHAz1EVCB_yes_27-1 ⏎ _FREEDOM-_vSA_US_yes_DC08vC_EX_y_AW_Conf-go ⏎ _FREEDOM-_vSA_US_yes_DC09vC_EX_y_AW_Conf-go ⏎ _FREEDOM-_vSA_US_yes_DC10vC_EX_y_AW_C","398","420","https://archive.4plebs.org/pol/thread/150864944/#150870083","","","","","","","","","UNREVIEWED"
"229","#229","20","p0229-s020","G_CERTIFIED_CONTEXT_NOT_PAINTED","_FREEDOM-_v4_mod_CAS80^","1","UNHIGHLIGHTED","0","0","23","23","_FREEDOM-_v4_mod_CAS80^","NO","","","context","context: ""_FREEDOM-_v4_mod_CAS80^""","NO","NO","","fragment_or_label","HIGH","LABEL_FRAGMENT_OR_DEVICE","short label, slogan, heading or symbolic device rather than a proposition","27-1_ch ⏎ _FREEDOM-_v_stand ⏎ _FREEDOM-_v_stand ⏎ _FREEDOM-_v_stand ⏎ _FREEDOM-_v_stand ⏎ _FREEDOM-_v_stand_CAN ⏎ _FREEDOM-_v1_stand ⏎ _FREEDOM-_v1_stand ⏎ _FREEDOM-_v1_stand ⏎ _FREEDOM-_v2_stand ⏎ _FREEDOM-_v3_stand ⏎ _FREEDOM-_v4_mod_D092x","_FREEDOM-_vv1_stand ⏎ _FREEDOM-_vv2_stand ⏎ _FREEDOM-_vSHAz1EVCB_yes_27-1 ⏎ _FREEDOM-_vSA_US_yes_DC08vC_EX_y_AW_Conf-go ⏎ _FREEDOM-_vSA_US_yes_DC09vC_EX_y_AW_Conf-go ⏎ _FREEDOM-_vSA_US_yes_DC10vC_EX_y_AW_Conf-go ⏎ _FREEDOM-_vSA_US_","421","444","https://archive.4plebs.org/pol/thread/150864944/#150870083","","","","","","","","","UNREVIEWED"
"229","#229","21","p0229-s021","G_CERTIFIED_CONTEXT_NOT_PAINTED","_FREEDOM-_vv1_stand","1","UNHIGHLIGHTED","0","0","19","19","_FREEDOM-_vv1_stand","NO","","","context","context: ""_FREEDOM-_vv1_stand""","NO","NO","","fragment_or_label","HIGH","LABEL_FRAGMENT_OR_DEVICE","short label, slogan, heading or symbolic device rather than a proposition","d ⏎ _FREEDOM-_v_stand ⏎ _FREEDOM-_v_stand ⏎ _FREEDOM-_v_stand ⏎ _FREEDOM-_v_stand_CAN ⏎ _FREEDOM-_v1_stand ⏎ _FREEDOM-_v1_stand ⏎ _FREEDOM-_v1_stand ⏎ _FREEDOM-_v2_stand ⏎ _FREEDOM-_v3_stand ⏎ _FREEDOM-_v4_mod_D092x ⏎ _FREEDOM-_v4_mod_CAS80^","_FREEDOM-_vv2_stand ⏎ _FREEDOM-_vSHAz1EVCB_yes_27-1 ⏎ _FREEDOM-_vSA_US_yes_DC08vC_EX_y_AW_Conf-go ⏎ _FREEDOM-_vSA_US_yes_DC09vC_EX_y_AW_Conf-go ⏎ _FREEDOM-_vSA_US_yes_DC10vC_EX_y_AW_Conf-go ⏎ _FREEDOM-_vSA_US_yes_DC11vC_EX_y_AW_C","445","464","https://archive.4plebs.org/pol/thread/150864944/#150870083","","","","","","","","","UNREVIEWED"
"229","#229","22","p0229-s022","G_CERTIFIED_CONTEXT_NOT_PAINTED","_FREEDOM-_vv2_stand","1","UNHIGHLIGHTED","0","0","19","19","_FREEDOM-_vv2_stand","NO","","","context","context: ""_FREEDOM-_vv2_stand""","NO","NO","","fragment_or_label","HIGH","LABEL_FRAGMENT_OR_DEVICE","short label, slogan, heading or symbolic device rather than a proposition","_FREEDOM-_v_stand ⏎ _FREEDOM-_v_stand ⏎ _FREEDOM-_v_stand_CAN ⏎ _FREEDOM-_v1_stand ⏎ _FREEDOM-_v1_stand ⏎ _FREEDOM-_v1_stand ⏎ _FREEDOM-_v2_stand ⏎ _FREEDOM-_v3_stand ⏎ _FREEDOM-_v4_mod_D092x ⏎ _FREEDOM-_v4_mod_CAS80^ ⏎ _FREEDOM-_vv1_stand","_FREEDOM-_vSHAz1EVCB_yes_27-1 ⏎ _FREEDOM-_vSA_US_yes_DC08vC_EX_y_AW_Conf-go ⏎ _FREEDOM-_vSA_US_yes_DC09vC_EX_y_AW_Conf-go ⏎ _FREEDOM-_vSA_US_yes_DC10vC_EX_y_AW_Conf-go ⏎ _FREEDOM-_vSA_US_yes_DC11vC_EX_y_AW_Conf-go ⏎ _FREEDOM-_vSA","465","484","https://archive.4plebs.org/pol/thread/150864944/#150870083","","","","","","","","","UNREVIEWED"
"229","#229","23","p0229-s023","G_CERTIFIED_CONTEXT_NOT_PAINTED","_FREEDOM-_vSHAz1EVCB_yes_27-1","1","UNHIGHLIGHTED","0","0","29","29","_FREEDOM-_vSHAz1EVCB_yes_27-1","NO","","","context","context: ""_FREEDOM-_vSHAz1EVCB_yes_27-1""","NO","NO","","fragment_or_label","HIGH","LABEL_FRAGMENT_OR_DEVICE","short label, slogan, heading or symbolic device rather than a proposition","REEDOM-_v_stand ⏎ _FREEDOM-_v_stand_CAN ⏎ _FREEDOM-_v1_stand ⏎ _FREEDOM-_v1_stand ⏎ _FREEDOM-_v1_stand ⏎ _FREEDOM-_v2_stand ⏎ _FREEDOM-_v3_stand ⏎ _FREEDOM-_v4_mod_D092x ⏎ _FREEDOM-_v4_mod_CAS80^ ⏎ _FREEDOM-_vv1_stand ⏎ _FREEDOM-_vv2_stand","_FREEDOM-_vSA_US_yes_DC08vC_EX_y_AW_Conf-go ⏎ _FREEDOM-_vSA_US_yes_DC09vC_EX_y_AW_Conf-go ⏎ _FREEDOM-_vSA_US_yes_DC10vC_EX_y_AW_Conf-go ⏎ _FREEDOM-_vSA_US_yes_DC11vC_EX_y_AW_Conf-go ⏎ _FREEDOM-_vSA_US_yes_DC12vc_EX_y_AW_Conf-go","485","514","https://archive.4plebs.org/pol/thread/150864944/#150870083","","","","","","","","","UNREVIEWED"
"229","#229","30","p0229-s030","G_CERTIFIED_CONTEXT_NOT_PAINTED","_FREEDOM-_vSA_US_stand_DC14vC_EX_y_AW_Conf/stand","1","UNHIGHLIGHTED","0","0","48","48","_FREEDOM-_vSA_US_stand_DC14vC_EX_y_AW_Conf/stand","NO","","","context","context: ""_FREEDOM-_vSA_US_stand_DC14vC_EX_y_AW_Conf/stand""","NO","NO","","fragment_or_label","HIGH","LABEL_FRAGMENT_OR_DEVICE","short label, slogan, heading or symbolic device rather than a proposition","_FREEDOM-_vSA_US_yes_DC09vC_EX_y_AW_Conf-go ⏎ _FREEDOM-_vSA_US_yes_DC10vC_EX_y_AW_Conf-go ⏎ _FREEDOM-_vSA_US_yes_DC11vC_EX_y_AW_Conf-go ⏎ _FREEDOM-_vSA_US_yes_DC12vc_EX_y_AW_Conf-go ⏎ _FREEDOM-_vSA_US_yes_DC13vC_EX_y_AW_Conf-go","_FREEDOM-_vSA_US_yes_DC15vC_EX_y_AW_Conf-go ⏎ _FREEDOM-_vSA_US_yes_DC16vC_EX_y_AW_Conf-go ⏎ _FREEDOM-_vSA_US_yes_DC17vc_EX_y_AW_Conf-go ⏎ _FREEDOM-_vSA_US_yes_DC18vC_EX_y_AW_Conf-go ⏎ _FREEDOM-_vSA_US_yes_DC19vC_EX_y_AW_Conf-go","779","827","https://archive.4plebs.org/pol/thread/150864944/#150870083","","","","","","","","","UNREVIEWED"
"229","#229","42","p0229-s042","G_CERTIFIED_CONTEXT_NOT_PAINTED","_FREEDOM-_vSA_US_stand_DC26vC_EX_y_AW_Conf/stand","1","UNHIGHLIGHTED","0","0","48","48","_FREEDOM-_vSA_US_stand_DC26vC_EX_y_AW_Conf/stand","NO","","","context","context: ""_FREEDOM-_vSA_US_stand_DC26vC_EX_y_AW_Conf/stand""","NO","NO","","fragment_or_label","HIGH","LABEL_FRAGMENT_OR_DEVICE","short label, slogan, heading or symbolic device rather than a proposition","_FREEDOM-_vSA_US_yes_DC21vC_EX_y_AW_Conf-go ⏎ _FREEDOM-_vSA_US_yes_DC22vc_EX_y_AW_Conf-go ⏎ _FREEDOM-_vSA_US_yes_DC23vC_EX_y_AW_Conf-go ⏎ _FREEDOM-_vSA_US_yes_DC24vC_EX_y_AW_Conf-go ⏎ _FREEDOM-_vSA_US_yes_DC25vC_EX_y_AW_Conf-go","_FREEDOM-_vSA_US_yes_DC27vc_EX_y_AW_Conf/term/zJ&bY028739478-g ⏎ _FREEDOM-_vGER_US_yes_000BVx_LO_yes_[… + 1]_Conf_y ⏎ _Conf_4_3_good_EXT-TVB7xxj_ALL_FREEDOM_#[1-43]_EX_27-1 ⏎ Q","1312","1360","https://archive.4plebs.org/pol/thread/150864944/#150870083","","","","","","","","","UNREVIEWED"
"229","#229","43","p0229-s043","G_CERTIFIED_CONTEXT_NOT_PAINTED","_FREEDOM-_vSA_US_yes_DC27vc_EX_y_AW_Conf/term/zJ&bY028739478-g","1","UNHIGHLIGHTED","0","0","62","62","_FREEDOM-_vSA_US_yes_DC27vc_EX_y_AW_Conf/term/zJ&bY028739478-g","NO","","","context","context: ""_FREEDOM-_vSA_US_yes_DC27vc_EX_y_AW_Conf/term/zJ&bY028739478-g""","NO","NO","","fragment_or_label","HIGH","LABEL_FRAGMENT_OR_DEVICE","short label, slogan, heading or symbolic device rather than a proposition","DOM-_vSA_US_yes_DC22vc_EX_y_AW_Conf-go ⏎ _FREEDOM-_vSA_US_yes_DC23vC_EX_y_AW_Conf-go ⏎ _FREEDOM-_vSA_US_yes_DC24vC_EX_y_AW_Conf-go ⏎ _FREEDOM-_vSA_US_yes_DC25vC_EX_y_AW_Conf-go ⏎ _FREEDOM-_vSA_US_stand_DC26vC_EX_y_AW_Conf/stand","_FREEDOM-_vGER_US_yes_000BVx_LO_yes_[… + 1]_Conf_y ⏎ _Conf_4_3_good_EXT-TVB7xxj_ALL_FREEDOM_#[1-43]_EX_27-1 ⏎ Q","1361","1423","https://archive.4plebs.org/pol/thread/150864944/#150870083","","","","","","","","","UNREVIEWED"
"229","#229","44","p0229-s044","G_CERTIFIED_CONTEXT_NOT_PAINTED","_FREEDOM-_vGER_US_yes_000BVx_LO_yes_[… + 1]_Conf_y","1","PARTIAL_ONLY","10.42","0","43","48","_FREEDOM-_vGER_US_yes_000BVx_LO_yes_ ⋯ _Conf_y","NO","bracketCode","bracketCode: ""[… + 1]"" [1460-1467]","context","context: ""_FREEDOM-_vGER_US_yes_000BVx_LO_yes_[… + 1]_Conf_y""","NO","NO","","fragment_or_label","HIGH","LABEL_FRAGMENT_OR_DEVICE","short label, slogan, heading or symbolic device rather than a proposition","3vC_EX_y_AW_Conf-go ⏎ _FREEDOM-_vSA_US_yes_DC24vC_EX_y_AW_Conf-go ⏎ _FREEDOM-_vSA_US_yes_DC25vC_EX_y_AW_Conf-go ⏎ _FREEDOM-_vSA_US_stand_DC26vC_EX_y_AW_Conf/stand ⏎ _FREEDOM-_vSA_US_yes_DC27vc_EX_y_AW_Conf/term/zJ&bY028739478-g","_Conf_4_3_good_EXT-TVB7xxj_ALL_FREEDOM_#[1-43]_EX_27-1 ⏎ Q","1424","1474","https://archive.4plebs.org/pol/thread/150864944/#150870083","","","","","","","","","UNREVIEWED"
"231","#231","1","p0231-s001","G_CERTIFIED_CONTEXT_NOT_PAINTED","T: B, F, J, 1,5,11-20, ^","1","UNHIGHLIGHTED","0","0","19","19","T: B, F, J, 1,5,11-20, ^","NO","","","context","context: ""T: B, F, J, 1,5,11-20, ^""","NO","NO","","fragment_or_label","HIGH","LABEL_FRAGMENT_OR_DEVICE","short label, slogan, heading or symbolic device rather than a proposition","","_Conf_d-ww_CON_off[dark]_ ⏎ _Conf_SIL-_EX ⏎ COMM_Castle_Active_7ZbV-WT9 ⏎ RED1_RED2_ ⏎ SAT_40k_se_c_[30m] ⏎ Godspeed. ⏎ P_pers: WRWY ⏎ Q","0","24","https://archive.4plebs.org/pol/thread/150864944/#150875388","","","","","","","","","UNREVIEWED"
"231","#231","2","p0231-s002","G_CERTIFIED_CONTEXT_NOT_PAINTED","_Conf_d-ww_CON_off[dark]_","1","PARTIAL_ONLY","24","0","19","25","_Conf_d-ww_CON_off ⋯ _","NO","bracketCode","bracketCode: ""[dark]"" [43-49]","context","context: ""_Conf_d-ww_CON_off[dark]_""","NO","NO","","fragment_or_label","HIGH","LABEL_FRAGMENT_OR_DEVICE","short label, slogan, heading or symbolic device rather than a proposition","T: B, F, J, 1,5,11-20, ^","_Conf_SIL-_EX ⏎ COMM_Castle_Active_7ZbV-WT9 ⏎ RED1_RED2_ ⏎ SAT_40k_se_c_[30m] ⏎ Godspeed. ⏎ P_pers: WRWY ⏎ Q","25","50","https://archive.4plebs.org/pol/thread/150864944/#150875388","","","","","","","","","UNREVIEWED"
"231","#231","3","p0231-s003","G_CERTIFIED_CONTEXT_NOT_PAINTED","_Conf_SIL-_EX","1","UNHIGHLIGHTED","0","0","13","13","_Conf_SIL-_EX","NO","","","context","context: ""_Conf_SIL-_EX""","NO","NO","","fragment_or_label","HIGH","LABEL_FRAGMENT_OR_DEVICE","short label, slogan, heading or symbolic device rather than a proposition","T: B, F, J, 1,5,11-20, ^ ⏎ _Conf_d-ww_CON_off[dark]_","COMM_Castle_Active_7ZbV-WT9 ⏎ RED1_RED2_ ⏎ SAT_40k_se_c_[30m] ⏎ Godspeed. ⏎ P_pers: WRWY ⏎ Q","51","64","https://archive.4plebs.org/pol/thread/150864944/#150875388","","","","","","","","","UNREVIEWED"
"231","#231","6","p0231-s006","G_CERTIFIED_CONTEXT_NOT_PAINTED","SAT_40k_se_c_[30m]","1","PARTIAL_ONLY","27.78","0","13","18","SAT_40k_se_c_","NO","bracketCode","bracketCode: ""[30m]"" [117-122]","context","context: ""SAT_40k_se_c_[30m]""","NO","NO","","fragment_or_label","HIGH","LABEL_FRAGMENT_OR_DEVICE","short label, slogan, heading or symbolic device rather than a proposition","T: B, F, J, 1,5,11-20, ^ ⏎ _Conf_d-ww_CON_off[dark]_ ⏎ _Conf_SIL-_EX ⏎ COMM_Castle_Active_7ZbV-WT9 ⏎ RED1_RED2_","Godspeed. ⏎ P_pers: WRWY ⏎ Q","104","122","https://archive.4plebs.org/pol/thread/150864944/#150875388","","","","","","","","","UNREVIEWED"
"231","#231","8","p0231-s008","G_CERTIFIED_CONTEXT_NOT_PAINTED","P_pers: WRWY","1","UNHIGHLIGHTED","0","0","11","11","P_pers: WRWY","NO","","","context","context: ""P_pers: WRWY""","NO","NO","","fragment_or_label","HIGH","LABEL_FRAGMENT_OR_DEVICE","short label, slogan, heading or symbolic device rather than a proposition","T: B, F, J, 1,5,11-20, ^ ⏎ _Conf_d-ww_CON_off[dark]_ ⏎ _Conf_SIL-_EX ⏎ COMM_Castle_Active_7ZbV-WT9 ⏎ RED1_RED2_ ⏎ SAT_40k_se_c_[30m] ⏎ Godspeed.","Q","133","145","https://archive.4plebs.org/pol/thread/150864944/#150875388","","","","","","","","","UNREVIEWED"
"232","#232","1","p0232-s001","G_CERTIFIED_CONTEXT_NOT_PAINTED","_Conf_goTWIT_P_act-small#_","1","UNHIGHLIGHTED","0","0","26","26","_Conf_goTWIT_P_act-small#_","NO","","","context","context: ""_Conf_goTWIT_P_act-small#_""","NO","NO","","fragment_or_label","HIGH","LABEL_FRAGMENT_OR_DEVICE","short label, slogan, heading or symbolic device rather than a proposition","","RED1_RED2_ ⏎ Q","0","26","https://archive.4plebs.org/pol/thread/150864944/#150876856","","","","","","","","","UNREVIEWED"
"233","#233","1","p0233-s001","G_CERTIFIED_CONTEXT_NOT_PAINTED","Flash Dir_","1","UNHIGHLIGHTED","0","0","9","9","Flash Dir_","NO","","","context","context: ""Flash Dir_""","NO","NO","","fragment_or_label","HIGH","LABEL_FRAGMENT_OR_DEVICE","short label, slogan, heading or symbolic device rather than a proposition","","Start_code_activated/instruction ⏎ LOG1_^67FVc ⏎ _4ch_n ⏎ _8ch_y ⏎ _Conf_y_[8]_8bCon ⏎ Key secured. ⏎ Q","0","10","https://8ch.net/pol/res/undefined.html#10956374","","","","","","","","","UNREVIEWED"
"233","#233","2","p0233-s002","G_CERTIFIED_CONTEXT_NOT_PAINTED","Start_code_activated/instruction","1","UNHIGHLIGHTED","0","0","32","32","Start_code_activated/instruction","NO","","","context","context: ""Start_code_activated/instruction""","NO","NO","","sentence_like_no_terminal","HIGH","CLAIM_CANDIDATE","declarative prose — decide Q-authored claim vs quoted claim vs aphorism","Flash Dir_","LOG1_^67FVc ⏎ _4ch_n ⏎ _8ch_y ⏎ _Conf_y_[8]_8bCon ⏎ Key secured. ⏎ Q","11","43","https://8ch.net/pol/res/undefined.html#10956374","","","","","","","","","UNREVIEWED"
"233","#233","3","p0233-s003","G_CERTIFIED_CONTEXT_NOT_PAINTED","LOG1_^67FVc","1","UNHIGHLIGHTED","0","0","11","11","LOG1_^67FVc","NO","","","context","context: ""LOG1_^67FVc""","NO","NO","","fragment_or_label","HIGH","LABEL_FRAGMENT_OR_DEVICE","short label, slogan, heading or symbolic device rather than a proposition","Flash Dir_ ⏎ Start_code_activated/instruction","_4ch_n ⏎ _8ch_y ⏎ _Conf_y_[8]_8bCon ⏎ Key secured. ⏎ Q","44","55","https://8ch.net/pol/res/undefined.html#10956374","","","","","","","","","UNREVIEWED"
"233","#233","4","p0233-s004","G_CERTIFIED_CONTEXT_NOT_PAINTED","_4ch_n","1","UNHIGHLIGHTED","0","0","6","6","_4ch_n","NO","","","context","context: ""_4ch_n""","NO","NO","","fragment_or_label","HIGH","LABEL_FRAGMENT_OR_DEVICE","short label, slogan, heading or symbolic device rather than a proposition","Flash Dir_ ⏎ Start_code_activated/instruction ⏎ LOG1_^67FVc","_8ch_y ⏎ _Conf_y_[8]_8bCon ⏎ Key secured. ⏎ Q","56","62","https://8ch.net/pol/res/undefined.html#10956374","","","","","","","","","UNREVIEWED"
"233","#233","5","p0233-s005","G_CERTIFIED_CONTEXT_NOT_PAINTED","_8ch_y","1","UNHIGHLIGHTED","0","0","6","6","_8ch_y","NO","","","context","context: ""_8ch_y""","NO","NO","","fragment_or_label","HIGH","LABEL_FRAGMENT_OR_DEVICE","short label, slogan, heading or symbolic device rather than a proposition","Flash Dir_ ⏎ Start_code_activated/instruction ⏎ LOG1_^67FVc ⏎ _4ch_n","_Conf_y_[8]_8bCon ⏎ Key secured. ⏎ Q","63","69","https://8ch.net/pol/res/undefined.html#10956374","","","","","","","","","UNREVIEWED"
"239","#239","2","p0239-s002","G_CERTIFIED_CONTEXT_NOT_PAINTED","CIA-RDP84B00049R001303260026-4","1","PARTIAL_ONLY","10","0","27","30","-RDP84B00049R001303260026-4","NO","namedEntity","namedEntity: ""CIA"" [21-24]","context","context: ""CIA-RDP84B00049R001303260026-4""","NO","NO","","fragment_or_label","HIGH","LABEL_FRAGMENT_OR_DEVICE","short label, slogan, heading or symbolic device rather than a proposition","The Asia Foundation.","Happy hunting. ⏎ Q","21","51","https://8ch.net/cbts/res/13366.html#13601","","","","","","","","","UNREVIEWED"
"240","#240","1","p0240-s001","G_CERTIFIED_CONTEXT_NOT_PAINTED","_Start_IP_log_4ch_y","1","UNHIGHLIGHTED","0","0","19","19","_Start_IP_log_4ch_y","NO","","","context","context: ""_Start_IP_log_4ch_y""","NO","NO","","fragment_or_label","HIGH","LABEL_FRAGMENT_OR_DEVICE","short label, slogan, heading or symbolic device rather than a proposition","","_Conf_y_ ⏎ _Lang_v_US_jurid_y ⏎ Snow White Pounce. ⏎ _Conf_actors_1-9999999_per_condition_89074-b ⏎ No nets. ⏎ Re_8ch_carry_good_ ⏎ Q","0","19","https://archive.4plebs.org/pol/thread/151549034/#151561953","","","","","","","","","UNREVIEWED"
"240","#240","2","p0240-s002","G_CERTIFIED_CONTEXT_NOT_PAINTED","_Conf_y_","1","UNHIGHLIGHTED","0","0","8","8","_Conf_y_","NO","","","context","context: ""_Conf_y_""","NO","NO","","fragment_or_label","HIGH","LABEL_FRAGMENT_OR_DEVICE","short label, slogan, heading or symbolic device rather than a proposition","_Start_IP_log_4ch_y","_Lang_v_US_jurid_y ⏎ Snow White Pounce. ⏎ _Conf_actors_1-9999999_per_condition_89074-b ⏎ No nets. ⏎ Re_8ch_carry_good_ ⏎ Q","20","28","https://archive.4plebs.org/pol/thread/151549034/#151561953","","","","","","","","","UNREVIEWED"
"240","#240","3","p0240-s003","G_CERTIFIED_CONTEXT_NOT_PAINTED","_Lang_v_US_jurid_y","1","UNHIGHLIGHTED","0","0","18","18","_Lang_v_US_jurid_y","NO","","","context","context: ""_Lang_v_US_jurid_y""","NO","NO","","fragment_or_label","HIGH","LABEL_FRAGMENT_OR_DEVICE","short label, slogan, heading or symbolic device rather than a proposition","_Start_IP_log_4ch_y ⏎ _Conf_y_","Snow White Pounce. ⏎ _Conf_actors_1-9999999_per_condition_89074-b ⏎ No nets. ⏎ Re_8ch_carry_good_ ⏎ Q","29","47","https://archive.4plebs.org/pol/thread/151549034/#151561953","","","","","","","","","UNREVIEWED"
"240","#240","5","p0240-s005","G_CERTIFIED_CONTEXT_NOT_PAINTED","_Conf_actors_1-9999999_per_condition_89074-b","1","UNHIGHLIGHTED","0","0","44","44","_Conf_actors_1-9999999_per_condition_89074-b","NO","","","context","context: ""_Conf_actors_1-9999999_per_condition_89074-b""","NO","NO","","fragment_or_label","HIGH","LABEL_FRAGMENT_OR_DEVICE","short label, slogan, heading or symbolic device rather than a proposition","_Start_IP_log_4ch_y ⏎ _Conf_y_ ⏎ _Lang_v_US_jurid_y ⏎ Snow White Pounce.","No nets. ⏎ Re_8ch_carry_good_ ⏎ Q","67","111","https://archive.4plebs.org/pol/thread/151549034/#151561953","","","","","","","","","UNREVIEWED"
"240","#240","7","p0240-s007","G_CERTIFIED_CONTEXT_NOT_PAINTED","Re_8ch_carry_good_","1","UNHIGHLIGHTED","0","0","18","18","Re_8ch_carry_good_","NO","","","context","context: ""Re_8ch_carry_good_""","NO","NO","","fragment_or_label","HIGH","LABEL_FRAGMENT_OR_DEVICE","short label, slogan, heading or symbolic device rather than a proposition","_Start_IP_log_4ch_y ⏎ _Conf_y_ ⏎ _Lang_v_US_jurid_y ⏎ Snow White Pounce. ⏎ _Conf_actors_1-9999999_per_condition_89074-b ⏎ No nets.","Q","121","139","https://archive.4plebs.org/pol/thread/151549034/#151561953","","","","","","","","","UNREVIEWED"
"244","#244","5","p0244-s005","G_CERTIFIED_CONTEXT_NOT_PAINTED","Pics - coincidence","1","UNHIGHLIGHTED","0","0","16","16","Pics - coincidence","NO","","","context","context: ""Pics - coincidence""","NO","NO","","fragment_or_label","HIGH","LABEL_FRAGMENT_OR_DEVICE","short label, slogan, heading or symbolic device rather than a proposition","Less than 10 can confirm me. ⏎ DOITQ - coincidence  ⏎ Twitter retweet - coincidence  ⏎ Twitter keywords - coincidence","Meant only for you. ⏎ God bless.  ⏎ Q","113","131","https://8ch.net/cbts/res/16943.html#17474","","","","","","","","","UNREVIEWED"
"246","#246","1","p0246-s001","G_CERTIFIED_CONTEXT_NOT_PAINTED","89074","1","UNHIGHLIGHTED","0","0","5","5","89074","NO","","","context","context: ""89074""","NO","NO","","symbolic_or_numeric","HIGH","LABEL_FRAGMENT_OR_DEVICE","short label, slogan, heading or symbolic device rather than a proposition","","Underground massive data center? ⏎ Q","0","5","https://8ch.net/cbts/res/16943.html#17586","","","","","","","","","UNREVIEWED"
"247","#247","25","p0247-s025","G_CERTIFIED_CONTEXT_NOT_PAINTED","(Small)","1","UNHIGHLIGHTED","0","0","7","7","(Small)","NO","","","context","context: ""(Small)""","NO","NO","","fragment_or_label","HIGH","LABEL_FRAGMENT_OR_DEVICE","short label, slogan, heading or symbolic device rather than a proposition","k? ⏎ Who do they want inside the gov't? ⏎ What are puppets? ⏎ How do you control a puppet? ⏎ #2 in FBI? ⏎ Wife connection? ⏎ What is a pattern? ⏎ Follow the wives. ⏎ Keep watching the news this week. ⏎ Future proves past. ⏎ Re-read crumbs.","How many D's / R's will not seek re-election? ⏎ Why? ⏎ What just passed in the Senate? ⏎ Why? ⏎ Who is their new handler? ⏎ Do as told? ⏎ Why is this relevant? ⏎ Do you not understand the gov't is being gutted publicly?  ⏎ Bottom middl","562","569","https://8ch.net/cbts/res/33992.html#34081","","","","","","","","","UNREVIEWED"
"248","#248","1","p0248-s001","G_CERTIFIED_CONTEXT_NOT_PAINTED","#FLYROTHSFLY#","4","UNHIGHLIGHTED","0","0","13","13","#FLYROTHSFLY#","NO","","","context","context: ""#FLYROTHSFLY#""","NO","NO","","fragment_or_label","HIGH","LABEL_FRAGMENT_OR_DEVICE","short label, slogan, heading or symbolic device rather than a proposition","","","0","13","https://8ch.net/cbts/res/33992.html#34110","","","","","","","","","UNREVIEWED"
"252","#252","7","p0252-s007","G_CERTIFIED_CONTEXT_NOT_PAINTED","#FLYROTHSFLY#","4","UNHIGHLIGHTED","0","0","13","13","#FLYROTHSFLY#","NO","","","context","context: ""#FLYROTHSFLY#""","NO","NO","","fragment_or_label","HIGH","LABEL_FRAGMENT_OR_DEVICE","short label, slogan, heading or symbolic device rather than a proposition","Red Cross is corrupt and used as a piggy bank. ⏎ Future topic. ⏎ Diseases created by families in power (pop control + pharma billions kb). ⏎ Think AIDS. ⏎ Future topic. ⏎ Relevant.","Q","172","185","https://8ch.net/cbts/res/33992.html#34407","","","","","","","","","UNREVIEWED"
"263","#263","1","p0263-s001","G_CERTIFIED_CONTEXT_NOT_PAINTED","+FLYROTHSFLY+","4","UNHIGHLIGHTED","0","0","13","13","+FLYROTHSFLY+","NO","","","context","context: ""+FLYROTHSFLY+""","NO","NO","","fragment_or_label","HIGH","LABEL_FRAGMENT_OR_DEVICE","short label, slogan, heading or symbolic device rather than a proposition","","","0","13","https://8ch.net/cbts/res/34884.html#35519","","","","","","","","","UNREVIEWED"
"266","#266","1","p0266-s001","G_CERTIFIED_CONTEXT_NOT_PAINTED","#FLYJOHNNYFLY","1","UNHIGHLIGHTED","0","0","13","13","#FLYJOHNNYFLY","NO","","","context","context: ""#FLYJOHNNYFLY""","NO","NO","","fragment_or_label","HIGH","LABEL_FRAGMENT_OR_DEVICE","short label, slogan, heading or symbolic device rather than a proposition","","","0","13","https://8ch.net/cbts/res/37423.html#38366","","","","","","","","","UNREVIEWED"
"267","#267","1","p0267-s001","G_CERTIFIED_CONTEXT_NOT_PAINTED","#FLYALFLY#","1","UNHIGHLIGHTED","0","0","10","10","#FLYALFLY#","NO","","","context","context: ""#FLYALFLY#""","NO","NO","","fragment_or_label","HIGH","LABEL_FRAGMENT_OR_DEVICE","short label, slogan, heading or symbolic device rather than a proposition","","Runway lights being turned on. ⏎ FLY HIGH. ⏎ Q","0","10","https://8ch.net/cbts/res/37423.html#38394","","","","","","","","","UNREVIEWED"
"269","#269","1","p0269-s001","G_CERTIFIED_CONTEXT_NOT_PAINTED","Key - unlocks the door of all doors (info)","1","UNHIGHLIGHTED","0","0","34","34","Key - unlocks the door of all doors (info)","NO","","","context","context: ""Key - unlocks the door of all doors (info)""","NO","NO","","fragment_or_label","HIGH","LABEL_FRAGMENT_OR_DEVICE","short label, slogan, heading or symbolic device rather than a proposition","","Stone - the force / strength capable of yielding power to act on info  ⏎ Key+Stone= ⏎ Q","0","42","https://8ch.net/cbts/res/38423.html#38467","","","","","","","","","UNREVIEWED"
"269","#269","3","p0269-s003","G_CERTIFIED_CONTEXT_NOT_PAINTED","Key+Stone=","1","UNHIGHLIGHTED","0","0","10","10","Key+Stone=","NO","","","context","context: ""Key+Stone=""","NO","NO","","fragment_or_label","HIGH","LABEL_FRAGMENT_OR_DEVICE","short label, slogan, heading or symbolic device rather than a proposition","Key - unlocks the door of all doors (info) ⏎ Stone - the force / strength capable of yielding power to act on info","Q","114","124","https://8ch.net/cbts/res/38423.html#38467","","","","","","","","","UNREVIEWED"
"273","#273","1","p0273-s001","G_CERTIFIED_CONTEXT_NOT_PAINTED","R","5","UNHIGHLIGHTED","0","0","1","1","R","NO","","","context","context: ""R""","NO","NO","","fragment_or_label","HIGH","LABEL_FRAGMENT_OR_DEVICE","short label, slogan, heading or symbolic device rather than a proposition","","RED ⏎   D","3","4","https://8ch.net/cbts/res/38423.html#38627","","","","","","","","","UNREVIEWED"
"273","#273","2","p0273-s002","G_CERTIFIED_CONTEXT_NOT_PAINTED","RED","1","UNHIGHLIGHTED","0","0","3","3","RED","NO","","","context","context: ""RED""","NO","NO","","fragment_or_label","HIGH","LABEL_FRAGMENT_OR_DEVICE","short label, slogan, heading or symbolic device rather than a proposition","R","D","5","8","https://8ch.net/cbts/res/38423.html#38627","","","","","","","","","UNREVIEWED"
"273","#273","3","p0273-s003","G_CERTIFIED_CONTEXT_NOT_PAINTED","D","7","UNHIGHLIGHTED","0","0","1","1","D","NO","","","context","context: ""D""","NO","NO","","fragment_or_label","HIGH","LABEL_FRAGMENT_OR_DEVICE","short label, slogan, heading or symbolic device rather than a proposition","R ⏎ RED","","11","12","https://8ch.net/cbts/res/38423.html#38627","","","","","","","","","UNREVIEWED"
"275","#275","1","p0275-s001","G_CERTIFIED_CONTEXT_NOT_PAINTED","+FLY+","2","UNHIGHLIGHTED","0","0","5","5","+FLY+","NO","","","context","context: ""+FLY+""","NO","NO","","fragment_or_label","HIGH","LABEL_FRAGMENT_OR_DEVICE","short label, slogan, heading or symbolic device rather than a proposition","","Banks control Gov'ts ⏎ Gov'ts control people ⏎ SA controls elected people. ⏎ SOROS controls organizations of people.  ⏎ Ready to play? ⏎ Q","0","5","https://8ch.net/cbts/res/38423.html#38682","","","","","","","","","UNREVIEWED"
"277","#277","3","p0277-s003","G_CERTIFIED_CONTEXT_NOT_PAINTED","#FLYSIDFLY#","2","UNHIGHLIGHTED","0","0","11","11","#FLYSIDFLY#","NO","","","context","context: ""#FLYSIDFLY#""","NO","NO","","fragment_or_label","HIGH","LABEL_FRAGMENT_OR_DEVICE","short label, slogan, heading or symbolic device rather than a proposition","Goodbye AL. ⏎ Add to list.","Q","25","36","https://8ch.net/cbts/res/44736.html#45363","","","","","","","","","UNREVIEWED"
"286","#286","2","p0286-s002","G_CERTIFIED_CONTEXT_NOT_PAINTED","_Conf_^_y_7","1","UNHIGHLIGHTED","0","0","11","11","_Conf_^_y_7","NO","","","context","context: ""_Conf_^_y_7""","NO","NO","","fragment_or_label","HIGH","LABEL_FRAGMENT_OR_DEVICE","short label, slogan, heading or symbolic device rather than a proposition","Strike package Bravo-dT450-1","[R]_(            )[+ 4] ⏎ Q","29","40","https://8ch.net/cbts/res/46456.html#46591","","","","","","","","","UNREVIEWED"
"288","#288","1","p0288-s001","G_CERTIFIED_CONTEXT_NOT_PAINTED","_Go_A-Strike_B-04_00","1","UNHIGHLIGHTED","0","0","20","20","_Go_A-Strike_B-04_00","NO","","","context","context: ""_Go_A-Strike_B-04_00""","NO","NO","","fragment_or_label","HIGH","LABEL_FRAGMENT_OR_DEVICE","short label, slogan, heading or symbolic device rather than a proposition","","As The World Turns. ⏎ Q","0","20","https://8ch.net/cbts/res/46456.html#46773","","","","","","","","","UNREVIEWED"
"299","#299","2","p0299-s002","G_CERTIFIED_CONTEXT_NOT_PAINTED","Banks / Financial Institutions","1","UNHIGHLIGHTED","0","0","27","27","Banks / Financial Institutions","NO","","","context","context: ""Banks / Financial Institutions""","NO","NO","","fragment_or_label","HIGH","LABEL_FRAGMENT_OR_DEVICE","short label, slogan, heading or symbolic device rather than a proposition","Rothschilds (cult leaders)(church)(P)","WW Gov Control ⏎ Gov Controls People  ⏎ SA  ⏎ Oil Tech Sex/Children ⏎ SA Controls (assigned) US / UK Politicians / Tech Co's (primary) ⏎ Soros ⏎ Controls organizations of people (create division / brainwash) + management / operator","38","68","https://8ch.net/cbts/res/51584.html#51984","","","","","","","","","UNREVIEWED"
"299","#299","6","p0299-s006","G_CERTIFIED_CONTEXT_NOT_PAINTED","Oil Tech Sex/Children","1","UNHIGHLIGHTED","0","0","19","19","Oil Tech Sex/Children","NO","","","context","context: ""Oil Tech Sex/Children""","NO","NO","","fragment_or_label","HIGH","LABEL_FRAGMENT_OR_DEVICE","short label, slogan, heading or symbolic device rather than a proposition","Rothschilds (cult leaders)(church)(P) ⏎ Banks / Financial Institutions ⏎ WW Gov Control ⏎ Gov Controls People  ⏎ SA","SA Controls (assigned) US / UK Politicians / Tech Co's (primary) ⏎ Soros ⏎ Controls organizations of people (create division / brainwash) + management / operator of slush funds (personal net worth never reduces think DOJ se","109","130","https://8ch.net/cbts/res/51584.html#51984","","","","","","","","","UNREVIEWED"
"299","#299","12","p0299-s012","G_CERTIFIED_CONTEXT_NOT_PAINTED","(Future)","1","UNHIGHLIGHTED","0","0","8","8","(Future)","NO","","","context","context: ""(Future)""","NO","NO","","fragment_or_label","HIGH","LABEL_FRAGMENT_OR_DEVICE","short label, slogan, heading or symbolic device rather than a proposition","eople (create division / brainwash) + management / operator of slush funds (personal net worth never reduces think DOJ settlements Consumer Iran Enviro pacts etc etc) ⏎ /_\ - Rock (past)(auth over followers) ⏎  _\ (present)","Order is critical. ⏎ Strings cut to US/UK. ⏎ Expand your thinking.  ⏎ Swamp drain. ⏎ 1 - sexual harassment exit + future ⏎ …. ⏎ [R] - No. ⏎ Bomb away. ⏎ Q","449","457","https://8ch.net/cbts/res/51584.html#51984","","","","","","","","","UNREVIEWED"
"299","#299","17","p0299-s017","G_CERTIFIED_CONTEXT_NOT_PAINTED","1 - sexual harassment exit + future","1","UNHIGHLIGHTED","0","0","29","29","1 - sexual harassment exit + future","NO","","","context","context: ""1 - sexual harassment exit + future""","NO","NO","","fragment_or_label","HIGH","LABEL_FRAGMENT_OR_DEVICE","short label, slogan, heading or symbolic device rather than a proposition","et worth never reduces think DOJ settlements Consumer Iran Enviro pacts etc etc) ⏎ /_\ - Rock (past)(auth over followers) ⏎  _\ (present) ⏎ (Future) ⏎ Order is critical. ⏎ Strings cut to US/UK. ⏎ Expand your thinking.  ⏎ Swamp drain.","…. ⏎ [R] - No. ⏎ Bomb away. ⏎ Q","535","570","https://8ch.net/cbts/res/51584.html#51984","","","","","","","","","UNREVIEWED"
"301","#301","1","p0301-s001","G_CERTIFIED_CONTEXT_NOT_PAINTED","#FLYROTHSFLY#","4","UNHIGHLIGHTED","0","0","13","13","#FLYROTHSFLY#","NO","","","context","context: ""#FLYROTHSFLY#""","NO","NO","","fragment_or_label","HIGH","LABEL_FRAGMENT_OR_DEVICE","short label, slogan, heading or symbolic device rather than a proposition","","Sweet dreams. ⏎ Q","0","13","https://8ch.net/cbts/res/51584.html#52134","","","","","","","","","UNREVIEWED"
"302","#302","3","p0302-s003","G_CERTIFIED_CONTEXT_NOT_PAINTED","—end—","6","UNHIGHLIGHTED","0","0","5","5","—end—","NO","","","context","context: ""—end—""","NO","NO","","fragment_or_label","HIGH","LABEL_FRAGMENT_OR_DEVICE","short label, slogan, heading or symbolic device rather than a proposition","For Green. ⏎ Q","","13","18","https://8ch.net/cbts/res/51584.html#52157","","","","","","","","","UNREVIEWED"
"303","#303","1","p0303-s001","G_CERTIFIED_CONTEXT_NOT_PAINTED","Renee J James","1","UNHIGHLIGHTED","0","0","11","11","Renee J James","NO","","","context","context: ""Renee J James""","NO","NO","","fragment_or_label","HIGH","LABEL_FRAGMENT_OR_DEVICE","short label, slogan, heading or symbolic device rather than a proposition","","Q","0","13","https://8ch.net/cbts/res/54220.html#54349","","","","","","","","","UNREVIEWED"
"328","#328","1","p0328-s001","G_CERTIFIED_CONTEXT_NOT_PAINTED",":Owls:","3","UNHIGHLIGHTED","0","0","6","6",":Owls:","NO","","","context","context: "":Owls:""","NO","NO","","colon_or_semicolon_block","HIGH","CLAIM_CANDIDATE","declarative prose — decide Q-authored claim vs quoted claim vs aphorism","","Light will overcome d_a_rkness. ⏎ Light will expose darkne_s_s. ⏎ Light will _reveal_ darkness. ⏎ Light will defeat darkness. ⏎ Q","0","6","https://8ch.net/cbts/res/72735.html#73461","","","","","","","","","UNREVIEWED"
"333","#333","3","p0333-s003","G_CERTIFIED_CONTEXT_NOT_PAINTED","_                    ]_y","1","UNHIGHLIGHTED","0","0","4","4","_                    ]_y","NO","","","context","context: ""_                    ]_y""","NO","NO","","fragment_or_label","HIGH","LABEL_FRAGMENT_OR_DEVICE","short label, slogan, heading or symbolic device rather than a proposition","FOR GOD & COUNTRY. ⏎ FREEDOM.","Q","28","52","https://8ch.net/cbts/res/74470.html#74533","","","","","","","","","UNREVIEWED"
"346","#346","2","p0346-s002","G_CERTIFIED_CONTEXT_NOT_PAINTED","POTUS: WRWY","1","PARTIAL_ONLY","50","0","5","10",": WRWY","NO","namedEntity","namedEntity: ""POTUS"" [20-25]","context","context: ""POTUS: WRWY""","NO","NO","","fragment_or_label","HIGH","LABEL_FRAGMENT_OR_DEVICE","short label, slogan, heading or symbolic device rather than a proposition","Godspeed, Patriots.","Q","20","31","https://8ch.net/cbts/res/93014.html#93287","","","","","","","","","UNREVIEWED"
"347","#347","1","p0347-s001","G_CERTIFIED_CONTEXT_NOT_PAINTED","Tag: USSS","1","PARTIAL_ONLY","50","0","4","8","Tag:","NO","namedEntity","namedEntity: ""USSS"" [13-17]","context","context: ""Tag: USSS""","NO","NO","","fragment_or_label","HIGH","LABEL_FRAGMENT_OR_DEVICE","short label, slogan, heading or symbolic device rather than a proposition",">>93267","Q","8","17","https://8ch.net/cbts/res/93014.html#93312","","","","","","","","","UNREVIEWED"
"350","#350","22","p0350-s022","G_CERTIFIED_CONTEXT_NOT_PAINTED","Another Hint:","2","UNHIGHLIGHTED","0","0","12","12","Another Hint:","NO","","","context","context: ""Another Hint:""","NO","NO","","colon_or_semicolon_block","HIGH","CLAIM_CANDIDATE","declarative prose — decide Q-authored claim vs quoted claim vs aphorism","(i.e., they would never lose power).  ⏎ Power of the (3) letter agencies. ⏎ Power over the US Military (WW dominance to push against other nations and install like-kind). ⏎ These people are really stupid. ⏎ Follow the husbands.","Ian Cameron ⏎ McKinsey & Company ⏎ Clowns In America. ⏎ Dr. Emmett J. Rice. ⏎ Federal Reserve. ⏎ Everyone is connected. ⏎ How about a nice game of chess? ⏎ Q ⏎ (No ability to enter trip code - last dump)","1336","1349","https://8ch.net/cbts/res/98535.html#99525","","","","","","","","","UNREVIEWED"
"350","#350","33","p0350-s033","G_CERTIFIED_CONTEXT_NOT_PAINTED","(No ability to enter trip code - last dump)","1","UNHIGHLIGHTED","0","0","35","35","(No ability to enter trip code - last dump)","NO","","","context","context: ""(No ability to enter trip code - last dump)""","NO","NO","","fragment_or_label","HIGH","LABEL_FRAGMENT_OR_DEVICE","short label, slogan, heading or symbolic device rather than a proposition","e-kind). ⏎ These people are really stupid. ⏎ Follow the husbands. ⏎ Another Hint: ⏎ Ian Cameron ⏎ McKinsey & Company ⏎ Clowns In America. ⏎ Dr. Emmett J. Rice. ⏎ Federal Reserve. ⏎ Everyone is connected. ⏎ How about a nice game of chess? ⏎ Q","","1494","1537","https://8ch.net/cbts/res/98535.html#99525","","","","","","","","","UNREVIEWED"
"354","#354","22","p0354-s022","G_CERTIFIED_CONTEXT_NOT_PAINTED","Another Hint:","2","UNHIGHLIGHTED","0","0","12","12","Another Hint:","NO","","","context","context: ""Another Hint:""","NO","NO","","colon_or_semicolon_block","HIGH","CLAIM_CANDIDATE","declarative prose — decide Q-authored claim vs quoted claim vs aphorism","(i.e., they would never lose power).  ⏎ Power of the (3) letter agencies. ⏎ Power over the US Military (WW dominance to push against other nations and install like-kind). ⏎ These people are really stupid. ⏎ Follow the husbands.","Ian Cameron ⏎ McKinsey & Company ⏎ Clowns In America. ⏎ Dr. Emmett J. Rice. ⏎ Federal Reserve. ⏎ Everyone is connected. ⏎ How about a nice game of chess? ⏎ Q","1336","1349","https://8ch.net/pol/res/11028937.html#11043832","","","","","","","","","UNREVIEWED"
"357","#357","2","p0357-s002","G_CERTIFIED_CONTEXT_NOT_PAINTED","#FLYSIDFLY#","2","UNHIGHLIGHTED","0","0","11","11","#FLYSIDFLY#","NO","","","context","context: ""#FLYSIDFLY#""","NO","NO","","fragment_or_label","HIGH","LABEL_FRAGMENT_OR_DEVICE","short label, slogan, heading or symbolic device rather than a proposition","Trip code on 4 working.","We don't like to say his name. ⏎ Q","24","35","https://8ch.net/pol/res/11028937.html#11044319","","","","","","","","","UNREVIEWED"
"363","#363","2","p0363-s002","G_CERTIFIED_CONTEXT_NOT_PAINTED","_SECFAIL-490b","1","UNHIGHLIGHTED","0","0","13","13","_SECFAIL-490b","NO","","","context","context: ""_SECFAIL-490b""","NO","NO","","fragment_or_label","HIGH","LABEL_FRAGMENT_OR_DEVICE","short label, slogan, heading or symbolic device rather than a proposition","_Conf_term[5]_y","Private OP_END ⏎ Q","16","29","https://8ch.net/pol/res/11028937.html#11045213","","","","","","","","","UNREVIEWED"
"365","#365","10","p0365-s010","G_CERTIFIED_CONTEXT_NOT_PAINTED","12/7 – 12/17.","1","UNHIGHLIGHTED","0","0","11","11","12/7 – 12/17.","NO","","","context","context: ""12/7 – 12/17.""","NO","NO","","symbolic_or_numeric","HIGH","LABEL_FRAGMENT_OR_DEVICE","short label, slogan, heading or symbolic device rather than a proposition","FLASH_BREAK_ ⏎ /\* /\ /\* ⏎ Shall we play a game? ⏎ Map is critical to understand.  ⏎ Future unlocks past. ⏎ DECLAS_ATL_(past). ⏎ News unlocks map. ⏎ Find the markers. ⏎ 10 & [10].","Concourse F. ⏎ Terminal 5.  ⏎ Private_operated plane (OP)? ⏎ ATL -> IAD ⏎ Extraction/known. ⏎ Dark. ⏎ Darkness. ⏎ Learn double meanings. ⏎ SHUTDOWN. ⏎ Q/POTUS-1 ⏎ Q/POTUS-2 ⏎ Q/POTUS-3 ⏎ Q/POTUS-4 [10] ⏎ Q/POTUS-5  ⏎ “Special Place” ⏎ Why are drops","165","178","https://8ch.net/cbts/res/120902.html#121327","","","","","","","","","UNREVIEWED"
"365","#365","20","p0365-s020","G_CERTIFIED_CONTEXT_NOT_PAINTED","Q/POTUS-1","1","PARTIAL_ONLY","66.67","0","3","9","/ ⋯ -1","NO","namedEntity","namedEntity: ""POTUS"" [314-319] || namedEntity: ""Q"" [312-313] || namedEntity: ""Q"" [312-313] || namedEntity: ""Q"" [312-313] || namedEntity: ""Q"" [312-313] || namedEntity: ""Q"" [312-313]","context","context: ""Q/POTUS-1""","NO","NO","","fragment_or_label","HIGH","LABEL_FRAGMENT_OR_DEVICE","short label, slogan, heading or symbolic device rather than a proposition","past. ⏎ DECLAS_ATL_(past). ⏎ News unlocks map. ⏎ Find the markers. ⏎ 10 & [10]. ⏎ 12/7 – 12/17. ⏎ Concourse F. ⏎ Terminal 5.  ⏎ Private_operated plane (OP)? ⏎ ATL -> IAD ⏎ Extraction/known. ⏎ Dark. ⏎ Darkness. ⏎ Learn double meanings. ⏎ SHUTDOWN.","Q/POTUS-2 ⏎ Q/POTUS-3 ⏎ Q/POTUS-4 [10] ⏎ Q/POTUS-5  ⏎ “Special Place” ⏎ Why are drops highlighted by POTUS shortly thereafter? ⏎ Coincidence or message?  ⏎ “The Great Awakening”  ⏎ POTUS today. ⏎ Unlock? ⏎ CLAS_OP_IAD_(future). ⏎ How about a","312","321","https://8ch.net/cbts/res/120902.html#121327","","","","","","","","","UNREVIEWED"
"365","#365","21","p0365-s021","G_CERTIFIED_CONTEXT_NOT_PAINTED","Q/POTUS-2","1","PARTIAL_ONLY","66.67","0","3","9","/ ⋯ -2","NO","namedEntity","namedEntity: ""POTUS"" [324-329] || namedEntity: ""Q"" [322-323] || namedEntity: ""Q"" [322-323] || namedEntity: ""Q"" [322-323] || namedEntity: ""Q"" [322-323] || namedEntity: ""Q"" [322-323]","context","context: ""Q/POTUS-2""","NO","NO","","fragment_or_label","HIGH","LABEL_FRAGMENT_OR_DEVICE","short label, slogan, heading or symbolic device rather than a proposition","LAS_ATL_(past). ⏎ News unlocks map. ⏎ Find the markers. ⏎ 10 & [10]. ⏎ 12/7 – 12/17. ⏎ Concourse F. ⏎ Terminal 5.  ⏎ Private_operated plane (OP)? ⏎ ATL -> IAD ⏎ Extraction/known. ⏎ Dark. ⏎ Darkness. ⏎ Learn double meanings. ⏎ SHUTDOWN. ⏎ Q/POTUS-1","Q/POTUS-3 ⏎ Q/POTUS-4 [10] ⏎ Q/POTUS-5  ⏎ “Special Place” ⏎ Why are drops highlighted by POTUS shortly thereafter? ⏎ Coincidence or message?  ⏎ “The Great Awakening”  ⏎ POTUS today. ⏎ Unlock? ⏎ CLAS_OP_IAD_(future). ⏎ How about a nice game","322","331","https://8ch.net/cbts/res/120902.html#121327","","","","","","","","","UNREVIEWED"
"365","#365","22","p0365-s022","G_CERTIFIED_CONTEXT_NOT_PAINTED","Q/POTUS-3","1","PARTIAL_ONLY","66.67","0","3","9","/ ⋯ -3","NO","namedEntity","namedEntity: ""POTUS"" [334-339] || namedEntity: ""Q"" [332-333] || namedEntity: ""Q"" [332-333] || namedEntity: ""Q"" [332-333] || namedEntity: ""Q"" [332-333] || namedEntity: ""Q"" [332-333]","context","context: ""Q/POTUS-3""","NO","NO","","fragment_or_label","HIGH","LABEL_FRAGMENT_OR_DEVICE","short label, slogan, heading or symbolic device rather than a proposition","ast). ⏎ News unlocks map. ⏎ Find the markers. ⏎ 10 & [10]. ⏎ 12/7 – 12/17. ⏎ Concourse F. ⏎ Terminal 5.  ⏎ Private_operated plane (OP)? ⏎ ATL -> IAD ⏎ Extraction/known. ⏎ Dark. ⏎ Darkness. ⏎ Learn double meanings. ⏎ SHUTDOWN. ⏎ Q/POTUS-1 ⏎ Q/POTUS-2","Q/POTUS-4 [10] ⏎ Q/POTUS-5  ⏎ “Special Place” ⏎ Why are drops highlighted by POTUS shortly thereafter? ⏎ Coincidence or message?  ⏎ “The Great Awakening”  ⏎ POTUS today. ⏎ Unlock? ⏎ CLAS_OP_IAD_(future). ⏎ How about a nice game of chess?","332","341","https://8ch.net/cbts/res/120902.html#121327","","","","","","","","","UNREVIEWED"
"365","#365","24","p0365-s024","G_CERTIFIED_CONTEXT_NOT_PAINTED","Q/POTUS-5","1","PARTIAL_ONLY","66.67","0","3","9","/ ⋯ -5","NO","namedEntity","namedEntity: ""POTUS"" [359-364] || namedEntity: ""Q"" [357-358] || namedEntity: ""Q"" [357-358] || namedEntity: ""Q"" [357-358] || namedEntity: ""Q"" [357-358] || namedEntity: ""Q"" [357-358]","context","context: ""Q/POTUS-5""","NO","NO","","fragment_or_label","HIGH","LABEL_FRAGMENT_OR_DEVICE","short label, slogan, heading or symbolic device rather than a proposition","ind the markers. ⏎ 10 & [10]. ⏎ 12/7 – 12/17. ⏎ Concourse F. ⏎ Terminal 5.  ⏎ Private_operated plane (OP)? ⏎ ATL -> IAD ⏎ Extraction/known. ⏎ Dark. ⏎ Darkness. ⏎ Learn double meanings. ⏎ SHUTDOWN. ⏎ Q/POTUS-1 ⏎ Q/POTUS-2 ⏎ Q/POTUS-3 ⏎ Q/POTUS-4 [10]","“Special Place” ⏎ Why are drops highlighted by POTUS shortly thereafter? ⏎ Coincidence or message?  ⏎ “The Great Awakening”  ⏎ POTUS today. ⏎ Unlock? ⏎ CLAS_OP_IAD_(future). ⏎ How about a nice game of chess?  ⏎ SPLASH. ⏎ FOX THREE. ⏎ Q","357","366","https://8ch.net/cbts/res/120902.html#121327","","","","","","","","","UNREVIEWED"
"365","#365","25","p0365-s025","G_CERTIFIED_CONTEXT_NOT_PAINTED","“Special Place”","1","UNHIGHLIGHTED","0","0","14","14","“Special Place”","NO","","","context","context: ""“Special Place”""","NO","NO","","fragment_or_label","HIGH","LABEL_FRAGMENT_OR_DEVICE","short label, slogan, heading or symbolic device rather than a proposition","kers. ⏎ 10 & [10]. ⏎ 12/7 – 12/17. ⏎ Concourse F. ⏎ Terminal 5.  ⏎ Private_operated plane (OP)? ⏎ ATL -> IAD ⏎ Extraction/known. ⏎ Dark. ⏎ Darkness. ⏎ Learn double meanings. ⏎ SHUTDOWN. ⏎ Q/POTUS-1 ⏎ Q/POTUS-2 ⏎ Q/POTUS-3 ⏎ Q/POTUS-4 [10] ⏎ Q/POTUS-5","Why are drops highlighted by POTUS shortly thereafter? ⏎ Coincidence or message?  ⏎ “The Great Awakening”  ⏎ POTUS today. ⏎ Unlock? ⏎ CLAS_OP_IAD_(future). ⏎ How about a nice game of chess?  ⏎ SPLASH. ⏎ FOX THREE. ⏎ Q","368","383","https://8ch.net/cbts/res/120902.html#121327","","","","","","","","","UNREVIEWED"
"373","#373","4","p0373-s004","G_CERTIFIED_CONTEXT_NOT_PAINTED","FREEDOM_#1-43","1","UNHIGHLIGHTED","0","0","13","13","FREEDOM_#1-43","NO","","","context","context: ""FREEDOM_#1-43""","NO","NO","","fragment_or_label","HIGH","LABEL_FRAGMENT_OR_DEVICE","short label, slogan, heading or symbolic device rather than a proposition","Term_[#2]19_y ⏎ NAT_SEC_ ⏎ NAT_SEC_A,H,H, L, B, E, classified Cdg-23k","CAP_H(9). ⏎ MAVERICK. ⏎ JUSTICE_FED_J[1-4]_remove + appellate ⏎ Q","66","79","https://8ch.net/cbts/res/121693.html#122123","","","","","","","","","UNREVIEWED"
"377","#377","1","p0377-s001","G_CERTIFIED_CONTEXT_NOT_PAINTED","'Conspiracy'","5","UNHIGHLIGHTED","0","0","12","12","'Conspiracy'","NO","","","context","context: ""'Conspiracy'""","NO","NO","","fragment_or_label","HIGH","LABEL_FRAGMENT_OR_DEVICE","short label, slogan, heading or symbolic device rather than a proposition",">>126934","Theme will be pushed. ⏎ BIG threat to them. ⏎ All absorbed in RT. ⏎ Feel proud. ⏎ Q","9","21","https://8ch.net/cbts/res/126564.html#126998","","","","","","","","","UNREVIEWED"
"393","#393","1","p0393-s001","G_CERTIFIED_CONTEXT_NOT_PAINTED","Board owner, mods, and other patriots:","1","PARTIAL_ONLY","54.55","0","15","33",", mods, and other ⋯ :","NO","namedEntity | theme","namedEntity: ""patriots"" [29-37] || theme: ""Board owner"" [0-11]","context","context: ""Board owner, mods, and other patriots:""","NO","NO","","colon_or_semicolon_block","HIGH","CLAIM_CANDIDATE","declarative prose — decide Q-authored claim vs quoted claim vs aphorism","","Sincere thanks for all that you do.  ⏎ You are true heroes.  ⏎ Long overdue - my apologies.  ⏎ There will be a day (within the next few months) that a scary but safe personalized message finds its way to you on multiple platf","0","38","https://8ch.net/cbts/res/128973.html#129526","","","","","","","","","UNREVIEWED"
"397","#397","1","p0397-s001","G_CERTIFIED_CONTEXT_NOT_PAINTED","21_[             f   ]_SEQ1239","1","PARTIAL_ONLY","21.43","0","11","14","21_ ⋯ _SEQ1239","NO","bracketCode","bracketCode: ""[             f   ]"" [3-22]","context","context: ""21_[             f   ]_SEQ1239""","NO","NO","","fragment_or_label","HIGH","LABEL_FRAGMENT_OR_DEVICE","short label, slogan, heading or symbolic device rather than a proposition","","22 _SEQ_FREE_9-ZBA ⏎ 22 _WH_POTUS_PRESS ⏎ Divert-ATT_CAP_H ⏎ Q","0","30","https://8ch.net/cbts/res/129812.html#130170","","","","","","","","","UNREVIEWED"
"397","#397","2","p0397-s002","G_CERTIFIED_CONTEXT_NOT_PAINTED","22 _SEQ_FREE_9-ZBA","1","UNHIGHLIGHTED","0","0","17","17","22 _SEQ_FREE_9-ZBA","NO","","","context","context: ""22 _SEQ_FREE_9-ZBA""","NO","NO","","fragment_or_label","HIGH","LABEL_FRAGMENT_OR_DEVICE","short label, slogan, heading or symbolic device rather than a proposition","21_[             f   ]_SEQ1239","22 _WH_POTUS_PRESS ⏎ Divert-ATT_CAP_H ⏎ Q","31","49","https://8ch.net/cbts/res/129812.html#130170","","","","","","","","","UNREVIEWED"
"397","#397","3","p0397-s003","G_CERTIFIED_CONTEXT_NOT_PAINTED","22 _WH_POTUS_PRESS","2","PARTIAL_ONLY","29.41","0","12","17","22 _WH_ ⋯ _PRESS","NO","namedEntity","namedEntity: ""POTUS"" [57-62]","context","context: ""22 _WH_POTUS_PRESS""","NO","NO","","fragment_or_label","HIGH","LABEL_FRAGMENT_OR_DEVICE","short label, slogan, heading or symbolic device rather than a proposition","21_[             f   ]_SEQ1239 ⏎ 22 _SEQ_FREE_9-ZBA","Divert-ATT_CAP_H ⏎ Q","50","68","https://8ch.net/cbts/res/129812.html#130170","","","","","","","","","UNREVIEWED"
"398","#398","1","p0398-s001","G_CERTIFIED_CONTEXT_NOT_PAINTED","1 _y","1","UNHIGHLIGHTED","0","0","3","3","1 _y","NO","","","context","context: ""1 _y""","NO","NO","","fragment_or_label","HIGH","LABEL_FRAGMENT_OR_DEVICE","short label, slogan, heading or symbolic device rather than a proposition","","Q","4","8","https://8ch.net/cbts/res/129812.html#130185","","","","","","","","","UNREVIEWED"
"417","#417","4","p0417-s004","G_CERTIFIED_CONTEXT_NOT_PAINTED","Hint:","2","UNHIGHLIGHTED","0","0","5","5","Hint:","NO","","","context","context: ""Hint:""","NO","NO","","colon_or_semicolon_block","HIGH","CLAIM_CANDIDATE","declarative prose — decide Q-authored claim vs quoted claim vs aphorism","News unlocks Map. ⏎ Future proves past. ⏎ Stringers important.","12/19 ⏎ 22_WH_POTUS_PRESS ⏎ Divert-ATT_CAP_H ⏎ (Find Post) ⏎ News: ⏎ POTUS Tax Bill Speech (learn (22)(2+2_)). ⏎ AT&T Diverted Capital Home. ⏎ Q","59","64","https://8ch.net/cbts/res/145318.html#145363","","","","","","","","","UNREVIEWED"
"417","#417","5","p0417-s005","G_CERTIFIED_CONTEXT_NOT_PAINTED","12/19","1","UNHIGHLIGHTED","0","0","5","5","12/19","NO","","","context","context: ""12/19""","NO","NO","","symbolic_or_numeric","HIGH","LABEL_FRAGMENT_OR_DEVICE","short label, slogan, heading or symbolic device rather than a proposition","News unlocks Map. ⏎ Future proves past. ⏎ Stringers important. ⏎ Hint:","22_WH_POTUS_PRESS ⏎ Divert-ATT_CAP_H ⏎ (Find Post) ⏎ News: ⏎ POTUS Tax Bill Speech (learn (22)(2+2_)). ⏎ AT&T Diverted Capital Home. ⏎ Q","65","70","https://8ch.net/cbts/res/145318.html#145363","","","","","","","","","UNREVIEWED"
"417","#417","6","p0417-s006","G_CERTIFIED_CONTEXT_NOT_PAINTED","22_WH_POTUS_PRESS","2","PARTIAL_ONLY","29.41","0","12","17","22_WH_ ⋯ _PRESS","NO","namedEntity","namedEntity: ""POTUS"" [77-82]","context","context: ""22_WH_POTUS_PRESS""","NO","NO","","fragment_or_label","HIGH","LABEL_FRAGMENT_OR_DEVICE","short label, slogan, heading or symbolic device rather than a proposition","News unlocks Map. ⏎ Future proves past. ⏎ Stringers important. ⏎ Hint: ⏎ 12/19","Divert-ATT_CAP_H ⏎ (Find Post) ⏎ News: ⏎ POTUS Tax Bill Speech (learn (22)(2+2_)). ⏎ AT&T Diverted Capital Home. ⏎ Q","71","88","https://8ch.net/cbts/res/145318.html#145363","","","","","","","","","UNREVIEWED"
"417","#417","9","p0417-s009","G_CERTIFIED_CONTEXT_NOT_PAINTED","News:","1","UNHIGHLIGHTED","0","0","5","5","News:","NO","","","context","context: ""News:""","NO","NO","","colon_or_semicolon_block","HIGH","CLAIM_CANDIDATE","declarative prose — decide Q-authored claim vs quoted claim vs aphorism","News unlocks Map. ⏎ Future proves past. ⏎ Stringers important. ⏎ Hint: ⏎ 12/19 ⏎ 22_WH_POTUS_PRESS ⏎ Divert-ATT_CAP_H ⏎ (Find Post)","POTUS Tax Bill Speech (learn (22)(2+2_)). ⏎ AT&T Diverted Capital Home. ⏎ Q","118","123","https://8ch.net/cbts/res/145318.html#145363","","","","","","","","","UNREVIEWED"
"436","#436","1","p0436-s001","G_CERTIFIED_CONTEXT_NOT_PAINTED","ONE OF TWENTY TWO:","1","UNHIGHLIGHTED","0","0","15","15","ONE OF TWENTY TWO:","NO","","","context","context: ""ONE OF TWENTY TWO:""","NO","NO","","colon_or_semicolon_block","HIGH","CLAIM_CANDIDATE","declarative prose — decide Q-authored claim vs quoted claim vs aphorism","","[DNC BREACH / DOSSIER] ⏎ [DNC] ⏎ [SR]> ⏎ [WL]> ⏎ HUSSEIN> ⏎ DNI DIR> ⏎ CLOWN DIR> ⏎ CLAS: 1-12> ⏎ GOOG> ⏎ CROWDSTRIKE> ⏎ DNC> ⏎ (SR 187)(MS13 (2) 187)> ⏎ DWS_DIR> ⏎ F-I/D-J ASSIST> ⏎ ""INSURANCE"" ⏎ /_\ > ⏎ HUSSEIN> ⏎ HRC> ⏎ LL> ⏎ JC> ⏎ AM> ⏎ PS> ⏎ (SUPPORT: CS, NP","0","18","https://8ch.net/cbts/res/150923.html#151134","","","","","","","","","UNREVIEWED"
"436","#436","9","p0436-s009","G_CERTIFIED_CONTEXT_NOT_PAINTED","CLAS: 1-12>","1","UNHIGHLIGHTED","0","0","10","10","CLAS: 1-12>","NO","","","context","context: ""CLAS: 1-12>""","NO","NO","","fragment_or_label","HIGH","LABEL_FRAGMENT_OR_DEVICE","short label, slogan, heading or symbolic device rather than a proposition","ONE OF TWENTY TWO: ⏎ [DNC BREACH / DOSSIER] ⏎ [DNC] ⏎ [SR]> ⏎ [WL]> ⏎ HUSSEIN> ⏎ DNI DIR> ⏎ CLOWN DIR>","GOOG> ⏎ CROWDSTRIKE> ⏎ DNC> ⏎ (SR 187)(MS13 (2) 187)> ⏎ DWS_DIR> ⏎ F-I/D-J ASSIST> ⏎ ""INSURANCE"" ⏎ /_\ > ⏎ HUSSEIN> ⏎ HRC> ⏎ LL> ⏎ JC> ⏎ AM> ⏎ PS> ⏎ (SUPPORT: CS, NP, AS, CLAS-1, CLAS-2, CLAS-3, CLAS-4, CLAS-5, CLAS-6)> ⏎ BRIT INTEL> ⏎ HRC CAMP PAY> ⏎ D","89","100","https://8ch.net/cbts/res/150923.html#151134","","","","","","","","","UNREVIEWED"
"436","#436","11","p0436-s011","G_CERTIFIED_CONTEXT_NOT_PAINTED","CROWDSTRIKE>","5","UNHIGHLIGHTED","0","0","12","12","CROWDSTRIKE>","NO","","","context","context: ""CROWDSTRIKE>""","NO","NO","","fragment_or_label","HIGH","LABEL_FRAGMENT_OR_DEVICE","short label, slogan, heading or symbolic device rather than a proposition","ONE OF TWENTY TWO: ⏎ [DNC BREACH / DOSSIER] ⏎ [DNC] ⏎ [SR]> ⏎ [WL]> ⏎ HUSSEIN> ⏎ DNI DIR> ⏎ CLOWN DIR> ⏎ CLAS: 1-12> ⏎ GOOG>","DNC> ⏎ (SR 187)(MS13 (2) 187)> ⏎ DWS_DIR> ⏎ F-I/D-J ASSIST> ⏎ ""INSURANCE"" ⏎ /_\ > ⏎ HUSSEIN> ⏎ HRC> ⏎ LL> ⏎ JC> ⏎ AM> ⏎ PS> ⏎ (SUPPORT: CS, NP, AS, CLAS-1, CLAS-2, CLAS-3, CLAS-4, CLAS-5, CLAS-6)> ⏎ BRIT INTEL> ⏎ HRC CAMP PAY> ⏎ DNC PAY> ⏎ CLAS: 1-4 P","107","119","https://8ch.net/cbts/res/150923.html#151134","","","","","","","","","UNREVIEWED"
"436","#436","13","p0436-s013","G_CERTIFIED_CONTEXT_NOT_PAINTED","(SR 187)(MS13 (2) 187)>","1","PARTIAL_ONLY","10","0","18","20","( ⋯ 187)(MS13 (2) 187)>","NO","namedEntity","namedEntity: ""SR"" [126-128] || namedEntity: ""SR"" [126-128]","context","context: ""(SR 187)(MS13 (2) 187)>""","NO","NO","","fragment_or_label","HIGH","LABEL_FRAGMENT_OR_DEVICE","short label, slogan, heading or symbolic device rather than a proposition","ONE OF TWENTY TWO: ⏎ [DNC BREACH / DOSSIER] ⏎ [DNC] ⏎ [SR]> ⏎ [WL]> ⏎ HUSSEIN> ⏎ DNI DIR> ⏎ CLOWN DIR> ⏎ CLAS: 1-12> ⏎ GOOG> ⏎ CROWDSTRIKE> ⏎ DNC>","DWS_DIR> ⏎ F-I/D-J ASSIST> ⏎ ""INSURANCE"" ⏎ /_\ > ⏎ HUSSEIN> ⏎ HRC> ⏎ LL> ⏎ JC> ⏎ AM> ⏎ PS> ⏎ (SUPPORT: CS, NP, AS, CLAS-1, CLAS-2, CLAS-3, CLAS-4, CLAS-5, CLAS-6)> ⏎ BRIT INTEL> ⏎ HRC CAMP PAY> ⏎ DNC PAY> ⏎ CLAS: 1-4 PAY> ⏎ STEELE> ⏎ PODESTA> ⏎ HOLDER R","125","148","https://8ch.net/cbts/res/150923.html#151134","","","","","","","","","UNREVIEWED"
"436","#436","15","p0436-s015","G_CERTIFIED_CONTEXT_NOT_PAINTED","F-I/D-J ASSIST>","1","UNHIGHLIGHTED","0","0","14","14","F-I/D-J ASSIST>","NO","","","context","context: ""F-I/D-J ASSIST>""","NO","NO","","fragment_or_label","HIGH","LABEL_FRAGMENT_OR_DEVICE","short label, slogan, heading or symbolic device rather than a proposition","ONE OF TWENTY TWO: ⏎ [DNC BREACH / DOSSIER] ⏎ [DNC] ⏎ [SR]> ⏎ [WL]> ⏎ HUSSEIN> ⏎ DNI DIR> ⏎ CLOWN DIR> ⏎ CLAS: 1-12> ⏎ GOOG> ⏎ CROWDSTRIKE> ⏎ DNC> ⏎ (SR 187)(MS13 (2) 187)> ⏎ DWS_DIR>","""INSURANCE"" ⏎ /_\ > ⏎ HUSSEIN> ⏎ HRC> ⏎ LL> ⏎ JC> ⏎ AM> ⏎ PS> ⏎ (SUPPORT: CS, NP, AS, CLAS-1, CLAS-2, CLAS-3, CLAS-4, CLAS-5, CLAS-6)> ⏎ BRIT INTEL> ⏎ HRC CAMP PAY> ⏎ DNC PAY> ⏎ CLAS: 1-4 PAY> ⏎ STEELE> ⏎ PODESTA> ⏎ HOLDER RELAY SPEC RUSSIA> ⏎ CLAS: 1","158","173","https://8ch.net/cbts/res/150923.html#151134","","","","","","","","","UNREVIEWED"
"436","#436","16","p0436-s016","G_CERTIFIED_CONTEXT_NOT_PAINTED","""INSURANCE""","1","UNHIGHLIGHTED","0","0","11","11","""INSURANCE""","NO","","","context","context: """"INSURANCE""""","NO","NO","","fragment_or_label","HIGH","LABEL_FRAGMENT_OR_DEVICE","short label, slogan, heading or symbolic device rather than a proposition","ONE OF TWENTY TWO: ⏎ [DNC BREACH / DOSSIER] ⏎ [DNC] ⏎ [SR]> ⏎ [WL]> ⏎ HUSSEIN> ⏎ DNI DIR> ⏎ CLOWN DIR> ⏎ CLAS: 1-12> ⏎ GOOG> ⏎ CROWDSTRIKE> ⏎ DNC> ⏎ (SR 187)(MS13 (2) 187)> ⏎ DWS_DIR> ⏎ F-I/D-J ASSIST>","/_\ > ⏎ HUSSEIN> ⏎ HRC> ⏎ LL> ⏎ JC> ⏎ AM> ⏎ PS> ⏎ (SUPPORT: CS, NP, AS, CLAS-1, CLAS-2, CLAS-3, CLAS-4, CLAS-5, CLAS-6)> ⏎ BRIT INTEL> ⏎ HRC CAMP PAY> ⏎ DNC PAY> ⏎ CLAS: 1-4 PAY> ⏎ STEELE> ⏎ PODESTA> ⏎ HOLDER RELAY SPEC RUSSIA> ⏎ CLAS: 1-9> ⏎ US SEN N","174","185","https://8ch.net/cbts/res/150923.html#151134","","","","","","","","","UNREVIEWED"
"436","#436","25","p0436-s025","G_CERTIFIED_CONTEXT_NOT_PAINTED","BRIT INTEL>","1","UNHIGHLIGHTED","0","0","10","10","BRIT INTEL>","NO","","","context","context: ""BRIT INTEL>""","NO","NO","","fragment_or_label","HIGH","LABEL_FRAGMENT_OR_DEVICE","short label, slogan, heading or symbolic device rather than a proposition","DIR> ⏎ CLOWN DIR> ⏎ CLAS: 1-12> ⏎ GOOG> ⏎ CROWDSTRIKE> ⏎ DNC> ⏎ (SR 187)(MS13 (2) 187)> ⏎ DWS_DIR> ⏎ F-I/D-J ASSIST> ⏎ ""INSURANCE"" ⏎ /_\ > ⏎ HUSSEIN> ⏎ HRC> ⏎ LL> ⏎ JC> ⏎ AM> ⏎ PS> ⏎ (SUPPORT: CS, NP, AS, CLAS-1, CLAS-2, CLAS-3, CLAS-4, CLAS-5, CLAS-6)>","HRC CAMP PAY> ⏎ DNC PAY> ⏎ CLAS: 1-4 PAY> ⏎ STEELE> ⏎ PODESTA> ⏎ HOLDER RELAY SPEC RUSSIA> ⏎ CLAS: 1-9> ⏎ US SEN NO NAME> ⏎ US SEN CLAS-1> ⏎ US SEN CLAS-2> ⏎ JC> ⏎ LL> ⏎ HUSSEIN> ⏎ [FISA 2] ⏎ PRES DAILY B> ⏎ US SEN NO NAME> ⏎ NEWS SHOP> ⏎ BUZZF> ⏎ PUBLIC/","293","304","https://8ch.net/cbts/res/150923.html#151134","","","","","","","","","UNREVIEWED"
"436","#436","26","p0436-s026","G_CERTIFIED_CONTEXT_NOT_PAINTED","HRC CAMP PAY>","1","PARTIAL_ONLY","27.27","0","8","11","CAMP PAY>","NO","namedEntity","namedEntity: ""HRC"" [305-308] || namedEntity: ""HRC"" [305-308]","context","context: ""HRC CAMP PAY>""","NO","NO","","fragment_or_label","HIGH","LABEL_FRAGMENT_OR_DEVICE","short label, slogan, heading or symbolic device rather than a proposition","IR> ⏎ CLAS: 1-12> ⏎ GOOG> ⏎ CROWDSTRIKE> ⏎ DNC> ⏎ (SR 187)(MS13 (2) 187)> ⏎ DWS_DIR> ⏎ F-I/D-J ASSIST> ⏎ ""INSURANCE"" ⏎ /_\ > ⏎ HUSSEIN> ⏎ HRC> ⏎ LL> ⏎ JC> ⏎ AM> ⏎ PS> ⏎ (SUPPORT: CS, NP, AS, CLAS-1, CLAS-2, CLAS-3, CLAS-4, CLAS-5, CLAS-6)> ⏎ BRIT INTEL>","DNC PAY> ⏎ CLAS: 1-4 PAY> ⏎ STEELE> ⏎ PODESTA> ⏎ HOLDER RELAY SPEC RUSSIA> ⏎ CLAS: 1-9> ⏎ US SEN NO NAME> ⏎ US SEN CLAS-1> ⏎ US SEN CLAS-2> ⏎ JC> ⏎ LL> ⏎ HUSSEIN> ⏎ [FISA 2] ⏎ PRES DAILY B> ⏎ US SEN NO NAME> ⏎ NEWS SHOP> ⏎ BUZZF> ⏎ PUBLIC/NARRATIVE. ⏎ STA","305","318","https://8ch.net/cbts/res/150923.html#151134","","","","","","","","","UNREVIEWED"
"436","#436","27","p0436-s027","G_CERTIFIED_CONTEXT_NOT_PAINTED","DNC PAY>","1","PARTIAL_ONLY","42.86","0","4","7","PAY>","NO","namedEntity","namedEntity: ""DNC"" [319-322] || namedEntity: ""DNC"" [319-322] || namedEntity: ""DNC"" [319-322] || namedEntity: ""DNC"" [319-322]","context","context: ""DNC PAY>""","NO","NO","","fragment_or_label","HIGH","LABEL_FRAGMENT_OR_DEVICE","short label, slogan, heading or symbolic device rather than a proposition","> ⏎ GOOG> ⏎ CROWDSTRIKE> ⏎ DNC> ⏎ (SR 187)(MS13 (2) 187)> ⏎ DWS_DIR> ⏎ F-I/D-J ASSIST> ⏎ ""INSURANCE"" ⏎ /_\ > ⏎ HUSSEIN> ⏎ HRC> ⏎ LL> ⏎ JC> ⏎ AM> ⏎ PS> ⏎ (SUPPORT: CS, NP, AS, CLAS-1, CLAS-2, CLAS-3, CLAS-4, CLAS-5, CLAS-6)> ⏎ BRIT INTEL> ⏎ HRC CAMP PAY>","CLAS: 1-4 PAY> ⏎ STEELE> ⏎ PODESTA> ⏎ HOLDER RELAY SPEC RUSSIA> ⏎ CLAS: 1-9> ⏎ US SEN NO NAME> ⏎ US SEN CLAS-1> ⏎ US SEN CLAS-2> ⏎ JC> ⏎ LL> ⏎ HUSSEIN> ⏎ [FISA 2] ⏎ PRES DAILY B> ⏎ US SEN NO NAME> ⏎ NEWS SHOP> ⏎ BUZZF> ⏎ PUBLIC/NARRATIVE. ⏎ STAGE SET FU","319","327","https://8ch.net/cbts/res/150923.html#151134","","","","","","","","","UNREVIEWED"
"436","#436","28","p0436-s028","G_CERTIFIED_CONTEXT_NOT_PAINTED","CLAS: 1-4 PAY>","1","UNHIGHLIGHTED","0","0","12","12","CLAS: 1-4 PAY>","NO","","","context","context: ""CLAS: 1-4 PAY>""","NO","NO","","fragment_or_label","HIGH","LABEL_FRAGMENT_OR_DEVICE","short label, slogan, heading or symbolic device rather than a proposition","ROWDSTRIKE> ⏎ DNC> ⏎ (SR 187)(MS13 (2) 187)> ⏎ DWS_DIR> ⏎ F-I/D-J ASSIST> ⏎ ""INSURANCE"" ⏎ /_\ > ⏎ HUSSEIN> ⏎ HRC> ⏎ LL> ⏎ JC> ⏎ AM> ⏎ PS> ⏎ (SUPPORT: CS, NP, AS, CLAS-1, CLAS-2, CLAS-3, CLAS-4, CLAS-5, CLAS-6)> ⏎ BRIT INTEL> ⏎ HRC CAMP PAY> ⏎ DNC PAY>","STEELE> ⏎ PODESTA> ⏎ HOLDER RELAY SPEC RUSSIA> ⏎ CLAS: 1-9> ⏎ US SEN NO NAME> ⏎ US SEN CLAS-1> ⏎ US SEN CLAS-2> ⏎ JC> ⏎ LL> ⏎ HUSSEIN> ⏎ [FISA 2] ⏎ PRES DAILY B> ⏎ US SEN NO NAME> ⏎ NEWS SHOP> ⏎ BUZZF> ⏎ PUBLIC/NARRATIVE. ⏎ STAGE SET FUTURE PREVENT/RE","328","342","https://8ch.net/cbts/res/150923.html#151134","","","","","","","","","UNREVIEWED"
"436","#436","29","p0436-s029","G_CERTIFIED_CONTEXT_NOT_PAINTED","STEELE>","1","UNHIGHLIGHTED","0","0","7","7","STEELE>","NO","","","context","context: ""STEELE>""","NO","NO","","fragment_or_label","HIGH","LABEL_FRAGMENT_OR_DEVICE","short label, slogan, heading or symbolic device rather than a proposition","> ⏎ (SR 187)(MS13 (2) 187)> ⏎ DWS_DIR> ⏎ F-I/D-J ASSIST> ⏎ ""INSURANCE"" ⏎ /_\ > ⏎ HUSSEIN> ⏎ HRC> ⏎ LL> ⏎ JC> ⏎ AM> ⏎ PS> ⏎ (SUPPORT: CS, NP, AS, CLAS-1, CLAS-2, CLAS-3, CLAS-4, CLAS-5, CLAS-6)> ⏎ BRIT INTEL> ⏎ HRC CAMP PAY> ⏎ DNC PAY> ⏎ CLAS: 1-4 PAY>","PODESTA> ⏎ HOLDER RELAY SPEC RUSSIA> ⏎ CLAS: 1-9> ⏎ US SEN NO NAME> ⏎ US SEN CLAS-1> ⏎ US SEN CLAS-2> ⏎ JC> ⏎ LL> ⏎ HUSSEIN> ⏎ [FISA 2] ⏎ PRES DAILY B> ⏎ US SEN NO NAME> ⏎ NEWS SHOP> ⏎ BUZZF> ⏎ PUBLIC/NARRATIVE. ⏎ STAGE SET FUTURE PREVENT/REMOVAL OP","343","350","https://8ch.net/cbts/res/150923.html#151134","","","","","","","","","UNREVIEWED"
"436","#436","30","p0436-s030","G_CERTIFIED_CONTEXT_NOT_PAINTED","PODESTA>","1","UNHIGHLIGHTED","0","0","8","8","PODESTA>","NO","","","context","context: ""PODESTA>""","NO","NO","","fragment_or_label","HIGH","LABEL_FRAGMENT_OR_DEVICE","short label, slogan, heading or symbolic device rather than a proposition","7)(MS13 (2) 187)> ⏎ DWS_DIR> ⏎ F-I/D-J ASSIST> ⏎ ""INSURANCE"" ⏎ /_\ > ⏎ HUSSEIN> ⏎ HRC> ⏎ LL> ⏎ JC> ⏎ AM> ⏎ PS> ⏎ (SUPPORT: CS, NP, AS, CLAS-1, CLAS-2, CLAS-3, CLAS-4, CLAS-5, CLAS-6)> ⏎ BRIT INTEL> ⏎ HRC CAMP PAY> ⏎ DNC PAY> ⏎ CLAS: 1-4 PAY> ⏎ STEELE>","HOLDER RELAY SPEC RUSSIA> ⏎ CLAS: 1-9> ⏎ US SEN NO NAME> ⏎ US SEN CLAS-1> ⏎ US SEN CLAS-2> ⏎ JC> ⏎ LL> ⏎ HUSSEIN> ⏎ [FISA 2] ⏎ PRES DAILY B> ⏎ US SEN NO NAME> ⏎ NEWS SHOP> ⏎ BUZZF> ⏎ PUBLIC/NARRATIVE. ⏎ STAGE SET FUTURE PREVENT/REMOVAL OP. ⏎ RAMIF:","351","359","https://8ch.net/cbts/res/150923.html#151134","","","","","","","","","UNREVIEWED"
"436","#436","32","p0436-s032","G_CERTIFIED_CONTEXT_NOT_PAINTED","CLAS: 1-9>","1","UNHIGHLIGHTED","0","0","9","9","CLAS: 1-9>","NO","","","context","context: ""CLAS: 1-9>""","NO","NO","","fragment_or_label","HIGH","LABEL_FRAGMENT_OR_DEVICE","short label, slogan, heading or symbolic device rather than a proposition","ASSIST> ⏎ ""INSURANCE"" ⏎ /_\ > ⏎ HUSSEIN> ⏎ HRC> ⏎ LL> ⏎ JC> ⏎ AM> ⏎ PS> ⏎ (SUPPORT: CS, NP, AS, CLAS-1, CLAS-2, CLAS-3, CLAS-4, CLAS-5, CLAS-6)> ⏎ BRIT INTEL> ⏎ HRC CAMP PAY> ⏎ DNC PAY> ⏎ CLAS: 1-4 PAY> ⏎ STEELE> ⏎ PODESTA> ⏎ HOLDER RELAY SPEC RUSSIA>","US SEN NO NAME> ⏎ US SEN CLAS-1> ⏎ US SEN CLAS-2> ⏎ JC> ⏎ LL> ⏎ HUSSEIN> ⏎ [FISA 2] ⏎ PRES DAILY B> ⏎ US SEN NO NAME> ⏎ NEWS SHOP> ⏎ BUZZF> ⏎ PUBLIC/NARRATIVE. ⏎ STAGE SET FUTURE PREVENT/REMOVAL OP. ⏎ RAMIF: US INTEL LEGAL SPY ON PRES CANDIDATE","386","396","https://8ch.net/cbts/res/150923.html#151134","","","","","","","","","UNREVIEWED"
"436","#436","40","p0436-s040","G_CERTIFIED_CONTEXT_NOT_PAINTED","PRES DAILY B>","1","UNHIGHLIGHTED","0","0","11","11","PRES DAILY B>","NO","","","context","context: ""PRES DAILY B>""","NO","NO","","fragment_or_label","HIGH","LABEL_FRAGMENT_OR_DEVICE","short label, slogan, heading or symbolic device rather than a proposition","1, CLAS-2, CLAS-3, CLAS-4, CLAS-5, CLAS-6)> ⏎ BRIT INTEL> ⏎ HRC CAMP PAY> ⏎ DNC PAY> ⏎ CLAS: 1-4 PAY> ⏎ STEELE> ⏎ PODESTA> ⏎ HOLDER RELAY SPEC RUSSIA> ⏎ CLAS: 1-9> ⏎ US SEN NO NAME> ⏎ US SEN CLAS-1> ⏎ US SEN CLAS-2> ⏎ JC> ⏎ LL> ⏎ HUSSEIN> ⏎ [FISA 2]","US SEN NO NAME> ⏎ NEWS SHOP> ⏎ BUZZF> ⏎ PUBLIC/NARRATIVE. ⏎ STAGE SET FUTURE PREVENT/REMOVAL OP. ⏎ RAMIF: US INTEL LEGAL SPY ON PRES CANDIDATE / PRES ELECT / R CONGRESS / R SEN / NEWS FRIENDLY / ETC> ⏎ Q","469","482","https://8ch.net/cbts/res/150923.html#151134","","","","","","","","","UNREVIEWED"
"436","#436","42","p0436-s042","G_CERTIFIED_CONTEXT_NOT_PAINTED","NEWS SHOP>","2","UNHIGHLIGHTED","0","0","9","9","NEWS SHOP>","NO","","","context","context: ""NEWS SHOP>""","NO","NO","","fragment_or_label","HIGH","LABEL_FRAGMENT_OR_DEVICE","short label, slogan, heading or symbolic device rather than a proposition","S-5, CLAS-6)> ⏎ BRIT INTEL> ⏎ HRC CAMP PAY> ⏎ DNC PAY> ⏎ CLAS: 1-4 PAY> ⏎ STEELE> ⏎ PODESTA> ⏎ HOLDER RELAY SPEC RUSSIA> ⏎ CLAS: 1-9> ⏎ US SEN NO NAME> ⏎ US SEN CLAS-1> ⏎ US SEN CLAS-2> ⏎ JC> ⏎ LL> ⏎ HUSSEIN> ⏎ [FISA 2] ⏎ PRES DAILY B> ⏎ US SEN NO NAME>","BUZZF> ⏎ PUBLIC/NARRATIVE. ⏎ STAGE SET FUTURE PREVENT/REMOVAL OP. ⏎ RAMIF: US INTEL LEGAL SPY ON PRES CANDIDATE / PRES ELECT / R CONGRESS / R SEN / NEWS FRIENDLY / ETC> ⏎ Q","499","509","https://8ch.net/cbts/res/150923.html#151134","","","","","","","","","UNREVIEWED"
"452","#452","3","p0452-s003","G_CERTIFIED_CONTEXT_NOT_PAINTED",":OWLS:","3","UNHIGHLIGHTED","0","0","6","6",":OWLS:","NO","","","context","context: "":OWLS:""","NO","NO","","colon_or_semicolon_block","HIGH","CLAIM_CANDIDATE","declarative prose — decide Q-authored claim vs quoted claim vs aphorism","ENOU[G]H IS EN[O]UGH. ⏎ _CONF_AW-CjF78-82(Z 00:00)_","Good Hunting! ⏎ Q","50","56","https://8ch.net/cbts/res/158326.html#158439","","","","","","","","","UNREVIEWED"
"459","#459","2","p0459-s002","G_CERTIFIED_CONTEXT_NOT_PAINTED","Operational_window(5-6)_FDeltaC25-26","1","UNHIGHLIGHTED","0","0","36","36","Operational_window(5-6)_FDeltaC25-26","NO","","","context","context: ""Operational_window(5-6)_FDeltaC25-26""","NO","NO","","fragment_or_label","HIGH","LABEL_FRAGMENT_OR_DEVICE","short label, slogan, heading or symbolic device rather than a proposition","10, [10-9]","Secured. ⏎ Floor is yours. ⏎ Twitter FW_ ⏎ Twitter [kill_rogue] ⏎ CONF_WHITE_WHITE_ ⏎ Q","11","47","https://8ch.net/cbts/res/172919.html#173382","","","","","","","","","UNREVIEWED"
"460","#460","1","p0460-s001","G_CERTIFIED_CONTEXT_NOT_PAINTED","[J-Go_dX)-2-8","1","UNHIGHLIGHTED","0","0","13","13","[J-Go_dX)-2-8","NO","","","context","context: ""[J-Go_dX)-2-8""","NO","NO","","fragment_or_label","HIGH","LABEL_FRAGMENT_OR_DEVICE","short label, slogan, heading or symbolic device rather than a proposition","","Everything has meaning. ⏎ Who is AMB Matlock? ⏎ YES. ⏎ /[RR-out][P_pers] ⏎ EO_CLASSIFIED_WH[   -6713A] ⏎ SIG_con_MAR39sv3665BECD ⏎ Q","0","13","https://8ch.net//cbts/res/238736.html#238914","","","","","","","","","UNREVIEWED"
"460","#460","7","p0460-s007","G_CERTIFIED_CONTEXT_NOT_PAINTED","SIG_con_MAR39sv3665BECD","1","UNHIGHLIGHTED","0","0","23","23","SIG_con_MAR39sv3665BECD","NO","","","context","context: ""SIG_con_MAR39sv3665BECD""","NO","NO","","fragment_or_label","HIGH","LABEL_FRAGMENT_OR_DEVICE","short label, slogan, heading or symbolic device rather than a proposition","[J-Go_dX)-2-8 ⏎ Everything has meaning. ⏎ Who is AMB Matlock? ⏎ YES. ⏎ /[RR-out][P_pers] ⏎ EO_CLASSIFIED_WH[   -6713A]","Q","109","132","https://8ch.net//cbts/res/238736.html#238914","","","","","","","","","UNREVIEWED"
"463","#463","1","p0463-s001","G_CERTIFIED_CONTEXT_NOT_PAINTED","7/10","2","UNHIGHLIGHTED","0","0","4","4","7/10","NO","","","context","context: ""7/10""","NO","NO","","symbolic_or_numeric","HIGH","LABEL_FRAGMENT_OR_DEVICE","short label, slogan, heading or symbolic device rather than a proposition","","Q","0","4","https://8ch.net//cbts/res/238736.html#239349","","","","","","","","","UNREVIEWED"
"472","#472","2","p0472-s002","G_CERTIFIED_CONTEXT_NOT_PAINTED","_END_","6","UNHIGHLIGHTED","0","0","5","5","_END_","NO","","","context","context: ""_END_""","NO","NO","","fragment_or_label","HIGH","DIRECTIVE_CANDIDATE","opens with the base-form verb ""end"" and has no subject; family other","Test Device 1.","Q","15","20","https://8ch.net/cbts/res/251305.html#251826","","","","","","","","","UNREVIEWED"
"475","#475","1","p0475-s001","G_CERTIFIED_CONTEXT_NOT_PAINTED","IMPORTANT:","3","UNHIGHLIGHTED","0","0","10","10","IMPORTANT:","NO","","","context","context: ""IMPORTANT:""","NO","NO","","colon_or_semicolon_block","HIGH","CLAIM_CANDIDATE","declarative prose — decide Q-authored claim vs quoted claim vs aphorism","","NO comms w/ anyone privately. ⏎ NO comms outside of this platform. ⏎ Q","0","10","https://8ch.net//thestorm/res/6376.html#6658","","","","","","","","","UNREVIEWED"
"489","#489","2","p0489-s002","G_CERTIFIED_CONTEXT_NOT_PAINTED","Paris accord = scam (trillions)","1","PARTIAL_ONLY","40.74","0","16","27","= scam (trillions)","NO","namedEntity","namedEntity: ""Paris accord"" [36-48]","context","context: ""Paris accord = scam (trillions)""","NO","NO","","fragment_or_label","HIGH","LABEL_FRAGMENT_OR_DEVICE","short label, slogan, heading or symbolic device rather than a proposition","US taxpayers are paying for it all.","Red Cross = scam (billions) ⏎ Foreign Aid = scam (trillions) ⏎ WAR = scam (trillions) ⏎ ………on…and….on…….. ⏎ Who audits where the money actually goes? ⏎ Who actually receives the money? ⏎ The US taxpayer is funding the very people","36","67","https://8ch.net//thestorm/res/12744.html#13359","","","","","","","","","UNREVIEWED"
"489","#489","3","p0489-s003","G_CERTIFIED_CONTEXT_NOT_PAINTED","Red Cross = scam (billions)","1","PARTIAL_ONLY","34.78","0","15","23","= scam (billions)","NO","namedEntity","namedEntity: ""Red Cross"" [69-78]","context","context: ""Red Cross = scam (billions)""","NO","NO","","sentence_like_no_terminal","HIGH","CLAIM_CANDIDATE","declarative prose — decide Q-authored claim vs quoted claim vs aphorism","US taxpayers are paying for it all. ⏎ Paris accord = scam (trillions)","Foreign Aid = scam (trillions) ⏎ WAR = scam (trillions) ⏎ ………on…and….on…….. ⏎ Who audits where the money actually goes? ⏎ Who actually receives the money? ⏎ The US taxpayer is funding the very people we are engaged in taking down","69","96","https://8ch.net//thestorm/res/12744.html#13359","","","","","","","","","UNREVIEWED"
"489","#489","4","p0489-s004","G_CERTIFIED_CONTEXT_NOT_PAINTED","Foreign Aid = scam (trillions)","1","UNHIGHLIGHTED","0","0","26","26","Foreign Aid = scam (trillions)","NO","","","context","context: ""Foreign Aid = scam (trillions)""","NO","NO","","fragment_or_label","HIGH","LABEL_FRAGMENT_OR_DEVICE","short label, slogan, heading or symbolic device rather than a proposition","US taxpayers are paying for it all. ⏎ Paris accord = scam (trillions)  ⏎ Red Cross = scam (billions)","WAR = scam (trillions) ⏎ ………on…and….on…….. ⏎ Who audits where the money actually goes? ⏎ Who actually receives the money? ⏎ The US taxpayer is funding the very people we are engaged in taking down. ⏎ Slush funds everywhere. ⏎ Think","97","127","https://8ch.net//thestorm/res/12744.html#13359","","","","","","","","","UNREVIEWED"
"498","#498","1","p0498-s001","G_CERTIFIED_CONTEXT_NOT_PAINTED","LOCK: 15-10-5","1","UNHIGHLIGHTED","0","0","12","12","LOCK: 15-10-5","NO","","","context","context: ""LOCK: 15-10-5""","NO","NO","","fragment_or_label","HIGH","LABEL_FRAGMENT_OR_DEVICE","short label, slogan, heading or symbolic device rather than a proposition","","DEFCON [1] ⏎ [1] SIG ⏎ Q","0","13","https://8ch.net//thestorm/res/19861.html#20604","","","","","","","","","UNREVIEWED"
"500","#500","2","p0500-s002","G_CERTIFIED_CONTEXT_NOT_PAINTED","4-10-20","4","UNHIGHLIGHTED","0","0","7","7","4-10-20","NO","","","context","context: ""4-10-20""","NO","NO","","symbolic_or_numeric","HIGH","LABEL_FRAGMENT_OR_DEVICE","short label, slogan, heading or symbolic device rather than a proposition","DEFCON 1","FIRE & FURY ⏎ (9) states of CLAS-ready go-live. ⏎ (34) commands LIVE. ⏎ CODES command ACTION. ⏎ [non-nuclear]. ⏎ [1] OWL [1] ⏎ Q","10","17","https://8ch.net//thestorm/res/20596.html#20735","","","","","","","","","UNREVIEWED"
"500","#500","3","p0500-s003","G_CERTIFIED_CONTEXT_NOT_PAINTED","FIRE & FURY","1","UNHIGHLIGHTED","0","0","9","9","FIRE & FURY","NO","","","context","context: ""FIRE & FURY""","NO","NO","","fragment_or_label","HIGH","LABEL_FRAGMENT_OR_DEVICE","short label, slogan, heading or symbolic device rather than a proposition","DEFCON 1  ⏎ 4-10-20","(9) states of CLAS-ready go-live. ⏎ (34) commands LIVE. ⏎ CODES command ACTION. ⏎ [non-nuclear]. ⏎ [1] OWL [1] ⏎ Q","18","29","https://8ch.net//thestorm/res/20596.html#20735","","","","","","","","","UNREVIEWED"
"501","#501","2","p0501-s002","G_CERTIFIED_CONTEXT_NOT_PAINTED","_ACTION_DBF5Cz-BSY-1_y","1","UNHIGHLIGHTED","0","0","22","22","_ACTION_DBF5Cz-BSY-1_y","NO","","","context","context: ""_ACTION_DBF5Cz-BSY-1_y""","NO","NO","","fragment_or_label","HIGH","LABEL_FRAGMENT_OR_DEVICE","short label, slogan, heading or symbolic device rather than a proposition","P_pers: [1] Confirmed.","FOR GOD & COUNTRY. ⏎ SKY FORTRESS ENGAGED> ⏎ Q","23","45","https://8ch.net//thestorm/res/20596.html#20857","","","","","","","","","UNREVIEWED"
"501","#501","4","p0501-s004","G_CERTIFIED_CONTEXT_NOT_PAINTED","SKY FORTRESS ENGAGED>","1","UNHIGHLIGHTED","0","0","19","19","SKY FORTRESS ENGAGED>","NO","","","context","context: ""SKY FORTRESS ENGAGED>""","NO","NO","","sentence_like_no_terminal","HIGH","CLAIM_CANDIDATE","declarative prose — decide Q-authored claim vs quoted claim vs aphorism","P_pers: [1] Confirmed. ⏎ _ACTION_DBF5Cz-BSY-1_y ⏎ FOR GOD & COUNTRY.","Q","65","86","https://8ch.net//thestorm/res/20596.html#20857","","","","","","","","","UNREVIEWED"
"503","#503","1","p0503-s001","G_CERTIFIED_CONTEXT_NOT_PAINTED","Original missing ""Q""","1","UNHIGHLIGHTED","0","0","18","18","Original missing ""Q""","NO","","","context","context: ""Original missing ""Q""""","NO","NO","","sentence_like_no_terminal","HIGH","CLAIM_CANDIDATE","declarative prose — decide Q-authored claim vs quoted claim vs aphorism",">>21093","Revised including ""Q"" ⏎ Coincidence? ⏎ Q","8","28","https://8ch.net//thestorm/res/20596.html#21121","","","","","","","","","UNREVIEWED"
"503","#503","2","p0503-s002","G_CERTIFIED_CONTEXT_NOT_PAINTED","Revised including ""Q""","1","UNHIGHLIGHTED","0","0","19","19","Revised including ""Q""","NO","","","context","context: ""Revised including ""Q""""","NO","NO","","sentence_like_no_terminal","HIGH","CLAIM_CANDIDATE","declarative prose — decide Q-authored claim vs quoted claim vs aphorism",">>21093 ⏎ Original missing ""Q""","Coincidence? ⏎ Q","29","50","https://8ch.net//thestorm/res/20596.html#21121","","","","","","","","","UNREVIEWED"
"506","#506","1","p0506-s001","G_CERTIFIED_CONTEXT_NOT_PAINTED","IMPORTANT:","3","UNHIGHLIGHTED","0","0","10","10","IMPORTANT:","NO","","","context","context: ""IMPORTANT:""","NO","NO","","colon_or_semicolon_block","HIGH","CLAIM_CANDIDATE","declarative prose — decide Q-authored claim vs quoted claim vs aphorism","","Do you understand what just occurred?  ⏎ POTUS Tweets [15 min] between. ⏎ POTUS missing ""Q"" in select word. ⏎ DEFCON [1] POST HERE ⏎ POTUS mods Tweets [1 min] between. ⏎ POTUS adds ""Q"" in select word.  ⏎ This was not meant to signi","0","10","https://8ch.net//thestorm/res/20596.html#21439","","","","","","","","","UNREVIEWED"
"513","#513","1","p0513-s001","G_CERTIFIED_CONTEXT_NOT_PAINTED","IMPORTANT:","3","UNHIGHLIGHTED","0","0","10","10","IMPORTANT:","NO","","","context","context: ""IMPORTANT:""","NO","NO","","colon_or_semicolon_block","HIGH","CLAIM_CANDIDATE","declarative prose — decide Q-authored claim vs quoted claim vs aphorism","","NO private comms past/present/future. ⏎ NO comms made outside of this platform. ⏎ Any claims that contradict the above should be considered FAKE NEWS and disregarded immediately.  ⏎ WHERE WE GO ONE, WE GO ALL. ⏎ PATRIOTS. ⏎ Q","0","10","https://8ch.net//greatawakening/res/1.html#4","","","","","","","","","UNREVIEWED"
"514","#514","1","p0514-s001","G_CERTIFIED_CONTEXT_NOT_PAINTED","/greatawakening/","1","UNHIGHLIGHTED","0","0","16","16","/greatawakening/","NO","","","context","context: ""/greatawakening/""","NO","NO","","fragment_or_label","HIGH","LABEL_FRAGMENT_OR_DEVICE","short label, slogan, heading or symbolic device rather than a proposition","","Q","0","16","https://8ch.net//thestorm/res/31575.html#32189","","","","","","","","","UNREVIEWED"
"520","#520","22","p0520-s022","G_CERTIFIED_CONTEXT_NOT_PAINTED","_THE_FLOOR_IS_YOURS_","2","UNHIGHLIGHTED","0","0","20","20","_THE_FLOOR_IS_YOURS_","NO","","","context","context: ""_THE_FLOOR_IS_YOURS_""","NO","NO","","fragment_or_label","HIGH","LABEL_FRAGMENT_OR_DEVICE","short label, slogan, heading or symbolic device rather than a proposition","] ASIA? ⏎ IT WAS NECESSARY. ⏎ FOR GOD & COUNTRY. ⏎ IT WAS NECESSARY. ⏎ NO OTHER VEHICLE TO REGAIN ENTRY. ⏎ :[AGAIN] direct pre-knowledge.  ⏎ :[AGAIN] warning ALERT. ⏎ Think BDT. ⏎ >Shall we play a game? ⏎ >How about a nice game of CHESS?","COMMAND? ⏎ WHY? ⏎ NECESSARY? ⏎ WHO IS TALKING? ⏎ THINK BIG. ⏎ THINK BIGGER. ⏎ THINK BIGGEST. ⏎ >HAITI FOCUS ⏎ Why is this relevant? ⏎ What comes next? ⏎ CF_BOOM_SHOCK_BYE_ ⏎ >ADM R ⏎ [CLAS-239B_TC] ⏎ >""…Because of the Democrats not being interes","450","470","https://8ch.net//greatawakening/res/1.html#8","","","","","","","","","UNREVIEWED"
"522","#522","2","p0522-s002","G_CERTIFIED_CONTEXT_NOT_PAINTED","##FLY##","2","UNHIGHLIGHTED","0","0","7","7","##FLY##","NO","","","context","context: ""##FLY##""","NO","NO","","fragment_or_label","HIGH","LABEL_FRAGMENT_OR_DEVICE","short label, slogan, heading or symbolic device rather than a proposition","-D_CsTBA_YES[AUTH_H7^pZBVTZ7302-]","[OWLS] ⏎ HOT-1_pre_D ⏎ HOT-2_pre_D ⏎ HOT-3+ ⏎ HOT-4_TERM_AUTHC-TVFCAZD-837392x ⏎ HOT-5_pre_D ⏎ HOT-6_pre_D ⏎ HOT-7_corr_TAXjV^-293Z ⏎ HOT-8_pre_D ⏎ HOT-9_pre_D ⏎ HOT-10_pre_D ⏎ HOT-11_pre_D ⏎ HOT-12_pre_D ⏎ AS THE WORLD TURNS. ⏎ HAPPY HUNTING. ⏎ P_P","34","41","https://8ch.net//greatawakening/res/1.html#10","","","","","","","","","UNREVIEWED"
"522","#522","4","p0522-s004","G_CERTIFIED_CONTEXT_NOT_PAINTED","HOT-1_pre_D","1","UNHIGHLIGHTED","0","0","11","11","HOT-1_pre_D","NO","","","context","context: ""HOT-1_pre_D""","NO","NO","","fragment_or_label","HIGH","LABEL_FRAGMENT_OR_DEVICE","short label, slogan, heading or symbolic device rather than a proposition","-D_CsTBA_YES[AUTH_H7^pZBVTZ7302-] ⏎ ##FLY## ⏎ [OWLS]","HOT-2_pre_D ⏎ HOT-3+ ⏎ HOT-4_TERM_AUTHC-TVFCAZD-837392x ⏎ HOT-5_pre_D ⏎ HOT-6_pre_D ⏎ HOT-7_corr_TAXjV^-293Z ⏎ HOT-8_pre_D ⏎ HOT-9_pre_D ⏎ HOT-10_pre_D ⏎ HOT-11_pre_D ⏎ HOT-12_pre_D ⏎ AS THE WORLD TURNS. ⏎ HAPPY HUNTING. ⏎ P_PERS: WRWY [N1LB][FG","49","60","https://8ch.net//greatawakening/res/1.html#10","","","","","","","","","UNREVIEWED"
"522","#522","5","p0522-s005","G_CERTIFIED_CONTEXT_NOT_PAINTED","HOT-2_pre_D","1","UNHIGHLIGHTED","0","0","11","11","HOT-2_pre_D","NO","","","context","context: ""HOT-2_pre_D""","NO","NO","","fragment_or_label","HIGH","LABEL_FRAGMENT_OR_DEVICE","short label, slogan, heading or symbolic device rather than a proposition","-D_CsTBA_YES[AUTH_H7^pZBVTZ7302-] ⏎ ##FLY## ⏎ [OWLS] ⏎ HOT-1_pre_D","HOT-3+ ⏎ HOT-4_TERM_AUTHC-TVFCAZD-837392x ⏎ HOT-5_pre_D ⏎ HOT-6_pre_D ⏎ HOT-7_corr_TAXjV^-293Z ⏎ HOT-8_pre_D ⏎ HOT-9_pre_D ⏎ HOT-10_pre_D ⏎ HOT-11_pre_D ⏎ HOT-12_pre_D ⏎ AS THE WORLD TURNS. ⏎ HAPPY HUNTING. ⏎ P_PERS: WRWY [N1LB][FG&C] ⏎ Jeremiah","61","72","https://8ch.net//greatawakening/res/1.html#10","","","","","","","","","UNREVIEWED"
"522","#522","6","p0522-s006","G_CERTIFIED_CONTEXT_NOT_PAINTED","HOT-3+","1","UNHIGHLIGHTED","0","0","6","6","HOT-3+","NO","","","context","context: ""HOT-3+""","NO","NO","","fragment_or_label","HIGH","LABEL_FRAGMENT_OR_DEVICE","short label, slogan, heading or symbolic device rather than a proposition","-D_CsTBA_YES[AUTH_H7^pZBVTZ7302-] ⏎ ##FLY## ⏎ [OWLS] ⏎ HOT-1_pre_D ⏎ HOT-2_pre_D","HOT-4_TERM_AUTHC-TVFCAZD-837392x ⏎ HOT-5_pre_D ⏎ HOT-6_pre_D ⏎ HOT-7_corr_TAXjV^-293Z ⏎ HOT-8_pre_D ⏎ HOT-9_pre_D ⏎ HOT-10_pre_D ⏎ HOT-11_pre_D ⏎ HOT-12_pre_D ⏎ AS THE WORLD TURNS. ⏎ HAPPY HUNTING. ⏎ P_PERS: WRWY [N1LB][FG&C] ⏎ Jeremiah 29:11","73","79","https://8ch.net//greatawakening/res/1.html#10","","","","","","","","","UNREVIEWED"
"522","#522","7","p0522-s007","G_CERTIFIED_CONTEXT_NOT_PAINTED","HOT-4_TERM_AUTHC-TVFCAZD-837392x","1","UNHIGHLIGHTED","0","0","32","32","HOT-4_TERM_AUTHC-TVFCAZD-837392x","NO","","","context","context: ""HOT-4_TERM_AUTHC-TVFCAZD-837392x""","NO","NO","","fragment_or_label","HIGH","LABEL_FRAGMENT_OR_DEVICE","short label, slogan, heading or symbolic device rather than a proposition","-D_CsTBA_YES[AUTH_H7^pZBVTZ7302-] ⏎ ##FLY## ⏎ [OWLS] ⏎ HOT-1_pre_D ⏎ HOT-2_pre_D ⏎ HOT-3+","HOT-5_pre_D ⏎ HOT-6_pre_D ⏎ HOT-7_corr_TAXjV^-293Z ⏎ HOT-8_pre_D ⏎ HOT-9_pre_D ⏎ HOT-10_pre_D ⏎ HOT-11_pre_D ⏎ HOT-12_pre_D ⏎ AS THE WORLD TURNS. ⏎ HAPPY HUNTING. ⏎ P_PERS: WRWY [N1LB][FG&C] ⏎ Jeremiah 29:11 ⏎ Q","80","112","https://8ch.net//greatawakening/res/1.html#10","","","","","","","","","UNREVIEWED"
"522","#522","8","p0522-s008","G_CERTIFIED_CONTEXT_NOT_PAINTED","HOT-5_pre_D","1","UNHIGHLIGHTED","0","0","11","11","HOT-5_pre_D","NO","","","context","context: ""HOT-5_pre_D""","NO","NO","","fragment_or_label","HIGH","LABEL_FRAGMENT_OR_DEVICE","short label, slogan, heading or symbolic device rather than a proposition","-D_CsTBA_YES[AUTH_H7^pZBVTZ7302-] ⏎ ##FLY## ⏎ [OWLS] ⏎ HOT-1_pre_D ⏎ HOT-2_pre_D ⏎ HOT-3+ ⏎ HOT-4_TERM_AUTHC-TVFCAZD-837392x","HOT-6_pre_D ⏎ HOT-7_corr_TAXjV^-293Z ⏎ HOT-8_pre_D ⏎ HOT-9_pre_D ⏎ HOT-10_pre_D ⏎ HOT-11_pre_D ⏎ HOT-12_pre_D ⏎ AS THE WORLD TURNS. ⏎ HAPPY HUNTING. ⏎ P_PERS: WRWY [N1LB][FG&C] ⏎ Jeremiah 29:11 ⏎ Q","113","124","https://8ch.net//greatawakening/res/1.html#10","","","","","","","","","UNREVIEWED"
"522","#522","9","p0522-s009","G_CERTIFIED_CONTEXT_NOT_PAINTED","HOT-6_pre_D","1","UNHIGHLIGHTED","0","0","11","11","HOT-6_pre_D","NO","","","context","context: ""HOT-6_pre_D""","NO","NO","","fragment_or_label","HIGH","LABEL_FRAGMENT_OR_DEVICE","short label, slogan, heading or symbolic device rather than a proposition","-D_CsTBA_YES[AUTH_H7^pZBVTZ7302-] ⏎ ##FLY## ⏎ [OWLS] ⏎ HOT-1_pre_D ⏎ HOT-2_pre_D ⏎ HOT-3+ ⏎ HOT-4_TERM_AUTHC-TVFCAZD-837392x ⏎ HOT-5_pre_D","HOT-7_corr_TAXjV^-293Z ⏎ HOT-8_pre_D ⏎ HOT-9_pre_D ⏎ HOT-10_pre_D ⏎ HOT-11_pre_D ⏎ HOT-12_pre_D ⏎ AS THE WORLD TURNS. ⏎ HAPPY HUNTING. ⏎ P_PERS: WRWY [N1LB][FG&C] ⏎ Jeremiah 29:11 ⏎ Q","125","136","https://8ch.net//greatawakening/res/1.html#10","","","","","","","","","UNREVIEWED"
"522","#522","10","p0522-s010","G_CERTIFIED_CONTEXT_NOT_PAINTED","HOT-7_corr_TAXjV^-293Z","1","UNHIGHLIGHTED","0","0","22","22","HOT-7_corr_TAXjV^-293Z","NO","","","context","context: ""HOT-7_corr_TAXjV^-293Z""","NO","NO","","fragment_or_label","HIGH","LABEL_FRAGMENT_OR_DEVICE","short label, slogan, heading or symbolic device rather than a proposition","-D_CsTBA_YES[AUTH_H7^pZBVTZ7302-] ⏎ ##FLY## ⏎ [OWLS] ⏎ HOT-1_pre_D ⏎ HOT-2_pre_D ⏎ HOT-3+ ⏎ HOT-4_TERM_AUTHC-TVFCAZD-837392x ⏎ HOT-5_pre_D ⏎ HOT-6_pre_D","HOT-8_pre_D ⏎ HOT-9_pre_D ⏎ HOT-10_pre_D ⏎ HOT-11_pre_D ⏎ HOT-12_pre_D ⏎ AS THE WORLD TURNS. ⏎ HAPPY HUNTING. ⏎ P_PERS: WRWY [N1LB][FG&C] ⏎ Jeremiah 29:11 ⏎ Q","137","159","https://8ch.net//greatawakening/res/1.html#10","","","","","","","","","UNREVIEWED"
"522","#522","11","p0522-s011","G_CERTIFIED_CONTEXT_NOT_PAINTED","HOT-8_pre_D","1","UNHIGHLIGHTED","0","0","11","11","HOT-8_pre_D","NO","","","context","context: ""HOT-8_pre_D""","NO","NO","","fragment_or_label","HIGH","LABEL_FRAGMENT_OR_DEVICE","short label, slogan, heading or symbolic device rather than a proposition","-D_CsTBA_YES[AUTH_H7^pZBVTZ7302-] ⏎ ##FLY## ⏎ [OWLS] ⏎ HOT-1_pre_D ⏎ HOT-2_pre_D ⏎ HOT-3+ ⏎ HOT-4_TERM_AUTHC-TVFCAZD-837392x ⏎ HOT-5_pre_D ⏎ HOT-6_pre_D ⏎ HOT-7_corr_TAXjV^-293Z","HOT-9_pre_D ⏎ HOT-10_pre_D ⏎ HOT-11_pre_D ⏎ HOT-12_pre_D ⏎ AS THE WORLD TURNS. ⏎ HAPPY HUNTING. ⏎ P_PERS: WRWY [N1LB][FG&C] ⏎ Jeremiah 29:11 ⏎ Q","160","171","https://8ch.net//greatawakening/res/1.html#10","","","","","","","","","UNREVIEWED"
"522","#522","12","p0522-s012","G_CERTIFIED_CONTEXT_NOT_PAINTED","HOT-9_pre_D","1","UNHIGHLIGHTED","0","0","11","11","HOT-9_pre_D","NO","","","context","context: ""HOT-9_pre_D""","NO","NO","","fragment_or_label","HIGH","LABEL_FRAGMENT_OR_DEVICE","short label, slogan, heading or symbolic device rather than a proposition","-D_CsTBA_YES[AUTH_H7^pZBVTZ7302-] ⏎ ##FLY## ⏎ [OWLS] ⏎ HOT-1_pre_D ⏎ HOT-2_pre_D ⏎ HOT-3+ ⏎ HOT-4_TERM_AUTHC-TVFCAZD-837392x ⏎ HOT-5_pre_D ⏎ HOT-6_pre_D ⏎ HOT-7_corr_TAXjV^-293Z ⏎ HOT-8_pre_D","HOT-10_pre_D ⏎ HOT-11_pre_D ⏎ HOT-12_pre_D ⏎ AS THE WORLD TURNS. ⏎ HAPPY HUNTING. ⏎ P_PERS: WRWY [N1LB][FG&C] ⏎ Jeremiah 29:11 ⏎ Q","172","183","https://8ch.net//greatawakening/res/1.html#10","","","","","","","","","UNREVIEWED"
"522","#522","13","p0522-s013","G_CERTIFIED_CONTEXT_NOT_PAINTED","HOT-10_pre_D","1","UNHIGHLIGHTED","0","0","12","12","HOT-10_pre_D","NO","","","context","context: ""HOT-10_pre_D""","NO","NO","","fragment_or_label","HIGH","LABEL_FRAGMENT_OR_DEVICE","short label, slogan, heading or symbolic device rather than a proposition","-D_CsTBA_YES[AUTH_H7^pZBVTZ7302-] ⏎ ##FLY## ⏎ [OWLS] ⏎ HOT-1_pre_D ⏎ HOT-2_pre_D ⏎ HOT-3+ ⏎ HOT-4_TERM_AUTHC-TVFCAZD-837392x ⏎ HOT-5_pre_D ⏎ HOT-6_pre_D ⏎ HOT-7_corr_TAXjV^-293Z ⏎ HOT-8_pre_D ⏎ HOT-9_pre_D","HOT-11_pre_D ⏎ HOT-12_pre_D ⏎ AS THE WORLD TURNS. ⏎ HAPPY HUNTING. ⏎ P_PERS: WRWY [N1LB][FG&C] ⏎ Jeremiah 29:11 ⏎ Q","184","196","https://8ch.net//greatawakening/res/1.html#10","","","","","","","","","UNREVIEWED"
"522","#522","14","p0522-s014","G_CERTIFIED_CONTEXT_NOT_PAINTED","HOT-11_pre_D","1","UNHIGHLIGHTED","0","0","12","12","HOT-11_pre_D","NO","","","context","context: ""HOT-11_pre_D""","NO","NO","","fragment_or_label","HIGH","LABEL_FRAGMENT_OR_DEVICE","short label, slogan, heading or symbolic device rather than a proposition","-D_CsTBA_YES[AUTH_H7^pZBVTZ7302-] ⏎ ##FLY## ⏎ [OWLS] ⏎ HOT-1_pre_D ⏎ HOT-2_pre_D ⏎ HOT-3+ ⏎ HOT-4_TERM_AUTHC-TVFCAZD-837392x ⏎ HOT-5_pre_D ⏎ HOT-6_pre_D ⏎ HOT-7_corr_TAXjV^-293Z ⏎ HOT-8_pre_D ⏎ HOT-9_pre_D ⏎ HOT-10_pre_D","HOT-12_pre_D ⏎ AS THE WORLD TURNS. ⏎ HAPPY HUNTING. ⏎ P_PERS: WRWY [N1LB][FG&C] ⏎ Jeremiah 29:11 ⏎ Q","197","209","https://8ch.net//greatawakening/res/1.html#10","","","","","","","","","UNREVIEWED"
"522","#522","15","p0522-s015","G_CERTIFIED_CONTEXT_NOT_PAINTED","HOT-12_pre_D","1","UNHIGHLIGHTED","0","0","12","12","HOT-12_pre_D","NO","","","context","context: ""HOT-12_pre_D""","NO","NO","","fragment_or_label","HIGH","LABEL_FRAGMENT_OR_DEVICE","short label, slogan, heading or symbolic device rather than a proposition","-D_CsTBA_YES[AUTH_H7^pZBVTZ7302-] ⏎ ##FLY## ⏎ [OWLS] ⏎ HOT-1_pre_D ⏎ HOT-2_pre_D ⏎ HOT-3+ ⏎ HOT-4_TERM_AUTHC-TVFCAZD-837392x ⏎ HOT-5_pre_D ⏎ HOT-6_pre_D ⏎ HOT-7_corr_TAXjV^-293Z ⏎ HOT-8_pre_D ⏎ HOT-9_pre_D ⏎ HOT-10_pre_D ⏎ HOT-11_pre_D","AS THE WORLD TURNS. ⏎ HAPPY HUNTING. ⏎ P_PERS: WRWY [N1LB][FG&C] ⏎ Jeremiah 29:11 ⏎ Q","210","222","https://8ch.net//greatawakening/res/1.html#10","","","","","","","","","UNREVIEWED"
"525","#525","1","p0525-s001","G_CERTIFIED_CONTEXT_NOT_PAINTED","7/10.","2","UNHIGHLIGHTED","0","0","5","5","7/10.","NO","","","context","context: ""7/10.""","NO","NO","","symbolic_or_numeric","HIGH","LABEL_FRAGMENT_OR_DEVICE","short label, slogan, heading or symbolic device rather than a proposition","","Targeted Kills. ⏎ Power Out. ⏎ Flight re-routes. ⏎ Flight returns. ⏎ Running. ⏎ Public awakening.  ⏎ Message spreading wide & far. ⏎ Goodbye @Jack. ⏎ Q","0","5","https://8ch.net//greatawakening/res/1.html#13","","","","","","","","","UNREVIEWED"
"533","#533","13","p0533-s013","G_CERTIFIED_CONTEXT_NOT_PAINTED","4, 10, 20","4","UNHIGHLIGHTED","0","0","7","7","4, 10, 20","NO","","","context","context: ""4, 10, 20""","NO","NO","","symbolic_or_numeric","HIGH","LABEL_FRAGMENT_OR_DEVICE","short label, slogan, heading or symbolic device rather than a proposition","G BACK OUR COUNTRY (& WORLD) FROM THE EVIL LOSERS WHO WOULD DO US HARM (ALL FOR A BUCK).  ⏎ NO MORE. ⏎ STAND UP PATRIOTS. ⏎ STAND UP AND DEFEND WHAT YOU KNOW IS RIGHT. ⏎ GOD BLESS YOU AND GOD BLESS THE UNITED STATES OF AMERICA.","","423","432","https://8ch.net//greatawakening/res/1.html#20","","","","","","","","","UNREVIEWED"
"534","#534","1","p0534-s001","G_CERTIFIED_CONTEXT_NOT_PAINTED","Side_by_Side (graphic form):","1","UNHIGHLIGHTED","0","0","26","26","Side_by_Side (graphic form):","NO","","","context","context: ""Side_by_Side (graphic form):""","NO","NO","","colon_or_semicolon_block","HIGH","CLAIM_CANDIDATE","declarative prose — decide Q-authored claim vs quoted claim vs aphorism","","BDT/False Flag posts vs actual news of bomb attempt (NYC)_ ⏎ DEFCON 1 posts vs H scare_ ⏎ [2] above represent PRIMARY indicators. ⏎ SEC indicators = Posts:Tweets:Time ⏎ REMAINDER below. ⏎ START HERE. ⏎ WILL GUIDE. ⏎ Q","0","28","https://8ch.net//greatawakening/res/1.html#21","","","","","","","","","UNREVIEWED"
"534","#534","3","p0534-s003","G_CERTIFIED_CONTEXT_NOT_PAINTED","DEFCON 1 posts vs H scare_","1","PARTIAL_ONLY","28.57","0","15","21","1 posts vs H scare_","NO","theme","theme: ""DEFCON"" [88-94]","context","context: ""DEFCON 1 posts vs H scare_""","NO","NO","","fragment_or_label","HIGH","LABEL_FRAGMENT_OR_DEVICE","short label, slogan, heading or symbolic device rather than a proposition","Side_by_Side (graphic form): ⏎ BDT/False Flag posts vs actual news of bomb attempt (NYC)_","[2] above represent PRIMARY indicators. ⏎ SEC indicators = Posts:Tweets:Time ⏎ REMAINDER below. ⏎ START HERE. ⏎ WILL GUIDE. ⏎ Q","88","114","https://8ch.net//greatawakening/res/1.html#21","","","","","","","","","UNREVIEWED"
"551","#551","10","p0551-s010","G_CERTIFIED_CONTEXT_NOT_PAINTED","THE BEGINNING OF THE END>","1","UNHIGHLIGHTED","0","0","21","21","THE BEGINNING OF THE END>","NO","","","context","context: ""THE BEGINNING OF THE END>""","NO","NO","","sentence_like_no_terminal","HIGH","CLAIM_CANDIDATE","declarative prose — decide Q-authored claim vs quoted claim vs aphorism","osen to be asst AG?  ⏎ Why did RR draft a letter supporting JC termination?  ⏎ Why did RR use full weight of his office to attempt to block release of doc to Congress today? ⏎ Confused? ⏎ News unlocks past. ⏎ D's cannot survive.","DWS FAILED to FLEE. ⏎ Q","299","324","https://8ch.net//greatawakening/res/1.html#35","","","","","","","","","UNREVIEWED"
"557","#557","1","p0557-s001","G_CERTIFIED_CONTEXT_NOT_PAINTED","_The_Floor_is_Yours_","2","UNHIGHLIGHTED","0","0","20","20","_The_Floor_is_Yours_","NO","","","context","context: ""_The_Floor_is_Yours_""","NO","NO","","fragment_or_label","HIGH","LABEL_FRAGMENT_OR_DEVICE","short label, slogan, heading or symbolic device rather than a proposition",">>89812","Q","8","28","https://8ch.net//qresearch/res/89466.html#89841","","","","","","","","","UNREVIEWED"
"559","#559","1","p0559-s001","G_CERTIFIED_CONTEXT_NOT_PAINTED","HUSSEIN CABINET / STAFF","1","PARTIAL_ONLY","70","0","6","20","/ STAFF","NO","namedEntity | theme","namedEntity: ""HUSSEIN"" [0-7] || namedEntity: ""HUSSEIN"" [0-7] || theme: ""CABINET"" [8-15]","context","context: ""HUSSEIN CABINET / STAFF""","NO","NO","","fragment_or_label","HIGH","LABEL_FRAGMENT_OR_DEVICE","short label, slogan, heading or symbolic device rather than a proposition","","Who used private email addresses?  ⏎ What was the purpose? ⏎ LL. ⏎ HRC. ⏎ JC. ⏎ JC. ⏎ CS. ⏎ AM. ⏎ We don't say his name. ⏎ RR. ⏎ SR. ⏎ JB. ⏎ HA. ⏎ VJ. ⏎ Did Hussein use a private email address? ⏎ @what? ⏎ Who just resigned from GOOG? ⏎ Why was ES in NK?","0","23","https://8ch.net//greatawakening/res/1.html#40","","","","","","","","","UNREVIEWED"
"564","#564","9","p0564-s009","G_CERTIFIED_CONTEXT_NOT_PAINTED","MSM contractors #Goodbye#","1","PARTIAL_ONLY","13.04","0","20","23","contractors #Goodbye#","NO","theme","theme: ""MSM"" [191-194]","context","context: ""MSM contractors #Goodbye#""","NO","NO","","fragment_or_label","HIGH","LABEL_FRAGMENT_OR_DEVICE","short label, slogan, heading or symbolic device rather than a proposition","Counter-narrative went out @ 4am to MSM contractors [like clockwork]. ⏎ Russian bots. ⏎ These people are REALLY REALLY STUPID. ⏎ Desperation. ⏎ Fear. ⏎ When does a bird sing? ⏎ NOBODY is safe. ⏎ NO DEALS.","Fight, Fight, Fight. ⏎ Q","191","216","https://8ch.net//greatawakening/res/1.html#45","","","","","","","","","UNREVIEWED"
"570","#570","11","p0570-s011","G_CERTIFIED_CONTEXT_NOT_PAINTED","Install rogue_ops","1","UNHIGHLIGHTED","0","0","16","16","Install rogue_ops","NO","","","context","context: ""Install rogue_ops""","NO","NO","","fragment_or_label","HIGH","LABEL_FRAGMENT_OR_DEVICE","short label, slogan, heading or symbolic device rather than a proposition","to ensure D victory [+insurance]. ⏎ #Memo factually demonstrates 'knowingly false intel' provided to FISA Judges to obtain warrant(s). ⏎ THEY NEVER THOUGHT SHE WOULD LOSE. ⏎ [The 16 Year Plan To Destroy America] ⏎ Hussein [8]","Leak C-intel/Mil assets ⏎ Cut funding to Mil ⏎ Command away from generals ⏎ Launch 'good guy' takedown (internal remove) - Valerie Jarrett (sniffer) ⏎ SAP sell-off ⏎ Snowden open source Prism/Keyscore (catastrophic to US Mil v. b","464","481","https://8ch.net//greatawakening/res/1.html#47","","","","","","","","","UNREVIEWED"
"570","#570","12","p0570-s012","G_CERTIFIED_CONTEXT_NOT_PAINTED","Leak C-intel/Mil assets","1","PARTIAL_ONLY","14.29","0","18","21","Leak C-intel/ ⋯ assets","NO","namedEntity","namedEntity: ""Mil"" [495-498] || namedEntity: ""Mil"" [495-498] || namedEntity: ""Mil"" [495-498] || namedEntity: ""Mil"" [495-498]","context","context: ""Leak C-intel/Mil assets""","NO","NO","","fragment_or_label","HIGH","LABEL_FRAGMENT_OR_DEVICE","short label, slogan, heading or symbolic device rather than a proposition","ry [+insurance]. ⏎ #Memo factually demonstrates 'knowingly false intel' provided to FISA Judges to obtain warrant(s). ⏎ THEY NEVER THOUGHT SHE WOULD LOSE. ⏎ [The 16 Year Plan To Destroy America] ⏎ Hussein [8]  ⏎ Install rogue_ops","Cut funding to Mil ⏎ Command away from generals ⏎ Launch 'good guy' takedown (internal remove) - Valerie Jarrett (sniffer) ⏎ SAP sell-off ⏎ Snowden open source Prism/Keyscore (catastrophic to US Mil v. bad actors (WW) +Clowns/-","482","505","https://8ch.net//greatawakening/res/1.html#47","","","","","","","","","UNREVIEWED"
"570","#570","14","p0570-s014","G_CERTIFIED_CONTEXT_NOT_PAINTED","Command away from generals","1","UNHIGHLIGHTED","0","0","23","23","Command away from generals","NO","","","context","context: ""Command away from generals""","NO","NO","","fragment_or_label","HIGH","LABEL_FRAGMENT_OR_DEVICE","short label, slogan, heading or symbolic device rather than a proposition","es 'knowingly false intel' provided to FISA Judges to obtain warrant(s). ⏎ THEY NEVER THOUGHT SHE WOULD LOSE. ⏎ [The 16 Year Plan To Destroy America] ⏎ Hussein [8]  ⏎ Install rogue_ops ⏎ Leak C-intel/Mil assets ⏎ Cut funding to Mil","Launch 'good guy' takedown (internal remove) - Valerie Jarrett (sniffer) ⏎ SAP sell-off ⏎ Snowden open source Prism/Keyscore (catastrophic to US Mil v. bad actors (WW) +Clowns/-No Such Agency) ⏎ Target/weaken conservative bas","525","551","https://8ch.net//greatawakening/res/1.html#47","","","","","","","","","UNREVIEWED"
"570","#570","16","p0570-s016","G_CERTIFIED_CONTEXT_NOT_PAINTED","SAP sell-off","1","UNHIGHLIGHTED","0","0","11","11","SAP sell-off","NO","","","context","context: ""SAP sell-off""","NO","NO","","fragment_or_label","HIGH","LABEL_FRAGMENT_OR_DEVICE","short label, slogan, heading or symbolic device rather than a proposition","D LOSE. ⏎ [The 16 Year Plan To Destroy America] ⏎ Hussein [8]  ⏎ Install rogue_ops ⏎ Leak C-intel/Mil assets ⏎ Cut funding to Mil ⏎ Command away from generals ⏎ Launch 'good guy' takedown (internal remove) - Valerie Jarrett (sniffer)","Snowden open source Prism/Keyscore (catastrophic to US Mil v. bad actors (WW) +Clowns/-No Such Agency) ⏎ Target/weaken conservative base (IRS/MSM) ⏎ Open border (flood illegals: D win) ISIS/MS13 fund/install (fear, targetin","625","637","https://8ch.net//greatawakening/res/1.html#47","","","","","","","","","UNREVIEWED"
"570","#570","32","p0570-s032","G_CERTIFIED_CONTEXT_NOT_PAINTED","Revise Constitution","1","UNHIGHLIGHTED","0","0","18","18","Revise Constitution","NO","","","context","context: ""Revise Constitution""","NO","NO","","fragment_or_label","HIGH","LABEL_FRAGMENT_OR_DEVICE","short label, slogan, heading or symbolic device rather than a proposition","RIG (HELPLESS) ⏎ [CLAS 1-99] ⏎ HRC [8] WWIII [death & weapons real/WAR FAKE & CONTROLLED][population growth control/pocket billions] ⏎ Eliminate final rogue_ops within Gov't/MIL ⏎ KILL economy [starve/need/enslave] ⏎ Open borders","Ban sale of firearms (2nd amen removal) ⏎ Install 'on team' SC justices> legal win(s) across spectrum of challengers (AS 187) ⏎ Removal of electoral college [pop vote ^easier manipulation/illegal votes/Soros machines] ⏎ Limit","1399","1418","https://8ch.net//greatawakening/res/1.html#47","","","","","","","","","UNREVIEWED"
"570","#570","33","p0570-s033","G_CERTIFIED_CONTEXT_NOT_PAINTED","Ban sale of firearms (2nd amen removal)","1","PARTIAL_ONLY","12.12","0","29","33","Ban sale of firearms (2nd ⋯ removal)","NO","theme","theme: ""amen"" [1445-1449]","context","context: ""Ban sale of firearms (2nd amen removal)""","NO","NO","","fragment_or_label","HIGH","RELIGIOUS_THEME_CANDIDATE","religious or scriptural vocabulary — check quoted-source boundaries","1-99] ⏎ HRC [8] WWIII [death & weapons real/WAR FAKE & CONTROLLED][population growth control/pocket billions] ⏎ Eliminate final rogue_ops within Gov't/MIL ⏎ KILL economy [starve/need/enslave] ⏎ Open borders ⏎ Revise Constitution","Install 'on team' SC justices> legal win(s) across spectrum of challengers (AS 187) ⏎ Removal of electoral college [pop vote ^easier manipulation/illegal votes/Soros machines] ⏎ Limit/remove funding of MIL ⏎ Closure of US MIL","1419","1458","https://8ch.net//greatawakening/res/1.html#47","","","","","","","","","UNREVIEWED"
"582","#582","1","p0582-s001","G_CERTIFIED_CONTEXT_NOT_PAINTED",":stay at home<","1","UNHIGHLIGHTED","0","0","12","12",":stay at home<","NO","","","context","context: "":stay at home<""","NO","NO","","fragment_or_label","HIGH","LABEL_FRAGMENT_OR_DEVICE","short label, slogan, heading or symbolic device rather than a proposition","","[-7] ⏎ DR_noon_clear_sky^ ⏎ Safe comms_SAT-re_Bz985300^00 ⏎ Q","0","14","https://8ch.net//qresearch/res/126828.html#127154","","","","","","","","","UNREVIEWED"
"582","#582","3","p0582-s003","G_CERTIFIED_CONTEXT_NOT_PAINTED","DR_noon_clear_sky^","1","UNHIGHLIGHTED","0","0","18","18","DR_noon_clear_sky^","NO","","","context","context: ""DR_noon_clear_sky^""","NO","NO","","fragment_or_label","HIGH","LABEL_FRAGMENT_OR_DEVICE","short label, slogan, heading or symbolic device rather than a proposition",":stay at home< ⏎ [-7]","Safe comms_SAT-re_Bz985300^00 ⏎ Q","20","38","https://8ch.net//qresearch/res/126828.html#127154","","","","","","","","","UNREVIEWED"
"582","#582","4","p0582-s004","G_CERTIFIED_CONTEXT_NOT_PAINTED","Safe comms_SAT-re_Bz985300^00","1","UNHIGHLIGHTED","0","0","28","28","Safe comms_SAT-re_Bz985300^00","NO","","","context","context: ""Safe comms_SAT-re_Bz985300^00""","NO","NO","","fragment_or_label","HIGH","LABEL_FRAGMENT_OR_DEVICE","short label, slogan, heading or symbolic device rather than a proposition",":stay at home< ⏎ [-7] ⏎ DR_noon_clear_sky^","Q","39","68","https://8ch.net//qresearch/res/126828.html#127154","","","","","","","","","UNREVIEWED"
"624","#624","1","p0624-s001","G_CERTIFIED_CONTEXT_NOT_PAINTED","""Catch & Release""","1","UNHIGHLIGHTED","0","0","15","15","""Catch & Release""","NO","","","context","context: """"Catch & Release""""","NO","NO","","fragment_or_label","HIGH","LABEL_FRAGMENT_OR_DEVICE","short label, slogan, heading or symbolic device rather than a proposition","","""Safety & Security"" ⏎ Coincidence?  ⏎ Have you learned how to read the message? ⏎ Q","0","17","https://8ch.net//greatawakening/res/1.html#67","","","","","","","","","UNREVIEWED"
"624","#624","2","p0624-s002","G_CERTIFIED_CONTEXT_NOT_PAINTED","""Safety & Security""","1","UNHIGHLIGHTED","0","0","17","17","""Safety & Security""","NO","","","context","context: """"Safety & Security""""","NO","NO","","fragment_or_label","HIGH","LABEL_FRAGMENT_OR_DEVICE","short label, slogan, heading or symbolic device rather than a proposition","""Catch & Release""","Coincidence?  ⏎ Have you learned how to read the message? ⏎ Q","18","37","https://8ch.net//greatawakening/res/1.html#67","","","","","","","","","UNREVIEWED"
"638","#638","1","p0638-s001","G_CERTIFIED_CONTEXT_NOT_PAINTED","""Stronger Together""","1","UNHIGHLIGHTED","0","0","18","18","""Stronger Together""","NO","","","context","context: """"Stronger Together""""","NO","NO","","fragment_or_label","HIGH","LABEL_FRAGMENT_OR_DEVICE","short label, slogan, heading or symbolic device rather than a proposition","","","0","19","https://8ch.net//greatawakening/res/1.html#73","","","","","","","","","UNREVIEWED"
"641","#641","3","p0641-s003","G_CERTIFIED_CONTEXT_NOT_PAINTED","""Bring them to heel""","1","UNHIGHLIGHTED","0","0","17","17","""Bring them to heel""","NO","","","context","context: """"Bring them to heel""""","NO","NO","","sentence_like_no_terminal","HIGH","CLAIM_CANDIDATE","declarative prose — decide Q-authored claim vs quoted claim vs aphorism","https://www.youtube.com/watch?v=j0uCrA7ePno ⏎ ""Super-predator""","Define heel. ⏎ (of a dog) follow closely behind its owner.","61","81","https://8ch.net//greatawakening/res/1.html#76","","","","","","","","","UNREVIEWED"
"645","#645","1","p0645-s001","G_CERTIFIED_CONTEXT_NOT_PAINTED","JC Tweet Translation:","1","PARTIAL_ONLY","10.53","0","17","19","Tweet Translation:","NO","namedEntity","namedEntity: ""JC"" [0-2]","context","context: ""JC Tweet Translation:""","NO","NO","","colon_or_semicolon_block","HIGH","CLAIM_CANDIDATE","declarative prose — decide Q-authored claim vs quoted claim vs aphorism","","Special Agent Andrew McCabe stood tall over the last 8 months [DO NOT TALK],  when small people [SHEEP] were trying to tear down an institution we all depend on [COVER]. He served with distinction for two decades [WE OW","0","21","https://8ch.net//greatawakening/res/1.html#80","","","","","","","","","UNREVIEWED"
"669","#669","4","p0669-s004","G_CERTIFIED_CONTEXT_NOT_PAINTED","[1","36","UNHIGHLIGHTED","0","0","2","2","[1","NO","","","context","context: ""[1"" || context: ""[1""","NO","NO","","symbolic_or_numeric","HIGH","LABEL_FRAGMENT_OR_DEVICE","short label, slogan, heading or symbolic device rather than a proposition","VJ phone call w/ AS. ⏎ 42m 13s. ⏎ [2 listeners - no IDEN].","]_reroutes_[9 random] ⏎ [1  ⏎ ]_reroutes_[2 random] ⏎ Article 3. ⏎ Section 3. ⏎ Q","55","57","https://8ch.net//qresearch/res/279266.html#279710","","","","","","","","","UNREVIEWED"
"669","#669","5","p0669-s005","G_CERTIFIED_CONTEXT_NOT_PAINTED","]_reroutes_[9 random]","1","PARTIAL_ONLY","45","0","11","20","]_reroutes_","NO","bracketCode","bracketCode: ""[9 random]"" [73-83]","context","context: ""]_reroutes_[9 random]""","NO","NO","","fragment_or_label","HIGH","LABEL_FRAGMENT_OR_DEVICE","short label, slogan, heading or symbolic device rather than a proposition","VJ phone call w/ AS. ⏎ 42m 13s. ⏎ [2 listeners - no IDEN]. ⏎ [1","[1  ⏎ ]_reroutes_[2 random] ⏎ Article 3. ⏎ Section 3. ⏎ Q","62","83","https://8ch.net//qresearch/res/279266.html#279710","","","","","","","","","UNREVIEWED"
"669","#669","6","p0669-s006","G_CERTIFIED_CONTEXT_NOT_PAINTED","[1","36","UNHIGHLIGHTED","0","0","2","2","[1","NO","","","context","context: ""[1"" || context: ""[1""","NO","NO","","symbolic_or_numeric","HIGH","LABEL_FRAGMENT_OR_DEVICE","short label, slogan, heading or symbolic device rather than a proposition","VJ phone call w/ AS. ⏎ 42m 13s. ⏎ [2 listeners - no IDEN]. ⏎ [1    ⏎  ⏎ ]_reroutes_[9 random]","]_reroutes_[2 random] ⏎ Article 3. ⏎ Section 3. ⏎ Q","84","86","https://8ch.net//qresearch/res/279266.html#279710","","","","","","","","","UNREVIEWED"
"669","#669","7","p0669-s007","G_CERTIFIED_CONTEXT_NOT_PAINTED","]_reroutes_[2 random]","1","PARTIAL_ONLY","45","0","11","20","]_reroutes_","NO","bracketCode","bracketCode: ""[2 random]"" [99-109]","context","context: ""]_reroutes_[2 random]""","NO","NO","","fragment_or_label","HIGH","LABEL_FRAGMENT_OR_DEVICE","short label, slogan, heading or symbolic device rather than a proposition","VJ phone call w/ AS. ⏎ 42m 13s. ⏎ [2 listeners - no IDEN]. ⏎ [1    ⏎  ⏎ ]_reroutes_[9 random] ⏎ [1","Article 3. ⏎ Section 3. ⏎ Q","88","109","https://8ch.net//qresearch/res/279266.html#279710","","","","","","","","","UNREVIEWED"
"675","#675","5","p0675-s005","G_CERTIFIED_CONTEXT_NOT_PAINTED","#2.","32","UNHIGHLIGHTED","0","0","3","3","#2.","NO","","","context","context: ""#2.""","NO","NO","","symbolic_or_numeric","HIGH","LABEL_FRAGMENT_OR_DEVICE","short label, slogan, heading or symbolic device rather than a proposition",">>283468 ⏎ Build timeline. ⏎ AS 187. ⏎ HRC investigation pivot points. ⏎ JC dismiss letter.","PS. ⏎ WL comms. ⏎ Q","84","87","https://8ch.net//qresearch/res/283115.html#283537","","","","","","","","","UNREVIEWED"
"701","#701","2","p0701-s002","G_CERTIFIED_CONTEXT_NOT_PAINTED","50.22.218.5","1","UNHIGHLIGHTED","0","0","11","11","50.22.218.5","NO","","","context","context: ""50.22.218.5""","NO","NO","","symbolic_or_numeric","HIGH","LABEL_FRAGMENT_OR_DEVICE","short label, slogan, heading or symbolic device rather than a proposition","Top 10 player [here now].","Q","26","37","https://8ch.net//qresearch/res/319469.html#320333","","","","","","","","","UNREVIEWED"
"702","#702","1","p0702-s001","G_CERTIFIED_CONTEXT_NOT_PAINTED","_yes","2","UNHIGHLIGHTED","0","0","4","4","_yes","NO","","","context","context: ""_yes""","NO","NO","","fragment_or_label","HIGH","LABEL_FRAGMENT_OR_DEVICE","short label, slogan, heading or symbolic device rather than a proposition","","CONF ⏎ Bravo-TK_964389&66 ⏎ Q","0","4","https://8ch.net//qresearch/res/321035.html#321555","","","","","","","","","UNREVIEWED"
"702","#702","2","p0702-s002","G_CERTIFIED_CONTEXT_NOT_PAINTED","CONF","1","UNHIGHLIGHTED","0","0","4","4","CONF","NO","","","context","context: ""CONF""","NO","NO","","fragment_or_label","HIGH","LABEL_FRAGMENT_OR_DEVICE","short label, slogan, heading or symbolic device rather than a proposition","_yes","Bravo-TK_964389&66 ⏎ Q","5","9","https://8ch.net//qresearch/res/321035.html#321555","","","","","","","","","UNREVIEWED"
"717","#717","2","p0717-s002","G_CERTIFIED_CONTEXT_NOT_PAINTED","Private: Clowns Clowns Clowns","1","UNHIGHLIGHTED","0","0","26","26","Private: Clowns Clowns Clowns","NO","","","context","context: ""Private: Clowns Clowns Clowns""","NO","NO","","fragment_or_label","HIGH","LABEL_FRAGMENT_OR_DEVICE","short label, slogan, heading or symbolic device rather than a proposition","Public: FBI/DOJ/O-WH/SD","Expand your thinking. ⏎ Q","24","53","https://8ch.net//qresearch/res/325849.html#326006","","","","","","","","","UNREVIEWED"
"728","#728","1","p0728-s001","G_CERTIFIED_CONTEXT_NOT_PAINTED","Timestamp:","2","UNHIGHLIGHTED","0","0","10","10","Timestamp:","NO","","","context","context: ""Timestamp:""","NO","NO","","colon_or_semicolon_block","HIGH","CLAIM_CANDIDATE","declarative prose — decide Q-authored claim vs quoted claim vs aphorism","","@Snowden ""Truth To Power"" ⏎ Drop ""Truth To Power"" ⏎ Learn. ⏎ Q","0","10","https://8ch.net//qresearch/res/340086.html#340398","","","","","","","","","UNREVIEWED"
"728","#728","2","p0728-s002","G_CERTIFIED_CONTEXT_NOT_PAINTED","@Snowden ""Truth To Power""","2","PARTIAL_ONLY","31.82","0","15","22","@ ⋯ ""Truth To Power""","NO","namedEntity","namedEntity: ""Snowden"" [12-19]","context","context: ""@Snowden ""Truth To Power""""","NO","NO","","fragment_or_label","HIGH","LABEL_FRAGMENT_OR_DEVICE","short label, slogan, heading or symbolic device rather than a proposition","Timestamp:","Drop ""Truth To Power"" ⏎ Learn. ⏎ Q","11","36","https://8ch.net//qresearch/res/340086.html#340398","","","","","","","","","UNREVIEWED"
"731","#731","2","p0731-s002","G_CERTIFIED_CONTEXT_NOT_PAINTED","@Snowden ""Truth To Power""","2","PARTIAL_ONLY","31.82","0","15","22","@ ⋯ ""Truth To Power""","NO","namedEntity","namedEntity: ""Snowden"" [12-19] || namedEntity: ""Snowden"" [12-19]","context","context: ""@Snowden ""Truth To Power""""","NO","NO","","fragment_or_label","HIGH","LABEL_FRAGMENT_OR_DEVICE","short label, slogan, heading or symbolic device rather than a proposition","Timestamp:","Drop ""Truth To Power"" ⏎ Learn. ⏎ Q ⏎  ⏎ >>340441 ⏎ >>325370 You will cease to exist ⏎ Timestamp. ⏎ Learn. ⏎ Q ⏎  ⏎ >>340695 ⏎ Coincidence ""Truth To Power""? ⏎ Coincidence Barlow? ⏎ Learn. ⏎ What if Snowden was still a Clown? ⏎ Why would it be importa","11","36","https://8ch.net//greatawakening/res/1.html#84","","","","","","","","","UNREVIEWED"
"751","#751","9","p0751-s009","G_CERTIFIED_CONTEXT_NOT_PAINTED","NK Nuclear (mini suc)(icbm suc)","1","PARTIAL_ONLY","7.41","0","25","27","Nuclear (mini suc)(icbm suc)","NO","namedEntity","namedEntity: ""NK"" [84-86]","context","context: ""NK Nuclear (mini suc)(icbm suc)""","NO","NO","","fragment_or_label","HIGH","LABEL_FRAGMENT_OR_DEVICE","short label, slogan, heading or symbolic device rather than a proposition","Operation Merlin (tech). ⏎ >Iran ⏎ >NK ⏎ Iran Deal (funding). ⏎ >Iran ⏎ >NK ⏎ >T cells ⏎ >Payoffs",">War engine  ⏎ >Protection ⏎ Q","84","115","https://8ch.net//qresearch/res/360029.html#360296","","","","","","","","","UNREVIEWED"
"756","#756","2","p0756-s002","G_CERTIFIED_CONTEXT_NOT_PAINTED","38201820281028201820484739201837474","1","UNHIGHLIGHTED","0","0","35","35","38201820281028201820484739201837474","NO","","","context","context: ""38201820281028201820484739201837474""","NO","NO","","symbolic_or_numeric","HIGH","LABEL_FRAGMENT_OR_DEVICE","short label, slogan, heading or symbolic device rather than a proposition","dZ68J_729282D_B^02928xABVtZ ⏎ b7al8920289-sLBTCZA99_jXK","B_1 ⏎ B_2 ⏎ KILL_CHAIN ⏎ SKY_TAR_[E_BZ_y] ⏎ [] ⏎ []PAK[] ⏎ []-13-[] ⏎ A-9zBT1-033 ⏎ ""Republic-D"" ⏎ ""Republic-E"" ⏎ ""Republic-F"" ⏎ ""Republic-MILMAR-E"" ⏎ INFIL-[2]-OP_TAKE_O_ ⏎ WATCH_TOWER_OK ⏎ RED_RED_OK ⏎ RED_CASTLE_OK ⏎ NIGHT_BOX_OK ⏎ SKY_BEAM_OK ⏎ NORTH_","54","89","https://8ch.net//greatawakening/res/1.html#89","","","","","","","","","UNREVIEWED"
"756","#756","9","p0756-s009","G_CERTIFIED_CONTEXT_NOT_PAINTED","[]-13-[]","3","UNHIGHLIGHTED","0","0","8","8","[]-13-[]","NO","","","context","context: ""[]-13-[]""","NO","NO","","symbolic_or_numeric","HIGH","LABEL_FRAGMENT_OR_DEVICE","short label, slogan, heading or symbolic device rather than a proposition","dZ68J_729282D_B^02928xABVtZ ⏎ b7al8920289-sLBTCZA99_jXK ⏎ 38201820281028201820484739201837474 ⏎ B_1 ⏎ B_2 ⏎ KILL_CHAIN ⏎ SKY_TAR_[E_BZ_y] ⏎ [] ⏎ []PAK[]","A-9zBT1-033 ⏎ ""Republic-D"" ⏎ ""Republic-E"" ⏎ ""Republic-F"" ⏎ ""Republic-MILMAR-E"" ⏎ INFIL-[2]-OP_TAKE_O_ ⏎ WATCH_TOWER_OK ⏎ RED_RED_OK ⏎ RED_CASTLE_OK ⏎ NIGHT_BOX_OK ⏎ SKY_BEAM_OK ⏎ NORTH_TRADE_OK ⏎ MOUNTAIN_DEEP_OK ⏎ COMM_SAT_6_OK ⏎ COMM_SAT_7_OK ⏎ CO","137","145","https://8ch.net//greatawakening/res/1.html#89","","","","","","","","","UNREVIEWED"
"756","#756","10","p0756-s010","G_CERTIFIED_CONTEXT_NOT_PAINTED","A-9zBT1-033","1","UNHIGHLIGHTED","0","0","11","11","A-9zBT1-033","NO","","","context","context: ""A-9zBT1-033""","NO","NO","","fragment_or_label","HIGH","LABEL_FRAGMENT_OR_DEVICE","short label, slogan, heading or symbolic device rather than a proposition","dZ68J_729282D_B^02928xABVtZ ⏎ b7al8920289-sLBTCZA99_jXK ⏎ 38201820281028201820484739201837474 ⏎ B_1 ⏎ B_2 ⏎ KILL_CHAIN ⏎ SKY_TAR_[E_BZ_y] ⏎ [] ⏎ []PAK[] ⏎ []-13-[]","""Republic-D"" ⏎ ""Republic-E"" ⏎ ""Republic-F"" ⏎ ""Republic-MILMAR-E"" ⏎ INFIL-[2]-OP_TAKE_O_ ⏎ WATCH_TOWER_OK ⏎ RED_RED_OK ⏎ RED_CASTLE_OK ⏎ NIGHT_BOX_OK ⏎ SKY_BEAM_OK ⏎ NORTH_TRADE_OK ⏎ MOUNTAIN_DEEP_OK ⏎ COMM_SAT_6_OK ⏎ COMM_SAT_7_OK ⏎ COMM_SAT_8_FAL","146","157","https://8ch.net//greatawakening/res/1.html#89","","","","","","","","","UNREVIEWED"
"756","#756","11","p0756-s011","G_CERTIFIED_CONTEXT_NOT_PAINTED","""Republic-D""","1","UNHIGHLIGHTED","0","0","12","12","""Republic-D""","NO","","","context","context: """"Republic-D""""","NO","NO","","fragment_or_label","HIGH","LABEL_FRAGMENT_OR_DEVICE","short label, slogan, heading or symbolic device rather than a proposition","dZ68J_729282D_B^02928xABVtZ ⏎ b7al8920289-sLBTCZA99_jXK ⏎ 38201820281028201820484739201837474 ⏎ B_1 ⏎ B_2 ⏎ KILL_CHAIN ⏎ SKY_TAR_[E_BZ_y] ⏎ [] ⏎ []PAK[] ⏎ []-13-[] ⏎ A-9zBT1-033","""Republic-E"" ⏎ ""Republic-F"" ⏎ ""Republic-MILMAR-E"" ⏎ INFIL-[2]-OP_TAKE_O_ ⏎ WATCH_TOWER_OK ⏎ RED_RED_OK ⏎ RED_CASTLE_OK ⏎ NIGHT_BOX_OK ⏎ SKY_BEAM_OK ⏎ NORTH_TRADE_OK ⏎ MOUNTAIN_DEEP_OK ⏎ COMM_SAT_6_OK ⏎ COMM_SAT_7_OK ⏎ COMM_SAT_8_FALSE ⏎ COMM_SAT_9","158","170","https://8ch.net//greatawakening/res/1.html#89","","","","","","","","","UNREVIEWED"
"756","#756","12","p0756-s012","G_CERTIFIED_CONTEXT_NOT_PAINTED","""Republic-E""","1","UNHIGHLIGHTED","0","0","12","12","""Republic-E""","NO","","","context","context: """"Republic-E""""","NO","NO","","fragment_or_label","HIGH","LABEL_FRAGMENT_OR_DEVICE","short label, slogan, heading or symbolic device rather than a proposition","dZ68J_729282D_B^02928xABVtZ ⏎ b7al8920289-sLBTCZA99_jXK ⏎ 38201820281028201820484739201837474 ⏎ B_1 ⏎ B_2 ⏎ KILL_CHAIN ⏎ SKY_TAR_[E_BZ_y] ⏎ [] ⏎ []PAK[] ⏎ []-13-[] ⏎ A-9zBT1-033 ⏎ ""Republic-D""","""Republic-F"" ⏎ ""Republic-MILMAR-E"" ⏎ INFIL-[2]-OP_TAKE_O_ ⏎ WATCH_TOWER_OK ⏎ RED_RED_OK ⏎ RED_CASTLE_OK ⏎ NIGHT_BOX_OK ⏎ SKY_BEAM_OK ⏎ NORTH_TRADE_OK ⏎ MOUNTAIN_DEEP_OK ⏎ COMM_SAT_6_OK ⏎ COMM_SAT_7_OK ⏎ COMM_SAT_8_FALSE ⏎ COMM_SAT_9_OK ⏎ COMM_SAT_","171","183","https://8ch.net//greatawakening/res/1.html#89","","","","","","","","","UNREVIEWED"
"756","#756","13","p0756-s013","G_CERTIFIED_CONTEXT_NOT_PAINTED","""Republic-F""","1","UNHIGHLIGHTED","0","0","12","12","""Republic-F""","NO","","","context","context: """"Republic-F""""","NO","NO","","fragment_or_label","HIGH","LABEL_FRAGMENT_OR_DEVICE","short label, slogan, heading or symbolic device rather than a proposition","dZ68J_729282D_B^02928xABVtZ ⏎ b7al8920289-sLBTCZA99_jXK ⏎ 38201820281028201820484739201837474 ⏎ B_1 ⏎ B_2 ⏎ KILL_CHAIN ⏎ SKY_TAR_[E_BZ_y] ⏎ [] ⏎ []PAK[] ⏎ []-13-[] ⏎ A-9zBT1-033 ⏎ ""Republic-D"" ⏎ ""Republic-E""","""Republic-MILMAR-E"" ⏎ INFIL-[2]-OP_TAKE_O_ ⏎ WATCH_TOWER_OK ⏎ RED_RED_OK ⏎ RED_CASTLE_OK ⏎ NIGHT_BOX_OK ⏎ SKY_BEAM_OK ⏎ NORTH_TRADE_OK ⏎ MOUNTAIN_DEEP_OK ⏎ COMM_SAT_6_OK ⏎ COMM_SAT_7_OK ⏎ COMM_SAT_8_FALSE ⏎ COMM_SAT_9_OK ⏎ COMM_SAT_SEC_R140_OK ⏎ T","184","196","https://8ch.net//greatawakening/res/1.html#89","","","","","","","","","UNREVIEWED"
"756","#756","14","p0756-s014","G_CERTIFIED_CONTEXT_NOT_PAINTED","""Republic-MILMAR-E""","1","UNHIGHLIGHTED","0","0","19","19","""Republic-MILMAR-E""","NO","","","context","context: """"Republic-MILMAR-E""""","NO","NO","","fragment_or_label","HIGH","LABEL_FRAGMENT_OR_DEVICE","short label, slogan, heading or symbolic device rather than a proposition","dZ68J_729282D_B^02928xABVtZ ⏎ b7al8920289-sLBTCZA99_jXK ⏎ 38201820281028201820484739201837474 ⏎ B_1 ⏎ B_2 ⏎ KILL_CHAIN ⏎ SKY_TAR_[E_BZ_y] ⏎ [] ⏎ []PAK[] ⏎ []-13-[] ⏎ A-9zBT1-033 ⏎ ""Republic-D"" ⏎ ""Republic-E"" ⏎ ""Republic-F""","INFIL-[2]-OP_TAKE_O_ ⏎ WATCH_TOWER_OK ⏎ RED_RED_OK ⏎ RED_CASTLE_OK ⏎ NIGHT_BOX_OK ⏎ SKY_BEAM_OK ⏎ NORTH_TRADE_OK ⏎ MOUNTAIN_DEEP_OK ⏎ COMM_SAT_6_OK ⏎ COMM_SAT_7_OK ⏎ COMM_SAT_8_FALSE ⏎ COMM_SAT_9_OK ⏎ COMM_SAT_SEC_R140_OK ⏎ TELCON_SIG_CONF_C-830","197","216","https://8ch.net//greatawakening/res/1.html#89","","","","","","","","","UNREVIEWED"
"756","#756","30","p0756-s030","G_CERTIFIED_CONTEXT_NOT_PAINTED","DESIGNATE CODE: [      _D7_UND<93829]","1","PARTIAL_ONLY","51.72","0","14","29","DESIGNATE CODE:","NO","bracketCode","bracketCode: ""[      _D7_UND<93829]"" [485-506]","context","context: ""DESIGNATE CODE: [      _D7_UND<93829]""","NO","NO","","fragment_or_label","HIGH","LABEL_FRAGMENT_OR_DEVICE","short label, slogan, heading or symbolic device rather than a proposition","_OK ⏎ RED_RED_OK ⏎ RED_CASTLE_OK ⏎ NIGHT_BOX_OK ⏎ SKY_BEAM_OK ⏎ NORTH_TRADE_OK ⏎ MOUNTAIN_DEEP_OK ⏎ COMM_SAT_6_OK ⏎ COMM_SAT_7_OK ⏎ COMM_SAT_8_FALSE ⏎ COMM_SAT_9_OK ⏎ COMM_SAT_SEC_R140_OK ⏎ TELCON_SIG_CONF_C-83028 ⏎ ZEBRA_PACIFIC_SIG_COMM_[GOOD]","ACTIVATE CODE: [0 0000 018739 7-ZjG] ⏎ Q, DELTA","469","506","https://8ch.net//greatawakening/res/1.html#89","","","","","","","","","UNREVIEWED"
"757","#757","2","p0757-s002","G_CERTIFIED_CONTEXT_NOT_PAINTED","_EU_POSSIBLE_CAR_ATTACK_72","1","UNHIGHLIGHTED","0","0","26","26","_EU_POSSIBLE_CAR_ATTACK_72","NO","","","context","context: ""_EU_POSSIBLE_CAR_ATTACK_72""","NO","NO","","fragment_or_label","HIGH","LABEL_FRAGMENT_OR_DEVICE","short label, slogan, heading or symbolic device rather than a proposition","WARNING_EU_","STRIKE_PACKAGE_B-7V ⏎ WARNING_UK_IMM_CHATTER_ ⏎ XRAY_7 ⏎ Q, DELTA","12","38","https://8ch.net//greatawakening/res/1.html#90","","","","","","","","","UNREVIEWED"
"779","#779","4","p0779-s004","G_CERTIFIED_CONTEXT_NOT_PAINTED","#Goodbye#","3","UNHIGHLIGHTED","0","0","9","9","#Goodbye#","NO","","","context","context: ""#Goodbye#""","NO","NO","","fragment_or_label","HIGH","LABEL_FRAGMENT_OR_DEVICE","short label, slogan, heading or symbolic device rather than a proposition",">>388822 ⏎ Consumer Protection Agency. ⏎ Sen Warren. ⏎ CORRUPTION/INFILTRATION/SLUSH FUND.","Q","85","94","https://8ch.net//qresearch/res/388328.html#388958","","","","","","","","","UNREVIEWED"
"785","#785","2","p0785-s002","G_CERTIFIED_CONTEXT_NOT_PAINTED","_LONDON_POSSIBLE_CAR_ATTACK_24","1","PARTIAL_ONLY","20","0","24","30","_ ⋯ _POSSIBLE_CAR_ATTACK_24","NO","namedEntity","namedEntity: ""LONDON"" [13-19]","context","context: ""_LONDON_POSSIBLE_CAR_ATTACK_24""","NO","NO","","fragment_or_label","HIGH","LABEL_FRAGMENT_OR_DEVICE","short label, slogan, heading or symbolic device rather than a proposition","WARNING_UK_","STRIKE_PACKAGE_B-7V ⏎ WARNING_UK_IMM_CHATTER_ ⏎ XRAY_7 ⏎ CHATTER^^^^^^^^ ⏎ Q, DELTA","12","42","https://8ch.net//greatawakening/res/1.html#100","","","","","","","","","UNREVIEWED"
"785","#785","6","p0785-s006","G_CERTIFIED_CONTEXT_NOT_PAINTED","CHATTER^^^^^^^^","1","UNHIGHLIGHTED","0","0","15","15","CHATTER^^^^^^^^","NO","","","context","context: ""CHATTER^^^^^^^^""","NO","NO","","fragment_or_label","HIGH","LABEL_FRAGMENT_OR_DEVICE","short label, slogan, heading or symbolic device rather than a proposition","WARNING_UK_ ⏎ _LONDON_POSSIBLE_CAR_ATTACK_24 ⏎ STRIKE_PACKAGE_B-7V ⏎ WARNING_UK_IMM_CHATTER_ ⏎ XRAY_7","Q, DELTA","94","109","https://8ch.net//greatawakening/res/1.html#100","","","","","","","","","UNREVIEWED"
"809","#809","2","p0809-s002","G_CERTIFIED_CONTEXT_NOT_PAINTED","2010.","1","UNHIGHLIGHTED","0","0","5","5","2010.","NO","","","context","context: ""2010.""","NO","NO","","symbolic_or_numeric","HIGH","LABEL_FRAGMENT_OR_DEVICE","short label, slogan, heading or symbolic device rather than a proposition","Clowns revealed in China/other.","[187] ⏎ Sold intel? ⏎ HRC open source server? ⏎ [Missing emails] ⏎ [CrowdStrike] ⏎ Granted access. ⏎ Betrayed. ⏎ Only the tip. ⏎ This will be made public [soon]. ⏎ Q","32","37","https://8ch.net/qresearch/res/465759.html#465919","","","","","","","","","UNREVIEWED"
"824","#824","2","p0824-s002","G_CERTIFIED_CONTEXT_NOT_PAINTED","2","32","UNHIGHLIGHTED","0","0","1","1","2","NO","","","context","context: ""2""","NO","NO","","symbolic_or_numeric","HIGH","LABEL_FRAGMENT_OR_DEVICE","short label, slogan, heading or symbolic device rather than a proposition","COMMS_OFF","Q","10","11","https://8ch.net/qresearch/res/476006.html#476837","","","","","","","","","UNREVIEWED"
"829","#829","4","p0829-s004","G_CERTIFIED_CONTEXT_NOT_PAINTED","Light_T_1A-23-go5","1","UNHIGHLIGHTED","0","0","17","17","Light_T_1A-23-go5","NO","","","context","context: ""Light_T_1A-23-go5""","NO","NO","","fragment_or_label","HIGH","LABEL_FRAGMENT_OR_DEVICE","short label, slogan, heading or symbolic device rather than a proposition","Zebra_Zebra. ⏎ Bring the thunder. ⏎ KILL_BOX[1A-23x]","Q","49","66","https://8ch.net/qresearch/res/543463.html#544119","","","","","","","","","UNREVIEWED"
"834","#834","2","p0834-s002","G_CERTIFIED_CONTEXT_NOT_PAINTED","187","3","UNHIGHLIGHTED","0","0","3","3","187","NO","","","context","context: ""187""","NO","NO","","symbolic_or_numeric","HIGH","LABEL_FRAGMENT_OR_DEVICE","short label, slogan, heading or symbolic device rather than a proposition","The BRIDGE.","BRIDGE-2. ⏎ @Snowden ⏎ Clowns. ⏎ The LINK. ⏎ Google/YT. ⏎ Facebook. ⏎ Twitter. ⏎ Russia ICBM tech. ⏎ HRC open source. ⏎ SAP. ⏎ JP. ⏎ TP. ⏎ Highest levels of US-G. ⏎ U1. ⏎ NK. ⏎ WHY would Russia tell the world? ⏎ Why? ⏎ Why is SR back in the news? ⏎ Why? ⏎ W","12","15","https://8ch.net/qresearch/res/544266.html#544701","","","","","","","","","UNREVIEWED"
"836","#836","10","p0836-s010","G_CERTIFIED_CONTEXT_NOT_PAINTED","(Date)","1","UNHIGHLIGHTED","0","0","6","6","(Date)","NO","","","context","context: ""(Date)""","NO","NO","","fragment_or_label","HIGH","LABEL_FRAGMENT_OR_DEVICE","short label, slogan, heading or symbolic device rather than a proposition","Expand your thinking. ⏎ Who leaked Vault7 to WL? ⏎ Who returned fire? ⏎ OP Name: Fiddler ⏎ @Snowden  ⏎ Mission 1: Infiltrate  ⏎ Mission 2: Centralize  ⏎ Mission 3: Secure ⏎ Mission 4: Expose to HARM","(WH interference) ⏎ (WH directive) ⏎ Mission 5: Russia LINK ⏎ (2013 timeline of events) ⏎ (1/17/14) ⏎ Think. ⏎ Learn. ⏎ Mission 6: Fiddler > Ghost-PRIME ⏎ Mission 7: CLAS ⏎ Mission 8: Whistle Blower traps - jobs C-3567k ⏎ Mission 9: Censor","184","190","https://8ch.net/qresearch/res/545053.html#545335","","","","","","","","","UNREVIEWED"
"836","#836","14","p0836-s014","G_CERTIFIED_CONTEXT_NOT_PAINTED","(2013 timeline of events)","1","UNHIGHLIGHTED","0","0","22","22","(2013 timeline of events)","NO","","","context","context: ""(2013 timeline of events)""","NO","NO","","fragment_or_label","HIGH","LABEL_FRAGMENT_OR_DEVICE","short label, slogan, heading or symbolic device rather than a proposition","eaked Vault7 to WL? ⏎ Who returned fire? ⏎ OP Name: Fiddler ⏎ @Snowden  ⏎ Mission 1: Infiltrate  ⏎ Mission 2: Centralize  ⏎ Mission 3: Secure ⏎ Mission 4: Expose to HARM  ⏎ (Date) ⏎ (WH interference) ⏎ (WH directive) ⏎ Mission 5: Russia LINK","(1/17/14) ⏎ Think. ⏎ Learn. ⏎ Mission 6: Fiddler > Ghost-PRIME ⏎ Mission 7: CLAS ⏎ Mission 8: Whistle Blower traps - jobs C-3567k ⏎ Mission 9: Censorship  ⏎ CLAS +relay ⏎ Q","247","272","https://8ch.net/qresearch/res/545053.html#545335","","","","","","","","","UNREVIEWED"
"836","#836","15","p0836-s015","G_CERTIFIED_CONTEXT_NOT_PAINTED","(1/17/14)","1","UNHIGHLIGHTED","0","0","9","9","(1/17/14)","NO","","","context","context: ""(1/17/14)""","NO","NO","","symbolic_or_numeric","HIGH","LABEL_FRAGMENT_OR_DEVICE","short label, slogan, heading or symbolic device rather than a proposition","turned fire? ⏎ OP Name: Fiddler ⏎ @Snowden  ⏎ Mission 1: Infiltrate  ⏎ Mission 2: Centralize  ⏎ Mission 3: Secure ⏎ Mission 4: Expose to HARM  ⏎ (Date) ⏎ (WH interference) ⏎ (WH directive) ⏎ Mission 5: Russia LINK ⏎ (2013 timeline of events)","Think. ⏎ Learn. ⏎ Mission 6: Fiddler > Ghost-PRIME ⏎ Mission 7: CLAS ⏎ Mission 8: Whistle Blower traps - jobs C-3567k ⏎ Mission 9: Censorship  ⏎ CLAS +relay ⏎ Q","273","282","https://8ch.net/qresearch/res/545053.html#545335","","","","","","","","","UNREVIEWED"
"836","#836","22","p0836-s022","G_CERTIFIED_CONTEXT_NOT_PAINTED","CLAS +relay","1","UNHIGHLIGHTED","0","0","10","10","CLAS +relay","NO","","","context","context: ""CLAS +relay""","NO","NO","","fragment_or_label","HIGH","LABEL_FRAGMENT_OR_DEVICE","short label, slogan, heading or symbolic device rather than a proposition","nterference) ⏎ (WH directive) ⏎ Mission 5: Russia LINK ⏎ (2013 timeline of events) ⏎ (1/17/14) ⏎ Think. ⏎ Learn. ⏎ Mission 6: Fiddler > Ghost-PRIME ⏎ Mission 7: CLAS ⏎ Mission 8: Whistle Blower traps - jobs C-3567k ⏎ Mission 9: Censorship","Q","416","427","https://8ch.net/qresearch/res/545053.html#545335","","","","","","","","","UNREVIEWED"
"856","#856","1","p0856-s001","G_CERTIFIED_CONTEXT_NOT_PAINTED","11-11-18","2","UNHIGHLIGHTED","0","0","8","8","11-11-18","NO","","","context","context: ""11-11-18""","NO","NO","","symbolic_or_numeric","HIGH","LABEL_FRAGMENT_OR_DEVICE","short label, slogan, heading or symbolic device rather than a proposition","","A parade that will never be forgotten. ⏎ Ask yourself, why? ⏎ God bless our brave men & women in uniform. ⏎ We will never forget. ⏎ Q","0","8","https://8ch.net/qresearch/res/563796.html#564638","","","","","","","","","UNREVIEWED"
"864","#864","4","p0864-s004","G_CERTIFIED_CONTEXT_NOT_PAINTED","SUM of ALL FEARS //\\","2","UNHIGHLIGHTED","0","0","17","17","SUM of ALL FEARS //\\","NO","","","context","context: ""SUM of ALL FEARS //\\""","NO","NO","","fragment_or_label","HIGH","LABEL_FRAGMENT_OR_DEVICE","short label, slogan, heading or symbolic device rather than a proposition",">>567733 ⏎ Wait & see. ⏎ Re_read drops - you have more than you know. ⏎ Eyes in the SKY.","Q","83","104","https://8ch.net/qresearch/res/567140.html#567803","","","","","","","","","UNREVIEWED"
"869","#869","3","p0869-s003","G_CERTIFIED_CONTEXT_NOT_PAINTED","IDEN +1","1","UNHIGHLIGHTED","0","0","6","6","IDEN +1","NO","","","context","context: ""IDEN +1""","NO","NO","","fragment_or_label","HIGH","LABEL_FRAGMENT_OR_DEVICE","short label, slogan, heading or symbolic device rather than a proposition","Shall we play a game? ⏎ Find @Snowden","Happy Hunting! ⏎ Q","36","43","https://8ch.net/qresearch/res/579039.html#579216","","","","","","","","","UNREVIEWED"
"870","#870","1","p0870-s001","G_CERTIFIED_CONTEXT_NOT_PAINTED","SEC Test 1","3","PARTIAL_ONLY","37.5","0","5","8","Test 1","NO","namedEntity","namedEntity: ""SEC"" [0-3]","context","context: ""SEC Test 1""","NO","NO","","fragment_or_label","HIGH","LABEL_FRAGMENT_OR_DEVICE","short label, slogan, heading or symbolic device rather than a proposition","","Q","0","10","https://8ch.net/qresearch/res/579039.html#579222","","","","","","","","","UNREVIEWED"
"871","#871","1","p0871-s001","G_CERTIFIED_CONTEXT_NOT_PAINTED","SEC Test 2","3","PARTIAL_ONLY","37.5","0","5","8","Test 2","NO","namedEntity","namedEntity: ""SEC"" [0-3]","context","context: ""SEC Test 2""","NO","NO","","fragment_or_label","HIGH","LABEL_FRAGMENT_OR_DEVICE","short label, slogan, heading or symbolic device rather than a proposition","","Q","0","10","https://8ch.net/qresearch/res/579039.html#579236","","","","","","","","","UNREVIEWED"
"872","#872","1","p0872-s001","G_CERTIFIED_CONTEXT_NOT_PAINTED","#internetbillofrights","3","UNHIGHLIGHTED","0","0","21","21","#internetbillofrights","NO","","","context","context: ""#internetbillofrights""","NO","NO","","fragment_or_label","HIGH","LABEL_FRAGMENT_OR_DEVICE","short label, slogan, heading or symbolic device rather than a proposition","","Q","0","21","https://8ch.net/qresearch/res/579039.html#579328","","","","","","","","","UNREVIEWED"
"873","#873","3","p0873-s003","G_CERTIFIED_CONTEXT_NOT_PAINTED","Re: IBOR","1","UNHIGHLIGHTED","0","0","7","7","Re: IBOR","NO","","","context","context: ""Re: IBOR""","NO","NO","","fragment_or_label","HIGH","LABEL_FRAGMENT_OR_DEVICE","short label, slogan, heading or symbolic device rather than a proposition","@Snowden ⏎ We are going LIVE -24 [comb your hair].","This scares them more than anything. ⏎ Loss of control.  ⏎ Use logic. ⏎ Nothing to do w/ AT&T. ⏎ Must be regulated to prevent censorship & narrative push. ⏎ Q","49","57","https://8ch.net/qresearch/res/579039.html#579914","","","","","","","","","UNREVIEWED"
"879","#879","1","p0879-s001","G_CERTIFIED_CONTEXT_NOT_PAINTED","“Set the STAGE.” - POTUS","1","PARTIAL_ONLY","25","0","15","20","“Set the STAGE.” -","NO","namedEntity","namedEntity: ""POTUS"" [19-24]","context","context: ""“Set the STAGE.” - POTUS""","NO","NO","","fragment_or_label","HIGH","LABEL_FRAGMENT_OR_DEVICE","short label, slogan, heading or symbolic device rather than a proposition","","Do you believe? ⏎ Buckle up.  ⏎ Q","0","24","https://8ch.net/qresearch/res/591016.html#591304","","","","","","","","","UNREVIEWED"
"896","#896","1","p0896-s001","G_CERTIFIED_CONTEXT_NOT_PAINTED","100%","4","UNHIGHLIGHTED","0","0","4","4","100%","NO","","","context","context: ""100%""","NO","NO","","symbolic_or_numeric","HIGH","LABEL_FRAGMENT_OR_DEVICE","short label, slogan, heading or symbolic device rather than a proposition",">>599614","Regulated. ⏎ Some platforms will collapse under own weight of illegal activities. ⏎ Q","9","13","https://8ch.net/qresearch/res/599514.html#599627","","","","","","","","","UNREVIEWED"
"904","#904","1","p0904-s001","G_CERTIFIED_CONTEXT_NOT_PAINTED","DhytcDFbF5874/37875","1","UNHIGHLIGHTED","0","0","19","19","DhytcDFbF5874/37875","NO","","","context","context: ""DhytcDFbF5874/37875""","NO","NO","","fragment_or_label","HIGH","LABEL_FRAGMENT_OR_DEVICE","short label, slogan, heading or symbolic device rather than a proposition","","Q","0","19","https://8ch.net/qresearch/res/604967.html#605213","","","","","","","","","UNREVIEWED"
"928","#928","9","p0928-s009","G_CERTIFIED_CONTEXT_NOT_PAINTED","The ‘Mission’","1","UNHIGHLIGHTED","0","0","12","12","The ‘Mission’","NO","","","context","context: ""The ‘Mission’""","NO","NO","","fragment_or_label","HIGH","LABEL_FRAGMENT_OR_DEVICE","short label, slogan, heading or symbolic device rather than a proposition","Angela Dorothea Kasner. ⏎ Daughter of a Pastor? ⏎ Name of FATHER? ⏎ History of FATHER? ⏎ Hitler youth (member). ⏎ Haircut today vs THEN (A). ⏎ Symbolic. ⏎ US Intelligence post war controlled who?","Who is Angela Hitler? ⏎ Relationship to Adolf? ⏎ How were children named in Germany during this period? ⏎ First or middle. ⏎ Family tree. ⏎ Anna. ⏎ Maria. ⏎ Alois. ⏎ Examples. ⏎ Risk of ‘conspiracy’ label the deeper we go. ⏎ Truth will sho","182","195","https://8ch.net/qresearch/res/615935.html#616618","","","","","","","","","UNREVIEWED"
"932","#932","4","p0932-s004","G_CERTIFIED_CONTEXT_NOT_PAINTED","#internetbillofrights","3","UNHIGHLIGHTED","0","0","21","21","#internetbillofrights","NO","","","context","context: ""#internetbillofrights""","NO","NO","","fragment_or_label","HIGH","LABEL_FRAGMENT_OR_DEVICE","short label, slogan, heading or symbolic device rather than a proposition","The creation of the internet and ‘connecting’ platforms is bringing about their downfall. ⏎ Failure to control. ⏎ MSM is dead.","Q","123","144","https://8ch.net/qresearch/res/616682.html#616918","","","","","","","","","UNREVIEWED"
"953","#953","2","p0953-s002","G_CERTIFIED_CONTEXT_NOT_PAINTED","FBI (past/present)","1","PARTIAL_ONLY","17.65","0","14","17","(past/present)","NO","namedEntity","namedEntity: ""FBI"" [28-31]","context","context: ""FBI (past/present)""","NO","NO","","fragment_or_label","HIGH","LABEL_FRAGMENT_OR_DEVICE","short label, slogan, heading or symbolic device rather than a proposition","How bad is the corruption?","#1 ⏎ #1  ⏎ #2 ⏎ +29 (16) ⏎ DOJ (past/present) ⏎ #1 ⏎ #1 ⏎ #2  ⏎ +18  ⏎ STATE (past/present) ⏎ #1 ⏎ #1 ⏎ +41 ⏎ Removal is the least of their problems. ⏎ Projection. ⏎ Russia>D/HRC ⏎ Twitter Bots>GOOG operated (not Russia)/Narrative & Political SLANT ⏎ BI","28","46","https://8ch.net/greatawakening/res/452.html#458","","","","","","","","","UNREVIEWED"
"953","#953","3","p0953-s003","G_CERTIFIED_CONTEXT_NOT_PAINTED","#1","36","UNHIGHLIGHTED","0","0","2","2","#1","NO","","","context","context: ""#1"" || context: ""#1"" || context: ""#1"" || context: ""#1"" || context: ""#1"" || context: ""#1""","NO","NO","","symbolic_or_numeric","HIGH","LABEL_FRAGMENT_OR_DEVICE","short label, slogan, heading or symbolic device rather than a proposition","How bad is the corruption?  ⏎ FBI (past/present)","#1  ⏎ #2 ⏎ +29 (16) ⏎ DOJ (past/present) ⏎ #1 ⏎ #1 ⏎ #2  ⏎ +18  ⏎ STATE (past/present) ⏎ #1 ⏎ #1 ⏎ +41 ⏎ Removal is the least of their problems. ⏎ Projection. ⏎ Russia>D/HRC ⏎ Twitter Bots>GOOG operated (not Russia)/Narrative & Political SLANT ⏎ BIDEN","47","49","https://8ch.net/greatawakening/res/452.html#458","","","","","","","","","UNREVIEWED"
"953","#953","4","p0953-s004","G_CERTIFIED_CONTEXT_NOT_PAINTED","#1","36","UNHIGHLIGHTED","0","0","2","2","#1","NO","","","context","context: ""#1"" || context: ""#1"" || context: ""#1"" || context: ""#1"" || context: ""#1"" || context: ""#1""","NO","NO","","symbolic_or_numeric","HIGH","LABEL_FRAGMENT_OR_DEVICE","short label, slogan, heading or symbolic device rather than a proposition","How bad is the corruption?  ⏎ FBI (past/present) ⏎ #1","#2 ⏎ +29 (16) ⏎ DOJ (past/present) ⏎ #1 ⏎ #1 ⏎ #2  ⏎ +18  ⏎ STATE (past/present) ⏎ #1 ⏎ #1 ⏎ +41 ⏎ Removal is the least of their problems. ⏎ Projection. ⏎ Russia>D/HRC ⏎ Twitter Bots>GOOG operated (not Russia)/Narrative & Political SLANT ⏎ BIDEN /","50","52","https://8ch.net/greatawakening/res/452.html#458","","","","","","","","","UNREVIEWED"
"953","#953","5","p0953-s005","G_CERTIFIED_CONTEXT_NOT_PAINTED","#2","32","UNHIGHLIGHTED","0","0","2","2","#2","NO","","","context","context: ""#2"" || context: ""#2""","NO","NO","","symbolic_or_numeric","HIGH","LABEL_FRAGMENT_OR_DEVICE","short label, slogan, heading or symbolic device rather than a proposition","How bad is the corruption?  ⏎ FBI (past/present) ⏎ #1 ⏎ #1","+29 (16) ⏎ DOJ (past/present) ⏎ #1 ⏎ #1 ⏎ #2  ⏎ +18  ⏎ STATE (past/present) ⏎ #1 ⏎ #1 ⏎ +41 ⏎ Removal is the least of their problems. ⏎ Projection. ⏎ Russia>D/HRC ⏎ Twitter Bots>GOOG operated (not Russia)/Narrative & Political SLANT ⏎ BIDEN / CHIN","54","56","https://8ch.net/greatawakening/res/452.html#458","","","","","","","","","UNREVIEWED"
"953","#953","6","p0953-s006","G_CERTIFIED_CONTEXT_NOT_PAINTED","+29 (16)","1","UNHIGHLIGHTED","0","0","7","7","+29 (16)","NO","","","context","context: ""+29 (16)""","NO","NO","","symbolic_or_numeric","HIGH","LABEL_FRAGMENT_OR_DEVICE","short label, slogan, heading or symbolic device rather than a proposition","How bad is the corruption?  ⏎ FBI (past/present) ⏎ #1 ⏎ #1  ⏎ #2","DOJ (past/present) ⏎ #1 ⏎ #1 ⏎ #2  ⏎ +18  ⏎ STATE (past/present) ⏎ #1 ⏎ #1 ⏎ +41 ⏎ Removal is the least of their problems. ⏎ Projection. ⏎ Russia>D/HRC ⏎ Twitter Bots>GOOG operated (not Russia)/Narrative & Political SLANT ⏎ BIDEN / CHINA. ⏎ BIG DE","57","65","https://8ch.net/greatawakening/res/452.html#458","","","","","","","","","UNREVIEWED"
"953","#953","7","p0953-s007","G_CERTIFIED_CONTEXT_NOT_PAINTED","DOJ (past/present)","1","PARTIAL_ONLY","17.65","0","14","17","(past/present)","NO","namedEntity","namedEntity: ""DOJ"" [66-69]","context","context: ""DOJ (past/present)""","NO","NO","","fragment_or_label","HIGH","LABEL_FRAGMENT_OR_DEVICE","short label, slogan, heading or symbolic device rather than a proposition","How bad is the corruption?  ⏎ FBI (past/present) ⏎ #1 ⏎ #1  ⏎ #2 ⏎ +29 (16)","#1 ⏎ #1 ⏎ #2  ⏎ +18  ⏎ STATE (past/present) ⏎ #1 ⏎ #1 ⏎ +41 ⏎ Removal is the least of their problems. ⏎ Projection. ⏎ Russia>D/HRC ⏎ Twitter Bots>GOOG operated (not Russia)/Narrative & Political SLANT ⏎ BIDEN / CHINA. ⏎ BIG DEVELOPMENT. ⏎ TRAITORS","66","84","https://8ch.net/greatawakening/res/452.html#458","","","","","","","","","UNREVIEWED"
"953","#953","8","p0953-s008","G_CERTIFIED_CONTEXT_NOT_PAINTED","#1","36","UNHIGHLIGHTED","0","0","2","2","#1","NO","","","context","context: ""#1"" || context: ""#1"" || context: ""#1"" || context: ""#1"" || context: ""#1"" || context: ""#1""","NO","NO","","symbolic_or_numeric","HIGH","LABEL_FRAGMENT_OR_DEVICE","short label, slogan, heading or symbolic device rather than a proposition","How bad is the corruption?  ⏎ FBI (past/present) ⏎ #1 ⏎ #1  ⏎ #2 ⏎ +29 (16) ⏎ DOJ (past/present)","#1 ⏎ #2  ⏎ +18  ⏎ STATE (past/present) ⏎ #1 ⏎ #1 ⏎ +41 ⏎ Removal is the least of their problems. ⏎ Projection. ⏎ Russia>D/HRC ⏎ Twitter Bots>GOOG operated (not Russia)/Narrative & Political SLANT ⏎ BIDEN / CHINA. ⏎ BIG DEVELOPMENT. ⏎ TRAITORS EV","85","87","https://8ch.net/greatawakening/res/452.html#458","","","","","","","","","UNREVIEWED"
"953","#953","9","p0953-s009","G_CERTIFIED_CONTEXT_NOT_PAINTED","#1","36","UNHIGHLIGHTED","0","0","2","2","#1","NO","","","context","context: ""#1"" || context: ""#1"" || context: ""#1"" || context: ""#1"" || context: ""#1"" || context: ""#1""","NO","NO","","symbolic_or_numeric","HIGH","LABEL_FRAGMENT_OR_DEVICE","short label, slogan, heading or symbolic device rather than a proposition","How bad is the corruption?  ⏎ FBI (past/present) ⏎ #1 ⏎ #1  ⏎ #2 ⏎ +29 (16) ⏎ DOJ (past/present) ⏎ #1","#2  ⏎ +18  ⏎ STATE (past/present) ⏎ #1 ⏎ #1 ⏎ +41 ⏎ Removal is the least of their problems. ⏎ Projection. ⏎ Russia>D/HRC ⏎ Twitter Bots>GOOG operated (not Russia)/Narrative & Political SLANT ⏎ BIDEN / CHINA. ⏎ BIG DEVELOPMENT. ⏎ TRAITORS EVERY","88","90","https://8ch.net/greatawakening/res/452.html#458","","","","","","","","","UNREVIEWED"
"953","#953","10","p0953-s010","G_CERTIFIED_CONTEXT_NOT_PAINTED","#2","32","UNHIGHLIGHTED","0","0","2","2","#2","NO","","","context","context: ""#2"" || context: ""#2""","NO","NO","","symbolic_or_numeric","HIGH","LABEL_FRAGMENT_OR_DEVICE","short label, slogan, heading or symbolic device rather than a proposition","How bad is the corruption?  ⏎ FBI (past/present) ⏎ #1 ⏎ #1  ⏎ #2 ⏎ +29 (16) ⏎ DOJ (past/present) ⏎ #1 ⏎ #1","+18  ⏎ STATE (past/present) ⏎ #1 ⏎ #1 ⏎ +41 ⏎ Removal is the least of their problems. ⏎ Projection. ⏎ Russia>D/HRC ⏎ Twitter Bots>GOOG operated (not Russia)/Narrative & Political SLANT ⏎ BIDEN / CHINA. ⏎ BIG DEVELOPMENT. ⏎ TRAITORS EVERYWHE","91","93","https://8ch.net/greatawakening/res/452.html#458","","","","","","","","","UNREVIEWED"
"953","#953","11","p0953-s011","G_CERTIFIED_CONTEXT_NOT_PAINTED","+18","2","UNHIGHLIGHTED","0","0","3","3","+18","NO","","","context","context: ""+18""","NO","NO","","symbolic_or_numeric","HIGH","LABEL_FRAGMENT_OR_DEVICE","short label, slogan, heading or symbolic device rather than a proposition","How bad is the corruption?  ⏎ FBI (past/present) ⏎ #1 ⏎ #1  ⏎ #2 ⏎ +29 (16) ⏎ DOJ (past/present) ⏎ #1 ⏎ #1 ⏎ #2","STATE (past/present) ⏎ #1 ⏎ #1 ⏎ +41 ⏎ Removal is the least of their problems. ⏎ Projection. ⏎ Russia>D/HRC ⏎ Twitter Bots>GOOG operated (not Russia)/Narrative & Political SLANT ⏎ BIDEN / CHINA. ⏎ BIG DEVELOPMENT. ⏎ TRAITORS EVERYWHERE. ⏎ A","95","98","https://8ch.net/greatawakening/res/452.html#458","","","","","","","","","UNREVIEWED"
"953","#953","12","p0953-s012","G_CERTIFIED_CONTEXT_NOT_PAINTED","STATE (past/present)","1","UNHIGHLIGHTED","0","0","19","19","STATE (past/present)","NO","","","context","context: ""STATE (past/present)""","NO","NO","","fragment_or_label","HIGH","LABEL_FRAGMENT_OR_DEVICE","short label, slogan, heading or symbolic device rather than a proposition","How bad is the corruption?  ⏎ FBI (past/present) ⏎ #1 ⏎ #1  ⏎ #2 ⏎ +29 (16) ⏎ DOJ (past/present) ⏎ #1 ⏎ #1 ⏎ #2  ⏎ +18","#1 ⏎ #1 ⏎ +41 ⏎ Removal is the least of their problems. ⏎ Projection. ⏎ Russia>D/HRC ⏎ Twitter Bots>GOOG operated (not Russia)/Narrative & Political SLANT ⏎ BIDEN / CHINA. ⏎ BIG DEVELOPMENT. ⏎ TRAITORS EVERYWHERE. ⏎ AMERICA FOR SALE. ⏎ FLYNN","100","120","https://8ch.net/greatawakening/res/452.html#458","","","","","","","","","UNREVIEWED"
"953","#953","13","p0953-s013","G_CERTIFIED_CONTEXT_NOT_PAINTED","#1","36","UNHIGHLIGHTED","0","0","2","2","#1","NO","","","context","context: ""#1"" || context: ""#1"" || context: ""#1"" || context: ""#1"" || context: ""#1"" || context: ""#1""","NO","NO","","symbolic_or_numeric","HIGH","LABEL_FRAGMENT_OR_DEVICE","short label, slogan, heading or symbolic device rather than a proposition","How bad is the corruption?  ⏎ FBI (past/present) ⏎ #1 ⏎ #1  ⏎ #2 ⏎ +29 (16) ⏎ DOJ (past/present) ⏎ #1 ⏎ #1 ⏎ #2  ⏎ +18  ⏎ STATE (past/present)","#1 ⏎ +41 ⏎ Removal is the least of their problems. ⏎ Projection. ⏎ Russia>D/HRC ⏎ Twitter Bots>GOOG operated (not Russia)/Narrative & Political SLANT ⏎ BIDEN / CHINA. ⏎ BIG DEVELOPMENT. ⏎ TRAITORS EVERYWHERE. ⏎ AMERICA FOR SALE. ⏎ FLYNN. ⏎ T","121","123","https://8ch.net/greatawakening/res/452.html#458","","","","","","","","","UNREVIEWED"
"953","#953","14","p0953-s014","G_CERTIFIED_CONTEXT_NOT_PAINTED","#1","36","UNHIGHLIGHTED","0","0","2","2","#1","NO","","","context","context: ""#1"" || context: ""#1"" || context: ""#1"" || context: ""#1"" || context: ""#1"" || context: ""#1""","NO","NO","","symbolic_or_numeric","HIGH","LABEL_FRAGMENT_OR_DEVICE","short label, slogan, heading or symbolic device rather than a proposition","How bad is the corruption?  ⏎ FBI (past/present) ⏎ #1 ⏎ #1  ⏎ #2 ⏎ +29 (16) ⏎ DOJ (past/present) ⏎ #1 ⏎ #1 ⏎ #2  ⏎ +18  ⏎ STATE (past/present) ⏎ #1","+41 ⏎ Removal is the least of their problems. ⏎ Projection. ⏎ Russia>D/HRC ⏎ Twitter Bots>GOOG operated (not Russia)/Narrative & Political SLANT ⏎ BIDEN / CHINA. ⏎ BIG DEVELOPMENT. ⏎ TRAITORS EVERYWHERE. ⏎ AMERICA FOR SALE. ⏎ FLYNN. ⏎ Targ","124","126","https://8ch.net/greatawakening/res/452.html#458","","","","","","","","","UNREVIEWED"
"953","#953","15","p0953-s015","G_CERTIFIED_CONTEXT_NOT_PAINTED","+41","1","UNHIGHLIGHTED","0","0","3","3","+41","NO","","","context","context: ""+41""","NO","NO","","symbolic_or_numeric","HIGH","LABEL_FRAGMENT_OR_DEVICE","short label, slogan, heading or symbolic device rather than a proposition","How bad is the corruption?  ⏎ FBI (past/present) ⏎ #1 ⏎ #1  ⏎ #2 ⏎ +29 (16) ⏎ DOJ (past/present) ⏎ #1 ⏎ #1 ⏎ #2  ⏎ +18  ⏎ STATE (past/present) ⏎ #1 ⏎ #1","Removal is the least of their problems. ⏎ Projection. ⏎ Russia>D/HRC ⏎ Twitter Bots>GOOG operated (not Russia)/Narrative & Political SLANT ⏎ BIDEN / CHINA. ⏎ BIG DEVELOPMENT. ⏎ TRAITORS EVERYWHERE. ⏎ AMERICA FOR SALE. ⏎ FLYNN. ⏎ Targeted","127","130","https://8ch.net/greatawakening/res/452.html#458","","","","","","","","","UNREVIEWED"
"953","#953","18","p0953-s018","G_CERTIFIED_CONTEXT_NOT_PAINTED","Russia>D/HRC","1","PARTIAL_ONLY","75","0","3","12",">D/","NO","namedEntity","namedEntity: ""Russia"" [183-189] || namedEntity: ""Russia"" [183-189] || namedEntity: ""HRC"" [192-195]","context","context: ""Russia>D/HRC""","NO","NO","","fragment_or_label","HIGH","LABEL_FRAGMENT_OR_DEVICE","short label, slogan, heading or symbolic device rather than a proposition","How bad is the corruption?  ⏎ FBI (past/present) ⏎ #1 ⏎ #1  ⏎ #2 ⏎ +29 (16) ⏎ DOJ (past/present) ⏎ #1 ⏎ #1 ⏎ #2  ⏎ +18  ⏎ STATE (past/present) ⏎ #1 ⏎ #1 ⏎ +41 ⏎ Removal is the least of their problems. ⏎ Projection.","Twitter Bots>GOOG operated (not Russia)/Narrative & Political SLANT ⏎ BIDEN / CHINA. ⏎ BIG DEVELOPMENT. ⏎ TRAITORS EVERYWHERE. ⏎ AMERICA FOR SALE. ⏎ FLYNN. ⏎ Targeted. ⏎ Why? ⏎ Who knows where the bodies are buried? ⏎ CLEARED OF ALL CHAR","183","195","https://8ch.net/greatawakening/res/452.html#458","","","","","","","","","UNREVIEWED"
"959","#959","5","p0959-s005","G_CERTIFIED_CONTEXT_NOT_PAINTED","+8","5","UNHIGHLIGHTED","0","0","2","2","+8","NO","","","context","context: ""+8""","NO","NO","","symbolic_or_numeric","HIGH","LABEL_FRAGMENT_OR_DEVICE","short label, slogan, heading or symbolic device rather than a proposition","MZ. ⏎ RT. ⏎ Big meeting. ⏎ Cell phones left at door.","5 political ⏎ 1 former intel dir  ⏎ Mask & Spin  ⏎ IDEN friendly ‘insiders’ ⏎ MSM support +talking points ⏎ Shift narrative  ⏎ FAIL ⏎ We hear you. ⏎ We have the algorithm. ⏎ Thank you @ Snowden. ⏎ Learn chess. ⏎ Down she goes. ⏎ Nobody escapes","47","49","https://8ch.net/qresearch/res/738831.html#739690","","","","","","","","","UNREVIEWED"
"959","#959","6","p0959-s006","G_CERTIFIED_CONTEXT_NOT_PAINTED","5 political","1","UNHIGHLIGHTED","0","0","10","10","5 political","NO","","","context","context: ""5 political""","NO","NO","","fragment_or_label","HIGH","LABEL_FRAGMENT_OR_DEVICE","short label, slogan, heading or symbolic device rather than a proposition","MZ. ⏎ RT. ⏎ Big meeting. ⏎ Cell phones left at door. ⏎ +8","1 former intel dir  ⏎ Mask & Spin  ⏎ IDEN friendly ‘insiders’ ⏎ MSM support +talking points ⏎ Shift narrative  ⏎ FAIL ⏎ We hear you. ⏎ We have the algorithm. ⏎ Thank you @ Snowden. ⏎ Learn chess. ⏎ Down she goes. ⏎ Nobody escapes this. ⏎ NOBOD","50","61","https://8ch.net/qresearch/res/738831.html#739690","","","","","","","","","UNREVIEWED"
"959","#959","7","p0959-s007","G_CERTIFIED_CONTEXT_NOT_PAINTED","1 former intel dir","1","UNHIGHLIGHTED","0","0","15","15","1 former intel dir","NO","","","context","context: ""1 former intel dir""","NO","NO","","fragment_or_label","HIGH","LABEL_FRAGMENT_OR_DEVICE","short label, slogan, heading or symbolic device rather than a proposition","MZ. ⏎ RT. ⏎ Big meeting. ⏎ Cell phones left at door. ⏎ +8 ⏎ 5 political","Mask & Spin  ⏎ IDEN friendly ‘insiders’ ⏎ MSM support +talking points ⏎ Shift narrative  ⏎ FAIL ⏎ We hear you. ⏎ We have the algorithm. ⏎ Thank you @ Snowden. ⏎ Learn chess. ⏎ Down she goes. ⏎ Nobody escapes this. ⏎ NOBODY. ⏎ Q","62","80","https://8ch.net/qresearch/res/738831.html#739690","","","","","","","","","UNREVIEWED"
"959","#959","8","p0959-s008","G_CERTIFIED_CONTEXT_NOT_PAINTED","Mask & Spin","1","UNHIGHLIGHTED","0","0","9","9","Mask & Spin","NO","","","context","context: ""Mask & Spin""","NO","NO","","fragment_or_label","HIGH","LABEL_FRAGMENT_OR_DEVICE","short label, slogan, heading or symbolic device rather than a proposition","MZ. ⏎ RT. ⏎ Big meeting. ⏎ Cell phones left at door. ⏎ +8 ⏎ 5 political ⏎ 1 former intel dir","IDEN friendly ‘insiders’ ⏎ MSM support +talking points ⏎ Shift narrative  ⏎ FAIL ⏎ We hear you. ⏎ We have the algorithm. ⏎ Thank you @ Snowden. ⏎ Learn chess. ⏎ Down she goes. ⏎ Nobody escapes this. ⏎ NOBODY. ⏎ Q","82","93","https://8ch.net/qresearch/res/738831.html#739690","","","","","","","","","UNREVIEWED"
"959","#959","9","p0959-s009","G_CERTIFIED_CONTEXT_NOT_PAINTED","IDEN friendly ‘insiders’","1","UNHIGHLIGHTED","0","0","22","22","IDEN friendly ‘insiders’","NO","","","context","context: ""IDEN friendly ‘insiders’""","NO","NO","","fragment_or_label","HIGH","LABEL_FRAGMENT_OR_DEVICE","short label, slogan, heading or symbolic device rather than a proposition","MZ. ⏎ RT. ⏎ Big meeting. ⏎ Cell phones left at door. ⏎ +8 ⏎ 5 political ⏎ 1 former intel dir  ⏎ Mask & Spin","MSM support +talking points ⏎ Shift narrative  ⏎ FAIL ⏎ We hear you. ⏎ We have the algorithm. ⏎ Thank you @ Snowden. ⏎ Learn chess. ⏎ Down she goes. ⏎ Nobody escapes this. ⏎ NOBODY. ⏎ Q","95","119","https://8ch.net/qresearch/res/738831.html#739690","","","","","","","","","UNREVIEWED"
"959","#959","10","p0959-s010","G_CERTIFIED_CONTEXT_NOT_PAINTED","MSM support +talking points","1","PARTIAL_ONLY","12.5","0","21","24","support +talking points","NO","theme","theme: ""MSM"" [120-123]","context","context: ""MSM support +talking points""","NO","NO","","sentence_like_no_terminal","HIGH","CLAIM_CANDIDATE","declarative prose — decide Q-authored claim vs quoted claim vs aphorism","MZ. ⏎ RT. ⏎ Big meeting. ⏎ Cell phones left at door. ⏎ +8 ⏎ 5 political ⏎ 1 former intel dir  ⏎ Mask & Spin  ⏎ IDEN friendly ‘insiders’","Shift narrative  ⏎ FAIL ⏎ We hear you. ⏎ We have the algorithm. ⏎ Thank you @ Snowden. ⏎ Learn chess. ⏎ Down she goes. ⏎ Nobody escapes this. ⏎ NOBODY. ⏎ Q","120","147","https://8ch.net/qresearch/res/738831.html#739690","","","","","","","","","UNREVIEWED"
"959","#959","11","p0959-s011","G_CERTIFIED_CONTEXT_NOT_PAINTED","Shift narrative","1","UNHIGHLIGHTED","0","0","14","14","Shift narrative","NO","","","context","context: ""Shift narrative""","NO","NO","","fragment_or_label","HIGH","LABEL_FRAGMENT_OR_DEVICE","short label, slogan, heading or symbolic device rather than a proposition","MZ. ⏎ RT. ⏎ Big meeting. ⏎ Cell phones left at door. ⏎ +8 ⏎ 5 political ⏎ 1 former intel dir  ⏎ Mask & Spin  ⏎ IDEN friendly ‘insiders’ ⏎ MSM support +talking points","FAIL ⏎ We hear you. ⏎ We have the algorithm. ⏎ Thank you @ Snowden. ⏎ Learn chess. ⏎ Down she goes. ⏎ Nobody escapes this. ⏎ NOBODY. ⏎ Q","148","163","https://8ch.net/qresearch/res/738831.html#739690","","","","","","","","","UNREVIEWED"
"959","#959","12","p0959-s012","G_CERTIFIED_CONTEXT_NOT_PAINTED","FAIL","1","UNHIGHLIGHTED","0","0","4","4","FAIL","NO","","","context","context: ""FAIL""","NO","NO","","fragment_or_label","HIGH","DIRECTIVE_CANDIDATE","opens with the base-form verb ""fail"" and has no subject; family other","MZ. ⏎ RT. ⏎ Big meeting. ⏎ Cell phones left at door. ⏎ +8 ⏎ 5 political ⏎ 1 former intel dir  ⏎ Mask & Spin  ⏎ IDEN friendly ‘insiders’ ⏎ MSM support +talking points ⏎ Shift narrative","We hear you. ⏎ We have the algorithm. ⏎ Thank you @ Snowden. ⏎ Learn chess. ⏎ Down she goes. ⏎ Nobody escapes this. ⏎ NOBODY. ⏎ Q","165","169","https://8ch.net/qresearch/res/738831.html#739690","","","","","","","","","UNREVIEWED"
"963","#963","4","p0963-s004","G_CERTIFIED_CONTEXT_NOT_PAINTED","Stage_5:5[y]","1","PARTIAL_ONLY","25","0","9","12","Stage_5:5","NO","bracketCode","bracketCode: ""[y]"" [52-55]","context","context: ""Stage_5:5[y]""","NO","NO","","fragment_or_label","HIGH","LABEL_FRAGMENT_OR_DEVICE","short label, slogan, heading or symbolic device rather than a proposition","Clock activated. ⏎ RED_CASTLE. ⏎ GREEN_CASTLE.","Q","43","55","https://8ch.net/greatawakening/res/452.html#461","","","","","","","","","UNREVIEWED"
"964","#964","25","p0964-s025","G_CERTIFIED_CONTEXT_NOT_PAINTED","+12","3","UNHIGHLIGHTED","0","0","3","3","+12","NO","","","context","context: ""+12""","NO","NO","","symbolic_or_numeric","HIGH","LABEL_FRAGMENT_OR_DEVICE","short label, slogan, heading or symbolic device rather than a proposition","ta dump? ⏎ Who made it public?  ⏎ Who sold shares -30 days from announcement? ⏎ You can't imagine the magnitude of this. ⏎ Constitutional CRISIS. ⏎ Twitter coming soon. ⏎ GOOG coming soon. ⏎ AMAZON coming soon. ⏎ MICROSOFT coming soon.","Current censorship all relates to push for power [mid-terms]. ⏎ LAST STAND. ⏎ Election FRAUD cases OPEN - DOJ [many]. ⏎ Follow the FAMILY. ⏎ Follow resignations [Business/Gov't]. ⏎ BIDEN/CHINA VERY IMPORTANT MARKER. ⏎ Who made it","706","709","https://8ch.net/greatawakening/res/452.html#462","","","","","","","","","UNREVIEWED"
"977","#977","1","p0977-s001","G_CERTIFIED_CONTEXT_NOT_PAINTED","HRC 2.12.09","1","PARTIAL_ONLY","30","0","7","10","2.12.09","NO","namedEntity","namedEntity: ""HRC"" [9-12]","context","context: ""HRC 2.12.09""","NO","NO","","fragment_or_label","HIGH","LABEL_FRAGMENT_OR_DEVICE","short label, slogan, heading or symbolic device rather than a proposition",">>825909","Very BAD! ⏎ Q","9","20","https://8ch.net/qresearch/res/825523.html#825929","","","","","","","","","UNREVIEWED"
"983","#983","8","p0983-s008","G_CERTIFIED_CONTEXT_NOT_PAINTED","LINE CONF B-Z","1","UNHIGHLIGHTED","0","0","11","11","LINE CONF B-Z","NO","","","context","context: ""LINE CONF B-Z""","NO","NO","","fragment_or_label","HIGH","LABEL_FRAGMENT_OR_DEVICE","short label, slogan, heading or symbolic device rather than a proposition","SEC T ⏎ [ ⏎ [ ⏎ ] ⏎ SEC 1 ⏎ SEC A ⏎ SEC / ⏎ SEC #","/RUN/ ⏎ Q","36","49","https://8ch.net/qresearch/res/872854.html#873495","","","","","","","","","UNREVIEWED"
"1000","#1000","1","p1000-s001","G_CERTIFIED_CONTEXT_NOT_PAINTED","'H'","1","UNHIGHLIGHTED","0","0","3","3","'H'","NO","","","context","context: ""'H'""","NO","NO","","fragment_or_label","HIGH","LABEL_FRAGMENT_OR_DEVICE","short label, slogan, heading or symbolic device rather than a proposition",">>885005","Q","9","12","https://8ch.net/qresearch/res/884810.html#885027","","","","","","","","","UNREVIEWED"
"1001","#1001","5","p1001-s005","G_CERTIFIED_CONTEXT_NOT_PAINTED","[Classified]-1","1","PARTIAL_ONLY","85.71","0","2","14","-1","NO","bracketCode","bracketCode: ""[Classified]"" [124-136]","context","context: ""[Classified]-1""","NO","NO","","fragment_or_label","HIGH","LABEL_FRAGMENT_OR_DEVICE","short label, slogan, heading or symbolic device rather than a proposition","Where do roads lead? ⏎ Each prince is associated with a cardinal direction: north, south, east and west.  ⏎ Sacrifice. ⏎ Collect.","[Classified]-2 ⏎ Tunnels. ⏎ Table 29. ⏎ D-Room H ⏎ D-Room R ⏎ D-Room C ⏎ Pure EVIL. ⏎ 'Conspiracy' ⏎ Q","124","138","https://8ch.net/qresearch/res/884810.html#885319","","","","","","","","","UNREVIEWED"
"1001","#1001","6","p1001-s006","G_CERTIFIED_CONTEXT_NOT_PAINTED","[Classified]-2","1","PARTIAL_ONLY","85.71","0","2","14","-2","NO","bracketCode","bracketCode: ""[Classified]"" [139-151]","context","context: ""[Classified]-2""","NO","NO","","fragment_or_label","HIGH","LABEL_FRAGMENT_OR_DEVICE","short label, slogan, heading or symbolic device rather than a proposition","Where do roads lead? ⏎ Each prince is associated with a cardinal direction: north, south, east and west.  ⏎ Sacrifice. ⏎ Collect. ⏎ [Classified]-1","Tunnels. ⏎ Table 29. ⏎ D-Room H ⏎ D-Room R ⏎ D-Room C ⏎ Pure EVIL. ⏎ 'Conspiracy' ⏎ Q","139","153","https://8ch.net/qresearch/res/884810.html#885319","","","","","","","","","UNREVIEWED"
"1001","#1001","13","p1001-s013","G_CERTIFIED_CONTEXT_NOT_PAINTED","'Conspiracy'","5","UNHIGHLIGHTED","0","0","12","12","'Conspiracy'","NO","","","context","context: ""'Conspiracy'""","NO","NO","","fragment_or_label","HIGH","LABEL_FRAGMENT_OR_DEVICE","short label, slogan, heading or symbolic device rather than a proposition","Where do roads lead? ⏎ Each prince is associated with a cardinal direction: north, south, east and west.  ⏎ Sacrifice. ⏎ Collect. ⏎ [Classified]-1 ⏎ [Classified]-2 ⏎ Tunnels. ⏎ Table 29. ⏎ D-Room H ⏎ D-Room R ⏎ D-Room C ⏎ Pure EVIL.","Q","211","223","https://8ch.net/qresearch/res/884810.html#885319","","","","","","","","","UNREVIEWED"
"1003","#1003","1","p1003-s001","G_CERTIFIED_CONTEXT_NOT_PAINTED","SEC TEST","10","PARTIAL_ONLY","42.86","0","4","7","TEST","NO","namedEntity","namedEntity: ""SEC"" [0-3]","context","context: ""SEC TEST""","NO","NO","","fragment_or_label","HIGH","LABEL_FRAGMENT_OR_DEVICE","short label, slogan, heading or symbolic device rather than a proposition","","Q","0","8","https://8ch.net/qresearch/res/884810.html#885501","","","","","","","","","UNREVIEWED"
"1004","#1004","1","p1004-s001","G_CERTIFIED_CONTEXT_NOT_PAINTED","SEC TEST","10","PARTIAL_ONLY","42.86","0","4","7","TEST","NO","namedEntity","namedEntity: ""SEC"" [0-3]","context","context: ""SEC TEST""","NO","NO","","fragment_or_label","HIGH","LABEL_FRAGMENT_OR_DEVICE","short label, slogan, heading or symbolic device rather than a proposition","","BRAVO ⏎ B ⏎ ACTIVATE D-PRIV ⏎ Q","0","8","https://8ch.net/qresearch/res/884810.html#885519","","","","","","","","","UNREVIEWED"
"1004","#1004","2","p1004-s002","G_CERTIFIED_CONTEXT_NOT_PAINTED","BRAVO","1","UNHIGHLIGHTED","0","0","5","5","BRAVO","NO","","","context","context: ""BRAVO""","NO","NO","","fragment_or_label","HIGH","LABEL_FRAGMENT_OR_DEVICE","short label, slogan, heading or symbolic device rather than a proposition","SEC TEST","B ⏎ ACTIVATE D-PRIV ⏎ Q","10","15","https://8ch.net/qresearch/res/884810.html#885519","","","","","","","","","UNREVIEWED"
"1004","#1004","3","p1004-s003","G_CERTIFIED_CONTEXT_NOT_PAINTED","B","1","UNHIGHLIGHTED","0","0","1","1","B","NO","","","context","context: ""B""","NO","NO","","fragment_or_label","HIGH","LABEL_FRAGMENT_OR_DEVICE","short label, slogan, heading or symbolic device rather than a proposition","SEC TEST  ⏎ BRAVO","ACTIVATE D-PRIV ⏎ Q","16","17","https://8ch.net/qresearch/res/884810.html#885519","","","","","","","","","UNREVIEWED"
"1006","#1006","3","p1006-s003","G_CERTIFIED_CONTEXT_NOT_PAINTED","POTUS DECLINE>","1","PARTIAL_ONLY","38.46","0","8","13","DECLINE>","NO","namedEntity","namedEntity: ""POTUS"" [29-34]","context","context: ""POTUS DECLINE>""","NO","NO","","fragment_or_label","HIGH","LABEL_FRAGMENT_OR_DEVICE","short label, slogan, heading or symbolic device rather than a proposition",">>885992 ⏎ UK. ⏎  ⏎ ROGUE_FAILURE.","PREPARED AT ALL COSTS!!!!!!!!!!!!!!!!!!!!!!!!!!!!!!!!!!!!!!!!!!!!!!!!!!!!!!!!!!!!!!!!!!!!!!!!!!!!!!!!!!!!!!!!!!!!!!!!!!!!!!!!!!!!!!!!!!!!!!!!!!!!!!!!!!!!!!!!!!!!!!!!!!!!!!!!!!!!!!!!!!!!!!!!!!!!!!!!!!!!!!!!!!!! ⏎ COUNT YOU","29","43","https://8ch.net/qresearch/res/885575.html#886086","","","","","","","","","UNREVIEWED"
"1010","#1010","16","p1010-s016","G_CERTIFIED_CONTEXT_NOT_PAINTED","AIR","1","UNHIGHLIGHTED","0","0","3","3","AIR","NO","","","context","context: ""AIR""","NO","NO","","fragment_or_label","HIGH","LABEL_FRAGMENT_OR_DEVICE","short label, slogan, heading or symbolic device rather than a proposition","way. ⏎ SLAVES. ⏎ SHEEP. ⏎ PAWNS. ⏎ MASS EXT EVENTS DESIGNED TO DECREASE THREAT LEVEL OF POPULATION. ⏎ GUN CONTROL. ⏎ WARS [FAKE][TOP HAPPY][BACKEND DEAL]. ⏎ ELECTION RIGGING. ⏎ CONTROL. ⏎ YOUR VOICE DOES NOT MATTER. ⏎ PHARMA [CLAS-D] ⏎ WATER","CHEMICALS PUSHED FOR HOME USE CLEANING [CANCER][BABY ON FLOOR-HANDS IN MOUTH - THE START]. ⏎ VACCINES [NOT ALL]. ⏎ TOBACCO. ⏎ OPIOIDS.  ⏎ ULTIMATE WIN [DEATH + MONEY]. ⏎ THE FED. ⏎ ROTHSCHILD. ⏎ 'CONSPIRACY' ⏎ 'CONSPIRACY' ⏎ 'CONSPIRACY'","277","280","https://8ch.net/qresearch/res/894238.html#894401","","","","","","","","","UNREVIEWED"
"1037","#1037","4","p1037-s004","G_CERTIFIED_CONTEXT_NOT_PAINTED","GREEN_578cDT324-45785sd4DMP","1","UNHIGHLIGHTED","0","0","27","27","GREEN_578cDT324-45785sd4DMP","NO","","","context","context: ""GREEN_578cDT324-45785sd4DMP""","NO","NO","","fragment_or_label","HIGH","LABEL_FRAGMENT_OR_DEVICE","short label, slogan, heading or symbolic device rather than a proposition","BOOMs en route. ⏎ Blind. ⏎ 5:5","Q","27","54","https://8ch.net/qresearch/res/915608.html#916218","","","","","","","","","UNREVIEWED"
"1046","#1046","4","p1046-s004","G_CERTIFIED_CONTEXT_NOT_PAINTED","24/7/365.","1","UNHIGHLIGHTED","0","0","9","9","24/7/365.","NO","","","context","context: ""24/7/365.""","NO","NO","","symbolic_or_numeric","HIGH","LABEL_FRAGMENT_OR_DEVICE","short label, slogan, heading or symbolic device rather than a proposition",">>922343 ⏎ Epicenter. ⏎ Full house. ⏎ They are all here.","Enjoy the show. ⏎ Q","51","60","https://8ch.net/qresearch/res/921918.html#922509","","","","","","","","","UNREVIEWED"
"1078","#1078","4","p1078-s004","G_CERTIFIED_CONTEXT_NOT_PAINTED","FRhYd5894-3580-357DBECg","1","UNHIGHLIGHTED","0","0","23","23","FRhYd5894-3580-357DBECg","NO","","","context","context: ""FRhYd5894-3580-357DBECg""","NO","NO","","fragment_or_label","HIGH","LABEL_FRAGMENT_OR_DEVICE","short label, slogan, heading or symbolic device rather than a proposition",">>946456 ⏎ Prevent. ⏎ Auth 1st S. ⏎ Castle_Green.","Contact window ok. ⏎ Q","44","67","https://8ch.net/qresearch/res/946126.html#946546","","","","","","","","","UNREVIEWED"
"1133","#1133","1","p1133-s001","G_CERTIFIED_CONTEXT_NOT_PAINTED","#17","4","UNHIGHLIGHTED","0","0","3","3","#17","NO","","","context","context: ""#17""","NO","NO","","symbolic_or_numeric","HIGH","LABEL_FRAGMENT_OR_DEVICE","short label, slogan, heading or symbolic device rather than a proposition","","Q","0","3","https://8ch.net/qresearch/res/1005558.html#1005902","","","","","","","","","UNREVIEWED"
"1137","#1137","4","p1137-s004","G_CERTIFIED_CONTEXT_NOT_PAINTED","17.","4","UNHIGHLIGHTED","0","0","3","3","17.","NO","","","context","context: ""17.""","NO","NO","","symbolic_or_numeric","HIGH","LABEL_FRAGMENT_OR_DEVICE","short label, slogan, heading or symbolic device rather than a proposition",">>1008670 ⏎ Alan. ⏎ Welcome aboard. ⏎ Plane.","Q","39","42","https://8ch.net/qresearch/res/1007860.html#1008693","","","","","","","","","UNREVIEWED"
"1176","#1176","1","p1176-s001","G_CERTIFIED_CONTEXT_NOT_PAINTED","187.","3","UNHIGHLIGHTED","0","0","4","4","187.","NO","","","context","context: ""187.""","NO","NO","","symbolic_or_numeric","HIGH","LABEL_FRAGMENT_OR_DEVICE","short label, slogan, heading or symbolic device rather than a proposition",">>1095595","Failure to retain position/ear. ⏎ Threats are real. ⏎ WAR is real. ⏎ Good vs Evil is real. ⏎ Think State of the Union - FREE. ⏎ Coincidence? ⏎ Delta engine fire? ⏎ Coincidence? ⏎ How rare are engine fires? ⏎ Think logically. ⏎ Q","10","14","https://8ch.net/qresearch/res/1095516.html#1095705","","","","","","","","","UNREVIEWED"
"1212","#1212","1","p1212-s001","G_CERTIFIED_CONTEXT_NOT_PAINTED","Hint: Hussein & Maggie","1","PARTIAL_ONLY","68.42","0","6","19","Hint: ⋯ &","NO","namedEntity","namedEntity: ""Hussein"" [16-23] || namedEntity: ""Maggie"" [26-32]","context","context: ""Hint: Hussein & Maggie""","NO","NO","","fragment_or_label","HIGH","LABEL_FRAGMENT_OR_DEVICE","short label, slogan, heading or symbolic device rather than a proposition",">>1123388","“Wendy” ⏎ How many pics can you find of them together? ⏎ Age 10, 11, 12…. ⏎ Q","10","32","https://8ch.net/qresearch/res/1122742.html#1123499","","","","","","","","","UNREVIEWED"
"1234","#1234","2","p1234-s002","G_CERTIFIED_CONTEXT_NOT_PAINTED","11.11.18.","2","UNHIGHLIGHTED","0","0","9","9","11.11.18.","NO","","","context","context: ""11.11.18.""","NO","NO","","symbolic_or_numeric","HIGH","LABEL_FRAGMENT_OR_DEVICE","short label, slogan, heading or symbolic device rather than a proposition",">>1133925 ⏎ AMERICA WILL BE UNIFIED AGAIN!","Q","41","50","https://8ch.net/qresearch/res/1133425.html#1133942","","","","","","","","","UNREVIEWED"
"1239","#1239","1","p1239-s001","G_CERTIFIED_CONTEXT_NOT_PAINTED","@algore","1","UNHIGHLIGHTED","0","0","7","7","@algore","NO","","","context","context: ""@algore""","NO","NO","","fragment_or_label","HIGH","LABEL_FRAGMENT_OR_DEVICE","short label, slogan, heading or symbolic device rather than a proposition","","Today is Earth Day. ⏎ Did you forget? ⏎ Do you feel safe? ⏎ https:// www.washingtonpost.com/politics/decision2012/al-gore-has-thrived-as-green-tech-investor/2012/10/10/1dfaa5b0-0b11-11e2-bd1a-b868e65d57eb_story.html?utm_term=","0","7","https://8ch.net/qresearch/res/1147696.html#1147720","","","","","","","","","UNREVIEWED"
"1250","#1250","7","p1250-s007","G_CERTIFIED_CONTEXT_NOT_PAINTED","2004","1","UNHIGHLIGHTED","0","0","4","4","2004","NO","","","context","context: ""2004""","NO","NO","","symbolic_or_numeric","HIGH","LABEL_FRAGMENT_OR_DEVICE","short label, slogan, heading or symbolic device rather than a proposition",">>1159482 ⏎ When was UBL killed in Pakistan? ⏎ May 2 2011 ⏎ Where was UBL located? ⏎ Close proximity to? ⏎ Think logically. ⏎ When did AWANs mission op go green?","Follow the timeline. ⏎ What happened during this time w/ Huma / VJ / AWAN / +3? ⏎ https:// www.congress.gov/bill/112th-congress/house-bill/5734/text ⏎ Follow the timeline. ⏎ https:// www.congress.gov/bill/112th-congress/house-b","150","154","https://8ch.net/qresearch/res/1159354.html#1159716","","","","","","","","","UNREVIEWED"
"1275","#1275","4","p1275-s004","G_CERTIFIED_CONTEXT_NOT_PAINTED","#Releasethetexts","1","UNHIGHLIGHTED","0","0","16","16","#Releasethetexts","NO","","","context","context: ""#Releasethetexts""","NO","NO","","fragment_or_label","HIGH","LABEL_FRAGMENT_OR_DEVICE","short label, slogan, heading or symbolic device rather than a proposition","Interesting theory. ⏎ It’s nice when you can work in peace. ⏎ https://bigleaguepolitics.com/heres-jeff-sessions-might-playing-4-d-chess/","No redactions. ⏎ Q","133","149","https://8ch.net/qresearch/res/1197303.html#1197560","","","","","","","","","UNREVIEWED"
"1278","#1278","10","p1278-s010","G_CERTIFIED_CONTEXT_NOT_PAINTED","Chair+","1","UNHIGHLIGHTED","0","0","6","6","Chair+","NO","","","context","context: ""Chair+""","NO","NO","","fragment_or_label","HIGH","LABEL_FRAGMENT_OR_DEVICE","short label, slogan, heading or symbolic device rather than a proposition","Re_read. ⏎ Precursor. ⏎ They are buying time. ⏎ National crisis. ⏎ Some [top eyes on 1st] are calling for immediate arrests. ⏎ Cooperating. ⏎ Still have access. ⏎ Controlled. ⏎ Kept at top.","NAT SEC issue. ⏎ POTUS. ⏎ Reveal gmail draft comms. ⏎ Who had access? ⏎ Legal case(s) building. ⏎ You have a voice. ⏎ Be heard. ⏎ Patience isn’t always easy. ⏎ But vital to get right. ⏎ Q","174","180","https://8ch.net/qresearch/res/1202765.html#1203057","","","","","","","","","UNREVIEWED"
"1279","#1279","20","p1279-s020","G_CERTIFIED_CONTEXT_NOT_PAINTED","Q [auth478-24zgP]","1","PARTIAL_ONLY","93.75","0","1","16","Q","NO","bracketCode","bracketCode: ""[auth478-24zgP]"" [390-405]","context","context: ""Q [auth478-24zgP]""","NO","NO","","fragment_or_label","HIGH","LABEL_FRAGMENT_OR_DEVICE","short label, slogan, heading or symbolic device rather than a proposition","shared users [foreign & domestic]. ⏎ Variable access. ⏎ Codes. ⏎ Fake emails. ⏎ Game forum comms. ⏎ New intel revealed today. ⏎ Gmail comms. ⏎ [R]. ⏎ [EG]. ⏎ Define Evergreen. ⏎ When do you call a plumber? ⏎ Ongoing investigations require…..","","388","405","https://8ch.net/qresearch/res/1202765.html#1203338","","","","","","","","","UNREVIEWED"
"1286","#1286","18","p1286-s018","G_CERTIFIED_CONTEXT_NOT_PAINTED","POTUS WITCH HUNT END","1","PARTIAL_ONLY","29.41","0","12","17","WITCH HUNT END","NO","namedEntity","namedEntity: ""POTUS"" [828-833]","context","context: ""POTUS WITCH HUNT END""","NO","NO","","fragment_or_label","HIGH","LABEL_FRAGMENT_OR_DEVICE","short label, slogan, heading or symbolic device rather than a proposition","oves-trump-not-under-investigation ⏎ Baiting POTUS? ⏎ Why no contact w/ WL / JA?  ⏎ What is being investigated? ⏎ Why is Mueller’s team stacked w/ ex Clinton / D sr level authorities? ⏎ Why are POTUS supporters screaming for END?","ADD RUDY (quiet). ⏎ Can the investigation officially/publicly drop POTUS from review & continue? ⏎ Why did the Podesta Group close shop? ⏎ https://www.pacer.gov ⏎ Why are known bad actors in full support of Mueller? ⏎ Why did POT","828","848","https://8ch.net/qresearch/res/1214513.html#1215294","","","","","","","","","UNREVIEWED"
"1286","#1286","51","p1286-s051","G_CERTIFIED_CONTEXT_NOT_PAINTED","Election/voter fraud","1","PARTIAL_ONLY","52.63","0","9","19","Election/","NO","theme","theme: ""voter fraud"" [2166-2177]","context","context: ""Election/voter fraud""","NO","NO","","fragment_or_label","HIGH","LABEL_FRAGMENT_OR_DEVICE","short label, slogan, heading or symbolic device rather than a proposition","ads guilty to none committed crime? ⏎ S interviewed? ⏎ S/P relationship w/ judge?  ⏎ #2/S/P 302 mod? ⏎ Fusion GPS. ⏎ The Brits - raw intel / dossier / 5 eyes. ⏎ GOOG ⏎ DNC rigging super delegates / funding/ voter rolls / agreement BS","CIA  ⏎ DNI ⏎ FBI ⏎ DOJ ⏎ Sec of State ⏎ President. ⏎ ………… ⏎ More than you can imagine. ⏎ re: HRC insurance [win] ⏎ Why? ⏎ Cover? ⏎ Remainder illegal acts. ⏎ Confused? ⏎ SC targeting who? ⏎ SC on team? ⏎ SC off team? ⏎ Questions reveal answers. ⏎ Time wi","2157","2177","https://8ch.net/qresearch/res/1214513.html#1215294","","","","","","","","","UNREVIEWED"
"1293","#1293","1","p1293-s001","G_CERTIFIED_CONTEXT_NOT_PAINTED","Noted:IP-Ghost:","1","UNHIGHLIGHTED","0","0","15","15","Noted:IP-Ghost:","NO","","","context","context: ""Noted:IP-Ghost:""","NO","NO","","colon_or_semicolon_block","HIGH","CLAIM_CANDIDATE","declarative prose — decide Q-authored claim vs quoted claim vs aphorism",">>1228588","Q","10","25","https://8ch.net/qresearch/res/1228486.html#1228613","","","","","","","","","UNREVIEWED"
"1311","#1311","1","p1311-s001","G_CERTIFIED_CONTEXT_NOT_PAINTED","TRIP UPDATE","1","UNHIGHLIGHTED","0","0","10","10","TRIP UPDATE","NO","","","context","context: ""TRIP UPDATE""","NO","NO","","fragment_or_label","HIGH","LABEL_FRAGMENT_OR_DEVICE","short label, slogan, heading or symbolic device rather than a proposition","","","0","11","https://8ch.net/patriotsfight/res/1.html#1","","","","","","","","","UNREVIEWED"
"1312","#1312","1","p1312-s001","G_CERTIFIED_CONTEXT_NOT_PAINTED","TRIP CONF","1","UNHIGHLIGHTED","0","0","8","8","TRIP CONF","NO","","","context","context: ""TRIP CONF""","NO","NO","","fragment_or_label","HIGH","LABEL_FRAGMENT_OR_DEVICE","short label, slogan, heading or symbolic device rather than a proposition","","Q","0","9","https://8ch.net/patriotsfight/res/1.html#2","","","","","","","","","UNREVIEWED"
"1313","#1313","1","p1313-s001","G_CERTIFIED_CONTEXT_NOT_PAINTED","/patriotsfight/","2","UNHIGHLIGHTED","0","0","15","15","/patriotsfight/","NO","","","context","context: ""/patriotsfight/""","NO","NO","","fragment_or_label","HIGH","LABEL_FRAGMENT_OR_DEVICE","short label, slogan, heading or symbolic device rather than a proposition","","Q","0","15","https://8ch.net/qresearch/res/1297758.html#1298146","","","","","","","","","UNREVIEWED"
"1319","#1319","4","p1319-s004","G_CERTIFIED_CONTEXT_NOT_PAINTED","Bob Corker - Republican","2","PARTIAL_ONLY","45","0","11","20","- Republican","NO","namedEntity","namedEntity: ""Bob Corker"" [47-57]","context","context: ""Bob Corker - Republican""","NO","NO","","fragment_or_label","HIGH","LABEL_FRAGMENT_OR_DEVICE","short label, slogan, heading or symbolic device rather than a proposition","Review Time. ⏎ Not seeking re-election. ⏎ [Senate]","Jeff Flake - Republican  ⏎ Orrin Hatch - Republican  ⏎ No Name - Republican [Departure Soon] ⏎ [House] ⏎ Bill Shuster - Republican  ⏎ Bob Goodlatte - Republican  ⏎ Carol Shea-Porter - Democrat  ⏎ Charles W. Dent - Republican  ⏎ Darrel","47","70","https://8ch.net/patriotsfight/res/62.html#67","","","","","","","","","UNREVIEWED"
"1319","#1319","5","p1319-s005","G_CERTIFIED_CONTEXT_NOT_PAINTED","Jeff Flake - Republican","2","PARTIAL_ONLY","45","0","11","20","- Republican","NO","namedEntity","namedEntity: ""Jeff Flake"" [72-82]","context","context: ""Jeff Flake - Republican""","NO","NO","","fragment_or_label","HIGH","LABEL_FRAGMENT_OR_DEVICE","short label, slogan, heading or symbolic device rather than a proposition","Review Time. ⏎ Not seeking re-election. ⏎ [Senate] ⏎ Bob Corker - Republican","Orrin Hatch - Republican  ⏎ No Name - Republican [Departure Soon] ⏎ [House] ⏎ Bill Shuster - Republican  ⏎ Bob Goodlatte - Republican  ⏎ Carol Shea-Porter - Democrat  ⏎ Charles W. Dent - Republican  ⏎ Darrell Issa - Republican  ⏎ Dave","72","95","https://8ch.net/patriotsfight/res/62.html#67","","","","","","","","","UNREVIEWED"
"1319","#1319","6","p1319-s006","G_CERTIFIED_CONTEXT_NOT_PAINTED","Orrin Hatch - Republican","2","PARTIAL_ONLY","47.62","0","11","21","- Republican","NO","namedEntity","namedEntity: ""Orrin Hatch"" [97-108]","context","context: ""Orrin Hatch - Republican""","NO","NO","","fragment_or_label","HIGH","LABEL_FRAGMENT_OR_DEVICE","short label, slogan, heading or symbolic device rather than a proposition","Review Time. ⏎ Not seeking re-election. ⏎ [Senate] ⏎ Bob Corker - Republican  ⏎ Jeff Flake - Republican","No Name - Republican [Departure Soon] ⏎ [House] ⏎ Bill Shuster - Republican  ⏎ Bob Goodlatte - Republican  ⏎ Carol Shea-Porter - Democrat  ⏎ Charles W. Dent - Republican  ⏎ Darrell Issa - Republican  ⏎ Dave Reichert - Republican  ⏎ Da","97","121","https://8ch.net/patriotsfight/res/62.html#67","","","","","","","","","UNREVIEWED"
"1319","#1319","9","p1319-s009","G_CERTIFIED_CONTEXT_NOT_PAINTED","Bill Shuster - Republican","2","PARTIAL_ONLY","50","0","11","22","- Republican","NO","namedEntity","namedEntity: ""Bill Shuster"" [169-181]","context","context: ""Bill Shuster - Republican""","NO","NO","","fragment_or_label","HIGH","LABEL_FRAGMENT_OR_DEVICE","short label, slogan, heading or symbolic device rather than a proposition","Review Time. ⏎ Not seeking re-election. ⏎ [Senate] ⏎ Bob Corker - Republican  ⏎ Jeff Flake - Republican  ⏎ Orrin Hatch - Republican  ⏎ No Name - Republican [Departure Soon] ⏎ [House]","Bob Goodlatte - Republican  ⏎ Carol Shea-Porter - Democrat  ⏎ Charles W. Dent - Republican  ⏎ Darrell Issa - Republican  ⏎ Dave Reichert - Republican  ⏎ David Trott - Republican  ⏎ Dennis Ross - Republican  ⏎ Edward Royce - Republic","169","194","https://8ch.net/patriotsfight/res/62.html#67","","","","","","","","","UNREVIEWED"
"1319","#1319","10","p1319-s010","G_CERTIFIED_CONTEXT_NOT_PAINTED","Bob Goodlatte - Republican","2","PARTIAL_ONLY","52.17","0","11","23","- Republican","NO","namedEntity","namedEntity: ""Bob Goodlatte"" [196-209]","context","context: ""Bob Goodlatte - Republican""","NO","NO","","fragment_or_label","HIGH","LABEL_FRAGMENT_OR_DEVICE","short label, slogan, heading or symbolic device rather than a proposition","Review Time. ⏎ Not seeking re-election. ⏎ [Senate] ⏎ Bob Corker - Republican  ⏎ Jeff Flake - Republican  ⏎ Orrin Hatch - Republican  ⏎ No Name - Republican [Departure Soon] ⏎ [House] ⏎ Bill Shuster - Republican","Carol Shea-Porter - Democrat  ⏎ Charles W. Dent - Republican  ⏎ Darrell Issa - Republican  ⏎ Dave Reichert - Republican  ⏎ David Trott - Republican  ⏎ Dennis Ross - Republican  ⏎ Edward Royce - Republican  ⏎ Elizabeth Esty - Democra","196","222","https://8ch.net/patriotsfight/res/62.html#67","","","","","","","","","UNREVIEWED"
"1319","#1319","11","p1319-s011","G_CERTIFIED_CONTEXT_NOT_PAINTED","Carol Shea-Porter - Democrat","2","PARTIAL_ONLY","64","0","9","25","- Democrat","NO","namedEntity","namedEntity: ""Carol Shea-Porter"" [224-241]","context","context: ""Carol Shea-Porter - Democrat""","NO","NO","","fragment_or_label","HIGH","LABEL_FRAGMENT_OR_DEVICE","short label, slogan, heading or symbolic device rather than a proposition","ew Time. ⏎ Not seeking re-election. ⏎ [Senate] ⏎ Bob Corker - Republican  ⏎ Jeff Flake - Republican  ⏎ Orrin Hatch - Republican  ⏎ No Name - Republican [Departure Soon] ⏎ [House] ⏎ Bill Shuster - Republican  ⏎ Bob Goodlatte - Republican","Charles W. Dent - Republican  ⏎ Darrell Issa - Republican  ⏎ Dave Reichert - Republican  ⏎ David Trott - Republican  ⏎ Dennis Ross - Republican  ⏎ Edward Royce - Republican  ⏎ Elizabeth Esty - Democrat ⏎ Frank LoBiondo - Republican","224","252","https://8ch.net/patriotsfight/res/62.html#67","","","","","","","","","UNREVIEWED"
"1319","#1319","13","p1319-s013","G_CERTIFIED_CONTEXT_NOT_PAINTED","Dent - Republican","2","PARTIAL_ONLY","26.67","0","11","15","- Republican","NO","namedEntity","namedEntity: ""Charles W. Dent"" [254-269]","context","context: ""Charles W. Dent - Republican""","NO","NO","","fragment_or_label","MEDIUM","LABEL_FRAGMENT_OR_DEVICE","short label, slogan, heading or symbolic device rather than a proposition","] ⏎ Bob Corker - Republican  ⏎ Jeff Flake - Republican  ⏎ Orrin Hatch - Republican  ⏎ No Name - Republican [Departure Soon] ⏎ [House] ⏎ Bill Shuster - Republican  ⏎ Bob Goodlatte - Republican  ⏎ Carol Shea-Porter - Democrat  ⏎ Charles W.","Darrell Issa - Republican  ⏎ Dave Reichert - Republican  ⏎ David Trott - Republican  ⏎ Dennis Ross - Republican  ⏎ Edward Royce - Republican  ⏎ Elizabeth Esty - Democrat ⏎ Frank LoBiondo - Republican  ⏎ Gene Green - Democrat  ⏎ Gregg","265","282","https://8ch.net/patriotsfight/res/62.html#67","","","","","","","","","UNREVIEWED"
"1319","#1319","14","p1319-s014","G_CERTIFIED_CONTEXT_NOT_PAINTED","Darrell Issa - Republican","2","PARTIAL_ONLY","50","0","11","22","- Republican","NO","namedEntity","namedEntity: ""Darrell Issa"" [284-296]","context","context: ""Darrell Issa - Republican""","NO","NO","","fragment_or_label","HIGH","LABEL_FRAGMENT_OR_DEVICE","short label, slogan, heading or symbolic device rather than a proposition","blican  ⏎ Jeff Flake - Republican  ⏎ Orrin Hatch - Republican  ⏎ No Name - Republican [Departure Soon] ⏎ [House] ⏎ Bill Shuster - Republican  ⏎ Bob Goodlatte - Republican  ⏎ Carol Shea-Porter - Democrat  ⏎ Charles W. Dent - Republican","Dave Reichert - Republican  ⏎ David Trott - Republican  ⏎ Dennis Ross - Republican  ⏎ Edward Royce - Republican  ⏎ Elizabeth Esty - Democrat ⏎ Frank LoBiondo - Republican  ⏎ Gene Green - Democrat  ⏎ Gregg Harper - Republican  ⏎ Ileana","284","309","https://8ch.net/patriotsfight/res/62.html#67","","","","","","","","","UNREVIEWED"
"1319","#1319","15","p1319-s015","G_CERTIFIED_CONTEXT_NOT_PAINTED","Dave Reichert - Republican","2","PARTIAL_ONLY","52.17","0","11","23","- Republican","NO","namedEntity","namedEntity: ""Dave Reichert"" [311-324]","context","context: ""Dave Reichert - Republican""","NO","NO","","fragment_or_label","HIGH","LABEL_FRAGMENT_OR_DEVICE","short label, slogan, heading or symbolic device rather than a proposition","ican  ⏎ Orrin Hatch - Republican  ⏎ No Name - Republican [Departure Soon] ⏎ [House] ⏎ Bill Shuster - Republican  ⏎ Bob Goodlatte - Republican  ⏎ Carol Shea-Porter - Democrat  ⏎ Charles W. Dent - Republican  ⏎ Darrell Issa - Republican","David Trott - Republican  ⏎ Dennis Ross - Republican  ⏎ Edward Royce - Republican  ⏎ Elizabeth Esty - Democrat ⏎ Frank LoBiondo - Republican  ⏎ Gene Green - Democrat  ⏎ Gregg Harper - Republican  ⏎ Ileana Ros-Lehtinen - Republican","311","337","https://8ch.net/patriotsfight/res/62.html#67","","","","","","","","","UNREVIEWED"
"1319","#1319","16","p1319-s016","G_CERTIFIED_CONTEXT_NOT_PAINTED","David Trott - Republican","2","PARTIAL_ONLY","47.62","0","11","21","- Republican","NO","namedEntity","namedEntity: ""David Trott"" [339-350]","context","context: ""David Trott - Republican""","NO","NO","","fragment_or_label","HIGH","LABEL_FRAGMENT_OR_DEVICE","short label, slogan, heading or symbolic device rather than a proposition","an  ⏎ No Name - Republican [Departure Soon] ⏎ [House] ⏎ Bill Shuster - Republican  ⏎ Bob Goodlatte - Republican  ⏎ Carol Shea-Porter - Democrat  ⏎ Charles W. Dent - Republican  ⏎ Darrell Issa - Republican  ⏎ Dave Reichert - Republican","Dennis Ross - Republican  ⏎ Edward Royce - Republican  ⏎ Elizabeth Esty - Democrat ⏎ Frank LoBiondo - Republican  ⏎ Gene Green - Democrat  ⏎ Gregg Harper - Republican  ⏎ Ileana Ros-Lehtinen - Republican  ⏎ Jeb Hensarling - Republica","339","363","https://8ch.net/patriotsfight/res/62.html#67","","","","","","","","","UNREVIEWED"
"1319","#1319","17","p1319-s017","G_CERTIFIED_CONTEXT_NOT_PAINTED","Dennis Ross - Republican","2","PARTIAL_ONLY","47.62","0","11","21","- Republican","NO","namedEntity","namedEntity: ""Dennis Ross"" [365-376]","context","context: ""Dennis Ross - Republican""","NO","NO","","fragment_or_label","HIGH","LABEL_FRAGMENT_OR_DEVICE","short label, slogan, heading or symbolic device rather than a proposition","Departure Soon] ⏎ [House] ⏎ Bill Shuster - Republican  ⏎ Bob Goodlatte - Republican  ⏎ Carol Shea-Porter - Democrat  ⏎ Charles W. Dent - Republican  ⏎ Darrell Issa - Republican  ⏎ Dave Reichert - Republican  ⏎ David Trott - Republican","Edward Royce - Republican  ⏎ Elizabeth Esty - Democrat ⏎ Frank LoBiondo - Republican  ⏎ Gene Green - Democrat  ⏎ Gregg Harper - Republican  ⏎ Ileana Ros-Lehtinen - Republican  ⏎ Jeb Hensarling - Republican  ⏎ Jim Bridenstine - Repub","365","389","https://8ch.net/patriotsfight/res/62.html#67","","","","","","","","","UNREVIEWED"
"1319","#1319","18","p1319-s018","G_CERTIFIED_CONTEXT_NOT_PAINTED","Edward Royce - Republican","2","PARTIAL_ONLY","50","0","11","22","- Republican","NO","namedEntity","namedEntity: ""Edward Royce"" [391-403]","context","context: ""Edward Royce - Republican""","NO","NO","","fragment_or_label","HIGH","LABEL_FRAGMENT_OR_DEVICE","short label, slogan, heading or symbolic device rather than a proposition","ll Shuster - Republican  ⏎ Bob Goodlatte - Republican  ⏎ Carol Shea-Porter - Democrat  ⏎ Charles W. Dent - Republican  ⏎ Darrell Issa - Republican  ⏎ Dave Reichert - Republican  ⏎ David Trott - Republican  ⏎ Dennis Ross - Republican","Elizabeth Esty - Democrat ⏎ Frank LoBiondo - Republican  ⏎ Gene Green - Democrat  ⏎ Gregg Harper - Republican  ⏎ Ileana Ros-Lehtinen - Republican  ⏎ Jeb Hensarling - Republican  ⏎ Jim Bridenstine - Republican ⏎ Joe Barton - Republic","391","416","https://8ch.net/patriotsfight/res/62.html#67","","","","","","","","","UNREVIEWED"
"1319","#1319","19","p1319-s019","G_CERTIFIED_CONTEXT_NOT_PAINTED","Elizabeth Esty - Democrat","2","PARTIAL_ONLY","59.09","0","9","22","- Democrat","NO","namedEntity","namedEntity: ""Elizabeth Esty"" [418-432]","context","context: ""Elizabeth Esty - Democrat""","NO","NO","","fragment_or_label","HIGH","LABEL_FRAGMENT_OR_DEVICE","short label, slogan, heading or symbolic device rather than a proposition","b Goodlatte - Republican  ⏎ Carol Shea-Porter - Democrat  ⏎ Charles W. Dent - Republican  ⏎ Darrell Issa - Republican  ⏎ Dave Reichert - Republican  ⏎ David Trott - Republican  ⏎ Dennis Ross - Republican  ⏎ Edward Royce - Republican","Frank LoBiondo - Republican  ⏎ Gene Green - Democrat  ⏎ Gregg Harper - Republican  ⏎ Ileana Ros-Lehtinen - Republican  ⏎ Jeb Hensarling - Republican  ⏎ Jim Bridenstine - Republican ⏎ Joe Barton - Republican  ⏎ John Delaney - Democrat","418","443","https://8ch.net/patriotsfight/res/62.html#67","","","","","","","","","UNREVIEWED"
"1319","#1319","20","p1319-s020","G_CERTIFIED_CONTEXT_NOT_PAINTED","Frank LoBiondo - Republican","2","PARTIAL_ONLY","54.17","0","11","24","- Republican","NO","namedEntity","namedEntity: ""Frank LoBiondo"" [444-458]","context","context: ""Frank LoBiondo - Republican""","NO","NO","","fragment_or_label","HIGH","LABEL_FRAGMENT_OR_DEVICE","short label, slogan, heading or symbolic device rather than a proposition","Carol Shea-Porter - Democrat  ⏎ Charles W. Dent - Republican  ⏎ Darrell Issa - Republican  ⏎ Dave Reichert - Republican  ⏎ David Trott - Republican  ⏎ Dennis Ross - Republican  ⏎ Edward Royce - Republican  ⏎ Elizabeth Esty - Democrat","Gene Green - Democrat  ⏎ Gregg Harper - Republican  ⏎ Ileana Ros-Lehtinen - Republican  ⏎ Jeb Hensarling - Republican  ⏎ Jim Bridenstine - Republican ⏎ Joe Barton - Republican  ⏎ John Delaney - Democrat ⏎ John J. Duncan, Jr. - Repub","444","471","https://8ch.net/patriotsfight/res/62.html#67","","","","","","","","","UNREVIEWED"
"1319","#1319","21","p1319-s021","G_CERTIFIED_CONTEXT_NOT_PAINTED","Gene Green - Democrat","2","PARTIAL_ONLY","50","0","9","18","- Democrat","NO","namedEntity","namedEntity: ""Gene Green"" [473-483]","context","context: ""Gene Green - Democrat""","NO","NO","","fragment_or_label","HIGH","LABEL_FRAGMENT_OR_DEVICE","short label, slogan, heading or symbolic device rather than a proposition","Charles W. Dent - Republican  ⏎ Darrell Issa - Republican  ⏎ Dave Reichert - Republican  ⏎ David Trott - Republican  ⏎ Dennis Ross - Republican  ⏎ Edward Royce - Republican  ⏎ Elizabeth Esty - Democrat ⏎ Frank LoBiondo - Republican","Gregg Harper - Republican  ⏎ Ileana Ros-Lehtinen - Republican  ⏎ Jeb Hensarling - Republican  ⏎ Jim Bridenstine - Republican ⏎ Joe Barton - Republican  ⏎ John Delaney - Democrat ⏎ John J. Duncan, Jr. - Republican  ⏎ Lamar Smith - Re","473","494","https://8ch.net/patriotsfight/res/62.html#67","","","","","","","","","UNREVIEWED"
"1319","#1319","22","p1319-s022","G_CERTIFIED_CONTEXT_NOT_PAINTED","Gregg Harper - Republican","2","PARTIAL_ONLY","50","0","11","22","- Republican","NO","namedEntity","namedEntity: ""Gregg Harper"" [496-508]","context","context: ""Gregg Harper - Republican""","NO","NO","","fragment_or_label","HIGH","LABEL_FRAGMENT_OR_DEVICE","short label, slogan, heading or symbolic device rather than a proposition","blican  ⏎ Darrell Issa - Republican  ⏎ Dave Reichert - Republican  ⏎ David Trott - Republican  ⏎ Dennis Ross - Republican  ⏎ Edward Royce - Republican  ⏎ Elizabeth Esty - Democrat ⏎ Frank LoBiondo - Republican  ⏎ Gene Green - Democrat","Ileana Ros-Lehtinen - Republican  ⏎ Jeb Hensarling - Republican  ⏎ Jim Bridenstine - Republican ⏎ Joe Barton - Republican  ⏎ John Delaney - Democrat ⏎ John J. Duncan, Jr. - Republican  ⏎ Lamar Smith - Republican  ⏎ Luis V. Gutierrez","496","521","https://8ch.net/patriotsfight/res/62.html#67","","","","","","","","","UNREVIEWED"
"1319","#1319","23","p1319-s023","G_CERTIFIED_CONTEXT_NOT_PAINTED","Ileana Ros-Lehtinen - Republican","2","PARTIAL_ONLY","62.07","0","11","29","- Republican","NO","namedEntity","namedEntity: ""Ileana Ros-Lehtinen"" [523-542]","context","context: ""Ileana Ros-Lehtinen - Republican""","NO","NO","","fragment_or_label","HIGH","LABEL_FRAGMENT_OR_DEVICE","short label, slogan, heading or symbolic device rather than a proposition","blican  ⏎ Dave Reichert - Republican  ⏎ David Trott - Republican  ⏎ Dennis Ross - Republican  ⏎ Edward Royce - Republican  ⏎ Elizabeth Esty - Democrat ⏎ Frank LoBiondo - Republican  ⏎ Gene Green - Democrat  ⏎ Gregg Harper - Republican","Jeb Hensarling - Republican  ⏎ Jim Bridenstine - Republican ⏎ Joe Barton - Republican  ⏎ John Delaney - Democrat ⏎ John J. Duncan, Jr. - Republican  ⏎ Lamar Smith - Republican  ⏎ Luis V. Gutierrez - Democrat  ⏎ Lynn Jenkins - Republ","523","555","https://8ch.net/patriotsfight/res/62.html#67","","","","","","","","","UNREVIEWED"
"1319","#1319","24","p1319-s024","G_CERTIFIED_CONTEXT_NOT_PAINTED","Jeb Hensarling - Republican","2","PARTIAL_ONLY","54.17","0","11","24","- Republican","NO","namedEntity","namedEntity: ""Jeb Hensarling"" [557-571]","context","context: ""Jeb Hensarling - Republican""","NO","NO","","sentence_like_no_terminal","HIGH","CLAIM_CANDIDATE","declarative prose — decide Q-authored claim vs quoted claim vs aphorism","David Trott - Republican  ⏎ Dennis Ross - Republican  ⏎ Edward Royce - Republican  ⏎ Elizabeth Esty - Democrat ⏎ Frank LoBiondo - Republican  ⏎ Gene Green - Democrat  ⏎ Gregg Harper - Republican  ⏎ Ileana Ros-Lehtinen - Republican","Jim Bridenstine - Republican ⏎ Joe Barton - Republican  ⏎ John Delaney - Democrat ⏎ John J. Duncan, Jr. - Republican  ⏎ Lamar Smith - Republican  ⏎ Luis V. Gutierrez - Democrat  ⏎ Lynn Jenkins - Republican  ⏎ Niki Tsongas - Democrat","557","584","https://8ch.net/patriotsfight/res/62.html#67","","","","","","","","","UNREVIEWED"
"1319","#1319","25","p1319-s025","G_CERTIFIED_CONTEXT_NOT_PAINTED","Jim Bridenstine - Republican","2","PARTIAL_ONLY","56","0","11","25","- Republican","NO","namedEntity","namedEntity: ""Jim Bridenstine"" [586-601]","context","context: ""Jim Bridenstine - Republican""","NO","NO","","fragment_or_label","HIGH","LABEL_FRAGMENT_OR_DEVICE","short label, slogan, heading or symbolic device rather than a proposition","ennis Ross - Republican  ⏎ Edward Royce - Republican  ⏎ Elizabeth Esty - Democrat ⏎ Frank LoBiondo - Republican  ⏎ Gene Green - Democrat  ⏎ Gregg Harper - Republican  ⏎ Ileana Ros-Lehtinen - Republican  ⏎ Jeb Hensarling - Republican","Joe Barton - Republican  ⏎ John Delaney - Democrat ⏎ John J. Duncan, Jr. - Republican  ⏎ Lamar Smith - Republican  ⏎ Luis V. Gutierrez - Democrat  ⏎ Lynn Jenkins - Republican  ⏎ Niki Tsongas - Democrat ⏎ Paul Ryan - Republican  ⏎ Rick","586","614","https://8ch.net/patriotsfight/res/62.html#67","","","","","","","","","UNREVIEWED"
"1319","#1319","26","p1319-s026","G_CERTIFIED_CONTEXT_NOT_PAINTED","Joe Barton - Republican","2","PARTIAL_ONLY","45","0","11","20","- Republican","NO","namedEntity","namedEntity: ""Joe Barton"" [615-625]","context","context: ""Joe Barton - Republican""","NO","NO","","fragment_or_label","HIGH","LABEL_FRAGMENT_OR_DEVICE","short label, slogan, heading or symbolic device rather than a proposition","rd Royce - Republican  ⏎ Elizabeth Esty - Democrat ⏎ Frank LoBiondo - Republican  ⏎ Gene Green - Democrat  ⏎ Gregg Harper - Republican  ⏎ Ileana Ros-Lehtinen - Republican  ⏎ Jeb Hensarling - Republican  ⏎ Jim Bridenstine - Republican","John Delaney - Democrat ⏎ John J. Duncan, Jr. - Republican  ⏎ Lamar Smith - Republican  ⏎ Luis V. Gutierrez - Democrat  ⏎ Lynn Jenkins - Republican  ⏎ Niki Tsongas - Democrat ⏎ Paul Ryan - Republican  ⏎ Rick Nolan - Democrat  ⏎ Robert","615","638","https://8ch.net/patriotsfight/res/62.html#67","","","","","","","","","UNREVIEWED"
"1319","#1319","30","p1319-s030","G_CERTIFIED_CONTEXT_NOT_PAINTED","Lamar Smith - Republican","2","PARTIAL_ONLY","47.62","0","11","21","- Republican","NO","namedEntity","namedEntity: ""Lamar Smith"" [698-709]","context","context: ""Lamar Smith - Republican""","NO","NO","","fragment_or_label","HIGH","LABEL_FRAGMENT_OR_DEVICE","short label, slogan, heading or symbolic device rather than a proposition","Green - Democrat  ⏎ Gregg Harper - Republican  ⏎ Ileana Ros-Lehtinen - Republican  ⏎ Jeb Hensarling - Republican  ⏎ Jim Bridenstine - Republican ⏎ Joe Barton - Republican  ⏎ John Delaney - Democrat ⏎ John J. Duncan, Jr. - Republican","Luis V. Gutierrez - Democrat  ⏎ Lynn Jenkins - Republican  ⏎ Niki Tsongas - Democrat ⏎ Paul Ryan - Republican  ⏎ Rick Nolan - Democrat  ⏎ Robert Brady - Democrat ⏎ Rodney Frelinghuysen - Republican  ⏎ Ruben J. Kihuen - Democrat  ⏎ Rya","698","722","https://8ch.net/patriotsfight/res/62.html#67","","","","","","","","","UNREVIEWED"
"1319","#1319","32","p1319-s032","G_CERTIFIED_CONTEXT_NOT_PAINTED","Gutierrez - Democrat","2","PARTIAL_ONLY","50","0","9","18","- Democrat","NO","namedEntity","namedEntity: ""Luis V. Gutierrez"" [724-741]","context","context: ""Luis V. Gutierrez - Democrat""","NO","NO","","fragment_or_label","MEDIUM","LABEL_FRAGMENT_OR_DEVICE","short label, slogan, heading or symbolic device rather than a proposition","epublican  ⏎ Ileana Ros-Lehtinen - Republican  ⏎ Jeb Hensarling - Republican  ⏎ Jim Bridenstine - Republican ⏎ Joe Barton - Republican  ⏎ John Delaney - Democrat ⏎ John J. Duncan, Jr. - Republican  ⏎ Lamar Smith - Republican  ⏎ Luis V.","Lynn Jenkins - Republican  ⏎ Niki Tsongas - Democrat ⏎ Paul Ryan - Republican  ⏎ Rick Nolan - Democrat  ⏎ Robert Brady - Democrat ⏎ Rodney Frelinghuysen - Republican  ⏎ Ruben J. Kihuen - Democrat  ⏎ Ryan Costello - Republican  ⏎ Sam J","732","752","https://8ch.net/patriotsfight/res/62.html#67","","","","","","","","","UNREVIEWED"
"1319","#1319","33","p1319-s033","G_CERTIFIED_CONTEXT_NOT_PAINTED","Lynn Jenkins - Republican","2","PARTIAL_ONLY","50","0","11","22","- Republican","NO","namedEntity","namedEntity: ""Lynn Jenkins"" [754-766]","context","context: ""Lynn Jenkins - Republican""","NO","NO","","fragment_or_label","HIGH","LABEL_FRAGMENT_OR_DEVICE","short label, slogan, heading or symbolic device rather than a proposition","Lehtinen - Republican  ⏎ Jeb Hensarling - Republican  ⏎ Jim Bridenstine - Republican ⏎ Joe Barton - Republican  ⏎ John Delaney - Democrat ⏎ John J. Duncan, Jr. - Republican  ⏎ Lamar Smith - Republican  ⏎ Luis V. Gutierrez - Democrat","Niki Tsongas - Democrat ⏎ Paul Ryan - Republican  ⏎ Rick Nolan - Democrat  ⏎ Robert Brady - Democrat ⏎ Rodney Frelinghuysen - Republican  ⏎ Ruben J. Kihuen - Democrat  ⏎ Ryan Costello - Republican  ⏎ Sam Johnson - Republican  ⏎ Sandy","754","779","https://8ch.net/patriotsfight/res/62.html#67","","","","","","","","","UNREVIEWED"
"1319","#1319","34","p1319-s034","G_CERTIFIED_CONTEXT_NOT_PAINTED","Niki Tsongas - Democrat","2","PARTIAL_ONLY","55","0","9","20","- Democrat","NO","namedEntity","namedEntity: ""Niki Tsongas"" [781-793]","context","context: ""Niki Tsongas - Democrat""","NO","NO","","fragment_or_label","HIGH","LABEL_FRAGMENT_OR_DEVICE","short label, slogan, heading or symbolic device rather than a proposition","Hensarling - Republican  ⏎ Jim Bridenstine - Republican ⏎ Joe Barton - Republican  ⏎ John Delaney - Democrat ⏎ John J. Duncan, Jr. - Republican  ⏎ Lamar Smith - Republican  ⏎ Luis V. Gutierrez - Democrat  ⏎ Lynn Jenkins - Republican","Paul Ryan - Republican  ⏎ Rick Nolan - Democrat  ⏎ Robert Brady - Democrat ⏎ Rodney Frelinghuysen - Republican  ⏎ Ruben J. Kihuen - Democrat  ⏎ Ryan Costello - Republican  ⏎ Sam Johnson - Republican  ⏎ Sandy Levin - Democrat  ⏎ Ted Poe","781","804","https://8ch.net/patriotsfight/res/62.html#67","","","","","","","","","UNREVIEWED"
"1319","#1319","35","p1319-s035","G_CERTIFIED_CONTEXT_NOT_PAINTED","Paul Ryan - Republican","2","PARTIAL_ONLY","42.11","0","11","19","- Republican","NO","namedEntity","namedEntity: ""Paul Ryan"" [805-814] || namedEntity: ""Ryan"" [810-814]","context","context: ""Paul Ryan - Republican""","NO","NO","","fragment_or_label","HIGH","LABEL_FRAGMENT_OR_DEVICE","short label, slogan, heading or symbolic device rather than a proposition","Jim Bridenstine - Republican ⏎ Joe Barton - Republican  ⏎ John Delaney - Democrat ⏎ John J. Duncan, Jr. - Republican  ⏎ Lamar Smith - Republican  ⏎ Luis V. Gutierrez - Democrat  ⏎ Lynn Jenkins - Republican  ⏎ Niki Tsongas - Democrat","Rick Nolan - Democrat  ⏎ Robert Brady - Democrat ⏎ Rodney Frelinghuysen - Republican  ⏎ Ruben J. Kihuen - Democrat  ⏎ Ryan Costello - Republican  ⏎ Sam Johnson - Republican  ⏎ Sandy Levin - Democrat  ⏎ Ted Poe - Republican  ⏎ Thomas R","805","827","https://8ch.net/patriotsfight/res/62.html#67","","","","","","","","","UNREVIEWED"
"1319","#1319","36","p1319-s036","G_CERTIFIED_CONTEXT_NOT_PAINTED","Rick Nolan - Democrat","2","PARTIAL_ONLY","50","0","9","18","- Democrat","NO","namedEntity","namedEntity: ""Rick Nolan"" [829-839]","context","context: ""Rick Nolan - Democrat""","NO","NO","","fragment_or_label","HIGH","LABEL_FRAGMENT_OR_DEVICE","short label, slogan, heading or symbolic device rather than a proposition","lican ⏎ Joe Barton - Republican  ⏎ John Delaney - Democrat ⏎ John J. Duncan, Jr. - Republican  ⏎ Lamar Smith - Republican  ⏎ Luis V. Gutierrez - Democrat  ⏎ Lynn Jenkins - Republican  ⏎ Niki Tsongas - Democrat ⏎ Paul Ryan - Republican","Robert Brady - Democrat ⏎ Rodney Frelinghuysen - Republican  ⏎ Ruben J. Kihuen - Democrat  ⏎ Ryan Costello - Republican  ⏎ Sam Johnson - Republican  ⏎ Sandy Levin - Democrat  ⏎ Ted Poe - Republican  ⏎ Thomas Rooney - Republican  ⏎ Tre","829","850","https://8ch.net/patriotsfight/res/62.html#67","","","","","","","","","UNREVIEWED"
"1319","#1319","37","p1319-s037","G_CERTIFIED_CONTEXT_NOT_PAINTED","Robert Brady - Democrat","2","PARTIAL_ONLY","55","0","9","20","- Democrat","NO","namedEntity","namedEntity: ""Robert Brady"" [852-864]","context","context: ""Robert Brady - Democrat""","NO","NO","","fragment_or_label","HIGH","LABEL_FRAGMENT_OR_DEVICE","short label, slogan, heading or symbolic device rather than a proposition","blican  ⏎ John Delaney - Democrat ⏎ John J. Duncan, Jr. - Republican  ⏎ Lamar Smith - Republican  ⏎ Luis V. Gutierrez - Democrat  ⏎ Lynn Jenkins - Republican  ⏎ Niki Tsongas - Democrat ⏎ Paul Ryan - Republican  ⏎ Rick Nolan - Democrat","Rodney Frelinghuysen - Republican  ⏎ Ruben J. Kihuen - Democrat  ⏎ Ryan Costello - Republican  ⏎ Sam Johnson - Republican  ⏎ Sandy Levin - Democrat  ⏎ Ted Poe - Republican  ⏎ Thomas Rooney - Republican  ⏎ Trey Gowdy - Republican  ⏎ [Re","852","875","https://8ch.net/patriotsfight/res/62.html#67","","","","","","","","","UNREVIEWED"
"1319","#1319","38","p1319-s038","G_CERTIFIED_CONTEXT_NOT_PAINTED","Rodney Frelinghuysen - Republican","2","PARTIAL_ONLY","63.33","0","11","30","- Republican","NO","namedEntity","namedEntity: ""Rodney Frelinghuysen"" [876-896]","context","context: ""Rodney Frelinghuysen - Republican""","NO","NO","","fragment_or_label","HIGH","LABEL_FRAGMENT_OR_DEVICE","short label, slogan, heading or symbolic device rather than a proposition","emocrat ⏎ John J. Duncan, Jr. - Republican  ⏎ Lamar Smith - Republican  ⏎ Luis V. Gutierrez - Democrat  ⏎ Lynn Jenkins - Republican  ⏎ Niki Tsongas - Democrat ⏎ Paul Ryan - Republican  ⏎ Rick Nolan - Democrat  ⏎ Robert Brady - Democrat","Ruben J. Kihuen - Democrat  ⏎ Ryan Costello - Republican  ⏎ Sam Johnson - Republican  ⏎ Sandy Levin - Democrat  ⏎ Ted Poe - Republican  ⏎ Thomas Rooney - Republican  ⏎ Trey Gowdy - Republican  ⏎ [Resigned] ⏎ Al Franken - Democratic U.","876","909","https://8ch.net/patriotsfight/res/62.html#67","","","","","","","","","UNREVIEWED"
"1319","#1319","40","p1319-s040","G_CERTIFIED_CONTEXT_NOT_PAINTED","Kihuen - Democrat","2","PARTIAL_ONLY","40","0","9","15","- Democrat","NO","namedEntity","namedEntity: ""Ruben J. Kihuen"" [911-926]","context","context: ""Ruben J. Kihuen - Democrat""","NO","NO","","fragment_or_label","MEDIUM","LABEL_FRAGMENT_OR_DEVICE","short label, slogan, heading or symbolic device rather than a proposition","mar Smith - Republican  ⏎ Luis V. Gutierrez - Democrat  ⏎ Lynn Jenkins - Republican  ⏎ Niki Tsongas - Democrat ⏎ Paul Ryan - Republican  ⏎ Rick Nolan - Democrat  ⏎ Robert Brady - Democrat ⏎ Rodney Frelinghuysen - Republican  ⏎ Ruben J.","Ryan Costello - Republican  ⏎ Sam Johnson - Republican  ⏎ Sandy Levin - Democrat  ⏎ Ted Poe - Republican  ⏎ Thomas Rooney - Republican  ⏎ Trey Gowdy - Republican  ⏎ [Resigned] ⏎ Al Franken - Democratic U.S. Senate ⏎ Blake Farenthold -","920","937","https://8ch.net/patriotsfight/res/62.html#67","","","","","","","","","UNREVIEWED"
"1319","#1319","41","p1319-s041","G_CERTIFIED_CONTEXT_NOT_PAINTED","Ryan Costello - Republican","2","PARTIAL_ONLY","52.17","0","11","23","- Republican","NO","namedEntity","namedEntity: ""Ryan"" [939-943] || namedEntity: ""Ryan Costello"" [939-952]","context","context: ""Ryan Costello - Republican""","NO","NO","","fragment_or_label","HIGH","LABEL_FRAGMENT_OR_DEVICE","short label, slogan, heading or symbolic device rather than a proposition","can  ⏎ Luis V. Gutierrez - Democrat  ⏎ Lynn Jenkins - Republican  ⏎ Niki Tsongas - Democrat ⏎ Paul Ryan - Republican  ⏎ Rick Nolan - Democrat  ⏎ Robert Brady - Democrat ⏎ Rodney Frelinghuysen - Republican  ⏎ Ruben J. Kihuen - Democrat","Sam Johnson - Republican  ⏎ Sandy Levin - Democrat  ⏎ Ted Poe - Republican  ⏎ Thomas Rooney - Republican  ⏎ Trey Gowdy - Republican  ⏎ [Resigned] ⏎ Al Franken - Democratic U.S. Senate ⏎ Blake Farenthold - Republican U.S. House ⏎ Jason","939","965","https://8ch.net/patriotsfight/res/62.html#67","","","","","","","","","UNREVIEWED"
"1319","#1319","42","p1319-s042","G_CERTIFIED_CONTEXT_NOT_PAINTED","Sam Johnson - Republican","2","PARTIAL_ONLY","47.62","0","11","21","- Republican","NO","namedEntity","namedEntity: ""Sam Johnson"" [967-978]","context","context: ""Sam Johnson - Republican""","NO","NO","","fragment_or_label","HIGH","LABEL_FRAGMENT_OR_DEVICE","short label, slogan, heading or symbolic device rather than a proposition","ocrat  ⏎ Lynn Jenkins - Republican  ⏎ Niki Tsongas - Democrat ⏎ Paul Ryan - Republican  ⏎ Rick Nolan - Democrat  ⏎ Robert Brady - Democrat ⏎ Rodney Frelinghuysen - Republican  ⏎ Ruben J. Kihuen - Democrat  ⏎ Ryan Costello - Republican","Sandy Levin - Democrat  ⏎ Ted Poe - Republican  ⏎ Thomas Rooney - Republican  ⏎ Trey Gowdy - Republican  ⏎ [Resigned] ⏎ Al Franken - Democratic U.S. Senate ⏎ Blake Farenthold - Republican U.S. House ⏎ Jason Chaffetz - Republican U.S","967","991","https://8ch.net/patriotsfight/res/62.html#67","","","","","","","","","UNREVIEWED"
"1319","#1319","43","p1319-s043","G_CERTIFIED_CONTEXT_NOT_PAINTED","Sandy Levin - Democrat","2","PARTIAL_ONLY","52.63","0","9","19","- Democrat","NO","namedEntity","namedEntity: ""Sandy Levin"" [993-1004]","context","context: ""Sandy Levin - Democrat""","NO","NO","","fragment_or_label","HIGH","LABEL_FRAGMENT_OR_DEVICE","short label, slogan, heading or symbolic device rather than a proposition","blican  ⏎ Niki Tsongas - Democrat ⏎ Paul Ryan - Republican  ⏎ Rick Nolan - Democrat  ⏎ Robert Brady - Democrat ⏎ Rodney Frelinghuysen - Republican  ⏎ Ruben J. Kihuen - Democrat  ⏎ Ryan Costello - Republican  ⏎ Sam Johnson - Republican","Ted Poe - Republican  ⏎ Thomas Rooney - Republican  ⏎ Trey Gowdy - Republican  ⏎ [Resigned] ⏎ Al Franken - Democratic U.S. Senate ⏎ Blake Farenthold - Republican U.S. House ⏎ Jason Chaffetz - Republican U.S. House ⏎ John Conyers, Jr","993","1015","https://8ch.net/patriotsfight/res/62.html#67","","","","","","","","","UNREVIEWED"
"1319","#1319","44","p1319-s044","G_CERTIFIED_CONTEXT_NOT_PAINTED","Ted Poe - Republican","2","PARTIAL_ONLY","35.29","0","11","17","- Republican","NO","namedEntity","namedEntity: ""Ted Poe"" [1017-1024]","context","context: ""Ted Poe - Republican""","NO","NO","","sentence_like_no_terminal","HIGH","CLAIM_CANDIDATE","declarative prose — decide Q-authored claim vs quoted claim vs aphorism","emocrat ⏎ Paul Ryan - Republican  ⏎ Rick Nolan - Democrat  ⏎ Robert Brady - Democrat ⏎ Rodney Frelinghuysen - Republican  ⏎ Ruben J. Kihuen - Democrat  ⏎ Ryan Costello - Republican  ⏎ Sam Johnson - Republican  ⏎ Sandy Levin - Democrat","Thomas Rooney - Republican  ⏎ Trey Gowdy - Republican  ⏎ [Resigned] ⏎ Al Franken - Democratic U.S. Senate ⏎ Blake Farenthold - Republican U.S. House ⏎ Jason Chaffetz - Republican U.S. House ⏎ John Conyers, Jr. - Democrat U.S. Hous","1017","1037","https://8ch.net/patriotsfight/res/62.html#67","","","","","","","","","UNREVIEWED"
"1319","#1319","45","p1319-s045","G_CERTIFIED_CONTEXT_NOT_PAINTED","Thomas Rooney - Republican","2","PARTIAL_ONLY","52.17","0","11","23","- Republican","NO","namedEntity","namedEntity: ""Thomas Rooney"" [1039-1052]","context","context: ""Thomas Rooney - Republican""","NO","NO","","fragment_or_label","HIGH","LABEL_FRAGMENT_OR_DEVICE","short label, slogan, heading or symbolic device rather than a proposition","publican  ⏎ Rick Nolan - Democrat  ⏎ Robert Brady - Democrat ⏎ Rodney Frelinghuysen - Republican  ⏎ Ruben J. Kihuen - Democrat  ⏎ Ryan Costello - Republican  ⏎ Sam Johnson - Republican  ⏎ Sandy Levin - Democrat  ⏎ Ted Poe - Republican","Trey Gowdy - Republican  ⏎ [Resigned] ⏎ Al Franken - Democratic U.S. Senate ⏎ Blake Farenthold - Republican U.S. House ⏎ Jason Chaffetz - Republican U.S. House ⏎ John Conyers, Jr. - Democrat U.S. House ⏎ Louise Slaughter - Democra","1039","1065","https://8ch.net/patriotsfight/res/62.html#67","","","","","","","","","UNREVIEWED"
"1319","#1319","46","p1319-s046","G_CERTIFIED_CONTEXT_NOT_PAINTED","Trey Gowdy - Republican","2","PARTIAL_ONLY","45","0","11","20","- Republican","NO","namedEntity","namedEntity: ""Trey Gowdy"" [1067-1077] || namedEntity: ""Gowdy"" [1072-1077]","context","context: ""Trey Gowdy - Republican""","NO","NO","","fragment_or_label","HIGH","LABEL_FRAGMENT_OR_DEVICE","short label, slogan, heading or symbolic device rather than a proposition","rat  ⏎ Robert Brady - Democrat ⏎ Rodney Frelinghuysen - Republican  ⏎ Ruben J. Kihuen - Democrat  ⏎ Ryan Costello - Republican  ⏎ Sam Johnson - Republican  ⏎ Sandy Levin - Democrat  ⏎ Ted Poe - Republican  ⏎ Thomas Rooney - Republican","[Resigned] ⏎ Al Franken - Democratic U.S. Senate ⏎ Blake Farenthold - Republican U.S. House ⏎ Jason Chaffetz - Republican U.S. House ⏎ John Conyers, Jr. - Democrat U.S. House ⏎ Louise Slaughter - Democrat U.S. House ⏎ Patrick Meeh","1067","1090","https://8ch.net/patriotsfight/res/62.html#67","","","","","","","","","UNREVIEWED"
"1332","#1332","1","p1332-s001","G_CERTIFIED_CONTEXT_NOT_PAINTED","Fellow Patriots:","3","PARTIAL_ONLY","53.33","0","7","15","Fellow ⋯ :","NO","namedEntity","namedEntity: ""Patriots"" [7-15]","context","context: ""Fellow Patriots:""","NO","NO","","colon_or_semicolon_block","HIGH","CLAIM_CANDIDATE","declarative prose — decide Q-authored claim vs quoted claim vs aphorism","","What you are about to learn should not only scare you, but intensify your resolve to take back control [Freedom]. The information that will become public will further demonstrate the criminal & corrupt [pure evil] abuse","0","16","https://8ch.net/patriotsfight/res/62.html#74","","","","","","","","","UNREVIEWED"
"1343","#1343","7","p1343-s007","G_CERTIFIED_CONTEXT_NOT_PAINTED","1.","36","UNHIGHLIGHTED","0","0","2","2","1.","NO","","","context","context: ""1.""","NO","NO","","symbolic_or_numeric","MEDIUM","LABEL_FRAGMENT_OR_DEVICE","short label, slogan, heading or symbolic device rather than a proposition","They attempted to infiltrate, repackage & rebrand as their own. ⏎ Profit-vehicle. ⏎ Destroy through [misinformation]. ⏎ Absorb the 'confused'. ⏎ Re-route traffic to other platforms. ⏎ Action was needed [2].","Prevent false decodes/misinformation ⏎ 2. Kill [targeted] infection prior to expansion ⏎ Simple 'non-direct' statements made. ⏎ ""Be careful who you follow."" ⏎ ""Some are profiting off this movement."" ⏎ Message sent. ⏎ Message receiv","197","199","https://8ch.net/qresearch/res/1387755.html#1388185","","","","","","","","","UNREVIEWED"
"1343","#1343","8","p1343-s008","G_CERTIFIED_CONTEXT_NOT_PAINTED","Prevent false decodes/misinformation","1","UNHIGHLIGHTED","0","0","34","34","Prevent false decodes/misinformation","NO","","","context","context: ""Prevent false decodes/misinformation""","NO","NO","","fragment_or_label","MEDIUM","LABEL_FRAGMENT_OR_DEVICE","short label, slogan, heading or symbolic device rather than a proposition","They attempted to infiltrate, repackage & rebrand as their own. ⏎ Profit-vehicle. ⏎ Destroy through [misinformation]. ⏎ Absorb the 'confused'. ⏎ Re-route traffic to other platforms. ⏎ Action was needed [2]. ⏎ 1.","2. Kill [targeted] infection prior to expansion ⏎ Simple 'non-direct' statements made. ⏎ ""Be careful who you follow."" ⏎ ""Some are profiting off this movement."" ⏎ Message sent. ⏎ Message received. ⏎ Those guilty immediately reacted","200","236","https://8ch.net/qresearch/res/1387755.html#1388185","","","","","","","","","UNREVIEWED"
"1369","#1369","1","p1369-s001","G_CERTIFIED_CONTEXT_NOT_PAINTED","#1776","1","UNHIGHLIGHTED","0","0","5","5","#1776","NO","","","context","context: ""#1776""","NO","NO","","symbolic_or_numeric","HIGH","LABEL_FRAGMENT_OR_DEVICE","short label, slogan, heading or symbolic device rather than a proposition","","“That whenever any Form of Government becomes destructive of these ends, it is the Right of the People to alter or to abolish it, and to institute new Government, laying its foundation on such principles and organizing","0","5","https://8ch.net/qresearch/res/1415766.html#1415794","","","","","","","","","UNREVIEWED"
"1378","#1378","9","p1378-s009","G_CERTIFIED_CONTEXT_NOT_PAINTED","#InternetBillofRights","3","UNHIGHLIGHTED","0","0","21","21","#InternetBillofRights","NO","","","context","context: ""#InternetBillofRights""","NO","NO","","fragment_or_label","HIGH","LABEL_FRAGMENT_OR_DEVICE","short label, slogan, heading or symbolic device rather than a proposition","NK news today = FAKE! ⏎ Twitter news today = REAL! ⏎ Under the Radar. ⏎ Free speech manipulation [visibility / reach]. ⏎ FB fake acct deletion? ⏎ 100% fake? ⏎ Checks & Balances? ⏎ None?","[Narrative Control] ⏎ [Bandwidth Test] ⏎ [Public Response] ⏎ [Test Limitations] ⏎ [Midterms] ⏎ Politicians bought & paid for? ⏎ Start a Storm. ⏎ Q","172","193","https://8ch.net/qresearch/res/1427408.html#1427755","","","","","","","","","UNREVIEWED"
"1387","#1387","2","p1387-s002","G_CERTIFIED_CONTEXT_NOT_PAINTED","2015.","2","UNHIGHLIGHTED","0","0","5","5","2015.","NO","","","context","context: ""2015.""","NO","NO","","symbolic_or_numeric","HIGH","LABEL_FRAGMENT_OR_DEVICE","short label, slogan, heading or symbolic device rather than a proposition",">>1434153 ⏎ ""FREEDOM"" Caucus.","Coincidence? ⏎ Q","28","33","https://8ch.net/qresearch/res/1433638.html#1434225","","","","","","","","","UNREVIEWED"
"1395","#1395","4","p1395-s004","G_CERTIFIED_CONTEXT_NOT_PAINTED","1) They know","1","UNHIGHLIGHTED","0","0","10","10","1) They know","NO","","","context","context: ""1) They know""","NO","NO","","fragment_or_label","HIGH","LABEL_FRAGMENT_OR_DEVICE","short label, slogan, heading or symbolic device rather than a proposition",">>1439665 ⏎ Bomb disposal team. ⏎ Bomb(s) about to blow. ⏎ Which means?","2) They are told (controlled) ⏎ 3) Both ⏎ Coordinated. ⏎ Clowns wear masks. ⏎ Q","66","78","https://8ch.net/qresearch/res/1439107.html#1439789","","","","","","","","","UNREVIEWED"
"1395","#1395","6","p1395-s006","G_CERTIFIED_CONTEXT_NOT_PAINTED","3) Both","1","UNHIGHLIGHTED","0","0","6","6","3) Both","NO","","","context","context: ""3) Both""","NO","NO","","fragment_or_label","HIGH","LABEL_FRAGMENT_OR_DEVICE","short label, slogan, heading or symbolic device rather than a proposition",">>1439665 ⏎ Bomb disposal team. ⏎ Bomb(s) about to blow. ⏎ Which means? ⏎ 1) They know  ⏎ 2) They are told (controlled)","Coordinated. ⏎ Clowns wear masks. ⏎ Q","110","117","https://8ch.net/qresearch/res/1439107.html#1439789","","","","","","","","","UNREVIEWED"
"1402","#1402","5","p1402-s005","G_CERTIFIED_CONTEXT_NOT_PAINTED","#64","1","UNHIGHLIGHTED","0","0","3","3","#64","NO","","","context","context: ""#64""","NO","NO","","symbolic_or_numeric","HIGH","LABEL_FRAGMENT_OR_DEVICE","short label, slogan, heading or symbolic device rather than a proposition",">>1444934 ⏎ What had to happen first?  ⏎ Think logically. ⏎ Think DOJ & FBI. ⏎ Think cleaning.","Puzzle coming together? ⏎ We have reached our cruising altitude of 40,000 ft. long ago. ⏎ As we prepare to land, please fasten your seatbelt and make sure your seat back and folding trays are in their full upright position.","87","90","https://8ch.net/qresearch/res/1444539.html#1445147","","","","","","","","","UNREVIEWED"
"1404","#1404","1","p1404-s001","G_CERTIFIED_CONTEXT_NOT_PAINTED","58204802B92838x-ZjA378402-12","1","UNHIGHLIGHTED","0","0","28","28","58204802B92838x-ZjA378402-12","NO","","","context","context: ""58204802B92838x-ZjA378402-12""","NO","NO","","fragment_or_label","HIGH","LABEL_FRAGMENT_OR_DEVICE","short label, slogan, heading or symbolic device rather than a proposition","","","0","28","https://8ch.net/patriotsfight/res/62.html#87","","","","","","","","","UNREVIEWED"
"1416","#1416","1","p1416-s001","G_CERTIFIED_CONTEXT_NOT_PAINTED","TRIP CHANGE","1","UNHIGHLIGHTED","0","0","10","10","TRIP CHANGE","NO","","","context","context: ""TRIP CHANGE""","NO","NO","","fragment_or_label","HIGH","LABEL_FRAGMENT_OR_DEVICE","short label, slogan, heading or symbolic device rather than a proposition","","Q","0","11","https://8ch.net/patriotsfight/res/62.html#88","","","","","","","","","UNREVIEWED"
"1433","#1433","5","p1433-s005","G_CERTIFIED_CONTEXT_NOT_PAINTED","General Statement:","2","UNHIGHLIGHTED","0","0","17","17","General Statement:","NO","","","context","context: ""General Statement:""","NO","NO","","colon_or_semicolon_block","HIGH","CLAIM_CANDIDATE","declarative prose — decide Q-authored claim vs quoted claim vs aphorism","Military OP. ⏎ [Green] ⏎ General K [JFK] ⏎ Full Disclosure.","Once the 'extremely guarded & highly classified' information is finally revealed to House investigators, DNI, public etc., RR must recuse or forcefully terminated. ⏎ [RR] problems. ⏎ What was RR's Senate Conf Vote? ⏎ WRAY rep","54","72","https://8ch.net/qresearch/res/1497532.html#1497716","","","","","","","","","UNREVIEWED"
"1438","#1438","2","p1438-s002","G_CERTIFIED_CONTEXT_NOT_PAINTED","11.9","1","UNHIGHLIGHTED","0","0","4","4","11.9","NO","","","context","context: ""11.9""","NO","NO","","symbolic_or_numeric","MEDIUM","LABEL_FRAGMENT_OR_DEVICE","short label, slogan, heading or symbolic device rather than a proposition",">>1508060 ⏎ IDEN_reconf ⏎ v.","Sequence. ⏎ Attack[s] anticipated.  ⏎ Coordinated? ⏎ Why are they continuing [internal]? ⏎ Attacks will intensify [all sides]. ⏎ Q","25","29","https://8ch.net/qresearch/res/1507812.html#1508206","","","","","","","","","UNREVIEWED"
"1439","#1439","7","p1439-s007","G_CERTIFIED_CONTEXT_NOT_PAINTED","""Acting""","1","UNHIGHLIGHTED","0","0","8","8","""Acting""","NO","","","context","context: """"Acting""""","NO","NO","","fragment_or_label","HIGH","LABEL_FRAGMENT_OR_DEVICE","short label, slogan, heading or symbolic device rather than a proposition","Last post was simply for IDEN_reconf. ⏎ http://www.foxnews.com/politics/2018/05/22/fbi-doj-to-brief-lawmakers-on-handling-russia-probe-on-thursday.html ⏎ Who is missing from the scheduled meeting? ⏎ [RR] ⏎ Who is Ed O’Callahan?","[Ed] ⏎ DECLAS_ ⏎ Pain. ⏎ Enjoy the show. ⏎ Q","241","249","https://8ch.net/qresearch/res/1508591.html#1509322","","","","","","","","","UNREVIEWED"
"1441","#1441","4","p1441-s004","G_CERTIFIED_CONTEXT_NOT_PAINTED","First private [CLAS-5(6)]","1","PARTIAL_ONLY","47.83","0","12","23","First private","NO","bracketCode","bracketCode: ""[CLAS-5(6)]"" [70-81]","context","context: ""First private [CLAS-5(6)]""","NO","NO","","fragment_or_label","HIGH","LABEL_FRAGMENT_OR_DEVICE","short label, slogan, heading or symbolic device rather than a proposition","Start the Clock. ⏎ A Week to [Remember]. ⏎ Think Logically.","Second public. ⏎ Blackwater on GUARD. ⏎ Evidence KILLS. ⏎ These people are STUPID. ⏎ Q","56","81","https://8ch.net/patriotsfight/res/62.html#100","","","","","","","","","UNREVIEWED"
"1443","#1443","4","p1443-s004","G_CERTIFIED_CONTEXT_NOT_PAINTED","EO dated_official","1","UNHIGHLIGHTED","0","0","16","16","EO dated_official","NO","","","context","context: ""EO dated_official""","NO","NO","","fragment_or_label","HIGH","LABEL_FRAGMENT_OR_DEVICE","short label, slogan, heading or symbolic device rather than a proposition","#FLY[RR]FLY# ⏎ Failure per WH instruction / agreement. ⏎ DECLAS_Public[3]","IG redactions [heavy+][remove] ⏎ Hussein [WH [call] [tarmac] BC/LL] #RR# ⏎ JC. ⏎ #2. ⏎ LL. ⏎ BP. ⏎ PS. ⏎ LP. ⏎ ………. ⏎ 302s ⏎ Texts ⏎ Tarmac ⏎ FBI ⏎ DOJ  ⏎ Operative insertion(s). ⏎ UK [SIS] ⏎ Dark to LIGHT. ⏎ Shall we play a game? ⏎ ———————————- ⏎ You have","70","87","https://8ch.net/patriotsfight/res/62.html#101","","","","","","","","","UNREVIEWED"
"1443","#1443","8","p1443-s008","G_CERTIFIED_CONTEXT_NOT_PAINTED","#2.","32","UNHIGHLIGHTED","0","0","3","3","#2.","NO","","","context","context: ""#2.""","NO","NO","","symbolic_or_numeric","HIGH","LABEL_FRAGMENT_OR_DEVICE","short label, slogan, heading or symbolic device rather than a proposition","#FLY[RR]FLY# ⏎ Failure per WH instruction / agreement. ⏎ DECLAS_Public[3] ⏎ EO dated_official ⏎ IG redactions [heavy+][remove] ⏎ Hussein [WH [call] [tarmac] BC/LL] #RR# ⏎ JC.","LL. ⏎ BP. ⏎ PS. ⏎ LP. ⏎ ………. ⏎ 302s ⏎ Texts ⏎ Tarmac ⏎ FBI ⏎ DOJ  ⏎ Operative insertion(s). ⏎ UK [SIS] ⏎ Dark to LIGHT. ⏎ Shall we play a game? ⏎ ———————————- ⏎ You have a choice. ⏎ Do what is right. ⏎ FBI agents willing to testify +24 ⏎ Next DOJ - offer","163","166","https://8ch.net/patriotsfight/res/62.html#101","","","","","","","","","UNREVIEWED"
"1443","#1443","14","p1443-s014","G_CERTIFIED_CONTEXT_NOT_PAINTED","302s","1","UNHIGHLIGHTED","0","0","4","4","302s","NO","","","context","context: ""302s""","NO","NO","","fragment_or_label","HIGH","LABEL_FRAGMENT_OR_DEVICE","short label, slogan, heading or symbolic device rather than a proposition","#FLY[RR]FLY# ⏎ Failure per WH instruction / agreement. ⏎ DECLAS_Public[3] ⏎ EO dated_official ⏎ IG redactions [heavy+][remove] ⏎ Hussein [WH [call] [tarmac] BC/LL] #RR# ⏎ JC. ⏎ #2. ⏎ LL. ⏎ BP. ⏎ PS. ⏎ LP. ⏎ ……….","Texts ⏎ Tarmac ⏎ FBI ⏎ DOJ  ⏎ Operative insertion(s). ⏎ UK [SIS] ⏎ Dark to LIGHT. ⏎ Shall we play a game? ⏎ ———————————- ⏎ You have a choice. ⏎ Do what is right. ⏎ FBI agents willing to testify +24 ⏎ Next DOJ - offer open [2]. ⏎ Next C_A - offer","188","192","https://8ch.net/patriotsfight/res/62.html#101","","","","","","","","","UNREVIEWED"
"1443","#1443","15","p1443-s015","G_CERTIFIED_CONTEXT_NOT_PAINTED","Texts","1","UNHIGHLIGHTED","0","0","5","5","Texts","NO","","","context","context: ""Texts""","NO","NO","","fragment_or_label","HIGH","LABEL_FRAGMENT_OR_DEVICE","short label, slogan, heading or symbolic device rather than a proposition","#FLY[RR]FLY# ⏎ Failure per WH instruction / agreement. ⏎ DECLAS_Public[3] ⏎ EO dated_official ⏎ IG redactions [heavy+][remove] ⏎ Hussein [WH [call] [tarmac] BC/LL] #RR# ⏎ JC. ⏎ #2. ⏎ LL. ⏎ BP. ⏎ PS. ⏎ LP. ⏎ ………. ⏎ 302s","Tarmac ⏎ FBI ⏎ DOJ  ⏎ Operative insertion(s). ⏎ UK [SIS] ⏎ Dark to LIGHT. ⏎ Shall we play a game? ⏎ ———————————- ⏎ You have a choice. ⏎ Do what is right. ⏎ FBI agents willing to testify +24 ⏎ Next DOJ - offer open [2]. ⏎ Next C_A - offer open","193","198","https://8ch.net/patriotsfight/res/62.html#101","","","","","","","","","UNREVIEWED"
"1445","#1445","2","p1445-s002","G_CERTIFIED_CONTEXT_NOT_PAINTED","Example 1:","3","UNHIGHLIGHTED","0","0","9","9","Example 1:","NO","","","context","context: ""Example 1:""","NO","NO","","colon_or_semicolon_block","HIGH","CLAIM_CANDIDATE","declarative prose — decide Q-authored claim vs quoted claim vs aphorism","Track ALL suicides.","Think Spade. ⏎ Trace to Children Foundation(s) (NY). ⏎ Trace to Import/Export. ⏎ Trace from China/MX to Long Beach. ⏎ Trace sale/spin off of Co. ⏎ Trace to CF. ⏎ Trace to Port (Security Clearance Profile (L5)). ⏎ Who granted? ⏎ Hussein","20","30","https://8ch.net/qresearch/res/1694072.html#1694734","","","","","","","","","UNREVIEWED"
"1449","#1449","2","p1449-s002","G_CERTIFIED_CONTEXT_NOT_PAINTED","72","1","UNHIGHLIGHTED","0","0","2","2","72","NO","","","context","context: ""72""","NO","NO","","symbolic_or_numeric","MEDIUM","LABEL_FRAGMENT_OR_DEVICE","short label, slogan, heading or symbolic device rather than a proposition","No.","Where was Kim tonight? ⏎ How was this known? ⏎ You are watching a 'plan' being set in motion. ⏎ Enjoy the show. ⏎ Q","4","6","https://8ch.net/patriotsfight/res/62.html#103","","","","","","","","","UNREVIEWED"
"1453","#1453","7","p1453-s007","G_CERTIFIED_CONTEXT_NOT_PAINTED","(all in one)","1","UNHIGHLIGHTED","0","0","10","10","(all in one)","NO","","","context","context: ""(all in one)""","NO","NO","","fragment_or_label","MEDIUM","LABEL_FRAGMENT_OR_DEVICE","short label, slogan, heading or symbolic device rather than a proposition",">>1699813 ⏎ There will be many redactions. ⏎ Why was the EO put on ice? ⏎ To wait for the release of the 'Clinton Investigation' portion of the IG report? ⏎ Why? ⏎ To include in the DECLAS? ⏎ Why would it be important to include?","Optics are meaningful. ⏎ Political hit job narrative. ⏎ R's v D's. ⏎ Not right v wrong. ⏎ Projection. ⏎ END OF THE D PARTY [leaders]. ⏎ IG>Huber. ⏎ Who appointed Huber? ⏎ Re_read (again). ⏎ Slowly & carefully.  ⏎ http://www.breitbart.com/b","218","230","https://8ch.net/qresearch/res/1699478.html#1699928","","","","","","","","","UNREVIEWED"
"1455","#1455","4","p1455-s004","G_CERTIFIED_CONTEXT_NOT_PAINTED","2015/2016.","1","UNHIGHLIGHTED","0","0","10","10","2015/2016.","NO","","","context","context: ""2015/2016.""","NO","NO","","symbolic_or_numeric","HIGH","LABEL_FRAGMENT_OR_DEVICE","short label, slogan, heading or symbolic device rather than a proposition","London pics [prev]. ⏎ Year determined? ⏎ Relevant.","Find the markers [street/surroundings updates] ⏎ UK/SIS ⏎ WH/C_A/FBI/DOJ ⏎ Joint-Treason. ⏎ You have a choice. ⏎ SIS 'good' agents. ⏎ The time is now. ⏎ Contact window(s) [GOOD] ⏎ Biblical.  ⏎ Q","47","57","https://8ch.net/qresearch/res/1700267.html#1700371","","","","","","","","","UNREVIEWED"
"1464","#1464","2","p1464-s002","G_CERTIFIED_CONTEXT_NOT_PAINTED","100","4","UNHIGHLIGHTED","0","0","3","3","100","NO","","","context","context: ""100""","NO","NO","","symbolic_or_numeric","MEDIUM","LABEL_FRAGMENT_OR_DEVICE","short label, slogan, heading or symbolic device rather than a proposition","No.","Dark to Light. ⏎ 1:07 [Marker] ⏎ https://www.youtube.com/watch?v=A838gS8nwas ⏎ Do you believe in coincidences? ⏎ Q","4","7","https://8ch.net/patriotsfight/res/62.html#104","","","","","","","","","UNREVIEWED"
"1468","#1468","2","p1468-s002","G_CERTIFIED_CONTEXT_NOT_PAINTED","4 points / 4 booms","1","UNHIGHLIGHTED","0","0","14","14","4 points / 4 booms","NO","","","context","context: ""4 points / 4 booms""","NO","NO","","fragment_or_label","HIGH","LABEL_FRAGMENT_OR_DEVICE","short label, slogan, heading or symbolic device rather than a proposition",">>1714785 ⏎ What a coincidence.","Dark to Light 1:07 ⏎ More to come. ⏎ Q","30","48","https://8ch.net/qresearch/res/1714182.html#1714862","","","","","","","","","UNREVIEWED"
"1473","#1473","1","p1473-s001","G_CERTIFIED_CONTEXT_NOT_PAINTED","JDLKD-8382KDJDzAZ7301","1","UNHIGHLIGHTED","0","0","21","21","JDLKD-8382KDJDzAZ7301","NO","","","context","context: ""JDLKD-8382KDJDzAZ7301""","NO","NO","","fragment_or_label","HIGH","LABEL_FRAGMENT_OR_DEVICE","short label, slogan, heading or symbolic device rather than a proposition","","YTRR-aRb730100-JQE195 ⏎ CZTA68-KDHG-[        t] ⏎ CASTLE ARRIVAL GOOD ⏎ BLUE METAL","0","21","https://8ch.net/patriotsfight/res/62.html#105","","","","","","","","","UNREVIEWED"
"1473","#1473","2","p1473-s002","G_CERTIFIED_CONTEXT_NOT_PAINTED","YTRR-aRb730100-JQE195","1","UNHIGHLIGHTED","0","0","21","21","YTRR-aRb730100-JQE195","NO","","","context","context: ""YTRR-aRb730100-JQE195""","NO","NO","","fragment_or_label","HIGH","LABEL_FRAGMENT_OR_DEVICE","short label, slogan, heading or symbolic device rather than a proposition","JDLKD-8382KDJDzAZ7301","CZTA68-KDHG-[        t] ⏎ CASTLE ARRIVAL GOOD ⏎ BLUE METAL","22","43","https://8ch.net/patriotsfight/res/62.html#105","","","","","","","","","UNREVIEWED"
"1473","#1473","3","p1473-s003","G_CERTIFIED_CONTEXT_NOT_PAINTED","CZTA68-KDHG-[        t]","1","PARTIAL_ONLY","20","0","12","15","CZTA68-KDHG-","NO","bracketCode","bracketCode: ""[        t]"" [56-67]","context","context: ""CZTA68-KDHG-[        t]""","NO","NO","","fragment_or_label","HIGH","LABEL_FRAGMENT_OR_DEVICE","short label, slogan, heading or symbolic device rather than a proposition","JDLKD-8382KDJDzAZ7301 ⏎ YTRR-aRb730100-JQE195","CASTLE ARRIVAL GOOD ⏎ BLUE METAL","44","67","https://8ch.net/patriotsfight/res/62.html#105","","","","","","","","","UNREVIEWED"
"1473","#1473","4","p1473-s004","G_CERTIFIED_CONTEXT_NOT_PAINTED","CASTLE ARRIVAL GOOD","1","UNHIGHLIGHTED","0","0","17","17","CASTLE ARRIVAL GOOD","NO","","","context","context: ""CASTLE ARRIVAL GOOD""","NO","NO","","fragment_or_label","HIGH","LABEL_FRAGMENT_OR_DEVICE","short label, slogan, heading or symbolic device rather than a proposition","JDLKD-8382KDJDzAZ7301 ⏎ YTRR-aRb730100-JQE195 ⏎ CZTA68-KDHG-[        t]","BLUE METAL","68","87","https://8ch.net/patriotsfight/res/62.html#105","","","","","","","","","UNREVIEWED"
"1473","#1473","5","p1473-s005","G_CERTIFIED_CONTEXT_NOT_PAINTED","BLUE METAL","1","UNHIGHLIGHTED","0","0","9","9","BLUE METAL","NO","","","context","context: ""BLUE METAL""","NO","NO","","fragment_or_label","HIGH","LABEL_FRAGMENT_OR_DEVICE","short label, slogan, heading or symbolic device rather than a proposition","JDLKD-8382KDJDzAZ7301 ⏎ YTRR-aRb730100-JQE195 ⏎ CZTA68-KDHG-[        t] ⏎ CASTLE ARRIVAL GOOD","","88","98","https://8ch.net/patriotsfight/res/62.html#105","","","","","","","","","UNREVIEWED"
"1474","#1474","1","p1474-s001","G_CERTIFIED_CONTEXT_NOT_PAINTED","FOX M1 STOLEN TAKEDOWN","1","PARTIAL_ONLY","15.79","0","16","19","M1 STOLEN TAKEDOWN","NO","namedEntity","namedEntity: ""FOX"" [0-3]","context","context: ""FOX M1 STOLEN TAKEDOWN""","NO","NO","","fragment_or_label","HIGH","LABEL_FRAGMENT_OR_DEVICE","short label, slogan, heading or symbolic device rather than a proposition","","ACTION KDN-0000 ⏎ VIC-INTEL_34.xxxxCLAS_38.xxxxCLAS ⏎ []CON SIT-AWARE ⏎ ON GUARD Z-BUNK_T6_Y ⏎ EXE_70283-BM-3802873492719236872021028392821000T","0","22","https://8ch.net/patriotsfight/res/62.html#106","","","","","","","","","UNREVIEWED"
"1474","#1474","2","p1474-s002","G_CERTIFIED_CONTEXT_NOT_PAINTED","ACTION KDN-0000","1","UNHIGHLIGHTED","0","0","14","14","ACTION KDN-0000","NO","","","context","context: ""ACTION KDN-0000""","NO","NO","","fragment_or_label","HIGH","LABEL_FRAGMENT_OR_DEVICE","short label, slogan, heading or symbolic device rather than a proposition","FOX M1 STOLEN TAKEDOWN","VIC-INTEL_34.xxxxCLAS_38.xxxxCLAS ⏎ []CON SIT-AWARE ⏎ ON GUARD Z-BUNK_T6_Y ⏎ EXE_70283-BM-3802873492719236872021028392821000T","23","38","https://8ch.net/patriotsfight/res/62.html#106","","","","","","","","","UNREVIEWED"
"1474","#1474","4","p1474-s004","G_CERTIFIED_CONTEXT_NOT_PAINTED","[]CON SIT-AWARE","1","UNHIGHLIGHTED","0","0","14","14","[]CON SIT-AWARE","NO","","","context","context: ""[]CON SIT-AWARE""","NO","NO","","fragment_or_label","HIGH","LABEL_FRAGMENT_OR_DEVICE","short label, slogan, heading or symbolic device rather than a proposition","FOX M1 STOLEN TAKEDOWN ⏎ ACTION KDN-0000 ⏎ VIC-INTEL_34.xxxxCLAS_38.xxxxCLAS","ON GUARD Z-BUNK_T6_Y ⏎ EXE_70283-BM-3802873492719236872021028392821000T","73","88","https://8ch.net/patriotsfight/res/62.html#106","","","","","","","","","UNREVIEWED"
"1477","#1477","1","p1477-s001","G_CERTIFIED_CONTEXT_NOT_PAINTED","""D""","7","UNHIGHLIGHTED","0","0","3","3","""D""","NO","","","context","context: """"D""""","NO","NO","","fragment_or_label","HIGH","LABEL_FRAGMENT_OR_DEVICE","short label, slogan, heading or symbolic device rather than a proposition",">>1718351","","10","13","https://8ch.net/qresearch/res/1718008.html#1718497","","","","","","","","","UNREVIEWED"
"1480","#1480","2","p1480-s002","G_CERTIFIED_CONTEXT_NOT_PAINTED","Approval 58203-JX","1","UNHIGHLIGHTED","0","0","16","16","Approval 58203-JX","NO","","","context","context: ""Approval 58203-JX""","NO","NO","","fragment_or_label","HIGH","LABEL_FRAGMENT_OR_DEVICE","short label, slogan, heading or symbolic device rather than a proposition","Ghost-CON active.","","18","35","https://8ch.net/qresearch/res/1718734.html#1719243","","","","","","","","","UNREVIEWED"
"1493","#1493","2","p1493-s002","G_CERTIFIED_CONTEXT_NOT_PAINTED","Re: D OPs Hussein Hacking State Voting Sys","1","PARTIAL_ONLY","20","0","28","35","Re: D OPs ⋯ Hacking State Voting Sys","NO","namedEntity","namedEntity: ""Hussein"" [27-34]","context","context: ""Re: D OPs Hussein Hacking State Voting Sys""","NO","NO","","sentence_like_no_terminal","HIGH","CLAIM_CANDIDATE","declarative prose — decide Q-authored claim vs quoted claim vs aphorism",">>1732221 ⏎ Lee S.","The TIP. ⏎ THEY MUST WIN. ⏎ AT ALL COSTS. ⏎ SR 187 DISCOVERY. ⏎ UK SIS. ⏎ C_A RUSSIA MASK HACK (SAME HAS CHINA SUB WASH - SET UP). ⏎ GOD SAVE US. ⏎ Q","17","59","https://8ch.net/qresearch/res/1732078.html#1732293","","","","","","","","","UNREVIEWED"
"1496","#1496","2","p1496-s002","G_CERTIFIED_CONTEXT_NOT_PAINTED","1.","36","UNHIGHLIGHTED","0","0","2","2","1.","NO","","","context","context: ""1.""","NO","NO","","symbolic_or_numeric","MEDIUM","LABEL_FRAGMENT_OR_DEVICE","short label, slogan, heading or symbolic device rather than a proposition","POTUS in possession of (and reviewing):","Original IG unredacted report  ⏎ 2. Modified IG unredacted report [RR version] ⏎ 3. Modified IG redacted report [RR version] ⏎ 4. IG summary notes re: obstruction(s) to obtain select info (classified) ⏎ [#3 released tomorrow] ⏎ [","40","42","https://8ch.net/qresearch/res/1739324.html#1739449","","","","","","","","","UNREVIEWED"
"1496","#1496","3","p1496-s003","G_CERTIFIED_CONTEXT_NOT_PAINTED","Original IG unredacted report","1","PARTIAL_ONLY","7.69","0","24","26","Original ⋯ unredacted report","NO","namedEntity","namedEntity: ""IG"" [52-54] || namedEntity: ""IG"" [52-54] || namedEntity: ""IG"" [52-54] || namedEntity: ""IG"" [52-54]","context","context: ""Original IG unredacted report""","NO","NO","","sentence_like_no_terminal","MEDIUM","CLAIM_CANDIDATE","declarative prose — decide Q-authored claim vs quoted claim vs aphorism","POTUS in possession of (and reviewing): ⏎ 1.","2. Modified IG unredacted report [RR version] ⏎ 3. Modified IG redacted report [RR version] ⏎ 4. IG summary notes re: obstruction(s) to obtain select info (classified) ⏎ [#3 released tomorrow] ⏎ [SEC: FBI/DOJ handling of HRC e","43","72","https://8ch.net/qresearch/res/1739324.html#1739449","","","","","","","","","UNREVIEWED"
"1496","#1496","4","p1496-s004","G_CERTIFIED_CONTEXT_NOT_PAINTED","2.","32","UNHIGHLIGHTED","0","0","2","2","2.","NO","","","context","context: ""2.""","NO","NO","","symbolic_or_numeric","MEDIUM","LABEL_FRAGMENT_OR_DEVICE","short label, slogan, heading or symbolic device rather than a proposition","POTUS in possession of (and reviewing): ⏎ 1. Original IG unredacted report","Modified IG unredacted report [RR version] ⏎ 3. Modified IG redacted report [RR version] ⏎ 4. IG summary notes re: obstruction(s) to obtain select info (classified) ⏎ [#3 released tomorrow] ⏎ [SEC: FBI/DOJ handling of HRC email","74","76","https://8ch.net/qresearch/res/1739324.html#1739449","","","","","","","","","UNREVIEWED"
"1496","#1496","5","p1496-s005","G_CERTIFIED_CONTEXT_NOT_PAINTED","Modified IG unredacted report [RR version]","1","PARTIAL_ONLY","35.14","0","24","37","Modified ⋯ unredacted report","NO","namedEntity | bracketCode","namedEntity: ""RR"" [108-110] || namedEntity: ""RR"" [108-110] || namedEntity: ""RR"" [108-110] || namedEntity: ""RR"" [108-110] || namedEntity: ""IG"" [86-88] || namedEntity: ""IG"" [86-88] || namedEntity: ""IG"" [86-88] || namedEntity: ""IG"" [86-88] || bracketCode: ""[RR version]"" [107-119]","context","context: ""Modified IG unredacted report [RR version]""","NO","NO","","sentence_like_no_terminal","MEDIUM","CLAIM_CANDIDATE","declarative prose — decide Q-authored claim vs quoted claim vs aphorism","POTUS in possession of (and reviewing): ⏎ 1. Original IG unredacted report  ⏎ 2.","3. Modified IG redacted report [RR version] ⏎ 4. IG summary notes re: obstruction(s) to obtain select info (classified) ⏎ [#3 released tomorrow] ⏎ [SEC: FBI/DOJ handling of HRC email investigation] ⏎ [[RR]] ⏎ Who has the sole abi","77","119","https://8ch.net/qresearch/res/1739324.html#1739449","","","","","","","","","UNREVIEWED"
"1496","#1496","6","p1496-s006","G_CERTIFIED_CONTEXT_NOT_PAINTED","3.","23","UNHIGHLIGHTED","0","0","2","2","3.","NO","","","context","context: ""3.""","NO","NO","","symbolic_or_numeric","MEDIUM","LABEL_FRAGMENT_OR_DEVICE","short label, slogan, heading or symbolic device rather than a proposition","POTUS in possession of (and reviewing): ⏎ 1. Original IG unredacted report  ⏎ 2. Modified IG unredacted report [RR version]","Modified IG redacted report [RR version] ⏎ 4. IG summary notes re: obstruction(s) to obtain select info (classified) ⏎ [#3 released tomorrow] ⏎ [SEC: FBI/DOJ handling of HRC email investigation] ⏎ [[RR]] ⏎ Who has the sole abilit","120","122","https://8ch.net/qresearch/res/1739324.html#1739449","","","","","","","","","UNREVIEWED"
"1496","#1496","7","p1496-s007","G_CERTIFIED_CONTEXT_NOT_PAINTED","Modified IG redacted report [RR version]","1","PARTIAL_ONLY","37.14","0","22","35","Modified ⋯ redacted report","NO","namedEntity | bracketCode","namedEntity: ""RR"" [152-154] || namedEntity: ""RR"" [152-154] || namedEntity: ""RR"" [152-154] || namedEntity: ""RR"" [152-154] || namedEntity: ""IG"" [132-134] || namedEntity: ""IG"" [132-134] || namedEntity: ""IG"" [132-134] || namedEntity: ""IG"" [132-134] || bracketCode: ""[RR version]"" [151-163]","context","context: ""Modified IG redacted report [RR version]""","NO","NO","","sentence_like_no_terminal","MEDIUM","CLAIM_CANDIDATE","declarative prose — decide Q-authored claim vs quoted claim vs aphorism","POTUS in possession of (and reviewing): ⏎ 1. Original IG unredacted report  ⏎ 2. Modified IG unredacted report [RR version] ⏎ 3.","4. IG summary notes re: obstruction(s) to obtain select info (classified) ⏎ [#3 released tomorrow] ⏎ [SEC: FBI/DOJ handling of HRC email investigation] ⏎ [[RR]] ⏎ Who has the sole ability to DECLAS it all? ⏎ Did you witness the s","123","163","https://8ch.net/qresearch/res/1739324.html#1739449","","","","","","","","","UNREVIEWED"
"1496","#1496","8","p1496-s008","G_CERTIFIED_CONTEXT_NOT_PAINTED","4.","11","UNHIGHLIGHTED","0","0","2","2","4.","NO","","","context","context: ""4.""","NO","NO","","symbolic_or_numeric","MEDIUM","LABEL_FRAGMENT_OR_DEVICE","short label, slogan, heading or symbolic device rather than a proposition","POTUS in possession of (and reviewing): ⏎ 1. Original IG unredacted report  ⏎ 2. Modified IG unredacted report [RR version] ⏎ 3. Modified IG redacted report [RR version]","IG summary notes re: obstruction(s) to obtain select info (classified) ⏎ [#3 released tomorrow] ⏎ [SEC: FBI/DOJ handling of HRC email investigation] ⏎ [[RR]] ⏎ Who has the sole ability to DECLAS it all? ⏎ Did you witness the stag","164","166","https://8ch.net/qresearch/res/1739324.html#1739449","","","","","","","","","UNREVIEWED"
"1500","#1500","4","p1500-s004","G_CERTIFIED_CONTEXT_NOT_PAINTED","2.5 hrs","1","UNHIGHLIGHTED","0","0","6","6","2.5 hrs","NO","","","context","context: ""2.5 hrs""","NO","NO","","fragment_or_label","HIGH","LABEL_FRAGMENT_OR_DEVICE","short label, slogan, heading or symbolic device rather than a proposition","Access Kills. ⏎ POTUS in good spirits today. ⏎ Morning strolls are refreshing.","Q","75","82","https://8ch.net/qresearch/res/1762041.html#1762746","","","","","","","","","UNREVIEWED"
"1506","#1506","2","p1506-s002","G_CERTIFIED_CONTEXT_NOT_PAINTED",":18 Stroll","1","UNHIGHLIGHTED","0","0","9","9",":18 Stroll","NO","","","context","context: "":18 Stroll""","NO","NO","","fragment_or_label","HIGH","LABEL_FRAGMENT_OR_DEVICE","short label, slogan, heading or symbolic device rather than a proposition",">>1763343 ⏎ Check timestamp.",":32 POTUS  ⏎ 5:5? ⏎ Q","27","37","https://8ch.net/qresearch/res/1762818.html#1763457","","","","","","","","","UNREVIEWED"
"1506","#1506","3","p1506-s003","G_CERTIFIED_CONTEXT_NOT_PAINTED",":32 POTUS","1","PARTIAL_ONLY","62.5","0","3","8",":32","NO","namedEntity","namedEntity: ""POTUS"" [43-48]","context","context: "":32 POTUS""","NO","NO","","fragment_or_label","HIGH","LABEL_FRAGMENT_OR_DEVICE","short label, slogan, heading or symbolic device rather than a proposition",">>1763343 ⏎ Check timestamp. ⏎ :18 Stroll","5:5? ⏎ Q","39","48","https://8ch.net/qresearch/res/1762818.html#1763457","","","","","","","","","UNREVIEWED"
"1512","#1512","4","p1512-s004","G_CERTIFIED_CONTEXT_NOT_PAINTED","‘The Beginning’","1","UNHIGHLIGHTED","0","0","14","14","‘The Beginning’","NO","","","context","context: ""‘The Beginning’""","NO","NO","","fragment_or_label","HIGH","LABEL_FRAGMENT_OR_DEVICE","short label, slogan, heading or symbolic device rather than a proposition",">>1764829 ⏎ Note CF children drop in IG report. ⏎ Important. ⏎ Official doc statement.","Not all are awake. ⏎ Q","81","96","https://8ch.net/qresearch/res/1764372.html#1765157","","","","","","","","","UNREVIEWED"
"1515","#1515","14","p1515-s014","G_CERTIFIED_CONTEXT_NOT_PAINTED","Bloomberg/MSNBC – Jonathan Alter","1","UNHIGHLIGHTED","0","0","29","29","Bloomberg/MSNBC – Jonathan Alter","NO","","","context","context: ""Bloomberg/MSNBC – Jonathan Alter""","NO","NO","","fragment_or_label","HIGH","LABEL_FRAGMENT_OR_DEVICE","short label, slogan, heading or symbolic device rather than a proposition","ega ⏎ ABC - David Muir ⏎ ABC – Diane Sawyer ⏎ ABC – George Stephanoplous ⏎ ABC – Jon Karl ⏎ ABC – Liz Kreutz ⏎ AP – Julie Pace ⏎ AP – Ken Thomas ⏎ AP – Lisa Lerer ⏎ AURN – April Ryan ⏎ Bloomberg – Jennifer Epstein ⏎ Bloomberg – John Heillman","Bloomberg – Mark Halperin ⏎ Buzzfeed – Ben Smith ⏎ Buzzfeed – Ruby Cramer ⏎ CBS – Gayle King ⏎ CBS – John Dickerson ⏎ CBS – Norah O'Donnell ⏎ CBS – Steve Chagaris ⏎ CBS – Vicki Gordon ⏎ CNBC – John Harwood ⏎ CNN – Brianna Keilar ⏎ CNN – Da","379","411","https://8ch.net/qresearch/res/1769049.html#1769202","","","","","","","","","UNREVIEWED"
"1515","#1515","15","p1515-s015","G_CERTIFIED_CONTEXT_NOT_PAINTED","Bloomberg – Mark Halperin","1","UNHIGHLIGHTED","0","0","22","22","Bloomberg – Mark Halperin","NO","","","context","context: ""Bloomberg – Mark Halperin""","NO","NO","","fragment_or_label","HIGH","LABEL_FRAGMENT_OR_DEVICE","short label, slogan, heading or symbolic device rather than a proposition","Sawyer ⏎ ABC – George Stephanoplous ⏎ ABC – Jon Karl ⏎ ABC – Liz Kreutz ⏎ AP – Julie Pace ⏎ AP – Ken Thomas ⏎ AP – Lisa Lerer ⏎ AURN – April Ryan ⏎ Bloomberg – Jennifer Epstein ⏎ Bloomberg – John Heillman ⏎ Bloomberg/MSNBC – Jonathan Alter","Buzzfeed – Ben Smith ⏎ Buzzfeed – Ruby Cramer ⏎ CBS – Gayle King ⏎ CBS – John Dickerson ⏎ CBS – Norah O'Donnell ⏎ CBS – Steve Chagaris ⏎ CBS – Vicki Gordon ⏎ CNBC – John Harwood ⏎ CNN – Brianna Keilar ⏎ CNN – Dan Merica ⏎ CNN – David Chail","412","437","https://8ch.net/qresearch/res/1769049.html#1769202","","","","","","","","","UNREVIEWED"
"1515","#1515","23","p1515-s023","G_CERTIFIED_CONTEXT_NOT_PAINTED","CNBC – John Harwood","1","UNHIGHLIGHTED","0","0","16","16","CNBC – John Harwood","NO","","","context","context: ""CNBC – John Harwood""","NO","NO","","fragment_or_label","HIGH","LABEL_FRAGMENT_OR_DEVICE","short label, slogan, heading or symbolic device rather than a proposition","– John Heillman ⏎ Bloomberg/MSNBC – Jonathan Alter ⏎ Bloomberg – Mark Halperin ⏎ Buzzfeed – Ben Smith ⏎ Buzzfeed – Ruby Cramer ⏎ CBS – Gayle King ⏎ CBS – John Dickerson ⏎ CBS – Norah O'Donnell ⏎ CBS – Steve Chagaris ⏎ CBS – Vicki Gordon","CNN – Brianna Keilar ⏎ CNN – Dan Merica ⏎ CNN – David Chailan ⏎ CNN – Erin Burnett ⏎ CNN – Gloria Borger ⏎ CNN – Jake Tapper ⏎ CNN – Jeff Zeleny ⏎ CNN - Jeff Zucker ⏎ CNN – John Berman ⏎ CNN – Kate Bouldan ⏎ CNN – Maria Cardona ⏎ CNN – Mark","582","601","https://8ch.net/qresearch/res/1769049.html#1769202","","","","","","","","","UNREVIEWED"
"1515","#1515","37","p1515-s037","G_CERTIFIED_CONTEXT_NOT_PAINTED","Daily Beast – Jackie Kucinich","1","UNHIGHLIGHTED","0","0","25","25","Daily Beast – Jackie Kucinich","NO","","","context","context: ""Daily Beast – Jackie Kucinich""","NO","NO","","fragment_or_label","HIGH","LABEL_FRAGMENT_OR_DEVICE","short label, slogan, heading or symbolic device rather than a proposition","N – Dan Merica ⏎ CNN – David Chailan ⏎ CNN – Erin Burnett ⏎ CNN – Gloria Borger ⏎ CNN – Jake Tapper ⏎ CNN – Jeff Zeleny ⏎ CNN - Jeff Zucker ⏎ CNN – John Berman ⏎ CNN – Kate Bouldan ⏎ CNN – Maria Cardona ⏎ CNN – Mark Preston ⏎ CNN – Sam Feist","GPG – Mike Feldman ⏎ HuffPo – Amanda Terkel ⏎ HuffPo – Arianna Huffington ⏎ HuffPo – Sam Stein ⏎ HuffPo – Whitney Snyder ⏎ LAT – Evan Handler ⏎ LAT – Mike Memoli ⏎ McClatchy – Anita Kumar ⏎ MORE – Betsy Fisher Martin ⏎ MSNBC – Alex Seitz","845","874","https://8ch.net/qresearch/res/1769049.html#1769202","","","","","","","","","UNREVIEWED"
"1515","#1515","45","p1515-s045","G_CERTIFIED_CONTEXT_NOT_PAINTED","McClatchy – Anita Kumar","1","UNHIGHLIGHTED","0","0","20","20","McClatchy – Anita Kumar","NO","","","context","context: ""McClatchy – Anita Kumar""","NO","NO","","fragment_or_label","HIGH","LABEL_FRAGMENT_OR_DEVICE","short label, slogan, heading or symbolic device rather than a proposition","dona ⏎ CNN – Mark Preston ⏎ CNN – Sam Feist ⏎ Daily Beast – Jackie Kucinich ⏎ GPG – Mike Feldman ⏎ HuffPo – Amanda Terkel ⏎ HuffPo – Arianna Huffington ⏎ HuffPo – Sam Stein ⏎ HuffPo – Whitney Snyder ⏎ LAT – Evan Handler ⏎ LAT – Mike Memoli","MORE – Betsy Fisher Martin ⏎ MSNBC – Alex Seitz-Wald ⏎ MSNBC – Alex Wagner ⏎ MSNBC – Andrea Mitchell ⏎ MSNBC - Beth Fouhy ⏎ MSNBC – Ed Schultz ⏎ MSNBC – Joe Scarborough ⏎ MSNBC – Mika Brzezinski ⏎ MSNBC – Phil Griffin ⏎ MSNBC – Rachel Ma","1025","1048","https://8ch.net/qresearch/res/1769049.html#1769202","","","","","","","","","UNREVIEWED"
"1515","#1515","58","p1515-s058","G_CERTIFIED_CONTEXT_NOT_PAINTED","National Journal – Emily Schultheis","1","UNHIGHLIGHTED","0","0","31","31","National Journal – Emily Schultheis","NO","","","context","context: ""National Journal – Emily Schultheis""","NO","NO","","fragment_or_label","HIGH","LABEL_FRAGMENT_OR_DEVICE","short label, slogan, heading or symbolic device rather than a proposition","MSNBC – Alex Wagner ⏎ MSNBC – Andrea Mitchell ⏎ MSNBC - Beth Fouhy ⏎ MSNBC – Ed Schultz ⏎ MSNBC – Joe Scarborough ⏎ MSNBC – Mika Brzezinski ⏎ MSNBC – Phil Griffin ⏎ MSNBC – Rachel Maddow ⏎ MSNBC – Rachel Racusen ⏎ MSNBC – Thomas Roberts","NBC – Chuck Todd ⏎ NBC – Mark Murray ⏎ NBC – Savannah Gutherie ⏎ New Yorker – David Remnick ⏎ New Yorker – Ryan Liza ⏎ NPR – Mike Oreskes ⏎ NPR – Tamara Keith ⏎ NY Post – Geofe Earl ⏎ NYT – Amy Chozik ⏎ NYT – Carolyn Ryan ⏎ NYT – Gail Coll","1319","1354","https://8ch.net/qresearch/res/1769049.html#1769202","","","","","","","","","UNREVIEWED"
"1515","#1515","75","p1515-s075","G_CERTIFIED_CONTEXT_NOT_PAINTED","People – Sandra Sobieraj Westfall","1","UNHIGHLIGHTED","0","0","29","29","People – Sandra Sobieraj Westfall","NO","","","context","context: ""People – Sandra Sobieraj Westfall""","NO","NO","","fragment_or_label","HIGH","LABEL_FRAGMENT_OR_DEVICE","short label, slogan, heading or symbolic device rather than a proposition","Liza ⏎ NPR – Mike Oreskes ⏎ NPR – Tamara Keith ⏎ NY Post – Geofe Earl ⏎ NYT – Amy Chozik ⏎ NYT – Carolyn Ryan ⏎ NYT – Gail Collins ⏎ NYT – John Harwoodje ⏎ NYT – Jonathan Martin ⏎ NYT – Maggie Haberman ⏎ NYT – Pat Healey ⏎ PBS – Charlie Rose","Politico – Annie Karni ⏎ Politico – Gabe Debenedetti ⏎ Politico – Glenn Thrush ⏎ Politico – Kenneth Vogel ⏎ Politico – Mike Allen ⏎ Reuters – Amanda Becker ⏎ Tina Brown – Tina Brown ⏎ The Hill – Amie Parnes ⏎ Univision – Maria-Elena Sa","1679","1712","https://8ch.net/qresearch/res/1769049.html#1769202","","","","","","","","","UNREVIEWED"
"1515","#1515","81","p1515-s081","G_CERTIFIED_CONTEXT_NOT_PAINTED","Reuters – Amanda Becker","1","UNHIGHLIGHTED","0","0","20","20","Reuters – Amanda Becker","NO","","","context","context: ""Reuters – Amanda Becker""","NO","NO","","fragment_or_label","HIGH","LABEL_FRAGMENT_OR_DEVICE","short label, slogan, heading or symbolic device rather than a proposition","artin ⏎ NYT – Maggie Haberman ⏎ NYT – Pat Healey ⏎ PBS – Charlie Rose ⏎ People – Sandra Sobieraj Westfall ⏎ Politico – Annie Karni ⏎ Politico – Gabe Debenedetti ⏎ Politico – Glenn Thrush ⏎ Politico – Kenneth Vogel ⏎ Politico – Mike Allen","Tina Brown – Tina Brown ⏎ The Hill – Amie Parnes ⏎ Univision – Maria-Elena Salinas ⏎ Vice – Alyssa Mastramonoco ⏎ Vox – Jon Allen ⏎ WaPo – Anne Gearan ⏎ WaPo – Greg Sargent ⏎ WSJ – Laura Meckler ⏎ WSJ – Peter Nicholas ⏎ WSJ – Colleen McC","1835","1858","https://8ch.net/qresearch/res/1769049.html#1769202","","","","","","","","","UNREVIEWED"
"1515","#1515","82","p1515-s082","G_CERTIFIED_CONTEXT_NOT_PAINTED","Tina Brown – Tina Brown","1","UNHIGHLIGHTED","0","0","19","19","Tina Brown – Tina Brown","NO","","","context","context: ""Tina Brown – Tina Brown""","NO","NO","","fragment_or_label","HIGH","LABEL_FRAGMENT_OR_DEVICE","short label, slogan, heading or symbolic device rather than a proposition","man ⏎ NYT – Pat Healey ⏎ PBS – Charlie Rose ⏎ People – Sandra Sobieraj Westfall ⏎ Politico – Annie Karni ⏎ Politico – Gabe Debenedetti ⏎ Politico – Glenn Thrush ⏎ Politico – Kenneth Vogel ⏎ Politico – Mike Allen ⏎ Reuters – Amanda Becker","The Hill – Amie Parnes ⏎ Univision – Maria-Elena Salinas ⏎ Vice – Alyssa Mastramonoco ⏎ Vox – Jon Allen ⏎ WaPo – Anne Gearan ⏎ WaPo – Greg Sargent ⏎ WSJ – Laura Meckler ⏎ WSJ – Peter Nicholas ⏎ WSJ – Colleen McCain Nelson ⏎ Yahoo – Matt","1859","1882","https://8ch.net/qresearch/res/1769049.html#1769202","","","","","","","","","UNREVIEWED"
"1515","#1515","83","p1515-s083","G_CERTIFIED_CONTEXT_NOT_PAINTED","The Hill – Amie Parnes","1","PARTIAL_ONLY","38.89","0","11","18","– Amie Parnes","NO","namedEntity","namedEntity: ""The Hill"" [1883-1891]","context","context: ""The Hill – Amie Parnes""","NO","NO","","fragment_or_label","HIGH","LABEL_FRAGMENT_OR_DEVICE","short label, slogan, heading or symbolic device rather than a proposition","– Charlie Rose ⏎ People – Sandra Sobieraj Westfall ⏎ Politico – Annie Karni ⏎ Politico – Gabe Debenedetti ⏎ Politico – Glenn Thrush ⏎ Politico – Kenneth Vogel ⏎ Politico – Mike Allen ⏎ Reuters – Amanda Becker ⏎ Tina Brown – Tina Brown","Univision – Maria-Elena Salinas ⏎ Vice – Alyssa Mastramonoco ⏎ Vox – Jon Allen ⏎ WaPo – Anne Gearan ⏎ WaPo – Greg Sargent ⏎ WSJ – Laura Meckler ⏎ WSJ – Peter Nicholas ⏎ WSJ – Colleen McCain Nelson ⏎ Yahoo – Matt Bai ⏎ THE BRIDGE: PODESTA","1883","1905","https://8ch.net/qresearch/res/1769049.html#1769202","","","","","","","","","UNREVIEWED"
"1515","#1515","84","p1515-s084","G_CERTIFIED_CONTEXT_NOT_PAINTED","Univision – Maria-Elena Salinas","1","UNHIGHLIGHTED","0","0","28","28","Univision – Maria-Elena Salinas","NO","","","context","context: ""Univision – Maria-Elena Salinas""","NO","NO","","fragment_or_label","HIGH","LABEL_FRAGMENT_OR_DEVICE","short label, slogan, heading or symbolic device rather than a proposition","– Sandra Sobieraj Westfall ⏎ Politico – Annie Karni ⏎ Politico – Gabe Debenedetti ⏎ Politico – Glenn Thrush ⏎ Politico – Kenneth Vogel ⏎ Politico – Mike Allen ⏎ Reuters – Amanda Becker ⏎ Tina Brown – Tina Brown ⏎ The Hill – Amie Parnes","Vice – Alyssa Mastramonoco ⏎ Vox – Jon Allen ⏎ WaPo – Anne Gearan ⏎ WaPo – Greg Sargent ⏎ WSJ – Laura Meckler ⏎ WSJ – Peter Nicholas ⏎ WSJ – Colleen McCain Nelson ⏎ Yahoo – Matt Bai ⏎ THE BRIDGE: PODESTA GROUP  ⏎ Bridge between media, FB","1906","1937","https://8ch.net/qresearch/res/1769049.html#1769202","","","","","","","","","UNREVIEWED"
"1515","#1515","85","p1515-s085","G_CERTIFIED_CONTEXT_NOT_PAINTED","Vice – Alyssa Mastramonoco","1","UNHIGHLIGHTED","0","0","23","23","Vice – Alyssa Mastramonoco","NO","","","context","context: ""Vice – Alyssa Mastramonoco""","NO","NO","","fragment_or_label","HIGH","LABEL_FRAGMENT_OR_DEVICE","short label, slogan, heading or symbolic device rather than a proposition","ico – Annie Karni ⏎ Politico – Gabe Debenedetti ⏎ Politico – Glenn Thrush ⏎ Politico – Kenneth Vogel ⏎ Politico – Mike Allen ⏎ Reuters – Amanda Becker ⏎ Tina Brown – Tina Brown ⏎ The Hill – Amie Parnes ⏎ Univision – Maria-Elena Salinas","Vox – Jon Allen ⏎ WaPo – Anne Gearan ⏎ WaPo – Greg Sargent ⏎ WSJ – Laura Meckler ⏎ WSJ – Peter Nicholas ⏎ WSJ – Colleen McCain Nelson ⏎ Yahoo – Matt Bai ⏎ THE BRIDGE: PODESTA GROUP  ⏎ Bridge between media, FBI/DOJ, HRC+ ⏎ Why did the Pod","1938","1964","https://8ch.net/qresearch/res/1769049.html#1769202","","","","","","","","","UNREVIEWED"
"1515","#1515","86","p1515-s086","G_CERTIFIED_CONTEXT_NOT_PAINTED","Vox – Jon Allen","1","UNHIGHLIGHTED","0","0","12","12","Vox – Jon Allen","NO","","","context","context: ""Vox – Jon Allen""","NO","NO","","fragment_or_label","HIGH","LABEL_FRAGMENT_OR_DEVICE","short label, slogan, heading or symbolic device rather than a proposition","– Gabe Debenedetti ⏎ Politico – Glenn Thrush ⏎ Politico – Kenneth Vogel ⏎ Politico – Mike Allen ⏎ Reuters – Amanda Becker ⏎ Tina Brown – Tina Brown ⏎ The Hill – Amie Parnes ⏎ Univision – Maria-Elena Salinas ⏎ Vice – Alyssa Mastramonoco","WaPo – Anne Gearan ⏎ WaPo – Greg Sargent ⏎ WSJ – Laura Meckler ⏎ WSJ – Peter Nicholas ⏎ WSJ – Colleen McCain Nelson ⏎ Yahoo – Matt Bai ⏎ THE BRIDGE: PODESTA GROUP  ⏎ Bridge between media, FBI/DOJ, HRC+ ⏎ Why did the Podesta Group close","1965","1980","https://8ch.net/qresearch/res/1769049.html#1769202","","","","","","","","","UNREVIEWED"
"1515","#1515","92","p1515-s092","G_CERTIFIED_CONTEXT_NOT_PAINTED","Yahoo – Matt Bai","1","UNHIGHLIGHTED","0","0","13","13","Yahoo – Matt Bai","NO","","","context","context: ""Yahoo – Matt Bai""","NO","NO","","fragment_or_label","HIGH","LABEL_FRAGMENT_OR_DEVICE","short label, slogan, heading or symbolic device rather than a proposition","– Tina Brown ⏎ The Hill – Amie Parnes ⏎ Univision – Maria-Elena Salinas ⏎ Vice – Alyssa Mastramonoco ⏎ Vox – Jon Allen ⏎ WaPo – Anne Gearan ⏎ WaPo – Greg Sargent ⏎ WSJ – Laura Meckler ⏎ WSJ – Peter Nicholas ⏎ WSJ – Colleen McCain Nelson","THE BRIDGE: PODESTA GROUP  ⏎ Bridge between media, FBI/DOJ, HRC+ ⏎ Why did the Podesta Group close? ⏎ Public charges? ⏎ No? ⏎ Why close? ⏎ When did Huber start? ⏎ November? ⏎ JP/ Huma NOV. ⏎ Sealed. ⏎ Do they know? ⏎ Why did the Podesta grou","2089","2105","https://8ch.net/qresearch/res/1769049.html#1769202","","","","","","","","","UNREVIEWED"
"1515","#1515","93","p1515-s093","G_CERTIFIED_CONTEXT_NOT_PAINTED","THE BRIDGE: PODESTA GROUP","1","PARTIAL_ONLY","54.55","0","10","22","THE BRIDGE:","NO","namedEntity","namedEntity: ""PODESTA GROUP"" [2118-2131]","context","context: ""THE BRIDGE: PODESTA GROUP""","NO","NO","","fragment_or_label","HIGH","LABEL_FRAGMENT_OR_DEVICE","short label, slogan, heading or symbolic device rather than a proposition","Hill – Amie Parnes ⏎ Univision – Maria-Elena Salinas ⏎ Vice – Alyssa Mastramonoco ⏎ Vox – Jon Allen ⏎ WaPo – Anne Gearan ⏎ WaPo – Greg Sargent ⏎ WSJ – Laura Meckler ⏎ WSJ – Peter Nicholas ⏎ WSJ – Colleen McCain Nelson ⏎ Yahoo – Matt Bai","Bridge between media, FBI/DOJ, HRC+ ⏎ Why did the Podesta Group close? ⏎ Public charges? ⏎ No? ⏎ Why close? ⏎ When did Huber start? ⏎ November? ⏎ JP/ Huma NOV. ⏎ Sealed. ⏎ Do they know? ⏎ Why did the Podesta group close? ⏎ Why no leaks? ⏎ Who","2106","2131","https://8ch.net/qresearch/res/1769049.html#1769202","","","","","","","","","UNREVIEWED"
"1515","#1515","94","p1515-s094","G_CERTIFIED_CONTEXT_NOT_PAINTED","Bridge between media, FBI/DOJ, HRC+","1","PARTIAL_ONLY","29.03","0","22","31","Bridge between media, ⋯ / ⋯ , ⋯ +","NO","namedEntity","namedEntity: ""HRC"" [2164-2167] || namedEntity: ""HRC"" [2164-2167] || namedEntity: ""HRC"" [2164-2167] || namedEntity: ""FBI"" [2155-2158] || namedEntity: ""DOJ"" [2159-2162]","context","context: ""Bridge between media, FBI/DOJ, HRC+""","NO","NO","","fragment_or_label","HIGH","LABEL_FRAGMENT_OR_DEVICE","short label, slogan, heading or symbolic device rather than a proposition","on – Maria-Elena Salinas ⏎ Vice – Alyssa Mastramonoco ⏎ Vox – Jon Allen ⏎ WaPo – Anne Gearan ⏎ WaPo – Greg Sargent ⏎ WSJ – Laura Meckler ⏎ WSJ – Peter Nicholas ⏎ WSJ – Colleen McCain Nelson ⏎ Yahoo – Matt Bai ⏎ THE BRIDGE: PODESTA GROUP","Why did the Podesta Group close? ⏎ Public charges? ⏎ No? ⏎ Why close? ⏎ When did Huber start? ⏎ November? ⏎ JP/ Huma NOV. ⏎ Sealed. ⏎ Do they know? ⏎ Why did the Podesta group close? ⏎ Why no leaks? ⏎ Who else knows? ⏎ HRC deal request? ⏎ Why? ⏎ I","2133","2168","https://8ch.net/qresearch/res/1769049.html#1769202","","","","","","","","","UNREVIEWED"
"1534","#1534","5","p1534-s005","G_CERTIFIED_CONTEXT_NOT_PAINTED","+7 POTUS","1","PARTIAL_ONLY","71.43","0","2","7","+7","NO","namedEntity","namedEntity: ""POTUS"" [121-126]","context","context: ""+7 POTUS""","NO","NO","","fragment_or_label","HIGH","LABEL_FRAGMENT_OR_DEVICE","short label, slogan, heading or symbolic device rather than a proposition",">>1790105 ⏎ For a LARP we sure do get a lot of coverage. ⏎ Must be all the original pics. ⏎ [7] Delta today. ⏎ Word for word.","How many days in a week? ⏎ Enjoy the show. ⏎ Q","118","126","https://8ch.net/qresearch/res/1789928.html#1790208","","","","","","","","","UNREVIEWED"
"1541","#1541","1","p1541-s001","G_CERTIFIED_CONTEXT_NOT_PAINTED","J C","3","UNHIGHLIGHTED","0","0","2","2","J C","NO","","","context","context: ""J C""","NO","NO","","fragment_or_label","HIGH","LABEL_FRAGMENT_OR_DEVICE","short label, slogan, heading or symbolic device rather than a proposition",">>1794556","","10","13","https://8ch.net/qresearch/res/1793799.html#1794562","","","","","","","","","UNREVIEWED"
"1543","#1543","1","p1543-s001","G_CERTIFIED_CONTEXT_NOT_PAINTED","D","7","UNHIGHLIGHTED","0","0","1","1","D","NO","","","context","context: ""D""","NO","NO","","fragment_or_label","HIGH","LABEL_FRAGMENT_OR_DEVICE","short label, slogan, heading or symbolic device rather than a proposition","","Morning sun brings heat. ⏎ Full moon coming. ⏎ Undiscovered stars learned. ⏎ Missions forward. ⏎ Q","0","1","https://8ch.net/qresearch/res/1794589.html#1794770","","","","","","","","","UNREVIEWED"
"1552","#1552","2","p1552-s002","G_CERTIFIED_CONTEXT_NOT_PAINTED","Opened door to:","1","UNHIGHLIGHTED","0","0","13","13","Opened door to:","NO","","","context","context: ""Opened door to:""","NO","NO","","colon_or_semicolon_block","HIGH","CLAIM_CANDIDATE","declarative prose — decide Q-authored claim vs quoted claim vs aphorism",">>1804036 ⏎ IG email investigation (weakest of set).","Weiner HRC / Others - crimes against children. ⏎ Noose. ⏎ Ref to Huber? ⏎ Non public. ⏎ CF investigation ongoing. ⏎ Connected. ⏎ Ref to Huber? ⏎ +FBI protection of HRC. ⏎ +FBI criminal acts. ⏎ Ref to Huber? ⏎ What about DOJ texts/emails? ⏎ W","51","66","https://8ch.net/qresearch/res/1803798.html#1804576","","","","","","","","","UNREVIEWED"
"1553","#1553","7","p1553-s007","G_CERTIFIED_CONTEXT_NOT_PAINTED","(Reddit Summary)","1","UNHIGHLIGHTED","0","0","15","15","(Reddit Summary)","NO","","","context","context: ""(Reddit Summary)""","NO","NO","","fragment_or_label","HIGH","LABEL_FRAGMENT_OR_DEVICE","short label, slogan, heading or symbolic device rather than a proposition","ether any matters merit the appointment of Special Counsel.” ⏎ http://www.breitbart.com/big-government/2018/06/14/doj-ig-report-says-peter-strzok-had-biased-state-of-mind/ ⏎ SC = restart w/ significantly less staff = stupid","-Professor Turley is a very respected liberal law professor and longtime civil libertarian. Has been critical of both parties over the years. ⏎ -Turley says the use of John Huber gives the IG the prosecutor he needs to br","1134","1150","https://8ch.net/qresearch/res/1804534.html#1804985","","","","","","","","","UNREVIEWED"
"1556","#1556","3","p1556-s003","G_CERTIFIED_CONTEXT_NOT_PAINTED","+1 BC & LL (Tarmac)","1","PARTIAL_ONLY","26.67","0","11","15","+1 ⋯ & ⋯ (Tarmac)","NO","namedEntity","namedEntity: ""BC"" [37-39] || namedEntity: ""BC"" [37-39] || namedEntity: ""BC"" [37-39] || namedEntity: ""LL"" [42-44] || namedEntity: ""LL"" [42-44]","context","context: ""+1 BC & LL (Tarmac)""","NO","NO","","fragment_or_label","HIGH","LABEL_FRAGMENT_OR_DEVICE","short label, slogan, heading or symbolic device rather than a proposition","Amanda Renteria. ⏎ Bridge LL & HRC.","Witness. ⏎ https://abcnews.go.com/Politics/video/video-appears-show-day-bill-clinton-loretta-lynch-41487655 ⏎ Look close (behind BC). ⏎ Trusted by Clinton’s.  ⏎ Running for CA Gov? ⏎ Who is funding? ⏎ Who is campaign manager? ⏎ Risk","34","53","https://8ch.net/qresearch/res/1807638.html#1807982","","","","","","","","","UNREVIEWED"
"1559","#1559","3","p1559-s003","G_CERTIFIED_CONTEXT_NOT_PAINTED","Viv[a] vs Viv[e]","1","PARTIAL_ONLY","42.86","0","8","14","Viv ⋯ vs Viv","NO","bracketCode","bracketCode: ""[a]"" [35-38] || bracketCode: ""[e]"" [45-48]","context","context: ""Viv[a] vs Viv[e]""","NO","NO","","fragment_or_label","HIGH","LABEL_FRAGMENT_OR_DEVICE","short label, slogan, heading or symbolic device rather than a proposition","DECLAS ⏎ LP “Viva Le Resistance.”","[J C] ⏎ Why classified by intel comm @ highest level? ⏎ Define title. ⏎ Define role w/ Mueller. ⏎ Exchange shelters VERY senior member. ⏎ Q","32","48","https://8ch.net/qresearch/res/1812307.html#1813048","","","","","","","","","UNREVIEWED"
"1565","#1565","1","p1565-s001","G_CERTIFIED_CONTEXT_NOT_PAINTED","45","2","UNHIGHLIGHTED","0","0","2","2","45","NO","","","context","context: ""45""","NO","NO","","symbolic_or_numeric","HIGH","LABEL_FRAGMENT_OR_DEVICE","short label, slogan, heading or symbolic device rather than a proposition",">>1821067","","10","12","https://8ch.net/qresearch/res/1820698.html#1821327","","","","","","","","","UNREVIEWED"
"1577","#1577","3","p1577-s003","G_CERTIFIED_CONTEXT_NOT_PAINTED","#WINNING","4","UNHIGHLIGHTED","0","0","8","8","#WINNING","NO","","","context","context: ""#WINNING""","NO","NO","","fragment_or_label","HIGH","LABEL_FRAGMENT_OR_DEVICE","short label, slogan, heading or symbolic device rather than a proposition",">>1836621 ⏎ TOGETHER. ⏎ WWG1WGA!","Q","29","37","https://8ch.net/qresearch/res/1836835.html#1837019","","","","","","","","","UNREVIEWED"
"1581","#1581","5","p1581-s005","G_CERTIFIED_CONTEXT_NOT_PAINTED","Attacks ^","1","UNHIGHLIGHTED","0","0","8","8","Attacks ^","NO","","","context","context: ""Attacks ^""","NO","NO","","fragment_or_label","HIGH","LABEL_FRAGMENT_OR_DEVICE","short label, slogan, heading or symbolic device rather than a proposition","We serve at the pleasure of the President. ⏎ We left the decision on timing to him. ⏎ Today, at the rally, he made his decision. ⏎ Shift in tactics.","Q","143","152","https://8ch.net/qresearch/res/1838365.html#1838471","","","","","","","","","UNREVIEWED"
"1583","#1583","1","p1583-s001","G_CERTIFIED_CONTEXT_NOT_PAINTED","Jan 20, 2017","1","UNHIGHLIGHTED","0","0","10","10","Jan 20, 2017","NO","","","context","context: ""Jan 20, 2017""","NO","NO","","fragment_or_label","HIGH","LABEL_FRAGMENT_OR_DEVICE","short label, slogan, heading or symbolic device rather than a proposition",">>1842592","June 20, 2018 ⏎ Exactly 17 months. ⏎ Do you believe in coincidences? ⏎ God bless you all. ⏎ Q","10","22","https://8ch.net/qresearch/res/1842378.html#1842655","","","","","","","","","UNREVIEWED"
"1583","#1583","2","p1583-s002","G_CERTIFIED_CONTEXT_NOT_PAINTED","June 20, 2018","1","UNHIGHLIGHTED","0","0","11","11","June 20, 2018","NO","","","context","context: ""June 20, 2018""","NO","NO","","fragment_or_label","HIGH","LABEL_FRAGMENT_OR_DEVICE","short label, slogan, heading or symbolic device rather than a proposition",">>1842592 ⏎ Jan 20, 2017","Exactly 17 months. ⏎ Do you believe in coincidences? ⏎ God bless you all. ⏎ Q","23","36","https://8ch.net/qresearch/res/1842378.html#1842655","","","","","","","","","UNREVIEWED"
"1588","#1588","5","p1588-s005","G_CERTIFIED_CONTEXT_NOT_PAINTED","A321","1","UNHIGHLIGHTED","0","0","4","4","A321","NO","","","context","context: ""A321""","NO","NO","","fragment_or_label","HIGH","LABEL_FRAGMENT_OR_DEVICE","short label, slogan, heading or symbolic device rather than a proposition",">>1915774 ⏎ Coincidence? ⏎ Review image/location. ⏎ Nothing provided is random. ⏎ SFO>JFK","Direct ⏎ Q","82","86","https://8ch.net/qresearch/res/1915811.html#1915880","","","","","","","","","UNREVIEWED"
"1588","#1588","6","p1588-s006","G_CERTIFIED_CONTEXT_NOT_PAINTED","Direct","1","UNHIGHLIGHTED","0","0","6","6","Direct","NO","","","context","context: ""Direct""","NO","NO","","fragment_or_label","HIGH","LABEL_FRAGMENT_OR_DEVICE","short label, slogan, heading or symbolic device rather than a proposition",">>1915774 ⏎ Coincidence? ⏎ Review image/location. ⏎ Nothing provided is random. ⏎ SFO>JFK ⏎ A321","Q","87","93","https://8ch.net/qresearch/res/1915811.html#1915880","","","","","","","","","UNREVIEWED"
"1589","#1589","11","p1589-s011","G_CERTIFIED_CONTEXT_NOT_PAINTED","RR to LL ""……………""","1","PARTIAL_ONLY","30.77","0","9","13","to ⋯ ""……………""","NO","namedEntity","namedEntity: ""RR"" [429-431] || namedEntity: ""RR"" [429-431] || namedEntity: ""RR"" [429-431] || namedEntity: ""LL"" [435-437] || namedEntity: ""LL"" [435-437] || namedEntity: ""LL"" [435-437] || namedEntity: ""LL"" [435-437]","context","context: ""RR to LL ""……………""""","NO","NO","","fragment_or_label","HIGH","LABEL_FRAGMENT_OR_DEVICE","short label, slogan, heading or symbolic device rather than a proposition","with all document demands or face impeachment. ⏎ 2-way failure. ⏎ If he complies, he fails (self-implication)(known conflict). ⏎ If he failes to comply, he gets impeached (removed).  ⏎ Why no DOJ texts disclosed to the public?","LL to H ""……………"" ⏎ X to X ""………………….."" ⏎ JC to LL 247x (relevant) ⏎ LL IS KEY to CONNECTING TO WH / HRC/BC/JB/JC/SP/EH….. ⏎ Where are the JC / AM text messages? ⏎ Gmail messages? ⏎ Burner phone messages? ⏎ Call pulls? ⏎ Coming soon to a","429","445","https://8ch.net/qresearch/res/1915811.html#1916147","","","","","","","","","UNREVIEWED"
"1589","#1589","12","p1589-s012","G_CERTIFIED_CONTEXT_NOT_PAINTED","LL to H ""……………""","1","PARTIAL_ONLY","25","0","9","12","to ⋯ ""……………""","NO","namedEntity","namedEntity: ""H"" [452-453] || namedEntity: ""LL"" [446-448] || namedEntity: ""LL"" [446-448] || namedEntity: ""LL"" [446-448] || namedEntity: ""LL"" [446-448] || namedEntity: ""H"" [452-453]","context","context: ""LL to H ""……………""""","NO","NO","","fragment_or_label","HIGH","LABEL_FRAGMENT_OR_DEVICE","short label, slogan, heading or symbolic device rather than a proposition","t demands or face impeachment. ⏎ 2-way failure. ⏎ If he complies, he fails (self-implication)(known conflict). ⏎ If he failes to comply, he gets impeached (removed).  ⏎ Why no DOJ texts disclosed to the public? ⏎ RR to LL ""……………""","X to X ""………………….."" ⏎ JC to LL 247x (relevant) ⏎ LL IS KEY to CONNECTING TO WH / HRC/BC/JB/JC/SP/EH….. ⏎ Where are the JC / AM text messages? ⏎ Gmail messages? ⏎ Burner phone messages? ⏎ Call pulls? ⏎ Coming soon to a theater near you","446","461","https://8ch.net/qresearch/res/1915811.html#1916147","","","","","","","","","UNREVIEWED"
"1601","#1601","5","p1601-s005","G_CERTIFIED_CONTEXT_NOT_PAINTED","#Winning","4","UNHIGHLIGHTED","0","0","8","8","#Winning","NO","","","context","context: ""#Winning""","NO","NO","","fragment_or_label","HIGH","LABEL_FRAGMENT_OR_DEVICE","short label, slogan, heading or symbolic device rather than a proposition","Fist pumps re: POTUS / Q encounter =  ⏎ Keep up the good fight, Patriot. ⏎ This will be a very common theme known only to you. ⏎ Feel proud.","WWG1WGA! ⏎ https://www.reddit.com/r/greatawakening/comments/8tzk3w/potus_signed_my_hat_last_night_he_saw_the_wwg1wga/ ⏎ Q","135","143","https://8ch.net/qresearch/res/1921088.html#1921310","","","","","","","","","UNREVIEWED"
"1615","#1615","1","p1615-s001","G_CERTIFIED_CONTEXT_NOT_PAINTED","#Winning","4","UNHIGHLIGHTED","0","0","8","8","#Winning","NO","","","context","context: ""#Winning""","NO","NO","","fragment_or_label","HIGH","LABEL_FRAGMENT_OR_DEVICE","short label, slogan, heading or symbolic device rather than a proposition","","Patriots one & all! ⏎ Q","0","8","https://8ch.net/qresearch/res/1931965.html#1932231","","","","","","","","","UNREVIEWED"
"1639","#1639","1","p1639-s001","G_CERTIFIED_CONTEXT_NOT_PAINTED","SEC TEST","10","PARTIAL_ONLY","42.86","0","4","7","TEST","NO","namedEntity","namedEntity: ""SEC"" [0-3]","context","context: ""SEC TEST""","NO","NO","","fragment_or_label","HIGH","LABEL_FRAGMENT_OR_DEVICE","short label, slogan, heading or symbolic device rather than a proposition","","Q","0","8","https://8ch.net/qresearch/res/1950477.html#1950581","","","","","","","","","UNREVIEWED"
"1652","#1652","3","p1652-s003","G_CERTIFIED_CONTEXT_NOT_PAINTED","#GoodbyeDemocrats","1","UNHIGHLIGHTED","0","0","17","17","#GoodbyeDemocrats","NO","","","context","context: ""#GoodbyeDemocrats""","NO","NO","","fragment_or_label","HIGH","LABEL_FRAGMENT_OR_DEVICE","short label, slogan, heading or symbolic device rather than a proposition","ion through the enforcement of more than 400 federal statutes, and focuses on smart immigration enforcement, preventing terrorism and combating the illegal movement of people and trade.” ⏎ https://www.ice.gov ⏎ Abolish ICE?","Q","242","259","https://8ch.net/qresearch/res/1983174.html#1983529","","","","","","","","","UNREVIEWED"
"1688","#1688","2","p1688-s002","G_CERTIFIED_CONTEXT_NOT_PAINTED","#ControlledMSM","1","UNHIGHLIGHTED","0","0","14","14","#ControlledMSM","NO","","","context","context: ""#ControlledMSM""","NO","NO","","fragment_or_label","HIGH","LABEL_FRAGMENT_OR_DEVICE","short label, slogan, heading or symbolic device rather than a proposition",">>2264981 ⏎ There is no greater [current] threat to the American people than the FAKE NEWS MEDIA.","Study Nazism.  ⏎ Compare/contrast ANTIFA. ⏎ Compare/contrast SOCIALISM push. ⏎ Push for REBIRTH. ⏎ Who financed then? ⏎ Who is financing now? ⏎ Dark to LIGHT. ⏎ GOOD WINS. ⏎ Q","96","110","https://8ch.net/qresearch/res/2264408.html#2265105","","","","","","","","","UNREVIEWED"
"1699","#1699","2","p1699-s002","G_CERTIFIED_CONTEXT_NOT_PAINTED","B8028-Z-KDHYQ-M5-ZAF1aT9","1","UNHIGHLIGHTED","0","0","24","24","B8028-Z-KDHYQ-M5-ZAF1aT9","NO","","","context","context: ""B8028-Z-KDHYQ-M5-ZAF1aT9""","NO","NO","","fragment_or_label","HIGH","LABEL_FRAGMENT_OR_DEVICE","short label, slogan, heading or symbolic device rather than a proposition",">>2281677 ⏎ To all Americans, please pray.","Q+","41","65","https://8ch.net/qresearch/res/2281288.html#2281708","","","","","","","","","UNREVIEWED"
"1708","#1708","18","p1708-s018","G_CERTIFIED_CONTEXT_NOT_PAINTED","+22","2","UNHIGHLIGHTED","0","0","3","3","+22","NO","","","context","context: ""+22""","NO","NO","","symbolic_or_numeric","HIGH","LABEL_FRAGMENT_OR_DEVICE","short label, slogan, heading or symbolic device rather than a proposition","tage the 2016 election? ⏎ Data collection. ⏎ Voice. ⏎ Video. ⏎ Bugging. ⏎ Creation of fake intel dossier using ex spy. ⏎ Co-sponsor insurance policy re: POTUS election. ⏎ PS. ⏎ LP. ⏎ No Name. ⏎ Clapper. ⏎ Brennan. ⏎ Rice. ⏎ LL. ⏎ HRC. ⏎ BC. ⏎ Hussein.","What if intel masked penetration(s) to frame Russia? ⏎ Crowdstrike? ⏎ Servers. ⏎ SR. ⏎ JA. ⏎ Why does the UK gov desperately want JA? ⏎ Think source files. ⏎ The more you know. ⏎ Q","307","310","https://8ch.net/qresearch/res/2286927.html#2287674","","","","","","","","","UNREVIEWED"
"1718","#1718","2","p1718-s002","G_CERTIFIED_CONTEXT_NOT_PAINTED","Barron's","1","UNHIGHLIGHTED","0","0","8","8","Barron's","NO","","","context","context: ""Barron's""","NO","NO","","fragment_or_label","HIGH","LABEL_FRAGMENT_OR_DEVICE","short label, slogan, heading or symbolic device rather than a proposition","Facebook Investors Want to Strip Zuckerberg of Chairman Title","Shareholder Wants to Oust Zuckerberg as Facebook Chairman ⏎ Fortune ⏎ Facebook shareholders try to fire Mark Zuckerberg as chairman ⏎ Daily Mail ⏎ [DC moves slow] ⏎ Q","62","70","https://8ch.net/qresearch/res/2299705.html#2300028","","","","","","","","","UNREVIEWED"
"1745","#1745","11","p1745-s011","G_CERTIFIED_CONTEXT_NOT_PAINTED","PUBLIC AWARENESS - FISA/SPYING","1","PARTIAL_ONLY","14.81","0","23","27","PUBLIC AWARENESS - ⋯ /SPYING","NO","namedEntity | theme","namedEntity: ""FISA"" [1049-1053] || namedEntity: ""FISA"" [1049-1053] || namedEntity: ""FISA"" [1049-1053] || namedEntity: ""FISA"" [1049-1053] || namedEntity: ""FISA"" [1049-1053] || namedEntity: ""FISA"" [1049-1053] || namedEntity: ""FISA"" [1049-1053] || namedEntity: ""FISA"" [1049-1053] || namedEntity: ""FISA"" [1049-1053] || theme: ""FISA"" [1049-1053]","context","context: ""PUBLIC AWARENESS - FISA/SPYING""","NO","NO","","sentence_like_no_terminal","HIGH","CLAIM_CANDIDATE","declarative prose — decide Q-authored claim vs quoted claim vs aphorism","VEL OF INTEL SPYING ON PRIMARY REPUBLICAN OPPONENT (+POST ELECTION (INTEL ASSETS FOR/DOM SPYING ON THE PRESIDENT OF THE UNITED STATES)) FOR THE OFFICE OF THE PRESIDENCY OF THE UNITED STATES OF AMERICA. ⏎ LOGICAL THINKING.","FOUNDATION BUILT HUBER. ⏎ NO SPELLING ERRORS INTENDED - MOBILE / UNKNOWN IF ABOVE. ⏎ Q","1030","1060","https://8ch.net/qresearch/res/2325991.html#2326502","","","","","","","","","UNREVIEWED"
"1764","#1764","10","p1764-s010","G_CERTIFIED_CONTEXT_NOT_PAINTED","Replaced by:","1","UNHIGHLIGHTED","0","0","11","11","Replaced by:","NO","","","context","context: ""Replaced by:""","NO","NO","","colon_or_semicolon_block","HIGH","CLAIM_CANDIDATE","declarative prose — decide Q-authored claim vs quoted claim vs aphorism","NO NAME. ⏎ WH visitor logs: NO NAME/HUSSEIN (dates?) ⏎ WH visitor logs: NO NAME/BRENNAN/HUSSEIN (dates?) ⏎ WH visitor logs: NO NAME/BRENNAN/COMEY/HUSSEIN (dates?) ⏎ WH visitor logs: NO NAME/BRENNAN/CLAPPER/RICE/HUSSEIN (dates?)","https://www.dni.gov/index.php/nctc-who-we-are/director-nctc ⏎ >Defense Intelligence Liaison to British Intelligence in London ⏎ Think UK. ⏎ Current Director of the C_A. ⏎ https://www.cia.gov/about-cia/leadership/gina-haspel.htm","462","474","https://8ch.net/qresearch/res/2358509.html#2359109","","","","","","","","","UNREVIEWED"
"1775","#1775","2","p1775-s002","G_CERTIFIED_CONTEXT_NOT_PAINTED","#TryHarderMSM","1","UNHIGHLIGHTED","0","0","13","13","#TryHarderMSM","NO","","","context","context: ""#TryHarderMSM""","NO","NO","","fragment_or_label","HIGH","LABEL_FRAGMENT_OR_DEVICE","short label, slogan, heading or symbolic device rather than a proposition","How often does the Presidential motorcade honk upon request?https://www.youtube.com/watch?v=cl51wZVdwYA","#AskTheQ ⏎ Tampa Rally looking great! ⏎ WWG1WGA! ⏎ Q","104","117","https://8ch.net/qresearch/res/2374858.html#2375029","","","","","","","","","UNREVIEWED"
"1775","#1775","3","p1775-s003","G_CERTIFIED_CONTEXT_NOT_PAINTED","#AskTheQ","1","UNHIGHLIGHTED","0","0","8","8","#AskTheQ","NO","","","context","context: ""#AskTheQ""","NO","NO","","fragment_or_label","HIGH","LABEL_FRAGMENT_OR_DEVICE","short label, slogan, heading or symbolic device rather than a proposition","How often does the Presidential motorcade honk upon request?https://www.youtube.com/watch?v=cl51wZVdwYA ⏎ #TryHarderMSM","Tampa Rally looking great! ⏎ WWG1WGA! ⏎ Q","118","126","https://8ch.net/qresearch/res/2374858.html#2375029","","","","","","","","","UNREVIEWED"
"1777","#1777","1","p1777-s001","G_CERTIFIED_CONTEXT_NOT_PAINTED","To the person holding the ""Q"" cut out:","1","UNHIGHLIGHTED","0","0","31","31","To the person holding the ""Q"" cut out:","NO","","","context","context: ""To the person holding the ""Q"" cut out:""","NO","NO","","colon_or_semicolon_block","HIGH","CLAIM_CANDIDATE","declarative prose — decide Q-authored claim vs quoted claim vs aphorism","","Please post your pic/vid as POTUS specifically pointed at you moments ago. ⏎ We will scrub the web to find the source no matter where posted. ⏎ WE ARE Q. ⏎ Q","0","38","https://8ch.net/qresearch/res/2377155.html#2377739","","","","","","","","","UNREVIEWED"
"1787","#1787","3","p1787-s003","G_CERTIFIED_CONTEXT_NOT_PAINTED","Tracking: 52-58mm","1","UNHIGHLIGHTED","0","0","16","16","Tracking: 52-58mm","NO","","","context","context: ""Tracking: 52-58mm""","NO","NO","","fragment_or_label","HIGH","LABEL_FRAGMENT_OR_DEVICE","short label, slogan, heading or symbolic device rather than a proposition",">>2391787 ⏎ [WW] ⏎ Eyes on: 300-350mm",">>2391804 ⏎ You didn't think 'common sense' was simply a coincidence did you? ⏎ Think email. ⏎ Think #1776. ⏎ But how did we know an article was going to be dropped later that night? ⏎ Q","34","51","https://8ch.net/qresearch/res/2391164.html#2391916","","","","","","","","","UNREVIEWED"
"1794","#1794","8","p1794-s008","G_CERTIFIED_CONTEXT_NOT_PAINTED","Re: MSM","1","PARTIAL_ONLY","50","0","3","6","Re:","NO","theme","theme: ""MSM"" [74-77]","context","context: ""Re: MSM""","NO","NO","","fragment_or_label","HIGH","LABEL_FRAGMENT_OR_DEVICE","short label, slogan, heading or symbolic device rather than a proposition","FISA ⏎ FISA ⏎ FISA ⏎ [20] ⏎ Public disclosure. ⏎ Impossible to defend. ⏎ ILLEGAL.","“Never Interfere With an Enemy While He’s in the Process of Destroying Himself.” ⏎ Q","70","77","https://8ch.net/qresearch/res/2405230.html#2405745","","","","","","","","","UNREVIEWED"
"1796","#1796","8","p1796-s008","G_CERTIFIED_CONTEXT_NOT_PAINTED","Bandwagon shills","1","UNHIGHLIGHTED","0","0","15","15","Bandwagon shills","NO","","","context","context: ""Bandwagon shills""","NO","NO","","fragment_or_label","HIGH","LABEL_FRAGMENT_OR_DEVICE","short label, slogan, heading or symbolic device rather than a proposition","Welcome to the mainstream. ⏎ We knew this day would come. ⏎ (glimpse)(what to expect)  ⏎ >POTUS’ twitter comments ⏎ Liberal Democrats  ⏎ Fake News WW ⏎ Fake MAGA supporters","Paid shills (Media Matters) ⏎ Intel infiltration (neg dissemination). ⏎ MSM infiltration (neg dissemination). ⏎ Twitter bot attack (twitter controls dir/fake accts) ⏎ (FB/Twitter/etc create massive amounts of fake user accts f","162","178","https://8ch.net/qresearch/res/2407607.html#2407847","","","","","","","","","UNREVIEWED"
"1805","#1805","6","p1805-s006","G_CERTIFIED_CONTEXT_NOT_PAINTED","1 = past (newspaper)","1","UNHIGHLIGHTED","0","0","17","17","1 = past (newspaper)","NO","","","context","context: ""1 = past (newspaper)""","NO","NO","","fragment_or_label","HIGH","LABEL_FRAGMENT_OR_DEVICE","short label, slogan, heading or symbolic device rather than a proposition",">>2425988 ⏎ Incorrect decoding. ⏎ Not the person. ⏎ Think connection. ⏎ Threat 1  ⏎ Threat 2","2 = future (rally) ⏎ 1=2 ⏎ Post noted (VIP access). ⏎ Message sent. ⏎ We know. ⏎ Q","83","103","https://8ch.net/qresearch/res/2425461.html#2426184","","","","","","","","","UNREVIEWED"
"1805","#1805","7","p1805-s007","G_CERTIFIED_CONTEXT_NOT_PAINTED","2 = future (rally)","1","UNHIGHLIGHTED","0","0","15","15","2 = future (rally)","NO","","","context","context: ""2 = future (rally)""","NO","NO","","fragment_or_label","HIGH","LABEL_FRAGMENT_OR_DEVICE","short label, slogan, heading or symbolic device rather than a proposition",">>2425988 ⏎ Incorrect decoding. ⏎ Not the person. ⏎ Think connection. ⏎ Threat 1  ⏎ Threat 2 ⏎ 1 = past (newspaper)","1=2 ⏎ Post noted (VIP access). ⏎ Message sent. ⏎ We know. ⏎ Q","104","122","https://8ch.net/qresearch/res/2425461.html#2426184","","","","","","","","","UNREVIEWED"
"1822","#1822","12","p1822-s012","G_CERTIFIED_CONTEXT_NOT_PAINTED","2.","32","UNHIGHLIGHTED","0","0","2","2","2.","NO","","","context","context: ""2.""","NO","NO","","symbolic_or_numeric","MEDIUM","LABEL_FRAGMENT_OR_DEVICE","short label, slogan, heading or symbolic device rather than a proposition","pervert the course of justice"" ⏎ [Fake News] ⏎ Fake News collaborating and pushing knowingly false information? ⏎ Fake News ‘KNOWINGLY FALSE’ narrative pushes. ⏎ 1.	POTUS colluded w/ Russia to win the 2016 Presidential election","POTUS is puppet to PUTIN ⏎ 3.	POTUS to irreparably harm relationships w/ our allies  ⏎ 4.	POTUS will collapse U.S. economy  ⏎ 5.	POTUS will collapse stock market   ⏎ 6.	POTUS will cause war w/ NK ⏎ 7.	POTUS will cause war w/ IRAN","448","450","https://8ch.net/patriotsfight/res/62.html#121","","","","","","","","","UNREVIEWED"
"1822","#1822","14","p1822-s014","G_CERTIFIED_CONTEXT_NOT_PAINTED","3.","23","UNHIGHLIGHTED","0","0","2","2","3.","NO","","","context","context: ""3.""","NO","NO","","symbolic_or_numeric","MEDIUM","LABEL_FRAGMENT_OR_DEVICE","short label, slogan, heading or symbolic device rather than a proposition","e"" ⏎ [Fake News] ⏎ Fake News collaborating and pushing knowingly false information? ⏎ Fake News ‘KNOWINGLY FALSE’ narrative pushes. ⏎ 1.	POTUS colluded w/ Russia to win the 2016 Presidential election ⏎ 2.	POTUS is puppet to PUTIN","POTUS to irreparably harm relationships w/ our allies  ⏎ 4.	POTUS will collapse U.S. economy  ⏎ 5.	POTUS will collapse stock market   ⏎ 6.	POTUS will cause war w/ NK ⏎ 7.	POTUS will cause war w/ IRAN ⏎ 8.	POTUS will destroy the w","476","478","https://8ch.net/patriotsfight/res/62.html#121","","","","","","","","","UNREVIEWED"
"1822","#1822","18","p1822-s018","G_CERTIFIED_CONTEXT_NOT_PAINTED","5.","9","UNHIGHLIGHTED","0","0","2","2","5.","NO","","","context","context: ""5.""","NO","NO","","symbolic_or_numeric","MEDIUM","LABEL_FRAGMENT_OR_DEVICE","short label, slogan, heading or symbolic device rather than a proposition","INGLY FALSE’ narrative pushes. ⏎ 1.	POTUS colluded w/ Russia to win the 2016 Presidential election ⏎ 2.	POTUS is puppet to PUTIN ⏎ 3.	POTUS to irreparably harm relationships w/ our allies  ⏎ 4.	POTUS will collapse U.S. economy","POTUS will collapse stock market   ⏎ 6.	POTUS will cause war w/ NK ⏎ 7.	POTUS will cause war w/ IRAN ⏎ 8.	POTUS will destroy the world. ⏎ 9.	On and on……..(knowingly false) ⏎ FEAR & SCARE PUSH. ⏎ They would rather see NK peace negot","571","573","https://8ch.net/patriotsfight/res/62.html#121","","","","","","","","","UNREVIEWED"
"1822","#1822","20","p1822-s020","G_CERTIFIED_CONTEXT_NOT_PAINTED","6.","8","UNHIGHLIGHTED","0","0","2","2","6.","NO","","","context","context: ""6.""","NO","NO","","symbolic_or_numeric","MEDIUM","LABEL_FRAGMENT_OR_DEVICE","short label, slogan, heading or symbolic device rather than a proposition","S colluded w/ Russia to win the 2016 Presidential election ⏎ 2.	POTUS is puppet to PUTIN ⏎ 3.	POTUS to irreparably harm relationships w/ our allies  ⏎ 4.	POTUS will collapse U.S. economy  ⏎ 5.	POTUS will collapse stock market","POTUS will cause war w/ NK ⏎ 7.	POTUS will cause war w/ IRAN ⏎ 8.	POTUS will destroy the world. ⏎ 9.	On and on……..(knowingly false) ⏎ FEAR & SCARE PUSH. ⏎ They would rather see NK peace negotiations fail (WAR!) than see POTUS res","609","611","https://8ch.net/patriotsfight/res/62.html#121","","","","","","","","","UNREVIEWED"
"1822","#1822","22","p1822-s022","G_CERTIFIED_CONTEXT_NOT_PAINTED","7.","5","UNHIGHLIGHTED","0","0","2","2","7.","NO","","","context","context: ""7.""","NO","NO","","symbolic_or_numeric","MEDIUM","LABEL_FRAGMENT_OR_DEVICE","short label, slogan, heading or symbolic device rather than a proposition","e 2016 Presidential election ⏎ 2.	POTUS is puppet to PUTIN ⏎ 3.	POTUS to irreparably harm relationships w/ our allies  ⏎ 4.	POTUS will collapse U.S. economy  ⏎ 5.	POTUS will collapse stock market   ⏎ 6.	POTUS will cause war w/ NK","POTUS will cause war w/ IRAN ⏎ 8.	POTUS will destroy the world. ⏎ 9.	On and on……..(knowingly false) ⏎ FEAR & SCARE PUSH. ⏎ They would rather see NK peace negotiations fail (WAR!) than see POTUS resolve.  ⏎ Scandalous Media Bias?","639","641","https://8ch.net/patriotsfight/res/62.html#121","","","","","","","","","UNREVIEWED"
"1822","#1822","24","p1822-s024","G_CERTIFIED_CONTEXT_NOT_PAINTED","8.","5","UNHIGHLIGHTED","0","0","2","2","8.","NO","","","context","context: ""8.""","NO","NO","","symbolic_or_numeric","MEDIUM","LABEL_FRAGMENT_OR_DEVICE","short label, slogan, heading or symbolic device rather than a proposition","POTUS is puppet to PUTIN ⏎ 3.	POTUS to irreparably harm relationships w/ our allies  ⏎ 4.	POTUS will collapse U.S. economy  ⏎ 5.	POTUS will collapse stock market   ⏎ 6.	POTUS will cause war w/ NK ⏎ 7.	POTUS will cause war w/ IRAN","POTUS will destroy the world. ⏎ 9.	On and on……..(knowingly false) ⏎ FEAR & SCARE PUSH. ⏎ They would rather see NK peace negotiations fail (WAR!) than see POTUS resolve.  ⏎ Scandalous Media Bias?  ⏎ Conspiracy? ⏎ Collaboration?  ⏎ Wha","671","673","https://8ch.net/patriotsfight/res/62.html#121","","","","","","","","","UNREVIEWED"
"1822","#1822","26","p1822-s026","G_CERTIFIED_CONTEXT_NOT_PAINTED","9.","4","UNHIGHLIGHTED","0","0","2","2","9.","NO","","","context","context: ""9.""","NO","NO","","symbolic_or_numeric","MEDIUM","LABEL_FRAGMENT_OR_DEVICE","short label, slogan, heading or symbolic device rather than a proposition","to irreparably harm relationships w/ our allies  ⏎ 4.	POTUS will collapse U.S. economy  ⏎ 5.	POTUS will collapse stock market   ⏎ 6.	POTUS will cause war w/ NK ⏎ 7.	POTUS will cause war w/ IRAN ⏎ 8.	POTUS will destroy the world.","On and on……..(knowingly false) ⏎ FEAR & SCARE PUSH. ⏎ They would rather see NK peace negotiations fail (WAR!) than see POTUS resolve.  ⏎ Scandalous Media Bias?  ⏎ Conspiracy? ⏎ Collaboration?  ⏎ What are they hiding? ⏎ FAKE NEWS MEDI","704","706","https://8ch.net/patriotsfight/res/62.html#121","","","","","","","","","UNREVIEWED"
"1822","#1822","27","p1822-s027","G_CERTIFIED_CONTEXT_NOT_PAINTED","On and on……..(knowingly false)","1","UNHIGHLIGHTED","0","0","27","27","On and on……..(knowingly false)","NO","","","context","context: ""On and on……..(knowingly false)""","NO","NO","","fragment_or_label","MEDIUM","LABEL_FRAGMENT_OR_DEVICE","short label, slogan, heading or symbolic device rather than a proposition","irreparably harm relationships w/ our allies  ⏎ 4.	POTUS will collapse U.S. economy  ⏎ 5.	POTUS will collapse stock market   ⏎ 6.	POTUS will cause war w/ NK ⏎ 7.	POTUS will cause war w/ IRAN ⏎ 8.	POTUS will destroy the world. ⏎ 9.","FEAR & SCARE PUSH. ⏎ They would rather see NK peace negotiations fail (WAR!) than see POTUS resolve.  ⏎ Scandalous Media Bias?  ⏎ Conspiracy? ⏎ Collaboration?  ⏎ What are they hiding? ⏎ FAKE NEWS MEDIA IS NOT FREE AND INDEPENDENT.","707","737","https://8ch.net/patriotsfight/res/62.html#121","","","","","","","","","UNREVIEWED"
"1822","#1822","62","p1822-s062","G_CERTIFIED_CONTEXT_NOT_PAINTED","WATERGATE X1000","2","PARTIAL_ONLY","64.29","0","5","14","X1000","NO","namedEntity | theme","namedEntity: ""WATERGATE"" [1941-1950] || theme: ""WATERGATE"" [1941-1950]","context","context: ""WATERGATE X1000""","NO","NO","","fragment_or_label","HIGH","LABEL_FRAGMENT_OR_DEVICE","short label, slogan, heading or symbolic device rather than a proposition","t understand.  ⏎ Is any of this normal? ⏎ Think sealed indictments count. ⏎ Think resignations of CEOs. ⏎ Think resignations of Senators. ⏎ Think resignations of Congress. ⏎ Think termination of sr FBI… ⏎ Think termination of sr DOJ…","Attacks will only intensify.  ⏎ Logical thinking. ⏎ Ask yourself a simple question – WHY???? ⏎ Q","1941","1956","https://8ch.net/patriotsfight/res/62.html#121","","","","","","","","","UNREVIEWED"
"1830","#1830","2","p1830-s002","G_CERTIFIED_CONTEXT_NOT_PAINTED","(888) 373-7888","1","UNHIGHLIGHTED","0","0","13","13","(888) 373-7888","NO","","","context","context: ""(888) 373-7888""","NO","NO","","symbolic_or_numeric","HIGH","LABEL_FRAGMENT_OR_DEVICE","short label, slogan, heading or symbolic device rather than a proposition","THE CLINTON FOUNDATION.","Q","24","38","https://8ch.net/patriotsfight/res/62.html#128","","","","","","","","","UNREVIEWED"
"1833","#1833","2","p1833-s002","G_CERTIFIED_CONTEXT_NOT_PAINTED",">>>THIS ALL REVOLVES AROUND REMOVING NUNES<<<","1","PARTIAL_ONLY","12.5","0","35","40",">>>THIS ALL REVOLVES AROUND REMOVING ⋯ <<<","NO","namedEntity","namedEntity: ""NUNES"" [117-122]","context","context: "">>>THIS ALL REVOLVES AROUND REMOVING NUNES<<<""","NO","NO","","sentence_like_no_terminal","HIGH","CLAIM_CANDIDATE","declarative prose — decide Q-authored claim vs quoted claim vs aphorism","http://thehill.com/homenews/campaign/401247-dems-seek-gop-wipeout-in-california","CA/NY notorious voter fraud. ⏎ Controlled & Coordinated by Corrupt [+ so-called volunteers] State Officials. ⏎ Logical Thinking. ⏎ WHY ARE D'S OPPOSED TO IMPLEMENTING VOTE ID LAW? ⏎ Q","80","125","https://8ch.net/patriotsfight/res/62.html#130","","","","","","","","","UNREVIEWED"
"1838","#1838","1","p1838-s001","G_CERTIFIED_CONTEXT_NOT_PAINTED","Code: AB-aKd&Egh281Q","1","UNHIGHLIGHTED","0","0","19","19","Code: AB-aKd&Egh281Q","NO","","","context","context: ""Code: AB-aKd&Egh281Q""","NO","NO","","fragment_or_label","HIGH","LABEL_FRAGMENT_OR_DEVICE","short label, slogan, heading or symbolic device rather than a proposition","","282-18-2983821-28172391u721 ⏎ DISTRESS. ⏎ CHECK-IN 00:00+[37209-a271927]-[381937821] ⏎ ROUTE T ⏎ Q","0","20","https://8ch.net/patriotsfight/res/62.html#135","","","","","","","","","UNREVIEWED"
"1838","#1838","2","p1838-s002","G_CERTIFIED_CONTEXT_NOT_PAINTED","282-18-2983821-28172391u721","1","UNHIGHLIGHTED","0","0","27","27","282-18-2983821-28172391u721","NO","","","context","context: ""282-18-2983821-28172391u721""","NO","NO","","fragment_or_label","HIGH","LABEL_FRAGMENT_OR_DEVICE","short label, slogan, heading or symbolic device rather than a proposition","Code: AB-aKd&Egh281Q","DISTRESS. ⏎ CHECK-IN 00:00+[37209-a271927]-[381937821] ⏎ ROUTE T ⏎ Q","21","48","https://8ch.net/patriotsfight/res/62.html#135","","","","","","","","","UNREVIEWED"
"1838","#1838","5","p1838-s005","G_CERTIFIED_CONTEXT_NOT_PAINTED","ROUTE T","1","UNHIGHLIGHTED","0","0","6","6","ROUTE T","NO","","","context","context: ""ROUTE T""","NO","NO","","fragment_or_label","HIGH","LABEL_FRAGMENT_OR_DEVICE","short label, slogan, heading or symbolic device rather than a proposition","Code: AB-aKd&Egh281Q ⏎ 282-18-2983821-28172391u721 ⏎ DISTRESS. ⏎ CHECK-IN 00:00+[37209-a271927]-[381937821]","Q","102","109","https://8ch.net/patriotsfight/res/62.html#135","","","","","","","","","UNREVIEWED"
"1839","#1839","1","p1839-s001","G_CERTIFIED_CONTEXT_NOT_PAINTED","PACKET HDQ-7309217392","1","UNHIGHLIGHTED","0","0","20","20","PACKET HDQ-7309217392","NO","","","context","context: ""PACKET HDQ-7309217392""","NO","NO","","fragment_or_label","HIGH","LABEL_FRAGMENT_OR_DEVICE","short label, slogan, heading or symbolic device rather than a proposition","","Q","0","21","https://8ch.net/patriotsfight/res/62.html#136","","","","","","","","","UNREVIEWED"
"1841","#1841","8","p1841-s008","G_CERTIFIED_CONTEXT_NOT_PAINTED","+GOOG","5","UNHIGHLIGHTED","0","0","5","5","+GOOG","NO","","","context","context: ""+GOOG""","NO","NO","","fragment_or_label","HIGH","LABEL_FRAGMENT_OR_DEVICE","short label, slogan, heading or symbolic device rather than a proposition","etition mission is to enforce the rules of the competitive marketplace — the antitrust laws. These laws promote vigorous competition and protect consumers from anticompetitive mergers and business practices."" ⏎ Reconcile.","+FB ⏎ +TWITTER ⏎ [CHANGE WE CAN BELIEVE IN] ⏎ Q","668","673","https://8ch.net/patriotsfight/res/62.html#138","","","","","","","","","UNREVIEWED"
"1849","#1849","2","p1849-s002","G_CERTIFIED_CONTEXT_NOT_PAINTED","Ex 1 GOOG","1","PARTIAL_ONLY","57.14","0","3","7","Ex 1","NO","namedEntity","namedEntity: ""GOOG"" [27-31]","context","context: ""Ex 1 GOOG""","NO","NO","","fragment_or_label","HIGH","LABEL_FRAGMENT_OR_DEVICE","short label, slogan, heading or symbolic device rather than a proposition","Welcome to THE SWAMP.","State Dept [HRC]>>Eric Schmidt>>Lisa Shields ⏎ https://www.cfr.org/board-directors ⏎ https://www.politico.com/story/2012/02/molinari-to-head-googles-dc-office-073217 ⏎ Bill Paxon. ⏎ Akin Gump Strauss Hauer & Feld LLP ⏎ https://en","22","31","https://8ch.net/patriotsfight/res/62.html#142","","","","","","","","","UNREVIEWED"
"1850","#1850","6","p1850-s006","G_CERTIFIED_CONTEXT_NOT_PAINTED","Bob Corker - Republican","2","PARTIAL_ONLY","45","0","11","20","- Republican","NO","namedEntity","namedEntity: ""Bob Corker"" [165-175]","context","context: ""Bob Corker - Republican""","NO","NO","","fragment_or_label","HIGH","LABEL_FRAGMENT_OR_DEVICE","short label, slogan, heading or symbolic device rather than a proposition","http://www.foxnews.com/politics/2018/08/10/west-virginia-lawmakers-move-to-impeach-entire-supreme-court.html ⏎ Normal? ⏎ [Not Updated] ⏎ Not seeking re-election. ⏎ [Senate]","Jeff Flake - Republican  ⏎ Orrin Hatch - Republican  ⏎ No Name - Republican [Departure Soon] ⏎ [House] ⏎ Bill Shuster - Republican  ⏎ Bob Goodlatte - Republican  ⏎ Carol Shea-Porter - Democrat  ⏎ Charles W. Dent - Republican  ⏎ Darrel","165","188","https://8ch.net/patriotsfight/res/62.html#143","","","","","","","","","UNREVIEWED"
"1850","#1850","7","p1850-s007","G_CERTIFIED_CONTEXT_NOT_PAINTED","Jeff Flake - Republican","2","PARTIAL_ONLY","45","0","11","20","- Republican","NO","namedEntity","namedEntity: ""Jeff Flake"" [190-200]","context","context: ""Jeff Flake - Republican""","NO","NO","","fragment_or_label","HIGH","LABEL_FRAGMENT_OR_DEVICE","short label, slogan, heading or symbolic device rather than a proposition","http://www.foxnews.com/politics/2018/08/10/west-virginia-lawmakers-move-to-impeach-entire-supreme-court.html ⏎ Normal? ⏎ [Not Updated] ⏎ Not seeking re-election. ⏎ [Senate] ⏎ Bob Corker - Republican","Orrin Hatch - Republican  ⏎ No Name - Republican [Departure Soon] ⏎ [House] ⏎ Bill Shuster - Republican  ⏎ Bob Goodlatte - Republican  ⏎ Carol Shea-Porter - Democrat  ⏎ Charles W. Dent - Republican  ⏎ Darrell Issa - Republican  ⏎ Dave","190","213","https://8ch.net/patriotsfight/res/62.html#143","","","","","","","","","UNREVIEWED"
"1850","#1850","8","p1850-s008","G_CERTIFIED_CONTEXT_NOT_PAINTED","Orrin Hatch - Republican","2","PARTIAL_ONLY","47.62","0","11","21","- Republican","NO","namedEntity","namedEntity: ""Orrin Hatch"" [215-226]","context","context: ""Orrin Hatch - Republican""","NO","NO","","fragment_or_label","HIGH","LABEL_FRAGMENT_OR_DEVICE","short label, slogan, heading or symbolic device rather than a proposition","http://www.foxnews.com/politics/2018/08/10/west-virginia-lawmakers-move-to-impeach-entire-supreme-court.html ⏎ Normal? ⏎ [Not Updated] ⏎ Not seeking re-election. ⏎ [Senate] ⏎ Bob Corker - Republican  ⏎ Jeff Flake - Republican","No Name - Republican [Departure Soon] ⏎ [House] ⏎ Bill Shuster - Republican  ⏎ Bob Goodlatte - Republican  ⏎ Carol Shea-Porter - Democrat  ⏎ Charles W. Dent - Republican  ⏎ Darrell Issa - Republican  ⏎ Dave Reichert - Republican  ⏎ Da","215","239","https://8ch.net/patriotsfight/res/62.html#143","","","","","","","","","UNREVIEWED"
"1850","#1850","11","p1850-s011","G_CERTIFIED_CONTEXT_NOT_PAINTED","Bill Shuster - Republican","2","PARTIAL_ONLY","50","0","11","22","- Republican","NO","namedEntity","namedEntity: ""Bill Shuster"" [287-299]","context","context: ""Bill Shuster - Republican""","NO","NO","","fragment_or_label","HIGH","LABEL_FRAGMENT_OR_DEVICE","short label, slogan, heading or symbolic device rather than a proposition","move-to-impeach-entire-supreme-court.html ⏎ Normal? ⏎ [Not Updated] ⏎ Not seeking re-election. ⏎ [Senate] ⏎ Bob Corker - Republican  ⏎ Jeff Flake - Republican  ⏎ Orrin Hatch - Republican  ⏎ No Name - Republican [Departure Soon] ⏎ [House]","Bob Goodlatte - Republican  ⏎ Carol Shea-Porter - Democrat  ⏎ Charles W. Dent - Republican  ⏎ Darrell Issa - Republican  ⏎ Dave Reichert - Republican  ⏎ David Trott - Republican  ⏎ Dennis Ross - Republican  ⏎ Edward Royce - Republic","287","312","https://8ch.net/patriotsfight/res/62.html#143","","","","","","","","","UNREVIEWED"
"1850","#1850","12","p1850-s012","G_CERTIFIED_CONTEXT_NOT_PAINTED","Bob Goodlatte - Republican","2","PARTIAL_ONLY","52.17","0","11","23","- Republican","NO","namedEntity","namedEntity: ""Bob Goodlatte"" [314-327]","context","context: ""Bob Goodlatte - Republican""","NO","NO","","fragment_or_label","HIGH","LABEL_FRAGMENT_OR_DEVICE","short label, slogan, heading or symbolic device rather than a proposition","eme-court.html ⏎ Normal? ⏎ [Not Updated] ⏎ Not seeking re-election. ⏎ [Senate] ⏎ Bob Corker - Republican  ⏎ Jeff Flake - Republican  ⏎ Orrin Hatch - Republican  ⏎ No Name - Republican [Departure Soon] ⏎ [House] ⏎ Bill Shuster - Republican","Carol Shea-Porter - Democrat  ⏎ Charles W. Dent - Republican  ⏎ Darrell Issa - Republican  ⏎ Dave Reichert - Republican  ⏎ David Trott - Republican  ⏎ Dennis Ross - Republican  ⏎ Edward Royce - Republican  ⏎ Elizabeth Esty - Democra","314","340","https://8ch.net/patriotsfight/res/62.html#143","","","","","","","","","UNREVIEWED"
"1850","#1850","13","p1850-s013","G_CERTIFIED_CONTEXT_NOT_PAINTED","Carol Shea-Porter - Democrat","2","PARTIAL_ONLY","64","0","9","25","- Democrat","NO","namedEntity","namedEntity: ""Carol Shea-Porter"" [342-359]","context","context: ""Carol Shea-Porter - Democrat""","NO","NO","","fragment_or_label","HIGH","LABEL_FRAGMENT_OR_DEVICE","short label, slogan, heading or symbolic device rather than a proposition","Updated] ⏎ Not seeking re-election. ⏎ [Senate] ⏎ Bob Corker - Republican  ⏎ Jeff Flake - Republican  ⏎ Orrin Hatch - Republican  ⏎ No Name - Republican [Departure Soon] ⏎ [House] ⏎ Bill Shuster - Republican  ⏎ Bob Goodlatte - Republican","Charles W. Dent - Republican  ⏎ Darrell Issa - Republican  ⏎ Dave Reichert - Republican  ⏎ David Trott - Republican  ⏎ Dennis Ross - Republican  ⏎ Edward Royce - Republican  ⏎ Elizabeth Esty - Democrat ⏎ Frank LoBiondo - Republican","342","370","https://8ch.net/patriotsfight/res/62.html#143","","","","","","","","","UNREVIEWED"
"1850","#1850","15","p1850-s015","G_CERTIFIED_CONTEXT_NOT_PAINTED","Dent - Republican","2","PARTIAL_ONLY","26.67","0","11","15","- Republican","NO","namedEntity","namedEntity: ""Charles W. Dent"" [372-387]","context","context: ""Charles W. Dent - Republican""","NO","NO","","fragment_or_label","MEDIUM","LABEL_FRAGMENT_OR_DEVICE","short label, slogan, heading or symbolic device rather than a proposition","] ⏎ Bob Corker - Republican  ⏎ Jeff Flake - Republican  ⏎ Orrin Hatch - Republican  ⏎ No Name - Republican [Departure Soon] ⏎ [House] ⏎ Bill Shuster - Republican  ⏎ Bob Goodlatte - Republican  ⏎ Carol Shea-Porter - Democrat  ⏎ Charles W.","Darrell Issa - Republican  ⏎ Dave Reichert - Republican  ⏎ David Trott - Republican  ⏎ Dennis Ross - Republican  ⏎ Edward Royce - Republican  ⏎ Elizabeth Esty - Democrat ⏎ Frank LoBiondo - Republican  ⏎ Gene Green - Democrat  ⏎ Gregg","383","400","https://8ch.net/patriotsfight/res/62.html#143","","","","","","","","","UNREVIEWED"
"1850","#1850","16","p1850-s016","G_CERTIFIED_CONTEXT_NOT_PAINTED","Darrell Issa - Republican","2","PARTIAL_ONLY","50","0","11","22","- Republican","NO","namedEntity","namedEntity: ""Darrell Issa"" [402-414]","context","context: ""Darrell Issa - Republican""","NO","NO","","fragment_or_label","HIGH","LABEL_FRAGMENT_OR_DEVICE","short label, slogan, heading or symbolic device rather than a proposition","blican  ⏎ Jeff Flake - Republican  ⏎ Orrin Hatch - Republican  ⏎ No Name - Republican [Departure Soon] ⏎ [House] ⏎ Bill Shuster - Republican  ⏎ Bob Goodlatte - Republican  ⏎ Carol Shea-Porter - Democrat  ⏎ Charles W. Dent - Republican","Dave Reichert - Republican  ⏎ David Trott - Republican  ⏎ Dennis Ross - Republican  ⏎ Edward Royce - Republican  ⏎ Elizabeth Esty - Democrat ⏎ Frank LoBiondo - Republican  ⏎ Gene Green - Democrat  ⏎ Gregg Harper - Republican  ⏎ Ileana","402","427","https://8ch.net/patriotsfight/res/62.html#143","","","","","","","","","UNREVIEWED"
"1850","#1850","17","p1850-s017","G_CERTIFIED_CONTEXT_NOT_PAINTED","Dave Reichert - Republican","2","PARTIAL_ONLY","52.17","0","11","23","- Republican","NO","namedEntity","namedEntity: ""Dave Reichert"" [429-442]","context","context: ""Dave Reichert - Republican""","NO","NO","","fragment_or_label","HIGH","LABEL_FRAGMENT_OR_DEVICE","short label, slogan, heading or symbolic device rather than a proposition","ican  ⏎ Orrin Hatch - Republican  ⏎ No Name - Republican [Departure Soon] ⏎ [House] ⏎ Bill Shuster - Republican  ⏎ Bob Goodlatte - Republican  ⏎ Carol Shea-Porter - Democrat  ⏎ Charles W. Dent - Republican  ⏎ Darrell Issa - Republican","David Trott - Republican  ⏎ Dennis Ross - Republican  ⏎ Edward Royce - Republican  ⏎ Elizabeth Esty - Democrat ⏎ Frank LoBiondo - Republican  ⏎ Gene Green - Democrat  ⏎ Gregg Harper - Republican  ⏎ Ileana Ros-Lehtinen - Republican","429","455","https://8ch.net/patriotsfight/res/62.html#143","","","","","","","","","UNREVIEWED"
"1850","#1850","18","p1850-s018","G_CERTIFIED_CONTEXT_NOT_PAINTED","David Trott - Republican","2","PARTIAL_ONLY","47.62","0","11","21","- Republican","NO","namedEntity","namedEntity: ""David Trott"" [457-468]","context","context: ""David Trott - Republican""","NO","NO","","fragment_or_label","HIGH","LABEL_FRAGMENT_OR_DEVICE","short label, slogan, heading or symbolic device rather than a proposition","an  ⏎ No Name - Republican [Departure Soon] ⏎ [House] ⏎ Bill Shuster - Republican  ⏎ Bob Goodlatte - Republican  ⏎ Carol Shea-Porter - Democrat  ⏎ Charles W. Dent - Republican  ⏎ Darrell Issa - Republican  ⏎ Dave Reichert - Republican","Dennis Ross - Republican  ⏎ Edward Royce - Republican  ⏎ Elizabeth Esty - Democrat ⏎ Frank LoBiondo - Republican  ⏎ Gene Green - Democrat  ⏎ Gregg Harper - Republican  ⏎ Ileana Ros-Lehtinen - Republican  ⏎ Jeb Hensarling - Republica","457","481","https://8ch.net/patriotsfight/res/62.html#143","","","","","","","","","UNREVIEWED"
"1850","#1850","19","p1850-s019","G_CERTIFIED_CONTEXT_NOT_PAINTED","Dennis Ross - Republican","2","PARTIAL_ONLY","47.62","0","11","21","- Republican","NO","namedEntity","namedEntity: ""Dennis Ross"" [483-494]","context","context: ""Dennis Ross - Republican""","NO","NO","","fragment_or_label","HIGH","LABEL_FRAGMENT_OR_DEVICE","short label, slogan, heading or symbolic device rather than a proposition","Departure Soon] ⏎ [House] ⏎ Bill Shuster - Republican  ⏎ Bob Goodlatte - Republican  ⏎ Carol Shea-Porter - Democrat  ⏎ Charles W. Dent - Republican  ⏎ Darrell Issa - Republican  ⏎ Dave Reichert - Republican  ⏎ David Trott - Republican","Edward Royce - Republican  ⏎ Elizabeth Esty - Democrat ⏎ Frank LoBiondo - Republican  ⏎ Gene Green - Democrat  ⏎ Gregg Harper - Republican  ⏎ Ileana Ros-Lehtinen - Republican  ⏎ Jeb Hensarling - Republican  ⏎ Jim Bridenstine - Repub","483","507","https://8ch.net/patriotsfight/res/62.html#143","","","","","","","","","UNREVIEWED"
"1850","#1850","20","p1850-s020","G_CERTIFIED_CONTEXT_NOT_PAINTED","Edward Royce - Republican","2","PARTIAL_ONLY","50","0","11","22","- Republican","NO","namedEntity","namedEntity: ""Edward Royce"" [509-521]","context","context: ""Edward Royce - Republican""","NO","NO","","fragment_or_label","HIGH","LABEL_FRAGMENT_OR_DEVICE","short label, slogan, heading or symbolic device rather than a proposition","ll Shuster - Republican  ⏎ Bob Goodlatte - Republican  ⏎ Carol Shea-Porter - Democrat  ⏎ Charles W. Dent - Republican  ⏎ Darrell Issa - Republican  ⏎ Dave Reichert - Republican  ⏎ David Trott - Republican  ⏎ Dennis Ross - Republican","Elizabeth Esty - Democrat ⏎ Frank LoBiondo - Republican  ⏎ Gene Green - Democrat  ⏎ Gregg Harper - Republican  ⏎ Ileana Ros-Lehtinen - Republican  ⏎ Jeb Hensarling - Republican  ⏎ Jim Bridenstine - Republican ⏎ Joe Barton - Republic","509","534","https://8ch.net/patriotsfight/res/62.html#143","","","","","","","","","UNREVIEWED"
"1850","#1850","21","p1850-s021","G_CERTIFIED_CONTEXT_NOT_PAINTED","Elizabeth Esty - Democrat","2","PARTIAL_ONLY","59.09","0","9","22","- Democrat","NO","namedEntity","namedEntity: ""Elizabeth Esty"" [536-550]","context","context: ""Elizabeth Esty - Democrat""","NO","NO","","fragment_or_label","HIGH","LABEL_FRAGMENT_OR_DEVICE","short label, slogan, heading or symbolic device rather than a proposition","b Goodlatte - Republican  ⏎ Carol Shea-Porter - Democrat  ⏎ Charles W. Dent - Republican  ⏎ Darrell Issa - Republican  ⏎ Dave Reichert - Republican  ⏎ David Trott - Republican  ⏎ Dennis Ross - Republican  ⏎ Edward Royce - Republican","Frank LoBiondo - Republican  ⏎ Gene Green - Democrat  ⏎ Gregg Harper - Republican  ⏎ Ileana Ros-Lehtinen - Republican  ⏎ Jeb Hensarling - Republican  ⏎ Jim Bridenstine - Republican ⏎ Joe Barton - Republican  ⏎ John Delaney - Democrat","536","561","https://8ch.net/patriotsfight/res/62.html#143","","","","","","","","","UNREVIEWED"
"1850","#1850","22","p1850-s022","G_CERTIFIED_CONTEXT_NOT_PAINTED","Frank LoBiondo - Republican","2","PARTIAL_ONLY","54.17","0","11","24","- Republican","NO","namedEntity","namedEntity: ""Frank LoBiondo"" [562-576]","context","context: ""Frank LoBiondo - Republican""","NO","NO","","fragment_or_label","HIGH","LABEL_FRAGMENT_OR_DEVICE","short label, slogan, heading or symbolic device rather than a proposition","Carol Shea-Porter - Democrat  ⏎ Charles W. Dent - Republican  ⏎ Darrell Issa - Republican  ⏎ Dave Reichert - Republican  ⏎ David Trott - Republican  ⏎ Dennis Ross - Republican  ⏎ Edward Royce - Republican  ⏎ Elizabeth Esty - Democrat","Gene Green - Democrat  ⏎ Gregg Harper - Republican  ⏎ Ileana Ros-Lehtinen - Republican  ⏎ Jeb Hensarling - Republican  ⏎ Jim Bridenstine - Republican ⏎ Joe Barton - Republican  ⏎ John Delaney - Democrat ⏎ John J. Duncan, Jr. - Repub","562","589","https://8ch.net/patriotsfight/res/62.html#143","","","","","","","","","UNREVIEWED"
"1850","#1850","23","p1850-s023","G_CERTIFIED_CONTEXT_NOT_PAINTED","Gene Green - Democrat","2","PARTIAL_ONLY","50","0","9","18","- Democrat","NO","namedEntity","namedEntity: ""Gene Green"" [591-601]","context","context: ""Gene Green - Democrat""","NO","NO","","fragment_or_label","HIGH","LABEL_FRAGMENT_OR_DEVICE","short label, slogan, heading or symbolic device rather than a proposition","Charles W. Dent - Republican  ⏎ Darrell Issa - Republican  ⏎ Dave Reichert - Republican  ⏎ David Trott - Republican  ⏎ Dennis Ross - Republican  ⏎ Edward Royce - Republican  ⏎ Elizabeth Esty - Democrat ⏎ Frank LoBiondo - Republican","Gregg Harper - Republican  ⏎ Ileana Ros-Lehtinen - Republican  ⏎ Jeb Hensarling - Republican  ⏎ Jim Bridenstine - Republican ⏎ Joe Barton - Republican  ⏎ John Delaney - Democrat ⏎ John J. Duncan, Jr. - Republican  ⏎ Lamar Smith - Re","591","612","https://8ch.net/patriotsfight/res/62.html#143","","","","","","","","","UNREVIEWED"
"1850","#1850","24","p1850-s024","G_CERTIFIED_CONTEXT_NOT_PAINTED","Gregg Harper - Republican","2","PARTIAL_ONLY","50","0","11","22","- Republican","NO","namedEntity","namedEntity: ""Gregg Harper"" [614-626]","context","context: ""Gregg Harper - Republican""","NO","NO","","fragment_or_label","HIGH","LABEL_FRAGMENT_OR_DEVICE","short label, slogan, heading or symbolic device rather than a proposition","blican  ⏎ Darrell Issa - Republican  ⏎ Dave Reichert - Republican  ⏎ David Trott - Republican  ⏎ Dennis Ross - Republican  ⏎ Edward Royce - Republican  ⏎ Elizabeth Esty - Democrat ⏎ Frank LoBiondo - Republican  ⏎ Gene Green - Democrat","Ileana Ros-Lehtinen - Republican  ⏎ Jeb Hensarling - Republican  ⏎ Jim Bridenstine - Republican ⏎ Joe Barton - Republican  ⏎ John Delaney - Democrat ⏎ John J. Duncan, Jr. - Republican  ⏎ Lamar Smith - Republican  ⏎ Luis V. Gutierrez","614","639","https://8ch.net/patriotsfight/res/62.html#143","","","","","","","","","UNREVIEWED"
"1850","#1850","25","p1850-s025","G_CERTIFIED_CONTEXT_NOT_PAINTED","Ileana Ros-Lehtinen - Republican","2","PARTIAL_ONLY","62.07","0","11","29","- Republican","NO","namedEntity","namedEntity: ""Ileana Ros-Lehtinen"" [641-660]","context","context: ""Ileana Ros-Lehtinen - Republican""","NO","NO","","fragment_or_label","HIGH","LABEL_FRAGMENT_OR_DEVICE","short label, slogan, heading or symbolic device rather than a proposition","blican  ⏎ Dave Reichert - Republican  ⏎ David Trott - Republican  ⏎ Dennis Ross - Republican  ⏎ Edward Royce - Republican  ⏎ Elizabeth Esty - Democrat ⏎ Frank LoBiondo - Republican  ⏎ Gene Green - Democrat  ⏎ Gregg Harper - Republican","Jeb Hensarling - Republican  ⏎ Jim Bridenstine - Republican ⏎ Joe Barton - Republican  ⏎ John Delaney - Democrat ⏎ John J. Duncan, Jr. - Republican  ⏎ Lamar Smith - Republican  ⏎ Luis V. Gutierrez - Democrat  ⏎ Lynn Jenkins - Republ","641","673","https://8ch.net/patriotsfight/res/62.html#143","","","","","","","","","UNREVIEWED"
"1850","#1850","26","p1850-s026","G_CERTIFIED_CONTEXT_NOT_PAINTED","Jeb Hensarling - Republican","2","PARTIAL_ONLY","54.17","0","11","24","- Republican","NO","namedEntity","namedEntity: ""Jeb Hensarling"" [675-689]","context","context: ""Jeb Hensarling - Republican""","NO","NO","","sentence_like_no_terminal","HIGH","CLAIM_CANDIDATE","declarative prose — decide Q-authored claim vs quoted claim vs aphorism","David Trott - Republican  ⏎ Dennis Ross - Republican  ⏎ Edward Royce - Republican  ⏎ Elizabeth Esty - Democrat ⏎ Frank LoBiondo - Republican  ⏎ Gene Green - Democrat  ⏎ Gregg Harper - Republican  ⏎ Ileana Ros-Lehtinen - Republican","Jim Bridenstine - Republican ⏎ Joe Barton - Republican  ⏎ John Delaney - Democrat ⏎ John J. Duncan, Jr. - Republican  ⏎ Lamar Smith - Republican  ⏎ Luis V. Gutierrez - Democrat  ⏎ Lynn Jenkins - Republican  ⏎ Niki Tsongas - Democrat","675","702","https://8ch.net/patriotsfight/res/62.html#143","","","","","","","","","UNREVIEWED"
"1850","#1850","27","p1850-s027","G_CERTIFIED_CONTEXT_NOT_PAINTED","Jim Bridenstine - Republican","2","PARTIAL_ONLY","56","0","11","25","- Republican","NO","namedEntity","namedEntity: ""Jim Bridenstine"" [704-719]","context","context: ""Jim Bridenstine - Republican""","NO","NO","","fragment_or_label","HIGH","LABEL_FRAGMENT_OR_DEVICE","short label, slogan, heading or symbolic device rather than a proposition","ennis Ross - Republican  ⏎ Edward Royce - Republican  ⏎ Elizabeth Esty - Democrat ⏎ Frank LoBiondo - Republican  ⏎ Gene Green - Democrat  ⏎ Gregg Harper - Republican  ⏎ Ileana Ros-Lehtinen - Republican  ⏎ Jeb Hensarling - Republican","Joe Barton - Republican  ⏎ John Delaney - Democrat ⏎ John J. Duncan, Jr. - Republican  ⏎ Lamar Smith - Republican  ⏎ Luis V. Gutierrez - Democrat  ⏎ Lynn Jenkins - Republican  ⏎ Niki Tsongas - Democrat ⏎ Paul Ryan - Republican  ⏎ Rick","704","732","https://8ch.net/patriotsfight/res/62.html#143","","","","","","","","","UNREVIEWED"
"1850","#1850","28","p1850-s028","G_CERTIFIED_CONTEXT_NOT_PAINTED","Joe Barton - Republican","2","PARTIAL_ONLY","45","0","11","20","- Republican","NO","namedEntity","namedEntity: ""Joe Barton"" [733-743]","context","context: ""Joe Barton - Republican""","NO","NO","","fragment_or_label","HIGH","LABEL_FRAGMENT_OR_DEVICE","short label, slogan, heading or symbolic device rather than a proposition","rd Royce - Republican  ⏎ Elizabeth Esty - Democrat ⏎ Frank LoBiondo - Republican  ⏎ Gene Green - Democrat  ⏎ Gregg Harper - Republican  ⏎ Ileana Ros-Lehtinen - Republican  ⏎ Jeb Hensarling - Republican  ⏎ Jim Bridenstine - Republican","John Delaney - Democrat ⏎ John J. Duncan, Jr. - Republican  ⏎ Lamar Smith - Republican  ⏎ Luis V. Gutierrez - Democrat  ⏎ Lynn Jenkins - Republican  ⏎ Niki Tsongas - Democrat ⏎ Paul Ryan - Republican  ⏎ Rick Nolan - Democrat  ⏎ Robert","733","756","https://8ch.net/patriotsfight/res/62.html#143","","","","","","","","","UNREVIEWED"
"1850","#1850","32","p1850-s032","G_CERTIFIED_CONTEXT_NOT_PAINTED","Lamar Smith - Republican","2","PARTIAL_ONLY","47.62","0","11","21","- Republican","NO","namedEntity","namedEntity: ""Lamar Smith"" [816-827]","context","context: ""Lamar Smith - Republican""","NO","NO","","fragment_or_label","HIGH","LABEL_FRAGMENT_OR_DEVICE","short label, slogan, heading or symbolic device rather than a proposition","Green - Democrat  ⏎ Gregg Harper - Republican  ⏎ Ileana Ros-Lehtinen - Republican  ⏎ Jeb Hensarling - Republican  ⏎ Jim Bridenstine - Republican ⏎ Joe Barton - Republican  ⏎ John Delaney - Democrat ⏎ John J. Duncan, Jr. - Republican","Luis V. Gutierrez - Democrat  ⏎ Lynn Jenkins - Republican  ⏎ Niki Tsongas - Democrat ⏎ Paul Ryan - Republican  ⏎ Rick Nolan - Democrat  ⏎ Robert Brady - Democrat ⏎ Rodney Frelinghuysen - Republican  ⏎ Ruben J. Kihuen - Democrat  ⏎ Rya","816","840","https://8ch.net/patriotsfight/res/62.html#143","","","","","","","","","UNREVIEWED"
"1850","#1850","34","p1850-s034","G_CERTIFIED_CONTEXT_NOT_PAINTED","Gutierrez - Democrat","2","PARTIAL_ONLY","50","0","9","18","- Democrat","NO","namedEntity","namedEntity: ""Luis V. Gutierrez"" [842-859]","context","context: ""Luis V. Gutierrez - Democrat""","NO","NO","","fragment_or_label","MEDIUM","LABEL_FRAGMENT_OR_DEVICE","short label, slogan, heading or symbolic device rather than a proposition","epublican  ⏎ Ileana Ros-Lehtinen - Republican  ⏎ Jeb Hensarling - Republican  ⏎ Jim Bridenstine - Republican ⏎ Joe Barton - Republican  ⏎ John Delaney - Democrat ⏎ John J. Duncan, Jr. - Republican  ⏎ Lamar Smith - Republican  ⏎ Luis V.","Lynn Jenkins - Republican  ⏎ Niki Tsongas - Democrat ⏎ Paul Ryan - Republican  ⏎ Rick Nolan - Democrat  ⏎ Robert Brady - Democrat ⏎ Rodney Frelinghuysen - Republican  ⏎ Ruben J. Kihuen - Democrat  ⏎ Ryan Costello - Republican  ⏎ Sam J","850","870","https://8ch.net/patriotsfight/res/62.html#143","","","","","","","","","UNREVIEWED"
"1850","#1850","35","p1850-s035","G_CERTIFIED_CONTEXT_NOT_PAINTED","Lynn Jenkins - Republican","2","PARTIAL_ONLY","50","0","11","22","- Republican","NO","namedEntity","namedEntity: ""Lynn Jenkins"" [872-884]","context","context: ""Lynn Jenkins - Republican""","NO","NO","","fragment_or_label","HIGH","LABEL_FRAGMENT_OR_DEVICE","short label, slogan, heading or symbolic device rather than a proposition","Lehtinen - Republican  ⏎ Jeb Hensarling - Republican  ⏎ Jim Bridenstine - Republican ⏎ Joe Barton - Republican  ⏎ John Delaney - Democrat ⏎ John J. Duncan, Jr. - Republican  ⏎ Lamar Smith - Republican  ⏎ Luis V. Gutierrez - Democrat","Niki Tsongas - Democrat ⏎ Paul Ryan - Republican  ⏎ Rick Nolan - Democrat  ⏎ Robert Brady - Democrat ⏎ Rodney Frelinghuysen - Republican  ⏎ Ruben J. Kihuen - Democrat  ⏎ Ryan Costello - Republican  ⏎ Sam Johnson - Republican  ⏎ Sandy","872","897","https://8ch.net/patriotsfight/res/62.html#143","","","","","","","","","UNREVIEWED"
"1850","#1850","36","p1850-s036","G_CERTIFIED_CONTEXT_NOT_PAINTED","Niki Tsongas - Democrat","2","PARTIAL_ONLY","55","0","9","20","- Democrat","NO","namedEntity","namedEntity: ""Niki Tsongas"" [899-911]","context","context: ""Niki Tsongas - Democrat""","NO","NO","","fragment_or_label","HIGH","LABEL_FRAGMENT_OR_DEVICE","short label, slogan, heading or symbolic device rather than a proposition","Hensarling - Republican  ⏎ Jim Bridenstine - Republican ⏎ Joe Barton - Republican  ⏎ John Delaney - Democrat ⏎ John J. Duncan, Jr. - Republican  ⏎ Lamar Smith - Republican  ⏎ Luis V. Gutierrez - Democrat  ⏎ Lynn Jenkins - Republican","Paul Ryan - Republican  ⏎ Rick Nolan - Democrat  ⏎ Robert Brady - Democrat ⏎ Rodney Frelinghuysen - Republican  ⏎ Ruben J. Kihuen - Democrat  ⏎ Ryan Costello - Republican  ⏎ Sam Johnson - Republican  ⏎ Sandy Levin - Democrat  ⏎ Ted Poe","899","922","https://8ch.net/patriotsfight/res/62.html#143","","","","","","","","","UNREVIEWED"
"1850","#1850","37","p1850-s037","G_CERTIFIED_CONTEXT_NOT_PAINTED","Paul Ryan - Republican","2","PARTIAL_ONLY","42.11","0","11","19","- Republican","NO","namedEntity","namedEntity: ""Paul Ryan"" [923-932] || namedEntity: ""Ryan"" [928-932]","context","context: ""Paul Ryan - Republican""","NO","NO","","fragment_or_label","HIGH","LABEL_FRAGMENT_OR_DEVICE","short label, slogan, heading or symbolic device rather than a proposition","Jim Bridenstine - Republican ⏎ Joe Barton - Republican  ⏎ John Delaney - Democrat ⏎ John J. Duncan, Jr. - Republican  ⏎ Lamar Smith - Republican  ⏎ Luis V. Gutierrez - Democrat  ⏎ Lynn Jenkins - Republican  ⏎ Niki Tsongas - Democrat","Rick Nolan - Democrat  ⏎ Robert Brady - Democrat ⏎ Rodney Frelinghuysen - Republican  ⏎ Ruben J. Kihuen - Democrat  ⏎ Ryan Costello - Republican  ⏎ Sam Johnson - Republican  ⏎ Sandy Levin - Democrat  ⏎ Ted Poe - Republican  ⏎ Thomas R","923","945","https://8ch.net/patriotsfight/res/62.html#143","","","","","","","","","UNREVIEWED"
"1850","#1850","38","p1850-s038","G_CERTIFIED_CONTEXT_NOT_PAINTED","Rick Nolan - Democrat","2","PARTIAL_ONLY","50","0","9","18","- Democrat","NO","namedEntity","namedEntity: ""Rick Nolan"" [947-957]","context","context: ""Rick Nolan - Democrat""","NO","NO","","fragment_or_label","HIGH","LABEL_FRAGMENT_OR_DEVICE","short label, slogan, heading or symbolic device rather than a proposition","lican ⏎ Joe Barton - Republican  ⏎ John Delaney - Democrat ⏎ John J. Duncan, Jr. - Republican  ⏎ Lamar Smith - Republican  ⏎ Luis V. Gutierrez - Democrat  ⏎ Lynn Jenkins - Republican  ⏎ Niki Tsongas - Democrat ⏎ Paul Ryan - Republican","Robert Brady - Democrat ⏎ Rodney Frelinghuysen - Republican  ⏎ Ruben J. Kihuen - Democrat  ⏎ Ryan Costello - Republican  ⏎ Sam Johnson - Republican  ⏎ Sandy Levin - Democrat  ⏎ Ted Poe - Republican  ⏎ Thomas Rooney - Republican  ⏎ Tre","947","968","https://8ch.net/patriotsfight/res/62.html#143","","","","","","","","","UNREVIEWED"
"1850","#1850","39","p1850-s039","G_CERTIFIED_CONTEXT_NOT_PAINTED","Robert Brady - Democrat","2","PARTIAL_ONLY","55","0","9","20","- Democrat","NO","namedEntity","namedEntity: ""Robert Brady"" [970-982]","context","context: ""Robert Brady - Democrat""","NO","NO","","fragment_or_label","HIGH","LABEL_FRAGMENT_OR_DEVICE","short label, slogan, heading or symbolic device rather than a proposition","blican  ⏎ John Delaney - Democrat ⏎ John J. Duncan, Jr. - Republican  ⏎ Lamar Smith - Republican  ⏎ Luis V. Gutierrez - Democrat  ⏎ Lynn Jenkins - Republican  ⏎ Niki Tsongas - Democrat ⏎ Paul Ryan - Republican  ⏎ Rick Nolan - Democrat","Rodney Frelinghuysen - Republican  ⏎ Ruben J. Kihuen - Democrat  ⏎ Ryan Costello - Republican  ⏎ Sam Johnson - Republican  ⏎ Sandy Levin - Democrat  ⏎ Ted Poe - Republican  ⏎ Thomas Rooney - Republican  ⏎ Trey Gowdy - Republican  ⏎ [Re","970","993","https://8ch.net/patriotsfight/res/62.html#143","","","","","","","","","UNREVIEWED"
"1850","#1850","40","p1850-s040","G_CERTIFIED_CONTEXT_NOT_PAINTED","Rodney Frelinghuysen - Republican","2","PARTIAL_ONLY","63.33","0","11","30","- Republican","NO","namedEntity","namedEntity: ""Rodney Frelinghuysen"" [994-1014]","context","context: ""Rodney Frelinghuysen - Republican""","NO","NO","","fragment_or_label","HIGH","LABEL_FRAGMENT_OR_DEVICE","short label, slogan, heading or symbolic device rather than a proposition","emocrat ⏎ John J. Duncan, Jr. - Republican  ⏎ Lamar Smith - Republican  ⏎ Luis V. Gutierrez - Democrat  ⏎ Lynn Jenkins - Republican  ⏎ Niki Tsongas - Democrat ⏎ Paul Ryan - Republican  ⏎ Rick Nolan - Democrat  ⏎ Robert Brady - Democrat","Ruben J. Kihuen - Democrat  ⏎ Ryan Costello - Republican  ⏎ Sam Johnson - Republican  ⏎ Sandy Levin - Democrat  ⏎ Ted Poe - Republican  ⏎ Thomas Rooney - Republican  ⏎ Trey Gowdy - Republican  ⏎ [Resigned] ⏎ Al Franken - Democratic U.","994","1027","https://8ch.net/patriotsfight/res/62.html#143","","","","","","","","","UNREVIEWED"
"1850","#1850","42","p1850-s042","G_CERTIFIED_CONTEXT_NOT_PAINTED","Kihuen - Democrat","2","PARTIAL_ONLY","40","0","9","15","- Democrat","NO","namedEntity","namedEntity: ""Ruben J. Kihuen"" [1029-1044]","context","context: ""Ruben J. Kihuen - Democrat""","NO","NO","","fragment_or_label","MEDIUM","LABEL_FRAGMENT_OR_DEVICE","short label, slogan, heading or symbolic device rather than a proposition","mar Smith - Republican  ⏎ Luis V. Gutierrez - Democrat  ⏎ Lynn Jenkins - Republican  ⏎ Niki Tsongas - Democrat ⏎ Paul Ryan - Republican  ⏎ Rick Nolan - Democrat  ⏎ Robert Brady - Democrat ⏎ Rodney Frelinghuysen - Republican  ⏎ Ruben J.","Ryan Costello - Republican  ⏎ Sam Johnson - Republican  ⏎ Sandy Levin - Democrat  ⏎ Ted Poe - Republican  ⏎ Thomas Rooney - Republican  ⏎ Trey Gowdy - Republican  ⏎ [Resigned] ⏎ Al Franken - Democratic U.S. Senate ⏎ Blake Farenthold -","1038","1055","https://8ch.net/patriotsfight/res/62.html#143","","","","","","","","","UNREVIEWED"
"1850","#1850","43","p1850-s043","G_CERTIFIED_CONTEXT_NOT_PAINTED","Ryan Costello - Republican","2","PARTIAL_ONLY","52.17","0","11","23","- Republican","NO","namedEntity","namedEntity: ""Ryan"" [1057-1061] || namedEntity: ""Ryan Costello"" [1057-1070]","context","context: ""Ryan Costello - Republican""","NO","NO","","fragment_or_label","HIGH","LABEL_FRAGMENT_OR_DEVICE","short label, slogan, heading or symbolic device rather than a proposition","can  ⏎ Luis V. Gutierrez - Democrat  ⏎ Lynn Jenkins - Republican  ⏎ Niki Tsongas - Democrat ⏎ Paul Ryan - Republican  ⏎ Rick Nolan - Democrat  ⏎ Robert Brady - Democrat ⏎ Rodney Frelinghuysen - Republican  ⏎ Ruben J. Kihuen - Democrat","Sam Johnson - Republican  ⏎ Sandy Levin - Democrat  ⏎ Ted Poe - Republican  ⏎ Thomas Rooney - Republican  ⏎ Trey Gowdy - Republican  ⏎ [Resigned] ⏎ Al Franken - Democratic U.S. Senate ⏎ Blake Farenthold - Republican U.S. House ⏎ Jason","1057","1083","https://8ch.net/patriotsfight/res/62.html#143","","","","","","","","","UNREVIEWED"
"1850","#1850","44","p1850-s044","G_CERTIFIED_CONTEXT_NOT_PAINTED","Sam Johnson - Republican","2","PARTIAL_ONLY","47.62","0","11","21","- Republican","NO","namedEntity","namedEntity: ""Sam Johnson"" [1085-1096]","context","context: ""Sam Johnson - Republican""","NO","NO","","fragment_or_label","HIGH","LABEL_FRAGMENT_OR_DEVICE","short label, slogan, heading or symbolic device rather than a proposition","ocrat  ⏎ Lynn Jenkins - Republican  ⏎ Niki Tsongas - Democrat ⏎ Paul Ryan - Republican  ⏎ Rick Nolan - Democrat  ⏎ Robert Brady - Democrat ⏎ Rodney Frelinghuysen - Republican  ⏎ Ruben J. Kihuen - Democrat  ⏎ Ryan Costello - Republican","Sandy Levin - Democrat  ⏎ Ted Poe - Republican  ⏎ Thomas Rooney - Republican  ⏎ Trey Gowdy - Republican  ⏎ [Resigned] ⏎ Al Franken - Democratic U.S. Senate ⏎ Blake Farenthold - Republican U.S. House ⏎ Jason Chaffetz - Republican U.S","1085","1109","https://8ch.net/patriotsfight/res/62.html#143","","","","","","","","","UNREVIEWED"
"1850","#1850","45","p1850-s045","G_CERTIFIED_CONTEXT_NOT_PAINTED","Sandy Levin - Democrat","2","PARTIAL_ONLY","52.63","0","9","19","- Democrat","NO","namedEntity","namedEntity: ""Sandy Levin"" [1111-1122]","context","context: ""Sandy Levin - Democrat""","NO","NO","","fragment_or_label","HIGH","LABEL_FRAGMENT_OR_DEVICE","short label, slogan, heading or symbolic device rather than a proposition","blican  ⏎ Niki Tsongas - Democrat ⏎ Paul Ryan - Republican  ⏎ Rick Nolan - Democrat  ⏎ Robert Brady - Democrat ⏎ Rodney Frelinghuysen - Republican  ⏎ Ruben J. Kihuen - Democrat  ⏎ Ryan Costello - Republican  ⏎ Sam Johnson - Republican","Ted Poe - Republican  ⏎ Thomas Rooney - Republican  ⏎ Trey Gowdy - Republican  ⏎ [Resigned] ⏎ Al Franken - Democratic U.S. Senate ⏎ Blake Farenthold - Republican U.S. House ⏎ Jason Chaffetz - Republican U.S. House ⏎ John Conyers, Jr","1111","1133","https://8ch.net/patriotsfight/res/62.html#143","","","","","","","","","UNREVIEWED"
"1850","#1850","46","p1850-s046","G_CERTIFIED_CONTEXT_NOT_PAINTED","Ted Poe - Republican","2","PARTIAL_ONLY","35.29","0","11","17","- Republican","NO","namedEntity","namedEntity: ""Ted Poe"" [1135-1142]","context","context: ""Ted Poe - Republican""","NO","NO","","sentence_like_no_terminal","HIGH","CLAIM_CANDIDATE","declarative prose — decide Q-authored claim vs quoted claim vs aphorism","emocrat ⏎ Paul Ryan - Republican  ⏎ Rick Nolan - Democrat  ⏎ Robert Brady - Democrat ⏎ Rodney Frelinghuysen - Republican  ⏎ Ruben J. Kihuen - Democrat  ⏎ Ryan Costello - Republican  ⏎ Sam Johnson - Republican  ⏎ Sandy Levin - Democrat","Thomas Rooney - Republican  ⏎ Trey Gowdy - Republican  ⏎ [Resigned] ⏎ Al Franken - Democratic U.S. Senate ⏎ Blake Farenthold - Republican U.S. House ⏎ Jason Chaffetz - Republican U.S. House ⏎ John Conyers, Jr. - Democrat U.S. Hous","1135","1155","https://8ch.net/patriotsfight/res/62.html#143","","","","","","","","","UNREVIEWED"
"1850","#1850","47","p1850-s047","G_CERTIFIED_CONTEXT_NOT_PAINTED","Thomas Rooney - Republican","2","PARTIAL_ONLY","52.17","0","11","23","- Republican","NO","namedEntity","namedEntity: ""Thomas Rooney"" [1157-1170]","context","context: ""Thomas Rooney - Republican""","NO","NO","","fragment_or_label","HIGH","LABEL_FRAGMENT_OR_DEVICE","short label, slogan, heading or symbolic device rather than a proposition","publican  ⏎ Rick Nolan - Democrat  ⏎ Robert Brady - Democrat ⏎ Rodney Frelinghuysen - Republican  ⏎ Ruben J. Kihuen - Democrat  ⏎ Ryan Costello - Republican  ⏎ Sam Johnson - Republican  ⏎ Sandy Levin - Democrat  ⏎ Ted Poe - Republican","Trey Gowdy - Republican  ⏎ [Resigned] ⏎ Al Franken - Democratic U.S. Senate ⏎ Blake Farenthold - Republican U.S. House ⏎ Jason Chaffetz - Republican U.S. House ⏎ John Conyers, Jr. - Democrat U.S. House ⏎ Louise Slaughter - Democra","1157","1183","https://8ch.net/patriotsfight/res/62.html#143","","","","","","","","","UNREVIEWED"
"1850","#1850","48","p1850-s048","G_CERTIFIED_CONTEXT_NOT_PAINTED","Trey Gowdy - Republican","2","PARTIAL_ONLY","45","0","11","20","- Republican","NO","namedEntity","namedEntity: ""Trey Gowdy"" [1185-1195] || namedEntity: ""Gowdy"" [1190-1195]","context","context: ""Trey Gowdy - Republican""","NO","NO","","fragment_or_label","HIGH","LABEL_FRAGMENT_OR_DEVICE","short label, slogan, heading or symbolic device rather than a proposition","rat  ⏎ Robert Brady - Democrat ⏎ Rodney Frelinghuysen - Republican  ⏎ Ruben J. Kihuen - Democrat  ⏎ Ryan Costello - Republican  ⏎ Sam Johnson - Republican  ⏎ Sandy Levin - Democrat  ⏎ Ted Poe - Republican  ⏎ Thomas Rooney - Republican","[Resigned] ⏎ Al Franken - Democratic U.S. Senate ⏎ Blake Farenthold - Republican U.S. House ⏎ Jason Chaffetz - Republican U.S. House ⏎ John Conyers, Jr. - Democrat U.S. House ⏎ Louise Slaughter - Democrat U.S. House ⏎ Patrick Meeh","1185","1208","https://8ch.net/patriotsfight/res/62.html#143","","","","","","","","","UNREVIEWED"
"1860","#1860","4","p1860-s004","G_CERTIFIED_CONTEXT_NOT_PAINTED","The More You Know…","16","UNHIGHLIGHTED","0","0","15","15","The More You Know…","NO","","","context","context: ""The More You Know…""","NO","NO","","fragment_or_label","HIGH","LABEL_FRAGMENT_OR_DEVICE","short label, slogan, heading or symbolic device rather than a proposition","https://www.reddit.com/r/greatawakening/comments/96tlyp/unbelievable_i_was_reading_a_tweet_from_jordan/ ⏎ Normal? ⏎ https://twitter.com/NBCNews/status/1028408743309008899","Q","167","185","https://8ch.net/patriotsfight/res/62.html#147","","","","","","","","","UNREVIEWED"
"1863","#1863","1","p1863-s001","G_CERTIFIED_CONTEXT_NOT_PAINTED","@SeanHannity","1","UNHIGHLIGHTED","0","0","12","12","@SeanHannity","NO","","","context","context: ""@SeanHannity""","NO","NO","","fragment_or_label","HIGH","LABEL_FRAGMENT_OR_DEVICE","short label, slogan, heading or symbolic device rather than a proposition","","@FoxNews ⏎ @TheRealRoseanne ⏎ Do not let this HYPOCRISY stand. ⏎ FIGHT! ⏎ MUCH more coming. ⏎ Q","0","12","https://8ch.net/patriotsfight/res/62.html#150","","","","","","","","","UNREVIEWED"
"1863","#1863","2","p1863-s002","G_CERTIFIED_CONTEXT_NOT_PAINTED","@FoxNews","1","UNHIGHLIGHTED","0","0","8","8","@FoxNews","NO","","","context","context: ""@FoxNews""","NO","NO","","fragment_or_label","HIGH","LABEL_FRAGMENT_OR_DEVICE","short label, slogan, heading or symbolic device rather than a proposition","@SeanHannity","@TheRealRoseanne ⏎ Do not let this HYPOCRISY stand. ⏎ FIGHT! ⏎ MUCH more coming. ⏎ Q","13","21","https://8ch.net/patriotsfight/res/62.html#150","","","","","","","","","UNREVIEWED"
"1863","#1863","3","p1863-s003","G_CERTIFIED_CONTEXT_NOT_PAINTED","@TheRealRoseanne","1","UNHIGHLIGHTED","0","0","16","16","@TheRealRoseanne","NO","","","context","context: ""@TheRealRoseanne""","NO","NO","","fragment_or_label","HIGH","LABEL_FRAGMENT_OR_DEVICE","short label, slogan, heading or symbolic device rather than a proposition","@SeanHannity ⏎ @FoxNews","Do not let this HYPOCRISY stand. ⏎ FIGHT! ⏎ MUCH more coming. ⏎ Q","22","38","https://8ch.net/patriotsfight/res/62.html#150","","","","","","","","","UNREVIEWED"
"1871","#1871","1","p1871-s001","G_CERTIFIED_CONTEXT_NOT_PAINTED","Ex 1.1","1","UNHIGHLIGHTED","0","0","5","5","Ex 1.1","NO","","","context","context: ""Ex 1.1""","NO","NO","","fragment_or_label","HIGH","LABEL_FRAGMENT_OR_DEVICE","short label, slogan, heading or symbolic device rather than a proposition","","(MOS) ⏎                           /        \ ⏎         (Alt + US Media) (US Politicians) ⏎                       /                \ ⏎          (…………………..)(…………………….) ⏎ Those who scream the loudest…. ⏎ Find","0","6","https://8ch.net/qresearch/res/2600561.html#2601101","","","","","","","","","UNREVIEWED"
"1871","#1871","10","p1871-s010","G_CERTIFIED_CONTEXT_NOT_PAINTED","Primary>>AffiliateA>>AffiliateB>>AffiliateC>>","1","UNHIGHLIGHTED","0","0","45","45","Primary>>AffiliateA>>AffiliateB>>AffiliateC>>","NO","","","context","context: ""Primary>>AffiliateA>>AffiliateB>>AffiliateC>>""","NO","NO","","fragment_or_label","HIGH","LABEL_FRAGMENT_OR_DEVICE","short label, slogan, heading or symbolic device rather than a proposition","(MOS) ⏎                           /        \ ⏎         (Alt + US Media) (US Politicians) ⏎                       /                \ ⏎          (…………………..)(…………………….) ⏎ Those who scream the loudest…. ⏎ Find the connections. ⏎ 1:1:1:1","Marching to the same beat? ⏎ Coincidence? ⏎ Logical thinking. ⏎ Q","251","296","https://8ch.net/qresearch/res/2600561.html#2601101","","","","","","","","","UNREVIEWED"
"1877","#1877","4","p1877-s004","G_CERTIFIED_CONTEXT_NOT_PAINTED","TWITTER GEO-T/L","1","PARTIAL_ONLY","50","0","7","14","GEO-T/L","NO","namedEntity","namedEntity: ""TWITTER"" [168-175]","context","context: ""TWITTER GEO-T/L""","NO","NO","","fragment_or_label","HIGH","LABEL_FRAGMENT_OR_DEVICE","short label, slogan, heading or symbolic device rather than a proposition",">>2602749 ⏎ https://apnews.com/828aefab64d4411bac257a07c1af0ecb/AP-Exclusive:-Google-tracks-your-movements,-like-it-or-not ⏎ [SIRI] ⏎ FB listens [even after you remove app].","You are under constant tracking/surveillance.  ⏎ DARPA. ⏎ Q","168","183","https://8ch.net/qresearch/res/2602842.html#2603103","","","","","","","","","UNREVIEWED"
"1880","#1880","5","p1880-s005","G_CERTIFIED_CONTEXT_NOT_PAINTED","The more you know…","16","UNHIGHLIGHTED","0","0","15","15","The more you know…","NO","","","context","context: ""The more you know…""","NO","NO","","fragment_or_label","HIGH","LABEL_FRAGMENT_OR_DEVICE","short label, slogan, heading or symbolic device rather than a proposition","rs, who are three, four, five or six times their age. Their madam tells me that many of their customers are western humanitarian workers who’ve come here to help rebuild Haiti after the recent run of natural disasters.""","Q","618","636","https://8ch.net/patriotsfight/res/62.html#152","","","","","","","","","UNREVIEWED"
"1887","#1887","20","p1887-s020","G_CERTIFIED_CONTEXT_NOT_PAINTED","Operation Cyclone>> Mujahideen/Afghanistan","1","PARTIAL_ONLY","27.5","0","29","40","Operation Cyclone>> Mujahideen/","NO","namedEntity","namedEntity: ""Afghanistan"" [1014-1025]","context","context: ""Operation Cyclone>> Mujahideen/Afghanistan""","NO","NO","","fragment_or_label","HIGH","LABEL_FRAGMENT_OR_DEVICE","short label, slogan, heading or symbolic device rather than a proposition","for so long? ⏎ Why was AL-Q deemed the primary adversary vs ISIS? ⏎ Do you believe US intel did not 'know' UBL's son was a prominent figure in AL-Q? ⏎ If known, no 'live' intel or geo-t to target? ⏎ Define C_A regional assets.",">>Aiding anti-Soviet resistance  ⏎ >>Withdrawal of Soviet troops ⏎ Control of $800mm+? ⏎ Control of weapons? ⏎ Control of training? ⏎ >>Afghan Arabs>>Haqqani + Hekmatyar ⏎ >>UBL [CRITICAL] Allies? ⏎ Haqqani + Hekmatyar relations w/ C","983","1025","https://8ch.net/qresearch/res/2612953.html#2613737","","","","","","","","","UNREVIEWED"
"1887","#1887","21","p1887-s021","G_CERTIFIED_CONTEXT_NOT_PAINTED",">>Aiding anti-Soviet resistance","1","UNHIGHLIGHTED","0","0","29","29",">>Aiding anti-Soviet resistance","NO","","","context","context: "">>Aiding anti-Soviet resistance""","NO","NO","","sentence_like_no_terminal","HIGH","CLAIM_CANDIDATE","declarative prose — decide Q-authored claim vs quoted claim vs aphorism","ry adversary vs ISIS? ⏎ Do you believe US intel did not 'know' UBL's son was a prominent figure in AL-Q? ⏎ If known, no 'live' intel or geo-t to target? ⏎ Define C_A regional assets. ⏎ Operation Cyclone>> Mujahideen/Afghanistan",">>Withdrawal of Soviet troops ⏎ Control of $800mm+? ⏎ Control of weapons? ⏎ Control of training? ⏎ >>Afghan Arabs>>Haqqani + Hekmatyar ⏎ >>UBL [CRITICAL] Allies? ⏎ Haqqani + Hekmatyar relations w/ C_A (in_country)? ⏎ Dark to LIGHT.","1026","1057","https://8ch.net/qresearch/res/2612953.html#2613737","","","","","","","","","UNREVIEWED"
"1887","#1887","22","p1887-s022","G_CERTIFIED_CONTEXT_NOT_PAINTED",">>Withdrawal of Soviet troops","1","UNHIGHLIGHTED","0","0","26","26",">>Withdrawal of Soviet troops","NO","","","context","context: "">>Withdrawal of Soviet troops""","NO","NO","","fragment_or_label","HIGH","LABEL_FRAGMENT_OR_DEVICE","short label, slogan, heading or symbolic device rather than a proposition","eve US intel did not 'know' UBL's son was a prominent figure in AL-Q? ⏎ If known, no 'live' intel or geo-t to target? ⏎ Define C_A regional assets. ⏎ Operation Cyclone>> Mujahideen/Afghanistan ⏎ >>Aiding anti-Soviet resistance","Control of $800mm+? ⏎ Control of weapons? ⏎ Control of training? ⏎ >>Afghan Arabs>>Haqqani + Hekmatyar ⏎ >>UBL [CRITICAL] Allies? ⏎ Haqqani + Hekmatyar relations w/ C_A (in_country)? ⏎ Dark to LIGHT. ⏎ Q","1059","1088","https://8ch.net/qresearch/res/2612953.html#2613737","","","","","","","","","UNREVIEWED"
"1887","#1887","26","p1887-s026","G_CERTIFIED_CONTEXT_NOT_PAINTED",">>Afghan Arabs>>Haqqani + Hekmatyar","1","UNHIGHLIGHTED","0","0","32","32",">>Afghan Arabs>>Haqqani + Hekmatyar","NO","","","context","context: "">>Afghan Arabs>>Haqqani + Hekmatyar""","NO","NO","","fragment_or_label","HIGH","LABEL_FRAGMENT_OR_DEVICE","short label, slogan, heading or symbolic device rather than a proposition","ntel or geo-t to target? ⏎ Define C_A regional assets. ⏎ Operation Cyclone>> Mujahideen/Afghanistan ⏎ >>Aiding anti-Soviet resistance  ⏎ >>Withdrawal of Soviet troops ⏎ Control of $800mm+? ⏎ Control of weapons? ⏎ Control of training?",">>UBL [CRITICAL] Allies? ⏎ Haqqani + Hekmatyar relations w/ C_A (in_country)? ⏎ Dark to LIGHT. ⏎ Q","1150","1185","https://8ch.net/qresearch/res/2612953.html#2613737","","","","","","","","","UNREVIEWED"
"1888","#1888","4","p1888-s004","G_CERTIFIED_CONTEXT_NOT_PAINTED",">>Oprah Show","1","UNHIGHLIGHTED","0","0","11","11",">>Oprah Show","NO","","","context","context: "">>Oprah Show""","NO","NO","","fragment_or_label","HIGH","LABEL_FRAGMENT_OR_DEVICE","short label, slogan, heading or symbolic device rather than a proposition",">>2613853 ⏎ Did they ask Combetta for advice? ⏎ These people are stupid. ⏎ https://www.usnews.com/news/articles/2016-09-19/paul-combetta-computer-specialist-who-deleted-hillary-clinton-emails-may-have-asked-reddit-for-tips","You get to go to JAIL. ⏎ You get to go to JAIL. ⏎ You get to go to JAIL. ⏎ You get to go to JAIL. ⏎ You ALL get to go to JAIL. ⏎ Q","217","229","https://8ch.net/qresearch/res/2613743.html#2614164","","","","","","","","","UNREVIEWED"
"1893","#1893","6","p1893-s006","G_CERTIFIED_CONTEXT_NOT_PAINTED","""Fox News Pure Propaganda""","1","PARTIAL_ONLY","30.43","0","16","23",""" ⋯ Pure Propaganda""","NO","namedEntity","namedEntity: ""Fox News"" [63-71] || namedEntity: ""Fox"" [63-66]","context","context: """"Fox News Pure Propaganda""""","NO","NO","","fragment_or_label","HIGH","LABEL_FRAGMENT_OR_DEVICE","short label, slogan, heading or symbolic device rather than a proposition",">>2616942 ⏎ Jeff Zucker. ⏎ NBC  ⏎ CNN ⏎ Heart Surgery? ⏎ 10-year issue?","In the Line of FIRE. ⏎ Q","62","88","https://8ch.net/qresearch/res/2616848.html#2617206","","","","","","","","","UNREVIEWED"
"1895","#1895","5","p1895-s005","G_CERTIFIED_CONTEXT_NOT_PAINTED","""Red shoes""","1","UNHIGHLIGHTED","0","0","10","10","""Red shoes""","NO","","","context","context: """"Red shoes""""","NO","NO","","fragment_or_label","HIGH","LABEL_FRAGMENT_OR_DEVICE","short label, slogan, heading or symbolic device rather than a proposition",">>2617413 ⏎ Symbolism will be their downfall.  ⏎ Focus on her necklace. ⏎ Bottom 'charm' has SIGNIFICANT meaning. ⏎ Find the match.","Q","124","135","https://8ch.net/qresearch/res/2616848.html#2617484","","","","","","","","","UNREVIEWED"
"1900","#1900","1","p1900-s001","G_CERTIFIED_CONTEXT_NOT_PAINTED","1 of 2","1","UNHIGHLIGHTED","0","0","4","4","1 of 2","NO","","","context","context: ""1 of 2""","NO","NO","","fragment_or_label","HIGH","LABEL_FRAGMENT_OR_DEVICE","short label, slogan, heading or symbolic device rather than a proposition",">>2617739","Q","10","16","https://8ch.net/qresearch/res/2617626.html#2617750","","","","","","","","","UNREVIEWED"
"1912","#1912","2","p1912-s002","G_CERTIFIED_CONTEXT_NOT_PAINTED","Line 4","1","UNHIGHLIGHTED","0","0","5","5","Line 4","NO","","","context","context: ""Line 4""","NO","NO","","fragment_or_label","HIGH","LABEL_FRAGMENT_OR_DEVICE","short label, slogan, heading or symbolic device rather than a proposition","https://twitter.com/Comey/status/1029893474269777920","Email (gmail)12.9.16 ⏎ ""……………untethered to department standards……………concerned dedicated resources in-place are not adequate to shelter against the PDB in which several agencies contribute…………"" ⏎ Will you stand tall or cower","53","59","https://8ch.net/patriotsfight/res/62.html#164","","","","","","","","","UNREVIEWED"
"1912","#1912","3","p1912-s003","G_CERTIFIED_CONTEXT_NOT_PAINTED","Email (gmail)12.9.16","1","UNHIGHLIGHTED","0","0","19","19","Email (gmail)12.9.16","NO","","","context","context: ""Email (gmail)12.9.16""","NO","NO","","fragment_or_label","HIGH","LABEL_FRAGMENT_OR_DEVICE","short label, slogan, heading or symbolic device rather than a proposition","https://twitter.com/Comey/status/1029893474269777920 ⏎ Line 4","""……………untethered to department standards……………concerned dedicated resources in-place are not adequate to shelter against the PDB in which several agencies contribute…………"" ⏎ Will you stand tall or cower? ⏎ Resist OP will not","60","80","https://8ch.net/patriotsfight/res/62.html#164","","","","","","","","","UNREVIEWED"
"1920","#1920","6","p1920-s006","G_CERTIFIED_CONTEXT_NOT_PAINTED","BOOM BOOM BOOM BOOM","1","UNHIGHLIGHTED","0","0","16","16","BOOM BOOM BOOM BOOM","NO","","","context","context: ""BOOM BOOM BOOM BOOM""","NO","NO","","fragment_or_label","HIGH","LABEL_FRAGMENT_OR_DEVICE","short label, slogan, heading or symbolic device rather than a proposition",">>2633829 ⏎ >>2633830 ⏎ Within a week of the last ""BOOM"" set?  ⏎ What a coincidence. ⏎ Remember Southwest? ⏎ Remember TX? ⏎ Four?","Q","118","137","https://8ch.net/qresearch/res/2633169.html#2633895","","","","","","","","","UNREVIEWED"
"1927","#1927","9","p1927-s009","G_CERTIFIED_CONTEXT_NOT_PAINTED","January 1, 2019","1","UNHIGHLIGHTED","0","0","13","13","January 1, 2019","NO","","","context","context: ""January 1, 2019""","NO","NO","","fragment_or_label","HIGH","LABEL_FRAGMENT_OR_DEVICE","short label, slogan, heading or symbolic device rather than a proposition","economy of the United States, and I hereby declare a national emergency to deal with that threat."" ⏎ NATIONAL EMERGENCY. ⏎ https://www.whitehouse.gov/presidential-actions/2018-amendments-manual-courts-martial-united-states/","""Sec. 12.  In accordance with Article 33 of the UCMJ, as amended by section 5204 of the MJA, the Secretary of Defense, in consultation with the Secretary of Homeland Security, will issue nonbinding guidance regarding fa","1008","1023","https://8ch.net/patriotsfight/res/62.html#168","","","","","","","","","UNREVIEWED"
"1934","#1934","2","p1934-s002","G_CERTIFIED_CONTEXT_NOT_PAINTED",">>BIG PUZZLE PIECE","1","UNHIGHLIGHTED","0","0","16","16",">>BIG PUZZLE PIECE","NO","","","context","context: "">>BIG PUZZLE PIECE""","NO","NO","","fragment_or_label","HIGH","LABEL_FRAGMENT_OR_DEVICE","short label, slogan, heading or symbolic device rather than a proposition","https://saraacarter.com/whistleblower-exposes-key-player-in-fbi-russia-probe-it-was-all-a-set-up/","Who is systematically arranging the leaks to select individuals?  ⏎ Why is this important [to drop] prior to BO testimony? ⏎ Q","98","116","https://8ch.net/qresearch/res/2757334.html#2758106","","","","","","","","","UNREVIEWED"
"1935","#1935","9","p1935-s009","G_CERTIFIED_CONTEXT_NOT_PAINTED","1.","36","UNHIGHLIGHTED","0","0","2","2","1.","NO","","","context","context: ""1.""","NO","NO","","symbolic_or_numeric","MEDIUM","LABEL_FRAGMENT_OR_DEVICE","short label, slogan, heading or symbolic device rather than a proposition","nd to hold hearings w/ the interpreter used during the private POTUS-PUTIN meeting?  ⏎ D's demand ALL meetings w/ PUTIN be CANCELLED? ⏎ If POTUS knows everything - control over what orgs are central to operational success?","DOJ ⏎ 2. FBI ⏎ 3. NSA ⏎ 4. US MILITARY ⏎ 5. STATE ⏎ 6. F_ASSETS ⏎ Ask yourself, if above are central to operational success, who would you pick to lead such orgs? ⏎ HRC election loss = CF inflow stop ⏎ CF inflow stop = No Name Institut","802","804","https://8ch.net/qresearch/res/2758128.html#2758706","","","","","","","","","UNREVIEWED"
"1935","#1935","11","p1935-s011","G_CERTIFIED_CONTEXT_NOT_PAINTED","2.","32","UNHIGHLIGHTED","0","0","2","2","2.","NO","","","context","context: ""2.""","NO","NO","","symbolic_or_numeric","MEDIUM","LABEL_FRAGMENT_OR_DEVICE","short label, slogan, heading or symbolic device rather than a proposition","old hearings w/ the interpreter used during the private POTUS-PUTIN meeting?  ⏎ D's demand ALL meetings w/ PUTIN be CANCELLED? ⏎ If POTUS knows everything - control over what orgs are central to operational success?  ⏎ 1. DOJ","FBI ⏎ 3. NSA ⏎ 4. US MILITARY ⏎ 5. STATE ⏎ 6. F_ASSETS ⏎ Ask yourself, if above are central to operational success, who would you pick to lead such orgs? ⏎ HRC election loss = CF inflow stop ⏎ CF inflow stop = No Name Institute inflo","809","811","https://8ch.net/qresearch/res/2758128.html#2758706","","","","","","","","","UNREVIEWED"
"1935","#1935","13","p1935-s013","G_CERTIFIED_CONTEXT_NOT_PAINTED","3.","23","UNHIGHLIGHTED","0","0","2","2","3.","NO","","","context","context: ""3.""","NO","NO","","symbolic_or_numeric","MEDIUM","LABEL_FRAGMENT_OR_DEVICE","short label, slogan, heading or symbolic device rather than a proposition","rings w/ the interpreter used during the private POTUS-PUTIN meeting?  ⏎ D's demand ALL meetings w/ PUTIN be CANCELLED? ⏎ If POTUS knows everything - control over what orgs are central to operational success?  ⏎ 1. DOJ ⏎ 2. FBI","NSA ⏎ 4. US MILITARY ⏎ 5. STATE ⏎ 6. F_ASSETS ⏎ Ask yourself, if above are central to operational success, who would you pick to lead such orgs? ⏎ HRC election loss = CF inflow stop ⏎ CF inflow stop = No Name Institute inflow ramp","816","818","https://8ch.net/qresearch/res/2758128.html#2758706","","","","","","","","","UNREVIEWED"
"1935","#1935","17","p1935-s017","G_CERTIFIED_CONTEXT_NOT_PAINTED","5.","9","UNHIGHLIGHTED","0","0","2","2","5.","NO","","","context","context: ""5.""","NO","NO","","symbolic_or_numeric","MEDIUM","LABEL_FRAGMENT_OR_DEVICE","short label, slogan, heading or symbolic device rather than a proposition","er used during the private POTUS-PUTIN meeting?  ⏎ D's demand ALL meetings w/ PUTIN be CANCELLED? ⏎ If POTUS knows everything - control over what orgs are central to operational success?  ⏎ 1. DOJ ⏎ 2. FBI ⏎ 3. NSA ⏎ 4. US MILITARY","STATE ⏎ 6. F_ASSETS ⏎ Ask yourself, if above are central to operational success, who would you pick to lead such orgs? ⏎ HRC election loss = CF inflow stop ⏎ CF inflow stop = No Name Institute inflow ramp ⏎ Compare donors. ⏎ Define","838","840","https://8ch.net/qresearch/res/2758128.html#2758706","","","","","","","","","UNREVIEWED"
"1935","#1935","18","p1935-s018","G_CERTIFIED_CONTEXT_NOT_PAINTED","STATE","1","UNHIGHLIGHTED","0","0","5","5","STATE","NO","","","context","context: ""STATE""","NO","NO","","fragment_or_label","MEDIUM","LABEL_FRAGMENT_OR_DEVICE","short label, slogan, heading or symbolic device rather than a proposition","used during the private POTUS-PUTIN meeting?  ⏎ D's demand ALL meetings w/ PUTIN be CANCELLED? ⏎ If POTUS knows everything - control over what orgs are central to operational success?  ⏎ 1. DOJ ⏎ 2. FBI ⏎ 3. NSA ⏎ 4. US MILITARY ⏎ 5.","6. F_ASSETS ⏎ Ask yourself, if above are central to operational success, who would you pick to lead such orgs? ⏎ HRC election loss = CF inflow stop ⏎ CF inflow stop = No Name Institute inflow ramp ⏎ Compare donors. ⏎ Define DARK","841","846","https://8ch.net/qresearch/res/2758128.html#2758706","","","","","","","","","UNREVIEWED"
"1935","#1935","19","p1935-s019","G_CERTIFIED_CONTEXT_NOT_PAINTED","6.","8","UNHIGHLIGHTED","0","0","2","2","6.","NO","","","context","context: ""6.""","NO","NO","","symbolic_or_numeric","MEDIUM","LABEL_FRAGMENT_OR_DEVICE","short label, slogan, heading or symbolic device rather than a proposition","uring the private POTUS-PUTIN meeting?  ⏎ D's demand ALL meetings w/ PUTIN be CANCELLED? ⏎ If POTUS knows everything - control over what orgs are central to operational success?  ⏎ 1. DOJ ⏎ 2. FBI ⏎ 3. NSA ⏎ 4. US MILITARY ⏎ 5. STATE","F_ASSETS ⏎ Ask yourself, if above are central to operational success, who would you pick to lead such orgs? ⏎ HRC election loss = CF inflow stop ⏎ CF inflow stop = No Name Institute inflow ramp ⏎ Compare donors. ⏎ Define DARK MON","847","849","https://8ch.net/qresearch/res/2758128.html#2758706","","","","","","","","","UNREVIEWED"
"1935","#1935","22","p1935-s022","G_CERTIFIED_CONTEXT_NOT_PAINTED","HRC election loss = CF inflow stop","1","PARTIAL_ONLY","17.86","0","23","28","election loss = ⋯ inflow stop","NO","namedEntity","namedEntity: ""HRC"" [956-959] || namedEntity: ""CF"" [976-978] || namedEntity: ""CF"" [976-978]","context","context: ""HRC election loss = CF inflow stop""","NO","NO","","fragment_or_label","HIGH","LABEL_FRAGMENT_OR_DEVICE","short label, slogan, heading or symbolic device rather than a proposition","ing - control over what orgs are central to operational success?  ⏎ 1. DOJ ⏎ 2. FBI ⏎ 3. NSA ⏎ 4. US MILITARY ⏎ 5. STATE ⏎ 6. F_ASSETS ⏎ Ask yourself, if above are central to operational success, who would you pick to lead such orgs?","CF inflow stop = No Name Institute inflow ramp ⏎ Compare donors. ⏎ Define DARK MONEY. ⏎ Direct correlation?  ⏎ [He did not depart on his own terms] ⏎ Think FLYNN [30]. ⏎ Exactly [30]. ⏎ Q","956","990","https://8ch.net/qresearch/res/2758128.html#2758706","","","","","","","","","UNREVIEWED"
"1939","#1939","4","p1939-s004","G_CERTIFIED_CONTEXT_NOT_PAINTED","FAKE NEWS BLAST","1","PARTIAL_ONLY","61.54","0","5","13","BLAST","NO","theme","theme: ""FAKE NEWS"" [67-76]","context","context: ""FAKE NEWS BLAST""","NO","NO","","fragment_or_label","HIGH","LABEL_FRAGMENT_OR_DEVICE","short label, slogan, heading or symbolic device rather than a proposition",">>2761474 ⏎ BO>>UK>>AUS ⏎ AUS>>UK>>BO ⏎ BO>>Alexander Downer (FVEY)(EX1)","NARRATIVE SHIFT NEC ⏎ [Sample] ⏎ https://www.politico.eu/article/tony-blair-fire-and-fury-michael-wolff-calls-claims-he-warned-trump-of-uk-spying-complete-fabrication/ ⏎ https://www.theguardian.com/us-news/2018/jan/04/tony-bl","67","82","https://8ch.net/qresearch/res/2761208.html#2761932","","","","","","","","","UNREVIEWED"
"1939","#1939","5","p1939-s005","G_CERTIFIED_CONTEXT_NOT_PAINTED","NARRATIVE SHIFT NEC","1","UNHIGHLIGHTED","0","0","17","17","NARRATIVE SHIFT NEC","NO","","","context","context: ""NARRATIVE SHIFT NEC""","NO","NO","","fragment_or_label","HIGH","LABEL_FRAGMENT_OR_DEVICE","short label, slogan, heading or symbolic device rather than a proposition",">>2761474 ⏎ BO>>UK>>AUS ⏎ AUS>>UK>>BO ⏎ BO>>Alexander Downer (FVEY)(EX1) ⏎ FAKE NEWS BLAST","[Sample] ⏎ https://www.politico.eu/article/tony-blair-fire-and-fury-michael-wolff-calls-claims-he-warned-trump-of-uk-spying-complete-fabrication/ ⏎ https://www.theguardian.com/us-news/2018/jan/04/tony-blair-donald-trump-gch","83","102","https://8ch.net/qresearch/res/2761208.html#2761932","","","","","","","","","UNREVIEWED"
"1944","#1944","1","p1944-s001","G_CERTIFIED_CONTEXT_NOT_PAINTED","FISA (ABCs) v INSCOM","1","PARTIAL_ONLY","58.82","0","7","17","(ABCs) v","NO","namedEntity | theme","namedEntity: ""FISA"" [0-4] || namedEntity: ""FISA"" [0-4] || namedEntity: ""FISA"" [0-4] || namedEntity: ""FISA"" [0-4] || namedEntity: ""FISA"" [0-4] || namedEntity: ""FISA"" [0-4] || namedEntity: ""FISA"" [0-4] || namedEntity: ""FISA"" [0-4] || namedEntity: ""INSCOM"" [14-20] || theme: ""FISA"" [0-4]","context","context: ""FISA (ABCs) v INSCOM""","NO","NO","","fragment_or_label","HIGH","LABEL_FRAGMENT_OR_DEVICE","short label, slogan, heading or symbolic device rather than a proposition","","NOFORN ⏎ NSA INSCOM BRIDGE ⏎ FISA = FISC ⏎ Who is accountable to Congress (civilian body)? ⏎ Define 'State Secrets'. ⏎ Process of obtaining a FISA warrant? ⏎ What must be DEMONSTRATED to be GRANTED? ⏎ Who must SIGN OFF? ⏎ Can 'select'","0","20","https://8ch.net/qresearch/res/2766614.html#2767120","","","","","","","","","UNREVIEWED"
"1944","#1944","2","p1944-s002","G_CERTIFIED_CONTEXT_NOT_PAINTED","NOFORN","1","UNHIGHLIGHTED","0","0","6","6","NOFORN","NO","","","context","context: ""NOFORN""","NO","NO","","fragment_or_label","HIGH","LABEL_FRAGMENT_OR_DEVICE","short label, slogan, heading or symbolic device rather than a proposition","FISA (ABCs) v INSCOM","NSA INSCOM BRIDGE ⏎ FISA = FISC ⏎ Who is accountable to Congress (civilian body)? ⏎ Define 'State Secrets'. ⏎ Process of obtaining a FISA warrant? ⏎ What must be DEMONSTRATED to be GRANTED? ⏎ Who must SIGN OFF? ⏎ Can 'select' individ","21","27","https://8ch.net/qresearch/res/2766614.html#2767120","","","","","","","","","UNREVIEWED"
"1944","#1944","3","p1944-s003","G_CERTIFIED_CONTEXT_NOT_PAINTED","NSA INSCOM BRIDGE","1","PARTIAL_ONLY","60","0","6","15","BRIDGE","NO","namedEntity","namedEntity: ""NSA"" [28-31] || namedEntity: ""NSA"" [28-31] || namedEntity: ""INSCOM"" [32-38]","context","context: ""NSA INSCOM BRIDGE""","NO","NO","","fragment_or_label","HIGH","LABEL_FRAGMENT_OR_DEVICE","short label, slogan, heading or symbolic device rather than a proposition","FISA (ABCs) v INSCOM ⏎ NOFORN","FISA = FISC ⏎ Who is accountable to Congress (civilian body)? ⏎ Define 'State Secrets'. ⏎ Process of obtaining a FISA warrant? ⏎ What must be DEMONSTRATED to be GRANTED? ⏎ Who must SIGN OFF? ⏎ Can 'select' individuals in senior pos","28","45","https://8ch.net/qresearch/res/2766614.html#2767120","","","","","","","","","UNREVIEWED"
"1944","#1944","11","p1944-s011","G_CERTIFIED_CONTEXT_NOT_PAINTED","NAT SEC","2","PARTIAL_ONLY","50","0","3","6","NAT","NO","namedEntity","namedEntity: ""SEC"" [336-339]","context","context: ""NAT SEC""","NO","NO","","fragment_or_label","HIGH","LABEL_FRAGMENT_OR_DEVICE","short label, slogan, heading or symbolic device rather than a proposition","'State Secrets'. ⏎ Process of obtaining a FISA warrant? ⏎ What must be DEMONSTRATED to be GRANTED? ⏎ Who must SIGN OFF? ⏎ Can 'select' individuals in senior positions of power be SHADOW BANNED from ACTIVE FISA WARRANTS / SURV?","Sufficient evidence shown to demonstrate rogue elements of intelligence apparatus illegally violated FISA law (tenets) in coordinated effort w/ d+foreign allies to impact/mod the outcome of the 2016 Presidential electio","332","339","https://8ch.net/qresearch/res/2766614.html#2767120","","","","","","","","","UNREVIEWED"
"1945","#1945","4","p1945-s004","G_CERTIFIED_CONTEXT_NOT_PAINTED",": the betrayal of a trust : treachery","1","UNHIGHLIGHTED","0","0","30","30",": the betrayal of a trust : treachery","NO","","","context","context: "": the betrayal of a trust : treachery""","NO","NO","","fragment_or_label","HIGH","LABEL_FRAGMENT_OR_DEVICE","short label, slogan, heading or symbolic device rather than a proposition","0 ⏎ Define 'Treason'. ⏎ [Fact] ⏎ : the offense of attempting by overt acts to overthrow the government of the state to which the offender owes allegiance or to kill or personally injure the sovereign or the sovereign's family","Define 'Treason'. ⏎ [Fiction][Sample] ⏎ https://www.nbcnews.com/think/opinion/americans-have-forgotten-what-treason-actually-means-how-it-can-ncna848651 ⏎ https://www.politifact.com/truth-o-meter/article/2018/jul/23/treason-t","228","265","https://8ch.net/qresearch/res/2766614.html#2767385","","","","","","","","","UNREVIEWED"
"1948","#1948","11","p1948-s011","G_CERTIFIED_CONTEXT_NOT_PAINTED","1991","1","UNHIGHLIGHTED","0","0","4","4","1991","NO","","","context","context: ""1991""","NO","NO","","symbolic_or_numeric","HIGH","LABEL_FRAGMENT_OR_DEVICE","short label, slogan, heading or symbolic device rather than a proposition","pay HUSSEIN to attend HARVARD LAW SCHOOL? ⏎ Was HUSSEIN a prominent political figure or a person of influence at the time? ⏎ No. ⏎ Who is Valerie Jarrett?  ⏎ Where was she born? ⏎ When did Valerie Jarrett hire Michelle Robinson?","Timeline. ⏎ https://www.thisisinsider.com/how-did-barack-and-michelle-obama-meet-2017-10#1991-they-got-engaged-in-a-simple-and-sweet-way-3 ⏎ Who is Mayor (former) Richard Daley? ⏎ Who is Mayor (current) Rahm Emanuel? ⏎ HUSSEIN","508","512","https://8ch.net/qresearch/res/2768064.html#2768429","","","","","","","","","UNREVIEWED"
"1948","#1948","20","p1948-s020","G_CERTIFIED_CONTEXT_NOT_PAINTED","+29","1","UNHIGHLIGHTED","0","0","3","3","+29","NO","","","context","context: ""+29""","NO","NO","","symbolic_or_numeric","HIGH","LABEL_FRAGMENT_OR_DEVICE","short label, slogan, heading or symbolic device rather than a proposition","mple-and-sweet-way-3 ⏎ Who is Mayor (former) Richard Daley? ⏎ Who is Mayor (current) Rahm Emanuel? ⏎ HUSSEIN should be VERY nervous. ⏎ BRENNAN should be VERY nervous. ⏎ KERRY should be VERY nervous. ⏎ MERKEL should be VERY nervous.","How were the pallets of cash divided? ⏎ How many planes were used to transport?  ⏎ Who operated the planes? ⏎ What 'shadow' agency directed operations? ⏎ Why wasn't the money [simply] wire transferred? ⏎ US had AUTH to open bank-","849","852","https://8ch.net/qresearch/res/2768064.html#2768429","","","","","","","","","UNREVIEWED"
"1951","#1951","2","p1951-s002","G_CERTIFIED_CONTEXT_NOT_PAINTED","-The People (Q)","1","UNHIGHLIGHTED","0","0","13","13","-The People (Q)","NO","","","context","context: ""-The People (Q)""","NO","NO","","fragment_or_label","HIGH","LABEL_FRAGMENT_OR_DEVICE","short label, slogan, heading or symbolic device rather than a proposition",">>2769783 ⏎ We, the PEOPLE.","","26","41","https://8ch.net/qresearch/res/2769692.html#2769865","","","","","","","","","UNREVIEWED"
"1958","#1958","5","p1958-s005","G_CERTIFIED_CONTEXT_NOT_PAINTED","Part (2) - Rally [RED October]","1","PARTIAL_ONLY","48","0","13","25","Part (2) - Rally","NO","bracketCode","bracketCode: ""[RED October]"" [156-169]","context | code","context: ""Part (2) - Rally [RED October]"" || code: ""RED October"" || code: ""RED October""","NO","NO","","sentence_like_no_terminal","HIGH","CLAIM_CANDIDATE","declarative prose — decide Q-authored claim vs quoted claim vs aphorism","There is a reason why we continue to highlight this speech. ⏎ https://www.youtube.com/watch?v=G2qIXXafxCQ ⏎ Listen carefully. ⏎ TRUTH & HONESTY.","Mouthpieces do not think or speak for themselves. ⏎ Q","139","169","https://8ch.net/qresearch/res/2770538.html#2771239","","","","","","","","","UNREVIEWED"
"1959","#1959","1","p1959-s001","G_CERTIFIED_CONTEXT_NOT_PAINTED","Trending Non-MSM…","1","PARTIAL_ONLY","18.75","0","13","16","Trending Non- ⋯ …","NO","theme","theme: ""MSM"" [13-16]","context","context: ""Trending Non-MSM…""","NO","NO","","sentence_like_no_terminal","HIGH","CLAIM_CANDIDATE","declarative prose — decide Q-authored claim vs quoted claim vs aphorism","","China hacked HRC server? ⏎ False. ⏎ Access was granted. ⏎ You have more than you know. ⏎ Q","0","17","https://8ch.net/qresearch/res/2771321.html#2771818","","","","","","","","","UNREVIEWED"
"1960","#1960","2","p1960-s002","G_CERTIFIED_CONTEXT_NOT_PAINTED","Richard -","1","UNHIGHLIGHTED","0","0","8","8","Richard -","NO","","","context","context: ""Richard -""","NO","NO","","fragment_or_label","HIGH","LABEL_FRAGMENT_OR_DEVICE","short label, slogan, heading or symbolic device rather than a proposition",">>2771818 ⏎ https://twitter.com/rpollockDC/status/1034509991905042432","Pro TIP: Look @ CrowdStrike  ⏎ CrowdStrike managed the infiltration program based on payments to CF. ⏎ https://www.washingtonpost.com/local/virginia-politics/clinton-foundation-mcauliffe-donor-caught-up-in-chinese-cash-for-","68","77","https://8ch.net/qresearch/res/2772103.html#2772193","","","","","","","","","UNREVIEWED"
"1960","#1960","6","p1960-s006","G_CERTIFIED_CONTEXT_NOT_PAINTED","The More You Know…","16","UNHIGHLIGHTED","0","0","15","15","The More You Know…","NO","","","context","context: ""The More You Know…""","NO","NO","","fragment_or_label","HIGH","LABEL_FRAGMENT_OR_DEVICE","short label, slogan, heading or symbolic device rather than a proposition","CF. ⏎ https://www.washingtonpost.com/local/virginia-politics/clinton-foundation-mcauliffe-donor-caught-up-in-chinese-cash-for-votes-scandal/2016/09/16/bfb3b8fc-7c13-11e6-ac8e-cf8e0dd91dc7_story.html?utm_term=.6f711af92f97","Q","393","411","https://8ch.net/qresearch/res/2772103.html#2772193","","","","","","","","","UNREVIEWED"
"1964","#1964","2","p1964-s002","G_CERTIFIED_CONTEXT_NOT_PAINTED","A little perspective…","1","UNHIGHLIGHTED","0","0","19","19","A little perspective…","NO","","","context","context: ""A little perspective…""","NO","NO","","fragment_or_label","HIGH","LABEL_FRAGMENT_OR_DEVICE","short label, slogan, heading or symbolic device rather than a proposition",">>2772799 ⏎ Patriot -","Patriots are dying to defend this great country and the FREEDOM she provides. ⏎ Children are being kidnapped, tortured, raped, and sacrificed in the name of PURE EVIL. ⏎ Stay the course. ⏎ We are FIGHTING a deeply entrenched","20","41","https://8ch.net/qresearch/res/2772863.html#2773040","","","","","","","","","UNREVIEWED"
"1967","#1967","1","p1967-s001","G_CERTIFIED_CONTEXT_NOT_PAINTED","/patriotsfight/","2","UNHIGHLIGHTED","0","0","15","15","/patriotsfight/","NO","","","context","context: ""/patriotsfight/""","NO","NO","","fragment_or_label","HIGH","LABEL_FRAGMENT_OR_DEVICE","short label, slogan, heading or symbolic device rather than a proposition",">>2773222","Read  ⏎ Comprehend ⏎ Use Logic ⏎ Q","10","25","https://8ch.net/qresearch/res/2772863.html#2773286","","","","","","","","","UNREVIEWED"
"1967","#1967","3","p1967-s003","G_CERTIFIED_CONTEXT_NOT_PAINTED","Comprehend","1","UNHIGHLIGHTED","0","0","10","10","Comprehend","NO","","","context","context: ""Comprehend""","NO","NO","","fragment_or_label","HIGH","LABEL_FRAGMENT_OR_DEVICE","short label, slogan, heading or symbolic device rather than a proposition",">>2773222 ⏎ /patriotsfight/ ⏎ Read","Use Logic ⏎ Q","32","42","https://8ch.net/qresearch/res/2772863.html#2773286","","","","","","","","","UNREVIEWED"
"1976","#1976","2","p1976-s002","G_CERTIFIED_CONTEXT_NOT_PAINTED","#21 - #25","1","UNHIGHLIGHTED","0","0","7","7","#21 - #25","NO","","","context","context: ""#21 - #25""","NO","NO","","symbolic_or_numeric","HIGH","LABEL_FRAGMENT_OR_DEVICE","short label, slogan, heading or symbolic device rather than a proposition","https://www.judiciary.senate.gov/imo/media/doc/2018-03-15%20CEG%20LG%20JC%20TT%20to%20AG%20DAG%20(Special%20Counsel).pdf","[Today - BO Testimony] ⏎ https://assets.documentcloud.org/documents/4426661/AG-Letter-Re-IG-and-Huber-Reviews.pdf ⏎ https://www.breitbart.com/big-government/2018/03/31/turley-sessions-using-utah-federal-prosecutor-much-bett","121","130","https://8ch.net/qresearch/res/2778170.html#2778310","","","","","","","","","UNREVIEWED"
"1986","#1986","15","p1986-s015","G_CERTIFIED_CONTEXT_NOT_PAINTED","The More You Know…","16","UNHIGHLIGHTED","0","0","15","15","The More You Know…","NO","","","context","context: ""The More You Know…""","NO","NO","","fragment_or_label","HIGH","LABEL_FRAGMENT_OR_DEVICE","short label, slogan, heading or symbolic device rather than a proposition","removed] ⏎ -House testimony ⏎ Bill Priestap - cooperating witness [power removed] ⏎ -TO BE CALLED? ⏎ Mike Kortan - cooperating under 'resigned' title ⏎ -TO BE CALLED? ⏎ Who are they cooperating with? ⏎ Do you believe in coincidences?","Q","442","460","https://8ch.net/qresearch/res/2783636.html#2784197","","","","","","","","","UNREVIEWED"
"1990","#1990","2","p1990-s002","G_CERTIFIED_CONTEXT_NOT_PAINTED","Footnote #5","1","UNHIGHLIGHTED","0","0","10","10","Footnote #5","NO","","","context","context: ""Footnote #5""","NO","NO","","fragment_or_label","HIGH","LABEL_FRAGMENT_OR_DEVICE","short label, slogan, heading or symbolic device rather than a proposition","https://www.scribd.com/document/373986084/Grassley-Letter-to-AG-DAG-Requesting-Special-Counsel-March-15th","[BO] Interview Dates: ⏎ Ohr FD-302 12/19/16 (interview date 11/22/16) - HUSSEIN FBI ⏎ Ohr FD-302 12/19/16 (interview date 12/05/16) - HUSSEIN FBI ⏎ Ohr FD-302 12/19/16 (interview date 12/12/16) - HUSSEIN FBI ⏎ Ohr FD-302 12/27","106","117","https://8ch.net/qresearch/res/2785139.html#2785418","","","","","","","","","UNREVIEWED"
"1995","#1995","2","p1995-s002","G_CERTIFIED_CONTEXT_NOT_PAINTED","Those who 'pull the trigger' seem to prefer:","1","UNHIGHLIGHTED","0","0","37","37","Those who 'pull the trigger' seem to prefer:","NO","","","context","context: ""Those who 'pull the trigger' seem to prefer:""","NO","NO","","colon_or_semicolon_block","HIGH","CLAIM_CANDIDATE","declarative prose — decide Q-authored claim vs quoted claim vs aphorism",">>2789525 ⏎ Congratulations!","https://www.youtube.com/watch?v=LvkXyAmG1B4 ⏎ Not exactly wedding material but great when in the action. ⏎ Q","27","71","https://8ch.net/qresearch/res/2789006.html#2789612","","","","","","","","","UNREVIEWED"
"2001","#2001","1","p2001-s001","G_CERTIFIED_CONTEXT_NOT_PAINTED","To preserve the Republic-","1","UNHIGHLIGHTED","0","0","22","22","To preserve the Republic-","NO","","","context","context: ""To preserve the Republic-""","NO","NO","","fragment_or_label","HIGH","LABEL_FRAGMENT_OR_DEVICE","short label, slogan, heading or symbolic device rather than a proposition",">>2798105","(Some) things must remain BURIED. ⏎ Q","10","35","https://8ch.net/qresearch/res/2797594.html#2798162","","","","","","","","","UNREVIEWED"
"2014","#2014","1","p2014-s001","G_CERTIFIED_CONTEXT_NOT_PAINTED","CORONA 4 NOW OFFLINE","1","UNHIGHLIGHTED","0","0","17","17","CORONA 4 NOW OFFLINE","NO","","","context","context: ""CORONA 4 NOW OFFLINE""","NO","NO","","fragment_or_label","HIGH","LABEL_FRAGMENT_OR_DEVICE","short label, slogan, heading or symbolic device rather than a proposition",">>2805130","Q","10","30","https://8ch.net/qresearch/res/2804522.html#2805156","","","","","","","","","UNREVIEWED"
"2022","#2022","2","p2022-s002","G_CERTIFIED_CONTEXT_NOT_PAINTED","#Goodbye","3","UNHIGHLIGHTED","0","0","8","8","#Goodbye","NO","","","context","context: ""#Goodbye""","NO","NO","","fragment_or_label","HIGH","LABEL_FRAGMENT_OR_DEVICE","short label, slogan, heading or symbolic device rather than a proposition",">>2807174 ⏎ Main frequency bands TERMINATED.","Q","43","51","https://8ch.net/qresearch/res/2806765.html#2807228","","","","","","","","","UNREVIEWED"
"2030","#2030","2","p2030-s002","G_CERTIFIED_CONTEXT_NOT_PAINTED","Qanon yesterday (poll)","1","PARTIAL_ONLY","25","0","15","20","yesterday (poll)","NO","namedEntity","namedEntity: ""Qanon"" [23-28]","context","context: ""Qanon yesterday (poll)""","NO","NO","","fragment_or_label","HIGH","LABEL_FRAGMENT_OR_DEVICE","short label, slogan, heading or symbolic device rather than a proposition",">>2817197 ⏎ Think [WAPO]","POTUS today (poll) ⏎ Notice any similarities?  ⏎ FAKE NEWS readers (asleep: not attentive or alert; inactive) told to SUPPORT SESSIONS?  ⏎ ""Every battle is won before it's ever fought."" ⏎ Are you awake? ⏎ Q","23","45","https://8ch.net/qresearch/res/2816784.html#2817461","","","","","","","","","UNREVIEWED"
"2030","#2030","3","p2030-s003","G_CERTIFIED_CONTEXT_NOT_PAINTED","POTUS today (poll)","1","PARTIAL_ONLY","31.25","0","11","16","today (poll)","NO","namedEntity","namedEntity: ""POTUS"" [46-51]","context","context: ""POTUS today (poll)""","NO","NO","","fragment_or_label","HIGH","LABEL_FRAGMENT_OR_DEVICE","short label, slogan, heading or symbolic device rather than a proposition",">>2817197 ⏎ Think [WAPO] ⏎ Qanon yesterday (poll)","Notice any similarities?  ⏎ FAKE NEWS readers (asleep: not attentive or alert; inactive) told to SUPPORT SESSIONS?  ⏎ ""Every battle is won before it's ever fought."" ⏎ Are you awake? ⏎ Q","46","64","https://8ch.net/qresearch/res/2816784.html#2817461","","","","","","","","","UNREVIEWED"
"2041","#2041","2","p2041-s002","G_CERTIFIED_CONTEXT_NOT_PAINTED","BIG BIG BIG BIG BIG","1","UNHIGHLIGHTED","0","0","15","15","BIG BIG BIG BIG BIG","NO","","","context","context: ""BIG BIG BIG BIG BIG""","NO","NO","","fragment_or_label","HIGH","LABEL_FRAGMENT_OR_DEVICE","short label, slogan, heading or symbolic device rather than a proposition","https://www.judicialwatch.org/press-room/press-releases/judicial-watch-justice-department-discloses-no-fisa-court-hearings-held-on-carter-page-warrants/","Q","153","172","https://8ch.net/qresearch/res/2820668.html#2820842","","","","","","","","","UNREVIEWED"
"2043","#2043","1","p2043-s001","G_CERTIFIED_CONTEXT_NOT_PAINTED","Special Approval","1","UNHIGHLIGHTED","0","0","15","15","Special Approval","NO","","","context","context: ""Special Approval""","NO","NO","","fragment_or_label","HIGH","LABEL_FRAGMENT_OR_DEVICE","short label, slogan, heading or symbolic device rather than a proposition","","P729173009391_Z ⏎ [SETUP EX 1] ⏎ http://thehill.com/homenews/administration/342118-homeland-security-confirms-special-entry-for-russian-lawyer ⏎ [LL]>paper trail>special entry ⏎ [Natalia Veselnitskaya]>Manafort ⏎ FISA warrant is","0","16","https://8ch.net/qresearch/res/2824529.html#2825004","","","","","","","","","UNREVIEWED"
"2043","#2043","18","p2043-s018","G_CERTIFIED_CONTEXT_NOT_PAINTED","Ex:","1","UNHIGHLIGHTED","0","0","3","3","Ex:","NO","","","context","context: ""Ex:""","NO","NO","","colon_or_semicolon_block","HIGH","CLAIM_CANDIDATE","declarative prose — decide Q-authored claim vs quoted claim vs aphorism","NT CONTACTS [UMBRELLA SURV]. ⏎ FOREIGN TARGET DESIGNATOR(S) CREATE LEAPFROG (HOPS) TO ISOLATED 'REAL' TARGET(S) NON F_COMMS. ⏎ [SEC 702] ⏎ https://www.nsa.gov/news-features/press-room/statements/2017-04-28-702-statement.shtml","P talks to X ⏎ X talks to Y ⏎ Y talks to Z ⏎ P, X, Y, Z = BULK DATA COLLECTION [UMBRELLA] ⏎ UK ASSIST ALLOWS FOR NORMAL FISA LAW DECONSTRUCT. ⏎ DECONSTRUCT INCLUDES D2_SPY INSERT. ⏎ DECONSTRUCT INCLUDES NON_FISA_WARRANT_SPEC_OPS ⏎ W","822","825","https://8ch.net/qresearch/res/2824529.html#2825004","","","","","","","","","UNREVIEWED"
"2043","#2043","19","p2043-s019","G_CERTIFIED_CONTEXT_NOT_PAINTED","P talks to X","1","UNHIGHLIGHTED","0","0","9","9","P talks to X","NO","","","context","context: ""P talks to X""","NO","NO","","fragment_or_label","HIGH","LABEL_FRAGMENT_OR_DEVICE","short label, slogan, heading or symbolic device rather than a proposition","NTACTS [UMBRELLA SURV]. ⏎ FOREIGN TARGET DESIGNATOR(S) CREATE LEAPFROG (HOPS) TO ISOLATED 'REAL' TARGET(S) NON F_COMMS. ⏎ [SEC 702] ⏎ https://www.nsa.gov/news-features/press-room/statements/2017-04-28-702-statement.shtml ⏎ Ex:","X talks to Y ⏎ Y talks to Z ⏎ P, X, Y, Z = BULK DATA COLLECTION [UMBRELLA] ⏎ UK ASSIST ALLOWS FOR NORMAL FISA LAW DECONSTRUCT. ⏎ DECONSTRUCT INCLUDES D2_SPY INSERT. ⏎ DECONSTRUCT INCLUDES NON_FISA_WARRANT_SPEC_OPS ⏎ WARRANT_SPEC_OP","827","839","https://8ch.net/qresearch/res/2824529.html#2825004","","","","","","","","","UNREVIEWED"
"2043","#2043","20","p2043-s020","G_CERTIFIED_CONTEXT_NOT_PAINTED","X talks to Y","1","UNHIGHLIGHTED","0","0","9","9","X talks to Y","NO","","","context","context: ""X talks to Y""","NO","NO","","fragment_or_label","HIGH","LABEL_FRAGMENT_OR_DEVICE","short label, slogan, heading or symbolic device rather than a proposition","LLA SURV]. ⏎ FOREIGN TARGET DESIGNATOR(S) CREATE LEAPFROG (HOPS) TO ISOLATED 'REAL' TARGET(S) NON F_COMMS. ⏎ [SEC 702] ⏎ https://www.nsa.gov/news-features/press-room/statements/2017-04-28-702-statement.shtml ⏎ Ex:  ⏎ P talks to X","Y talks to Z ⏎ P, X, Y, Z = BULK DATA COLLECTION [UMBRELLA] ⏎ UK ASSIST ALLOWS FOR NORMAL FISA LAW DECONSTRUCT. ⏎ DECONSTRUCT INCLUDES D2_SPY INSERT. ⏎ DECONSTRUCT INCLUDES NON_FISA_WARRANT_SPEC_OPS ⏎ WARRANT_SPEC_OPS CLASSIFIED","840","852","https://8ch.net/qresearch/res/2824529.html#2825004","","","","","","","","","UNREVIEWED"
"2043","#2043","21","p2043-s021","G_CERTIFIED_CONTEXT_NOT_PAINTED","Y talks to Z","1","UNHIGHLIGHTED","0","0","9","9","Y talks to Z","NO","","","context","context: ""Y talks to Z""","NO","NO","","fragment_or_label","HIGH","LABEL_FRAGMENT_OR_DEVICE","short label, slogan, heading or symbolic device rather than a proposition","REIGN TARGET DESIGNATOR(S) CREATE LEAPFROG (HOPS) TO ISOLATED 'REAL' TARGET(S) NON F_COMMS. ⏎ [SEC 702] ⏎ https://www.nsa.gov/news-features/press-room/statements/2017-04-28-702-statement.shtml ⏎ Ex:  ⏎ P talks to X ⏎ X talks to Y","P, X, Y, Z = BULK DATA COLLECTION [UMBRELLA] ⏎ UK ASSIST ALLOWS FOR NORMAL FISA LAW DECONSTRUCT. ⏎ DECONSTRUCT INCLUDES D2_SPY INSERT. ⏎ DECONSTRUCT INCLUDES NON_FISA_WARRANT_SPEC_OPS ⏎ WARRANT_SPEC_OPS CLASSIFIED PUBLIC ⏎ Q","853","865","https://8ch.net/qresearch/res/2824529.html#2825004","","","","","","","","","UNREVIEWED"
"2049","#2049","1","p2049-s001","G_CERTIFIED_CONTEXT_NOT_PAINTED","HRC = Alice","1","PARTIAL_ONLY","33.33","0","6","9","= Alice","NO","namedEntity","namedEntity: ""HRC"" [0-3]","context","context: ""HRC = Alice""","NO","NO","","fragment_or_label","HIGH","LABEL_FRAGMENT_OR_DEVICE","short label, slogan, heading or symbolic device rather than a proposition","","SA = Wonderland ⏎ WHO ARE THE WHITE RABBITS? ⏎ Re_read drops re: SA ⏎ Have faith. ⏎ For God & Country. ⏎ Q","0","11","https://8ch.net/qresearch/res/2826816.html#2827163","","","","","","","","","UNREVIEWED"
"2049","#2049","2","p2049-s002","G_CERTIFIED_CONTEXT_NOT_PAINTED","SA = Wonderland","1","PARTIAL_ONLY","15.38","0","11","13","= Wonderland","NO","namedEntity","namedEntity: ""SA"" [12-14] || namedEntity: ""SA"" [12-14]","context","context: ""SA = Wonderland""","NO","NO","","fragment_or_label","HIGH","LABEL_FRAGMENT_OR_DEVICE","short label, slogan, heading or symbolic device rather than a proposition","HRC = Alice","WHO ARE THE WHITE RABBITS? ⏎ Re_read drops re: SA ⏎ Have faith. ⏎ For God & Country. ⏎ Q","12","27","https://8ch.net/qresearch/res/2826816.html#2827163","","","","","","","","","UNREVIEWED"
"2061","#2061","3","p2061-s003","G_CERTIFIED_CONTEXT_NOT_PAINTED","Susan Wojcicki - CEO of YouTube","1","PARTIAL_ONLY","76.92","0","6","26","- CEO of","NO","namedEntity","namedEntity: ""YouTube"" [152-159] || namedEntity: ""Susan Wojcicki"" [128-142]","context","context: ""Susan Wojcicki - CEO of YouTube""","NO","NO","","fragment_or_label","HIGH","LABEL_FRAGMENT_OR_DEVICE","short label, slogan, heading or symbolic device rather than a proposition",">>2847730 ⏎ Sergey Brin - GOOG [Founder][BORN IN MOSCOW] ⏎ was married to… ⏎ Anne Wojcicki - 23andme [Founder] ⏎ was brother-in-law to…","[DARPA] ⏎ Q","128","159","https://8ch.net/qresearch/res/2847534.html#2847844","","","","","","","","","UNREVIEWED"
"2072","#2072","1","p2072-s001","G_CERTIFIED_CONTEXT_NOT_PAINTED","The ""Experts""","2","UNHIGHLIGHTED","0","0","12","12","The ""Experts""","NO","","","context","context: ""The ""Experts""""","NO","NO","","fragment_or_label","HIGH","LABEL_FRAGMENT_OR_DEVICE","short label, slogan, heading or symbolic device rather than a proposition",">>173","But… SESSIONS should appoint a 2nd SC in DC aka THE CORRUPT SWAMP ⏎ But… SESSIONS should appoint a 2nd SC in DC aka THE CORRUPT SWAMP [team of less than 20 typically] & wait 2-4 years [take a gamble] ⏎ But… SESSIONS should","6","19","https://8ch.net/patriotsfight/res/62.html#175","","","","","","","","","UNREVIEWED"
"2076","#2076","3","p2076-s003","G_CERTIFIED_CONTEXT_NOT_PAINTED","Pages 33 & 34","1","UNHIGHLIGHTED","0","0","10","10","Pages 33 & 34","NO","","","context","context: ""Pages 33 & 34""","NO","NO","","fragment_or_label","HIGH","LABEL_FRAGMENT_OR_DEVICE","short label, slogan, heading or symbolic device rather than a proposition","https://fas.org/sgp/othergov/state-oig-email.pdf ⏎ ""as some compromised home systems have been reconfigured by these actors to automatically forward copies of all composed emails to an undisclosed recipient.”","The More You Know…. ⏎ Q","207","220","https://8ch.net/patriotsfight/res/62.html#176","","","","","","","","","UNREVIEWED"
"2077","#2077","1","p2077-s001","G_CERTIFIED_CONTEXT_NOT_PAINTED","Ex 1 - 'Being Afraid'","1","UNHIGHLIGHTED","0","0","17","17","Ex 1 - 'Being Afraid'","NO","","","context","context: ""Ex 1 - 'Being Afraid'""","NO","NO","","sentence_like_no_terminal","HIGH","CLAIM_CANDIDATE","declarative prose — decide Q-authored claim vs quoted claim vs aphorism","","Does HRC care about you? ⏎ If she cared about protecting you… ⏎ Would she sell out America’s secrets and Uranium to China/Russia [Ex 1]? ⏎ They always thought if charges were brought [v. them] they would ultimately be safe [S","0","21","https://8ch.net/patriotsfight/res/62.html#177","","","","","","","","","UNREVIEWED"
"2077","#2077","3","p2077-s003","G_CERTIFIED_CONTEXT_NOT_PAINTED","If she cared about protecting you…","1","UNHIGHLIGHTED","0","0","29","29","If she cared about protecting you…","NO","","","context","context: ""If she cared about protecting you…""","NO","NO","","sentence_like_no_terminal","HIGH","CLAIM_CANDIDATE","declarative prose — decide Q-authored claim vs quoted claim vs aphorism","Ex 1 - 'Being Afraid' ⏎ Does HRC care about you?","Would she sell out America’s secrets and Uranium to China/Russia [Ex 1]? ⏎ They always thought if charges were brought [v. them] they would ultimately be safe [SC control]. ⏎ [AS] out ⏎ [HRC] appointment(s) >> ⏎ End of all ends","47","81","https://8ch.net/patriotsfight/res/62.html#177","","","","","","","","","UNREVIEWED"
"2090","#2090","2","p2090-s002","G_CERTIFIED_CONTEXT_NOT_PAINTED","Ex 1:","1","UNHIGHLIGHTED","0","0","4","4","Ex 1:","NO","","","context","context: ""Ex 1:""","NO","NO","","colon_or_semicolon_block","HIGH","CLAIM_CANDIDATE","declarative prose — decide Q-authored claim vs quoted claim vs aphorism",">>99 ⏎ Re: why not post an original picture +/- 1,2,3 secs to establish credibility?","_AF1_5A_2 posted 11/09/17 ⏎ _AF1_5A_3 posted 05/22/18 ⏎ [2 sec stream] ⏎ Prepared. ⏎ Predictable. ⏎ This is not a game. ⏎ These people are stupid. ⏎ Q","84","89","https://8ch.net/patriotsfight/res/62.html#188","","","","","","","","","UNREVIEWED"
"2090","#2090","3","p2090-s003","G_CERTIFIED_CONTEXT_NOT_PAINTED","_AF1_5A_2 posted 11/09/17","1","PARTIAL_ONLY","13.04","0","20","23","_ ⋯ _5A_2 posted 11/09/17","NO","namedEntity","namedEntity: ""AF1"" [92-95]","context","context: ""_AF1_5A_2 posted 11/09/17""","NO","NO","","sentence_like_no_terminal","HIGH","CLAIM_CANDIDATE","declarative prose — decide Q-authored claim vs quoted claim vs aphorism",">>99 ⏎ Re: why not post an original picture +/- 1,2,3 secs to establish credibility?  ⏎ Ex 1:","_AF1_5A_3 posted 05/22/18 ⏎ [2 sec stream] ⏎ Prepared. ⏎ Predictable. ⏎ This is not a game. ⏎ These people are stupid. ⏎ Q","91","116","https://8ch.net/patriotsfight/res/62.html#188","","","","","","","","","UNREVIEWED"
"2090","#2090","4","p2090-s004","G_CERTIFIED_CONTEXT_NOT_PAINTED","_AF1_5A_3 posted 05/22/18","1","PARTIAL_ONLY","13.04","0","20","23","_ ⋯ _5A_3 posted 05/22/18","NO","namedEntity","namedEntity: ""AF1"" [118-121]","context","context: ""_AF1_5A_3 posted 05/22/18""","NO","NO","","sentence_like_no_terminal","HIGH","CLAIM_CANDIDATE","declarative prose — decide Q-authored claim vs quoted claim vs aphorism",">>99 ⏎ Re: why not post an original picture +/- 1,2,3 secs to establish credibility?  ⏎ Ex 1:  ⏎ _AF1_5A_2 posted 11/09/17","[2 sec stream] ⏎ Prepared. ⏎ Predictable. ⏎ This is not a game. ⏎ These people are stupid. ⏎ Q","117","142","https://8ch.net/patriotsfight/res/62.html#188","","","","","","","","","UNREVIEWED"
"2096","#2096","1","p2096-s001","G_CERTIFIED_CONTEXT_NOT_PAINTED","Fellow Patriots:","3","PARTIAL_ONLY","53.33","0","7","15","Fellow ⋯ :","NO","namedEntity","namedEntity: ""Patriots"" [7-15]","context","context: ""Fellow Patriots:""","NO","NO","","colon_or_semicolon_block","HIGH","CLAIM_CANDIDATE","declarative prose — decide Q-authored claim vs quoted claim vs aphorism","","What you are about to learn should not only scare you, but intensify your resolve to take back control [Freedom]. The information that will become public will further demonstrate the criminal & corrupt [pure evil] abuse","0","16","https://8ch.net/patriotsfight/res/62.html#194","","","","","","","","","UNREVIEWED"
"2097","#2097","4","p2097-s004","G_CERTIFIED_CONTEXT_NOT_PAINTED","Per today:","1","UNHIGHLIGHTED","0","0","9","9","Per today:","NO","","","context","context: ""Per today:""","NO","NO","","colon_or_semicolon_block","HIGH","CLAIM_CANDIDATE","declarative prose — decide Q-authored claim vs quoted claim vs aphorism","he remaining documents to ensure that they do not include grand jury information, information about ongoing law enforcement actions involving American citizens, or privileged attorney-client communications,” Prior said.","""Federal prosecutors have for months been using a grand jury…"" ⏎ You didn't think nothing was HAPPENING did you? ⏎ Q","426","436","https://8ch.net/qresearch/res/2905542.html#2906216","","","","","","","","","UNREVIEWED"
"2110","#2110","8","p2110-s008","G_CERTIFIED_CONTEXT_NOT_PAINTED","FISA = START","5","PARTIAL_ONLY","40","0","6","10","= START","NO","namedEntity | theme","namedEntity: ""FISA"" [486-490] || theme: ""FISA"" [486-490]","context","context: ""FISA = START""","NO","NO","","fragment_or_label","HIGH","LABEL_FRAGMENT_OR_DEVICE","short label, slogan, heading or symbolic device rather than a proposition","cs/2017/05/17/former-fbi-head-robert-mueller-named-to-oversee-russia-election-probe.html ⏎ [RR] ⏎ The plan [inter-organizational collaboration] [is] being carried out by highest level [former and current] positions [F + D].","Q","486","498","https://8ch.net/patriotsfight/res/62.html#201","","","","","","","","","UNREVIEWED"
"2112","#2112","3","p2112-s003","G_CERTIFIED_CONTEXT_NOT_PAINTED","""Sleeper Cells""","1","UNHIGHLIGHTED","0","0","14","14","""Sleeper Cells""","NO","","","context","context: """"Sleeper Cells""""","NO","NO","","fragment_or_label","HIGH","LABEL_FRAGMENT_OR_DEVICE","short label, slogan, heading or symbolic device rather than a proposition",">>2925016 ⏎ Do you believe in coincidences? ⏎ NYT ""Anon"" source?","Q","61","76","https://8ch.net/qresearch/res/2924932.html#2925189","","","","","","","","","UNREVIEWED"
"2113","#2113","2","p2113-s002","G_CERTIFIED_CONTEXT_NOT_PAINTED","Month: Sept","1","UNHIGHLIGHTED","0","0","10","10","Month: Sept","NO","","","context","context: ""Month: Sept""","NO","NO","","fragment_or_label","HIGH","LABEL_FRAGMENT_OR_DEVICE","short label, slogan, heading or symbolic device rather than a proposition",">>2925189 ⏎ Logical thinking.","Public learned GJ empaneled re: McCabe? ⏎ Coincidence? ⏎ Follow the connections. ⏎ We have it all.  ⏎ Q","28","39","https://8ch.net/qresearch/res/2924932.html#2925398","","","","","","","","","UNREVIEWED"
"2135","#2135","3","p2135-s003","G_CERTIFIED_CONTEXT_NOT_PAINTED","198","1","UNHIGHLIGHTED","0","0","3","3","198","NO","","","context","context: ""198""","NO","NO","","symbolic_or_numeric","MEDIUM","LABEL_FRAGMENT_OR_DEVICE","short label, slogan, heading or symbolic device rather than a proposition","Think DOJ/FBI classified leaks to FAKE NEWS > insert into FISA app in effort to provide 'new sources'. ⏎ No.","09/07/18 ⏎ [Today] ⏎ ""Review of the new documents raises grave concerns regarding an apparent systemic culture of media leaking by high-ranking officials at the FBI and DOJ related to ongoing investigations."" ⏎ https://saraa","107","110","https://8ch.net/patriotsfight/res/62.html#211","","","","","","","","","UNREVIEWED"
"2169","#2169","1","p2169-s001","G_CERTIFIED_CONTEXT_NOT_PAINTED","297k","1","UNHIGHLIGHTED","0","0","4","4","297k","NO","","","context","context: ""297k""","NO","NO","","fragment_or_label","HIGH","LABEL_FRAGMENT_OR_DEVICE","short label, slogan, heading or symbolic device rather than a proposition",">>2995106",">>2995190 ⏎ Military planning at its finest. ⏎ Q","10","14","https://8ch.net/qresearch/res/2995301.html#2995423","","","","","","","","","UNREVIEWED"
"2173","#2173","5","p2173-s005","G_CERTIFIED_CONTEXT_NOT_PAINTED","CARPET BOMBS >>> MOAB","1","UNHIGHLIGHTED","0","0","18","18","CARPET BOMBS >>> MOAB","NO","","","context","context: ""CARPET BOMBS >>> MOAB""","NO","NO","","fragment_or_label","HIGH","LABEL_FRAGMENT_OR_DEVICE","short label, slogan, heading or symbolic device rather than a proposition","SEPT —-17—– [week of] ⏎ https://www.cnn.com/2018/09/15/politics/fema-presidential-alert-trump-emergency-test/index.html ⏎ DECLAS coming? ⏎ MORE INCRIMINATING [TEXT] RELEASES COMING? ⏎ DARK TO LIGHT.","Q","191","212","https://8ch.net/patriotsfight/res/62.html#235","","","","","","","","","UNREVIEWED"
"2177","#2177","2","p2177-s002","G_CERTIFIED_CONTEXT_NOT_PAINTED","Executive Order 13526","3","PARTIAL_ONLY","73.68","0","5","19","13526","NO","theme","theme: ""Executive Order"" [88-103]","context","context: ""Executive Order 13526""","NO","NO","","fragment_or_label","HIGH","LABEL_FRAGMENT_OR_DEVICE","short label, slogan, heading or symbolic device rather than a proposition","https://www.gpo.gov/fdsys/pkg/CFR-2010-title3-vol1/pdf/CFR-2010-title3-vol1-eo13526.pdf","Sec 1.7 ⏎ ""Classification Prohibitions and Limitations. (a) In no case shall information be classified, continue to be maintained as classified, or fail to be declassified in order to: ⏎ (1) conceal violations of law, ineff","88","109","https://8ch.net/patriotsfight/res/62.html#239","","","","","","","","","UNREVIEWED"
"2177","#2177","3","p2177-s003","G_CERTIFIED_CONTEXT_NOT_PAINTED","Sec 1.7","3","UNHIGHLIGHTED","0","0","6","6","Sec 1.7","NO","","","context","context: ""Sec 1.7""","NO","NO","","fragment_or_label","HIGH","LABEL_FRAGMENT_OR_DEVICE","short label, slogan, heading or symbolic device rather than a proposition","https://www.gpo.gov/fdsys/pkg/CFR-2010-title3-vol1/pdf/CFR-2010-title3-vol1-eo13526.pdf ⏎ Executive Order 13526","""Classification Prohibitions and Limitations. (a) In no case shall information be classified, continue to be maintained as classified, or fail to be declassified in order to: ⏎ (1) conceal violations of law, inefficiency,","110","117","https://8ch.net/patriotsfight/res/62.html#239","","","","","","","","","UNREVIEWED"
"2180","#2180","6","p2180-s006","G_CERTIFIED_CONTEXT_NOT_PAINTED",">>Rep Keith Ellison (Minnesota)","1","PARTIAL_ONLY","42.86","0","16","28",">>Rep ⋯ (Minnesota)","NO","namedEntity","namedEntity: ""Keith Ellison"" [497-510]","context","context: "">>Rep Keith Ellison (Minnesota)""","NO","NO","","fragment_or_label","HIGH","LABEL_FRAGMENT_OR_DEVICE","short label, slogan, heading or symbolic device rather than a proposition","OUSE OF CARDS] ⏎ https://dailycaller.com/2018/02/09/three-democrats-rouhani-louis-farrakhan/ ⏎ Why would [3] D Congressman attend a private dinner w/ Iranian President Hassan Rouhani [#1 state sponsor of terrorism] in 2013?",">>Rep Andre Carson (Indiana) ⏎ >>Rep Gregory Meeks (New York)  ⏎ >>Louis Farrakhan ⏎ http://history.house.gov/Institution/Origins-Development/Oath-of-Office/ ⏎ ""I do solemnly swear (or affirm) that I will support and defend the","491","522","https://8ch.net/patriotsfight/res/62.html#242","","","","","","","","","UNREVIEWED"
"2180","#2180","7","p2180-s007","G_CERTIFIED_CONTEXT_NOT_PAINTED",">>Rep Andre Carson (Indiana)","1","PARTIAL_ONLY","44","0","14","25",">>Rep ⋯ (Indiana)","NO","namedEntity","namedEntity: ""Andre Carson"" [529-541]","context","context: "">>Rep Andre Carson (Indiana)""","NO","NO","","fragment_or_label","HIGH","LABEL_FRAGMENT_OR_DEVICE","short label, slogan, heading or symbolic device rather than a proposition","er.com/2018/02/09/three-democrats-rouhani-louis-farrakhan/ ⏎ Why would [3] D Congressman attend a private dinner w/ Iranian President Hassan Rouhani [#1 state sponsor of terrorism] in 2013? ⏎ >>Rep Keith Ellison (Minnesota)",">>Rep Gregory Meeks (New York)  ⏎ >>Louis Farrakhan ⏎ http://history.house.gov/Institution/Origins-Development/Oath-of-Office/ ⏎ ""I do solemnly swear (or affirm) that I will support and defend the Constitution of the United S","523","551","https://8ch.net/patriotsfight/res/62.html#242","","","","","","","","","UNREVIEWED"
"2180","#2180","8","p2180-s008","G_CERTIFIED_CONTEXT_NOT_PAINTED",">>Rep Gregory Meeks (New York)","1","PARTIAL_ONLY","46.15","0","14","26",">>Rep ⋯ (New York)","NO","namedEntity","namedEntity: ""Gregory Meeks"" [558-571]","context","context: "">>Rep Gregory Meeks (New York)""","NO","NO","","fragment_or_label","HIGH","LABEL_FRAGMENT_OR_DEVICE","short label, slogan, heading or symbolic device rather than a proposition","rats-rouhani-louis-farrakhan/ ⏎ Why would [3] D Congressman attend a private dinner w/ Iranian President Hassan Rouhani [#1 state sponsor of terrorism] in 2013? ⏎ >>Rep Keith Ellison (Minnesota) ⏎ >>Rep Andre Carson (Indiana)",">>Louis Farrakhan ⏎ http://history.house.gov/Institution/Origins-Development/Oath-of-Office/ ⏎ ""I do solemnly swear (or affirm) that I will support and defend the Constitution of the United States against all enemies, fore","552","582","https://8ch.net/patriotsfight/res/62.html#242","","","","","","","","","UNREVIEWED"
"2182","#2182","1","p2182-s001","G_CERTIFIED_CONTEXT_NOT_PAINTED","+Content match re: Nunes interview","1","PARTIAL_ONLY","16.67","0","25","30","+Content match re: ⋯ interview","NO","namedEntity","namedEntity: ""Nunes"" [29-34]","context","context: ""+Content match re: Nunes interview""","NO","NO","","fragment_or_label","HIGH","LABEL_FRAGMENT_OR_DEVICE","short label, slogan, heading or symbolic device rather than a proposition",">>3045858","It will become even more apparent going forward. ⏎ Q","10","44","https://8ch.net/qresearch/res/3045620.html#3045911","","","","","","","","","UNREVIEWED"
"2188","#2188","2","p2188-s002","G_CERTIFIED_CONTEXT_NOT_PAINTED","SEPT —–17—–","1","UNHIGHLIGHTED","0","0","10","10","SEPT —–17—–","NO","","","context","context: ""SEPT —–17—–""","NO","NO","","fragment_or_label","HIGH","LABEL_FRAGMENT_OR_DEVICE","short label, slogan, heading or symbolic device rather than a proposition","https://www.whitehouse.gov/briefings-statements/statement-press-secretary-34/","Do you believe in coincidences? ⏎ Q","78","89","https://8ch.net/patriotsfight/res/62.html#245","","","","","","","","","UNREVIEWED"
"2205","#2205","3","p2205-s003","G_CERTIFIED_CONTEXT_NOT_PAINTED","HIGHEST COURT AUTHORITY APPROVAL","1","UNHIGHLIGHTED","0","0","29","29","HIGHEST COURT AUTHORITY APPROVAL","NO","","","context","context: ""HIGHEST COURT AUTHORITY APPROVAL""","NO","NO","","fragment_or_label","HIGH","LABEL_FRAGMENT_OR_DEVICE","short label, slogan, heading or symbolic device rather than a proposition","PANIC IN DC ⏎ SESSIONS CLAS LETTER TO SC JUSTICES 1&2 RE: RECUSAL, UNRECUSAL, AND CLARITY RE: CONFLICTS BASED ON UNCLASSIFIED MATERIAL [TODAY].","Q","142","174","https://8ch.net/patriotsfight/res/62.html#258","","","","","","","","","UNREVIEWED"
"2207","#2207","4","p2207-s004","G_CERTIFIED_CONTEXT_NOT_PAINTED","Executive Order 13526","3","PARTIAL_ONLY","73.68","0","5","19","13526","NO","theme","theme: ""Executive Order"" [255-270]","context","context: ""Executive Order 13526""","NO","NO","","fragment_or_label","HIGH","LABEL_FRAGMENT_OR_DEVICE","short label, slogan, heading or symbolic device rather than a proposition","older/status/1042020158489944064 ⏎ https://twitter.com/RepSwalwell/status/1041823800034131968 ⏎ ABUSE OF POWER? ⏎ [Reminder - HUSSEIN EO] ⏎ https://www.gpo.gov/fdsys/pkg/CFR-2010-title3-vol1/pdf/CFR-2010-title3-vol1-eo13526.pdf","Sec 1.7 ⏎ ""Classification Prohibitions and Limitations. (a) In no case shall information be classified, continue to be maintained as classified, or fail to be declassified in order to: ⏎ (1) conceal violations of law, ineff","255","276","https://8ch.net/patriotsfight/res/62.html#260","","","","","","","","","UNREVIEWED"
"2207","#2207","5","p2207-s005","G_CERTIFIED_CONTEXT_NOT_PAINTED","Sec 1.7","3","UNHIGHLIGHTED","0","0","6","6","Sec 1.7","NO","","","context","context: ""Sec 1.7""","NO","NO","","fragment_or_label","HIGH","LABEL_FRAGMENT_OR_DEVICE","short label, slogan, heading or symbolic device rather than a proposition","8489944064 ⏎ https://twitter.com/RepSwalwell/status/1041823800034131968 ⏎ ABUSE OF POWER? ⏎ [Reminder - HUSSEIN EO] ⏎ https://www.gpo.gov/fdsys/pkg/CFR-2010-title3-vol1/pdf/CFR-2010-title3-vol1-eo13526.pdf ⏎ Executive Order 13526","""Classification Prohibitions and Limitations. (a) In no case shall information be classified, continue to be maintained as classified, or fail to be declassified in order to: ⏎ (1) conceal violations of law, inefficiency,","277","284","https://8ch.net/patriotsfight/res/62.html#260","","","","","","","","","UNREVIEWED"
"2211","#2211","28","p2211-s028","G_CERTIFIED_CONTEXT_NOT_PAINTED","HUBER >> HOROWITZ >> STORCH","1","PARTIAL_ONLY","56.52","0","10","23",">> ⋯ >> STORCH","NO","namedEntity","namedEntity: ""HUBER"" [2181-2186] || namedEntity: ""HUBER"" [2181-2186] || namedEntity: ""HUBER"" [2181-2186] || namedEntity: ""HUBER"" [2181-2186] || namedEntity: ""HUBER"" [2181-2186] || namedEntity: ""HUBER"" [2181-2186] || namedEntity: ""HOROWITZ"" [2190-2198]","context","context: ""HUBER >> HOROWITZ >> STORCH""","NO","NO","","fragment_or_label","HIGH","LABEL_FRAGMENT_OR_DEVICE","short label, slogan, heading or symbolic device rather than a proposition","d by agency heads (designated federal entities).” ⏎ http://legcounsel.house.gov/Comps/Inspector%20General%20Act%20Of%201978.pdf ⏎ How might this benefit ‘possible’ ongoing investigations across inter-intra federal agencies?","US ATTORNEY (PROSECUTOR) >> DOJ/FBI INSPECTOR GENERAL (INVESTIGATOR) >> SIGNALS INTELLIGENCE (SIGINT) AND INFORMATION ASSURANCE (IA) PRODUCTS AND SERVICES ⏎ https://www.justice.gov/usao-ut/pr/attorney-general-jeff-session","2181","2208","https://8ch.net/patriotsfight/res/62.html#264","","","","","","","","","UNREVIEWED"
"2211","#2211","32","p2211-s032","G_CERTIFIED_CONTEXT_NOT_PAINTED","The ""Experts""","2","UNHIGHLIGHTED","0","0","12","12","The ""Experts""","NO","","","context","context: ""The ""Experts""""","NO","NO","","fragment_or_label","HIGH","LABEL_FRAGMENT_OR_DEVICE","short label, slogan, heading or symbolic device rather than a proposition","ON ASSURANCE (IA) PRODUCTS AND SERVICES ⏎ https://www.justice.gov/usao-ut/pr/attorney-general-jeff-sessions-appoints-utah-us-attorney-john-w-huber-leadership-position ⏎ NSA been pushed since the beginning? ⏎ Logical thinking.","But… SESSIONS should appoint a 2nd SC in DC aka THE CORRUPT SWAMP ⏎ But… SESSIONS should appoint a 2nd SC in DC aka THE CORRUPT SWAMP [team of less than 20 typically] & wait 2-4 years [take a gamble] ⏎ But… SESSIONS should","2544","2557","https://8ch.net/patriotsfight/res/62.html#264","","","","","","","","","UNREVIEWED"
"2217","#2217","4","p2217-s004","G_CERTIFIED_CONTEXT_NOT_PAINTED","U1 Funnel >> Canada >> X","1","PARTIAL_ONLY","42.11","0","11","19","Funnel >> ⋯ >> X","NO","namedEntity","namedEntity: ""U1"" [55-57] || namedEntity: ""Canada"" [68-74]","context","context: ""U1 Funnel >> Canada >> X""","NO","NO","","fragment_or_label","HIGH","LABEL_FRAGMENT_OR_DEVICE","short label, slogan, heading or symbolic device rather than a proposition",">>3093289 ⏎ Billionaire(s) 187. ⏎ FVEY ⏎ Safety House Build.","Q","55","79","https://8ch.net/qresearch/res/3092945.html#3093430","","","","","","","","","UNREVIEWED"
"2219","#2219","3","p2219-s003","G_CERTIFIED_CONTEXT_NOT_PAINTED","""You cannot attack a political opponent""","1","UNHIGHLIGHTED","0","0","35","35","""You cannot attack a political opponent""","NO","","","context","context: """"You cannot attack a political opponent""""","NO","NO","","fragment_or_label","HIGH","LABEL_FRAGMENT_OR_DEVICE","short label, slogan, heading or symbolic device rather than a proposition",">>3093306 ⏎ Sexual misconduct is the 'public shelter' to accept resignation.  ⏎ Watch those announcing 2020 P running.","None are protected. ⏎ None are safe. ⏎ Q","115","155","https://8ch.net/qresearch/res/3093640.html#3093784","","","","","","","","","UNREVIEWED"
"2230","#2230","3","p2230-s003","G_CERTIFIED_CONTEXT_NOT_PAINTED","Huber >> IG (Horowitz) >> Storch","1","PARTIAL_ONLY","55.56","0","12","27",">> ⋯ ( ⋯ ) >> Storch","NO","namedEntity","namedEntity: ""Huber"" [61-66] || namedEntity: ""IG"" [70-72] || namedEntity: ""IG"" [70-72] || namedEntity: ""Horowitz"" [74-82]","context","context: ""Huber >> IG (Horowitz) >> Storch""","NO","NO","","fragment_or_label","HIGH","LABEL_FRAGMENT_OR_DEVICE","short label, slogan, heading or symbolic device rather than a proposition",">>3106680 ⏎ Panic in DC re: Baker confirmed? ⏎ Note IG involved.","Q","61","93","https://8ch.net/qresearch/res/3106490.html#3106768","","","","","","","","","UNREVIEWED"
"2250","#2250","5","p2250-s005","G_CERTIFIED_CONTEXT_NOT_PAINTED","RED WAVE","1","UNHIGHLIGHTED","0","0","7","7","RED WAVE","NO","","","context","context: ""RED WAVE""","NO","NO","","fragment_or_label","HIGH","LABEL_FRAGMENT_OR_DEVICE","short label, slogan, heading or symbolic device rather than a proposition","ited to report that Republicans reclaimed a seat they had not held in 139 years."" ⏎ ""…this victory is even more frightening because the district is 73 percent African-American and Hispanic."" ⏎ Read carefully - significant!","Q","438","446","https://8ch.net/patriotsfight/res/62.html#278","","","","","","","","","UNREVIEWED"
"2257","#2257","3","p2257-s003","G_CERTIFIED_CONTEXT_NOT_PAINTED","The More You Know…","16","UNHIGHLIGHTED","0","0","15","15","The More You Know…","NO","","","context","context: ""The More You Know…""","NO","NO","","fragment_or_label","HIGH","LABEL_FRAGMENT_OR_DEVICE","short label, slogan, heading or symbolic device rather than a proposition","https://www.nytimes.com/2018/09/21/us/politics/rod-rosenstein-wear-wire-25th-amendment.html ⏎ 1 = 1 ⏎ http://www.foxnews.com/politics/2018/09/07/omarosa-plans-another-tape-release-next-week-report.html","Q","198","216","https://8ch.net/patriotsfight/res/62.html#284","","","","","","","","","UNREVIEWED"
"2258","#2258","2","p2258-s002","G_CERTIFIED_CONTEXT_NOT_PAINTED","Schumer’s Warning","1","PARTIAL_ONLY","43.75","0","9","16","’s Warning","NO","namedEntity","namedEntity: ""Schumer"" [115-122]","context","context: ""Schumer’s Warning""","NO","NO","","fragment_or_label","HIGH","LABEL_FRAGMENT_OR_DEVICE","short label, slogan, heading or symbolic device rather than a proposition","https://www.bloomberg.com/news/articles/2018-09-21/rosenstein-is-said-to-have-suggested-he-d-record-trump-secretly","Senate Democratic Leader Chuck Schumer quickly warned Trump against seizing on the report as a reason to dismiss Rosenstein. ⏎ “This story must not be used as a pretext for the corrupt purpose of firing Deputy Attorney Ge","115","132","https://8ch.net/patriotsfight/res/62.html#285","","","","","","","","","UNREVIEWED"
"2262","#2262","2","p2262-s002","G_CERTIFIED_CONTEXT_NOT_PAINTED","202-456-1414","1","UNHIGHLIGHTED","0","0","12","12","202-456-1414","NO","","","context","context: ""202-456-1414""","NO","NO","","symbolic_or_numeric","HIGH","LABEL_FRAGMENT_OR_DEVICE","short label, slogan, heading or symbolic device rather than a proposition","MUSIC IS ABOUT TO STOP.","Q","24","36","https://8ch.net/patriotsfight/res/62.html#289","","","","","","","","","UNREVIEWED"
"2267","#2267","1","p2267-s001","G_CERTIFIED_CONTEXT_NOT_PAINTED","/BO/ thank you for your service","1","PARTIAL_ONLY","7.69","0","24","26","/ ⋯ / thank you for your service","NO","namedEntity","namedEntity: ""BO"" [1-3]","context","context: ""/BO/ thank you for your service""","NO","NO","","fragment_or_label","HIGH","LABEL_FRAGMENT_OR_DEVICE","short label, slogan, heading or symbolic device rather than a proposition","","People are scattered since Reddit termination ⏎ What about starting a trusted VOAT board under your direction?  ⏎ If you build it - they will come. ⏎ Q","0","31","https://8ch.net/qresearch/res/3129851.html#3130330","","","","","","","","","UNREVIEWED"
"2284","#2284","5","p2284-s005","G_CERTIFIED_CONTEXT_NOT_PAINTED","#WALKAWAY","4","UNHIGHLIGHTED","0","0","9","9","#WALKAWAY","NO","","","context","context: ""#WALKAWAY""","NO","NO","","fragment_or_label","HIGH","LABEL_FRAGMENT_OR_DEVICE","short label, slogan, heading or symbolic device rather than a proposition","https://twitter.com/SenBlumenthal/status/1045430208810168322 ⏎ FALSE IN ONE THING. ⏎ FALSE IN EVERYTHING. ⏎ LEFT HYPOCRISY.","Q","119","128","https://8ch.net/patriotsfight/res/62.html#303","","","","","","","","","UNREVIEWED"
"2286","#2286","1","p2286-s001","G_CERTIFIED_CONTEXT_NOT_PAINTED","Justice K confirmation","2","UNHIGHLIGHTED","0","0","20","20","Justice K confirmation","NO","","","context","context: ""Justice K confirmation""","NO","NO","","fragment_or_label","HIGH","LABEL_FRAGMENT_OR_DEVICE","short label, slogan, heading or symbolic device rather than a proposition","","Goodbye, Mr. Rosenstein  ⏎ DECLAS  ⏎ POTUS Alert-Test ⏎ RED OCTOBER? ⏎ Q","0","22","https://8ch.net/qresearch/res/3224265.html#3224486","","","","","","","","","UNREVIEWED"
"2286","#2286","5","p2286-s005","G_CERTIFIED_CONTEXT_NOT_PAINTED","POTUS Alert-Test","1","PARTIAL_ONLY","33.33","0","10","15","Alert-Test","NO","namedEntity","namedEntity: ""POTUS"" [56-61]","context","context: ""POTUS Alert-Test""","NO","NO","","fragment_or_label","HIGH","LABEL_FRAGMENT_OR_DEVICE","short label, slogan, heading or symbolic device rather than a proposition","Justice K confirmation ⏎ Goodbye, Mr. Rosenstein  ⏎ DECLAS","RED OCTOBER? ⏎ Q","56","72","https://8ch.net/qresearch/res/3224265.html#3224486","","","","","","","","","UNREVIEWED"
"2287","#2287","2","p2287-s002","G_CERTIFIED_CONTEXT_NOT_PAINTED","MIDTERM ELECTIONS","2","UNHIGHLIGHTED","0","0","16","16","MIDTERM ELECTIONS","NO","","","context","context: ""MIDTERM ELECTIONS""","NO","NO","","fragment_or_label","HIGH","LABEL_FRAGMENT_OR_DEVICE","short label, slogan, heading or symbolic device rather than a proposition",">>3224486 ⏎ RED OCTOBER>>>","RED WAVE OR RED TSUNAMI? ⏎ FIGHT! ⏎ FIGHT! ⏎ FIGHT! ⏎ Q","25","42","https://8ch.net/qresearch/res/3224265.html#3224714","","","","","","","","","UNREVIEWED"
"2288","#2288","1","p2288-s001","G_CERTIFIED_CONTEXT_NOT_PAINTED","MIDTERM ELECTIONS>>>","2","UNHIGHLIGHTED","0","0","19","19","MIDTERM ELECTIONS>>>","NO","","","context","context: ""MIDTERM ELECTIONS>>>""","NO","NO","","fragment_or_label","HIGH","LABEL_FRAGMENT_OR_DEVICE","short label, slogan, heading or symbolic device rather than a proposition",">>3224714","[Days Prior] ⏎ 11.11 ⏎ What a wonderful day! ⏎ Q","10","30","https://8ch.net/qresearch/res/3224265.html#3224848","","","","","","","","","UNREVIEWED"
"2288","#2288","3","p2288-s003","G_CERTIFIED_CONTEXT_NOT_PAINTED","11.11","2","UNHIGHLIGHTED","0","0","5","5","11.11","NO","","","context","context: ""11.11""","NO","NO","","symbolic_or_numeric","HIGH","LABEL_FRAGMENT_OR_DEVICE","short label, slogan, heading or symbolic device rather than a proposition",">>3224714 ⏎ MIDTERM ELECTIONS>>> ⏎ [Days Prior]","What a wonderful day! ⏎ Q","44","49","https://8ch.net/qresearch/res/3224265.html#3224848","","","","","","","","","UNREVIEWED"
"2296","#2296","1","p2296-s001","G_CERTIFIED_CONTEXT_NOT_PAINTED","D's Playbook (Midterm E):","1","UNHIGHLIGHTED","0","0","22","22","D's Playbook (Midterm E):","NO","","","context","context: ""D's Playbook (Midterm E):""","NO","NO","","colon_or_semicolon_block","HIGH","CLAIM_CANDIDATE","declarative prose — decide Q-authored claim vs quoted claim vs aphorism","","We will impeach Justice K (ZERO corroborating evidence and ALL factual witnesses provided by accuser ALL DENIED ALLEGATIONS) should we take control in NOV. ⏎ LIBERAL LEFT LUNACY [BAIT]. ⏎ These people are EVIL, SICK, & STUP","0","25","https://8ch.net/patriotsfight/res/62.html#306","","","","","","","","","UNREVIEWED"
"2296","#2296","6","p2296-s006","G_CERTIFIED_CONTEXT_NOT_PAINTED","OLD GUARD   >>>   POWER TO THE PEOPLE","1","UNHIGHLIGHTED","0","0","27","27","OLD GUARD   >>>   POWER TO THE PEOPLE","NO","","","context","context: ""OLD GUARD   >>>   POWER TO THE PEOPLE""","NO","NO","","fragment_or_label","HIGH","LABEL_FRAGMENT_OR_DEVICE","short label, slogan, heading or symbolic device rather than a proposition","ses provided by accuser ALL DENIED ALLEGATIONS) should we take control in NOV. ⏎ LIBERAL LEFT LUNACY [BAIT]. ⏎ These people are EVIL, SICK, & STUPID. ⏎ You are watching/witnessing the systematic destruction of the OLD GUARD.","RED OCTOBER. ⏎ Q","323","360","https://8ch.net/patriotsfight/res/62.html#306","","","","","","","","","UNREVIEWED"
"2298","#2298","9","p2298-s009","G_CERTIFIED_CONTEXT_NOT_PAINTED","GOOD V EVIL","3","UNHIGHLIGHTED","0","0","9","9","GOOD V EVIL","NO","","","context","context: ""GOOD V EVIL""","NO","NO","","fragment_or_label","HIGH","LABEL_FRAGMENT_OR_DEVICE","short label, slogan, heading or symbolic device rather than a proposition","en their SURVIVAL [election]. ⏎ GOOG - FB will follow. ⏎ EXPECT COMMS BLACKOUT ATTEMPT (POTUS TWITTER) ⏎ [ROGUE_EMPLOYEE_EXCUSE] ⏎ Welcome to the POLICE STATE. ⏎ THEY KNOW IF THEY LOSE IT'S OVER. ⏎ THE TIME TO FIGHT!!!!!!!! IS NOW.","HUMANITY IS AT STAKE ⏎ DROP THE MEMES ⏎ SILENT MAJORITY NO MORE ⏎ BE LOUD - YOU HAVE A VOICE ⏎ ARE YOU REGISTERED? ⏎ VOTE THEM ALL OUT ⏎ PREPARE ⏎ RED OCTOBER ⏎ WE STAND TOGETHER. ⏎ Q","305","316","https://8ch.net/patriotsfight/res/62.html#308","","","","","","","","","UNREVIEWED"
"2298","#2298","12","p2298-s012","G_CERTIFIED_CONTEXT_NOT_PAINTED","SILENT MAJORITY NO MORE","1","UNHIGHLIGHTED","0","0","20","20","SILENT MAJORITY NO MORE","NO","","","context","context: ""SILENT MAJORITY NO MORE""","NO","NO","","fragment_or_label","HIGH","LABEL_FRAGMENT_OR_DEVICE","short label, slogan, heading or symbolic device rather than a proposition","low. ⏎ EXPECT COMMS BLACKOUT ATTEMPT (POTUS TWITTER) ⏎ [ROGUE_EMPLOYEE_EXCUSE] ⏎ Welcome to the POLICE STATE. ⏎ THEY KNOW IF THEY LOSE IT'S OVER. ⏎ THE TIME TO FIGHT!!!!!!!! IS NOW. ⏎ GOOD V EVIL ⏎ HUMANITY IS AT STAKE ⏎ DROP THE MEMES","BE LOUD - YOU HAVE A VOICE ⏎ ARE YOU REGISTERED? ⏎ VOTE THEM ALL OUT ⏎ PREPARE ⏎ RED OCTOBER ⏎ WE STAND TOGETHER. ⏎ Q","353","376","https://8ch.net/patriotsfight/res/62.html#308","","","","","","","","","UNREVIEWED"
"2299","#2299","1","p2299-s001","G_CERTIFIED_CONTEXT_NOT_PAINTED","Splash1-X","1","UNHIGHLIGHTED","0","0","9","9","Splash1-X","NO","","","context","context: ""Splash1-X""","NO","NO","","fragment_or_label","HIGH","LABEL_FRAGMENT_OR_DEVICE","short label, slogan, heading or symbolic device rather than a proposition","","AIRG_patrol_HIGH ⏎ Check_in_Z[des_TFC]381 ⏎ Q","0","9","https://8ch.net/patriotsfight/res/62.html#309","","","","","","","","","UNREVIEWED"
"2299","#2299","2","p2299-s002","G_CERTIFIED_CONTEXT_NOT_PAINTED","AIRG_patrol_HIGH","1","UNHIGHLIGHTED","0","0","16","16","AIRG_patrol_HIGH","NO","","","context","context: ""AIRG_patrol_HIGH""","NO","NO","","fragment_or_label","HIGH","LABEL_FRAGMENT_OR_DEVICE","short label, slogan, heading or symbolic device rather than a proposition","Splash1-X","Check_in_Z[des_TFC]381 ⏎ Q","10","26","https://8ch.net/patriotsfight/res/62.html#309","","","","","","","","","UNREVIEWED"
"2299","#2299","3","p2299-s003","G_CERTIFIED_CONTEXT_NOT_PAINTED","Check_in_Z[des_TFC]381","1","PARTIAL_ONLY","40.91","0","13","22","Check_in_Z ⋯ 381","NO","bracketCode","bracketCode: ""[des_TFC]"" [37-46]","context","context: ""Check_in_Z[des_TFC]381""","NO","NO","","fragment_or_label","HIGH","LABEL_FRAGMENT_OR_DEVICE","short label, slogan, heading or symbolic device rather than a proposition","Splash1-X ⏎ AIRG_patrol_HIGH","Q","27","49","https://8ch.net/patriotsfight/res/62.html#309","","","","","","","","","UNREVIEWED"
"2300","#2300","16","p2300-s016","G_CERTIFIED_CONTEXT_NOT_PAINTED","1-800-273-8255","1","UNHIGHLIGHTED","0","0","14","14","1-800-273-8255","NO","","","context","context: ""1-800-273-8255""","NO","NO","","symbolic_or_numeric","HIGH","LABEL_FRAGMENT_OR_DEVICE","short label, slogan, heading or symbolic device rather than a proposition","ubverted; especially : a systematic attempt to overthrow or undermine a government or political system by persons working secretly from within? ⏎ Think line of questions re: Sen. Graham > Justice K re: 'Enemy Combatants'.","Operators standing by. ⏎ Q","943","957","https://8ch.net/patriotsfight/res/62.html#310","","","","","","","","","UNREVIEWED"
"2318","#2318","1","p2318-s001","G_CERTIFIED_CONTEXT_NOT_PAINTED","53-47","4","UNHIGHLIGHTED","0","0","5","5","53-47","NO","","","context","context: ""53-47""","NO","NO","","symbolic_or_numeric","HIGH","LABEL_FRAGMENT_OR_DEVICE","short label, slogan, heading or symbolic device rather than a proposition","","Q","0","5","https://8ch.net/patriotsfight/res/62.html#320","","","","","","","","","UNREVIEWED"
"2319","#2319","17","p2319-s017","G_CERTIFIED_CONTEXT_NOT_PAINTED","The More You Know…","16","UNHIGHLIGHTED","0","0","15","15","The More You Know…","NO","","","context","context: ""The More You Know…""","NO","NO","","fragment_or_label","HIGH","LABEL_FRAGMENT_OR_DEVICE","short label, slogan, heading or symbolic device rather than a proposition","S MODIFIED TO CREATE POSITIVE RESULT? ⏎ Goal: [per past statistical success rates] apply enough 'false' intensive private & public pressure for nominee to resign. ⏎ Mission Failed. ⏎ Target provided w/ info to prep [counter].","Q","1099","1117","https://8ch.net/patriotsfight/res/62.html#321","","","","","","","","","UNREVIEWED"
"2335","#2335","8","p2335-s008","G_CERTIFIED_CONTEXT_NOT_PAINTED","The More You Know…","16","UNHIGHLIGHTED","0","0","15","15","The More You Know…","NO","","","context","context: ""The More You Know…""","NO","NO","","fragment_or_label","HIGH","LABEL_FRAGMENT_OR_DEVICE","short label, slogan, heading or symbolic device rather than a proposition","tion Army. In Supermicro, China’s spies appear to have found a perfect conduit for what U.S. officials now describe as the most significant supply chain attack known to have been carried out against American companies.""","Q","1199","1217","https://8ch.net/patriotsfight/res/62.html#333","","","","","","","","","UNREVIEWED"
"2353","#2353","3","p2353-s003","G_CERTIFIED_CONTEXT_NOT_PAINTED","#WALKAWAY","4","UNHIGHLIGHTED","0","0","9","9","#WALKAWAY","NO","","","context","context: ""#WALKAWAY""","NO","NO","","fragment_or_label","HIGH","LABEL_FRAGMENT_OR_DEVICE","short label, slogan, heading or symbolic device rather than a proposition","WELCOME TO THE DEMOCRAT PARTY. ⏎ The Party of threats, violence, intimidation, name-calling, racism, fascism, division, …..","#VOTEREPUBLICAN ⏎ Q","122","131","https://8ch.net/patriotsfight/res/62.html#348","","","","","","","","","UNREVIEWED"
"2353","#2353","4","p2353-s004","G_CERTIFIED_CONTEXT_NOT_PAINTED","#VOTEREPUBLICAN","2","UNHIGHLIGHTED","0","0","15","15","#VOTEREPUBLICAN","NO","","","context","context: ""#VOTEREPUBLICAN""","NO","NO","","fragment_or_label","HIGH","LABEL_FRAGMENT_OR_DEVICE","short label, slogan, heading or symbolic device rather than a proposition","WELCOME TO THE DEMOCRAT PARTY. ⏎ The Party of threats, violence, intimidation, name-calling, racism, fascism, division, ….. ⏎ #WALKAWAY","Q","132","147","https://8ch.net/patriotsfight/res/62.html#348","","","","","","","","","UNREVIEWED"
"2359","#2359","4","p2359-s004","G_CERTIFIED_CONTEXT_NOT_PAINTED","The More You Know…","16","UNHIGHLIGHTED","0","0","15","15","The More You Know…","NO","","","context","context: ""The More You Know…""","NO","NO","","fragment_or_label","HIGH","LABEL_FRAGMENT_OR_DEVICE","short label, slogan, heading or symbolic device rather than a proposition","https://www.c-span.org/video/?c4674689/wrap-smear ⏎ ""Wrap-Up Smear"" deployed v. Justice K?","[Archive] ⏎ Q","89","107","https://8ch.net/patriotsfight/res/62.html#353","","","","","","","","","UNREVIEWED"
"2360","#2360","7","p2360-s007","G_CERTIFIED_CONTEXT_NOT_PAINTED","#WALKAWAY","4","UNHIGHLIGHTED","0","0","9","9","#WALKAWAY","NO","","","context","context: ""#WALKAWAY""","NO","NO","","fragment_or_label","HIGH","LABEL_FRAGMENT_OR_DEVICE","short label, slogan, heading or symbolic device rather than a proposition","[Repost][Search & Destroy] ⏎ https://www.c-span.org/video/?c4674689/wrap-smear ⏎ ""Wrap-Up Smear"" deployed v. Justice K? ⏎ ""Wrap-Up Smear"" deployed v. POTUS? ⏎ These people are SICK!","#VOTEREPUBLICAN ⏎ Q","174","183","https://8ch.net/patriotsfight/res/62.html#354","","","","","","","","","UNREVIEWED"
"2360","#2360","8","p2360-s008","G_CERTIFIED_CONTEXT_NOT_PAINTED","#VOTEREPUBLICAN","2","UNHIGHLIGHTED","0","0","15","15","#VOTEREPUBLICAN","NO","","","context","context: ""#VOTEREPUBLICAN""","NO","NO","","fragment_or_label","HIGH","LABEL_FRAGMENT_OR_DEVICE","short label, slogan, heading or symbolic device rather than a proposition","[Repost][Search & Destroy] ⏎ https://www.c-span.org/video/?c4674689/wrap-smear ⏎ ""Wrap-Up Smear"" deployed v. Justice K? ⏎ ""Wrap-Up Smear"" deployed v. POTUS? ⏎ These people are SICK! ⏎ #WALKAWAY","Q","184","199","https://8ch.net/patriotsfight/res/62.html#354","","","","","","","","","UNREVIEWED"
"2365","#2365","7","p2365-s007","G_CERTIFIED_CONTEXT_NOT_PAINTED","(2) [Unrelated]","2","PARTIAL_ONLY","78.57","0","3","14","(2)","NO","bracketCode","bracketCode: ""[Unrelated]"" [264-275]","context","context: ""(2) [Unrelated]""","NO","NO","","fragment_or_label","HIGH","LABEL_FRAGMENT_OR_DEVICE","short label, slogan, heading or symbolic device rather than a proposition","nload ⏎ [Pg 294] ⏎ [Meeting between Comey and Coleman on October 4] ⏎ >Coleman told us that he could not recall this briefing with Comey. ⏎ >Coleman’s notes from October 4 contained the following entry: ⏎ (1) Anthony Wiener [sic]","(3) Wiener [sic] – texting 15 yo – Sexually Explicit ⏎ -9/26 – Federal SW – IPhone/IPAD/Laptop  ⏎ -Initial analysis of laptop – thousands emails  ⏎ -Hillary Clinton & Foundation ⏎ -Crime Against Children+++ ⏎ >We asked Coleman ab","260","275","https://8ch.net/patriotsfight/res/62.html#359","","","","","","","","","UNREVIEWED"
"2365","#2365","11","p2365-s011","G_CERTIFIED_CONTEXT_NOT_PAINTED","-Hillary Clinton & Foundation","2","PARTIAL_ONLY","53.85","0","12","26","- ⋯ & Foundation","NO","namedEntity","namedEntity: ""Hillary Clinton"" [419-434] || namedEntity: ""Hillary"" [419-426] || namedEntity: ""Clinton"" [427-434] || namedEntity: ""Clinton"" [427-434]","context","context: ""-Hillary Clinton & Foundation""","NO","NO","","fragment_or_label","HIGH","LABEL_FRAGMENT_OR_DEVICE","short label, slogan, heading or symbolic device rather than a proposition","ber 4 contained the following entry: ⏎ (1) Anthony Wiener [sic] ⏎ (2) [Unrelated] ⏎ (3) Wiener [sic] – texting 15 yo – Sexually Explicit ⏎ -9/26 – Federal SW – IPhone/IPAD/Laptop  ⏎ -Initial analysis of laptop – thousands emails","-Crime Against Children+++ ⏎ >We asked Coleman about these notes and he told us that, given their placement in his notebook, the notes would most likely represent information he was briefed on first thing in the morning b","418","447","https://8ch.net/patriotsfight/res/62.html#359","","","","","","","","","UNREVIEWED"
"2365","#2365","12","p2365-s012","G_CERTIFIED_CONTEXT_NOT_PAINTED","-Crime Against Children+++","2","UNHIGHLIGHTED","0","0","24","24","-Crime Against Children+++","NO","","","context","context: ""-Crime Against Children+++""","NO","NO","","fragment_or_label","HIGH","LABEL_FRAGMENT_OR_DEVICE","short label, slogan, heading or symbolic device rather than a proposition","entry: ⏎ (1) Anthony Wiener [sic] ⏎ (2) [Unrelated] ⏎ (3) Wiener [sic] – texting 15 yo – Sexually Explicit ⏎ -9/26 – Federal SW – IPhone/IPAD/Laptop  ⏎ -Initial analysis of laptop – thousands emails  ⏎ -Hillary Clinton & Foundation",">We asked Coleman about these notes and he told us that, given their placement in his notebook, the notes would most likely represent information he was briefed on first thing in the morning by his subordinates in the +","448","474","https://8ch.net/patriotsfight/res/62.html#359","","","","","","","","","UNREVIEWED"
"2372","#2372","2","p2372-s002","G_CERTIFIED_CONTEXT_NOT_PAINTED","#WALKAWAY","4","UNHIGHLIGHTED","0","0","9","9","#WALKAWAY","NO","","","context","context: ""#WALKAWAY""","NO","NO","","fragment_or_label","HIGH","LABEL_FRAGMENT_OR_DEVICE","short label, slogan, heading or symbolic device rather than a proposition","https://www.foxnews.com/opinion/peggy-grande-dianne-feinstein-shows-her-true-colors-in-the-kavanaugh-fight","Q","107","116","https://8ch.net/patriotsfight/res/62.html#366","","","","","","","","","UNREVIEWED"
"2375","#2375","4","p2375-s004","G_CERTIFIED_CONTEXT_NOT_PAINTED","The More You Know…","16","UNHIGHLIGHTED","0","0","15","15","The More You Know…","NO","","","context","context: ""The More You Know…""","NO","NO","","fragment_or_label","HIGH","LABEL_FRAGMENT_OR_DEVICE","short label, slogan, heading or symbolic device rather than a proposition",">>3398290 ⏎ Court order to preserve ALL data sent to GOOG? ⏎ Think GOOG+ / Gmail / etc. ⏎ Comms Cleanup?","Q","99","117","https://8ch.net/qresearch/res/3398186.html#3398484","","","","","","","","","UNREVIEWED"
"2378","#2378","10","p2378-s010","G_CERTIFIED_CONTEXT_NOT_PAINTED","Dragonfly","1","UNHIGHLIGHTED","0","0","9","9","Dragonfly","NO","","","context","context: ""Dragonfly""","NO","NO","","fragment_or_label","HIGH","LABEL_FRAGMENT_OR_DEVICE","short label, slogan, heading or symbolic device rather than a proposition","explain-the-chinese-spy-sen-feinstein/2018/08/09/0560ca60-9bfd-11e8-b60b-1c897f17e185_story.html?noredirect=on&utm_term=.f0be11930e64 ⏎ GOOG & CHINA ⏎ https://theintercept.com/2018/10/09/google-china-censored-search-engine/","Look HERE [RUSSIA] ⏎ DO NOT LOOK HERE [CHINA] ⏎ https://www.youtube.com/watch?v=aeVrMniBjSc ⏎ Worth 43 minutes of your time. ⏎ ALL [INSIDE] ROADS TO CHINA ARE BEING CLOSED. ⏎ AMERICA IS NO LONGER FOR SALE. ⏎ Q","774","783","https://8ch.net/patriotsfight/res/62.html#371","","","","","","","","","UNREVIEWED"
"2381","#2381","1","p2381-s001","G_CERTIFIED_CONTEXT_NOT_PAINTED","Statement release 10.9.18 [p_AUTHORITY1]","1","PARTIAL_ONLY","37.84","0","23","37","Statement release 10.9.18","NO","bracketCode","bracketCode: ""[p_AUTHORITY1]"" [26-40]","context","context: ""Statement release 10.9.18 [p_AUTHORITY1]""","NO","NO","","fragment_or_label","HIGH","LABEL_FRAGMENT_OR_DEVICE","short label, slogan, heading or symbolic device rather than a proposition","","General Statement: ⏎ We understand that there is extreme fatigue and frustration re: the wheels of justice [slow].  ⏎ Exclude emotion and personal desire, instead use logic and critical thinking based on situational awarene","0","40","https://8ch.net/patriotsfight/res/62.html#373","","","","","","","","","UNREVIEWED"
"2381","#2381","2","p2381-s002","G_CERTIFIED_CONTEXT_NOT_PAINTED","General Statement:","2","UNHIGHLIGHTED","0","0","17","17","General Statement:","NO","","","context","context: ""General Statement:""","NO","NO","","colon_or_semicolon_block","HIGH","CLAIM_CANDIDATE","declarative prose — decide Q-authored claim vs quoted claim vs aphorism","Statement release 10.9.18 [p_AUTHORITY1]","We understand that there is extreme fatigue and frustration re: the wheels of justice [slow].  ⏎ Exclude emotion and personal desire, instead use logic and critical thinking based on situational awareness [undo a lifetime","41","59","https://8ch.net/patriotsfight/res/62.html#373","","","","","","","","","UNREVIEWED"
"2381","#2381","37","p2381-s037","G_CERTIFIED_CONTEXT_NOT_PAINTED","Military Law v Criminal Law","1","UNHIGHLIGHTED","0","0","23","23","Military Law v Criminal Law","NO","","","context","context: ""Military Law v Criminal Law""","NO","NO","","fragment_or_label","HIGH","LABEL_FRAGMENT_OR_DEVICE","short label, slogan, heading or symbolic device rather than a proposition","Think Federal Judge rulings [obstruction] [POTUS’ granted CONSTITUTIONAL authority]. ⏎ How do you ensure 'appeals' to the U.S. Supreme Court are evaluated impartially > based on the RULE OF LAW? ⏎ Think Justice K (5 to 4).","“Enemy Combatant”  ⏎ How do you navigate around installed BLOCKADE? ⏎ [MUELLER] designed to take-in evidence needed to ‘expose’ DS [DOJ block re: Mueller ‘evidence’ ongoing investigation]. ⏎ [MUELLER] designed to limit POTUS’","2400","2427","https://8ch.net/patriotsfight/res/62.html#373","","","","","","","","","UNREVIEWED"
"2381","#2381","38","p2381-s038","G_CERTIFIED_CONTEXT_NOT_PAINTED","“Enemy Combatant”","1","UNHIGHLIGHTED","0","0","16","16","“Enemy Combatant”","NO","","","context","context: ""“Enemy Combatant”""","NO","NO","","fragment_or_label","HIGH","LABEL_FRAGMENT_OR_DEVICE","short label, slogan, heading or symbolic device rather than a proposition","[obstruction] [POTUS’ granted CONSTITUTIONAL authority]. ⏎ How do you ensure 'appeals' to the U.S. Supreme Court are evaluated impartially > based on the RULE OF LAW? ⏎ Think Justice K (5 to 4). ⏎ Military Law v Criminal Law","How do you navigate around installed BLOCKADE? ⏎ [MUELLER] designed to take-in evidence needed to ‘expose’ DS [DOJ block re: Mueller ‘evidence’ ongoing investigation]. ⏎ [MUELLER] designed to limit POTUS’ ability to maneuv","2428","2445","https://8ch.net/patriotsfight/res/62.html#373","","","","","","","","","UNREVIEWED"
"2381","#2381","57","p2381-s057","G_CERTIFIED_CONTEXT_NOT_PAINTED","52-47","2","UNHIGHLIGHTED","0","0","5","5","52-47","NO","","","context","context: ""52-47""","NO","NO","","symbolic_or_numeric","HIGH","LABEL_FRAGMENT_OR_DEVICE","short label, slogan, heading or symbolic device rather than a proposition","d McCabe try to take SESSIONS out? ⏎ https://www.msnbc.com/the-beat-with-ari-melber/watch/fired-fbi-official-authorized-perjury-investigation-against-sessions-1191727171576?v=raila& ⏎ What was the SESSIONS SENATE CONF VOTE?","No. 175  ⏎ Logical thinking v clickbait. ⏎ Q","3975","3980","https://8ch.net/patriotsfight/res/62.html#373","","","","","","","","","UNREVIEWED"
"2381","#2381","59","p2381-s059","G_CERTIFIED_CONTEXT_NOT_PAINTED","175","1","UNHIGHLIGHTED","0","0","3","3","175","NO","","","context","context: ""175""","NO","NO","","symbolic_or_numeric","MEDIUM","LABEL_FRAGMENT_OR_DEVICE","short label, slogan, heading or symbolic device rather than a proposition","y to take SESSIONS out? ⏎ https://www.msnbc.com/the-beat-with-ari-melber/watch/fired-fbi-official-authorized-perjury-investigation-against-sessions-1191727171576?v=raila& ⏎ What was the SESSIONS SENATE CONF VOTE? ⏎ 52-47  ⏎ No.","Logical thinking v clickbait. ⏎ Q","3986","3989","https://8ch.net/patriotsfight/res/62.html#373","","","","","","","","","UNREVIEWED"
"2383","#2383","3","p2383-s003","G_CERTIFIED_CONTEXT_NOT_PAINTED","-POTUS @ tonight's rally","1","PARTIAL_ONLY","23.81","0","16","21","- ⋯ @ tonight's rally","NO","namedEntity","namedEntity: ""POTUS"" [141-146]","context","context: ""-POTUS @ tonight's rally""","NO","NO","","fragment_or_label","HIGH","LABEL_FRAGMENT_OR_DEVICE","short label, slogan, heading or symbolic device rather than a proposition","""We have to bypass the media in order to get straight to the people."" ⏎ ""We've gone around them like no one in history has gone around them.""","Think MSM attacks re: Q (We, the People). ⏎ Q","140","164","https://8ch.net/patriotsfight/res/62.html#375","","","","","","","","","UNREVIEWED"
"2387","#2387","6","p2387-s006","G_CERTIFIED_CONTEXT_NOT_PAINTED","Directed @ 'Q'","1","UNHIGHLIGHTED","0","0","12","12","Directed @ 'Q'","NO","","","context","context: ""Directed @ 'Q'""","NO","NO","","fragment_or_label","HIGH","LABEL_FRAGMENT_OR_DEVICE","short label, slogan, heading or symbolic device rather than a proposition","ourage 'Memes' so much. ⏎ There is a reason why we came here to drop. ⏎ There is a reason why they are all working overtime to build code to censor and defend against 'Memes.' ⏎ Re_read drops re: Memes ⏎ All just a coincidence?","Fire when ready. ⏎ Q","258","272","https://8ch.net/qresearch/res/3700905.html#3701131","","","","","","","","","UNREVIEWED"
"2392","#2392","5","p2392-s005","G_CERTIFIED_CONTEXT_NOT_PAINTED","#FactsMatter","16","UNHIGHLIGHTED","0","0","12","12","#FactsMatter","NO","","","context","context: ""#FactsMatter""","NO","NO","","fragment_or_label","HIGH","LABEL_FRAGMENT_OR_DEVICE","short label, slogan, heading or symbolic device rather than a proposition","9.58/-94.58 ⏎ Cross reference 'blue' areas w/ illegal immigrant high pop zones. ⏎ You might be shocked what you discover. ⏎ The real TRUTH about why D's depend on illegal immigrants and why they care more about them than you.","Q","340","352","https://8ch.net/patriotsfight/res/62.html#383","","","","","","","","","UNREVIEWED"
"2396","#2396","1","p2396-s001","G_CERTIFIED_CONTEXT_NOT_PAINTED","POTUS meeting PUTIN on 11.11","1","PARTIAL_ONLY","41.67","0","14","24","meeting ⋯ on 11.11","NO","namedEntity","namedEntity: ""PUTIN"" [14-19] || namedEntity: ""POTUS"" [0-5]","context","context: ""POTUS meeting PUTIN on 11.11""","NO","NO","","sentence_like_no_terminal","HIGH","CLAIM_CANDIDATE","declarative prose — decide Q-authored claim vs quoted claim vs aphorism","","Now what are the odds of that? ⏎ Q","0","28","https://8ch.net/qresearch/res/3714778.html#3714939","","","","","","","","","UNREVIEWED"
"2399","#2399","9","p2399-s009","G_CERTIFIED_CONTEXT_NOT_PAINTED","#TakeBackControl","1","UNHIGHLIGHTED","0","0","16","16","#TakeBackControl","NO","","","context","context: ""#TakeBackControl""","NO","NO","","fragment_or_label","HIGH","LABEL_FRAGMENT_OR_DEVICE","short label, slogan, heading or symbolic device rather than a proposition","ALL LOOK ALIKE"" ⏎ Fake News Cover Up > Prevent Black Americans from Seeing the TRUTH ⏎ Another FREE PASS? ⏎ Ignorance is BLISS. ⏎ https://www.youtube.com/watch?v=ryweuBVJMEA ⏎ [YOU ARE BEING CONTROLLED AND FED A FALSE NARRATIVE]","#FactsMatter ⏎ #SheepNoMore ⏎ Q","440","456","https://8ch.net/patriotsfight/res/62.html#388","","","","","","","","","UNREVIEWED"
"2399","#2399","10","p2399-s010","G_CERTIFIED_CONTEXT_NOT_PAINTED","#FactsMatter","16","UNHIGHLIGHTED","0","0","12","12","#FactsMatter","NO","","","context","context: ""#FactsMatter""","NO","NO","","fragment_or_label","HIGH","LABEL_FRAGMENT_OR_DEVICE","short label, slogan, heading or symbolic device rather than a proposition","Fake News Cover Up > Prevent Black Americans from Seeing the TRUTH ⏎ Another FREE PASS? ⏎ Ignorance is BLISS. ⏎ https://www.youtube.com/watch?v=ryweuBVJMEA ⏎ [YOU ARE BEING CONTROLLED AND FED A FALSE NARRATIVE] ⏎ #TakeBackControl","#SheepNoMore ⏎ Q","457","469","https://8ch.net/patriotsfight/res/62.html#388","","","","","","","","","UNREVIEWED"
"2399","#2399","11","p2399-s011","G_CERTIFIED_CONTEXT_NOT_PAINTED","#SheepNoMore","1","UNHIGHLIGHTED","0","0","12","12","#SheepNoMore","NO","","","context","context: ""#SheepNoMore""","NO","NO","","fragment_or_label","HIGH","LABEL_FRAGMENT_OR_DEVICE","short label, slogan, heading or symbolic device rather than a proposition","er Up > Prevent Black Americans from Seeing the TRUTH ⏎ Another FREE PASS? ⏎ Ignorance is BLISS. ⏎ https://www.youtube.com/watch?v=ryweuBVJMEA ⏎ [YOU ARE BEING CONTROLLED AND FED A FALSE NARRATIVE] ⏎ #TakeBackControl ⏎ #FactsMatter","Q","470","482","https://8ch.net/patriotsfight/res/62.html#388","","","","","","","","","UNREVIEWED"
"2415","#2415","3","p2415-s003","G_CERTIFIED_CONTEXT_NOT_PAINTED","——————————–End","6","UNHIGHLIGHTED","0","0","14","14","——————————–End","NO","","","context","context: ""——————————–End""","NO","NO","","fragment_or_label","HIGH","LABEL_FRAGMENT_OR_DEVICE","short label, slogan, heading or symbolic device rather than a proposition","https://twitter.com/Kath3853/status/1059193352585908230 ⏎ https://twitter.com/Tko77457444/status/1059198355799240704 ⏎ https://twitter.com/WwgQn/status/1059198596560683008 ⏎ Eyes On, Patriots!","TOGETHER we are STRONG. ⏎ TOGETHER WE WIN! ⏎ Q","187","201","https://8ch.net/patriotsfight/res/62.html#404","","","","","","","","","UNREVIEWED"
"2418","#2418","3","p2418-s003","G_CERTIFIED_CONTEXT_NOT_PAINTED","(SILENT) MAJORITY","1","UNHIGHLIGHTED","0","0","16","16","(SILENT) MAJORITY","NO","","","context","context: ""(SILENT) MAJORITY""","NO","NO","","fragment_or_label","HIGH","LABEL_FRAGMENT_OR_DEVICE","short label, slogan, heading or symbolic device rather than a proposition","https://twitter.com/realDonaldTrump/status/1059464880955277312 ⏎ https://twitter.com/realDonaldTrump/status/1059470847751131138 ⏎ Polls are rigged and do not capture an accurate snapshot.","Will You Answer the Call? ⏎ VOTE! VOTE! VOTE! ⏎ Q","185","202","https://8ch.net/patriotsfight/res/62.html#407","","","","","","","","","UNREVIEWED"
"2419","#2419","3","p2419-s003","G_CERTIFIED_CONTEXT_NOT_PAINTED","For Anons…","1","PARTIAL_ONLY","55.56","0","4","9","For ⋯ …","NO","theme","theme: ""Anons"" [96-101]","context","context: ""For Anons…""","NO","NO","","fragment_or_label","HIGH","LABEL_FRAGMENT_OR_DEVICE","short label, slogan, heading or symbolic device rather than a proposition","https://twitter.com/parscale/status/1059471543443578881 ⏎ What # does the passcode add up to?","Q","92","102","https://8ch.net/patriotsfight/res/62.html#408","","","","","","","","","UNREVIEWED"
"2444","#2444","13","p2444-s013","G_CERTIFIED_CONTEXT_NOT_PAINTED","No impact re: ongoing investigations","1","UNHIGHLIGHTED","0","0","32","32","No impact re: ongoing investigations","NO","","","context","context: ""No impact re: ongoing investigations""","NO","NO","","sentence_like_no_terminal","HIGH","CLAIM_CANDIDATE","declarative prose — decide Q-authored claim vs quoted claim vs aphorism","ition and held in reserve for this scenario). ⏎ Lower chamber (House) used as 2-year starter. ⏎ Upper chamber (Senate) will be used next 2-year closer.  ⏎ https://www.judiciary.senate.gov/about/jurisdiction ⏎ Military planned.","Team is stronger [PRO]. ⏎ Q","535","571","https://8ch.net/patriotsfight/res/62.html#424","","","","","","","","","UNREVIEWED"
"2445","#2445","14","p2445-s014","G_CERTIFIED_CONTEXT_NOT_PAINTED","Senate Judiciary Chairman","1","PARTIAL_ONLY","26.09","0","17","23","Judiciary Chairman","NO","namedEntity","namedEntity: ""Senate"" [490-496] || namedEntity: ""Senate"" [490-496] || namedEntity: ""Senate"" [490-496] || namedEntity: ""Senate"" [490-496]","context","context: ""Senate Judiciary Chairman""","NO","NO","","fragment_or_label","HIGH","LABEL_FRAGMENT_OR_DEVICE","short label, slogan, heading or symbolic device rather than a proposition","House Oversight and Government Reform Committee Chairman ⏎ Goodlatte resignation. ⏎ What role did he play re: House investigations? ⏎ House Judiciary Chairman ⏎ House >>> Senate ⏎ House >>> Senate ⏎ House >>> Senate ⏎ TRUST GRASSLEY","[House of Cards] ⏎ Military planning at its finest.  ⏎ Q","490","515","https://8ch.net/patriotsfight/res/62.html#425","","","","","","","","","UNREVIEWED"
"2461","#2461","10","p2461-s010","G_CERTIFIED_CONTEXT_NOT_PAINTED","P—A—I—N","2","UNHIGHLIGHTED","0","0","7","7","P—A—I—N","NO","","","context","context: ""P—A—I—N""","NO","NO","","fragment_or_label","HIGH","LABEL_FRAGMENT_OR_DEVICE","short label, slogan, heading or symbolic device rather than a proposition","ia? ⏎ Attacks coordinated?  ⏎ THE SWAMP IS EVERYWHERE. ⏎ There is a reason some could no longer be trusted. ⏎ YOU ARE WITNESSING THE SYSTEMATIC DESTRUCTION OF THE OLD GUARD.  ⏎ Forced exposure. ⏎ Standard deviation broken long ago.","Q","386","393","https://8ch.net/patriotsfight/res/62.html#436","","","","","","","","","UNREVIEWED"
"2467","#2467","17","p2467-s017","G_CERTIFIED_CONTEXT_NOT_PAINTED","The More You Know…","16","UNHIGHLIGHTED","0","0","15","15","The More You Know…","NO","","","context","context: ""The More You Know…""","NO","NO","","fragment_or_label","HIGH","LABEL_FRAGMENT_OR_DEVICE","short label, slogan, heading or symbolic device rather than a proposition","n up and dry brush removal?  ⏎ What is the primary purpose of declaring a State of Emergency? ⏎ What determines the size of the FED payment to a State that has declared a State of Emergency?  ⏎ What is the current debt of CA?","Q","906","924","https://8ch.net/patriotsfight/res/440.html#442","","","","","","","","","UNREVIEWED"
"2470","#2470","3","p2470-s003","G_CERTIFIED_CONTEXT_NOT_PAINTED","Sealed > Unsealed","1","PARTIAL_ONLY","53.33","0","7","15","Sealed >","NO","theme","theme: ""Unsealed"" [51-59]","context","context: ""Sealed > Unsealed""","NO","NO","","fragment_or_label","HIGH","LABEL_FRAGMENT_OR_DEVICE","short label, slogan, heading or symbolic device rather than a proposition","WHEN DID WH LEAKS CEASE? ⏎ Who was removed?","Q","42","59","https://8ch.net/patriotsfight/res/440.html#445","","","","","","","","","UNREVIEWED"
"2473","#2473","4","p2473-s004","G_CERTIFIED_CONTEXT_NOT_PAINTED","#SemperFi","1","UNHIGHLIGHTED","0","0","9","9","#SemperFi","NO","","","context","context: ""#SemperFi""","NO","NO","","fragment_or_label","HIGH","LABEL_FRAGMENT_OR_DEVICE","short label, slogan, heading or symbolic device rather than a proposition","https://twitter.com/USMC_Truther/status/1061347365565526016 ⏎ We thank you for your service, Patriot! ⏎ May God watch over you and your family for all eternity.","Q","157","166","https://8ch.net/patriotsfight/res/440.html#447","","","","","","","","","UNREVIEWED"
"2493","#2493","1","p2493-s001","G_CERTIFIED_CONTEXT_NOT_PAINTED","53-47","4","UNHIGHLIGHTED","0","0","5","5","53-47","NO","","","context","context: ""53-47""","NO","NO","","symbolic_or_numeric","HIGH","LABEL_FRAGMENT_OR_DEVICE","short label, slogan, heading or symbolic device rather than a proposition","","Q","0","5","https://8ch.net/patriotsfight/res/440.html#467","","","","","","","","","UNREVIEWED"
"2494","#2494","3","p2494-s003","G_CERTIFIED_CONTEXT_NOT_PAINTED","D5","2","UNHIGHLIGHTED","0","0","2","2","D5","NO","","","context","context: ""D5""","NO","NO","","fragment_or_label","HIGH","LABEL_FRAGMENT_OR_DEVICE","short label, slogan, heading or symbolic device rather than a proposition","https://thehill.com/hilltv/rising/417761-house-gop-to-hold-hearing-into-dojs-probe-of-clinton-foundation ⏎ [D]ec 5","Nothing can stop what is coming. ⏎ Nothing. ⏎ This election was not about fixing the economy, trade, borders, military, protecting our children etc. all so another corrupt politician or 'insider' can simply undo it [band-ai","113","115","https://8ch.net/qresearch/res/3978070.html#3978190","","","","","","","","","UNREVIEWED"
"2497","#2497","2","p2497-s002","G_CERTIFIED_CONTEXT_NOT_PAINTED","FBI - 3","1","PARTIAL_ONLY","60","0","2","5","- 3","NO","namedEntity","namedEntity: ""FBI"" [57-60]","context","context: ""FBI - 3""","NO","NO","","fragment_or_label","HIGH","LABEL_FRAGMENT_OR_DEVICE","short label, slogan, heading or symbolic device rather than a proposition","https://twitter.com/maggieNYT/status/1065100343846031362","DOJ - 1 ⏎ People are nervous. ⏎ Q","57","64","https://8ch.net/qresearch/res/3979573.html#3980302","","","","","","","","","UNREVIEWED"
"2497","#2497","3","p2497-s003","G_CERTIFIED_CONTEXT_NOT_PAINTED","DOJ - 1","1","PARTIAL_ONLY","60","0","2","5","- 1","NO","namedEntity","namedEntity: ""DOJ"" [65-68]","context","context: ""DOJ - 1""","NO","NO","","fragment_or_label","HIGH","LABEL_FRAGMENT_OR_DEVICE","short label, slogan, heading or symbolic device rather than a proposition","https://twitter.com/maggieNYT/status/1065100343846031362 ⏎ FBI - 3","People are nervous. ⏎ Q","65","72","https://8ch.net/qresearch/res/3979573.html#3980302","","","","","","","","","UNREVIEWED"
"2500","#2500","2","p2500-s002","G_CERTIFIED_CONTEXT_NOT_PAINTED","MUELLER > CORSI","1","PARTIAL_ONLY","53.85","0","6","13","> CORSI","NO","namedEntity","namedEntity: ""MUELLER"" [41-48]","context","context: ""MUELLER > CORSI""","NO","NO","","fragment_or_label","HIGH","LABEL_FRAGMENT_OR_DEVICE","short label, slogan, heading or symbolic device rather than a proposition",">>4029281 ⏎ CORSI > [attempt infiltrate] Q","CORSI PLEA DEAL ⏎ THERE ARE BAD PEOPLE WHO PRETEND TO BE GOOD. ⏎ Re_read drops re: WARNINGS  ⏎ https://www.washingtonpost.com/politics/new-book-by-trump-advisers-calls-out-the-presidents-embedded-enemies/2018/11/24/afcbd0fc-e","41","56","https://8ch.net/qresearch/res/4029003.html#4029544","","","","","","","","","UNREVIEWED"
"2500","#2500","3","p2500-s003","G_CERTIFIED_CONTEXT_NOT_PAINTED","CORSI PLEA DEAL","1","PARTIAL_ONLY","61.54","0","5","13","CORSI","NO","theme","theme: ""PLEA DEAL"" [63-72]","context","context: ""CORSI PLEA DEAL""","NO","NO","","fragment_or_label","HIGH","LABEL_FRAGMENT_OR_DEVICE","short label, slogan, heading or symbolic device rather than a proposition",">>4029281 ⏎ CORSI > [attempt infiltrate] Q ⏎ MUELLER > CORSI","THERE ARE BAD PEOPLE WHO PRETEND TO BE GOOD. ⏎ Re_read drops re: WARNINGS  ⏎ https://www.washingtonpost.com/politics/new-book-by-trump-advisers-calls-out-the-presidents-embedded-enemies/2018/11/24/afcbd0fc-ede3-11e8-baac-2a","57","72","https://8ch.net/qresearch/res/4029003.html#4029544","","","","","","","","","UNREVIEWED"
"2501","#2501","9","p2501-s009","G_CERTIFIED_CONTEXT_NOT_PAINTED","Executive Order 13526","3","PARTIAL_ONLY","73.68","0","5","19","13526","NO","theme","theme: ""Executive Order"" [545-560]","context","context: ""Executive Order 13526""","NO","NO","","fragment_or_label","HIGH","LABEL_FRAGMENT_OR_DEVICE","short label, slogan, heading or symbolic device rather than a proposition","select CLAS docs will become public [self-incrimination] how might that alter/change their testimony?  ⏎ DC has become RAT infested.  ⏎ https://www.gpo.gov/fdsys/pkg/CFR-2010-title3-vol1/pdf/CFR-2010-title3-vol1-eo13526.pdf","Sec 1.7 ⏎ ""Classification Prohibitions and Limitations. (a) In no case shall information be classified, continue to be maintained as classified, or fail to be declassified in order to: ⏎ (1) conceal violations of law, ineff","545","566","https://8ch.net/qresearch/res/4029778.html#4030351","","","","","","","","","UNREVIEWED"
"2501","#2501","10","p2501-s010","G_CERTIFIED_CONTEXT_NOT_PAINTED","Sec 1.7","3","UNHIGHLIGHTED","0","0","6","6","Sec 1.7","NO","","","context","context: ""Sec 1.7""","NO","NO","","fragment_or_label","HIGH","LABEL_FRAGMENT_OR_DEVICE","short label, slogan, heading or symbolic device rather than a proposition","become public [self-incrimination] how might that alter/change their testimony?  ⏎ DC has become RAT infested.  ⏎ https://www.gpo.gov/fdsys/pkg/CFR-2010-title3-vol1/pdf/CFR-2010-title3-vol1-eo13526.pdf ⏎ Executive Order 13526","""Classification Prohibitions and Limitations. (a) In no case shall information be classified, continue to be maintained as classified, or fail to be declassified in order to: ⏎ (1) conceal violations of law, inefficiency,","567","574","https://8ch.net/qresearch/res/4029778.html#4030351","","","","","","","","","UNREVIEWED"
"2503","#2503","1","p2503-s001","G_CERTIFIED_CONTEXT_NOT_PAINTED","6X-382-NTP0038-3u2","1","UNHIGHLIGHTED","0","0","18","18","6X-382-NTP0038-3u2","NO","","","context","context: ""6X-382-NTP0038-3u2""","NO","NO","","fragment_or_label","HIGH","LABEL_FRAGMENT_OR_DEVICE","short label, slogan, heading or symbolic device rather than a proposition","","We know. ⏎ Q","0","18","https://8ch.net/qresearch/res/4069897.html#4070652","","","","","","","","","UNREVIEWED"
"2510","#2510","1","p2510-s001","G_CERTIFIED_CONTEXT_NOT_PAINTED","Edit:","1","UNHIGHLIGHTED","0","0","5","5","Edit:","NO","","","context","context: ""Edit:""","NO","NO","","colon_or_semicolon_block","HIGH","CLAIM_CANDIDATE","declarative prose — decide Q-authored claim vs quoted claim vs aphorism",">>4092826","Q post timestamp re: DECLAS prior to/post testimony? ⏎ Come[y] timestamp re: attorney challenge to subpoena? ⏎ Do the math. ⏎ Q","10","15","https://8ch.net/qresearch/res/4092963.html#4093082","","","","","","","","","UNREVIEWED"
"2511","#2511","1","p2511-s001","G_CERTIFIED_CONTEXT_NOT_PAINTED","re: MUELLER","1","PARTIAL_ONLY","70","0","3","10","re:","NO","namedEntity","namedEntity: ""MUELLER"" [4-11]","context","context: ""re: MUELLER""","NO","NO","","fragment_or_label","HIGH","LABEL_FRAGMENT_OR_DEVICE","short label, slogan, heading or symbolic device rather than a proposition","","5:5? ⏎ Q","0","11","https://8ch.net/qresearch/res/4092963.html#4093110","","","","","","","","","UNREVIEWED"
"2513","#2513","2","p2513-s002","G_CERTIFIED_CONTEXT_NOT_PAINTED",">>>BLACKMAIL","1","UNHIGHLIGHTED","0","0","12","12",">>>BLACKMAIL","NO","","","context","context: "">>>BLACKMAIL""","NO","NO","","fragment_or_label","HIGH","LABEL_FRAGMENT_OR_DEVICE","short label, slogan, heading or symbolic device rather than a proposition",">>4093335 ⏎ Why do the CLINTON'S remain in CONTROL of many still in POWER?","The Clinton family is working overtime. ⏎ PANIC IN DC. ⏎ Nothing can stop what is coming. ⏎ Nothing. ⏎ Q","73","85","https://8ch.net/qresearch/res/4092963.html#4093506","","","","","","","","","UNREVIEWED"
"2516","#2516","3","p2516-s003","G_CERTIFIED_CONTEXT_NOT_PAINTED","Players: 8","1","UNHIGHLIGHTED","0","0","9","9","Players: 8","NO","","","context","context: ""Players: 8""","NO","NO","","fragment_or_label","HIGH","LABEL_FRAGMENT_OR_DEVICE","short label, slogan, heading or symbolic device rather than a proposition","Anons geo_located [last pic]: Chongqing, China. ⏎ Hyatt Regency.","Watch the news. ⏎ Q","63","73","https://8ch.net/qresearch/res/4093790.html#4094206","","","","","","","","","UNREVIEWED"
"2522","#2522","2","p2522-s002","G_CERTIFIED_CONTEXT_NOT_PAINTED","Re: GHWB USSS code name re: Timber wolf","1","PARTIAL_ONLY","25","0","24","32","Re: ⋯ code name re: Timber wolf","NO","namedEntity","namedEntity: ""USSS"" [70-74] || namedEntity: ""GHWB"" [65-69]","context","context: ""Re: GHWB USSS code name re: Timber wolf""","NO","NO","","fragment_or_label","HIGH","LABEL_FRAGMENT_OR_DEVICE","short label, slogan, heading or symbolic device rather than a proposition","https://twitter.com/StormIsUponUs/status/1067076628050669568","The grey wolf (Canis lupus; also known as timber wolf) shares a common ancestry with the domestic dog. ⏎ State funeral next week. ⏎ Coincidence? ⏎ Q","61","100","https://8ch.net/qresearch/res/4096003.html#4096718","","","","","","","","","UNREVIEWED"
"2524","#2524","2","p2524-s002","G_CERTIFIED_CONTEXT_NOT_PAINTED","""Goodbye""","3","UNHIGHLIGHTED","0","0","9","9","""Goodbye""","NO","","","context","context: """"Goodbye""""","NO","NO","","fragment_or_label","HIGH","LABEL_FRAGMENT_OR_DEVICE","short label, slogan, heading or symbolic device rather than a proposition",">>4115084 ⏎ Think multiple meanings.","1. Fired and/or removed from DOJ ⏎ 2. Removed from SC oversight  ⏎ [2] completed ⏎ [1] coming? ⏎ Learn our comms. ⏎ HUBER FISA(S) [2-way street] ⏎ Q","35","44","https://8ch.net/qresearch/res/4114583.html#4115161","","","","","","","","","UNREVIEWED"
"2524","#2524","3","p2524-s003","G_CERTIFIED_CONTEXT_NOT_PAINTED","1.","36","UNHIGHLIGHTED","0","0","2","2","1.","NO","","","context","context: ""1.""","NO","NO","","symbolic_or_numeric","MEDIUM","LABEL_FRAGMENT_OR_DEVICE","short label, slogan, heading or symbolic device rather than a proposition",">>4115084 ⏎ Think multiple meanings. ⏎ ""Goodbye""","Fired and/or removed from DOJ ⏎ 2. Removed from SC oversight  ⏎ [2] completed ⏎ [1] coming? ⏎ Learn our comms. ⏎ HUBER FISA(S) [2-way street] ⏎ Q","46","48","https://8ch.net/qresearch/res/4114583.html#4115161","","","","","","","","","UNREVIEWED"
"2524","#2524","10","p2524-s010","G_CERTIFIED_CONTEXT_NOT_PAINTED","HUBER FISA(S) [2-way street]","1","PARTIAL_ONLY","88","0","3","25","(S)","NO","namedEntity | theme | bracketCode","namedEntity: ""HUBER"" [152-157] || namedEntity: ""FISA"" [158-162] || theme: ""FISA"" [158-162] || bracketCode: ""[2-way street]"" [166-180]","context","context: ""HUBER FISA(S) [2-way street]""","NO","NO","","fragment_or_label","HIGH","LABEL_FRAGMENT_OR_DEVICE","short label, slogan, heading or symbolic device rather than a proposition",">>4115084 ⏎ Think multiple meanings. ⏎ ""Goodbye""  ⏎ 1. Fired and/or removed from DOJ ⏎ 2. Removed from SC oversight  ⏎ [2] completed ⏎ [1] coming? ⏎ Learn our comms.","Q","152","180","https://8ch.net/qresearch/res/4114583.html#4115161","","","","","","","","","UNREVIEWED"
"2543","#2543","1","p2543-s001","G_CERTIFIED_CONTEXT_NOT_PAINTED","The Art of Trolling the Fake News Media","1","PARTIAL_ONLY","25","0","24","32","The Art of Trolling the ⋯ Media","NO","theme","theme: ""Fake News"" [24-33]","context","context: ""The Art of Trolling the Fake News Media""","NO","NO","","sentence_like_no_terminal","HIGH","CLAIM_CANDIDATE","declarative prose — decide Q-authored claim vs quoted claim vs aphorism","","Step 1: ⏎ https://twitter.com/realDonaldTrump/status/1069614615510859776 ⏎ Step 2: ⏎ https://people.com/politics/donald-trump-typo-scott-free/ ⏎ Who is Scott Free? ⏎ Step 3: ⏎ https://en.wikipedia.org/wiki/Scott_Free_Productions ⏎ >>","0","39","https://8ch.net/qresearch/res/4133733.html#4134233","","","","","","","","","UNREVIEWED"
"2543","#2543","2","p2543-s002","G_CERTIFIED_CONTEXT_NOT_PAINTED","Step 1:","1","UNHIGHLIGHTED","0","0","6","6","Step 1:","NO","","","context","context: ""Step 1:""","NO","NO","","colon_or_semicolon_block","HIGH","CLAIM_CANDIDATE","declarative prose — decide Q-authored claim vs quoted claim vs aphorism","The Art of Trolling the Fake News Media","https://twitter.com/realDonaldTrump/status/1069614615510859776 ⏎ Step 2: ⏎ https://people.com/politics/donald-trump-typo-scott-free/ ⏎ Who is Scott Free? ⏎ Step 3: ⏎ https://en.wikipedia.org/wiki/Scott_Free_Productions ⏎ >>White Sq","40","47","https://8ch.net/qresearch/res/4133733.html#4134233","","","","","","","","","UNREVIEWED"
"2543","#2543","4","p2543-s004","G_CERTIFIED_CONTEXT_NOT_PAINTED","Step 2:","1","UNHIGHLIGHTED","0","0","6","6","Step 2:","NO","","","context","context: ""Step 2:""","NO","NO","","colon_or_semicolon_block","HIGH","CLAIM_CANDIDATE","declarative prose — decide Q-authored claim vs quoted claim vs aphorism","The Art of Trolling the Fake News Media ⏎ Step 1: ⏎ https://twitter.com/realDonaldTrump/status/1069614615510859776","https://people.com/politics/donald-trump-typo-scott-free/ ⏎ Who is Scott Free? ⏎ Step 3: ⏎ https://en.wikipedia.org/wiki/Scott_Free_Productions ⏎ >>White Squall ⏎ >>WWG1WGA (from the movie) ⏎ Thank you for playing. ⏎ Q","111","118","https://8ch.net/qresearch/res/4133733.html#4134233","","","","","","","","","UNREVIEWED"
"2543","#2543","7","p2543-s007","G_CERTIFIED_CONTEXT_NOT_PAINTED","Step 3:","1","UNHIGHLIGHTED","0","0","6","6","Step 3:","NO","","","context","context: ""Step 3:""","NO","NO","","colon_or_semicolon_block","HIGH","CLAIM_CANDIDATE","declarative prose — decide Q-authored claim vs quoted claim vs aphorism","The Art of Trolling the Fake News Media ⏎ Step 1: ⏎ https://twitter.com/realDonaldTrump/status/1069614615510859776 ⏎ Step 2: ⏎ https://people.com/politics/donald-trump-typo-scott-free/ ⏎ Who is Scott Free?","https://en.wikipedia.org/wiki/Scott_Free_Productions ⏎ >>White Squall ⏎ >>WWG1WGA (from the movie) ⏎ Thank you for playing. ⏎ Q","196","203","https://8ch.net/qresearch/res/4133733.html#4134233","","","","","","","","","UNREVIEWED"
"2543","#2543","10","p2543-s010","G_CERTIFIED_CONTEXT_NOT_PAINTED",">>WWG1WGA (from the movie)","1","PARTIAL_ONLY","30.43","0","16","23",">> ⋯ (from the movie)","NO","theme","theme: ""WWG1WGA"" [274-281]","context","context: "">>WWG1WGA (from the movie)""","NO","NO","","fragment_or_label","HIGH","LABEL_FRAGMENT_OR_DEVICE","short label, slogan, heading or symbolic device rather than a proposition","s://twitter.com/realDonaldTrump/status/1069614615510859776 ⏎ Step 2: ⏎ https://people.com/politics/donald-trump-typo-scott-free/ ⏎ Who is Scott Free? ⏎ Step 3: ⏎ https://en.wikipedia.org/wiki/Scott_Free_Productions ⏎ >>White Squall","Thank you for playing. ⏎ Q","272","298","https://8ch.net/qresearch/res/4133733.html#4134233","","","","","","","","","UNREVIEWED"
"2545","#2545","2","p2545-s002","G_CERTIFIED_CONTEXT_NOT_PAINTED","If you decide to change careers…","1","UNHIGHLIGHTED","0","0","27","27","If you decide to change careers…","NO","","","context","context: ""If you decide to change careers…""","NO","NO","","fragment_or_label","HIGH","LABEL_FRAGMENT_OR_DEVICE","short label, slogan, heading or symbolic device rather than a proposition","https://www.secretservice.gov/join/apply/ ⏎ https://www.fbijobs.gov/working-at-FBI/how-to-apply","Your name has been entered to be fast-tracked. ⏎ Q","94","126","https://8ch.net/qresearch/res/4134426.html#4134831","","","","","","","","","UNREVIEWED"
"2556","#2556","3","p2556-s003","G_CERTIFIED_CONTEXT_NOT_PAINTED","#FactsMatter","16","UNHIGHLIGHTED","0","0","12","12","#FactsMatter","NO","","","context","context: ""#FactsMatter""","NO","NO","","fragment_or_label","HIGH","LABEL_FRAGMENT_OR_DEVICE","short label, slogan, heading or symbolic device rather than a proposition","The 'blue checkmark' FAKE NEWS Twitter personalities are out in full-force today attempting to push another FALSE narrative that arrests were supposed to occur today.  ⏎ Controlled Narrative?","How much attention does ""Q"" receive from the FAKE NEWS MEDIA? ⏎ Why are they working so hard to try and discredit something they label as a ""FAKE CONSPIRACY."" ⏎ People awake are what they FEAR THE MOST.  ⏎ LOSS OF CONTROL ⏎ THE","190","202","https://8ch.net/qresearch/res/4169081.html#4169476","","","","","","","","","UNREVIEWED"
"2565","#2565","2","p2565-s002","G_CERTIFIED_CONTEXT_NOT_PAINTED","Q 0 = Q+","1","PARTIAL_ONLY","40","0","3","5","Q 0 =","NO","namedEntity","namedEntity: ""Q+"" [27-29]","context","context: ""Q 0 = Q+""","NO","NO","","fragment_or_label","HIGH","LABEL_FRAGMENT_OR_DEVICE","short label, slogan, heading or symbolic device rather than a proposition","Scott Free = WWG1WGA","At what point do they WAKE UP? ⏎ Q","21","29","https://8ch.net/qresearch/res/4198174.html#4198897","","","","","","","","","UNREVIEWED"
"2567","#2567","3","p2567-s003","G_CERTIFIED_CONTEXT_NOT_PAINTED","AF1 Code Change > Q 0 > Q+","1","PARTIAL_ONLY","31.58","0","13","19","Code Change > ⋯ 0 >","NO","namedEntity","namedEntity: ""Q+"" [164-166] || namedEntity: ""AF1"" [140-143] || namedEntity: ""Q"" [158-159] || namedEntity: ""Q"" [164-165] || namedEntity: ""Q+"" [164-166]","context","context: ""AF1 Code Change > Q 0 > Q+""","NO","NO","","fragment_or_label","HIGH","LABEL_FRAGMENT_OR_DEVICE","short label, slogan, heading or symbolic device rather than a proposition","https://boards.4chan.org/pol/thread/196239148 ⏎ https://twitter.com/realdonaldtrump/status/759282300135809024?lang=en ⏎ Scott Free > WWG1WGA!!!","Q/POTUS Twitter 0 Delta Exchanges ⏎ FAKE NEWS coordinated attacks [#2 only to POTUS] ⏎ How do you 'safely' & 'securely' communicate through a backchannel w/ the public and bypass the FAKE NEWS MEDIA?  ⏎ How do you 'safely' &","140","166","https://8ch.net/qresearch/res/4241204.html#4241560","","","","","","","","","UNREVIEWED"
"2567","#2567","4","p2567-s004","G_CERTIFIED_CONTEXT_NOT_PAINTED","Q/POTUS Twitter 0 Delta Exchanges","1","PARTIAL_ONLY","44.83","0","16","29","/ ⋯ 0 Delta Exchanges","NO","namedEntity","namedEntity: ""Twitter"" [175-182] || namedEntity: ""POTUS"" [169-174] || namedEntity: ""Q"" [167-168] || namedEntity: ""POTUS"" [169-174]","context","context: ""Q/POTUS Twitter 0 Delta Exchanges""","NO","NO","","fragment_or_label","HIGH","LABEL_FRAGMENT_OR_DEVICE","short label, slogan, heading or symbolic device rather than a proposition","https://boards.4chan.org/pol/thread/196239148 ⏎ https://twitter.com/realdonaldtrump/status/759282300135809024?lang=en ⏎ Scott Free > WWG1WGA!!! ⏎ AF1 Code Change > Q 0 > Q+","FAKE NEWS coordinated attacks [#2 only to POTUS] ⏎ How do you 'safely' & 'securely' communicate through a backchannel w/ the public and bypass the FAKE NEWS MEDIA?  ⏎ How do you 'safely' & 'securely' communicate w/o breakin","167","200","https://8ch.net/qresearch/res/4241204.html#4241560","","","","","","","","","UNREVIEWED"
"2569","#2569","3","p2569-s003","G_CERTIFIED_CONTEXT_NOT_PAINTED","UNITED STATES MILITARY (G)","1","PARTIAL_ONLY","86.96","0","3","23","(G)","NO","namedEntity","namedEntity: ""UNITED STATES"" [12-25] || namedEntity: ""UNITED STATES MILITARY"" [12-34]","context","context: ""UNITED STATES MILITARY (G)""","NO","NO","","sentence_like_no_terminal","HIGH","CLAIM_CANDIDATE","declarative prose — decide Q-authored claim vs quoted claim vs aphorism","POTUS. ⏎ NSA.","THE FREEDOM CAUCUS (EST) ⏎ FOREIGN & DOMESTIC PATRIOTS. ⏎ 2015. ⏎ THE FIGHT TO SAVE THE WORLD. ⏎ Q","12","38","https://8ch.net/qresearch/res/4241204.html#4241824","","","","","","","","","UNREVIEWED"
"2569","#2569","4","p2569-s004","G_CERTIFIED_CONTEXT_NOT_PAINTED","THE FREEDOM CAUCUS (EST)","1","PARTIAL_ONLY","61.9","0","8","21","THE ⋯ (EST)","NO","namedEntity","namedEntity: ""FREEDOM CAUCUS"" [43-57]","context","context: ""THE FREEDOM CAUCUS (EST)""","NO","NO","","fragment_or_label","HIGH","LABEL_FRAGMENT_OR_DEVICE","short label, slogan, heading or symbolic device rather than a proposition","POTUS. ⏎ NSA. ⏎ UNITED STATES MILITARY (G)","FOREIGN & DOMESTIC PATRIOTS. ⏎ 2015. ⏎ THE FIGHT TO SAVE THE WORLD. ⏎ Q","39","63","https://8ch.net/qresearch/res/4241204.html#4241824","","","","","","","","","UNREVIEWED"
"2569","#2569","6","p2569-s006","G_CERTIFIED_CONTEXT_NOT_PAINTED","2015.","2","UNHIGHLIGHTED","0","0","5","5","2015.","NO","","","context","context: ""2015.""","NO","NO","","symbolic_or_numeric","HIGH","LABEL_FRAGMENT_OR_DEVICE","short label, slogan, heading or symbolic device rather than a proposition","POTUS. ⏎ NSA. ⏎ UNITED STATES MILITARY (G) ⏎ THE FREEDOM CAUCUS (EST) ⏎ FOREIGN & DOMESTIC PATRIOTS.","THE FIGHT TO SAVE THE WORLD. ⏎ Q","93","98","https://8ch.net/qresearch/res/4241204.html#4241824","","","","","","","","","UNREVIEWED"
"2571","#2571","2","p2571-s002","G_CERTIFIED_CONTEXT_NOT_PAINTED","PUBLIC AWAKENING = GAME OVER","1","UNHIGHLIGHTED","0","0","24","24","PUBLIC AWAKENING = GAME OVER","NO","","","context","context: ""PUBLIC AWAKENING = GAME OVER""","NO","NO","","sentence_like_no_terminal","HIGH","CLAIM_CANDIDATE","declarative prose — decide Q-authored claim vs quoted claim vs aphorism","https://twitter.com/T_S_P_O_O_K_Y/status/1072116335952441345","Q","61","89","https://8ch.net/qresearch/res/4241204.html#4241967","","","","","","","","","UNREVIEWED"
"2572","#2572","1","p2572-s001","G_CERTIFIED_CONTEXT_NOT_PAINTED","Example 22A (1 of 100s):","1","UNHIGHLIGHTED","0","0","20","20","Example 22A (1 of 100s):","NO","","","context","context: ""Example 22A (1 of 100s):""","NO","NO","","colon_or_semicolon_block","HIGH","CLAIM_CANDIDATE","declarative prose — decide Q-authored claim vs quoted claim vs aphorism","","Drops 'layered' to provide 'advance knowledge'. ⏎ Do not let them DIVIDE you. ⏎ PANIC BUTTON PUSHED. ⏎ Q","0","24","https://8ch.net/qresearch/res/4242015.html#4242132","","","","","","","","","UNREVIEWED"
"2584","#2584","2","p2584-s002","G_CERTIFIED_CONTEXT_NOT_PAINTED","Re: #5 Impeachment","1","PARTIAL_ONLY","68.75","0","5","16","Re: #5","NO","theme","theme: ""Impeachment"" [67-78]","context","context: ""Re: #5 Impeachment""","NO","NO","","fragment_or_label","HIGH","LABEL_FRAGMENT_OR_DEVICE","short label, slogan, heading or symbolic device rather than a proposition","https://www.foxnews.com/opinion/mark-levin-a-time-for-truth","Impeachment requires 2/3rd vote by the Senate. ⏎ https://www.senate.gov/artandhistory/history/common/briefing/Senate_Impeachment_Role.htm ⏎ What are the odds of that? ⏎ YOU ARE WATCHING FAKE NEWS FAKE POLITICIANS FAKE HOLLYW","60","78","https://8ch.net/qresearch/res/4259769.html#4260467","","","","","","","","","UNREVIEWED"
"2584","#2584","7","p2584-s007","G_CERTIFIED_CONTEXT_NOT_PAINTED","#FactsMatter","16","UNHIGHLIGHTED","0","0","12","12","#FactsMatter","NO","","","context","context: ""#FactsMatter""","NO","NO","","fragment_or_label","HIGH","LABEL_FRAGMENT_OR_DEVICE","short label, slogan, heading or symbolic device rather than a proposition","e. ⏎ https://www.senate.gov/artandhistory/history/common/briefing/Senate_Impeachment_Role.htm ⏎ What are the odds of that? ⏎ YOU ARE WATCHING FAKE NEWS FAKE POLITICIANS FAKE HOLLYWOOD ALL PLAY TO THEIR 'DESTROY AMERICA' BASE.","Q","344","356","https://8ch.net/qresearch/res/4259769.html#4260467","","","","","","","","","UNREVIEWED"
"2591","#2591","3","p2591-s003","G_CERTIFIED_CONTEXT_NOT_PAINTED",">>>ENEMY OF THE PEOPLE<<<","2","UNHIGHLIGHTED","0","0","22","22",">>>ENEMY OF THE PEOPLE<<<","NO","","","context","context: "">>>ENEMY OF THE PEOPLE<<<""","NO","NO","","fragment_or_label","HIGH","LABEL_FRAGMENT_OR_DEVICE","short label, slogan, heading or symbolic device rather than a proposition","https://twitter.com/TrumpHotels/status/1072253507867152384 ⏎ Trolling the FAKE NEWS media is FUN!","Q","96","121","https://8ch.net/qresearch/res/4272091.html#4272217","","","","","","","","","UNREVIEWED"
"2592","#2592","3","p2592-s003","G_CERTIFIED_CONTEXT_NOT_PAINTED","The More You Know…","16","UNHIGHLIGHTED","0","0","15","15","The More You Know…","NO","","","context","context: ""The More You Know…""","NO","NO","","fragment_or_label","HIGH","LABEL_FRAGMENT_OR_DEVICE","short label, slogan, heading or symbolic device rather than a proposition",">>4272217 ⏎ T & Q placed together. ⏎ What a coincidence.","Q","54","72","https://8ch.net/qresearch/res/4272091.html#4272240","","","","","","","","","UNREVIEWED"
"2625","#2625","1","p2625-s001","G_CERTIFIED_CONTEXT_NOT_PAINTED","/End","6","UNHIGHLIGHTED","0","0","4","4","/End","NO","","","context","context: ""/End""","NO","NO","","fragment_or_label","HIGH","LABEL_FRAGMENT_OR_DEVICE","short label, slogan, heading or symbolic device rather than a proposition","","Stress test failed. ⏎ Q","0","4","https://8ch.net/qresearch/res/4281811.html#4282164","","","","","","","","","UNREVIEWED"
"2633","#2633","5","p2633-s005","G_CERTIFIED_CONTEXT_NOT_PAINTED","NEWS SHOP>","2","UNHIGHLIGHTED","0","0","9","9","NEWS SHOP>","NO","","","context","context: ""NEWS SHOP>""","NO","NO","","fragment_or_label","HIGH","LABEL_FRAGMENT_OR_DEVICE","short label, slogan, heading or symbolic device rather than a proposition",".foxnews.com/politics/mccain-associate-gave-unverified-steele-dossier-to-buzzfeed-court-filing-says ⏎ ""McCain associate shared unverified Steele dossier with Buzzfeed, court filing says."" ⏎ Drop Dec 22 2017: ⏎ US SEN NO NAME>","BUZZF> ⏎ News unlocks. ⏎ You have the keystone. ⏎ Q","231","241","https://8ch.net/qresearch/res/4392237.html#4392646","","","","","","","","","UNREVIEWED"
"2642","#2642","5","p2642-s005","G_CERTIFIED_CONTEXT_NOT_PAINTED","The More You Know…","16","UNHIGHLIGHTED","0","0","15","15","The More You Know…","NO","","","context","context: ""The More You Know…""","NO","NO","","fragment_or_label","HIGH","LABEL_FRAGMENT_OR_DEVICE","short label, slogan, heading or symbolic device rather than a proposition","https://www.youtube.com/watch?v=gHnGFkUS_lc ⏎ FAKE! FAKE! FAKE!","Research for yourself.  ⏎ Q","62","80","https://8ch.net/qresearch/res/4432916.html#4433511","","","","","","","","","UNREVIEWED"
"2646","#2646","5","p2646-s005","G_CERTIFIED_CONTEXT_NOT_PAINTED","Police vs People _ EU","1","PARTIAL_ONLY","11.76","0","15","17","Police vs People _","NO","namedEntity","namedEntity: ""EU"" [337-339] || namedEntity: ""EU"" [337-339]","context","context: ""Police vs People _ EU""","NO","NO","","fragment_or_label","HIGH","LABEL_FRAGMENT_OR_DEVICE","short label, slogan, heading or symbolic device rather than a proposition","and those who continually serve the public interest (protect)? ⏎ Open borders w/ no Immigration & Customs Officials to safeguard the people? ⏎ EU gov't attempt to turn the police against the people re: yellow vest protests?","D's attempt to sway public vs Police/ICE _ US ⏎ A war against GLOBALISM. ⏎ A war to retain SOVEREIGNTY. ⏎ DIVIDE THOSE WHO POLICE & SAFEGUARD AGAINST THE PEOPLE THEY ARE SWORN TO PROTECT. ⏎ CHAOS. ⏎ MAKE THE PEOPLE FIGHT THEMSELV","318","339","https://8ch.net/qresearch/res/4610686.html#4611217","","","","","","","","","UNREVIEWED"
"2649","#2649","3","p2649-s003","G_CERTIFIED_CONTEXT_NOT_PAINTED","'ENEMY OF THE PEOPLE'","2","UNHIGHLIGHTED","0","0","18","18","'ENEMY OF THE PEOPLE'","NO","","","context","context: ""'ENEMY OF THE PEOPLE'""","NO","NO","","fragment_or_label","HIGH","LABEL_FRAGMENT_OR_DEVICE","short label, slogan, heading or symbolic device rather than a proposition","How do you outmaneuver the obstructionists?  ⏎ How do you expose the obstructionists for what they really are?","They are only now figuring it out. ⏎ Q","109","130","https://8ch.net/qresearch/res/4616779.html#4617146","","","","","","","","","UNREVIEWED"
"2653","#2653","8","p2653-s008","G_CERTIFIED_CONTEXT_NOT_PAINTED","Highlights:","1","UNHIGHLIGHTED","0","0","11","11","Highlights:","NO","","","context","context: ""Highlights:""","NO","NO","","colon_or_semicolon_block","HIGH","CLAIM_CANDIDATE","declarative prose — decide Q-authored claim vs quoted claim vs aphorism","[RBG] ⏎ Why was she 'selected'? ⏎ Who appointed her? ⏎ Remember [her] history. ⏎ Ref: 230-page book called Sex Bias in the U.S. Code, published in 1977 by the U.S. Commission on Civil Rights.",">Called for the sex-integration of prisons and reformatories so that conditions of imprisonment, security and housing could be equal. She explained, “If the grand design of such institutions is to prepare inmates for re","184","195","https://8ch.net/qresearch/res/4626734.html#4627556","","","","","","","","","UNREVIEWED"
"2658","#2658","28","p2658-s028","G_CERTIFIED_CONTEXT_NOT_PAINTED","(The Last Resort)","1","UNHIGHLIGHTED","0","0","15","15","(The Last Resort)","NO","","","context","context: ""(The Last Resort)""","NO","NO","","fragment_or_label","HIGH","LABEL_FRAGMENT_OR_DEVICE","short label, slogan, heading or symbolic device rather than a proposition","OWER TO REPLACE SENIOR OFFICIALS WITHIN CRUCIAL GOV POSITIONS (DEPT'S) WHO CAN THEN REPLACE SR+MID+LOW POSITIONS (TRICKLE_DOWN REPLACEMENT). ⏎ POWER TO APPOINT SC JUSTICES. ⏎ (What if HRC won and appointed 2+ crooked SCJs?)","POWER TO DIRECTLY UNDO HUSSEIN/PREV EO'S WHICH HARMED-GREATLY LIMITED THE US IN MANY VITAL/NEC WAYS. ⏎ POWER TO REBUILD THE UNITED STATES MILITARY (BACK) TO A GLOBAL SUPER POWER.  ⏎ (CHINA PAYOFFS (BRIBE $) FAILURE) ⏎ POWER T","1610","1627","https://8ch.net/qresearch/res/4633684.html#4633937","","","","","","","","","UNREVIEWED"
"2658","#2658","31","p2658-s031","G_CERTIFIED_CONTEXT_NOT_PAINTED","(CHINA PAYOFFS (BRIBE $) FAILURE)","1","PARTIAL_ONLY","34.48","0","19","29","( ⋯ PAYOFFS ( ⋯ $) FAILURE)","NO","namedEntity | theme","namedEntity: ""CHINA"" [1807-1812] || namedEntity: ""CHINA"" [1807-1812] || theme: ""BRIBE"" [1822-1827]","context","context: ""(CHINA PAYOFFS (BRIBE $) FAILURE)""","NO","NO","","fragment_or_label","HIGH","LABEL_FRAGMENT_OR_DEVICE","short label, slogan, heading or symbolic device rather than a proposition","inted 2+ crooked SCJs?) ⏎ (The Last Resort) ⏎ POWER TO DIRECTLY UNDO HUSSEIN/PREV EO'S WHICH HARMED-GREATLY LIMITED THE US IN MANY VITAL/NEC WAYS. ⏎ POWER TO REBUILD THE UNITED STATES MILITARY (BACK) TO A GLOBAL SUPER POWER.","POWER TO ENACT LAWS BY EO TO COMBAT AND PROTECT OUR PEOPLE. ⏎ POWER TO SHIFT FOREIGN POLICY THEREBY REDUCING OUR ENEMIES ABILITY TO PROSPER AND SOMEDAY REIGN. ⏎ (IRAN DEAL - PARIS ACCORD - CHINA TRADE - SYRIA - ………………….) ⏎ PO","1806","1839","https://8ch.net/qresearch/res/4633684.html#4633937","","","","","","","","","UNREVIEWED"
"2660","#2660","2","p2660-s002","G_CERTIFIED_CONTEXT_NOT_PAINTED","Handler (Conductor):","1","UNHIGHLIGHTED","0","0","19","19","Handler (Conductor):","NO","","","context","context: ""Handler (Conductor):""","NO","NO","","colon_or_semicolon_block","HIGH","CLAIM_CANDIDATE","declarative prose — decide Q-authored claim vs quoted claim vs aphorism",">>4616371 ⏎ https://twitter.com/maggieNYT/status/1081974511598211072","Smoking can be bad for your health. Read the warning label. Deboard train and walk away. Once in the tunnel, there is no going back. ⏎ Q","67","87","https://8ch.net/qresearch/res/4634389.html#4635153","","","","","","","","","UNREVIEWED"
"2663","#2663","4","p2663-s004","G_CERTIFIED_CONTEXT_NOT_PAINTED","Animals > Humans","1","UNHIGHLIGHTED","0","0","14","14","Animals > Humans","NO","","","context","context: ""Animals > Humans""","NO","NO","","fragment_or_label","HIGH","LABEL_FRAGMENT_OR_DEVICE","short label, slogan, heading or symbolic device rather than a proposition","https://www.thesun.co.uk/news/7920010/cia-mkultra-mind-control-drugs-hypnosis-electric-documents/ ⏎ Program dev ongoing under offshore [not domestic] 'tangent' agency? ⏎ Covert funding?","Humans 1988 ⏎ 71% avg success rate. ⏎ Targeted (mental) 'criteria' designated as [         ,  ]. ⏎ Mental institutions & therapists > 'program-specialists'….. ⏎ Cocktail regimen 4x daily brain intercept [administered by","182","198","https://8ch.net/qresearch/res/4639762.html#4639875","","","","","","","","","UNREVIEWED"
"2663","#2663","5","p2663-s005","G_CERTIFIED_CONTEXT_NOT_PAINTED","Humans 1988","1","UNHIGHLIGHTED","0","0","10","10","Humans 1988","NO","","","context","context: ""Humans 1988""","NO","NO","","fragment_or_label","HIGH","LABEL_FRAGMENT_OR_DEVICE","short label, slogan, heading or symbolic device rather than a proposition","https://www.thesun.co.uk/news/7920010/cia-mkultra-mind-control-drugs-hypnosis-electric-documents/ ⏎ Program dev ongoing under offshore [not domestic] 'tangent' agency? ⏎ Covert funding? ⏎ Animals > Humans","71% avg success rate. ⏎ Targeted (mental) 'criteria' designated as [         ,  ]. ⏎ Mental institutions & therapists > 'program-specialists'….. ⏎ Cocktail regimen 4x daily brain intercept [administered by           ] ⏎ Hint: ⏎ h","199","210","https://8ch.net/qresearch/res/4639762.html#4639875","","","","","","","","","UNREVIEWED"
"2663","#2663","10","p2663-s010","G_CERTIFIED_CONTEXT_NOT_PAINTED","Hint:","2","UNHIGHLIGHTED","0","0","5","5","Hint:","NO","","","context","context: ""Hint:""","NO","NO","","colon_or_semicolon_block","HIGH","CLAIM_CANDIDATE","declarative prose — decide Q-authored claim vs quoted claim vs aphorism","ns 1988 ⏎ 71% avg success rate. ⏎ Targeted (mental) 'criteria' designated as [         ,  ]. ⏎ Mental institutions & therapists > 'program-specialists'….. ⏎ Cocktail regimen 4x daily brain intercept [administered by           ]","https://ncats.nih.gov/pubs/features/brain-signals-action ⏎ WIA military personnel targets of the program? ⏎ PTSD+ ⏎ Clandestine Black OPs > zero affiliation (non_stick) ⏎ Something out of a movie? ⏎ Fiction? ⏎ The hole is deep. ⏎ Q","423","428","https://8ch.net/qresearch/res/4639762.html#4639875","","","","","","","","","UNREVIEWED"
"2663","#2663","13","p2663-s013","G_CERTIFIED_CONTEXT_NOT_PAINTED","PTSD+","1","UNHIGHLIGHTED","0","0","5","5","PTSD+","NO","","","context","context: ""PTSD+""","NO","NO","","fragment_or_label","HIGH","LABEL_FRAGMENT_OR_DEVICE","short label, slogan, heading or symbolic device rather than a proposition","therapists > 'program-specialists'….. ⏎ Cocktail regimen 4x daily brain intercept [administered by           ] ⏎ Hint: ⏎ https://ncats.nih.gov/pubs/features/brain-signals-action ⏎ WIA military personnel targets of the program?","Clandestine Black OPs > zero affiliation (non_stick) ⏎ Something out of a movie? ⏎ Fiction? ⏎ The hole is deep. ⏎ Q","533","538","https://8ch.net/qresearch/res/4639762.html#4639875","","","","","","","","","UNREVIEWED"
"2671","#2671","5","p2671-s005","G_CERTIFIED_CONTEXT_NOT_PAINTED","53-47","4","UNHIGHLIGHTED","0","0","5","5","53-47","NO","","","context","context: ""53-47""","NO","NO","","symbolic_or_numeric","HIGH","LABEL_FRAGMENT_OR_DEVICE","short label, slogan, heading or symbolic device rather than a proposition","woman is selected as the nominee does that eliminate the wrap up smear re: sexual assault?  ⏎ What other tactics might be planned to block and/or force name removal?  ⏎ Why is the Senate important?  ⏎ Who controls the Senate?","Enjoy the show. ⏎ Q","225","230","https://8ch.net/qresearch/res/4707884.html#4708257","","","","","","","","","UNREVIEWED"
"2680","#2680","3","p2680-s003","G_CERTIFIED_CONTEXT_NOT_PAINTED","BLOCKADE END >","1","UNHIGHLIGHTED","0","0","12","12","BLOCKADE END >","NO","","","context","context: ""BLOCKADE END >""","NO","NO","","fragment_or_label","HIGH","LABEL_FRAGMENT_OR_DEVICE","short label, slogan, heading or symbolic device rather than a proposition","taker-prosecutor-fbi/index.html ⏎ https://www.breitbart.com/politics/2019/01/16/william-barr-in-2017-doj-abdicating-its-responsibility-by-ignoring-clinton-uranium-deal-in-favor-of-russia-collusion/ ⏎ Read between the lines.","GOOD TO GO. ⏎ Q","263","277","https://8ch.net/qresearch/res/5099537.html#5100113","","","","","","","","","UNREVIEWED"
"2681","#2681","7","p2681-s007","G_CERTIFIED_CONTEXT_NOT_PAINTED","-[Ohr] removal","1","PARTIAL_ONLY","38.46","0","8","13","- ⋯ removal","NO","namedEntity | bracketCode","namedEntity: ""Ohr"" [119-122] || bracketCode: ""[Ohr]"" [118-123]","context","context: ""-[Ohr] removal""","NO","NO","","fragment_or_label","HIGH","LABEL_FRAGMENT_OR_DEVICE","short label, slogan, heading or symbolic device rather than a proposition","[-30] ⏎ [-45] ⏎ [-60] ⏎ [-90] ⏎ -Blockade removal ['Scaramucci' model] ⏎ -[RR] removal [Goodbye #2 [#1 _ oversight of Mueller]","-[1-4] removal  ⏎ -Barr install ⏎ -Barr (w/ Whitaker) review [RR] notes re: strong reservations to DECLAS due to sources & methods + Foreign CLAS (irreparable harm) > OIG review prior to executing order  ⏎ -Barr (w/ Whitaker)","117","131","https://8ch.net/qresearch/res/5101045.html#5101092","","","","","","","","","UNREVIEWED"
"2681","#2681","9","p2681-s009","G_CERTIFIED_CONTEXT_NOT_PAINTED","-Barr install","1","PARTIAL_ONLY","33.33","0","8","12","- ⋯ install","NO","namedEntity","namedEntity: ""Barr"" [149-153] || namedEntity: ""Barr"" [149-153] || namedEntity: ""Barr"" [149-153] || namedEntity: ""Barr"" [149-153] || namedEntity: ""Barr"" [149-153] || namedEntity: ""Barr"" [149-153]","context","context: ""-Barr install""","NO","NO","","fragment_or_label","HIGH","LABEL_FRAGMENT_OR_DEVICE","short label, slogan, heading or symbolic device rather than a proposition","[-30] ⏎ [-45] ⏎ [-60] ⏎ [-90] ⏎ -Blockade removal ['Scaramucci' model] ⏎ -[RR] removal [Goodbye #2 [#1 _ oversight of Mueller] ⏎ -[Ohr] removal ⏎ -[1-4] removal","-Barr (w/ Whitaker) review [RR] notes re: strong reservations to DECLAS due to sources & methods + Foreign CLAS (irreparable harm) > OIG review prior to executing order  ⏎ -Barr (w/ Whitaker) pull DECLAS review assignment","148","161","https://8ch.net/qresearch/res/5101045.html#5101092","","","","","","","","","UNREVIEWED"
"2681","#2681","13","p2681-s013","G_CERTIFIED_CONTEXT_NOT_PAINTED","-Whitaker remain DOJ senior staff","1","PARTIAL_ONLY","37.93","0","18","29","- ⋯ remain ⋯ senior staff","NO","namedEntity","namedEntity: ""DOJ"" [741-744] || namedEntity: ""DOJ"" [741-744] || namedEntity: ""Whitaker"" [725-733]","context","context: ""-Whitaker remain DOJ senior staff""","NO","NO","","fragment_or_label","HIGH","LABEL_FRAGMENT_OR_DEVICE","short label, slogan, heading or symbolic device rather than a proposition","and commenting re: OP integrity (sources & methods) etc.] ⏎ -Barr executes order to DECLAS + provide members of H committee long requested supplemental documentation in C setting [scope memo + CLAS] as required by US Law.","-Barr meeting Huber & OIG  ⏎ -OIG report  ⏎ -House D's threaten subpoena of Barr/Whitaker re: DECLAS, SC report, Huber, etc…. ⏎ -House D's use subpoena power to ……………………Acts 1, 2, and 3. [spill +30] ⏎ -Meeting w/ NK > DENUC pl","724","757","https://8ch.net/qresearch/res/5101045.html#5101092","","","","","","","","","UNREVIEWED"
"2681","#2681","15","p2681-s015","G_CERTIFIED_CONTEXT_NOT_PAINTED","-OIG report","1","PARTIAL_ONLY","30","0","7","10","- ⋯ report","NO","namedEntity","namedEntity: ""OIG"" [787-790] || namedEntity: ""OIG"" [787-790] || namedEntity: ""OIG"" [787-790] || namedEntity: ""OIG"" [787-790]","context","context: ""-OIG report""","NO","NO","","fragment_or_label","HIGH","LABEL_FRAGMENT_OR_DEVICE","short label, slogan, heading or symbolic device rather than a proposition","r executes order to DECLAS + provide members of H committee long requested supplemental documentation in C setting [scope memo + CLAS] as required by US Law. ⏎ -Whitaker remain DOJ senior staff  ⏎ -Barr meeting Huber & OIG","-House D's threaten subpoena of Barr/Whitaker re: DECLAS, SC report, Huber, etc…. ⏎ -House D's use subpoena power to ……………………Acts 1, 2, and 3. [spill +30] ⏎ -Meeting w/ NK > DENUC plan/process > sanctions lift meets subj A","786","797","https://8ch.net/qresearch/res/5101045.html#5101092","","","","","","","","","UNREVIEWED"
"2681","#2681","22","p2681-s022","G_CERTIFIED_CONTEXT_NOT_PAINTED","-Public Awakening","1","UNHIGHLIGHTED","0","0","16","16","-Public Awakening","NO","","","context","context: ""-Public Awakening""","NO","NO","","fragment_or_label","HIGH","LABEL_FRAGMENT_OR_DEVICE","short label, slogan, heading or symbolic device rather than a proposition","sanctions lift meets subj A, B food for people (aid) ⏎ UK/AUS narrative shift re: in_country spy campaign v. POTUS (hops 1 to 2; 2 to 3; 3 to 4; 4 to target) ⏎ -D sky is falling push to public (scare to control)(projection)","-Narrative damage control ⏎ -Placeholders active ⏎ -Wall discussion end (public awareness of D's)  ⏎ -Red/Green Castle per orig plan ⏎ Dark to Light. ⏎ https://www.youtube.com/watch?v=G2qIXXafxCQ ⏎ Q","1210","1227","https://8ch.net/qresearch/res/5101045.html#5101092","","","","","","","","","UNREVIEWED"
"2681","#2681","24","p2681-s024","G_CERTIFIED_CONTEXT_NOT_PAINTED","-Placeholders active","1","UNHIGHLIGHTED","0","0","19","19","-Placeholders active","NO","","","context","context: ""-Placeholders active""","NO","NO","","fragment_or_label","HIGH","LABEL_FRAGMENT_OR_DEVICE","short label, slogan, heading or symbolic device rather than a proposition","le (aid) ⏎ UK/AUS narrative shift re: in_country spy campaign v. POTUS (hops 1 to 2; 2 to 3; 3 to 4; 4 to target) ⏎ -D sky is falling push to public (scare to control)(projection) ⏎ -Public Awakening ⏎ -Narrative damage control","-Wall discussion end (public awareness of D's)  ⏎ -Red/Green Castle per orig plan ⏎ Dark to Light. ⏎ https://www.youtube.com/watch?v=G2qIXXafxCQ ⏎ Q","1254","1274","https://8ch.net/qresearch/res/5101045.html#5101092","","","","","","","","","UNREVIEWED"
"2682","#2682","14","p2682-s014","G_CERTIFIED_CONTEXT_NOT_PAINTED","2) FAKEWOOD echo of 'by design' narrative","1","UNHIGHLIGHTED","0","0","35","35","2) FAKEWOOD echo of 'by design' narrative","NO","","","context","context: ""2) FAKEWOOD echo of 'by design' narrative""","NO","NO","","fragment_or_label","HIGH","LABEL_FRAGMENT_OR_DEVICE","short label, slogan, heading or symbolic device rather than a proposition","gins (as seen today) w/ public opinion.  ⏎ The FIGHT to win PUBLIC FAVORABILITY. ⏎ The FIGHT to control the NARRATIVE. ⏎ How do D's control the NARRATIVE? ⏎ 1) FAKE NEWS MEDIA push of 'by design' narrative [daily updates – 4am]","3) SOCIAL MEDIA stream/promote of 'by design' narrative + censor/block/ban of challenger(s) of that narrative ⏎ Do they provide evidence to support their conclusions?  ⏎ POTUS/RUSSIA narrative - evidence? ⏎ None. ⏎ POTUS racist","648","689","https://8ch.net/qresearch/res/5109453.html#5109544","","","","","","","","","UNREVIEWED"
"2682","#2682","33","p2682-s033","G_CERTIFIED_CONTEXT_NOT_PAINTED","‘DIVIDED’","1","UNHIGHLIGHTED","0","0","9","9","‘DIVIDED’","NO","","","context","context: ""‘DIVIDED’""","NO","NO","","fragment_or_label","HIGH","LABEL_FRAGMENT_OR_DEVICE","short label, slogan, heading or symbolic device rather than a proposition","-years?  ⏎ Are you stronger together/UNITED or DIVIDED? ⏎ If you dare to challenge their narrative are you cast out [banned] by society as a threat/conspiracy theorist etc..? ⏎ Are you cast out by members of your own family?","'Group-Think' ⏎ THEY DO NOT WANT YOU TO THINK FOR YOURSELF. ⏎ A FREE-THINKING 'LOGICAL' PERSON WHO DRAWS CONCLUSIONS BASED ON FACTS ARE, PUT SIMPLY, A THREAT TO THEIR CONTROL/POWER GRIP.  ⏎ ALL THEY CARE ABOUT IS CONTROL [I.E","2058","2067","https://8ch.net/qresearch/res/5109453.html#5109544","","","","","","","","","UNREVIEWED"
"2682","#2682","34","p2682-s034","G_CERTIFIED_CONTEXT_NOT_PAINTED","'Group-Think'","1","UNHIGHLIGHTED","0","0","13","13","'Group-Think'","NO","","","context","context: ""'Group-Think'""","NO","NO","","fragment_or_label","HIGH","LABEL_FRAGMENT_OR_DEVICE","short label, slogan, heading or symbolic device rather than a proposition","re you stronger together/UNITED or DIVIDED? ⏎ If you dare to challenge their narrative are you cast out [banned] by society as a threat/conspiracy theorist etc..? ⏎ Are you cast out by members of your own family?  ⏎ ‘DIVIDED’","THEY DO NOT WANT YOU TO THINK FOR YOURSELF. ⏎ A FREE-THINKING 'LOGICAL' PERSON WHO DRAWS CONCLUSIONS BASED ON FACTS ARE, PUT SIMPLY, A THREAT TO THEIR CONTROL/POWER GRIP.  ⏎ ALL THEY CARE ABOUT IS CONTROL [I.E. POWER]. ⏎ WITH","2068","2081","https://8ch.net/qresearch/res/5109453.html#5109544","","","","","","","","","UNREVIEWED"
"2683","#2683","5","p2683-s005","G_CERTIFIED_CONTEXT_NOT_PAINTED","1.","36","UNHIGHLIGHTED","0","0","2","2","1.","NO","","","context","context: ""1.""","NO","NO","","symbolic_or_numeric","MEDIUM","LABEL_FRAGMENT_OR_DEVICE","short label, slogan, heading or symbolic device rather than a proposition","on social media? ⏎ FAKE NEWS attempting to 'CONTROL' the narrative by not providing coverage? ⏎ Do the protests in EU go against the narrative that majority of people are for globalism, open borders, and mass immigration?","Dilution of citizen voice ⏎ 2. Dilution of citizen vote ⏎ 3. Dilution of national independence  ⏎ >Police turned against its own citizens  ⏎ >Citizens turned against its own police ⏎ >People v People  ⏎ Controlled media > prevent m","325","327","https://8ch.net/qresearch/res/5110208.html#5110466","","","","","","","","","UNREVIEWED"
"2683","#2683","6","p2683-s006","G_CERTIFIED_CONTEXT_NOT_PAINTED","Dilution of citizen voice","1","UNHIGHLIGHTED","0","0","22","22","Dilution of citizen voice","NO","","","context","context: ""Dilution of citizen voice""","NO","NO","","fragment_or_label","MEDIUM","LABEL_FRAGMENT_OR_DEVICE","short label, slogan, heading or symbolic device rather than a proposition","social media? ⏎ FAKE NEWS attempting to 'CONTROL' the narrative by not providing coverage? ⏎ Do the protests in EU go against the narrative that majority of people are for globalism, open borders, and mass immigration?  ⏎ 1.","2. Dilution of citizen vote ⏎ 3. Dilution of national independence  ⏎ >Police turned against its own citizens  ⏎ >Citizens turned against its own police ⏎ >People v People  ⏎ Controlled media > prevent mass awareness  ⏎ If the news","328","353","https://8ch.net/qresearch/res/5110208.html#5110466","","","","","","","","","UNREVIEWED"
"2683","#2683","7","p2683-s007","G_CERTIFIED_CONTEXT_NOT_PAINTED","2.","32","UNHIGHLIGHTED","0","0","2","2","2.","NO","","","context","context: ""2.""","NO","NO","","symbolic_or_numeric","MEDIUM","LABEL_FRAGMENT_OR_DEVICE","short label, slogan, heading or symbolic device rather than a proposition","ttempting to 'CONTROL' the narrative by not providing coverage? ⏎ Do the protests in EU go against the narrative that majority of people are for globalism, open borders, and mass immigration?  ⏎ 1. Dilution of citizen voice","Dilution of citizen vote ⏎ 3. Dilution of national independence  ⏎ >Police turned against its own citizens  ⏎ >Citizens turned against its own police ⏎ >People v People  ⏎ Controlled media > prevent mass awareness  ⏎ If the news do","354","356","https://8ch.net/qresearch/res/5110208.html#5110466","","","","","","","","","UNREVIEWED"
"2683","#2683","9","p2683-s009","G_CERTIFIED_CONTEXT_NOT_PAINTED","3.","23","UNHIGHLIGHTED","0","0","2","2","3.","NO","","","context","context: ""3.""","NO","NO","","symbolic_or_numeric","MEDIUM","LABEL_FRAGMENT_OR_DEVICE","short label, slogan, heading or symbolic device rather than a proposition","arrative by not providing coverage? ⏎ Do the protests in EU go against the narrative that majority of people are for globalism, open borders, and mass immigration?  ⏎ 1. Dilution of citizen voice ⏎ 2. Dilution of citizen vote","Dilution of national independence  ⏎ >Police turned against its own citizens  ⏎ >Citizens turned against its own police ⏎ >People v People  ⏎ Controlled media > prevent mass awareness  ⏎ If the news doesn't report the facts (ie,","382","384","https://8ch.net/qresearch/res/5110208.html#5110466","","","","","","","","","UNREVIEWED"
"2683","#2683","10","p2683-s010","G_CERTIFIED_CONTEXT_NOT_PAINTED","Dilution of national independence","1","UNHIGHLIGHTED","0","0","30","30","Dilution of national independence","NO","","","context","context: ""Dilution of national independence""","NO","NO","","fragment_or_label","MEDIUM","LABEL_FRAGMENT_OR_DEVICE","short label, slogan, heading or symbolic device rather than a proposition","ative by not providing coverage? ⏎ Do the protests in EU go against the narrative that majority of people are for globalism, open borders, and mass immigration?  ⏎ 1. Dilution of citizen voice ⏎ 2. Dilution of citizen vote ⏎ 3.",">Police turned against its own citizens  ⏎ >Citizens turned against its own police ⏎ >People v People  ⏎ Controlled media > prevent mass awareness  ⏎ If the news doesn't report the facts (ie, truth) - how do people get informe","385","418","https://8ch.net/qresearch/res/5110208.html#5110466","","","","","","","","","UNREVIEWED"
"2683","#2683","14","p2683-s014","G_CERTIFIED_CONTEXT_NOT_PAINTED","Controlled media > prevent mass awareness","1","UNHIGHLIGHTED","0","0","36","36","Controlled media > prevent mass awareness","NO","","","context","context: ""Controlled media > prevent mass awareness""","NO","NO","","sentence_like_no_terminal","HIGH","CLAIM_CANDIDATE","declarative prose — decide Q-authored claim vs quoted claim vs aphorism","s, and mass immigration?  ⏎ 1. Dilution of citizen voice ⏎ 2. Dilution of citizen vote ⏎ 3. Dilution of national independence  ⏎ >Police turned against its own citizens  ⏎ >Citizens turned against its own police ⏎ >People v People","If the news doesn't report the facts (ie, truth) - how do people get informed in order to be heard? ⏎ Silence the people. ⏎ Localize disruption.  ⏎ Target leaders of disruption (quietly take action). ⏎ Deploy scare tactics & p","519","560","https://8ch.net/qresearch/res/5110208.html#5110466","","","","","","","","","UNREVIEWED"
"2689","#2689","3","p2689-s003","G_CERTIFIED_CONTEXT_NOT_PAINTED","Keyword: 'Foreign'","1","UNHIGHLIGHTED","0","0","17","17","Keyword: 'Foreign'","NO","","","context","context: ""Keyword: 'Foreign'""","NO","NO","","fragment_or_label","HIGH","LABEL_FRAGMENT_OR_DEVICE","short label, slogan, heading or symbolic device rather than a proposition","https://www.justice.gov/opa/pr/acting-attorney-general-and-secretary-homeland-security-submit-joint-report-impact-foreign ⏎ [Only when the election harms the D party will they claim foreign interference]","What about Domestic interference? ⏎ >Non-Cit votes by county ⏎ >Non-Cit promo by county ⏎ >Non-Cit org by county ⏎ >Targeted districts breakdown by 'Non-Cit' data acc ⏎ >Voter irregularities [internal] ⏎ >(-2) Laws enacted in battl","202","220","https://8ch.net/qresearch/res/5122472.html#5123210","","","","","","","","","UNREVIEWED"
"2689","#2689","38","p2689-s038","G_CERTIFIED_CONTEXT_NOT_PAINTED","#FactsMatter","16","UNHIGHLIGHTED","0","0","12","12","#FactsMatter","NO","","","context","context: ""#FactsMatter""","NO","NO","","fragment_or_label","HIGH","LABEL_FRAGMENT_OR_DEVICE","short label, slogan, heading or symbolic device rather than a proposition","Court rule opposite? ⏎ Is the 4th Circuit Court considered LEFT/Liberal? ⏎ https://www.newsobserver.com/news/politics-government/article215247000.html ⏎ Why do D's want POWER at all costs? ⏎ One example above. ⏎ Logical thinking.","You are the news now. ⏎ Q","2240","2252","https://8ch.net/qresearch/res/5122472.html#5123210","","","","","","","","","UNREVIEWED"
"2692","#2692","2","p2692-s002","G_CERTIFIED_CONTEXT_NOT_PAINTED","Baker’s heads up on the Kendall call was sent to:","1","PARTIAL_ONLY","12.5","0","35","40","’s heads up on the Kendall call was sent to:","NO","theme","theme: ""Baker"" [178-183]","context","context: ""Baker’s heads up on the Kendall call was sent to:""","NO","NO","","colon_or_semicolon_block","HIGH","CLAIM_CANDIDATE","declarative prose — decide Q-authored claim vs quoted claim vs aphorism","https://www.judicialwatch.org/press-room/press-releases/judicial-watch-fbi-general-counsel-talked-to-hillary-clintons-lawyer-about-comeys-letter-on-weiner-laptop-clinton-emails/","Then-Director James Comey; since fired; ⏎ Then-Associate Deputy Director David Bowdich, who later replaced Andrew McCabe as deputy director; ⏎ Michael Steinbach, the F.B.I.’s former executive assistant director for national","178","227","https://8ch.net/qresearch/res/5127053.html#5127210","","","","","","","","","UNREVIEWED"
"2692","#2692","8","p2692-s008","G_CERTIFIED_CONTEXT_NOT_PAINTED","Strzok and Page","1","PARTIAL_ONLY","76.92","0","3","13","and","NO","namedEntity","namedEntity: ""Strzok"" [801-807] || namedEntity: ""Page"" [812-816]","context","context: ""Strzok and Page""","NO","NO","","fragment_or_label","HIGH","LABEL_FRAGMENT_OR_DEVICE","short label, slogan, heading or symbolic device rather than a proposition","BI intelligence analyst Jonathan Moffa; ⏎ Former Acting Assistant Director Jason V. Herring; ⏎ Michael Kortan, FBI assistant director for public affairs, now retired; ⏎ Former principal deputy general counsel Trisha Anderson;","Does the list above look familiar?  ⏎ Re_read drops re: FBI 'Midyear' OIG ……. & review graphics. ⏎ Q","801","816","https://8ch.net/qresearch/res/5127053.html#5127210","","","","","","","","","UNREVIEWED"
"2695","#2695","12","p2695-s012","G_CERTIFIED_CONTEXT_NOT_PAINTED","(return publicly)","1","UNHIGHLIGHTED","0","0","16","16","(return publicly)","NO","","","context","context: ""(return publicly)""","NO","NO","","fragment_or_label","HIGH","LABEL_FRAGMENT_OR_DEVICE","short label, slogan, heading or symbolic device rather than a proposition","ineyard2011/status/1095168967457558528 ⏎ POTUS ""Did they get the clip?"" ⏎ Yes, Mr. President. ⏎ POTUS ""Did they catch all the references?"" ⏎ Yes, Mr. President. ⏎ POTUS ""Show me."" ⏎ Thank you, Mr. John Vineyard.  ⏎ Thank you, Anons.","Q","252","269","https://8ch.net/qresearch/res/5133948.html#5134370","","","","","","","","","UNREVIEWED"
"2697","#2697","21","p2697-s021","G_CERTIFIED_CONTEXT_NOT_PAINTED","Coleman Authored:","1","UNHIGHLIGHTED","0","0","16","16","Coleman Authored:","NO","","","context","context: ""Coleman Authored:""","NO","NO","","colon_or_semicolon_block","HIGH","CLAIM_CANDIDATE","declarative prose — decide Q-authored claim vs quoted claim vs aphorism","ames Turgal – Assistant Director - FIRED ⏎ Greg Bower – Top Congressional Liaison - FIRED ⏎ Trisha Anderson – Principle Deputy General Counsel - FIRED ⏎ Randy Coleman - Assistant Director of Counterintelligence Div – REMOVED","(1) Anthony Wiener [sic] ⏎ (2) [Unrelated] ⏎ (3) Wiener [sic] – texting 15 yo – Sexually Explicit ⏎ 9/26 – Federal SW – IPhone/IPAD/Laptop ⏎ Initial analysis of laptop – thousands emails ⏎ Hillary Clinton & Foundation ⏎ Crime Again","1071","1088","https://8ch.net/qresearch/res/5139468.html#5139710","","","","","","","","","UNREVIEWED"
"2697","#2697","23","p2697-s023","G_CERTIFIED_CONTEXT_NOT_PAINTED","(2) [Unrelated]","2","PARTIAL_ONLY","78.57","0","3","14","(2)","NO","bracketCode","bracketCode: ""[Unrelated]"" [1118-1129]","context","context: ""(2) [Unrelated]""","NO","NO","","fragment_or_label","HIGH","LABEL_FRAGMENT_OR_DEVICE","short label, slogan, heading or symbolic device rather than a proposition","eg Bower – Top Congressional Liaison - FIRED ⏎ Trisha Anderson – Principle Deputy General Counsel - FIRED ⏎ Randy Coleman - Assistant Director of Counterintelligence Div – REMOVED  ⏎ Coleman Authored: ⏎ (1) Anthony Wiener [sic]","(3) Wiener [sic] – texting 15 yo – Sexually Explicit ⏎ 9/26 – Federal SW – IPhone/IPAD/Laptop ⏎ Initial analysis of laptop – thousands emails ⏎ Hillary Clinton & Foundation ⏎ Crime Against Children ⏎ Kevin Clinesmith – track & fo","1114","1129","https://8ch.net/qresearch/res/5139468.html#5139710","","","","","","","","","UNREVIEWED"
"2697","#2697","27","p2697-s027","G_CERTIFIED_CONTEXT_NOT_PAINTED","Hillary Clinton & Foundation","2","PARTIAL_ONLY","56","0","11","25","& Foundation","NO","namedEntity","namedEntity: ""Hillary Clinton"" [1268-1283] || namedEntity: ""Hillary"" [1268-1275] || namedEntity: ""Clinton"" [1276-1283] || namedEntity: ""Clinton"" [1276-1283]","context","context: ""Hillary Clinton & Foundation""","NO","NO","","fragment_or_label","HIGH","LABEL_FRAGMENT_OR_DEVICE","short label, slogan, heading or symbolic device rather than a proposition","ligence Div – REMOVED  ⏎ Coleman Authored: ⏎ (1) Anthony Wiener [sic] ⏎ (2) [Unrelated] ⏎ (3) Wiener [sic] – texting 15 yo – Sexually Explicit ⏎ 9/26 – Federal SW – IPhone/IPAD/Laptop ⏎ Initial analysis of laptop – thousands emails","Crime Against Children ⏎ Kevin Clinesmith – track & follow ⏎ Tashina Gauhar – track & follow ⏎ Sally Moyer – track & follow ⏎ Jason V. Herring – track & follow ⏎ Nothing being done? ⏎ FAKE NEWS? ⏎ Q","1268","1296","https://8ch.net/qresearch/res/5139468.html#5139710","","","","","","","","","UNREVIEWED"
"2697","#2697","28","p2697-s028","G_CERTIFIED_CONTEXT_NOT_PAINTED","Crime Against Children","2","UNHIGHLIGHTED","0","0","20","20","Crime Against Children","NO","","","context","context: ""Crime Against Children""","NO","NO","","fragment_or_label","HIGH","LABEL_FRAGMENT_OR_DEVICE","short label, slogan, heading or symbolic device rather than a proposition","n Authored: ⏎ (1) Anthony Wiener [sic] ⏎ (2) [Unrelated] ⏎ (3) Wiener [sic] – texting 15 yo – Sexually Explicit ⏎ 9/26 – Federal SW – IPhone/IPAD/Laptop ⏎ Initial analysis of laptop – thousands emails ⏎ Hillary Clinton & Foundation","Kevin Clinesmith – track & follow ⏎ Tashina Gauhar – track & follow ⏎ Sally Moyer – track & follow ⏎ Jason V. Herring – track & follow ⏎ Nothing being done? ⏎ FAKE NEWS? ⏎ Q","1297","1319","https://8ch.net/qresearch/res/5139468.html#5139710","","","","","","","","","UNREVIEWED"
"2697","#2697","29","p2697-s029","G_CERTIFIED_CONTEXT_NOT_PAINTED","Kevin Clinesmith – track & follow","1","PARTIAL_ONLY","53.57","0","13","28","– track & follow","NO","namedEntity","namedEntity: ""Kevin Clinesmith"" [1320-1336]","context","context: ""Kevin Clinesmith – track & follow""","NO","NO","","fragment_or_label","HIGH","LABEL_FRAGMENT_OR_DEVICE","short label, slogan, heading or symbolic device rather than a proposition","Wiener [sic] ⏎ (2) [Unrelated] ⏎ (3) Wiener [sic] – texting 15 yo – Sexually Explicit ⏎ 9/26 – Federal SW – IPhone/IPAD/Laptop ⏎ Initial analysis of laptop – thousands emails ⏎ Hillary Clinton & Foundation ⏎ Crime Against Children","Tashina Gauhar – track & follow ⏎ Sally Moyer – track & follow ⏎ Jason V. Herring – track & follow ⏎ Nothing being done? ⏎ FAKE NEWS? ⏎ Q","1320","1353","https://8ch.net/qresearch/res/5139468.html#5139710","","","","","","","","","UNREVIEWED"
"2697","#2697","30","p2697-s030","G_CERTIFIED_CONTEXT_NOT_PAINTED","Tashina Gauhar – track & follow","1","PARTIAL_ONLY","50","0","13","26","– track & follow","NO","namedEntity","namedEntity: ""Tashina Gauhar"" [1354-1368]","context","context: ""Tashina Gauhar – track & follow""","NO","NO","","fragment_or_label","HIGH","LABEL_FRAGMENT_OR_DEVICE","short label, slogan, heading or symbolic device rather than a proposition","Wiener [sic] – texting 15 yo – Sexually Explicit ⏎ 9/26 – Federal SW – IPhone/IPAD/Laptop ⏎ Initial analysis of laptop – thousands emails ⏎ Hillary Clinton & Foundation ⏎ Crime Against Children ⏎ Kevin Clinesmith – track & follow","Sally Moyer – track & follow ⏎ Jason V. Herring – track & follow ⏎ Nothing being done? ⏎ FAKE NEWS? ⏎ Q","1354","1385","https://8ch.net/qresearch/res/5139468.html#5139710","","","","","","","","","UNREVIEWED"
"2697","#2697","31","p2697-s031","G_CERTIFIED_CONTEXT_NOT_PAINTED","Sally Moyer – track & follow","1","PARTIAL_ONLY","43.48","0","13","23","– track & follow","NO","namedEntity","namedEntity: ""Sally Moyer"" [1386-1397]","context","context: ""Sally Moyer – track & follow""","NO","NO","","fragment_or_label","HIGH","LABEL_FRAGMENT_OR_DEVICE","short label, slogan, heading or symbolic device rather than a proposition","exually Explicit ⏎ 9/26 – Federal SW – IPhone/IPAD/Laptop ⏎ Initial analysis of laptop – thousands emails ⏎ Hillary Clinton & Foundation ⏎ Crime Against Children ⏎ Kevin Clinesmith – track & follow ⏎ Tashina Gauhar – track & follow","Jason V. Herring – track & follow ⏎ Nothing being done? ⏎ FAKE NEWS? ⏎ Q","1386","1414","https://8ch.net/qresearch/res/5139468.html#5139710","","","","","","","","","UNREVIEWED"
"2697","#2697","33","p2697-s033","G_CERTIFIED_CONTEXT_NOT_PAINTED","Herring – track & follow","1","PARTIAL_ONLY","35","0","13","20","– track & follow","NO","namedEntity","namedEntity: ""Jason V. Herring"" [1415-1431]","context","context: ""Jason V. Herring – track & follow""","NO","NO","","sentence_like_no_terminal","MEDIUM","CLAIM_CANDIDATE","declarative prose — decide Q-authored claim vs quoted claim vs aphorism","Phone/IPAD/Laptop ⏎ Initial analysis of laptop – thousands emails ⏎ Hillary Clinton & Foundation ⏎ Crime Against Children ⏎ Kevin Clinesmith – track & follow ⏎ Tashina Gauhar – track & follow ⏎ Sally Moyer – track & follow ⏎ Jason V.","Nothing being done? ⏎ FAKE NEWS? ⏎ Q","1424","1448","https://8ch.net/qresearch/res/5139468.html#5139710","","","","","","","","","UNREVIEWED"
"2700","#2700","5","p2700-s005","G_CERTIFIED_CONTEXT_NOT_PAINTED","Or by:","1","UNHIGHLIGHTED","0","0","5","5","Or by:","NO","","","context","context: ""Or by:""","NO","NO","","colon_or_semicolon_block","HIGH","CLAIM_CANDIDATE","declarative prose — decide Q-authored claim vs quoted claim vs aphorism","again (in our Country or to another President)."" ⏎ How do you deter & prevent this from happening again? ⏎ Simply by terminating employment of those responsible? ⏎ Simply by conducting a few 'non-threatening' investigations?","Prosecuting those responsible to the fullest extent of the law? ⏎ Setting up new checks & balances and oversight designed to increase transparency?  ⏎ Provide OIG office(s) w/ funding inc (size) ++ authority?  ⏎ Provide selec","263","269","https://8ch.net/qresearch/res/5140224.html#5140929","","","","","","","","","UNREVIEWED"
"2708","#2708","2","p2708-s002","G_CERTIFIED_CONTEXT_NOT_PAINTED","Night crawl active","1","UNHIGHLIGHTED","0","0","16","16","Night crawl active","NO","","","context","context: ""Night crawl active""","NO","NO","","fragment_or_label","HIGH","LABEL_FRAGMENT_OR_DEVICE","short label, slogan, heading or symbolic device rather than a proposition",">>5167220 ⏎ RT","[3] ⏎ Q","14","32","https://8ch.net/qresearch/res/5167141.html#5167233","","","","","","","","","UNREVIEWED"
"2709","#2709","3","p2709-s003","G_CERTIFIED_CONTEXT_NOT_PAINTED","Narrow/+wide","1","UNHIGHLIGHTED","0","0","12","12","Narrow/+wide","NO","","","context","context: ""Narrow/+wide""","NO","NO","","fragment_or_label","HIGH","LABEL_FRAGMENT_OR_DEVICE","short label, slogan, heading or symbolic device rather than a proposition","Pull all views +/- [10] ⏎ Scan P-P100z","Q","37","49","https://8ch.net/qresearch/res/5167141.html#5167300","","","","","","","","","UNREVIEWED"
"2711","#2711","5","p2711-s005","G_CERTIFIED_CONTEXT_NOT_PAINTED","#WinningBigly","1","UNHIGHLIGHTED","0","0","13","13","#WinningBigly","NO","","","context","context: ""#WinningBigly""","NO","NO","","fragment_or_label","HIGH","LABEL_FRAGMENT_OR_DEVICE","short label, slogan, heading or symbolic device rather than a proposition","w.foxnews.com/politics/mcconnell-says-trump-prepared-to-sign-border-security-bill-and-will-declare-national-emergency ⏎ Anons knew last March? ⏎ Do you believe in coincidences? ⏎ At what point is it mathematically impossible?","Q","230","243","https://8ch.net/qresearch/res/5175530.html#5176118","","","","","","","","","UNREVIEWED"
"2722","#2722","4","p2722-s004","G_CERTIFIED_CONTEXT_NOT_PAINTED","P-A-I-N","2","UNHIGHLIGHTED","0","0","7","7","P-A-I-N","NO","","","context","context: ""P-A-I-N""","NO","NO","","fragment_or_label","HIGH","LABEL_FRAGMENT_OR_DEVICE","short label, slogan, heading or symbolic device rather than a proposition","No mercy. ⏎ No bargaining.  ⏎ A Traitor’s justice.","Q","47","54","https://8ch.net/qresearch/res/5181669.html#5181988","","","","","","","","","UNREVIEWED"
"2724","#2724","2","p2724-s002","G_CERTIFIED_CONTEXT_NOT_PAINTED","Phase III","1","UNHIGHLIGHTED","0","0","8","8","Phase III","NO","","","context","context: ""Phase III""","NO","NO","","fragment_or_label","HIGH","LABEL_FRAGMENT_OR_DEVICE","short label, slogan, heading or symbolic device rather than a proposition","A Traitor’s Justice.","Panic in DC. ⏎ RATS EVERYWHERE. ⏎ For those who decide to save the taxpayers some money - There is no escaping God. ⏎ Q","21","30","https://8ch.net/qresearch/res/5181669.html#5182276","","","","","","","","","UNREVIEWED"
"2734","#2734","1","p2734-s001","G_CERTIFIED_CONTEXT_NOT_PAINTED","F-15","1","UNHIGHLIGHTED","0","0","4","4","F-15","NO","","","context","context: ""F-15""","NO","NO","","fragment_or_label","HIGH","LABEL_FRAGMENT_OR_DEVICE","short label, slogan, heading or symbolic device rather than a proposition",">>5187870","NAT EM today? ⏎ Q","10","14","https://8ch.net/qresearch/res/5187745.html#5187914","","","","","","","","","UNREVIEWED"
"2746","#2746","5","p2746-s005","G_CERTIFIED_CONTEXT_NOT_PAINTED","(Early)","1","UNHIGHLIGHTED","0","0","7","7","(Early)","NO","","","context","context: ""(Early)""","NO","NO","","fragment_or_label","MEDIUM","LABEL_FRAGMENT_OR_DEVICE","short label, slogan, heading or symbolic device rather than a proposition",">>5217756 ⏎ They were removed. ⏎ When was Page removed from the investigation? ⏎ What month?  ⏎ July 2017?","When was Scaramucci hired? ⏎ July 2017? (Late) ⏎ Re: the ‘Scaramucci’ model  ⏎ 5:5? ⏎ Those who left (majority) did not have a choice. ⏎ ALL remained pro MAGA and loyal to POTUS? ⏎ Why are we attacked by pro MAGA? ⏎ The ‘establishmen","99","106","https://8ch.net/qresearch/res/5218502.html#5218735","","","","","","","","","UNREVIEWED"
"2746","#2746","8","p2746-s008","G_CERTIFIED_CONTEXT_NOT_PAINTED","(Late)","1","UNHIGHLIGHTED","0","0","6","6","(Late)","NO","","","context","context: ""(Late)""","NO","NO","","fragment_or_label","MEDIUM","LABEL_FRAGMENT_OR_DEVICE","short label, slogan, heading or symbolic device rather than a proposition",">>5217756 ⏎ They were removed. ⏎ When was Page removed from the investigation? ⏎ What month?  ⏎ July 2017? (Early) ⏎ When was Scaramucci hired? ⏎ July 2017?","Re: the ‘Scaramucci’ model  ⏎ 5:5? ⏎ Those who left (majority) did not have a choice. ⏎ ALL remained pro MAGA and loyal to POTUS? ⏎ Why are we attacked by pro MAGA? ⏎ The ‘establishment’ runs deep. ⏎ Logical thinking.  ⏎ Q","145","151","https://8ch.net/qresearch/res/5218502.html#5218735","","","","","","","","","UNREVIEWED"
"2746","#2746","9","p2746-s009","G_CERTIFIED_CONTEXT_NOT_PAINTED","Re: the ‘Scaramucci’ model","1","PARTIAL_ONLY","43.48","0","13","23","Re: the ‘ ⋯ ’ model","NO","namedEntity","namedEntity: ""Scaramucci"" [161-171]","context","context: ""Re: the ‘Scaramucci’ model""","NO","NO","","fragment_or_label","HIGH","LABEL_FRAGMENT_OR_DEVICE","short label, slogan, heading or symbolic device rather than a proposition",">>5217756 ⏎ They were removed. ⏎ When was Page removed from the investigation? ⏎ What month?  ⏎ July 2017? (Early) ⏎ When was Scaramucci hired? ⏎ July 2017? (Late)","5:5? ⏎ Those who left (majority) did not have a choice. ⏎ ALL remained pro MAGA and loyal to POTUS? ⏎ Why are we attacked by pro MAGA? ⏎ The ‘establishment’ runs deep. ⏎ Logical thinking.  ⏎ Q","152","178","https://8ch.net/qresearch/res/5218502.html#5218735","","","","","","","","","UNREVIEWED"
"2751","#2751","2","p2751-s002","G_CERTIFIED_CONTEXT_NOT_PAINTED","Good v Evil","3","UNHIGHLIGHTED","0","0","9","9","Good v Evil","NO","","","context","context: ""Good v Evil""","NO","NO","","fragment_or_label","HIGH","LABEL_FRAGMENT_OR_DEVICE","short label, slogan, heading or symbolic device rather than a proposition",">>5219261 ⏎ The Lord is leading us all.","Q","38","49","https://8ch.net/qresearch/res/5218502.html#5219298","","","","","","","","","UNREVIEWED"
"2754","#2754","15","p2754-s015","G_CERTIFIED_CONTEXT_NOT_PAINTED","#FactsMatter","16","UNHIGHLIGHTED","0","0","12","12","#FactsMatter","NO","","","context","context: ""#FactsMatter""","NO","NO","","fragment_or_label","HIGH","LABEL_FRAGMENT_OR_DEVICE","short label, slogan, heading or symbolic device rather than a proposition","als? ⏎ What checks are in place within each of the 'DL granted states' to prevent 2x-3x-4x-5x voting? ⏎ Compare v. 2016 Presidential election results. ⏎ What do you notice? ⏎ Do you believe in coincidences? ⏎ Memes are important.","Q","629","641","https://8ch.net/qresearch/res/5224676.html#5224931","","","","","","","","","UNREVIEWED"
"2756","#2756","2","p2756-s002","G_CERTIFIED_CONTEXT_NOT_PAINTED","Oct 31 2017","1","UNHIGHLIGHTED","0","0","9","9","Oct 31 2017","NO","","","context","context: ""Oct 31 2017""","NO","NO","","fragment_or_label","HIGH","LABEL_FRAGMENT_OR_DEVICE","short label, slogan, heading or symbolic device rather than a proposition",">>5224943 ⏎ Date posted (early)?","Prior to the black pop awakening? ⏎ Why did we emphasize as important? ⏎ When you are awake we can see clearly. ⏎ Q","31","42","https://8ch.net/qresearch/res/5224676.html#5225094","","","","","","","","","UNREVIEWED"
"2768","#2768","14","p2768-s014","G_CERTIFIED_CONTEXT_NOT_PAINTED","#WakeUpAmerica","5","UNHIGHLIGHTED","0","0","14","14","#WakeUpAmerica","NO","","","context","context: ""#WakeUpAmerica""","NO","NO","","fragment_or_label","HIGH","LABEL_FRAGMENT_OR_DEVICE","short label, slogan, heading or symbolic device rather than a proposition","ability of these [2] events occurring within this same time period?  ⏎ What is the relationship of Smollett & Booker/Harris?  ⏎ Will Rahm Emanuel get involved? ⏎ Will the Chicago PD cave under pressure? ⏎ These people are sick!","Q","899","913","https://8ch.net/qresearch/res/5228546.html#5228903","","","","","","","","","UNREVIEWED"
"2776","#2776","3","p2776-s003","G_CERTIFIED_CONTEXT_NOT_PAINTED","Mueller to Bart:","1","PARTIAL_ONLY","50","0","7","14","to Bart:","NO","namedEntity","namedEntity: ""Mueller"" [117-124] || namedEntity: ""Mueller"" [117-124] || namedEntity: ""Mueller"" [117-124] || namedEntity: ""Mueller"" [117-124] || namedEntity: ""Mueller"" [117-124] || namedEntity: ""Mueller"" [117-124] || namedEntity: ""Mueller"" [117-124] || namedEntity: ""Mueller"" [117-124] || namedEntity: ""Mueller"" [117-124]","context","context: ""Mueller to Bart:""","NO","NO","","colon_or_semicolon_block","HIGH","CLAIM_CANDIDATE","declarative prose — decide Q-authored claim vs quoted claim vs aphorism","Barr to Mueller: ⏎ “Bob, show me the evidence and reasoning for why this investigation was started and still ongoing.”","“With regards to the President we have found no links or ties to any foreign entity etc” ⏎ Barr to Mueller: ⏎ “Mandate was clear - verify and investigate reports of possible foreign collusion between President & Russia.” “W","117","133","https://8ch.net/qresearch/res/5233850.html#5234560","","","","","","","","","UNREVIEWED"
"2776","#2776","20","p2776-s020","G_CERTIFIED_CONTEXT_NOT_PAINTED","Barr to RR:","1","PARTIAL_ONLY","66.67","0","3","9","to ⋯ :","NO","namedEntity","namedEntity: ""Barr"" [1627-1631] || namedEntity: ""Barr"" [1627-1631] || namedEntity: ""Barr"" [1627-1631] || namedEntity: ""Barr"" [1627-1631] || namedEntity: ""Barr"" [1627-1631] || namedEntity: ""Barr"" [1627-1631] || namedEntity: ""Barr"" [1627-1631] || namedEntity: ""Barr"" [1627-1631] || namedEntity: ""Barr"" [1627-1631] || namedEntity: ""RR"" [1635-1637]","context","context: ""Barr to RR:""","NO","NO","","colon_or_semicolon_block","HIGH","CLAIM_CANDIDATE","declarative prose — decide Q-authored claim vs quoted claim vs aphorism","President if no factual foundation existed?”  ⏎ “All charges thus far are unrelated to the original mandate - why are you still active and pursuing a crime if no verifiable evidence or evidence through discovery exists?”","“What justification did you have to effectively expand the mandate, not report that expansion to Congress, in order to seek a crime outside of R collusion?” “What specific reasoning and/or facts existed to justify the a","1627","1638","https://8ch.net/qresearch/res/5233850.html#5234560","","","","","","","","","UNREVIEWED"
"2776","#2776","22","p2776-s022","G_CERTIFIED_CONTEXT_NOT_PAINTED","CLAS 1-99","10","UNHIGHLIGHTED","0","0","8","8","CLAS 1-99","NO","","","context","context: ""CLAS 1-99""","NO","NO","","fragment_or_label","HIGH","LABEL_FRAGMENT_OR_DEVICE","short label, slogan, heading or symbolic device rather than a proposition","nd regular updates provided to Congress upon request?” “Why is everything kept confidential and under inappropriate classification?” “Was the purpose of investigating to find a crime vs investigate evidence of a crime?”","Q","2218","2227","https://8ch.net/qresearch/res/5233850.html#5234560","","","","","","","","","UNREVIEWED"
"2779","#2779","4","p2779-s004","G_CERTIFIED_CONTEXT_NOT_PAINTED","(17th)","1","UNHIGHLIGHTED","0","0","6","6","(17th)","NO","","","context","context: ""(17th)""","NO","NO","","fragment_or_label","HIGH","LABEL_FRAGMENT_OR_DEVICE","short label, slogan, heading or symbolic device rather than a proposition","https://twitter.com/iHeartPOTUS/status/1097372254441226240 ⏎ Excellent graphic - seconds matter! ⏎ Mathematically impossible.","Q","122","128","https://8ch.net/qresearch/res/5236958.html#5237585","","","","","","","","","UNREVIEWED"
"2782","#2782","4","p2782-s004","G_CERTIFIED_CONTEXT_NOT_PAINTED","Wealth-Power-Influence","1","UNHIGHLIGHTED","0","0","22","22","Wealth-Power-Influence","NO","","","context","context: ""Wealth-Power-Influence""","NO","NO","","fragment_or_label","HIGH","LABEL_FRAGMENT_OR_DEVICE","short label, slogan, heading or symbolic device rather than a proposition","[Example CA] ⏎ https://calmatters.org/articles/commentary/gavin-newsoms-keeping-it-all-in-the-family/amp/? ⏎ What ‘family’ runs CA? ⏎ They are all connected.","[RIGGED] ⏎ The More You Know…. ⏎ Q","152","174","https://8ch.net/qresearch/res/5239270.html#5239609","","","","","","","","","UNREVIEWED"
"2785","#2785","5","p2785-s005","G_CERTIFIED_CONTEXT_NOT_PAINTED","#WakeUp","1","UNHIGHLIGHTED","0","0","7","7","#WakeUp","NO","","","context","context: ""#WakeUp""","NO","NO","","fragment_or_label","HIGH","LABEL_FRAGMENT_OR_DEVICE","short label, slogan, heading or symbolic device rather than a proposition",">>5242466 ⏎ Read between the lines re: MSM ‘LEFT’…. ⏎ Research for yourself. ⏎ Trust yourself.  ⏎ No one ‘news’ location will provide unbiased content.","#FactsMatter ⏎ You are the news now. ⏎ Q","145","152","https://8ch.net/qresearch/res/5242385.html#5242534","","","","","","","","","UNREVIEWED"
"2785","#2785","6","p2785-s006","G_CERTIFIED_CONTEXT_NOT_PAINTED","#FactsMatter","16","UNHIGHLIGHTED","0","0","12","12","#FactsMatter","NO","","","context","context: ""#FactsMatter""","NO","NO","","fragment_or_label","HIGH","LABEL_FRAGMENT_OR_DEVICE","short label, slogan, heading or symbolic device rather than a proposition",">>5242466 ⏎ Read between the lines re: MSM ‘LEFT’…. ⏎ Research for yourself. ⏎ Trust yourself.  ⏎ No one ‘news’ location will provide unbiased content.  ⏎ #WakeUp","You are the news now. ⏎ Q","153","165","https://8ch.net/qresearch/res/5242385.html#5242534","","","","","","","","","UNREVIEWED"
"2789","#2789","1","p2789-s001","G_CERTIFIED_CONTEXT_NOT_PAINTED","Fellow Patriots:","3","PARTIAL_ONLY","53.33","0","7","15","Fellow ⋯ :","NO","namedEntity","namedEntity: ""Patriots"" [7-15]","context","context: ""Fellow Patriots:""","NO","NO","","colon_or_semicolon_block","HIGH","CLAIM_CANDIDATE","declarative prose — decide Q-authored claim vs quoted claim vs aphorism","","What you are about to learn (learning) should not only scare you, but intensify your resolve to take back control [Freedom]. The information that will become public will further demonstrate the criminal & corrupt [pure","0","16","https://8ch.net/qresearch/res/5244668.html#5245457","","","","","","","","","UNREVIEWED"
"2807","#2807","2","p2807-s002","G_CERTIFIED_CONTEXT_NOT_PAINTED","INSIDER vs OUTSIDER","1","UNHIGHLIGHTED","0","0","17","17","INSIDER vs OUTSIDER","NO","","","context","context: ""INSIDER vs OUTSIDER""","NO","NO","","fragment_or_label","HIGH","LABEL_FRAGMENT_OR_DEVICE","short label, slogan, heading or symbolic device rather than a proposition","[TOPIC: TAXPAYER THEFT]","RETAIN CONTROL vs. LOSE CONTROL ⏎ Kennedy was an outsider [assassinated] ⏎ Reagan was an outsider [assassination attempt] ⏎ POTUS is an outsider [CLAS HIGH] ⏎ How much money (CASH) was sent by the FED to Iraq (Iraq War)?  ⏎ https","25","44","https://8ch.net/qresearch/res/5263100.html#5263795","","","","","","","","","UNREVIEWED"
"2809","#2809","3","p2809-s003","G_CERTIFIED_CONTEXT_NOT_PAINTED","#WakeUpAmerica","5","UNHIGHLIGHTED","0","0","14","14","#WakeUpAmerica","NO","","","context","context: ""#WakeUpAmerica""","NO","NO","","fragment_or_label","HIGH","LABEL_FRAGMENT_OR_DEVICE","short label, slogan, heading or symbolic device rather than a proposition","https://mobile.twitter.com/NBCNews/status/1097905513394774016 ⏎ But, FAKE NEWS pushes the ‘narrative’ that POTUS is ……","Q","117","131","https://8ch.net/qresearch/res/5264778.html#5265567","","","","","","","","","UNREVIEWED"
"2816","#2816","13","p2816-s013","G_CERTIFIED_CONTEXT_NOT_PAINTED","Conspiracy to commit…","1","UNHIGHLIGHTED","0","0","19","19","Conspiracy to commit…","NO","","","context","context: ""Conspiracy to commit…""","NO","NO","","fragment_or_label","HIGH","LABEL_FRAGMENT_OR_DEVICE","short label, slogan, heading or symbolic device rather than a proposition","LAW. ⏎ NEW THREATS (investigations by [SDNY], [AS], [MW] in an effort to delay/prevent release ('insurance extension') WILL FAIL. ⏎ TRANSPARENCY is the only way forward. ⏎ Define the following: ⏎ Treason. ⏎ Sedition. ⏎ Subversion.","Do you understand and fully appreciate the GRAVITY of the situation? ⏎ Do you understand and fully appreciate what POTUS endures each and every singly day? ⏎ He loves this County. ⏎ He loves you. ⏎ WE MUST STAND TOGETHER IN THI","523","544","https://8ch.net/qresearch/res/5271699.html#5271872","","","","","","","","","UNREVIEWED"
"2816","#2816","27","p2816-s027","G_CERTIFIED_CONTEXT_NOT_PAINTED","(Transparency and Prosecution)","1","UNHIGHLIGHTED","0","0","28","28","(Transparency and Prosecution)","NO","","","context","context: ""(Transparency and Prosecution)""","NO","NO","","fragment_or_label","HIGH","LABEL_FRAGMENT_OR_DEVICE","short label, slogan, heading or symbolic device rather than a proposition","rld.  ⏎ There is DARKNESS in this world.  ⏎ There are those in POWER who wish to CONTROL (enslave) you. ⏎ To keep you sedated.  ⏎ To keep you unaware. ⏎ To keep you blind.  ⏎ This will be on our timetable.  ⏎ (….AND WE WILL DELIVER).","There is simply no other way. ⏎ [Except 1] ⏎ Q","1017","1047","https://8ch.net/qresearch/res/5271699.html#5271872","","","","","","","","","UNREVIEWED"
"2828","#2828","3","p2828-s003","G_CERTIFIED_CONTEXT_NOT_PAINTED","#FactsMatter","16","UNHIGHLIGHTED","0","0","12","12","#FactsMatter","NO","","","context","context: ""#FactsMatter""","NO","NO","","fragment_or_label","HIGH","LABEL_FRAGMENT_OR_DEVICE","short label, slogan, heading or symbolic device rather than a proposition","https://twitter.com/realDonaldTrump/status/1098195686540169223 ⏎ ""Stories are written that have absolutely no basis in fact.""","Q","124","136","https://8ch.net/qresearch/res/5282441.html#5283155","","","","","","","","","UNREVIEWED"
"2837","#2837","4","p2837-s004","G_CERTIFIED_CONTEXT_NOT_PAINTED","#FlyCoatsFly#","1","UNHIGHLIGHTED","0","0","13","13","#FlyCoatsFly#","NO","","","context","context: ""#FlyCoatsFly#""","NO","NO","","fragment_or_label","HIGH","LABEL_FRAGMENT_OR_DEVICE","short label, slogan, heading or symbolic device rather than a proposition","https://mobile.twitter.com/RepAdamSchiff/status/1098261545551884290 ⏎ We really started something, didn’t we?  ⏎ Well, now we know he’s a bad apple.","Q","146","159","https://8ch.net/qresearch/res/5286302.html#5286932","","","","","","","","","UNREVIEWED"
"2844","#2844","11","p2844-s011","G_CERTIFIED_CONTEXT_NOT_PAINTED","HUSSEIN's USSS codename: RENEGADE","1","PARTIAL_ONLY","63.33","0","11","30","'s ⋯ codename:","NO","namedEntity","namedEntity: ""RENEGADE"" [494-502] || namedEntity: ""HUSSEIN"" [469-476] || namedEntity: ""USSS"" [479-483]","context","context: ""HUSSEIN's USSS codename: RENEGADE""","NO","NO","","fragment_or_label","HIGH","LABEL_FRAGMENT_OR_DEVICE","short label, slogan, heading or symbolic device rather than a proposition","ing?  ⏎ Do logs record time in/time out/who in/who out? ⏎ Ability to enter (arrange) w/o paper trail? ⏎ :RT Jan 29 2018 - IDEN [not for anons] ⏎ IDEN Jan 29 2018 & run back 1-2 [not for anons] ⏎ SCIF logs can be 'very' revealing.","Define 'Renegade'. ⏎ noun ⏎ 1. a person who deserts and betrays an organization, country, or set of principles. ⏎ synonyms:	traitor, defector, deserter, turncoat, betrayer ⏎ Q","469","502","https://8ch.net/qresearch/res/5303505.html#5303685","","","","","","","","","UNREVIEWED"
"2850","#2850","7","p2850-s007","G_CERTIFIED_CONTEXT_NOT_PAINTED","#WakeUpAmerica","5","UNHIGHLIGHTED","0","0","14","14","#WakeUpAmerica","NO","","","context","context: ""#WakeUpAmerica""","NO","NO","","fragment_or_label","HIGH","LABEL_FRAGMENT_OR_DEVICE","short label, slogan, heading or symbolic device rather than a proposition",">>5308748 ⏎ https://www.foxnews.com/us/jussie-smolletts-alleged-hate-crime-hoax-sheds-light-on-similar-phony-accusations ⏎ Notice a TREND by LIBERALS + D's?  ⏎ FAKE! FAKE! FAKE! ⏎ THEY WILL STOP AT NOTHING TO REGAIN POWER.","Q","215","229","https://8ch.net/qresearch/res/5308098.html#5308930","","","","","","","","","UNREVIEWED"
"2852","#2852","2","p2852-s002","G_CERTIFIED_CONTEXT_NOT_PAINTED","#Truth","1","UNHIGHLIGHTED","0","0","6","6","#Truth","NO","","","context","context: ""#Truth""","NO","NO","","fragment_or_label","HIGH","LABEL_FRAGMENT_OR_DEVICE","short label, slogan, heading or symbolic device rather than a proposition","https://twitter.com/cleveburgher8/status/1098694995886911490","#FactsMatter ⏎ Q","61","67","https://8ch.net/qresearch/res/5309644.html#5309759","","","","","","","","","UNREVIEWED"
"2852","#2852","3","p2852-s003","G_CERTIFIED_CONTEXT_NOT_PAINTED","#FactsMatter","16","UNHIGHLIGHTED","0","0","12","12","#FactsMatter","NO","","","context","context: ""#FactsMatter""","NO","NO","","fragment_or_label","HIGH","LABEL_FRAGMENT_OR_DEVICE","short label, slogan, heading or symbolic device rather than a proposition","https://twitter.com/cleveburgher8/status/1098694995886911490 ⏎ #Truth","Q","68","80","https://8ch.net/qresearch/res/5309644.html#5309759","","","","","","","","","UNREVIEWED"
"2853","#2853","2","p2853-s002","G_CERTIFIED_CONTEXT_NOT_PAINTED","#WeStandTogether","1","UNHIGHLIGHTED","0","0","16","16","#WeStandTogether","NO","","","context","context: ""#WeStandTogether""","NO","NO","","fragment_or_label","HIGH","LABEL_FRAGMENT_OR_DEVICE","short label, slogan, heading or symbolic device rather than a proposition","https://twitter.com/NeverGiveUpWall/status/1098700042565812224","#UnitedNotDivided ⏎ #WWG1WGA ⏎ Q","63","79","https://8ch.net/qresearch/res/5309644.html#5310417","","","","","","","","","UNREVIEWED"
"2853","#2853","3","p2853-s003","G_CERTIFIED_CONTEXT_NOT_PAINTED","#UnitedNotDivided","3","UNHIGHLIGHTED","0","0","17","17","#UnitedNotDivided","NO","","","context","context: ""#UnitedNotDivided""","NO","NO","","fragment_or_label","HIGH","LABEL_FRAGMENT_OR_DEVICE","short label, slogan, heading or symbolic device rather than a proposition","https://twitter.com/NeverGiveUpWall/status/1098700042565812224 ⏎ #WeStandTogether","#WWG1WGA ⏎ Q","80","97","https://8ch.net/qresearch/res/5309644.html#5310417","","","","","","","","","UNREVIEWED"
"2854","#2854","3","p2854-s003","G_CERTIFIED_CONTEXT_NOT_PAINTED","Pelosi > CA rep since 1987","1","PARTIAL_ONLY","38.1","0","13","21","> ⋯ rep since 1987","NO","namedEntity","namedEntity: ""CA"" [168-170] || namedEntity: ""CA"" [168-170] || namedEntity: ""CA"" [168-170] || namedEntity: ""CA"" [168-170] || namedEntity: ""Pelosi"" [159-165] || namedEntity: ""CA"" [168-170] || namedEntity: ""CA"" [168-170]","context","context: ""Pelosi > CA rep since 1987""","NO","NO","","fragment_or_label","HIGH","LABEL_FRAGMENT_OR_DEVICE","short label, slogan, heading or symbolic device rather than a proposition","https://www.forbes.com/sites/thomasdelbeccaro/2018/04/19/the-top-four-reasons-california-is-unsustainable/#6570827b3a23 ⏎ They know what's best for our Country?","Waters > CA rep since 1991 ⏎ Schiff > CA rep since 2001 ⏎ Feinstein > CA rep since 1992 ⏎ Harris? ⏎ Lieu? ⏎ ……………… ⏎ Lead by example? ⏎ CA estimated $2T in debt? ⏎ Homelessness population on the rise? ⏎ Highest tax rates in the Country?","159","185","https://8ch.net/qresearch/res/5310410.html#5311089","","","","","","","","","UNREVIEWED"
"2854","#2854","4","p2854-s004","G_CERTIFIED_CONTEXT_NOT_PAINTED","Waters > CA rep since 1991","1","PARTIAL_ONLY","38.1","0","13","21","> ⋯ rep since 1991","NO","namedEntity","namedEntity: ""CA"" [195-197] || namedEntity: ""CA"" [195-197] || namedEntity: ""CA"" [195-197] || namedEntity: ""CA"" [195-197] || namedEntity: ""Waters"" [186-192] || namedEntity: ""CA"" [195-197] || namedEntity: ""CA"" [195-197]","context","context: ""Waters > CA rep since 1991""","NO","NO","","fragment_or_label","HIGH","LABEL_FRAGMENT_OR_DEVICE","short label, slogan, heading or symbolic device rather than a proposition","https://www.forbes.com/sites/thomasdelbeccaro/2018/04/19/the-top-four-reasons-california-is-unsustainable/#6570827b3a23 ⏎ They know what's best for our Country? ⏎ Pelosi > CA rep since 1987","Schiff > CA rep since 2001 ⏎ Feinstein > CA rep since 1992 ⏎ Harris? ⏎ Lieu? ⏎ ……………… ⏎ Lead by example? ⏎ CA estimated $2T in debt? ⏎ Homelessness population on the rise? ⏎ Highest tax rates in the Country? ⏎ Undocumented Immigrants in","186","212","https://8ch.net/qresearch/res/5310410.html#5311089","","","","","","","","","UNREVIEWED"
"2854","#2854","21","p2854-s021","G_CERTIFIED_CONTEXT_NOT_PAINTED","#FactsMatter","16","UNHIGHLIGHTED","0","0","12","12","#FactsMatter","NO","","","context","context: ""#FactsMatter""","NO","NO","","fragment_or_label","HIGH","LABEL_FRAGMENT_OR_DEVICE","short label, slogan, heading or symbolic device rather than a proposition","re centrist government.  Of course, that came after the failure of the prior government. For now, however, for all its concern for sustainable foods and products, California is on a high-speed rail to unsustainability.""","Q","1000","1012","https://8ch.net/qresearch/res/5310410.html#5311089","","","","","","","","","UNREVIEWED"
"2856","#2856","39","p2856-s039","G_CERTIFIED_CONTEXT_NOT_PAINTED","MUELLER > DECLAS > OIG > TRUTH > JUSTICE","1","PARTIAL_ONLY","50","0","16","32","> ⋯ > ⋯ > TRUTH > JUSTICE","NO","namedEntity | theme","namedEntity: ""MUELLER"" [2587-2594] || namedEntity: ""MUELLER"" [2587-2594] || namedEntity: ""MUELLER"" [2587-2594] || namedEntity: ""MUELLER"" [2587-2594] || namedEntity: ""MUELLER"" [2587-2594] || namedEntity: ""OIG"" [2606-2609] || theme: ""DECLAS"" [2597-2603]","context","context: ""MUELLER > DECLAS > OIG > TRUTH > JUSTICE""","NO","NO","","fragment_or_label","HIGH","LABEL_FRAGMENT_OR_DEVICE","short label, slogan, heading or symbolic device rather than a proposition","you have complete AUTH TO DECLAS, what advantages does that present? ⏎ If you have the SUPPORT OF THE AMERICAN PEOPLE (PATRIOTS), what advantages does that present?  ⏎ DO NOT TRUST THE FAKE NEWS MEDIA. ⏎ YOU ARE THE MAJORITY.","THE GREAT AWAKENING. ⏎ YOU ARE THE NEWS NOW. ⏎ Q","2587","2627","https://8ch.net/qresearch/res/5318258.html#5318964","","","","","","","","","UNREVIEWED"
"2873","#2873","5","p2873-s005","G_CERTIFIED_CONTEXT_NOT_PAINTED","#UnitedNotDivided","3","UNHIGHLIGHTED","0","0","17","17","#UnitedNotDivided","NO","","","context","context: ""#UnitedNotDivided""","NO","NO","","fragment_or_label","HIGH","LABEL_FRAGMENT_OR_DEVICE","short label, slogan, heading or symbolic device rather than a proposition","https://twitter.com/purplesealion/status/1099014180953305089 ⏎ FAKE NEWS ONLY DIVIDES. ⏎ DIVIDED YOU ARE WEAK. ⏎ TOGETHER YOU ARE STRONG.","WWG1WGA!!! ⏎ Q","132","149","https://8ch.net/qresearch/res/5328317.html#5328390","","","","","","","","","UNREVIEWED"
"2880","#2880","47","p2880-s047","G_CERTIFIED_CONTEXT_NOT_PAINTED","End 1","1","UNHIGHLIGHTED","0","0","4","4","End 1","NO","","","context","context: ""End 1""","NO","NO","","fragment_or_label","HIGH","LABEL_FRAGMENT_OR_DEVICE","short label, slogan, heading or symbolic device rather than a proposition","//twitter.com/rnrflorida ⏎ https://twitter.com/richgas8 ⏎ https://twitter.com/robby12692 ⏎ https://twitter.com/roberth35632482 ⏎ https://twitter.com/robin_ked ⏎ https://twitter.com/rsultzba ⏎ https://twitter.com/samarasusan14 ⏎ —————","Q","4241","4246","https://8ch.net/qresearch/res/5335999.html#5336136","","","","","","","","","UNREVIEWED"
"2898","#2898","1","p2898-s001","G_CERTIFIED_CONTEXT_NOT_PAINTED","Test 3","1","UNHIGHLIGHTED","0","0","5","5","Test 3","NO","","","context","context: ""Test 3""","NO","NO","","fragment_or_label","HIGH","LABEL_FRAGMENT_OR_DEVICE","short label, slogan, heading or symbolic device rather than a proposition","","Q","0","6","https://8ch.net/qresearch/res/5386328.html#5387042","","","","","","","","","UNREVIEWED"
"2904","#2904","1","p2904-s001","G_CERTIFIED_CONTEXT_NOT_PAINTED","The Armor of God","3","PARTIAL_ONLY","76.92","0","3","13","The","NO","namedEntity | theme","namedEntity: ""God"" [13-16] || namedEntity: ""God"" [13-16] || theme: ""Armor of God"" [4-16]","context","context: ""The Armor of God""","NO","NO","","fragment_or_label","HIGH","RELIGIOUS_THEME_CANDIDATE","religious or scriptural vocabulary — check quoted-source boundaries","","Finally, be strong in the Lord and in his mighty power. Put on the full armor of God, so that you can take your stand against the devil’s schemes. For our struggle is not against flesh and blood, but against the rulers,","0","16","https://8ch.net/qresearch/res/5401736.html#5402283","","","","","","","","","UNREVIEWED"
"2905","#2905","1","p2905-s001","G_CERTIFIED_CONTEXT_NOT_PAINTED","Test 5","1","UNHIGHLIGHTED","0","0","5","5","Test 5","NO","","","context","context: ""Test 5""","NO","NO","","fragment_or_label","HIGH","LABEL_FRAGMENT_OR_DEVICE","short label, slogan, heading or symbolic device rather than a proposition",">>5406506","Q","10","16","https://8ch.net/qresearch/res/5407124.html#5407223","","","","","","","","","UNREVIEWED"
"2906","#2906","3","p2906-s003","G_CERTIFIED_CONTEXT_NOT_PAINTED","Test 6","1","UNHIGHLIGHTED","0","0","5","5","Test 6","NO","","","context","context: ""Test 6""","NO","NO","","fragment_or_label","HIGH","LABEL_FRAGMENT_OR_DEVICE","short label, slogan, heading or symbolic device rather than a proposition",">>5407826 ⏎ Anons have the originals? ⏎ How is that possible?","Q","58","64","https://8ch.net/qresearch/res/5407906.html#5408097","","","","","","","","","UNREVIEWED"
"2907","#2907","1","p2907-s001","G_CERTIFIED_CONTEXT_NOT_PAINTED","Test 7","1","UNHIGHLIGHTED","0","0","5","5","Test 7","NO","","","context","context: ""Test 7""","NO","NO","","fragment_or_label","HIGH","LABEL_FRAGMENT_OR_DEVICE","short label, slogan, heading or symbolic device rather than a proposition","","Q","0","6","https://8ch.net/qresearch/res/5407906.html#5408690","","","","","","","","","UNREVIEWED"
"2908","#2908","1","p2908-s001","G_CERTIFIED_CONTEXT_NOT_PAINTED","Test 8","1","UNHIGHLIGHTED","0","0","5","5","Test 8","NO","","","context","context: ""Test 8""","NO","NO","","fragment_or_label","HIGH","LABEL_FRAGMENT_OR_DEVICE","short label, slogan, heading or symbolic device rather than a proposition","","Q","0","6","https://8ch.net/qresearch/res/5407906.html#5408700","","","","","","","","","UNREVIEWED"
"2909","#2909","1","p2909-s001","G_CERTIFIED_CONTEXT_NOT_PAINTED","Test 11","1","UNHIGHLIGHTED","0","0","6","6","Test 11","NO","","","context","context: ""Test 11""","NO","NO","","fragment_or_label","HIGH","LABEL_FRAGMENT_OR_DEVICE","short label, slogan, heading or symbolic device rather than a proposition","","Q","0","7","https://8ch.net/qresearch/res/5408639.html#5408812","","","","","","","","","UNREVIEWED"
"2910","#2910","1","p2910-s001","G_CERTIFIED_CONTEXT_NOT_PAINTED","Test 12","1","UNHIGHLIGHTED","0","0","6","6","Test 12","NO","","","context","context: ""Test 12""","NO","NO","","fragment_or_label","HIGH","LABEL_FRAGMENT_OR_DEVICE","short label, slogan, heading or symbolic device rather than a proposition","","Q","0","7","https://8ch.net/qresearch/res/5408639.html#5408814","","","","","","","","","UNREVIEWED"
"2911","#2911","1","p2911-s001","G_CERTIFIED_CONTEXT_NOT_PAINTED","Test 10","1","UNHIGHLIGHTED","0","0","6","6","Test 10","NO","","","context","context: ""Test 10""","NO","NO","","fragment_or_label","HIGH","LABEL_FRAGMENT_OR_DEVICE","short label, slogan, heading or symbolic device rather than a proposition","","Q","0","7","https://8ch.net/qresearch/res/5408639.html#5408817","","","","","","","","","UNREVIEWED"
"2917","#2917","5","p2917-s005","G_CERTIFIED_CONTEXT_NOT_PAINTED","#WakeUpAmerica","5","UNHIGHLIGHTED","0","0","14","14","#WakeUpAmerica","NO","","","context","context: ""#WakeUpAmerica""","NO","NO","","fragment_or_label","HIGH","LABEL_FRAGMENT_OR_DEVICE","short label, slogan, heading or symbolic device rather than a proposition",">>5471677 ⏎ The 'real' racist. ⏎ https://www.youtube.com/watch?v=UsESl9kJ2OE ⏎ https://www.youtube.com/watch?v=FjuNTBuE9qE ⏎ FAKE NEWS coverage? ⏎ Pure evil.","Q","148","162","https://8ch.net/qresearch/res/5471243.html#5471827","","","","","","","","","UNREVIEWED"
"2929","#2929","1","p2929-s001","G_CERTIFIED_CONTEXT_NOT_PAINTED","Correction:","2","UNHIGHLIGHTED","0","0","11","11","Correction:","NO","","","context","context: ""Correction:""","NO","NO","","colon_or_semicolon_block","HIGH","CLAIM_CANDIDATE","declarative prose — decide Q-authored claim vs quoted claim vs aphorism",">>5476642","Could not have been taken post_2016. ⏎ Think 2015. ⏎ Long day. ⏎ Q","10","21","https://8ch.net/qresearch/res/5476577.html#5476910","","","","","","","","","UNREVIEWED"
"2930","#2930","1","p2930-s001","G_CERTIFIED_CONTEXT_NOT_PAINTED","Important to Remember:","2","UNHIGHLIGHTED","0","0","20","20","Important to Remember:","NO","","","context","context: ""Important to Remember:""","NO","NO","","colon_or_semicolon_block","HIGH","CLAIM_CANDIDATE","declarative prose — decide Q-authored claim vs quoted claim vs aphorism","","POTUS already ordered the DECLAS (per Q-proof Sep 17). ⏎ He's awaiting the DOJ IG (now Barr + OIG) to proceed w/ the order.  ⏎ Optics are important. ⏎ Delay by design post order to DECLAS? ⏎ Tactics? ⏎ Benefits? ⏎ [RR] ⏎ [Ohr] ⏎ Q","0","22","https://8ch.net/qresearch/res/5476577.html#5477046","","","","","","","","","UNREVIEWED"
"2939","#2939","2","p2939-s002","G_CERTIFIED_CONTEXT_NOT_PAINTED","Sometimes reading between the lines provides…","2","UNHIGHLIGHTED","0","0","40","40","Sometimes reading between the lines provides…","NO","","","context","context: ""Sometimes reading between the lines provides…""","NO","NO","","sentence_like_no_terminal","HIGH","CLAIM_CANDIDATE","declarative prose — decide Q-authored claim vs quoted claim vs aphorism","https://www.abc4.com/news/local-news/prosecuting-major-criminals-behind-the-badge-with-utah-s-us-attorneys/1813060694","""Huber says every one of the prosecutors is already handling about twenty cases."" ⏎ ""They range from domestic terrorism to court-authorized wiretaps of criminal organizations to child pedophiles and those who would explo","118","163","https://8ch.net/qresearch/res/5485035.html#5485705","","","","","","","","","UNREVIEWED"
"2941","#2941","5","p2941-s005","G_CERTIFIED_CONTEXT_NOT_PAINTED","#FactsMatter","16","UNHIGHLIGHTED","0","0","12","12","#FactsMatter","NO","","","context","context: ""#FactsMatter""","NO","NO","","fragment_or_label","HIGH","LABEL_FRAGMENT_OR_DEVICE","short label, slogan, heading or symbolic device rather than a proposition","tps://twitter.com/tedlieu/status/1102227809341181953 ⏎ Read the comments.  ⏎ Those still asleep buying the 'narrow' scope 'new narrative' shift. ⏎ If the scope memo was never unclassified (v2) how do D's make this statement?","Q","222","234","https://8ch.net/qresearch/res/5485806.html#5486620","","","","","","","","","UNREVIEWED"
"2945","#2945","5","p2945-s005","G_CERTIFIED_CONTEXT_NOT_PAINTED","P-A-N-I-C","1","UNHIGHLIGHTED","0","0","9","9","P-A-N-I-C","NO","","","context","context: ""P-A-N-I-C""","NO","NO","","fragment_or_label","HIGH","LABEL_FRAGMENT_OR_DEVICE","short label, slogan, heading or symbolic device rather than a proposition","hen the event actually started. ⏎ Have you ever witnessed a public all-out attack by the opposition party against the President of the United States? ⏎ Those who would normally hide in the shadows are forced into the LIGHT.","Patriots in Control. ⏎ Q","320","329","https://8ch.net/qresearch/res/5488812.html#5489069","","","","","","","","","UNREVIEWED"
"2962","#2962","1","p2962-s001","G_CERTIFIED_CONTEXT_NOT_PAINTED","Protect_MGL","1","UNHIGHLIGHTED","0","0","11","11","Protect_MGL","NO","","","context","context: ""Protect_MGL""","NO","NO","","fragment_or_label","HIGH","LABEL_FRAGMENT_OR_DEVICE","short label, slogan, heading or symbolic device rather than a proposition","","SJAH_X-830198374 [-48] ⏎ D Fire_Good ⏎ Location assist_Good ⏎ Q","0","11","https://8ch.net/qresearch/res/5508106.html#5508181","","","","","","","","","UNREVIEWED"
"2962","#2962","3","p2962-s003","G_CERTIFIED_CONTEXT_NOT_PAINTED","D Fire_Good","1","UNHIGHLIGHTED","0","0","10","10","D Fire_Good","NO","","","context","context: ""D Fire_Good""","NO","NO","","fragment_or_label","HIGH","LABEL_FRAGMENT_OR_DEVICE","short label, slogan, heading or symbolic device rather than a proposition","Protect_MGL ⏎ SJAH_X-830198374 [-48]","Location assist_Good ⏎ Q","35","46","https://8ch.net/qresearch/res/5508106.html#5508181","","","","","","","","","UNREVIEWED"
"2962","#2962","4","p2962-s004","G_CERTIFIED_CONTEXT_NOT_PAINTED","Location assist_Good","1","UNHIGHLIGHTED","0","0","19","19","Location assist_Good","NO","","","context","context: ""Location assist_Good""","NO","NO","","fragment_or_label","HIGH","LABEL_FRAGMENT_OR_DEVICE","short label, slogan, heading or symbolic device rather than a proposition","Protect_MGL ⏎ SJAH_X-830198374 [-48] ⏎ D Fire_Good","Q","47","67","https://8ch.net/qresearch/res/5508106.html#5508181","","","","","","","","","UNREVIEWED"
"2963","#2963","1","p2963-s001","G_CERTIFIED_CONTEXT_NOT_PAINTED","MGL_change_route_under","1","UNHIGHLIGHTED","0","0","22","22","MGL_change_route_under","NO","","","context","context: ""MGL_change_route_under""","NO","NO","","fragment_or_label","HIGH","LABEL_FRAGMENT_OR_DEVICE","short label, slogan, heading or symbolic device rather than a proposition",">>5508181","Assist P_193 ⏎ Q","10","32","https://8ch.net/qresearch/res/5508106.html#5508196","","","","","","","","","UNREVIEWED"
"2966","#2966","3","p2966-s003","G_CERTIFIED_CONTEXT_NOT_PAINTED","Active_commence","1","UNHIGHLIGHTED","0","0","15","15","Active_commence","NO","","","context","context: ""Active_commence""","NO","NO","","fragment_or_label","HIGH","LABEL_FRAGMENT_OR_DEVICE","short label, slogan, heading or symbolic device rather than a proposition","Battery A_roof 1A. ⏎ Battery F_ground 9G.","Track report (2) ⏎ Track confirm (2) ⏎ [-48] Dark. ⏎ Q","40","55","https://8ch.net/qresearch/res/5508106.html#5508361","","","","","","","","","UNREVIEWED"
"2970","#2970","2","p2970-s002","G_CERTIFIED_CONTEXT_NOT_PAINTED","Sometimes reading between the lines provides……","2","UNHIGHLIGHTED","0","0","41","41","Sometimes reading between the lines provides……","NO","","","context","context: ""Sometimes reading between the lines provides……""","NO","NO","","sentence_like_no_terminal","HIGH","CLAIM_CANDIDATE","declarative prose — decide Q-authored claim vs quoted claim vs aphorism","https://twitter.com/toddpenley/status/1103035619863719936","""Meet IG"" ⏎ Q","58","104","https://8ch.net/qresearch/res/5522773.html#5523185","","","","","","","","","UNREVIEWED"
"2970","#2970","3","p2970-s003","G_CERTIFIED_CONTEXT_NOT_PAINTED","""Meet IG""","2","PARTIAL_ONLY","25","0","6","8","""Meet ⋯ ""","NO","namedEntity","namedEntity: ""IG"" [111-113]","context","context: """"Meet IG""""","NO","NO","","fragment_or_label","HIGH","LABEL_FRAGMENT_OR_DEVICE","short label, slogan, heading or symbolic device rather than a proposition","https://twitter.com/toddpenley/status/1103035619863719936 ⏎ Sometimes reading between the lines provides……","Q","105","114","https://8ch.net/qresearch/res/5522773.html#5523185","","","","","","","","","UNREVIEWED"
"2973","#2973","1","p2973-s001","G_CERTIFIED_CONTEXT_NOT_PAINTED","""Meet IG""","2","PARTIAL_ONLY","25","0","6","8","""Meet ⋯ ""","NO","namedEntity","namedEntity: ""IG"" [6-8]","context","context: """"Meet IG""""","NO","NO","","fragment_or_label","HIGH","LABEL_FRAGMENT_OR_DEVICE","short label, slogan, heading or symbolic device rather than a proposition","","Huber interview re:  ⏎ ""They range from domestic terrorism to court-authorized wiretaps of criminal organizations to child pedophiles and those who would exploit our children. Criminal aliens. Big fraud schemes.""   ⏎ Do you","0","9","https://8ch.net/qresearch/res/5523559.html#5523815","","","","","","","","","UNREVIEWED"
"2973","#2973","2","p2973-s002","G_CERTIFIED_CONTEXT_NOT_PAINTED","Huber interview re:","1","PARTIAL_ONLY","29.41","0","12","17","interview re:","NO","namedEntity","namedEntity: ""Huber"" [10-15]","context","context: ""Huber interview re:""","NO","NO","","colon_or_semicolon_block","HIGH","CLAIM_CANDIDATE","declarative prose — decide Q-authored claim vs quoted claim vs aphorism","""Meet IG""","""They range from domestic terrorism to court-authorized wiretaps of criminal organizations to child pedophiles and those who would exploit our children. Criminal aliens. Big fraud schemes.""   ⏎ Do you think the above is","10","29","https://8ch.net/qresearch/res/5523559.html#5523815","","","","","","","","","UNREVIEWED"
"2984","#2984","14","p2984-s014","G_CERTIFIED_CONTEXT_NOT_PAINTED","RIP = FALSE","1","UNHIGHLIGHTED","0","0","9","9","RIP = FALSE","NO","","","context","context: ""RIP = FALSE""","NO","NO","","fragment_or_label","HIGH","LABEL_FRAGMENT_OR_DEVICE","short label, slogan, heading or symbolic device rather than a proposition","DIATELY POST DROP] ⏎ BUILDING 8 NEWS RELEASE ""RESTRUCTURING BUILDING 8"" RELEASE? ⏎ [12-14-18] > RIP ⏎ https://techcrunch.com/2018/12/14/facebook-restructures-building-8-separating-projects-into-reality-labs-and-portal-groups/","REORG = TRUE ⏎ CHINA-CHINA-CHINA ⏎ CHINA-CHINA-CHINA ⏎ [OPEN ACCESS - PAY FOR PLAY] ⏎ LAWS WHICH PREVENT C_A OPERATIONS INSIDE HOMELAND? ⏎ BULK DATA COLLECTION_NSA_HOMELAND? ⏎ BULK DATA COLLECTION_C_A_HOMELAND? ⏎ HOW DOES THE C_A AVO","545","556","https://8ch.net/qresearch/res/5543117.html#5543889","","","","","","","","","UNREVIEWED"
"2984","#2984","15","p2984-s015","G_CERTIFIED_CONTEXT_NOT_PAINTED","REORG = TRUE","1","UNHIGHLIGHTED","0","0","10","10","REORG = TRUE","NO","","","context","context: ""REORG = TRUE""","NO","NO","","fragment_or_label","HIGH","LABEL_FRAGMENT_OR_DEVICE","short label, slogan, heading or symbolic device rather than a proposition","DROP] ⏎ BUILDING 8 NEWS RELEASE ""RESTRUCTURING BUILDING 8"" RELEASE? ⏎ [12-14-18] > RIP ⏎ https://techcrunch.com/2018/12/14/facebook-restructures-building-8-separating-projects-into-reality-labs-and-portal-groups/ ⏎ RIP = FALSE","CHINA-CHINA-CHINA ⏎ CHINA-CHINA-CHINA ⏎ [OPEN ACCESS - PAY FOR PLAY] ⏎ LAWS WHICH PREVENT C_A OPERATIONS INSIDE HOMELAND? ⏎ BULK DATA COLLECTION_NSA_HOMELAND? ⏎ BULK DATA COLLECTION_C_A_HOMELAND? ⏎ HOW DOES THE C_A AVOID LAW TRIGGE","557","569","https://8ch.net/qresearch/res/5543117.html#5543889","","","","","","","","","UNREVIEWED"
"2984","#2984","38","p2984-s038","G_CERTIFIED_CONTEXT_NOT_PAINTED","SIGINT - COV","2","PARTIAL_ONLY","60","0","4","10","- COV","NO","theme","theme: ""SIGINT"" [1503-1509]","context","context: ""SIGINT - COV"" || context: ""SIGINT - COV""","NO","NO","","fragment_or_label","MEDIUM","LABEL_FRAGMENT_OR_DEVICE","short label, slogan, heading or symbolic device rather than a proposition","TS [BIG TECH]? ⏎ OFFSHOOTS NECESSARY TO AVOID C_A BREACH OF US DOMESTIC LAW? ⏎ AMAZON SERVER/CLOUD CONTRACT? ⏎ AMAZON_SERVER/CLOUD_ROUTE_DATA 1-99 DOMESTIC? ⏎ C_A TASKED W/ GATHERING AND ANALYZING INFO ON FOREIGN GOVS + INDIVS?","NSA TASKED  W/ GATHERING AND ANALYZING INFO ON A GLOBAL SCALE (INCLUDING DOMESTIC)? SIGINT - COV ⏎ WHAT FORMER US PRESIDENT WAS C_A DIRECTOR? ⏎ http://www.thedrive.com/the-war-zone/25241/george-h-w-bush-saved-the-cia ⏎ THINK","1503","1515","https://8ch.net/qresearch/res/5543117.html#5543889","","","","","","","","","UNREVIEWED"
"2984","#2984","40","p2984-s040","G_CERTIFIED_CONTEXT_NOT_PAINTED","SIGINT - COV","2","PARTIAL_ONLY","60","0","4","10","- COV","NO","theme","theme: ""SIGINT"" [1600-1606]","context","context: ""SIGINT - COV"" || context: ""SIGINT - COV""","NO","NO","","fragment_or_label","MEDIUM","LABEL_FRAGMENT_OR_DEVICE","short label, slogan, heading or symbolic device rather than a proposition","NTRACT? ⏎ AMAZON_SERVER/CLOUD_ROUTE_DATA 1-99 DOMESTIC? ⏎ C_A TASKED W/ GATHERING AND ANALYZING INFO ON FOREIGN GOVS + INDIVS? SIGINT - COV ⏎ NSA TASKED  W/ GATHERING AND ANALYZING INFO ON A GLOBAL SCALE (INCLUDING DOMESTIC)?","WHAT FORMER US PRESIDENT WAS C_A DIRECTOR? ⏎ http://www.thedrive.com/the-war-zone/25241/george-h-w-bush-saved-the-cia ⏎ THINK C_A [BRENNAN] AUTH SPY CAMPAIGN US SENATE UNDER HUSSEIN. ⏎ THINK C_A INSTALL CAMPAIGN US HOUSE & SE","1600","1612","https://8ch.net/qresearch/res/5543117.html#5543889","","","","","","","","","UNREVIEWED"
"2994","#2994","4","p2994-s004","G_CERTIFIED_CONTEXT_NOT_PAINTED","RACE VS RACE","1","UNHIGHLIGHTED","0","0","10","10","RACE VS RACE","NO","","","context","context: ""RACE VS RACE""","NO","NO","","fragment_or_label","HIGH","LABEL_FRAGMENT_OR_DEVICE","short label, slogan, heading or symbolic device rather than a proposition","PEOPLE ARE PAWNS IN THEIR SICK GAME OF GLOBAL DOMINATION.  ⏎ PEOPLE ARE DIVIDED TO PREVENT A RISING OF THE PEOPLE. ⏎ PEOPLE ARE DIVIDED AND TAUGHT TO FIGHT THEMSELVES INSTEAD OF THE RULING CLASS.","RELIGION VS RELIGION ⏎ POLITICAL VS POLITICAL  ⏎ CLASS VS CLASS ⏎ SEX VS SEX ⏎ WHEN YOU ARE DIVIDED, YOU ARE WEAK. ⏎ WHEN YOU ARE WEAK, YOU HAVE NO POWER. ⏎ WHEN YOU HAVE NO POWER, YOU HAVE NO CONTROL. ⏎ STAY STRONG, PATRIOTS. ⏎ STAY U","192","204","https://8ch.net/qresearch/res/5550957.html#5551524","","","","","","","","","UNREVIEWED"
"2994","#2994","6","p2994-s006","G_CERTIFIED_CONTEXT_NOT_PAINTED","POLITICAL VS POLITICAL","1","UNHIGHLIGHTED","0","0","20","20","POLITICAL VS POLITICAL","NO","","","context","context: ""POLITICAL VS POLITICAL""","NO","NO","","fragment_or_label","HIGH","LABEL_FRAGMENT_OR_DEVICE","short label, slogan, heading or symbolic device rather than a proposition","ARE PAWNS IN THEIR SICK GAME OF GLOBAL DOMINATION.  ⏎ PEOPLE ARE DIVIDED TO PREVENT A RISING OF THE PEOPLE. ⏎ PEOPLE ARE DIVIDED AND TAUGHT TO FIGHT THEMSELVES INSTEAD OF THE RULING CLASS. ⏎ RACE VS RACE ⏎ RELIGION VS RELIGION","CLASS VS CLASS ⏎ SEX VS SEX ⏎ WHEN YOU ARE DIVIDED, YOU ARE WEAK. ⏎ WHEN YOU ARE WEAK, YOU HAVE NO POWER. ⏎ WHEN YOU HAVE NO POWER, YOU HAVE NO CONTROL. ⏎ STAY STRONG, PATRIOTS. ⏎ STAY UNITED, NOT DIVIDED. ⏎ YOU ARE WHAT MATTERS. ⏎ YO","226","248","https://8ch.net/qresearch/res/5550957.html#5551524","","","","","","","","","UNREVIEWED"
"2994","#2994","7","p2994-s007","G_CERTIFIED_CONTEXT_NOT_PAINTED","CLASS VS CLASS","1","UNHIGHLIGHTED","0","0","12","12","CLASS VS CLASS","NO","","","context","context: ""CLASS VS CLASS""","NO","NO","","fragment_or_label","HIGH","LABEL_FRAGMENT_OR_DEVICE","short label, slogan, heading or symbolic device rather than a proposition","GAME OF GLOBAL DOMINATION.  ⏎ PEOPLE ARE DIVIDED TO PREVENT A RISING OF THE PEOPLE. ⏎ PEOPLE ARE DIVIDED AND TAUGHT TO FIGHT THEMSELVES INSTEAD OF THE RULING CLASS. ⏎ RACE VS RACE ⏎ RELIGION VS RELIGION ⏎ POLITICAL VS POLITICAL","SEX VS SEX ⏎ WHEN YOU ARE DIVIDED, YOU ARE WEAK. ⏎ WHEN YOU ARE WEAK, YOU HAVE NO POWER. ⏎ WHEN YOU HAVE NO POWER, YOU HAVE NO CONTROL. ⏎ STAY STRONG, PATRIOTS. ⏎ STAY UNITED, NOT DIVIDED. ⏎ YOU ARE WHAT MATTERS. ⏎ YOU, AWAKE, IS THE","250","264","https://8ch.net/qresearch/res/5550957.html#5551524","","","","","","","","","UNREVIEWED"
"2994","#2994","8","p2994-s008","G_CERTIFIED_CONTEXT_NOT_PAINTED","SEX VS SEX","1","UNHIGHLIGHTED","0","0","8","8","SEX VS SEX","NO","","","context","context: ""SEX VS SEX""","NO","NO","","fragment_or_label","HIGH","LABEL_FRAGMENT_OR_DEVICE","short label, slogan, heading or symbolic device rather than a proposition","DOMINATION.  ⏎ PEOPLE ARE DIVIDED TO PREVENT A RISING OF THE PEOPLE. ⏎ PEOPLE ARE DIVIDED AND TAUGHT TO FIGHT THEMSELVES INSTEAD OF THE RULING CLASS. ⏎ RACE VS RACE ⏎ RELIGION VS RELIGION ⏎ POLITICAL VS POLITICAL  ⏎ CLASS VS CLASS","WHEN YOU ARE DIVIDED, YOU ARE WEAK. ⏎ WHEN YOU ARE WEAK, YOU HAVE NO POWER. ⏎ WHEN YOU HAVE NO POWER, YOU HAVE NO CONTROL. ⏎ STAY STRONG, PATRIOTS. ⏎ STAY UNITED, NOT DIVIDED. ⏎ YOU ARE WHAT MATTERS. ⏎ YOU, AWAKE, IS THEIR GREATEST","265","275","https://8ch.net/qresearch/res/5550957.html#5551524","","","","","","","","","UNREVIEWED"
"3004","#3004","3","p3004-s003","G_CERTIFIED_CONTEXT_NOT_PAINTED","52-47","2","UNHIGHLIGHTED","0","0","5","5","52-47","NO","","","context","context: ""52-47""","NO","NO","","symbolic_or_numeric","HIGH","LABEL_FRAGMENT_OR_DEVICE","short label, slogan, heading or symbolic device rather than a proposition","[1] ⏎ https://twitter.com/paulsperry_/status/1102625638245122048 ⏎ SESSIONS’ Senate vote?","[RR] Senate vote? ⏎ 94-6 ⏎ Do you target your enemies or your allies?   ⏎ Why was SESSIONS targeted? ⏎ Who appointed HUBER? ⏎ Who had DIRECT OS over HUBER? ⏎ DAG also listed for optics? ⏎ WHO REALLY HAD DIRECT OS OVER HUBER? ⏎ NO_LEAKS","86","91","https://8ch.net/qresearch/res/5594263.html#5594371","","","","","","","","","UNREVIEWED"
"3004","#3004","5","p3004-s005","G_CERTIFIED_CONTEXT_NOT_PAINTED","94-6","1","UNHIGHLIGHTED","0","0","4","4","94-6","NO","","","context","context: ""94-6""","NO","NO","","symbolic_or_numeric","HIGH","LABEL_FRAGMENT_OR_DEVICE","short label, slogan, heading or symbolic device rather than a proposition","[1] ⏎ https://twitter.com/paulsperry_/status/1102625638245122048 ⏎ SESSIONS’ Senate vote? ⏎ 52-47 ⏎ [RR] Senate vote?","Do you target your enemies or your allies?   ⏎ Why was SESSIONS targeted? ⏎ Who appointed HUBER? ⏎ Who had DIRECT OS over HUBER? ⏎ DAG also listed for optics? ⏎ WHO REALLY HAD DIRECT OS OVER HUBER? ⏎ NO_LEAKS ⏎ NONE ⏎ Who FIRED/REMOVED","110","114","https://8ch.net/qresearch/res/5594263.html#5594371","","","","","","","","","UNREVIEWED"
"3004","#3004","13","p3004-s013","G_CERTIFIED_CONTEXT_NOT_PAINTED","NONE","1","UNHIGHLIGHTED","0","0","4","4","NONE","NO","","","context","context: ""NONE""","NO","NO","","fragment_or_label","HIGH","LABEL_FRAGMENT_OR_DEVICE","short label, slogan, heading or symbolic device rather than a proposition","[RR] Senate vote? ⏎ 94-6 ⏎ Do you target your enemies or your allies?   ⏎ Why was SESSIONS targeted? ⏎ Who appointed HUBER? ⏎ Who had DIRECT OS over HUBER? ⏎ DAG also listed for optics? ⏎ WHO REALLY HAD DIRECT OS OVER HUBER? ⏎ NO_LEAKS","Who FIRED/REMOVED the traitors within the FBI/DOJ? ⏎ Do you believe the timing is a coincidence?  ⏎ [2] ⏎ https://twitter.com/USAttyHuber/status/1104104287905275904 ⏎ >clear vision for the @DOJ ⏎ >hold offenders accountable ⏎ >adva","312","316","https://8ch.net/qresearch/res/5594263.html#5594371","","","","","","","","","UNREVIEWED"
"3030","#3030","3","p3030-s003","G_CERTIFIED_CONTEXT_NOT_PAINTED","#WAKEUPAMERICA","5","UNHIGHLIGHTED","0","0","14","14","#WAKEUPAMERICA","NO","","","context","context: ""#WAKEUPAMERICA""","NO","NO","","fragment_or_label","HIGH","LABEL_FRAGMENT_OR_DEVICE","short label, slogan, heading or symbolic device rather than a proposition","https://www.whitehouse.gov/briefings-statements/the-historic-results-of-president-donald-j-trumps-first-two-years-in-office/ ⏎ Memes, Memes, and more Memes.","#FACTSMATTER ⏎ #SAVEAMERICA ⏎ #UNITEDNOTDIVIDED ⏎ #WWG1WGA ⏎ Q","156","170","https://8ch.net/qresearch/res/5629114.html#5629243","","","","","","","","","UNREVIEWED"
"3030","#3030","4","p3030-s004","G_CERTIFIED_CONTEXT_NOT_PAINTED","#FACTSMATTER","16","UNHIGHLIGHTED","0","0","12","12","#FACTSMATTER","NO","","","context","context: ""#FACTSMATTER""","NO","NO","","fragment_or_label","HIGH","LABEL_FRAGMENT_OR_DEVICE","short label, slogan, heading or symbolic device rather than a proposition","https://www.whitehouse.gov/briefings-statements/the-historic-results-of-president-donald-j-trumps-first-two-years-in-office/ ⏎ Memes, Memes, and more Memes.  ⏎ #WAKEUPAMERICA","#SAVEAMERICA ⏎ #UNITEDNOTDIVIDED ⏎ #WWG1WGA ⏎ Q","171","183","https://8ch.net/qresearch/res/5629114.html#5629243","","","","","","","","","UNREVIEWED"
"3030","#3030","5","p3030-s005","G_CERTIFIED_CONTEXT_NOT_PAINTED","#SAVEAMERICA","1","UNHIGHLIGHTED","0","0","12","12","#SAVEAMERICA","NO","","","context","context: ""#SAVEAMERICA""","NO","NO","","fragment_or_label","HIGH","LABEL_FRAGMENT_OR_DEVICE","short label, slogan, heading or symbolic device rather than a proposition","https://www.whitehouse.gov/briefings-statements/the-historic-results-of-president-donald-j-trumps-first-two-years-in-office/ ⏎ Memes, Memes, and more Memes.  ⏎ #WAKEUPAMERICA ⏎ #FACTSMATTER","#UNITEDNOTDIVIDED ⏎ #WWG1WGA ⏎ Q","184","196","https://8ch.net/qresearch/res/5629114.html#5629243","","","","","","","","","UNREVIEWED"
"3030","#3030","6","p3030-s006","G_CERTIFIED_CONTEXT_NOT_PAINTED","#UNITEDNOTDIVIDED","3","UNHIGHLIGHTED","0","0","17","17","#UNITEDNOTDIVIDED","NO","","","context","context: ""#UNITEDNOTDIVIDED""","NO","NO","","fragment_or_label","HIGH","LABEL_FRAGMENT_OR_DEVICE","short label, slogan, heading or symbolic device rather than a proposition","https://www.whitehouse.gov/briefings-statements/the-historic-results-of-president-donald-j-trumps-first-two-years-in-office/ ⏎ Memes, Memes, and more Memes.  ⏎ #WAKEUPAMERICA ⏎ #FACTSMATTER ⏎ #SAVEAMERICA","#WWG1WGA ⏎ Q","197","214","https://8ch.net/qresearch/res/5629114.html#5629243","","","","","","","","","UNREVIEWED"
"3031","#3031","3","p3031-s003","G_CERTIFIED_CONTEXT_NOT_PAINTED","1 = 2","2","UNHIGHLIGHTED","0","0","3","3","1 = 2","NO","","","context","context: ""1 = 2""","NO","NO","","symbolic_or_numeric","HIGH","LABEL_FRAGMENT_OR_DEVICE","short label, slogan, heading or symbolic device rather than a proposition","(1) ⏎ https://twitter.com/GeorgePapa19/status/1105230104026902529 ⏎ (2) ⏎ https://www.theepochtimes.com/interview-with-fbis-gaeta-core-to-russiagate-among-53-transcripts-slated-for-release_2674522.html","Q","196","201","https://8ch.net/qresearch/res/5630692.html#5631220","","","","","","","","","UNREVIEWED"
"3036","#3036","11","p3036-s011","G_CERTIFIED_CONTEXT_NOT_PAINTED","54-45","1","UNHIGHLIGHTED","0","0","5","5","54-45","NO","","","context","context: ""54-45""","NO","NO","","symbolic_or_numeric","HIGH","LABEL_FRAGMENT_OR_DEVICE","short label, slogan, heading or symbolic device rather than a proposition","] pre_WHITAKER assumption?  ⏎ >>Power of BARR? ⏎ >>Can a sealed indictment be pulled post filing?  ⏎ Did POTUS just install a rogue AG who allows for the indictment of his children based on false pretenses?  ⏎ BARR Senate vote?","Do UNICORNS exist? ⏎ Q","638","643","https://8ch.net/qresearch/res/5639995.html#5640195","","","","","","","","","UNREVIEWED"
"3039","#3039","2","p3039-s002","G_CERTIFIED_CONTEXT_NOT_PAINTED","“Forward”","1","UNHIGHLIGHTED","0","0","9","9","“Forward”","NO","","","context","context: ""“Forward”""","NO","NO","","fragment_or_label","HIGH","LABEL_FRAGMENT_OR_DEVICE","short label, slogan, heading or symbolic device rather than a proposition","""Change You Can Believe In""","“Greater Together”  ⏎ “Betting on America”  ⏎ “We Don’t Quit”  ⏎ “Winning the Future”  ⏎ “We Can’t Wait”  ⏎ “An America/Economy Built to Last”  ⏎ Q","28","37","https://8ch.net/qresearch/res/5644685.html#5645404","","","","","","","","","UNREVIEWED"
"3039","#3039","3","p3039-s003","G_CERTIFIED_CONTEXT_NOT_PAINTED","“Greater Together”","1","UNHIGHLIGHTED","0","0","17","17","“Greater Together”","NO","","","context","context: ""“Greater Together”""","NO","NO","","fragment_or_label","HIGH","LABEL_FRAGMENT_OR_DEVICE","short label, slogan, heading or symbolic device rather than a proposition","""Change You Can Believe In"" ⏎ “Forward”","“Betting on America”  ⏎ “We Don’t Quit”  ⏎ “Winning the Future”  ⏎ “We Can’t Wait”  ⏎ “An America/Economy Built to Last”  ⏎ Q","38","56","https://8ch.net/qresearch/res/5644685.html#5645404","","","","","","","","","UNREVIEWED"
"3039","#3039","4","p3039-s004","G_CERTIFIED_CONTEXT_NOT_PAINTED","“Betting on America”","1","PARTIAL_ONLY","38.89","0","11","18","“Betting on ⋯ ”","NO","namedEntity","namedEntity: ""America"" [70-77] || namedEntity: ""America"" [70-77]","context","context: ""“Betting on America”""","NO","NO","","sentence_like_no_terminal","HIGH","CLAIM_CANDIDATE","declarative prose — decide Q-authored claim vs quoted claim vs aphorism","""Change You Can Believe In"" ⏎ “Forward” ⏎ “Greater Together”","“We Don’t Quit”  ⏎ “Winning the Future”  ⏎ “We Can’t Wait”  ⏎ “An America/Economy Built to Last”  ⏎ Q","58","78","https://8ch.net/qresearch/res/5644685.html#5645404","","","","","","","","","UNREVIEWED"
"3039","#3039","5","p3039-s005","G_CERTIFIED_CONTEXT_NOT_PAINTED","“We Don’t Quit”","1","UNHIGHLIGHTED","0","0","13","13","“We Don’t Quit”","NO","","","context","context: ""“We Don’t Quit”""","NO","NO","","fragment_or_label","HIGH","LABEL_FRAGMENT_OR_DEVICE","short label, slogan, heading or symbolic device rather than a proposition","""Change You Can Believe In"" ⏎ “Forward” ⏎ “Greater Together”  ⏎ “Betting on America”","“Winning the Future”  ⏎ “We Can’t Wait”  ⏎ “An America/Economy Built to Last”  ⏎ Q","80","95","https://8ch.net/qresearch/res/5644685.html#5645404","","","","","","","","","UNREVIEWED"
"3039","#3039","6","p3039-s006","G_CERTIFIED_CONTEXT_NOT_PAINTED","“Winning the Future”","1","UNHIGHLIGHTED","0","0","18","18","“Winning the Future”","NO","","","context","context: ""“Winning the Future”""","NO","NO","","sentence_like_no_terminal","HIGH","CLAIM_CANDIDATE","declarative prose — decide Q-authored claim vs quoted claim vs aphorism","""Change You Can Believe In"" ⏎ “Forward” ⏎ “Greater Together”  ⏎ “Betting on America”  ⏎ “We Don’t Quit”","“We Can’t Wait”  ⏎ “An America/Economy Built to Last”  ⏎ Q","97","117","https://8ch.net/qresearch/res/5644685.html#5645404","","","","","","","","","UNREVIEWED"
"3039","#3039","8","p3039-s008","G_CERTIFIED_CONTEXT_NOT_PAINTED","“An America/Economy Built to Last”","1","PARTIAL_ONLY","23.33","0","23","30","“An ⋯ /Economy Built to Last”","NO","namedEntity","namedEntity: ""America"" [140-147] || namedEntity: ""America"" [140-147]","context","context: ""“An America/Economy Built to Last”""","NO","NO","","fragment_or_label","HIGH","LABEL_FRAGMENT_OR_DEVICE","short label, slogan, heading or symbolic device rather than a proposition","""Change You Can Believe In"" ⏎ “Forward” ⏎ “Greater Together”  ⏎ “Betting on America”  ⏎ “We Don’t Quit”  ⏎ “Winning the Future”  ⏎ “We Can’t Wait”","Q","136","170","https://8ch.net/qresearch/res/5644685.html#5645404","","","","","","","","","UNREVIEWED"
"3050","#3050","4","p3050-s004","G_CERTIFIED_CONTEXT_NOT_PAINTED","THE TALE OF TWO:","1","UNHIGHLIGHTED","0","0","13","13","THE TALE OF TWO:","NO","","","context","context: ""THE TALE OF TWO:""","NO","NO","","colon_or_semicolon_block","HIGH","CLAIM_CANDIDATE","declarative prose — decide Q-authored claim vs quoted claim vs aphorism","https://www.documentcloud.org/documents/1507315-epstein-flight-manifests.html ⏎ This is not just about sex trafficking [1]. ⏎ Will the rich & powerful influence the court to prevent the unsealing?","[1] - Sex Resort (non_temple_resort_only) > trafficked & drugged underage girls ⏎ [2] - Occult / Worship of Evil (temple) [CLAS 1-99] ⏎ Haiti >  ⏎ Pray for the victims.  ⏎ Q","193","209","https://8ch.net/qresearch/res/5667936.html#5668328","","","","","","","","","UNREVIEWED"
"3071","#3071","1","p3071-s001","G_CERTIFIED_CONTEXT_NOT_PAINTED","TO SUMMARIZE THIS WEEK:","1","UNHIGHLIGHTED","0","0","20","20","TO SUMMARIZE THIS WEEK:","NO","","","context","context: ""TO SUMMARIZE THIS WEEK:""","NO","NO","","colon_or_semicolon_block","HIGH","CLAIM_CANDIDATE","declarative prose — decide Q-authored claim vs quoted claim vs aphorism","","RE: [D’s] PREP TO STEAL 2020 ELECTIONS ⏎ >ATTACK FOX NEWS TO CONTROL OPPOSITION NARRATIVE ⏎ >>>6 CO’S CONTROL 90% OF THE MSM ⏎ >VOTE TO ALLOW ‘ILLEGAL’ IMMIGRANTS RIGHT TO VOTE IN ELECTIONS ⏎ >PUSH TALING POINTS RE: VOTER AGE S","0","23","https://8ch.net/qresearch/res/5684101.html#5684297","","","","","","","","","UNREVIEWED"
"3071","#3071","4","p3071-s004","G_CERTIFIED_CONTEXT_NOT_PAINTED",">>>6 CO’S CONTROL 90% OF THE MSM","1","PARTIAL_ONLY","13.04","0","20","23",">>>6 CO’S CONTROL 90% OF THE","NO","theme","theme: ""MSM"" [141-144]","context | evidence:INTERNAL_REFERENCE","context: "">>>6 CO’S CONTROL 90% OF THE MSM"" || evidence:INTERNAL_REFERENCE: "">>6""","NO","NO","","fragment_or_label","HIGH","LABEL_FRAGMENT_OR_DEVICE","short label, slogan, heading or symbolic device rather than a proposition","TO SUMMARIZE THIS WEEK: ⏎ RE: [D’s] PREP TO STEAL 2020 ELECTIONS ⏎ >ATTACK FOX NEWS TO CONTROL OPPOSITION NARRATIVE",">VOTE TO ALLOW ‘ILLEGAL’ IMMIGRANTS RIGHT TO VOTE IN ELECTIONS ⏎ >PUSH TALING POINTS RE: VOTER AGE SHOULD DECREASED FROM 18 TO 16 ⏎ >NO WALL – OPEN BORDERS – ALL WECLOME = MORE [D] VOTES ⏎ >DENY PROPER COUNTING U.S. CENSUS >","112","144","https://8ch.net/qresearch/res/5684101.html#5684297","","","","","","","","","UNREVIEWED"
"3110","#3110","1","p3110-s001","G_CERTIFIED_CONTEXT_NOT_PAINTED","'STRIKE'","1","UNHIGHLIGHTED","0","0","8","8","'STRIKE'","NO","","","context","context: ""'STRIKE'""","NO","NO","","fragment_or_label","HIGH","LABEL_FRAGMENT_OR_DEVICE","short label, slogan, heading or symbolic device rather than a proposition",">>5745956","On the move. ⏎ Q","10","18","https://8ch.net/qresearch/res/5745653.html#5745998","","","","","","","","","UNREVIEWED"
"3156","#3156","1","p3156-s001","G_CERTIFIED_CONTEXT_NOT_PAINTED","Ray Chandler = Allison Mack x 100","1","PARTIAL_ONLY","81.48","0","5","27","= ⋯ x 100","NO","namedEntity","namedEntity: ""Ray Chandler"" [0-12] || namedEntity: ""Allison Mack"" [15-27]","context","context: ""Ray Chandler = Allison Mack x 100""","NO","NO","","fragment_or_label","HIGH","LABEL_FRAGMENT_OR_DEVICE","short label, slogan, heading or symbolic device rather than a proposition","","Q","0","33","https://8ch.net/qresearch/res/5802000.html#5802556","","","","","","","","","UNREVIEWED"
"3167","#3167","2","p3167-s002","G_CERTIFIED_CONTEXT_NOT_PAINTED","#2 re: attacked","1","UNHIGHLIGHTED","0","0","13","13","#2 re: attacked","NO","","","context","context: ""#2 re: attacked""","NO","NO","","fragment_or_label","HIGH","LABEL_FRAGMENT_OR_DEVICE","short label, slogan, heading or symbolic device rather than a proposition",">>5842272 ⏎ The simple fact that this made the news (multiple articles) should tell you all you need to know.","Post tracking sites now censoring / adj visitor counts? ⏎ PANIC ⏎ Q","109","124","https://8ch.net/qresearch/res/5842127.html#5842541","","","","","","","","","UNREVIEWED"
"3167","#3167","4","p3167-s004","G_CERTIFIED_CONTEXT_NOT_PAINTED","PANIC","1","UNHIGHLIGHTED","0","0","5","5","PANIC","NO","","","context","context: ""PANIC""","NO","NO","","fragment_or_label","HIGH","NEEDS_CONTEXT","""PANIC"" standing alone is equally a noun and a command — needs the surrounding drop",">>5842272 ⏎ The simple fact that this made the news (multiple articles) should tell you all you need to know.  ⏎ #2 re: attacked  ⏎ Post tracking sites now censoring / adj visitor counts?","Q","182","187","https://8ch.net/qresearch/res/5842127.html#5842541","","","","","","","","","UNREVIEWED"
"3169","#3169","2","p3169-s002","G_CERTIFIED_CONTEXT_NOT_PAINTED","‘Projection’ 101","1","UNHIGHLIGHTED","0","0","15","15","‘Projection’ 101","NO","","","context","context: ""‘Projection’ 101""","NO","NO","","fragment_or_label","HIGH","LABEL_FRAGMENT_OR_DEVICE","short label, slogan, heading or symbolic device rather than a proposition","You are witnessing the collapse of the largest pre-planned and coordinated propaganda event in modern day history.","Q","115","131","https://8ch.net/qresearch/res/5842127.html#5842693","","","","","","","","","UNREVIEWED"
"3186","#3186","5","p3186-s005","G_CERTIFIED_CONTEXT_NOT_PAINTED","#2","32","UNHIGHLIGHTED","0","0","2","2","#2","NO","","","context","context: ""#2""","NO","NO","","symbolic_or_numeric","HIGH","LABEL_FRAGMENT_OR_DEVICE","short label, slogan, heading or symbolic device rather than a proposition","thony-comello-gambino-mob-boss-shooting-suspect-radicalized-by-qanon-far-right-sites-even-trump-lawyer-says ⏎ When the constant barrage of FAKE NEWS attacks FAIL…. ⏎ Those who are the biggest threats….. ⏎ Nothing to see here.","Q","252","254","https://8ch.net/qresearch/res/5887408.html#5888047","","","","","","","","","UNREVIEWED"
"3192","#3192","2","p3192-s002","G_CERTIFIED_CONTEXT_NOT_PAINTED","#FAKE #FAKE #FAKE","1","UNHIGHLIGHTED","0","0","15","15","#FAKE #FAKE #FAKE","NO","","","context","context: ""#FAKE #FAKE #FAKE""","NO","NO","","fragment_or_label","HIGH","LABEL_FRAGMENT_OR_DEVICE","short label, slogan, heading or symbolic device rather than a proposition","https://twitter.com/RealSaavedra/status/1110352406880018432 ⏎ https://twitter.com/AnnCoulter/status/1110248163858747392","Q","118","135","https://8ch.net/qresearch/res/5893692.html#5894341","","","","","","","","","UNREVIEWED"
"3198","#3198","3","p3198-s003","G_CERTIFIED_CONTEXT_NOT_PAINTED","#GoodbyeFoxx","1","UNHIGHLIGHTED","0","0","12","12","#GoodbyeFoxx","NO","","","context","context: ""#GoodbyeFoxx""","NO","NO","","fragment_or_label","HIGH","LABEL_FRAGMENT_OR_DEVICE","short label, slogan, heading or symbolic device rather than a proposition",">>5903586 ⏎ [Kim Foxx] ⏎ Who is pulling her strings?","Q","49","61","https://8ch.net/qresearch/res/5903007.html#5903723","","","","","","","","","UNREVIEWED"
"3201","#3201","3","p3201-s003","G_CERTIFIED_CONTEXT_NOT_PAINTED","#FAKENEWS","2","UNHIGHLIGHTED","0","0","9","9","#FAKENEWS","NO","","","context","context: ""#FAKENEWS""","NO","NO","","fragment_or_label","HIGH","LABEL_FRAGMENT_OR_DEVICE","short label, slogan, heading or symbolic device rather than a proposition","https://twitter.com/brianstelter/status/1110382144390656000 ⏎ How can there be FACTS if the entire story (narrative) was FICTION?","ENEMY OF THE PEOPLE. ⏎ Q","128","137","https://8ch.net/qresearch/res/5903760.html#5904054","","","","","","","","","UNREVIEWED"
"3218","#3218","4","p3218-s004","G_CERTIFIED_CONTEXT_NOT_PAINTED","#FAKENEWS","2","UNHIGHLIGHTED","0","0","9","9","#FAKENEWS","NO","","","context","context: ""#FAKENEWS""","NO","NO","","fragment_or_label","HIGH","LABEL_FRAGMENT_OR_DEVICE","short label, slogan, heading or symbolic device rather than a proposition","https://twitter.com/Complex/status/1110659711962103811 ⏎ Attacks increasing? ⏎ Becoming more and more outlandish to paint as 'crazy'?","#FACTSMATTER ⏎ Q","130","139","https://8ch.net/qresearch/res/5909920.html#5910024","","","","","","","","","UNREVIEWED"
"3218","#3218","5","p3218-s005","G_CERTIFIED_CONTEXT_NOT_PAINTED","#FACTSMATTER","16","UNHIGHLIGHTED","0","0","12","12","#FACTSMATTER","NO","","","context","context: ""#FACTSMATTER""","NO","NO","","fragment_or_label","HIGH","LABEL_FRAGMENT_OR_DEVICE","short label, slogan, heading or symbolic device rather than a proposition","https://twitter.com/Complex/status/1110659711962103811 ⏎ Attacks increasing? ⏎ Becoming more and more outlandish to paint as 'crazy'? ⏎ #FAKENEWS","Q","140","152","https://8ch.net/qresearch/res/5909920.html#5910024","","","","","","","","","UNREVIEWED"
"3222","#3222","14","p3222-s014","G_CERTIFIED_CONTEXT_NOT_PAINTED","(hence the ‘attacks’)","1","UNHIGHLIGHTED","0","0","19","19","(hence the ‘attacks’)","NO","","","context","context: ""(hence the ‘attacks’)""","NO","NO","","fragment_or_label","MEDIUM","LABEL_FRAGMENT_OR_DEVICE","short label, slogan, heading or symbolic device rather than a proposition","ow-do-you-report-suspected-tax-fraud-activity ⏎ When you offer ‘better’ goods and services for free there is no longer a need to ‘donate’ ‘purchase’ and/or ‘follow’ those who would use such platforms to enrich themselves.","Logical thinking always wins. ⏎ Attempts to ‘divide’ the movement draws LIGHT to their TRUE INTENTIONS. ⏎ This is about the survival of our Nation (our World) – not funding scams. ⏎ End_of_Topic ⏎ Keep your eye on the ball. ⏎ Q","943","964","https://8ch.net/qresearch/res/5925478.html#5926054","","","","","","","","","UNREVIEWED"
"3222","#3222","18","p3222-s018","G_CERTIFIED_CONTEXT_NOT_PAINTED","End_of_Topic","1","UNHIGHLIGHTED","0","0","12","12","End_of_Topic","NO","","","context","context: ""End_of_Topic""","NO","NO","","fragment_or_label","HIGH","LABEL_FRAGMENT_OR_DEVICE","short label, slogan, heading or symbolic device rather than a proposition","to enrich themselves. (hence the ‘attacks’) ⏎ Logical thinking always wins. ⏎ Attempts to ‘divide’ the movement draws LIGHT to their TRUE INTENTIONS. ⏎ This is about the survival of our Nation (our World) – not funding scams.","Keep your eye on the ball. ⏎ Q","1141","1153","https://8ch.net/qresearch/res/5925478.html#5926054","","","","","","","","","UNREVIEWED"
"3241","#3241","8","p3241-s008","G_CERTIFIED_CONTEXT_NOT_PAINTED","GANG OF 8 (INTEL)","1","PARTIAL_ONLY","50","0","7","14","(INTEL)","NO","namedEntity","namedEntity: ""GANG OF 8"" [349-358]","context","context: ""GANG OF 8 (INTEL)""","NO","NO","","fragment_or_label","HIGH","LABEL_FRAGMENT_OR_DEVICE","short label, slogan, heading or symbolic device rather than a proposition","wfully lying and leaking, should be forced to resign from Congress!"" ⏎ [Knowingly] ⏎ [Knowingly] ⏎ [Knowingly] ⏎ Leaking investigations can lead to [forced] resignations. ⏎ [Knowingly] disseminating FALSE information is illegal.","Q","349","366","https://8ch.net/qresearch/res/5942428.html#5943096","","","","","","","","","UNREVIEWED"
"3275","#3275","3","p3275-s003","G_CERTIFIED_CONTEXT_NOT_PAINTED","#Winning","4","UNHIGHLIGHTED","0","0","8","8","#Winning","NO","","","context","context: ""#Winning""","NO","NO","","fragment_or_label","HIGH","LABEL_FRAGMENT_OR_DEVICE","short label, slogan, heading or symbolic device rather than a proposition","https://twitter.com/DrSuperElite/status/1111364363754049543 ⏎ Millions of Patriots WW!","Q","85","93","https://8ch.net/qresearch/res/5947616.html#5947846","","","","","","","","","UNREVIEWED"
"3277","#3277","2","p3277-s002","G_CERTIFIED_CONTEXT_NOT_PAINTED","#FLAGSOUT","15","UNHIGHLIGHTED","0","0","9","9","#FLAGSOUT","NO","","","context","context: ""#FLAGSOUT""","NO","NO","","fragment_or_label","HIGH","LABEL_FRAGMENT_OR_DEVICE","short label, slogan, heading or symbolic device rather than a proposition","https://twitter.com/kenncombs/status/1111365502243405824","Q","57","66","https://8ch.net/qresearch/res/5947616.html#5947941","","","","","","","","","UNREVIEWED"
"3284","#3284","3","p3284-s003","G_CERTIFIED_CONTEXT_NOT_PAINTED","#FLAGSOUT","15","UNHIGHLIGHTED","0","0","9","9","#FLAGSOUT","NO","","","context","context: ""#FLAGSOUT""","NO","NO","","fragment_or_label","HIGH","LABEL_FRAGMENT_OR_DEVICE","short label, slogan, heading or symbolic device rather than a proposition","https://twitter.com/ThanQDaddyTrump/status/1111368349181710338 ⏎ LOVE OF COUNTRY!","Q","80","89","https://8ch.net/qresearch/res/5947616.html#5948315","","","","","","","","","UNREVIEWED"
"3285","#3285","3","p3285-s003","G_CERTIFIED_CONTEXT_NOT_PAINTED","#FLAGSOUT","15","UNHIGHLIGHTED","0","0","9","9","#FLAGSOUT","NO","","","context","context: ""#FLAGSOUT""","NO","NO","","fragment_or_label","HIGH","LABEL_FRAGMENT_OR_DEVICE","short label, slogan, heading or symbolic device rather than a proposition","https://twitter.com/emily_sutej/status/1111368658977198082 ⏎ LOVE OF COUNTRY!","Q","76","85","https://8ch.net/qresearch/res/5947616.html#5948334","","","","","","","","","UNREVIEWED"
"3287","#3287","3","p3287-s003","G_CERTIFIED_CONTEXT_NOT_PAINTED","#FLAGSOUT","15","UNHIGHLIGHTED","0","0","9","9","#FLAGSOUT","NO","","","context","context: ""#FLAGSOUT""","NO","NO","","fragment_or_label","HIGH","LABEL_FRAGMENT_OR_DEVICE","short label, slogan, heading or symbolic device rather than a proposition","https://twitter.com/Minimander1/status/1111368374435672064 ⏎ LOVE OF COUNTRY!","Q","76","85","https://8ch.net/qresearch/res/5947616.html#5948406","","","","","","","","","UNREVIEWED"
"3290","#3290","3","p3290-s003","G_CERTIFIED_CONTEXT_NOT_PAINTED","#FLAGSOUT","15","UNHIGHLIGHTED","0","0","9","9","#FLAGSOUT","NO","","","context","context: ""#FLAGSOUT""","NO","NO","","fragment_or_label","HIGH","LABEL_FRAGMENT_OR_DEVICE","short label, slogan, heading or symbolic device rather than a proposition","https://twitter.com/roofmonqey/status/1111370752903671808 ⏎ LOVE OF COUNTRY.","Q","75","84","https://8ch.net/qresearch/res/5948369.html#5948511","","","","","","","","","UNREVIEWED"
"3291","#3291","3","p3291-s003","G_CERTIFIED_CONTEXT_NOT_PAINTED","#FLAGSOUT","15","UNHIGHLIGHTED","0","0","9","9","#FLAGSOUT","NO","","","context","context: ""#FLAGSOUT""","NO","NO","","fragment_or_label","HIGH","LABEL_FRAGMENT_OR_DEVICE","short label, slogan, heading or symbolic device rather than a proposition","https://twitter.com/CharleyGirlQ/status/1111370683546767368 ⏎ LOVE OF COUNTRY!","Q","77","86","https://8ch.net/qresearch/res/5948369.html#5948529","","","","","","","","","UNREVIEWED"
"3293","#3293","3","p3293-s003","G_CERTIFIED_CONTEXT_NOT_PAINTED","#FLAGSOUT","15","UNHIGHLIGHTED","0","0","9","9","#FLAGSOUT","NO","","","context","context: ""#FLAGSOUT""","NO","NO","","fragment_or_label","HIGH","LABEL_FRAGMENT_OR_DEVICE","short label, slogan, heading or symbolic device rather than a proposition","https://twitter.com/launa_usa/status/1111370612868632576 ⏎ LOVE OF COUNTRY!","Q","74","83","https://8ch.net/qresearch/res/5948369.html#5948590","","","","","","","","","UNREVIEWED"
"3294","#3294","4","p3294-s004","G_CERTIFIED_CONTEXT_NOT_PAINTED","#FLAGSOUT","15","UNHIGHLIGHTED","0","0","9","9","#FLAGSOUT","NO","","","context","context: ""#FLAGSOUT""","NO","NO","","fragment_or_label","HIGH","LABEL_FRAGMENT_OR_DEVICE","short label, slogan, heading or symbolic device rather than a proposition","https://twitter.com/colleenthevet/status/1111370516374392834 ⏎ LOVE OF COUNTRY! ⏎ WE ARE UNITED IN THIS FIGHT!","Q","107","116","https://8ch.net/qresearch/res/5948369.html#5948625","","","","","","","","","UNREVIEWED"
"3295","#3295","3","p3295-s003","G_CERTIFIED_CONTEXT_NOT_PAINTED","#FLAGSOUT","15","UNHIGHLIGHTED","0","0","9","9","#FLAGSOUT","NO","","","context","context: ""#FLAGSOUT""","NO","NO","","fragment_or_label","HIGH","LABEL_FRAGMENT_OR_DEVICE","short label, slogan, heading or symbolic device rather than a proposition","https://twitter.com/420MyTime024/status/1111370495772016640 ⏎ LOVE OF COUNTRY!","Q","77","86","https://8ch.net/qresearch/res/5948369.html#5948641","","","","","","","","","UNREVIEWED"
"3296","#3296","3","p3296-s003","G_CERTIFIED_CONTEXT_NOT_PAINTED","#FLAGSOUT","15","UNHIGHLIGHTED","0","0","9","9","#FLAGSOUT","NO","","","context","context: ""#FLAGSOUT""","NO","NO","","fragment_or_label","HIGH","LABEL_FRAGMENT_OR_DEVICE","short label, slogan, heading or symbolic device rather than a proposition","https://twitter.com/manifalcone/status/1111370476843077634 ⏎ LOVE OF COUNTRY!","Q","76","85","https://8ch.net/qresearch/res/5948369.html#5948656","","","","","","","","","UNREVIEWED"
"3297","#3297","4","p3297-s004","G_CERTIFIED_CONTEXT_NOT_PAINTED","#FLAGSOUT","15","UNHIGHLIGHTED","0","0","9","9","#FLAGSOUT","NO","","","context","context: ""#FLAGSOUT""","NO","NO","","fragment_or_label","HIGH","LABEL_FRAGMENT_OR_DEVICE","short label, slogan, heading or symbolic device rather than a proposition","https://twitter.com/Grungelady/status/1111370461072392193 ⏎ LOVE OF COUNTRY! ⏎ HONOR & RESPECT!","Q","92","101","https://8ch.net/qresearch/res/5948369.html#5948690","","","","","","","","","UNREVIEWED"
"3298","#3298","3","p3298-s003","G_CERTIFIED_CONTEXT_NOT_PAINTED","#FLAGSOUT","15","UNHIGHLIGHTED","0","0","9","9","#FLAGSOUT","NO","","","context","context: ""#FLAGSOUT""","NO","NO","","fragment_or_label","HIGH","LABEL_FRAGMENT_OR_DEVICE","short label, slogan, heading or symbolic device rather than a proposition","https://twitter.com/tysoneberly/status/1111370449219391494 ⏎ LOVE OF COUNTRY!","Q","76","85","https://8ch.net/qresearch/res/5948369.html#5948706","","","","","","","","","UNREVIEWED"
"3299","#3299","4","p3299-s004","G_CERTIFIED_CONTEXT_NOT_PAINTED","#FLAGSOUT","15","UNHIGHLIGHTED","0","0","9","9","#FLAGSOUT","NO","","","context","context: ""#FLAGSOUT""","NO","NO","","fragment_or_label","HIGH","LABEL_FRAGMENT_OR_DEVICE","short label, slogan, heading or symbolic device rather than a proposition","https://twitter.com/DoulosOfJesus17/status/1111370302913548288 ⏎ LOVE OF COUNTRY! ⏎ MAKE CA GREAT AGAIN!","Q","101","110","https://8ch.net/qresearch/res/5948369.html#5948737","","","","","","","","","UNREVIEWED"
"3301","#3301","3","p3301-s003","G_CERTIFIED_CONTEXT_NOT_PAINTED","#FLAGSOUT","15","UNHIGHLIGHTED","0","0","9","9","#FLAGSOUT","NO","","","context","context: ""#FLAGSOUT""","NO","NO","","fragment_or_label","HIGH","LABEL_FRAGMENT_OR_DEVICE","short label, slogan, heading or symbolic device rather than a proposition","https://twitter.com/Chance64039178/status/1111373630527553542 ⏎ LOVE OF COUNTRY!","Q","79","88","https://8ch.net/qresearch/res/5948369.html#5948854","","","","","","","","","UNREVIEWED"
"3302","#3302","3","p3302-s003","G_CERTIFIED_CONTEXT_NOT_PAINTED","#FLAGSOUT","15","UNHIGHLIGHTED","0","0","9","9","#FLAGSOUT","NO","","","context","context: ""#FLAGSOUT""","NO","NO","","fragment_or_label","HIGH","LABEL_FRAGMENT_OR_DEVICE","short label, slogan, heading or symbolic device rather than a proposition","https://twitter.com/LeesyFrank/status/1111373593131122688 ⏎ LOVE OF COUNTRY!","Q","75","84","https://8ch.net/qresearch/res/5948369.html#5948880","","","","","","","","","UNREVIEWED"
"3312","#3312","5","p3312-s005","G_CERTIFIED_CONTEXT_NOT_PAINTED","Example:","4","UNHIGHLIGHTED","0","0","8","8","Example:","NO","","","context","context: ""Example:""","NO","NO","","colon_or_semicolon_block","HIGH","CLAIM_CANDIDATE","declarative prose — decide Q-authored claim vs quoted claim vs aphorism","ng, shills paid/inserted to disrupt (media matters), blue checkmark coordinated attacks, etc.?  ⏎ All for a 'conspiracy' on the Chans?  ⏎ All for a 'LARP'?  ⏎ Why is there a constant flow of disinformation being pushed re: Q?","Disinformation push re: Mueller is a white hat. ⏎ FAKE & FALSE narrative. ⏎ Think BLOCKADE. ⏎ When you can't attack the information directly, you attack the source, if that fails, you 'create false misleading information' to","406","414","https://8ch.net/qresearch/res/6138327.html#6138770","","","","","","","","","UNREVIEWED"
"3316","#3316","10","p3316-s010","G_CERTIFIED_CONTEXT_NOT_PAINTED","NO BLOCKADE = GAME OVER","1","UNHIGHLIGHTED","0","0","19","19","NO BLOCKADE = GAME OVER","NO","","","context","context: ""NO BLOCKADE = GAME OVER""","NO","NO","","fragment_or_label","HIGH","LABEL_FRAGMENT_OR_DEVICE","short label, slogan, heading or symbolic device rather than a proposition","OCKADE' to essentially restrict POTUS from unmasking and informing the public as to the TRUTH about what really happened?  ⏎ Was the investigation kept ongoing to PROTECT THOSE WHO 'KNOWINGLY' COMMITTED TREASON/SEDITION?","Q","962","985","https://8ch.net/qresearch/res/6241978.html#6242325","","","","","","","","","UNREVIEWED"
"3330","#3330","5","p3330-s005","G_CERTIFIED_CONTEXT_NOT_PAINTED","FBI 302's","1","PARTIAL_ONLY","37.5","0","5","8","302's","NO","namedEntity","namedEntity: ""FBI"" [168-171]","context","context: ""FBI 302's""","NO","NO","","fragment_or_label","HIGH","LABEL_FRAGMENT_OR_DEVICE","short label, slogan, heading or symbolic device rather than a proposition","https://saraacarter.com/breaking-fbi-texts-show-agents-discussed-recruiting-white-house-sources-to-spy-for-bureau/ ⏎ Chain of Command ⏎ Chain of Custody ⏎ PENCE' CoS + Wife","FISA (spy) > Flynn ⏎ Will newly discovered evidence (AG Barr - SDNY) FREE FLYNN? ⏎ Q","168","177","https://8ch.net/qresearch/res/6335137.html#6335740","","","","","","","","","UNREVIEWED"
"3330","#3330","6","p3330-s006","G_CERTIFIED_CONTEXT_NOT_PAINTED","FISA (spy) > Flynn","1","PARTIAL_ONLY","60","0","6","15","(spy) >","NO","namedEntity | theme","namedEntity: ""Flynn"" [191-196] || namedEntity: ""FISA"" [178-182] || theme: ""FISA"" [178-182]","context","context: ""FISA (spy) > Flynn""","NO","NO","","fragment_or_label","HIGH","LABEL_FRAGMENT_OR_DEVICE","short label, slogan, heading or symbolic device rather than a proposition","https://saraacarter.com/breaking-fbi-texts-show-agents-discussed-recruiting-white-house-sources-to-spy-for-bureau/ ⏎ Chain of Command ⏎ Chain of Custody ⏎ PENCE' CoS + Wife  ⏎ FBI 302's","Will newly discovered evidence (AG Barr - SDNY) FREE FLYNN? ⏎ Q","178","196","https://8ch.net/qresearch/res/6335137.html#6335740","","","","","","","","","UNREVIEWED"
"3339","#3339","3","p3339-s003","G_CERTIFIED_CONTEXT_NOT_PAINTED","##FLYMAYFLY##","1","UNHIGHLIGHTED","0","0","13","13","##FLYMAYFLY##","NO","","","context","context: ""##FLYMAYFLY##""","NO","NO","","fragment_or_label","HIGH","LABEL_FRAGMENT_OR_DEVICE","short label, slogan, heading or symbolic device rather than a proposition",">>6572140 ⏎ Foreign assist underway w/ DOJ. ⏎ https://www.theguardian.com/uk-news/2017/jan/23/gchq-chief-robert-hannigan-quits","Q","123","136","https://8ch.net/qresearch/res/6571752.html#6572270","","","","","","","","","UNREVIEWED"
"3348","#3348","2","p3348-s002","G_CERTIFIED_CONTEXT_NOT_PAINTED","Japan_public","1","PARTIAL_ONLY","41.67","0","7","12","_public","NO","namedEntity","namedEntity: ""Japan"" [57-62]","context","context: ""Japan_public""","NO","NO","","fragment_or_label","HIGH","LABEL_FRAGMENT_OR_DEVICE","short label, slogan, heading or symbolic device rather than a proposition","https://twitter.com/Ph03n1x24/status/1132671753212387329","China_non_public ⏎ SK_non_public ⏎ Q","57","69","https://8ch.net/qresearch/res/6592759.html#6593482","","","","","","","","","UNREVIEWED"
"3348","#3348","3","p3348-s003","G_CERTIFIED_CONTEXT_NOT_PAINTED","China_non_public","1","UNHIGHLIGHTED","0","0","16","16","China_non_public","NO","","","context","context: ""China_non_public""","NO","NO","","fragment_or_label","HIGH","LABEL_FRAGMENT_OR_DEVICE","short label, slogan, heading or symbolic device rather than a proposition","https://twitter.com/Ph03n1x24/status/1132671753212387329 ⏎ Japan_public","SK_non_public ⏎ Q","70","86","https://8ch.net/qresearch/res/6592759.html#6593482","","","","","","","","","UNREVIEWED"
"3348","#3348","4","p3348-s004","G_CERTIFIED_CONTEXT_NOT_PAINTED","SK_non_public","1","UNHIGHLIGHTED","0","0","13","13","SK_non_public","NO","","","context","context: ""SK_non_public""","NO","NO","","fragment_or_label","HIGH","LABEL_FRAGMENT_OR_DEVICE","short label, slogan, heading or symbolic device rather than a proposition","https://twitter.com/Ph03n1x24/status/1132671753212387329 ⏎ Japan_public ⏎ China_non_public","Q","87","100","https://8ch.net/qresearch/res/6592759.html#6593482","","","","","","","","","UNREVIEWED"
"3353","#3353","4","p3353-s004","G_CERTIFIED_CONTEXT_NOT_PAINTED","(H)> C, D, I","1","UNHIGHLIGHTED","0","0","9","9","(H)> C, D, I","NO","","","context","context: ""(H)> C, D, I""","NO","NO","","fragment_or_label","HIGH","LABEL_FRAGMENT_OR_DEVICE","short label, slogan, heading or symbolic device rather than a proposition","What happens when those who held positions of POWER (& INFLUENCE) no longer pull the strings? ⏎ What happens when 'BLACKMAIL' no longer works? ⏎ Do you become a LIABILITY?","Q","168","180","https://8ch.net/qresearch/res/6954243.html#6954422","","","","","","","","","UNREVIEWED"
"3361","#3361","3","p3361-s003","G_CERTIFIED_CONTEXT_NOT_PAINTED","D5","2","UNHIGHLIGHTED","0","0","2","2","D5","NO","","","context","context: ""D5""","NO","NO","","fragment_or_label","HIGH","LABEL_FRAGMENT_OR_DEVICE","short label, slogan, heading or symbolic device rather than a proposition",">>6955485 ⏎ Many were disappointed w/ H report when released. ⏎ Just because the 'public' isn't aware of something……","Q","113","115","https://8ch.net/qresearch/res/6955001.html#6955571","","","","","","","","","UNREVIEWED"
"3364","#3364","2","p3364-s002","G_CERTIFIED_CONTEXT_NOT_PAINTED","Tarmac meetings_END","1","UNHIGHLIGHTED","0","0","18","18","Tarmac meetings_END","NO","","","context","context: ""Tarmac meetings_END""","NO","NO","","fragment_or_label","HIGH","LABEL_FRAGMENT_OR_DEVICE","short label, slogan, heading or symbolic device rather than a proposition",">>6956101 ⏎ What happens when Loretta Lynch can no longer provide legal cover for the Clinton's?","Q","95","114","https://8ch.net/qresearch/res/6955746.html#6956248","","","","","","","","","UNREVIEWED"
"3367","#3367","2","p3367-s002","G_CERTIFIED_CONTEXT_NOT_PAINTED","#MadHatter","1","UNHIGHLIGHTED","0","0","10","10","#MadHatter","NO","","","context","context: ""#MadHatter""","NO","NO","","fragment_or_label","HIGH","LABEL_FRAGMENT_OR_DEVICE","short label, slogan, heading or symbolic device rather than a proposition","How deep is the rabbit hole?","Q","29","39","https://8ch.net/qresearch/res/6956491.html#6957153","","","","","","","","","UNREVIEWED"
"3376","#3376","1","p3376-s001","G_CERTIFIED_CONTEXT_NOT_PAINTED","Placeholder population start Aug 2019","1","UNHIGHLIGHTED","0","0","33","33","Placeholder population start Aug 2019","NO","","","context","context: ""Placeholder population start Aug 2019""","NO","NO","","fragment_or_label","HIGH","LABEL_FRAGMENT_OR_DEVICE","short label, slogan, heading or symbolic device rather than a proposition",">>6958954","Q","10","47","https://8ch.net/qresearch/res/6958839.html#6959054","","","","","","","","","UNREVIEWED"
"3381","#3381","1","p3381-s001","G_CERTIFIED_CONTEXT_NOT_PAINTED","Example:","4","UNHIGHLIGHTED","0","0","8","8","Example:","NO","","","context","context: ""Example:""","NO","NO","","colon_or_semicolon_block","HIGH","CLAIM_CANDIDATE","declarative prose — decide Q-authored claim vs quoted claim vs aphorism","","Joe Biden (Vice President of the United States) ⏎ >Follow the Family ⏎ Corruption in DC > How to Get Rich ⏎ Are Liberals willfully blind or ……….? ⏎ https://www.washingtonexaminer.com/15b-contract-in-iraq-for-bidens-little-brot","0","8","https://8ch.net/qresearch/res/6960373.html#6960915","","","","","","","","","UNREVIEWED"
"3383","#3383","10","p3383-s010","G_CERTIFIED_CONTEXT_NOT_PAINTED","J.","1","UNHIGHLIGHTED","0","0","2","2","J.","NO","","","context","context: ""J. Biden son/brother net worth tens of millions?""","NO","NO","","complete_sentence","MEDIUM","CLAIM_CANDIDATE","declarative prose — decide Q-authored claim vs quoted claim vs aphorism","nded to all family members of such 'elected' official? ⏎ Would D's continue to push for Foreign Aid to other C's vs. the Homeland? ⏎ What happens when the kickbacks dry up? ⏎ M. Waters $4mm House? ⏎ N. Pelosi net worth $150mm+?","Biden son/brother net worth tens of millions?  ⏎ Clinton family $200mm+ (pre election of BC less than $1mm)? ⏎ Obama family $40mm+ (pre election less than $1mm)? ⏎ Disguised under book deals?  ⏎ …………. ⏎ Those who take are offered","484","486","https://8ch.net/qresearch/res/6961828.html#6961951","","","","","","","","","UNREVIEWED"
"3394","#3394","2","p3394-s002","G_CERTIFIED_CONTEXT_NOT_PAINTED","$15mm+ more (personally declared)","1","UNHIGHLIGHTED","0","0","30","30","$15mm+ more (personally declared)","NO","","","context","context: ""$15mm+ more (personally declared)""","NO","NO","","sentence_like_no_terminal","HIGH","CLAIM_CANDIDATE","declarative prose — decide Q-authored claim vs quoted claim vs aphorism","https://www.cnbc.com/2019/07/09/joe-biden-releases-tax-returns-during-2020-democratic-primary.html","What an amazing coincidence (think yesterday's drop). ⏎ Disguised under book deals?  ⏎ Q","99","132","https://8ch.net/qresearch/res/6970354.html#6970952","","","","","","","","","UNREVIEWED"
"3395","#3395","4","p3395-s004","G_CERTIFIED_CONTEXT_NOT_PAINTED","1+1 = 2","4","UNHIGHLIGHTED","0","0","5","5","1+1 = 2","NO","","","context","context: ""1+1 = 2""","NO","NO","","symbolic_or_numeric","HIGH","LABEL_FRAGMENT_OR_DEVICE","short label, slogan, heading or symbolic device rather than a proposition","https://www.whitehouse.gov/presidential-actions/executive-order-blocking-property-persons-involved-serious-human-rights-abuse-corruption/ ⏎ Worth remembering. ⏎ Planned?","Q","166","173","https://8ch.net/qresearch/res/6971876.html#6972283","","","","","","","","","UNREVIEWED"
"3407","#3407","1","p3407-s001","G_CERTIFIED_CONTEXT_NOT_PAINTED","Re: Border Fight","1","UNHIGHLIGHTED","0","0","14","14","Re: Border Fight","NO","","","context","context: ""Re: Border Fight""","NO","NO","","fragment_or_label","HIGH","LABEL_FRAGMENT_OR_DEVICE","short label, slogan, heading or symbolic device rather than a proposition","","Worth remembering. ⏎ Q","0","16","https://8ch.net/qresearch/res/6982032.html#6982404","","","","","","","","","UNREVIEWED"
"3410","#3410","5","p3410-s005","G_CERTIFIED_CONTEXT_NOT_PAINTED","1, 2, 3, 4, 5…..","1","UNHIGHLIGHTED","0","0","12","12","1, 2, 3, 4, 5…..","NO","","","context","context: ""1, 2, 3, 4, 5…..""","NO","NO","","symbolic_or_numeric","HIGH","LABEL_FRAGMENT_OR_DEVICE","short label, slogan, heading or symbolic device rather than a proposition","Stealth Bomber. ⏎ Date of 1st flight? ⏎ Date of Mueller's testimony? ⏎ A, B, C, D, E….","B(2) ⏎ Q","81","97","https://8ch.net/qresearch/res/6985108.html#6985423","","","","","","","","","UNREVIEWED"
"3410","#3410","6","p3410-s006","G_CERTIFIED_CONTEXT_NOT_PAINTED","B(2)","2","UNHIGHLIGHTED","0","0","4","4","B(2)","NO","","","context","context: ""B(2)""","NO","NO","","fragment_or_label","HIGH","LABEL_FRAGMENT_OR_DEVICE","short label, slogan, heading or symbolic device rather than a proposition","Stealth Bomber. ⏎ Date of 1st flight? ⏎ Date of Mueller's testimony? ⏎ A, B, C, D, E…. ⏎ 1, 2, 3, 4, 5…..","Q","98","102","https://8ch.net/qresearch/res/6985108.html#6985423","","","","","","","","","UNREVIEWED"
"3454","#3454","2","p3454-s002","G_CERTIFIED_CONTEXT_NOT_PAINTED","Primary Purpose of the Article:","1","UNHIGHLIGHTED","0","0","27","27","Primary Purpose of the Article:","NO","","","context","context: ""Primary Purpose of the Article:""","NO","NO","","colon_or_semicolon_block","HIGH","CLAIM_CANDIDATE","declarative prose — decide Q-authored claim vs quoted claim vs aphorism","https://abcnews.go.com/US/contractor-jeffrey-epstein-quit-concerns-revealing-pictures-topless/story?id=64406022","""A colorful building that some news reports have called the ""temple"" was actually a gym when Epstein worked out when he was on the island, Scully said, noting in an interview with ABC News that the gym had a memorable","112","143","https://8ch.net/qresearch/res/7087383.html#7087719","","","","","","","","","UNREVIEWED"
"3507","#3507","4","p3507-s004","G_CERTIFIED_CONTEXT_NOT_PAINTED","Key sentence:","1","PARTIAL_ONLY","66.67","0","4","12","Key ⋯ :","NO","theme","theme: ""sentence"" [221-229]","context","context: ""Key sentence:""","NO","NO","","colon_or_semicolon_block","HIGH","CLAIM_CANDIDATE","declarative prose — decide Q-authored claim vs quoted claim vs aphorism","[Smoke & Mirrors] ⏎ How do you attempt to keep the 'narrative' in play [control the 'sheep']? ⏎ https://www.foxnews.com/politics/dems-launch-impeachment-investigation-with-bid-for-grand-jury-info-insist-mueller-delivered","Nadler called the grand jury materials “critically important” for their investigation. ⏎ Does Nadler understand that the 'critically important' material requested would be illegal for AG Barr to disclose?  ⏎ https://www.nat","217","230","https://8ch.net/qresearch/res/7201664.html#7202101","","","","","","","","","UNREVIEWED"
"3512","#3512","1","p3512-s001","G_CERTIFIED_CONTEXT_NOT_PAINTED","#FLYDANFLY#","1","UNHIGHLIGHTED","0","0","11","11","#FLYDANFLY#","NO","","","context","context: ""#FLYDANFLY#""","NO","NO","","fragment_or_label","HIGH","LABEL_FRAGMENT_OR_DEVICE","short label, slogan, heading or symbolic device rather than a proposition","","Q","0","11","https://8ch.net/qresearch/res/7204764.html#7204977","","","","","","","","","UNREVIEWED"
"3521","#3521","2","p3521-s002","G_CERTIFIED_CONTEXT_NOT_PAINTED","Farms produce ………","1","UNHIGHLIGHTED","0","0","15","15","Farms produce ………","NO","","","context","context: ""Farms produce ………""","NO","NO","","fragment_or_label","HIGH","LABEL_FRAGMENT_OR_DEVICE","short label, slogan, heading or symbolic device rather than a proposition","https://twitter.com/DevinNunes/status/1155172807480754177","5:5 ⏎ Q","58","75","https://8ch.net/qresearch/res/7215689.html#7216170","","","","","","","","","UNREVIEWED"
"3533","#3533","3","p3533-s003","G_CERTIFIED_CONTEXT_NOT_PAINTED","53-47","4","UNHIGHLIGHTED","0","0","5","5","53-47","NO","","","context","context: ""53-47""","NO","NO","","symbolic_or_numeric","HIGH","LABEL_FRAGMENT_OR_DEVICE","short label, slogan, heading or symbolic device rather than a proposition","Reminder re: impeachment. ⏎ 2/3rd Senate vote required to impeach POTUS.","Logical thinking. ⏎ You are watching D's 'con' liberal base using 'hope' tactics while maintaining 'POTUS obstruction of Justice' FAKE NEWS narrative.  ⏎ Think 2020.  ⏎ Q","71","76","https://8ch.net/qresearch/res/7243050.html#7243093","","","","","","","","","UNREVIEWED"
"3534","#3534","5","p3534-s005","G_CERTIFIED_CONTEXT_NOT_PAINTED","The More You Know…","16","UNHIGHLIGHTED","0","0","15","15","The More You Know…","NO","","","context","context: ""The More You Know…""","NO","NO","","fragment_or_label","HIGH","LABEL_FRAGMENT_OR_DEVICE","short label, slogan, heading or symbolic device rather than a proposition","federal-human-trafficking-report/ ⏎ Maryland has second-most defendants charged in federal human trafficking cases? ⏎ Who represents Maryland in the House/Senate? ⏎ https://twitter.com/charliekirk11/status/1155812918467784704","Q","260","278","https://8ch.net/qresearch/res/7243050.html#7243401","","","","","","","","","UNREVIEWED"
"3543","#3543","2","p3543-s002","G_CERTIFIED_CONTEXT_NOT_PAINTED","Speed accelerated +5","1","UNHIGHLIGHTED","0","0","18","18","Speed accelerated +5","NO","","","context","context: ""Speed accelerated +5""","NO","NO","","fragment_or_label","HIGH","LABEL_FRAGMENT_OR_DEVICE","short label, slogan, heading or symbolic device rather than a proposition","https://twitter.com/ReIncarnatedET/status/1155927864820109312","Q","62","82","https://8ch.net/qresearch/res/7246886.html#7247095","","","","","","","","","UNREVIEWED"
"3549","#3549","1","p3549-s001","G_CERTIFIED_CONTEXT_NOT_PAINTED","Package D-g","1","UNHIGHLIGHTED","0","0","10","10","Package D-g","NO","","","context","context: ""Package D-g""","NO","NO","","fragment_or_label","HIGH","LABEL_FRAGMENT_OR_DEVICE","short label, slogan, heading or symbolic device rather than a proposition","","[ROUTE_REL_29182_y] ⏎ 00:00:00+4 ⏎ 00:00:00+3 ⏎ 00:00:00+2","0","11","https://8ch.net/patriotsfight/res/440.html#473","","","","","","","","","UNREVIEWED"
"3550","#3550","1","p3550-s001","G_CERTIFIED_CONTEXT_NOT_PAINTED","_Hot8","1","UNHIGHLIGHTED","0","0","5","5","_Hot8","NO","","","context","context: ""_Hot8""","NO","NO","","fragment_or_label","HIGH","LABEL_FRAGMENT_OR_DEVICE","short label, slogan, heading or symbolic device rather than a proposition","","_Hot9 ⏎ _Red_Red_y_ ⏎ _FREEDOM_mark1-99_y ⏎ Pc_sigD ⏎ Conf_net[w1]","0","5","https://8ch.net/patriotsfight/res/440.html#474","","","","","","","","","UNREVIEWED"
"3550","#3550","2","p3550-s002","G_CERTIFIED_CONTEXT_NOT_PAINTED","_Hot9","1","UNHIGHLIGHTED","0","0","5","5","_Hot9","NO","","","context","context: ""_Hot9""","NO","NO","","fragment_or_label","HIGH","LABEL_FRAGMENT_OR_DEVICE","short label, slogan, heading or symbolic device rather than a proposition","_Hot8","_Red_Red_y_ ⏎ _FREEDOM_mark1-99_y ⏎ Pc_sigD ⏎ Conf_net[w1]","6","11","https://8ch.net/patriotsfight/res/440.html#474","","","","","","","","","UNREVIEWED"
"3550","#3550","3","p3550-s003","G_CERTIFIED_CONTEXT_NOT_PAINTED","_Red_Red_y_","1","UNHIGHLIGHTED","0","0","11","11","_Red_Red_y_","NO","","","context","context: ""_Red_Red_y_""","NO","NO","","fragment_or_label","HIGH","LABEL_FRAGMENT_OR_DEVICE","short label, slogan, heading or symbolic device rather than a proposition","_Hot8 ⏎ _Hot9","_FREEDOM_mark1-99_y ⏎ Pc_sigD ⏎ Conf_net[w1]","12","23","https://8ch.net/patriotsfight/res/440.html#474","","","","","","","","","UNREVIEWED"
"3550","#3550","4","p3550-s004","G_CERTIFIED_CONTEXT_NOT_PAINTED","_FREEDOM_mark1-99_y","1","UNHIGHLIGHTED","0","0","19","19","_FREEDOM_mark1-99_y","NO","","","context","context: ""_FREEDOM_mark1-99_y""","NO","NO","","fragment_or_label","HIGH","LABEL_FRAGMENT_OR_DEVICE","short label, slogan, heading or symbolic device rather than a proposition","_Hot8 ⏎ _Hot9 ⏎ _Red_Red_y_","Pc_sigD ⏎ Conf_net[w1]","24","43","https://8ch.net/patriotsfight/res/440.html#474","","","","","","","","","UNREVIEWED"
"3550","#3550","5","p3550-s005","G_CERTIFIED_CONTEXT_NOT_PAINTED","Pc_sigD","1","UNHIGHLIGHTED","0","0","7","7","Pc_sigD","NO","","","context","context: ""Pc_sigD""","NO","NO","","fragment_or_label","HIGH","LABEL_FRAGMENT_OR_DEVICE","short label, slogan, heading or symbolic device rather than a proposition","_Hot8 ⏎ _Hot9 ⏎ _Red_Red_y_ ⏎ _FREEDOM_mark1-99_y","Conf_net[w1]","44","51","https://8ch.net/patriotsfight/res/440.html#474","","","","","","","","","UNREVIEWED"
"3550","#3550","6","p3550-s006","G_CERTIFIED_CONTEXT_NOT_PAINTED","Conf_net[w1]","1","PARTIAL_ONLY","33.33","0","8","12","Conf_net","NO","bracketCode","bracketCode: ""[w1]"" [60-64]","context","context: ""Conf_net[w1]""","NO","NO","","fragment_or_label","HIGH","LABEL_FRAGMENT_OR_DEVICE","short label, slogan, heading or symbolic device rather than a proposition","_Hot8 ⏎ _Hot9 ⏎ _Red_Red_y_ ⏎ _FREEDOM_mark1-99_y ⏎ Pc_sigD","","52","64","https://8ch.net/patriotsfight/res/440.html#474","","","","","","","","","UNREVIEWED"
"3551","#3551","1","p3551-s001","G_CERTIFIED_CONTEXT_NOT_PAINTED","(3)","23","UNHIGHLIGHTED","0","0","3","3","(3)","NO","","","context","context: ""(3)""","NO","NO","","symbolic_or_numeric","HIGH","LABEL_FRAGMENT_OR_DEVICE","short label, slogan, heading or symbolic device rather than a proposition","","D-g ⏎                                                 1-2H ⏎ insert_key","29","32","https://8ch.net/patriotsfight/res/440.html#475","","","","","","","","","UNREVIEWED"
"3551","#3551","2","p3551-s002","G_CERTIFIED_CONTEXT_NOT_PAINTED","D-g","1","UNHIGHLIGHTED","0","0","3","3","D-g","NO","","","context","context: ""D-g""","NO","NO","","fragment_or_label","HIGH","LABEL_FRAGMENT_OR_DEVICE","short label, slogan, heading or symbolic device rather than a proposition","(3)","1-2H ⏎ insert_key","46","49","https://8ch.net/patriotsfight/res/440.html#475","","","","","","","","","UNREVIEWED"
"3560","#3560","1","p3560-s001","G_CERTIFIED_CONTEXT_NOT_PAINTED","News unlocks…","1","UNHIGHLIGHTED","0","0","12","12","News unlocks…","NO","","","context","context: ""News unlocks…""","NO","NO","","fragment_or_label","HIGH","LABEL_FRAGMENT_OR_DEVICE","short label, slogan, heading or symbolic device rather than a proposition",">>7261053","5:5? ⏎ Q","10","23","https://8ch.net/qresearch/res/7260876.html#7261101","","","","","","","","","UNREVIEWED"
"3563","#3563","3","p3563-s003","G_CERTIFIED_CONTEXT_NOT_PAINTED","The More You Know…","16","UNHIGHLIGHTED","0","0","15","15","The More You Know…","NO","","","context","context: ""The More You Know…""","NO","NO","","fragment_or_label","HIGH","LABEL_FRAGMENT_OR_DEVICE","short label, slogan, heading or symbolic device rather than a proposition","rency-act ⏎ https://www.documentcloud.org/documents/2861873-Senator-Grassley-s-report-on-the-Red-Cross-June.html ⏎ https://www.npr.org/2016/06/16/482020436/senators-report-finds-fundamental-concerns-about-red-cross-finances","MSM coverage? ⏎ When you control the media, you control public opinion.  ⏎ Q","411","429","https://8ch.net/qresearch/res/7260876.html#7261689","","","","","","","","","UNREVIEWED"
"3571","#3571","1","p3571-s001","G_CERTIFIED_CONTEXT_NOT_PAINTED","/BAS_Test/2","1","UNHIGHLIGHTED","0","0","11","11","/BAS_Test/2","NO","","","context","context: ""/BAS_Test/2""","NO","NO","","fragment_or_label","HIGH","LABEL_FRAGMENT_OR_DEVICE","short label, slogan, heading or symbolic device rather than a proposition","","","0","11","https://8kun.net/qresearch/res/7307489.html#7350508","","","","","","","","","UNREVIEWED"
"3572","#3572","1","p3572-s001","G_CERTIFIED_CONTEXT_NOT_PAINTED","/SEC_config_A/1","1","UNHIGHLIGHTED","0","0","15","15","/SEC_config_A/1","NO","","","context","context: ""/SEC_config_A/1""","NO","NO","","fragment_or_label","HIGH","LABEL_FRAGMENT_OR_DEVICE","short label, slogan, heading or symbolic device rather than a proposition","","/SEC_config_A1/2 ⏎ /SEC_config_A2/3 ⏎ /SEC_config_D/1 ⏎ /SEC_config_D1/2 ⏎ /SEC_run_COMM]s/ ⏎ /SAFE_2/ ⏎ /DoD_route_1-9/ ⏎ /DoD_route_10-19/ ⏎ /DoD_route_20-29/ ⏎ /DoD_route_9999999/ ⏎ /DoD_pack_1-99/ ⏎ Q","0","15","https://8kun.net/qresearch/res/7307489.html#7350518","","","","","","","","","UNREVIEWED"
"3572","#3572","2","p3572-s002","G_CERTIFIED_CONTEXT_NOT_PAINTED","/SEC_config_A1/2","1","UNHIGHLIGHTED","0","0","16","16","/SEC_config_A1/2","NO","","","context","context: ""/SEC_config_A1/2""","NO","NO","","fragment_or_label","HIGH","LABEL_FRAGMENT_OR_DEVICE","short label, slogan, heading or symbolic device rather than a proposition","/SEC_config_A/1","/SEC_config_A2/3 ⏎ /SEC_config_D/1 ⏎ /SEC_config_D1/2 ⏎ /SEC_run_COMM]s/ ⏎ /SAFE_2/ ⏎ /DoD_route_1-9/ ⏎ /DoD_route_10-19/ ⏎ /DoD_route_20-29/ ⏎ /DoD_route_9999999/ ⏎ /DoD_pack_1-99/ ⏎ Q","16","32","https://8kun.net/qresearch/res/7307489.html#7350518","","","","","","","","","UNREVIEWED"
"3572","#3572","3","p3572-s003","G_CERTIFIED_CONTEXT_NOT_PAINTED","/SEC_config_A2/3","1","UNHIGHLIGHTED","0","0","16","16","/SEC_config_A2/3","NO","","","context","context: ""/SEC_config_A2/3""","NO","NO","","fragment_or_label","HIGH","LABEL_FRAGMENT_OR_DEVICE","short label, slogan, heading or symbolic device rather than a proposition","/SEC_config_A/1 ⏎ /SEC_config_A1/2","/SEC_config_D/1 ⏎ /SEC_config_D1/2 ⏎ /SEC_run_COMM]s/ ⏎ /SAFE_2/ ⏎ /DoD_route_1-9/ ⏎ /DoD_route_10-19/ ⏎ /DoD_route_20-29/ ⏎ /DoD_route_9999999/ ⏎ /DoD_pack_1-99/ ⏎ Q","33","49","https://8kun.net/qresearch/res/7307489.html#7350518","","","","","","","","","UNREVIEWED"
"3572","#3572","4","p3572-s004","G_CERTIFIED_CONTEXT_NOT_PAINTED","/SEC_config_D/1","1","UNHIGHLIGHTED","0","0","15","15","/SEC_config_D/1","NO","","","context","context: ""/SEC_config_D/1""","NO","NO","","fragment_or_label","HIGH","LABEL_FRAGMENT_OR_DEVICE","short label, slogan, heading or symbolic device rather than a proposition","/SEC_config_A/1 ⏎ /SEC_config_A1/2 ⏎ /SEC_config_A2/3","/SEC_config_D1/2 ⏎ /SEC_run_COMM]s/ ⏎ /SAFE_2/ ⏎ /DoD_route_1-9/ ⏎ /DoD_route_10-19/ ⏎ /DoD_route_20-29/ ⏎ /DoD_route_9999999/ ⏎ /DoD_pack_1-99/ ⏎ Q","50","65","https://8kun.net/qresearch/res/7307489.html#7350518","","","","","","","","","UNREVIEWED"
"3572","#3572","5","p3572-s005","G_CERTIFIED_CONTEXT_NOT_PAINTED","/SEC_config_D1/2","1","UNHIGHLIGHTED","0","0","16","16","/SEC_config_D1/2","NO","","","context","context: ""/SEC_config_D1/2""","NO","NO","","fragment_or_label","HIGH","LABEL_FRAGMENT_OR_DEVICE","short label, slogan, heading or symbolic device rather than a proposition","/SEC_config_A/1 ⏎ /SEC_config_A1/2 ⏎ /SEC_config_A2/3 ⏎ /SEC_config_D/1","/SEC_run_COMM]s/ ⏎ /SAFE_2/ ⏎ /DoD_route_1-9/ ⏎ /DoD_route_10-19/ ⏎ /DoD_route_20-29/ ⏎ /DoD_route_9999999/ ⏎ /DoD_pack_1-99/ ⏎ Q","66","82","https://8kun.net/qresearch/res/7307489.html#7350518","","","","","","","","","UNREVIEWED"
"3572","#3572","6","p3572-s006","G_CERTIFIED_CONTEXT_NOT_PAINTED","/SEC_run_COMM]s/","1","UNHIGHLIGHTED","0","0","16","16","/SEC_run_COMM]s/","NO","","","context","context: ""/SEC_run_COMM]s/""","NO","NO","","fragment_or_label","HIGH","LABEL_FRAGMENT_OR_DEVICE","short label, slogan, heading or symbolic device rather than a proposition","/SEC_config_A/1 ⏎ /SEC_config_A1/2 ⏎ /SEC_config_A2/3 ⏎ /SEC_config_D/1 ⏎ /SEC_config_D1/2","/SAFE_2/ ⏎ /DoD_route_1-9/ ⏎ /DoD_route_10-19/ ⏎ /DoD_route_20-29/ ⏎ /DoD_route_9999999/ ⏎ /DoD_pack_1-99/ ⏎ Q","83","99","https://8kun.net/qresearch/res/7307489.html#7350518","","","","","","","","","UNREVIEWED"
"3572","#3572","8","p3572-s008","G_CERTIFIED_CONTEXT_NOT_PAINTED","/DoD_route_1-9/","1","PARTIAL_ONLY","20","0","12","15","/ ⋯ _route_1-9/","NO","namedEntity","namedEntity: ""DoD"" [110-113]","context","context: ""/DoD_route_1-9/""","NO","NO","","fragment_or_label","HIGH","LABEL_FRAGMENT_OR_DEVICE","short label, slogan, heading or symbolic device rather than a proposition","/SEC_config_A/1 ⏎ /SEC_config_A1/2 ⏎ /SEC_config_A2/3 ⏎ /SEC_config_D/1 ⏎ /SEC_config_D1/2 ⏎ /SEC_run_COMM]s/ ⏎ /SAFE_2/","/DoD_route_10-19/ ⏎ /DoD_route_20-29/ ⏎ /DoD_route_9999999/ ⏎ /DoD_pack_1-99/ ⏎ Q","109","124","https://8kun.net/qresearch/res/7307489.html#7350518","","","","","","","","","UNREVIEWED"
"3572","#3572","9","p3572-s009","G_CERTIFIED_CONTEXT_NOT_PAINTED","/DoD_route_10-19/","1","PARTIAL_ONLY","17.65","0","14","17","/ ⋯ _route_10-19/","NO","namedEntity","namedEntity: ""DoD"" [126-129]","context","context: ""/DoD_route_10-19/""","NO","NO","","fragment_or_label","HIGH","LABEL_FRAGMENT_OR_DEVICE","short label, slogan, heading or symbolic device rather than a proposition","/SEC_config_A/1 ⏎ /SEC_config_A1/2 ⏎ /SEC_config_A2/3 ⏎ /SEC_config_D/1 ⏎ /SEC_config_D1/2 ⏎ /SEC_run_COMM]s/ ⏎ /SAFE_2/ ⏎ /DoD_route_1-9/","/DoD_route_20-29/ ⏎ /DoD_route_9999999/ ⏎ /DoD_pack_1-99/ ⏎ Q","125","142","https://8kun.net/qresearch/res/7307489.html#7350518","","","","","","","","","UNREVIEWED"
"3572","#3572","10","p3572-s010","G_CERTIFIED_CONTEXT_NOT_PAINTED","/DoD_route_20-29/","1","PARTIAL_ONLY","17.65","0","14","17","/ ⋯ _route_20-29/","NO","namedEntity","namedEntity: ""DoD"" [144-147]","context","context: ""/DoD_route_20-29/""","NO","NO","","fragment_or_label","HIGH","LABEL_FRAGMENT_OR_DEVICE","short label, slogan, heading or symbolic device rather than a proposition","/SEC_config_A/1 ⏎ /SEC_config_A1/2 ⏎ /SEC_config_A2/3 ⏎ /SEC_config_D/1 ⏎ /SEC_config_D1/2 ⏎ /SEC_run_COMM]s/ ⏎ /SAFE_2/ ⏎ /DoD_route_1-9/ ⏎ /DoD_route_10-19/","/DoD_route_9999999/ ⏎ /DoD_pack_1-99/ ⏎ Q","143","160","https://8kun.net/qresearch/res/7307489.html#7350518","","","","","","","","","UNREVIEWED"
"3572","#3572","11","p3572-s011","G_CERTIFIED_CONTEXT_NOT_PAINTED","/DoD_route_9999999/","1","PARTIAL_ONLY","15.79","0","16","19","/ ⋯ _route_9999999/","NO","namedEntity","namedEntity: ""DoD"" [162-165]","context","context: ""/DoD_route_9999999/""","NO","NO","","fragment_or_label","HIGH","LABEL_FRAGMENT_OR_DEVICE","short label, slogan, heading or symbolic device rather than a proposition","/SEC_config_A/1 ⏎ /SEC_config_A1/2 ⏎ /SEC_config_A2/3 ⏎ /SEC_config_D/1 ⏎ /SEC_config_D1/2 ⏎ /SEC_run_COMM]s/ ⏎ /SAFE_2/ ⏎ /DoD_route_1-9/ ⏎ /DoD_route_10-19/ ⏎ /DoD_route_20-29/","/DoD_pack_1-99/ ⏎ Q","161","180","https://8kun.net/qresearch/res/7307489.html#7350518","","","","","","","","","UNREVIEWED"
"3572","#3572","12","p3572-s012","G_CERTIFIED_CONTEXT_NOT_PAINTED","/DoD_pack_1-99/","1","PARTIAL_ONLY","20","0","12","15","/ ⋯ _pack_1-99/","NO","namedEntity","namedEntity: ""DoD"" [182-185]","context","context: ""/DoD_pack_1-99/""","NO","NO","","fragment_or_label","HIGH","LABEL_FRAGMENT_OR_DEVICE","short label, slogan, heading or symbolic device rather than a proposition","/SEC_config_A/1 ⏎ /SEC_config_A1/2 ⏎ /SEC_config_A2/3 ⏎ /SEC_config_D/1 ⏎ /SEC_config_D1/2 ⏎ /SEC_run_COMM]s/ ⏎ /SAFE_2/ ⏎ /DoD_route_1-9/ ⏎ /DoD_route_10-19/ ⏎ /DoD_route_20-29/ ⏎ /DoD_route_9999999/","Q","181","196","https://8kun.net/qresearch/res/7307489.html#7350518","","","","","","","","","UNREVIEWED"
"3574","#3574","2","p3574-s002","G_CERTIFIED_CONTEXT_NOT_PAINTED","RIG FOR RED","1","UNHIGHLIGHTED","0","0","9","9","RIG FOR RED","NO","","","context","context: ""RIG FOR RED""","NO","NO","","sentence_like_no_terminal","HIGH","CLAIM_CANDIDATE","declarative prose — decide Q-authored claim vs quoted claim vs aphorism","https://twitter.com/3Days3Nights/status/1190742277771202560 ⏎ https://twitter.com/SayWhenLA/status/1190757918712434689","Q","117","128","https://8kun.net/qresearch/res/7307489.html#7350650","","","","","","","","","UNREVIEWED"
"3575","#3575","1","p3575-s001","G_CERTIFIED_CONTEXT_NOT_PAINTED","/deC/","1","UNHIGHLIGHTED","0","0","5","5","/deC/","NO","","","context","context: ""/deC/""","NO","NO","","fragment_or_label","HIGH","LABEL_FRAGMENT_OR_DEVICE","short label, slogan, heading or symbolic device rather than a proposition","","Q","0","5","https://8kun.net/qresearch/res/7307489.html#7352566","","","","","","","","","UNREVIEWED"
"3576","#3576","1","p3576-s001","G_CERTIFIED_CONTEXT_NOT_PAINTED","/agg_recir_deC/","1","UNHIGHLIGHTED","0","0","15","15","/agg_recir_deC/","NO","","","context","context: ""/agg_recir_deC/""","NO","NO","","fragment_or_label","HIGH","LABEL_FRAGMENT_OR_DEVICE","short label, slogan, heading or symbolic device rather than a proposition","","Q","0","15","https://8kun.net/qresearch/res/7307489.html#7352572","","","","","","","","","UNREVIEWED"
"3579","#3579","1","p3579-s001","G_CERTIFIED_CONTEXT_NOT_PAINTED","/agg_image_failure/","1","UNHIGHLIGHTED","0","0","19","19","/agg_image_failure/","NO","","","context","context: ""/agg_image_failure/""","NO","NO","","fragment_or_label","HIGH","LABEL_FRAGMENT_OR_DEVICE","short label, slogan, heading or symbolic device rather than a proposition","","/route_DoD_11.11.18/ ⏎ America Will Be Unified Again. ⏎ Future Proves Past. ⏎ Q","0","19","https://8kun.net/qresearch/res/7307489.html#7352751","","","","","","","","","UNREVIEWED"
"3579","#3579","2","p3579-s002","G_CERTIFIED_CONTEXT_NOT_PAINTED","/route_DoD_11.11.18/","1","PARTIAL_ONLY","15","0","17","20","/route_ ⋯ _11.11.18/","NO","namedEntity","namedEntity: ""DoD"" [27-30]","context","context: ""/route_DoD_11.11.18/""","NO","NO","","fragment_or_label","HIGH","LABEL_FRAGMENT_OR_DEVICE","short label, slogan, heading or symbolic device rather than a proposition","/agg_image_failure/","America Will Be Unified Again. ⏎ Future Proves Past. ⏎ Q","20","40","https://8kun.net/qresearch/res/7307489.html#7352751","","","","","","","","","UNREVIEWED"
"3584","#3584","1","p3584-s001","G_CERTIFIED_CONTEXT_NOT_PAINTED","GOOG whistleblower","1","PARTIAL_ONLY","76.47","0","4","17","GOOG","NO","theme","theme: ""whistleblower"" [5-18]","context","context: ""GOOG whistleblower""","NO","NO","","fragment_or_label","HIGH","LABEL_FRAGMENT_OR_DEVICE","short label, slogan, heading or symbolic device rather than a proposition","","Project DeepMind? ⏎ “AI Manhattan Project.” ⏎ https://www.breitbart.com/tech/2019/10/14/whistleblower-google-is-developing-ai-for-planetary-surveillance/ ⏎ [Feb 18 2018] ⏎ “Project DeepDream v2[A]?” – Q ⏎ Do you believe in coinci","0","18","https://8kun.net/qresearch/res/7307489.html#7352944","","","","","","","","","UNREVIEWED"
"3590","#3590","7","p3590-s007","G_CERTIFIED_CONTEXT_NOT_PAINTED","Pelosi's son","1","PARTIAL_ONLY","54.55","0","5","11","'s son","NO","namedEntity","namedEntity: ""Pelosi"" [251-257]","context","context: ""Pelosi's son""","NO","NO","","fragment_or_label","HIGH","LABEL_FRAGMENT_OR_DEVICE","short label, slogan, heading or symbolic device rather than a proposition","/sites/default/files/constituents/2017-07-20%20CEG%20to%20DOJ%20%28Ukraine%20DNC%20FARA%29.pdf ⏎ Read carefully. ⏎ Re-read carefully. ⏎ Spy_insert [EC] known? ⏎ Re-read drops re: Spy_insert. ⏎ What do these people have in common?","Kerry's son ⏎ Romney's son ⏎ Biden's son ⏎ Hint: Geo location: Ukraine ⏎ Hint: Energy ⏎ Coincidence? ⏎ When [GS] calls, D's always answer. ⏎ Nothing can stop what is coming. ⏎ Nothing! ⏎ Q","251","263","https://8kun.net/qresearch/res/7353978.html#7354186","","","","","","","","","UNREVIEWED"
"3590","#3590","8","p3590-s008","G_CERTIFIED_CONTEXT_NOT_PAINTED","Kerry's son","1","PARTIAL_ONLY","50","0","5","10","'s son","NO","namedEntity","namedEntity: ""Kerry"" [264-269]","context","context: ""Kerry's son""","NO","NO","","fragment_or_label","HIGH","LABEL_FRAGMENT_OR_DEVICE","short label, slogan, heading or symbolic device rather than a proposition","t/files/constituents/2017-07-20%20CEG%20to%20DOJ%20%28Ukraine%20DNC%20FARA%29.pdf ⏎ Read carefully. ⏎ Re-read carefully. ⏎ Spy_insert [EC] known? ⏎ Re-read drops re: Spy_insert. ⏎ What do these people have in common? ⏎ Pelosi's son","Romney's son ⏎ Biden's son ⏎ Hint: Geo location: Ukraine ⏎ Hint: Energy ⏎ Coincidence? ⏎ When [GS] calls, D's always answer. ⏎ Nothing can stop what is coming. ⏎ Nothing! ⏎ Q","264","275","https://8kun.net/qresearch/res/7353978.html#7354186","","","","","","","","","UNREVIEWED"
"3590","#3590","9","p3590-s009","G_CERTIFIED_CONTEXT_NOT_PAINTED","Romney's son","1","UNHIGHLIGHTED","0","0","11","11","Romney's son","NO","","","context","context: ""Romney's son""","NO","NO","","fragment_or_label","HIGH","LABEL_FRAGMENT_OR_DEVICE","short label, slogan, heading or symbolic device rather than a proposition","tituents/2017-07-20%20CEG%20to%20DOJ%20%28Ukraine%20DNC%20FARA%29.pdf ⏎ Read carefully. ⏎ Re-read carefully. ⏎ Spy_insert [EC] known? ⏎ Re-read drops re: Spy_insert. ⏎ What do these people have in common? ⏎ Pelosi's son ⏎ Kerry's son","Biden's son ⏎ Hint: Geo location: Ukraine ⏎ Hint: Energy ⏎ Coincidence? ⏎ When [GS] calls, D's always answer. ⏎ Nothing can stop what is coming. ⏎ Nothing! ⏎ Q","276","288","https://8kun.net/qresearch/res/7353978.html#7354186","","","","","","","","","UNREVIEWED"
"3590","#3590","10","p3590-s010","G_CERTIFIED_CONTEXT_NOT_PAINTED","Biden's son","1","PARTIAL_ONLY","50","0","5","10","'s son","NO","namedEntity","namedEntity: ""Biden"" [289-294]","context","context: ""Biden's son""","NO","NO","","fragment_or_label","HIGH","LABEL_FRAGMENT_OR_DEVICE","short label, slogan, heading or symbolic device rather than a proposition","-07-20%20CEG%20to%20DOJ%20%28Ukraine%20DNC%20FARA%29.pdf ⏎ Read carefully. ⏎ Re-read carefully. ⏎ Spy_insert [EC] known? ⏎ Re-read drops re: Spy_insert. ⏎ What do these people have in common? ⏎ Pelosi's son ⏎ Kerry's son ⏎ Romney's son","Hint: Geo location: Ukraine ⏎ Hint: Energy ⏎ Coincidence? ⏎ When [GS] calls, D's always answer. ⏎ Nothing can stop what is coming. ⏎ Nothing! ⏎ Q","289","300","https://8kun.net/qresearch/res/7353978.html#7354186","","","","","","","","","UNREVIEWED"
"3598","#3598","5","p3598-s005","G_CERTIFIED_CONTEXT_NOT_PAINTED","Whole or (parts) - break/break","1","UNHIGHLIGHTED","0","0","26","26","Whole or (parts) - break/break","NO","","","context","context: ""Whole or (parts) - break/break""","NO","NO","","fragment_or_label","HIGH","LABEL_FRAGMENT_OR_DEVICE","short label, slogan, heading or symbolic device rather than a proposition","https://twitter.com/stormypatriot21/status/1195416791431995392 ⏎ ""Whistle Blower Traps"" ⏎ [Mar 4 2018] ⏎ 'Trap' keyword select provided…..","You have more than you know. ⏎ Future proves past. ⏎ Q","133","163","https://8kun.net/qresearch/res/7355098.html#7356017","","","","","","","","","UNREVIEWED"
"3602","#3602","5","p3602-s005","G_CERTIFIED_CONTEXT_NOT_PAINTED","Dark > Light","2","UNHIGHLIGHTED","0","0","10","10","Dark > Light","NO","","","context","context: ""Dark > Light""","NO","NO","","fragment_or_label","HIGH","LABEL_FRAGMENT_OR_DEVICE","short label, slogan, heading or symbolic device rather than a proposition","https://www.starwars.com/games-apps/star-wars-commander ⏎ How do 'select' bad actors attempt comms w/o SIGINT collection? ⏎ Rebellion or Empire? ⏎ Private [invite only] faction(s)?","Q","175","187","https://8kun.net/qresearch/res/7356269.html#7356331","","","","","","","","","UNREVIEWED"
"3606","#3606","2","p3606-s002","G_CERTIFIED_CONTEXT_NOT_PAINTED","-END-","6","UNHIGHLIGHTED","0","0","5","5","-END-","NO","","","context","context: ""-END-""","NO","NO","","fragment_or_label","HIGH","LABEL_FRAGMENT_OR_DEVICE","short label, slogan, heading or symbolic device rather than a proposition","There is no STEP FIVE.","Q","23","28","https://8kun.net/qresearch/res/7354957.html#7358029","","","","","","","","","UNREVIEWED"
"3607","#3607","6","p3607-s006","G_CERTIFIED_CONTEXT_NOT_PAINTED","SHEEP NO MORE","1","UNHIGHLIGHTED","0","0","11","11","SHEEP NO MORE","NO","","","context","context: ""SHEEP NO MORE""","NO","NO","","fragment_or_label","HIGH","LABEL_FRAGMENT_OR_DEVICE","short label, slogan, heading or symbolic device rather than a proposition","[D] party corruption? ⏎ What happens when the PUBLIC discovers the TRUTH re: [FAKE NEWS] coordination w: [D] party to conceal, shelter, and protect those criminally responsible?  ⏎ Define 'Projection'.  ⏎ THE GREAT AWAKENING","WWG1WGA!!! ⏎ Q","345","358","https://8kun.net/qresearch/res/7355098.html#7358318","","","","","","","","","UNREVIEWED"
"3627","#3627","1","p3627-s001","G_CERTIFIED_CONTEXT_NOT_PAINTED","Future trip(c) re_verify:","1","UNHIGHLIGHTED","0","0","23","23","Future trip(c) re_verify:","NO","","","context","context: ""Future trip(c) re_verify:""","NO","NO","","colon_or_semicolon_block","HIGH","CLAIM_CANDIDATE","declarative prose — decide Q-authored claim vs quoted claim vs aphorism","","Notebook ⏎ Pen ⏎ Watch  ⏎ Desk ⏎ —————— ⏎ Anon interaction coming soon. ⏎ Q","0","25","https://8kun.net/qresearch/res/7366195.html#7366783","","","","","","","","","UNREVIEWED"
"3627","#3627","2","p3627-s002","G_CERTIFIED_CONTEXT_NOT_PAINTED","Notebook","1","UNHIGHLIGHTED","0","0","8","8","Notebook","NO","","","context","context: ""Notebook""","NO","NO","","fragment_or_label","HIGH","LABEL_FRAGMENT_OR_DEVICE","short label, slogan, heading or symbolic device rather than a proposition","Future trip(c) re_verify:","Pen ⏎ Watch  ⏎ Desk ⏎ —————— ⏎ Anon interaction coming soon. ⏎ Q","26","34","https://8kun.net/qresearch/res/7366195.html#7366783","","","","","","","","","UNREVIEWED"
"3627","#3627","3","p3627-s003","G_CERTIFIED_CONTEXT_NOT_PAINTED","Pen","1","UNHIGHLIGHTED","0","0","3","3","Pen","NO","","","context","context: ""Pen""","NO","NO","","fragment_or_label","HIGH","LABEL_FRAGMENT_OR_DEVICE","short label, slogan, heading or symbolic device rather than a proposition","Future trip(c) re_verify: ⏎ Notebook","Watch  ⏎ Desk ⏎ —————— ⏎ Anon interaction coming soon. ⏎ Q","35","38","https://8kun.net/qresearch/res/7366195.html#7366783","","","","","","","","","UNREVIEWED"
"3627","#3627","5","p3627-s005","G_CERTIFIED_CONTEXT_NOT_PAINTED","Desk","1","UNHIGHLIGHTED","0","0","4","4","Desk","NO","","","context","context: ""Desk""","NO","NO","","fragment_or_label","HIGH","LABEL_FRAGMENT_OR_DEVICE","short label, slogan, heading or symbolic device rather than a proposition","Future trip(c) re_verify: ⏎ Notebook ⏎ Pen ⏎ Watch","—————— ⏎ Anon interaction coming soon. ⏎ Q","46","50","https://8kun.net/qresearch/res/7366195.html#7366783","","","","","","","","","UNREVIEWED"
"3629","#3629","2","p3629-s002","G_CERTIFIED_CONTEXT_NOT_PAINTED","/projectDcomms/","1","UNHIGHLIGHTED","0","0","15","15","/projectDcomms/","NO","","","context","context: ""/projectDcomms/""","NO","NO","","fragment_or_label","HIGH","LABEL_FRAGMENT_OR_DEVICE","short label, slogan, heading or symbolic device rather than a proposition","New board created [pending approval /CM/]","Q","42","57","https://8kun.net/qresearch/res/7370113.html#7370269","","","","","","","","","UNREVIEWED"
"3630","#3630","3","p3630-s003","G_CERTIFIED_CONTEXT_NOT_PAINTED","_NATSEC_p_upload_1.v1","1","UNHIGHLIGHTED","0","0","21","21","_NATSEC_p_upload_1.v1","NO","","","context","context: ""_NATSEC_p_upload_1.v1""","NO","NO","","fragment_or_label","HIGH","LABEL_FRAGMENT_OR_DEVICE","short label, slogan, heading or symbolic device rather than a proposition","We stand UNITED. ⏎ WWG1WGA!!!","Q","28","49","https://8kun.net/qresearch/res/7370113.html#7370291","","","","","","","","","UNREVIEWED"
"3631","#3631","3","p3631-s003","G_CERTIFIED_CONTEXT_NOT_PAINTED","_NATSEC_p_upload_2.v1","1","UNHIGHLIGHTED","0","0","21","21","_NATSEC_p_upload_2.v1","NO","","","context","context: ""_NATSEC_p_upload_2.v1""","NO","NO","","fragment_or_label","HIGH","LABEL_FRAGMENT_OR_DEVICE","short label, slogan, heading or symbolic device rather than a proposition","We stand UNITED! ⏎ WWG1WGA!!!","Q","28","49","https://8kun.net/qresearch/res/7370113.html#7370323","","","","","","","","","UNREVIEWED"
"3637","#3637","1","p3637-s001","G_CERTIFIED_CONTEXT_NOT_PAINTED","/start/","1","UNHIGHLIGHTED","0","0","7","7","/start/","NO","","","context","context: ""/start/""","NO","NO","","fragment_or_label","HIGH","LABEL_FRAGMENT_OR_DEVICE","short label, slogan, heading or symbolic device rather than a proposition","","","0","7","https://8kun.net/projectdcomms/res/18.html#18","","","","","","","","","UNREVIEWED"
"3639","#3639","1","p3639-s001","G_CERTIFIED_CONTEXT_NOT_PAINTED","/trip_config/","1","UNHIGHLIGHTED","0","0","13","13","/trip_config/","NO","","","context","context: ""/trip_config/""","NO","NO","","fragment_or_label","HIGH","LABEL_FRAGMENT_OR_DEVICE","short label, slogan, heading or symbolic device rather than a proposition","","Q","0","13","https://8kun.net/projectdcomms/res/20.html#21","","","","","","","","","UNREVIEWED"
"3641","#3641","1","p3641-s001","G_CERTIFIED_CONTEXT_NOT_PAINTED","/trip_confirmed/","1","UNHIGHLIGHTED","0","0","16","16","/trip_confirmed/","NO","","","context","context: ""/trip_confirmed/""","NO","NO","","fragment_or_label","HIGH","LABEL_FRAGMENT_OR_DEVICE","short label, slogan, heading or symbolic device rather than a proposition","","/relay_1-99/ ⏎ Q","0","16","https://8kun.net/projectdcomms/res/20.html#23","","","","","","","","","UNREVIEWED"
"3641","#3641","2","p3641-s002","G_CERTIFIED_CONTEXT_NOT_PAINTED","/relay_1-99/","2","UNHIGHLIGHTED","0","0","12","12","/relay_1-99/","NO","","","context","context: ""/relay_1-99/""","NO","NO","","fragment_or_label","HIGH","LABEL_FRAGMENT_OR_DEVICE","short label, slogan, heading or symbolic device rather than a proposition","/trip_confirmed/","Q","17","29","https://8kun.net/projectdcomms/res/20.html#23","","","","","","","","","UNREVIEWED"
"3642","#3642","1","p3642-s001","G_CERTIFIED_CONTEXT_NOT_PAINTED","/trip_confirmed2/","1","UNHIGHLIGHTED","0","0","17","17","/trip_confirmed2/","NO","","","context","context: ""/trip_confirmed2/""","NO","NO","","fragment_or_label","HIGH","LABEL_FRAGMENT_OR_DEVICE","short label, slogan, heading or symbolic device rather than a proposition","","/relay_1-99/ ⏎ Q","0","17","https://8kun.net/projectdcomms/res/20.html#24","","","","","","","","","UNREVIEWED"
"3642","#3642","2","p3642-s002","G_CERTIFIED_CONTEXT_NOT_PAINTED","/relay_1-99/","2","UNHIGHLIGHTED","0","0","12","12","/relay_1-99/","NO","","","context","context: ""/relay_1-99/""","NO","NO","","fragment_or_label","HIGH","LABEL_FRAGMENT_OR_DEVICE","short label, slogan, heading or symbolic device rather than a proposition","/trip_confirmed2/","Q","18","30","https://8kun.net/projectdcomms/res/20.html#24","","","","","","","","","UNREVIEWED"
"3647","#3647","6","p3647-s006","G_CERTIFIED_CONTEXT_NOT_PAINTED","The 'Con':","1","UNHIGHLIGHTED","0","0","9","9","The 'Con':","NO","","","context","context: ""The 'Con':""","NO","NO","","colon_or_semicolon_block","HIGH","CLAIM_CANDIDATE","declarative prose — decide Q-authored claim vs quoted claim vs aphorism","t-we-are-still-in-idUSKBN1Y61SZ ⏎ Who audits where the money actually goes? ⏎ What % is typically categorized as costs? ⏎ http://worldat1c.org/how-much-will-the-paris-agreement-cost-85f78d9a035a ⏎ How to 'steal' taxpayer money?",">Determine 'topic(s)' that have emotional pull (connect) on 'vocal' types  ⏎ >Create media blitz [scare] campaign ('talking points')('alarmist') ⏎ >Use 'pro-narrative minded' authorities on subject to provide foundation to","328","338","https://8kun.top/projectdcomms/res/20.html#88","","","","","","","","","UNREVIEWED"
"3661","#3661","3","p3661-s003","G_CERTIFIED_CONTEXT_NOT_PAINTED","Dark > Light","2","UNHIGHLIGHTED","0","0","10","10","Dark > Light","NO","","","context","context: ""Dark > Light""","NO","NO","","fragment_or_label","HIGH","LABEL_FRAGMENT_OR_DEVICE","short label, slogan, heading or symbolic device rather than a proposition","Ask yourself a very simple question, why? ⏎ The 'why' will be (publicly) answered soon.","Q","86","98","https://8kun.top/projectdcomms/res/20.html#102","","","","","","","","","UNREVIEWED"
"3678","#3678","4","p3678-s004","G_CERTIFIED_CONTEXT_NOT_PAINTED","#FactsMatter","16","UNHIGHLIGHTED","0","0","12","12","#FactsMatter","NO","","","context","context: ""#FactsMatter""","NO","NO","","fragment_or_label","HIGH","LABEL_FRAGMENT_OR_DEVICE","short label, slogan, heading or symbolic device rather than a proposition","https://twitter.com/RudyGiuliani/status/1206249638732423174 ⏎ Worth following. ⏎ Senate testimony next?","Q","100","112","https://8kun.top/qresearch/res/7514356.html#7514410","","","","","","","","","UNREVIEWED"
"3679","#3679","9","p3679-s009","G_CERTIFIED_CONTEXT_NOT_PAINTED","#FactsMatter","16","UNHIGHLIGHTED","0","0","12","12","#FactsMatter","NO","","","context","context: ""#FactsMatter""","NO","NO","","fragment_or_label","HIGH","LABEL_FRAGMENT_OR_DEVICE","short label, slogan, heading or symbolic device rather than a proposition","memo FALSE. ⏎ If [AS] was privy to GANG OF 8 classified material would he not know the same FACTS (TRUTH) as NUNES/others?  ⏎ ""Knowingly."" ⏎ OP activity pre_July 2016? ⏎ Why is this relevant? ⏎ Worth watching from [11:50] to end.","Q","277","289","https://8kun.top/qresearch/res/7514356.html#7514576","","","","","","","","","UNREVIEWED"
"3680","#3680","9","p3680-s009","G_CERTIFIED_CONTEXT_NOT_PAINTED","#FactsMatter","16","UNHIGHLIGHTED","0","0","12","12","#FactsMatter","NO","","","context","context: ""#FactsMatter""","NO","NO","","fragment_or_label","HIGH","LABEL_FRAGMENT_OR_DEVICE","short label, slogan, heading or symbolic device rather than a proposition","memo FALSE. ⏎ If [AS] was privy to GANG OF 8 classified material would he not know the same FACTS (TRUTH) as NUNES/others?  ⏎ ""Knowingly."" ⏎ OP activity pre_July 2016? ⏎ Why is this relevant? ⏎ Worth watching from [11:50] to end.","Q","277","289","https://8kun.top/qresearch/res/7514356.html#7514575","","","","","","","","","UNREVIEWED"
"3689","#3689","3","p3689-s003","G_CERTIFIED_CONTEXT_NOT_PAINTED","FISA = START","5","PARTIAL_ONLY","40","0","6","10","= START","NO","namedEntity | theme","namedEntity: ""FISA"" [147-151] || theme: ""FISA"" [147-151]","context","context: ""FISA = START""","NO","NO","","fragment_or_label","HIGH","LABEL_FRAGMENT_OR_DEVICE","short label, slogan, heading or symbolic device rather than a proposition",">>7517634 ⏎ Time[ing] is important.  ⏎ How many coincidences [use of coincidences essential not to violate NAT SEC?] before mathematically impossible?","Q","147","159","https://8kun.top/qresearch/res/7517509.html#7517694","","","","","","","","","UNREVIEWED"
"3691","#3691","2","p3691-s002","G_CERTIFIED_CONTEXT_NOT_PAINTED","#HOMECOMING2020","1","UNHIGHLIGHTED","0","0","15","15","#HOMECOMING2020","NO","","","context","context: ""#HOMECOMING2020""","NO","NO","","fragment_or_label","HIGH","LABEL_FRAGMENT_OR_DEVICE","short label, slogan, heading or symbolic device rather than a proposition","@Snowden","Q","10","25","https://8kun.top/qresearch/res/7517509.html#7517965","","","","","","","","","UNREVIEWED"
"3692","#3692","1","p3692-s001","G_CERTIFIED_CONTEXT_NOT_PAINTED","212-397-2255","1","UNHIGHLIGHTED","0","0","12","12","212-397-2255","NO","","","context","context: ""212-397-2255""","NO","NO","","symbolic_or_numeric","HIGH","LABEL_FRAGMENT_OR_DEVICE","short label, slogan, heading or symbolic device rather than a proposition","","Operators are standing by. ⏎ Q","0","12","https://8kun.top/qresearch/res/7518288.html#7518466","","","","","","","","","UNREVIEWED"
"3704","#3704","4","p3704-s004","G_CERTIFIED_CONTEXT_NOT_PAINTED","5-3, 1-99","1","UNHIGHLIGHTED","0","0","8","8","5-3, 1-99","NO","","","context","context: ""5-3, 1-99""","NO","NO","","symbolic_or_numeric","HIGH","LABEL_FRAGMENT_OR_DEVICE","short label, slogan, heading or symbolic device rather than a proposition","https://twitter.com/LizzyBelleFox/status/1204346472545882114? ⏎ Remember, misspellings matter.  ⏎ (Durham)","Q","103","112","https://8kun.top/qresearch/res/7535221.html#7535766","","","","","","","","","UNREVIEWED"
"3727","#3727","4","p3727-s004","G_CERTIFIED_CONTEXT_NOT_PAINTED","Greatest statistical anomaly witnessed or……","1","UNHIGHLIGHTED","0","0","39","39","Greatest statistical anomaly witnessed or……","NO","","","context","context: ""Greatest statistical anomaly witnessed or……""","NO","NO","","sentence_like_no_terminal","HIGH","CLAIM_CANDIDATE","declarative prose — decide Q-authored claim vs quoted claim vs aphorism",">>7556980 ⏎ What about when verifying new trip re: projectDcomms? ⏎ [ie calling our shot] ⏎ Standard deviation broken?","Q","113","156","https://8kun.top/qresearch/res/7556505.html#7557024","","","","","","","","","UNREVIEWED"
"3740","#3740","5","p3740-s005","G_CERTIFIED_CONTEXT_NOT_PAINTED","FISA = START","5","PARTIAL_ONLY","40","0","6","10","= START","NO","namedEntity | theme","namedEntity: ""FISA"" [211-215] || theme: ""FISA"" [211-215]","context","context: ""FISA = START""","NO","NO","","fragment_or_label","HIGH","LABEL_FRAGMENT_OR_DEVICE","short label, slogan, heading or symbolic device rather than a proposition","https://twitter.com/wokesocieties/status/1208139679528357889 ⏎ Something BIG is coming. ⏎ https://twitter.com/realDonaldTrump/status/1208873492025925632 ⏎ Do people really think this can happen with no consequences?","NOBODY is above the law [not anymore]. ⏎ Q","211","223","https://8kun.top/qresearch/res/7591470.html#7592211","","","","","","","","","UNREVIEWED"
"3750","#3750","3","p3750-s003","G_CERTIFIED_CONTEXT_NOT_PAINTED","2 + 2 = 4","2","UNHIGHLIGHTED","0","0","5","5","2 + 2 = 4","NO","","","context","context: ""2 + 2 = 4""","NO","NO","","symbolic_or_numeric","HIGH","LABEL_FRAGMENT_OR_DEVICE","short label, slogan, heading or symbolic device rather than a proposition","https://www.foxnews.com/politics/trump-citizens-executive-order-census-count ⏎ Why are [D]s attempting to block the counting of 'illegal' immigrants?","What is the total number of illegal immigrants currently in the US? ⏎ What is the 'real' total number of illegal immigrants currently in the US? ⏎ By flooding coastal States controlled by [D]s does this 'pull' votes out of","148","157","https://8kun.top/qresearch/res/7599142.html#7599466","","","","","","","","","UNREVIEWED"
"3764","#3764","12","p3764-s012","G_CERTIFIED_CONTEXT_NOT_PAINTED","The (Source(s)):","1","UNHIGHLIGHTED","0","0","15","15","The (Source(s)):","NO","","","context","context: ""The (Source(s)):""","NO","NO","","colon_or_semicolon_block","HIGH","CLAIM_CANDIDATE","declarative prose — decide Q-authored claim vs quoted claim vs aphorism","rpolitics.com/video/2017/01/02/assange_to_hannity_our_source_was_not_the_russian_government.html ⏎ [1] ⏎ How does one provide content to WL? ⏎ >comp-to-comp ⏎ >person-to-person [1] ⏎ Personal comms [secured] prior to release? [1]",">Feeder [1] ⏎ >Recipient [1] ⏎ Interning for the DNC can be deadly. ⏎ Does Crowdstrike possess 'gov_capablity' to trace 'break-in' route(s)? ⏎ Does Crowdstrike possess 'gov_capability' re: foreign intercepts? ⏎ Possible to layer/","519","535","https://8kun.top/qresearch/res/7643557.html#7643842","","","","","","","","","UNREVIEWED"
"3784","#3784","11","p3784-s011","G_CERTIFIED_CONTEXT_NOT_PAINTED","Slow drip > Flood","1","UNHIGHLIGHTED","0","0","14","14","Slow drip > Flood","NO","","","context","context: ""Slow drip > Flood""","NO","NO","","fragment_or_label","HIGH","LABEL_FRAGMENT_OR_DEVICE","short label, slogan, heading or symbolic device rather than a proposition","rham want to hold [freeze] 'public' declas due to criminal nature of the probe(s)?  ⏎ Think GJ material. ⏎ When did the investigation begin? ⏎ When did the investigation really begin? ⏎ Nothing can stop what is coming. ⏎ Nothing.","Q","325","342","https://8kun.top/qresearch/res/7883619.html#7884016","","","","","","","","","UNREVIEWED"
"3837","#3837","11","p3837-s011","G_CERTIFIED_CONTEXT_NOT_PAINTED","CLAS 1-99","10","UNHIGHLIGHTED","0","0","8","8","CLAS 1-99","NO","","","context","context: ""CLAS 1-99""","NO","NO","","fragment_or_label","HIGH","LABEL_FRAGMENT_OR_DEVICE","short label, slogan, heading or symbolic device rather than a proposition","g of C_A assets. ⏎ More than selling of NSA bulk data collection programs. ⏎ More than selling of Uranium.  ⏎ More than selling of US Space NAT SEC programs & positions. ⏎ More than selling of US AID.. ⏎ More than selling of SAPs","……………… ⏎ >Crimes against Humanity. ⏎ When you cannot destroy/defeat the United States of America by attacking head on, you change tactics and deploy a 'KILL FROM WITHIN' [internal] operation.  ⏎ >Financial/Economy ⏎ >Military/P","366","375","https://8kun.top/qresearch/res/8056796.html#8057064","","","","","","","","","UNREVIEWED"
"3856","#3856","8","p3856-s008","G_CERTIFIED_CONTEXT_NOT_PAINTED","The Silent War continues…","1","UNHIGHLIGHTED","0","0","22","22","The Silent War continues…","NO","","","context","context: ""The Silent War continues…""","NO","NO","","fragment_or_label","HIGH","LABEL_FRAGMENT_OR_DEVICE","short label, slogan, heading or symbolic device rather than a proposition","The lines are drawn. ⏎ [Zw7301-&vQ-00-00-03] ⏎ Define Renegade [Hussein USSS code name]. ⏎ Standard definition. ⏎ Define Evergreen [HRC USSS code name] ⏎ Non-standard defintion. ⏎ Think depopulation.","Q","189","214","https://8kun.top/qresearch/res/8112591.html#8113297","","","","","","","","","UNREVIEWED"
"3868","#3868","8","p3868-s008","G_CERTIFIED_CONTEXT_NOT_PAINTED","1 + 1 = 2","4","UNHIGHLIGHTED","0","0","5","5","1 + 1 = 2","NO","","","context","context: ""1 + 1 = 2""","NO","NO","","symbolic_or_numeric","HIGH","LABEL_FRAGMENT_OR_DEVICE","short label, slogan, heading or symbolic device rather than a proposition","osed to receive notice of such requests, witnesses told us that they were not informed of the request from former President Clinton."" ⏎ Coordination?  ⏎ Date of tarmac meeting? ⏎ Date of [HRC] investigation END announcement?","It's going to be a very hot [spring/summer]. ⏎ Q","577","586","https://8kun.top/qresearch/res/8163842.html#8163987","","","","","","","","","UNREVIEWED"
"3881","#3881","7","p3881-s007","G_CERTIFIED_CONTEXT_NOT_PAINTED","+Sleepers","1","UNHIGHLIGHTED","0","0","9","9","+Sleepers","NO","","","context","context: ""+Sleepers""","NO","NO","","fragment_or_label","HIGH","LABEL_FRAGMENT_OR_DEVICE","short label, slogan, heading or symbolic device rather than a proposition","1231066589996318720 ⏎ Listen carefully.  ⏎ Think: re: why [no] arrests (justice) yet? ⏎ What if (almost) every critical position [sr] within the US GOV apparatus was infiltrated? ⏎ WHAT MUST BE DONE FIRST?  ⏎ THE SWAMP RUNS DEEP.","Backgrounds are important. ⏎ Muslim Brotherhood ⏎ List of 'in the news now [names]' w/ known ties to Islam?  ⏎ THIS IS NOT ANOTHER 4-YEAR ELECTION. ⏎ [assumptions correct - package well rec [known]] ⏎ Q","257","266","https://8kun.top/qresearch/res/8238704.html#8238822","","","","","","","","","UNREVIEWED"
"3893","#3893","2","p3893-s002","G_CERTIFIED_CONTEXT_NOT_PAINTED","+comments","1","UNHIGHLIGHTED","0","0","9","9","+comments","NO","","","context","context: ""+comments""","NO","NO","","fragment_or_label","HIGH","LABEL_FRAGMENT_OR_DEVICE","short label, slogan, heading or symbolic device rather than a proposition","https://twitter.com/RainbowFairy12/status/1236943098103713793","Per MSM [Fake News]: ⏎ (person in the basement - LARP) who simply asks(ed) questions on a forum [imageboard] that generates(ed) continued [massive (thousands)] MSM attacks & WW movement [Great Awakening]? ⏎ Logical thinking","62","71","https://8kun.top/qresearch/res/8358666.html#8358831","","","","","","","","","UNREVIEWED"
"3893","#3893","3","p3893-s003","G_CERTIFIED_CONTEXT_NOT_PAINTED","Per MSM [Fake News]:","1","PARTIAL_ONLY","76.47","0","4","17","Per ⋯ :","NO","theme | bracketCode","theme: ""MSM"" [76-79] || bracketCode: ""[Fake News]"" [80-91]","context","context: ""Per MSM [Fake News]:""","NO","NO","","colon_or_semicolon_block","HIGH","CLAIM_CANDIDATE","declarative prose — decide Q-authored claim vs quoted claim vs aphorism","https://twitter.com/RainbowFairy12/status/1236943098103713793 ⏎ +comments","(person in the basement - LARP) who simply asks(ed) questions on a forum [imageboard] that generates(ed) continued [massive (thousands)] MSM attacks & WW movement [Great Awakening]? ⏎ Logical thinking. ⏎ Backchannels are im","72","92","https://8kun.top/qresearch/res/8358666.html#8358831","","","","","","","","","UNREVIEWED"
"3896","#3896","1","p3896-s001","G_CERTIFIED_CONTEXT_NOT_PAINTED","“the CHINA virus”","1","PARTIAL_ONLY","33.33","0","10","15","“the ⋯ virus”","NO","namedEntity","namedEntity: ""CHINA"" [5-10] || namedEntity: ""CHINA"" [5-10]","context","context: ""“the CHINA virus”""","NO","NO","","fragment_or_label","HIGH","LABEL_FRAGMENT_OR_DEVICE","short label, slogan, heading or symbolic device rather than a proposition","","Worth remembering: ⏎ https://www.youtube.com/watch?v=aeVrMniBjSc ⏎ Wuhan Institute of Virology [geo location]? ⏎ [1st biosafety lvl 4 lab – 2015] ⏎ City/Province origin – hot zone [geo location]? ⏎ https://www.justice.gov/opa/pr/","0","17","https://8kun.top/qresearch/res/8536771.html#8537514","","","","","","","","","UNREVIEWED"
"3896","#3896","2","p3896-s002","G_CERTIFIED_CONTEXT_NOT_PAINTED","Worth remembering:","1","UNHIGHLIGHTED","0","0","17","17","Worth remembering:","NO","","","context","context: ""Worth remembering:""","NO","NO","","colon_or_semicolon_block","HIGH","CLAIM_CANDIDATE","declarative prose — decide Q-authored claim vs quoted claim vs aphorism","“the CHINA virus”","https://www.youtube.com/watch?v=aeVrMniBjSc ⏎ Wuhan Institute of Virology [geo location]? ⏎ [1st biosafety lvl 4 lab – 2015] ⏎ City/Province origin – hot zone [geo location]? ⏎ https://www.justice.gov/opa/pr/harvard-university-","18","36","https://8kun.top/qresearch/res/8536771.html#8537514","","","","","","","","","UNREVIEWED"
"3905","#3905","1","p3905-s001","G_CERTIFIED_CONTEXT_NOT_PAINTED","A person(s) value:","2","UNHIGHLIGHTED","0","0","16","16","A person(s) value:","NO","","","context","context: ""A person(s) value:""","NO","NO","","colon_or_semicolon_block","HIGH","CLAIM_CANDIDATE","declarative prose — decide Q-authored claim vs quoted claim vs aphorism","","1. vote ⏎ 2. monetary value (tax contribution) ⏎ 3.  ⏎ Why is 'free thought' ridiculed, challenged, and threatened when a person is opposed to the 'mainstream-narrative'? ⏎ [2] remains fixed (degree allowable by 'economic reces","0","18","https://8kun.top/qresearch/res/8600308.html#8600954","","","","","","","","","UNREVIEWED"
"3934","#3934","3","p3934-s003","G_CERTIFIED_CONTEXT_NOT_PAINTED","1.","36","UNHIGHLIGHTED","0","0","2","2","1.","NO","","","context","context: ""1.""","NO","NO","","symbolic_or_numeric","HIGH","LABEL_FRAGMENT_OR_DEVICE","short label, slogan, heading or symbolic device rather than a proposition","[Placeholder - Indictments Tracking > Non_Civ] ⏎ [Set 1]","2. ⏎ 3. ⏎ 4. ⏎ 5. ⏎ 6. ⏎ [Placeholder - Indictments Tracking > Civ] ⏎ [Placeholder - Acts of Treason + support Articles] ⏎ [Placeholder - Foreign Acts_pub] ⏎ [Placeholder - FISA_pub]","55","57","https://8kun.top/projectdcomms/res/20.html#109","","","","","","","","","UNREVIEWED"
"3934","#3934","4","p3934-s004","G_CERTIFIED_CONTEXT_NOT_PAINTED","2.","32","UNHIGHLIGHTED","0","0","2","2","2.","NO","","","context","context: ""2.""","NO","NO","","symbolic_or_numeric","HIGH","LABEL_FRAGMENT_OR_DEVICE","short label, slogan, heading or symbolic device rather than a proposition","[Placeholder - Indictments Tracking > Non_Civ] ⏎ [Set 1] ⏎ 1.","3. ⏎ 4. ⏎ 5. ⏎ 6. ⏎ [Placeholder - Indictments Tracking > Civ] ⏎ [Placeholder - Acts of Treason + support Articles] ⏎ [Placeholder - Foreign Acts_pub] ⏎ [Placeholder - FISA_pub]","58","60","https://8kun.top/projectdcomms/res/20.html#109","","","","","","","","","UNREVIEWED"
"3934","#3934","5","p3934-s005","G_CERTIFIED_CONTEXT_NOT_PAINTED","3.","23","UNHIGHLIGHTED","0","0","2","2","3.","NO","","","context","context: ""3.""","NO","NO","","symbolic_or_numeric","HIGH","LABEL_FRAGMENT_OR_DEVICE","short label, slogan, heading or symbolic device rather than a proposition","[Placeholder - Indictments Tracking > Non_Civ] ⏎ [Set 1] ⏎ 1. ⏎ 2.","4. ⏎ 5. ⏎ 6. ⏎ [Placeholder - Indictments Tracking > Civ] ⏎ [Placeholder - Acts of Treason + support Articles] ⏎ [Placeholder - Foreign Acts_pub] ⏎ [Placeholder - FISA_pub]","61","63","https://8kun.top/projectdcomms/res/20.html#109","","","","","","","","","UNREVIEWED"
"3934","#3934","6","p3934-s006","G_CERTIFIED_CONTEXT_NOT_PAINTED","4.","11","UNHIGHLIGHTED","0","0","2","2","4.","NO","","","context","context: ""4.""","NO","NO","","symbolic_or_numeric","HIGH","LABEL_FRAGMENT_OR_DEVICE","short label, slogan, heading or symbolic device rather than a proposition","[Placeholder - Indictments Tracking > Non_Civ] ⏎ [Set 1] ⏎ 1. ⏎ 2. ⏎ 3.","5. ⏎ 6. ⏎ [Placeholder - Indictments Tracking > Civ] ⏎ [Placeholder - Acts of Treason + support Articles] ⏎ [Placeholder - Foreign Acts_pub] ⏎ [Placeholder - FISA_pub]","64","66","https://8kun.top/projectdcomms/res/20.html#109","","","","","","","","","UNREVIEWED"
"3934","#3934","7","p3934-s007","G_CERTIFIED_CONTEXT_NOT_PAINTED","5.","9","UNHIGHLIGHTED","0","0","2","2","5.","NO","","","context","context: ""5.""","NO","NO","","symbolic_or_numeric","HIGH","LABEL_FRAGMENT_OR_DEVICE","short label, slogan, heading or symbolic device rather than a proposition","[Placeholder - Indictments Tracking > Non_Civ] ⏎ [Set 1] ⏎ 1. ⏎ 2. ⏎ 3. ⏎ 4.","6. ⏎ [Placeholder - Indictments Tracking > Civ] ⏎ [Placeholder - Acts of Treason + support Articles] ⏎ [Placeholder - Foreign Acts_pub] ⏎ [Placeholder - FISA_pub]","67","69","https://8kun.top/projectdcomms/res/20.html#109","","","","","","","","","UNREVIEWED"
"3934","#3934","8","p3934-s008","G_CERTIFIED_CONTEXT_NOT_PAINTED","6.","8","UNHIGHLIGHTED","0","0","2","2","6.","NO","","","context","context: ""6.""","NO","NO","","symbolic_or_numeric","HIGH","LABEL_FRAGMENT_OR_DEVICE","short label, slogan, heading or symbolic device rather than a proposition","[Placeholder - Indictments Tracking > Non_Civ] ⏎ [Set 1] ⏎ 1. ⏎ 2. ⏎ 3. ⏎ 4. ⏎ 5.","[Placeholder - Indictments Tracking > Civ] ⏎ [Placeholder - Acts of Treason + support Articles] ⏎ [Placeholder - Foreign Acts_pub] ⏎ [Placeholder - FISA_pub]","70","72","https://8kun.top/projectdcomms/res/20.html#109","","","","","","","","","UNREVIEWED"
"4045","#4045","7","p4045-s007","G_CERTIFIED_CONTEXT_NOT_PAINTED","Common denominator:","1","UNHIGHLIGHTED","0","0","18","18","Common denominator:","NO","","","context","context: ""Common denominator:""","NO","NO","","colon_or_semicolon_block","HIGH","CLAIM_CANDIDATE","declarative prose — decide Q-authored claim vs quoted claim vs aphorism","lobal impact immediately occurs re: [intel assessment] the virus was [intentionally] released [in coordination w/ [CLAS 1-99]? ⏎ How do you prevent a war? ⏎ MATTERS OF NATIONAL SECURITY? ⏎ Think timing. ⏎ Who benefits the most?","Do you believe Biden would admit to sexual assault simply by asking him?  ⏎ No?  ⏎ So why do it [ask]? ⏎ Do you believe intel community would admit [DECLAS] foreign adversary intentionally released COVID-19? ⏎ No? ⏎ So why do it","297","316","https://8kun.top/qresearch/res/8999886.html#9000629","","","","","","","","","UNREVIEWED"
"4075","#4075","2","p4075-s002","G_CERTIFIED_CONTEXT_NOT_PAINTED","2020 Presidential Election","2","UNHIGHLIGHTED","0","0","24","24","2020 Presidential Election","NO","","","context","context: ""2020 Presidential Election""","NO","NO","","fragment_or_label","HIGH","LABEL_FRAGMENT_OR_DEVICE","short label, slogan, heading or symbolic device rather than a proposition","https://twitter.com/mitchellvii/status/1256669174094585856","Q","59","85","https://8kun.top/qresearch/res/9002939.html#9003730","","","","","","","","","UNREVIEWED"
"4094","#4094","1","p4094-s001","G_CERTIFIED_CONTEXT_NOT_PAINTED","""very non-threatening,….."" - Intel assessment","1","UNHIGHLIGHTED","0","0","41","41","""very non-threatening,….."" - Intel assessment","NO","","","context","context: """"very non-threatening,….."" - Intel assessment""","NO","NO","","sentence_like_no_terminal","HIGH","CLAIM_CANDIDATE","declarative prose — decide Q-authored claim vs quoted claim vs aphorism",">>9014676","What would have happened if POTUS challenged the COVID-19 narrative from the beginning? ⏎ Q","10","55","https://8kun.top/qresearch/res/9014560.html#9015085","","","","","","","","","UNREVIEWED"
"4105","#4105","1","p4105-s001","G_CERTIFIED_CONTEXT_NOT_PAINTED","DARPA | FB | TWITTER | GOOG","1","PARTIAL_ONLY","66.67","0","7","21","| ⋯ | ⋯ | GOOG","NO","namedEntity","namedEntity: ""TWITTER"" [13-20] || namedEntity: ""DARPA"" [0-5] || namedEntity: ""FB"" [8-10]","context","context: ""DARPA | FB | TWITTER | GOOG""","NO","NO","","fragment_or_label","HIGH","LABEL_FRAGMENT_OR_DEVICE","short label, slogan, heading or symbolic device rather than a proposition","","[D] coord & dev of [AI] tool in attempt to counter (your) reach [now public - see prev drop] demonstrates (your) collective influence. ⏎ Think MSM daily attacks [losing ground]. ⏎ You are winning the information warfare cam","0","27","https://8kun.top/qresearch/res/9029298.html#9029548","","","","","","","","","UNREVIEWED"
"4137","#4137","5","p4137-s005","G_CERTIFIED_CONTEXT_NOT_PAINTED","The more you know…","16","UNHIGHLIGHTED","0","0","15","15","The more you know…","NO","","","context","context: ""The more you know…""","NO","NO","","fragment_or_label","HIGH","LABEL_FRAGMENT_OR_DEVICE","short label, slogan, heading or symbolic device rather than a proposition","https://www.themoscowtimes.com/2020/04/17/russia-approves-unproven-malaria-drug-to-treat-coronavirus-a70025 ⏎ Russia using HCQ to treat COVID-19? ⏎ Source of HCQ: China ⏎ China using HCQ to treat COVID-19?","Q","200","218","https://8kun.top/qresearch/res/9065069.html#9065749","","","","","","","","","UNREVIEWED"
"4139","#4139","2","p4139-s002","G_CERTIFIED_CONTEXT_NOT_PAINTED","Facts v Fiction","1","UNHIGHLIGHTED","0","0","13","13","Facts v Fiction","NO","","","context","context: ""Facts v Fiction""","NO","NO","","fragment_or_label","HIGH","LABEL_FRAGMENT_OR_DEVICE","short label, slogan, heading or symbolic device rather than a proposition","https://twitter.com/WalkedAwa/status/1229170238740189184","Bridging [posting of Patriot TWIT accounts] serves to expand reach, prevent collapse, and maintain strength through UNITY. ⏎ Q","57","72","https://8kun.top/qresearch/res/9065839.html#9066404","","","","","","","","","UNREVIEWED"
"4180","#4180","2","p4180-s002","G_CERTIFIED_CONTEXT_NOT_PAINTED","Part 2","1","UNHIGHLIGHTED","0","0","5","5","Part 2","NO","","","context","context: ""Part 2""","NO","NO","","fragment_or_label","HIGH","LABEL_FRAGMENT_OR_DEVICE","short label, slogan, heading or symbolic device rather than a proposition","https://twitter.com/jokesonus4sure/status/1259225959007281152","Q","62","68","https://8kun.top/qresearch/res/9098044.html#9098630","","","","","","","","","UNREVIEWED"
"4207","#4207","1","p4207-s001","G_CERTIFIED_CONTEXT_NOT_PAINTED","The Armor of God","3","PARTIAL_ONLY","76.92","0","3","13","The","NO","namedEntity | theme","namedEntity: ""God"" [13-16] || theme: ""Armor of God"" [4-16]","context","context: ""The Armor of God""","NO","NO","","fragment_or_label","HIGH","RELIGIOUS_THEME_CANDIDATE","religious or scriptural vocabulary — check quoted-source boundaries","","Finally, be strong in the Lord and in his mighty power. Put on the full armor of God, so that you can take your stand against the devil’s schemes. For our struggle is not against flesh and blood, but against the rulers,","0","16","https://8kun.top/qresearch/res/9123615.html#9124548","","","","","","","","","UNREVIEWED"
"4224","#4224","3","p4224-s003","G_CERTIFIED_CONTEXT_NOT_PAINTED","Subject: Flynn","1","PARTIAL_ONLY","38.46","0","8","13","Subject:","NO","namedEntity","namedEntity: ""Flynn"" [121-126]","context","context: ""Subject: Flynn""","NO","NO","","fragment_or_label","HIGH","LABEL_FRAGMENT_OR_DEVICE","short label, slogan, heading or symbolic device rather than a proposition",">>9145804 ⏎ https://news.yahoo.com/obama-irule-of-law-michael-flynn-case-014121045.html ⏎ Did you listen carefully?","Topic: Rule of Law @ Risk ⏎ Can you prosecute without prosecutors? ⏎ No. ⏎ Can you 'extend' in the public arena to push a coordinated narrative? ⏎ The swamp runs deep. ⏎ Q","112","126","https://8kun.top/qresearch/res/9145569.html#9146122","","","","","","","","","UNREVIEWED"
"4224","#4224","4","p4224-s004","G_CERTIFIED_CONTEXT_NOT_PAINTED","Topic: Rule of Law @ Risk","1","UNHIGHLIGHTED","0","0","20","20","Topic: Rule of Law @ Risk","NO","","","context","context: ""Topic: Rule of Law @ Risk""","NO","NO","","fragment_or_label","HIGH","LABEL_FRAGMENT_OR_DEVICE","short label, slogan, heading or symbolic device rather than a proposition",">>9145804 ⏎ https://news.yahoo.com/obama-irule-of-law-michael-flynn-case-014121045.html ⏎ Did you listen carefully? ⏎ Subject: Flynn","Can you prosecute without prosecutors? ⏎ No. ⏎ Can you 'extend' in the public arena to push a coordinated narrative? ⏎ The swamp runs deep. ⏎ Q","127","152","https://8kun.top/qresearch/res/9145569.html#9146122","","","","","","","","","UNREVIEWED"
"4256","#4256","2","p4256-s002","G_CERTIFIED_CONTEXT_NOT_PAINTED","Flynn DOJ_dismiss_week_1","1","PARTIAL_ONLY","21.74","0","18","23","DOJ_dismiss_week_1","NO","namedEntity","namedEntity: ""Flynn"" [62-67]","context","context: ""Flynn DOJ_dismiss_week_1""","NO","NO","","fragment_or_label","HIGH","LABEL_FRAGMENT_OR_DEVICE","short label, slogan, heading or symbolic device rather than a proposition","https://twitter.com/MariaBartiromo/status/1262052902304129032","FISA unmask_DECLAS[public][select date(s)]_week_2 ⏎ CLAS 1-99_week_3 [you are here] ⏎ 4 ⏎ 5 ⏎ 6 ⏎ 7 ⏎ 8 ⏎ 9 ⏎ 10 ⏎ Q","62","86","https://8kun.top/qresearch/res/9211803.html#9212037","","","","","","","","","UNREVIEWED"
"4256","#4256","5","p4256-s005","G_CERTIFIED_CONTEXT_NOT_PAINTED","4","11","UNHIGHLIGHTED","0","0","1","1","4","NO","","","context","context: ""4""","NO","NO","","symbolic_or_numeric","HIGH","LABEL_FRAGMENT_OR_DEVICE","short label, slogan, heading or symbolic device rather than a proposition","https://twitter.com/MariaBartiromo/status/1262052902304129032 ⏎ Flynn DOJ_dismiss_week_1 ⏎ FISA unmask_DECLAS[public][select date(s)]_week_2 ⏎ CLAS 1-99_week_3 [you are here]","5 ⏎ 6 ⏎ 7 ⏎ 8 ⏎ 9 ⏎ 10 ⏎ Q","169","170","https://8kun.top/qresearch/res/9211803.html#9212037","","","","","","","","","UNREVIEWED"
"4256","#4256","6","p4256-s006","G_CERTIFIED_CONTEXT_NOT_PAINTED","5","9","UNHIGHLIGHTED","0","0","1","1","5","NO","","","context","context: ""5""","NO","NO","","symbolic_or_numeric","HIGH","LABEL_FRAGMENT_OR_DEVICE","short label, slogan, heading or symbolic device rather than a proposition","https://twitter.com/MariaBartiromo/status/1262052902304129032 ⏎ Flynn DOJ_dismiss_week_1 ⏎ FISA unmask_DECLAS[public][select date(s)]_week_2 ⏎ CLAS 1-99_week_3 [you are here] ⏎ 4","6 ⏎ 7 ⏎ 8 ⏎ 9 ⏎ 10 ⏎ Q","171","172","https://8kun.top/qresearch/res/9211803.html#9212037","","","","","","","","","UNREVIEWED"
"4256","#4256","7","p4256-s007","G_CERTIFIED_CONTEXT_NOT_PAINTED","6","8","UNHIGHLIGHTED","0","0","1","1","6","NO","","","context","context: ""6""","NO","NO","","symbolic_or_numeric","HIGH","LABEL_FRAGMENT_OR_DEVICE","short label, slogan, heading or symbolic device rather than a proposition","https://twitter.com/MariaBartiromo/status/1262052902304129032 ⏎ Flynn DOJ_dismiss_week_1 ⏎ FISA unmask_DECLAS[public][select date(s)]_week_2 ⏎ CLAS 1-99_week_3 [you are here] ⏎ 4 ⏎ 5","7 ⏎ 8 ⏎ 9 ⏎ 10 ⏎ Q","173","174","https://8kun.top/qresearch/res/9211803.html#9212037","","","","","","","","","UNREVIEWED"
"4256","#4256","8","p4256-s008","G_CERTIFIED_CONTEXT_NOT_PAINTED","7","5","UNHIGHLIGHTED","0","0","1","1","7","NO","","","context","context: ""7""","NO","NO","","symbolic_or_numeric","HIGH","LABEL_FRAGMENT_OR_DEVICE","short label, slogan, heading or symbolic device rather than a proposition","https://twitter.com/MariaBartiromo/status/1262052902304129032 ⏎ Flynn DOJ_dismiss_week_1 ⏎ FISA unmask_DECLAS[public][select date(s)]_week_2 ⏎ CLAS 1-99_week_3 [you are here] ⏎ 4 ⏎ 5 ⏎ 6","8 ⏎ 9 ⏎ 10 ⏎ Q","175","176","https://8kun.top/qresearch/res/9211803.html#9212037","","","","","","","","","UNREVIEWED"
"4256","#4256","9","p4256-s009","G_CERTIFIED_CONTEXT_NOT_PAINTED","8","5","UNHIGHLIGHTED","0","0","1","1","8","NO","","","context","context: ""8""","NO","NO","","symbolic_or_numeric","HIGH","LABEL_FRAGMENT_OR_DEVICE","short label, slogan, heading or symbolic device rather than a proposition","https://twitter.com/MariaBartiromo/status/1262052902304129032 ⏎ Flynn DOJ_dismiss_week_1 ⏎ FISA unmask_DECLAS[public][select date(s)]_week_2 ⏎ CLAS 1-99_week_3 [you are here] ⏎ 4 ⏎ 5 ⏎ 6 ⏎ 7","9 ⏎ 10 ⏎ Q","177","178","https://8kun.top/qresearch/res/9211803.html#9212037","","","","","","","","","UNREVIEWED"
"4256","#4256","11","p4256-s011","G_CERTIFIED_CONTEXT_NOT_PAINTED","10","4","UNHIGHLIGHTED","0","0","2","2","10","NO","","","context","context: ""10""","NO","NO","","symbolic_or_numeric","HIGH","LABEL_FRAGMENT_OR_DEVICE","short label, slogan, heading or symbolic device rather than a proposition","https://twitter.com/MariaBartiromo/status/1262052902304129032 ⏎ Flynn DOJ_dismiss_week_1 ⏎ FISA unmask_DECLAS[public][select date(s)]_week_2 ⏎ CLAS 1-99_week_3 [you are here] ⏎ 4 ⏎ 5 ⏎ 6 ⏎ 7 ⏎ 8 ⏎ 9","Q","181","183","https://8kun.top/qresearch/res/9211803.html#9212037","","","","","","","","","UNREVIEWED"
"4258","#4258","2","p4258-s002","G_CERTIFIED_CONTEXT_NOT_PAINTED","Public v [matters of NAT SEC]","1","PARTIAL_ONLY","70.83","0","7","24","Public v","NO","namedEntity | bracketCode","namedEntity: ""SEC"" [87-90] || bracketCode: ""[matters of NAT SEC]"" [71-91]","context","context: ""Public v [matters of NAT SEC]""","NO","NO","","fragment_or_label","HIGH","LABEL_FRAGMENT_OR_DEVICE","short label, slogan, heading or symbolic device rather than a proposition","https://twitter.com/MariaBartiromo/status/1262065546775932930","Q","62","91","https://8kun.top/qresearch/res/9211803.html#9212389","","","","","","","","","UNREVIEWED"
"4278","#4278","3","p4278-s003","G_CERTIFIED_CONTEXT_NOT_PAINTED","Bill Clinton_ 1996 Telecommunications Act","1","PARTIAL_ONLY","29.73","0","26","37","_ 1996 Telecommunications Act","NO","namedEntity","namedEntity: ""Clinton"" [129-136] || namedEntity: ""Clinton"" [129-136] || namedEntity: ""Bill Clinton"" [124-136] || namedEntity: ""Clinton"" [129-136]","context","context: ""Bill Clinton_ 1996 Telecommunications Act""","NO","NO","","fragment_or_label","HIGH","LABEL_FRAGMENT_OR_DEVICE","short label, slogan, heading or symbolic device rather than a proposition","https://www.bostonherald.com/2020/05/17/disinformation-from-schiff-media-damaged-america/ ⏎ Corporate media control [source]:","[2016 campaign [+CF] contributions [HRC] by media] ⏎ Control of information. ⏎ Control of narrative. ⏎ Control of people. ⏎ Q","124","165","https://8kun.top/qresearch/res/9219645.html#9220019","","","","","","","","","UNREVIEWED"
"4280","#4280","3","p4280-s003","G_CERTIFIED_CONTEXT_NOT_PAINTED","FISA = START","5","PARTIAL_ONLY","40","0","6","10","= START","NO","namedEntity | theme","namedEntity: ""FISA"" [83-87] || theme: ""FISA"" [83-87]","context","context: ""FISA = START""","NO","NO","","fragment_or_label","HIGH","LABEL_FRAGMENT_OR_DEVICE","short label, slogan, heading or symbolic device rather than a proposition","https://twitter.com/CBS_Herridge/status/1262441478019842048 ⏎ ""I have today."" - Barr","Q","83","95","https://8kun.top/qresearch/res/9225890.html#9226447","","","","","","","","","UNREVIEWED"
"4294","#4294","1","p4294-s001","G_CERTIFIED_CONTEXT_NOT_PAINTED","PAN-DEM-IC","1","UNHIGHLIGHTED","0","0","10","10","PAN-DEM-IC","NO","","","context","context: ""PAN-DEM-IC""","NO","NO","","fragment_or_label","HIGH","LABEL_FRAGMENT_OR_DEVICE","short label, slogan, heading or symbolic device rather than a proposition","","DEM–PANIC ⏎ Fear [vote-by-mail] and obey [stay inside or face death or arrest] tactics push will end +1 [election day]. ⏎ Reconcile:  ⏎ Release of convicts from prison [evil releases evil]. ⏎ Do these people care about your wel","0","10","https://8kun.top/qresearch/res/9252334.html#9252896","","","","","","","","","UNREVIEWED"
"4294","#4294","2","p4294-s002","G_CERTIFIED_CONTEXT_NOT_PAINTED","DEM–PANIC","1","UNHIGHLIGHTED","0","0","9","9","DEM–PANIC","NO","","","context","context: ""DEM–PANIC""","NO","NO","","fragment_or_label","HIGH","LABEL_FRAGMENT_OR_DEVICE","short label, slogan, heading or symbolic device rather than a proposition","PAN-DEM-IC","Fear [vote-by-mail] and obey [stay inside or face death or arrest] tactics push will end +1 [election day]. ⏎ Reconcile:  ⏎ Release of convicts from prison [evil releases evil]. ⏎ Do these people care about your well-being? ⏎ D","11","20","https://8kun.top/qresearch/res/9252334.html#9252896","","","","","","","","","UNREVIEWED"
"4295","#4295","6","p4295-s006","G_CERTIFIED_CONTEXT_NOT_PAINTED","Race v race","1","UNHIGHLIGHTED","0","0","9","9","Race v race","NO","","","context","context: ""Race v race""","NO","NO","","fragment_or_label","HIGH","LABEL_FRAGMENT_OR_DEVICE","short label, slogan, heading or symbolic device rather than a proposition","People fell asleep long ago. ⏎ People gave up control. ⏎ People have been compartmentalized [divided]. ⏎ Divided you are weak. ⏎ Divided you are taught to fight each other.","Religion v religion ⏎ Class v class ⏎ Gender v gender ⏎ Unity is what gives people strength. ⏎ Unity is what gives people power [collectively]. ⏎ Power over government. ⏎ Power over [                   ] ⏎ UNITY CREATES PEACE. ⏎ UNITY","165","176","https://8kun.top/qresearch/res/9253040.html#9253283","","","","","","","","","UNREVIEWED"
"4295","#4295","8","p4295-s008","G_CERTIFIED_CONTEXT_NOT_PAINTED","Class v class","1","UNHIGHLIGHTED","0","0","11","11","Class v class","NO","","","context","context: ""Class v class""","NO","NO","","fragment_or_label","HIGH","LABEL_FRAGMENT_OR_DEVICE","short label, slogan, heading or symbolic device rather than a proposition","People fell asleep long ago. ⏎ People gave up control. ⏎ People have been compartmentalized [divided]. ⏎ Divided you are weak. ⏎ Divided you are taught to fight each other. ⏎ Race v race ⏎ Religion v religion","Gender v gender ⏎ Unity is what gives people strength. ⏎ Unity is what gives people power [collectively]. ⏎ Power over government. ⏎ Power over [                   ] ⏎ UNITY CREATES PEACE. ⏎ UNITY IS HUMANITY. ⏎ THE WORLD IS WHAT WE","197","210","https://8kun.top/qresearch/res/9253040.html#9253283","","","","","","","","","UNREVIEWED"
"4295","#4295","9","p4295-s009","G_CERTIFIED_CONTEXT_NOT_PAINTED","Gender v gender","1","UNHIGHLIGHTED","0","0","13","13","Gender v gender","NO","","","context","context: ""Gender v gender""","NO","NO","","fragment_or_label","HIGH","LABEL_FRAGMENT_OR_DEVICE","short label, slogan, heading or symbolic device rather than a proposition","People fell asleep long ago. ⏎ People gave up control. ⏎ People have been compartmentalized [divided]. ⏎ Divided you are weak. ⏎ Divided you are taught to fight each other. ⏎ Race v race ⏎ Religion v religion ⏎ Class v class","Unity is what gives people strength. ⏎ Unity is what gives people power [collectively]. ⏎ Power over government. ⏎ Power over [                   ] ⏎ UNITY CREATES PEACE. ⏎ UNITY IS HUMANITY. ⏎ THE WORLD IS WHAT WE MAKE IT. ⏎ Q","211","226","https://8kun.top/qresearch/res/9253040.html#9253283","","","","","","","","","UNREVIEWED"
"4310","#4310","30","p4310-s030","G_CERTIFIED_CONTEXT_NOT_PAINTED","COINCIDENCE JAN 15","1","UNHIGHLIGHTED","0","0","16","16","COINCIDENCE JAN 15","NO","","","context","context: ""COINCIDENCE JAN 15""","NO","NO","","fragment_or_label","HIGH","LABEL_FRAGMENT_OR_DEVICE","short label, slogan, heading or symbolic device rather than a proposition","ONGRESS TO FILE ARTICLES OF IMPEACHMENT? ⏎ COORD W: CHINA TO TERM ECON - UNEMPLOYMENT - GAINS, INITIATE LOCKDOWN DUE TO HEALTH CONCERNS, PUSH FEAR THROUGH DNC MEDIA, INSTRUCT GOVERNORS UNDER CONTROL TO ENACT VOTE-BY-MAIL?","1. IMPEACHMENT ARTICLES DELIVERED TO SENATE [HELD] ⏎ 2. CHINA PHASE 1 USA CLAWBACK DEAL SIGNED  ⏎ 3. 1ST COVID-19 CASE LANDED SEATTLE ⏎ ALL ASSETS DEPLOYED. ⏎ WIN BY ANY MEANS NECESSARY. ⏎ EVERYTHING IS AT STAKE. ⏎ Welcome to the S","2097","2115","https://8kun.top/qresearch/res/9298117.html#9298758","","","","","","","","","UNREVIEWED"
"4310","#4310","31","p4310-s031","G_CERTIFIED_CONTEXT_NOT_PAINTED","1.","36","UNHIGHLIGHTED","0","0","2","2","1.","NO","","","context","context: ""1.""","NO","NO","","symbolic_or_numeric","MEDIUM","LABEL_FRAGMENT_OR_DEVICE","short label, slogan, heading or symbolic device rather than a proposition","ICLES OF IMPEACHMENT? ⏎ COORD W: CHINA TO TERM ECON - UNEMPLOYMENT - GAINS, INITIATE LOCKDOWN DUE TO HEALTH CONCERNS, PUSH FEAR THROUGH DNC MEDIA, INSTRUCT GOVERNORS UNDER CONTROL TO ENACT VOTE-BY-MAIL? ⏎ COINCIDENCE JAN 15","IMPEACHMENT ARTICLES DELIVERED TO SENATE [HELD] ⏎ 2. CHINA PHASE 1 USA CLAWBACK DEAL SIGNED  ⏎ 3. 1ST COVID-19 CASE LANDED SEATTLE ⏎ ALL ASSETS DEPLOYED. ⏎ WIN BY ANY MEANS NECESSARY. ⏎ EVERYTHING IS AT STAKE. ⏎ Welcome to the Shad","2116","2118","https://8kun.top/qresearch/res/9298117.html#9298758","","","","","","","","","UNREVIEWED"
"4310","#4310","33","p4310-s033","G_CERTIFIED_CONTEXT_NOT_PAINTED","2.","32","UNHIGHLIGHTED","0","0","2","2","2.","NO","","","context","context: ""2.""","NO","NO","","symbolic_or_numeric","MEDIUM","LABEL_FRAGMENT_OR_DEVICE","short label, slogan, heading or symbolic device rather than a proposition","UNEMPLOYMENT - GAINS, INITIATE LOCKDOWN DUE TO HEALTH CONCERNS, PUSH FEAR THROUGH DNC MEDIA, INSTRUCT GOVERNORS UNDER CONTROL TO ENACT VOTE-BY-MAIL? ⏎ COINCIDENCE JAN 15 ⏎ 1. IMPEACHMENT ARTICLES DELIVERED TO SENATE [HELD]","CHINA PHASE 1 USA CLAWBACK DEAL SIGNED  ⏎ 3. 1ST COVID-19 CASE LANDED SEATTLE ⏎ ALL ASSETS DEPLOYED. ⏎ WIN BY ANY MEANS NECESSARY. ⏎ EVERYTHING IS AT STAKE. ⏎ Welcome to the Shadow Presidency of Barack H. Obama. ⏎ Q","2167","2169","https://8kun.top/qresearch/res/9298117.html#9298758","","","","","","","","","UNREVIEWED"
"4310","#4310","35","p4310-s035","G_CERTIFIED_CONTEXT_NOT_PAINTED","3.","23","UNHIGHLIGHTED","0","0","2","2","3.","NO","","","context","context: ""3.""","NO","NO","","symbolic_or_numeric","MEDIUM","LABEL_FRAGMENT_OR_DEVICE","short label, slogan, heading or symbolic device rather than a proposition","E TO HEALTH CONCERNS, PUSH FEAR THROUGH DNC MEDIA, INSTRUCT GOVERNORS UNDER CONTROL TO ENACT VOTE-BY-MAIL? ⏎ COINCIDENCE JAN 15 ⏎ 1. IMPEACHMENT ARTICLES DELIVERED TO SENATE [HELD] ⏎ 2. CHINA PHASE 1 USA CLAWBACK DEAL SIGNED","1ST COVID-19 CASE LANDED SEATTLE ⏎ ALL ASSETS DEPLOYED. ⏎ WIN BY ANY MEANS NECESSARY. ⏎ EVERYTHING IS AT STAKE. ⏎ Welcome to the Shadow Presidency of Barack H. Obama. ⏎ Q","2210","2212","https://8kun.top/qresearch/res/9298117.html#9298758","","","","","","","","","UNREVIEWED"
"4310","#4310","36","p4310-s036","G_CERTIFIED_CONTEXT_NOT_PAINTED","1ST COVID-19 CASE LANDED SEATTLE","1","PARTIAL_ONLY","25","0","21","28","1ST COVID-19 CASE LANDED","NO","namedEntity","namedEntity: ""SEATTLE"" [2238-2245]","context","context: ""1ST COVID-19 CASE LANDED SEATTLE""","NO","NO","","sentence_like_no_terminal","MEDIUM","CLAIM_CANDIDATE","declarative prose — decide Q-authored claim vs quoted claim vs aphorism","O HEALTH CONCERNS, PUSH FEAR THROUGH DNC MEDIA, INSTRUCT GOVERNORS UNDER CONTROL TO ENACT VOTE-BY-MAIL? ⏎ COINCIDENCE JAN 15 ⏎ 1. IMPEACHMENT ARTICLES DELIVERED TO SENATE [HELD] ⏎ 2. CHINA PHASE 1 USA CLAWBACK DEAL SIGNED  ⏎ 3.","ALL ASSETS DEPLOYED. ⏎ WIN BY ANY MEANS NECESSARY. ⏎ EVERYTHING IS AT STAKE. ⏎ Welcome to the Shadow Presidency of Barack H. Obama. ⏎ Q","2213","2245","https://8kun.top/qresearch/res/9298117.html#9298758","","","","","","","","","UNREVIEWED"
"4317","#4317","6","p4317-s006","G_CERTIFIED_CONTEXT_NOT_PAINTED","2.","32","UNHIGHLIGHTED","0","0","2","2","2.","NO","","","context","context: ""2.""","NO","NO","","symbolic_or_numeric","MEDIUM","LABEL_FRAGMENT_OR_DEVICE","short label, slogan, heading or symbolic device rather than a proposition","https://twitter.com/prageru/status/1264321458139852800 ⏎ How do you change the narrative if facts are not on your side? ⏎ How do you [con] the people? ⏎ 1. Form Congressional Black Caucus [1971][compartmentalize-label]","Recruit and control Black Community Leaders [net worth (each)] ⏎ 3. Alter[change]modify history in classroom(s) re: [D] party history ⏎ 4. Use corporate DNC media [MSM] push con ⏎ Use 1, 2, 3 and 4 to drive echo-chamber false","213","215","https://8kun.top/qresearch/res/9302075.html#9302626","","","","","","","","","UNREVIEWED"
"4317","#4317","10","p4317-s010","G_CERTIFIED_CONTEXT_NOT_PAINTED","4.","11","UNHIGHLIGHTED","0","0","2","2","4.","NO","","","context","context: ""4.""","NO","NO","","symbolic_or_numeric","MEDIUM","LABEL_FRAGMENT_OR_DEVICE","short label, slogan, heading or symbolic device rather than a proposition","[con] the people? ⏎ 1. Form Congressional Black Caucus [1971][compartmentalize-label] ⏎ 2. Recruit and control Black Community Leaders [net worth (each)] ⏎ 3. Alter[change]modify history in classroom(s) re: [D] party history","Use corporate DNC media [MSM] push con ⏎ Use 1, 2, 3 and 4 to drive echo-chamber false [idiotic] narrative bad [pro slavery][D]s switched to [R] party and good [anti-slavery][R]s switched to [D] party. ⏎ Welcome to the [D]","348","350","https://8kun.top/qresearch/res/9302075.html#9302626","","","","","","","","","UNREVIEWED"
"4330","#4330","3","p4330-s003","G_CERTIFIED_CONTEXT_NOT_PAINTED","1.","36","UNHIGHLIGHTED","0","0","2","2","1.","NO","","","context","context: ""1.""","NO","NO","","symbolic_or_numeric","MEDIUM","LABEL_FRAGMENT_OR_DEVICE","short label, slogan, heading or symbolic device rather than a proposition","YOUR VOICE AND YOUR VOTE ARE WHAT MATTERS MOST. ⏎ [WITNESSING] ATTEMPTS TO REMOVE BOTH.","CENSORSHIP [FASCISM][AUTHORITARIAN] ⏎ 2. DEPLATFORM/REMOVAL [SILENCE] ⏎ 3. MAIL-IN-VOTE FRAUD [DILUTE] ⏎ [WATER DOWN] CONSTITUTIONAL RIGHTS? ⏎ FREEDOM OF SPEECH? ⏎ WILLFULLY BLIND OR WILLFULLY ACCEPTING? ⏎ Q","86","88","https://8kun.top/qresearch/res/9331555.html#9331960","","","","","","","","","UNREVIEWED"
"4330","#4330","5","p4330-s005","G_CERTIFIED_CONTEXT_NOT_PAINTED","2.","32","UNHIGHLIGHTED","0","0","2","2","2.","NO","","","context","context: ""2.""","NO","NO","","symbolic_or_numeric","MEDIUM","LABEL_FRAGMENT_OR_DEVICE","short label, slogan, heading or symbolic device rather than a proposition","YOUR VOICE AND YOUR VOTE ARE WHAT MATTERS MOST. ⏎ [WITNESSING] ATTEMPTS TO REMOVE BOTH. ⏎ 1. CENSORSHIP [FASCISM][AUTHORITARIAN]","DEPLATFORM/REMOVAL [SILENCE] ⏎ 3. MAIL-IN-VOTE FRAUD [DILUTE] ⏎ [WATER DOWN] CONSTITUTIONAL RIGHTS? ⏎ FREEDOM OF SPEECH? ⏎ WILLFULLY BLIND OR WILLFULLY ACCEPTING? ⏎ Q","125","127","https://8kun.top/qresearch/res/9331555.html#9331960","","","","","","","","","UNREVIEWED"
"4330","#4330","7","p4330-s007","G_CERTIFIED_CONTEXT_NOT_PAINTED","3.","23","UNHIGHLIGHTED","0","0","2","2","3.","NO","","","context","context: ""3.""","NO","NO","","symbolic_or_numeric","MEDIUM","LABEL_FRAGMENT_OR_DEVICE","short label, slogan, heading or symbolic device rather than a proposition","YOUR VOICE AND YOUR VOTE ARE WHAT MATTERS MOST. ⏎ [WITNESSING] ATTEMPTS TO REMOVE BOTH. ⏎ 1. CENSORSHIP [FASCISM][AUTHORITARIAN] ⏎ 2. DEPLATFORM/REMOVAL [SILENCE]","MAIL-IN-VOTE FRAUD [DILUTE] ⏎ [WATER DOWN] CONSTITUTIONAL RIGHTS? ⏎ FREEDOM OF SPEECH? ⏎ WILLFULLY BLIND OR WILLFULLY ACCEPTING? ⏎ Q","157","159","https://8kun.top/qresearch/res/9331555.html#9331960","","","","","","","","","UNREVIEWED"
"4334","#4334","2","p4334-s002","G_CERTIFIED_CONTEXT_NOT_PAINTED","The more you know…","16","UNHIGHLIGHTED","0","0","15","15","The more you know…","NO","","","context","context: ""The more you know…""","NO","NO","","fragment_or_label","HIGH","LABEL_FRAGMENT_OR_DEVICE","short label, slogan, heading or symbolic device rather than a proposition","https://www.breitbart.com/health/2020/05/27/italy-96-of-coronavirus-fatalities-had-other-chronic-illnesses/","Q","108","126","https://8kun.top/qresearch/res/9333820.html#9334356","","","","","","","","","UNREVIEWED"
"4336","#4336","2","p4336-s002","G_CERTIFIED_CONTEXT_NOT_PAINTED","USA v Japan","3","PARTIAL_ONLY","88.89","0","1","9","v","NO","namedEntity","namedEntity: ""USA"" [89-92] || namedEntity: ""Japan"" [95-100]","context","context: ""USA v Japan""","NO","NO","","fragment_or_label","HIGH","LABEL_FRAGMENT_OR_DEVICE","short label, slogan, heading or symbolic device rather than a proposition","https://www.newsweek.com/japan-ends-coronavirus-emergency-850-deaths-no-lockdown-1506336","Reconcile. ⏎ Critical thinking. ⏎ Q","89","100","https://8kun.top/qresearch/res/9285090.html#9341390","","","","","","","","","UNREVIEWED"
"4337","#4337","1","p4337-s001","G_CERTIFIED_CONTEXT_NOT_PAINTED","Expanding on last drop:","2","UNHIGHLIGHTED","0","0","20","20","Expanding on last drop:","NO","","","context","context: ""Expanding on last drop:""","NO","NO","","colon_or_semicolon_block","HIGH","CLAIM_CANDIDATE","declarative prose — decide Q-authored claim vs quoted claim vs aphorism","","USA v Japan ⏎ Apply: ⏎ https://www.forbes.com/sites/theapothecary/2020/05/26/nursing-homes-assisted-living-facilities-0-6-of-the-u-s-population-43-of-u-s-covid-19-deaths/#26ae4e9a74cd ⏎ ""Let that sink in: 42% of all COVID-19","0","23","https://8kun.top/qresearch/res/9345091.html#9345703","","","","","","","","","UNREVIEWED"
"4337","#4337","2","p4337-s002","G_CERTIFIED_CONTEXT_NOT_PAINTED","USA v Japan","3","PARTIAL_ONLY","88.89","0","1","9","v","NO","namedEntity","namedEntity: ""USA"" [25-28] || namedEntity: ""Japan"" [31-36] || namedEntity: ""USA"" [25-28]","context","context: ""USA v Japan""","NO","NO","","fragment_or_label","HIGH","LABEL_FRAGMENT_OR_DEVICE","short label, slogan, heading or symbolic device rather than a proposition","Expanding on last drop:","Apply: ⏎ https://www.forbes.com/sites/theapothecary/2020/05/26/nursing-homes-assisted-living-facilities-0-6-of-the-u-s-population-43-of-u-s-covid-19-deaths/#26ae4e9a74cd ⏎ ""Let that sink in: 42% of all COVID-19 deaths are t","25","36","https://8kun.top/qresearch/res/9345091.html#9345703","","","","","","","","","UNREVIEWED"
"4338","#4338","1","p4338-s001","G_CERTIFIED_CONTEXT_NOT_PAINTED","Expanding on last drop:","2","UNHIGHLIGHTED","0","0","20","20","Expanding on last drop:","NO","","","context","context: ""Expanding on last drop:""","NO","NO","","colon_or_semicolon_block","HIGH","CLAIM_CANDIDATE","declarative prose — decide Q-authored claim vs quoted claim vs aphorism","","USA v Japan ⏎ Apply: ⏎ 43% of 100% [nursing home] [death]  ⏎ CDC conflate 34-57% COVID-19 deaths data [include: pneumonia-influenza]? ⏎ Avg pneumonia-influenza death(s) per season? ⏎ Why is the data constantly changing [past]? ⏎ So","0","23","https://8kun.top/qresearch/res/9345841.html#9345963","","","","","","","","","UNREVIEWED"
"4338","#4338","2","p4338-s002","G_CERTIFIED_CONTEXT_NOT_PAINTED","USA v Japan","3","PARTIAL_ONLY","88.89","0","1","9","v","NO","namedEntity","namedEntity: ""USA"" [24-27] || namedEntity: ""Japan"" [30-35]","context","context: ""USA v Japan""","NO","NO","","fragment_or_label","HIGH","LABEL_FRAGMENT_OR_DEVICE","short label, slogan, heading or symbolic device rather than a proposition","Expanding on last drop:","Apply: ⏎ 43% of 100% [nursing home] [death]  ⏎ CDC conflate 34-57% COVID-19 deaths data [include: pneumonia-influenza]? ⏎ Avg pneumonia-influenza death(s) per season? ⏎ Why is the data constantly changing [past]? ⏎ Sometimes a wa","24","35","https://8kun.top/qresearch/res/9345841.html#9345963","","","","","","","","","UNREVIEWED"
"4343","#4343","1","p4343-s001","G_CERTIFIED_CONTEXT_NOT_PAINTED","USA total pop: 328 million","1","PARTIAL_ONLY","13.64","0","19","22","total pop: 328 million","NO","namedEntity","namedEntity: ""USA"" [0-3]","context","context: ""USA total pop: 328 million""","NO","NO","","fragment_or_label","HIGH","LABEL_FRAGMENT_OR_DEVICE","short label, slogan, heading or symbolic device rather than a proposition","","COVID-19 deaths: 100,000 [lockdown] ⏎ Japan total pop: 126 million [condensed (island)] ⏎ COVID-19 deaths: 850 [no lockdown] ⏎ 2 + 2 = 5? ⏎ Q","0","26","https://8kun.top/qresearch/res/9346566.html#9346961","","","","","","","","","UNREVIEWED"
"4362","#4362","2","p4362-s002","G_CERTIFIED_CONTEXT_NOT_PAINTED","Keyword: Insurgency","1","UNHIGHLIGHTED","0","0","18","18","Keyword: Insurgency","NO","","","context","context: ""Keyword: Insurgency""","NO","NO","","fragment_or_label","HIGH","LABEL_FRAGMENT_OR_DEVICE","short label, slogan, heading or symbolic device rather than a proposition",">>9394869 ⏎ https://twitter.com/IngrahamAngle/status/1267118003663093760","Q","71","90","https://8kun.top/qresearch/res/9394815.html#9394984","","","","","","","","","UNREVIEWED"
"4363","#4363","9","p4363-s009","G_CERTIFIED_CONTEXT_NOT_PAINTED","NEXT:","3","UNHIGHLIGHTED","0","0","5","5","NEXT:","NO","","","context","context: ""NEXT:""","NO","NO","","colon_or_semicolon_block","HIGH","CLAIM_CANDIDATE","declarative prose — decide Q-authored claim vs quoted claim vs aphorism","Insurgents require supporters, recruits, safe havens, money, supplies, weapons and intelligence on government actions. A robust insurgency can be waged with the support of just a small percentage of a given population.","Counterinsurgency may be defined as ‘comprehensive civilian and military efforts taken to simultaneously defeat and contain insurgency and address its root causes’. ⏎ Q","1156","1161","https://8kun.top/qresearch/res/9394815.html#9395126","","","","","","","","","UNREVIEWED"
"4373","#4373","3","p4373-s003","G_CERTIFIED_CONTEXT_NOT_PAINTED","INFILTRATION V INVASION","1","UNHIGHLIGHTED","0","0","21","21","INFILTRATION V INVASION","NO","","","context","context: ""INFILTRATION V INVASION""","NO","NO","","fragment_or_label","HIGH","LABEL_FRAGMENT_OR_DEVICE","short label, slogan, heading or symbolic device rather than a proposition","YOU ARE WITNESSING THE GREATEST [COORDINATED] DISINFORMATION CAMPAIGN TO EVER BE LAUNCHED AGAINST THE AMERICAN PEOPLE. ⏎ INFORMATION WARFARE.","INSURGENCY. ⏎ IRREGULAR WARFARE. ⏎ [D] EFFORTS TO REGAIN POWER. ⏎ Q","140","163","https://8kun.top/qresearch/res/9402538.html#9402777","","","","","","","","","UNREVIEWED"
"4397","#4397","8","p4397-s008","G_CERTIFIED_CONTEXT_NOT_PAINTED","PRO AMERICA v ANTI AMERICA","1","PARTIAL_ONLY","63.64","0","8","22","PRO ⋯ v ANTI","NO","namedEntity","namedEntity: ""AMERICA"" [390-397] || namedEntity: ""AMERICA"" [405-412]","context","context: ""PRO AMERICA v ANTI AMERICA""","NO","NO","","fragment_or_label","HIGH","LABEL_FRAGMENT_OR_DEVICE","short label, slogan, heading or symbolic device rather than a proposition","ach other and miss the true target [them]. ⏎ MSDNC projection re: scope & size meant to instill fear and basic 'follow the pack mentality' [psych 101][echo-chamber][group think] ⏎ 'If majority thinks xyz - xyz must be true'","Re-obtain power by any means necessary. ⏎ Prevent public exposure of truth. ⏎ Prevent accountability. ⏎ Your life means nothing to them [sheep]. ⏎ You are a vote when it matters and a dollar sign when it does not. ⏎ Stand Strong.","386","412","https://8kun.top/qresearch/res/9452485.html#9452636","","","","","","","","","UNREVIEWED"
"4414","#4414","1","p4414-s001","G_CERTIFIED_CONTEXT_NOT_PAINTED","EAM LOYALISTS:","1","UNHIGHLIGHTED","0","0","13","13","EAM LOYALISTS:","NO","","","context","context: ""EAM LOYALISTS:""","NO","NO","","colon_or_semicolon_block","HIGH","CLAIM_CANDIDATE","declarative prose — decide Q-authored claim vs quoted claim vs aphorism","","RED1: POTUS twitter removal ⏎ RED2: Central communications blackout [continental US] ⏎ RED3: CLAS movement PELOSI or PENCE ⏎ RED4: Movement of MIL assets [10th Mountain_1st Marine_CPSD_Marine_QVIR] to central locations under","0","14","https://8kun.top/qresearch/res/9473192.html#9473673","","","","","","","","","UNREVIEWED"
"4476","#4476","4","p4476-s004","G_CERTIFIED_CONTEXT_NOT_PAINTED","THEN:","1","UNHIGHLIGHTED","0","0","5","5","THEN:","NO","","","context","context: ""THEN:""","NO","NO","","colon_or_semicolon_block","HIGH","CLAIM_CANDIDATE","declarative prose — decide Q-authored claim vs quoted claim vs aphorism","Old playbook[s] still used today? ⏎ Then v Now ⏎ Compare & Contrast","https://www.theguardian.com/world/2016/mar/30/associated-press-cooperation-nazis-revealed-germany-harriet-scharnberg ⏎ “The Associated Press news agency entered a formal cooperation with the Hitler regime in the 1930s, su","64","69","https://8kun.top/qresearch/res/9646127.html#9646819","","","","","","","","","UNREVIEWED"
"4476","#4476","17","p4476-s017","G_CERTIFIED_CONTEXT_NOT_PAINTED","NOW:","1","UNHIGHLIGHTED","0","0","4","4","NOW:","NO","","","context","context: ""NOW:""","NO","NO","","colon_or_semicolon_block","HIGH","CLAIM_CANDIDATE","declarative prose — decide Q-authored claim vs quoted claim vs aphorism","tween 1930 and 1933, they often turn to extreme political parties offering simple solutions to their problems. Between 1930 and 1933 support for the extreme right-wing Nazis and the extreme left-wing communists soared.”","MSDNC “peaceful protests” ⏎ MSDNC propaganda campaign?  ⏎ MSDNC information warfare campaign? ⏎ MSDNC “POTUS MUST BE REMOVED” push years 1-now? ⏎ https://twitter.com/robbystarbuck/status/1272721484012752896 ⏎ COVID-19 > global ec","1291","1295","https://8kun.top/qresearch/res/9646127.html#9646819","","","","","","","","","UNREVIEWED"
"4484","#4484","4","p4484-s004","G_CERTIFIED_CONTEXT_NOT_PAINTED","Jurisdiction:","1","UNHIGHLIGHTED","0","0","13","13","Jurisdiction:","NO","","","context","context: ""Jurisdiction:""","NO","NO","","colon_or_semicolon_block","HIGH","CLAIM_CANDIDATE","declarative prose — decide Q-authored claim vs quoted claim vs aphorism","https://twitter.com/TheJusticeDept/status/1274148764769452033 ⏎ SDNY ⏎ Importance of SDNY control?","Weiner evidence collection ⏎ Clinton Foundation  ⏎ Epstein evidence collection ⏎ Ukraine  ⏎ (focus on above [for now]) ⏎ [Watch NYC] ⏎ https://twitter.com/SDNYnews/status/1274178732476059650 ⏎ THE GUARD REFUSING TO STEP DOWN? ⏎ POTUS","95","108","https://8kun.top/qresearch/res/9682731.html#9682825","","","","","","","","","UNREVIEWED"
"4484","#4484","5","p4484-s005","G_CERTIFIED_CONTEXT_NOT_PAINTED","Weiner evidence collection","1","PARTIAL_ONLY","25","0","18","24","evidence collection","NO","namedEntity","namedEntity: ""Weiner"" [110-116]","context","context: ""Weiner evidence collection""","NO","NO","","fragment_or_label","HIGH","LABEL_FRAGMENT_OR_DEVICE","short label, slogan, heading or symbolic device rather than a proposition","https://twitter.com/TheJusticeDept/status/1274148764769452033 ⏎ SDNY ⏎ Importance of SDNY control? ⏎ Jurisdiction:","Clinton Foundation  ⏎ Epstein evidence collection ⏎ Ukraine  ⏎ (focus on above [for now]) ⏎ [Watch NYC] ⏎ https://twitter.com/SDNYnews/status/1274178732476059650 ⏎ THE GUARD REFUSING TO STEP DOWN? ⏎ POTUS refusal to formally nominate","110","136","https://8kun.top/qresearch/res/9682731.html#9682825","","","","","","","","","UNREVIEWED"
"4484","#4484","7","p4484-s007","G_CERTIFIED_CONTEXT_NOT_PAINTED","Epstein evidence collection","1","PARTIAL_ONLY","28","0","18","25","evidence collection","NO","namedEntity","namedEntity: ""Epstein"" [157-164]","context","context: ""Epstein evidence collection""","NO","NO","","fragment_or_label","HIGH","LABEL_FRAGMENT_OR_DEVICE","short label, slogan, heading or symbolic device rather than a proposition","https://twitter.com/TheJusticeDept/status/1274148764769452033 ⏎ SDNY ⏎ Importance of SDNY control? ⏎ Jurisdiction:  ⏎ Weiner evidence collection ⏎ Clinton Foundation","Ukraine  ⏎ (focus on above [for now]) ⏎ [Watch NYC] ⏎ https://twitter.com/SDNYnews/status/1274178732476059650 ⏎ THE GUARD REFUSING TO STEP DOWN? ⏎ POTUS refusal to formally nominate?  ⏎ APPOINTED TO POST BY SDNY JUDGES [unusual][re","157","184","https://8kun.top/qresearch/res/9682731.html#9682825","","","","","","","","","UNREVIEWED"
"4484","#4484","16","p4484-s016","G_CERTIFIED_CONTEXT_NOT_PAINTED","Super bowl > puppy show","1","UNHIGHLIGHTED","0","0","19","19","Super bowl > puppy show","NO","","","context","context: ""Super bowl > puppy show""","NO","NO","","fragment_or_label","HIGH","LABEL_FRAGMENT_OR_DEVICE","short label, slogan, heading or symbolic device rather than a proposition","witter.com/SDNYnews/status/1274178732476059650 ⏎ THE GUARD REFUSING TO STEP DOWN? ⏎ POTUS refusal to formally nominate?  ⏎ APPOINTED TO POST BY SDNY JUDGES [unusual][removal of 'acting']? ⏎ The stakes are high. ⏎ They will fight.","Q","462","485","https://8kun.top/qresearch/res/9682731.html#9682825","","","","","","","","","UNREVIEWED"
"4488","#4488","5","p4488-s005","G_CERTIFIED_CONTEXT_NOT_PAINTED","5mm+","1","UNHIGHLIGHTED","0","0","4","4","5mm+","NO","","","context","context: ""5mm+""","NO","NO","","fragment_or_label","HIGH","LABEL_FRAGMENT_OR_DEVICE","short label, slogan, heading or symbolic device rather than a proposition",">>9695854 ⏎ It will not happen again. ⏎ Remember, they also phone in to report 'threats' [deliberate].  ⏎ Heightened security due to recent events. ⏎ What was the combined social media unique 'view' count [non_TV]?","Keep your eye on the ball. ⏎ Q","207","211","https://8kun.top/qresearch/res/9695788.html#9696071","","","","","","","","","UNREVIEWED"
"4489","#4489","19","p4489-s019","G_CERTIFIED_CONTEXT_NOT_PAINTED","Added: Barr _today","1","PARTIAL_ONLY","25","0","12","16","Added: ⋯ _today","NO","namedEntity","namedEntity: ""Barr"" [1895-1899]","context","context: ""Added: Barr _today""","NO","NO","","sentence_like_no_terminal","HIGH","CLAIM_CANDIDATE","declarative prose — decide Q-authored claim vs quoted claim vs aphorism","ists prevent]] ⏎ BLM (4)-year push: C wave2 opportunity card [D] mayor(s)/gov(s) impose new restrictions if needed _retain narrative mail-in-vote(ing) needed safety security _limit economic / unemployment recovery (slow)","Lockdown(s) +C: Halt use of grand jury[ies] due to 'close proximity' _COVID mandated restrictions throughout all cities ⏎ Lockdown(s) +C: Halt travel of called witnesses re: pending investigation [Durham (known)] _legal o","1888","1906","https://8kun.top/qresearch/res/9696572.html#9697079","","","","","","","","","UNREVIEWED"
"4489","#4489","24","p4489-s024","G_CERTIFIED_CONTEXT_NOT_PAINTED","1.","36","UNHIGHLIGHTED","0","0","2","2","1.","NO","","","context","context: ""1.""","NO","NO","","symbolic_or_numeric","MEDIUM","LABEL_FRAGMENT_OR_DEVICE","short label, slogan, heading or symbolic device rather than a proposition","ation [Durham (known)] _legal out deployed by witness ""I do not feel comfortable and/or safe traveling due to COVID-19 health concerns.""  ⏎ [Driver: Baseline: MSDNC coordinated narrative con] ⏎ Apply logic and common sense:","What are they trying to prevent? ⏎ 2. Who benefits the most? ⏎ All assets deployed.  ⏎ Q","2315","2317","https://8kun.top/qresearch/res/9696572.html#9697079","","","","","","","","","UNREVIEWED"
"4489","#4489","26","p4489-s026","G_CERTIFIED_CONTEXT_NOT_PAINTED","2.","32","UNHIGHLIGHTED","0","0","2","2","2.","NO","","","context","context: ""2.""","NO","NO","","symbolic_or_numeric","MEDIUM","LABEL_FRAGMENT_OR_DEVICE","short label, slogan, heading or symbolic device rather than a proposition","ployed by witness ""I do not feel comfortable and/or safe traveling due to COVID-19 health concerns.""  ⏎ [Driver: Baseline: MSDNC coordinated narrative con] ⏎ Apply logic and common sense: ⏎ 1. What are they trying to prevent?","Who benefits the most? ⏎ All assets deployed.  ⏎ Q","2351","2353","https://8kun.top/qresearch/res/9696572.html#9697079","","","","","","","","","UNREVIEWED"
"4521","#4521","6","p4521-s006","G_CERTIFIED_CONTEXT_NOT_PAINTED","KEY EXCEPTIONS TO THE POSSE COMITATUS ACT","1","PARTIAL_ONLY","48.57","0","18","35","KEY EXCEPTIONS TO THE","NO","namedEntity","namedEntity: ""POSSE COMITATUS ACT"" [451-470]","context","context: ""KEY EXCEPTIONS TO THE POSSE COMITATUS ACT""","NO","NO","","fragment_or_label","HIGH","LABEL_FRAGMENT_OR_DEVICE","short label, slogan, heading or symbolic device rather than a proposition","Section 1385, an original intent of which was to end the use of federal troops [TO POLICE STATE ELECTIONS] in former Confederate states, proscribes the role of the Army and Air Force in executing civil laws and states.""","""Pursuant to the presidential power to quell domestic violence, federal troops are expressly exempt from the prohibitions of Posse Comitatus Act, and this exemption applies equally to active-duty military and federalize","429","470","https://8kun.top/qresearch/res/9743399.html#9744194","","","","","","","","","UNREVIEWED"
"4535","#4535","1","p4535-s001","G_CERTIFIED_CONTEXT_NOT_PAINTED","A person(s) value:","2","UNHIGHLIGHTED","0","0","16","16","A person(s) value:","NO","","","context","context: ""A person(s) value:""","NO","NO","","colon_or_semicolon_block","HIGH","CLAIM_CANDIDATE","declarative prose — decide Q-authored claim vs quoted claim vs aphorism","","1. vote ⏎ 2. monetary value (tax contribution) ⏎ 3.  ⏎ Why is 'free thought' ridiculed, challenged, and threatened when a person is opposed to the 'mainstream-narrative'? ⏎ [2] remains fixed (degree allowable by 'economic reces","0","18","https://8kun.top/qresearch/res/9776409.html#9778683","","","","","","","","","UNREVIEWED"
"4541","#4541","2","p4541-s002","G_CERTIFIED_CONTEXT_NOT_PAINTED","June 7, 2020","1","UNHIGHLIGHTED","0","0","10","10","June 7, 2020","NO","","","context","context: ""June 7, 2020""","NO","NO","","fragment_or_label","HIGH","LABEL_FRAGMENT_OR_DEVICE","short label, slogan, heading or symbolic device rather than a proposition","[1]","Holy Trinity Sunday ⏎ Mr. President, ⏎  ⏎ In recent months we have been witnessing the formation of two opposing sides that I would call Biblical: the children of light and the children of darkness. The children of light cons","5","17","https://8kun.top/qresearch/res/9791246.html#9791774","","","","","","","","","UNREVIEWED"
"4542","#4542","14","p4542-s014","G_CERTIFIED_CONTEXT_NOT_PAINTED","Mr.","4","UNHIGHLIGHTED","0","0","3","3","Mr.","NO","","","context","context: ""Mr. President, my prayer is constantly turned to the beloved American nation, where I had the privilege and honor of being sent by Pope Benedict XVI as Apostolic Nuncio.""","NO","NO","","complete_sentence","MEDIUM","CLAIM_CANDIDATE","declarative prose — decide Q-authored claim vs quoted claim vs aphorism","ns of the children of darkness will collapse, their plots will be revealed, their betrayal will be shown, their frightening power will end in nothing, brought to light and exposed for what it is: an infernal deception.","President, my prayer is constantly turned to the beloved American nation, where I had the privilege and honor of being sent by Pope Benedict XVI as Apostolic Nuncio. In this dramatic and decisive hour for all of humanit","2470","2473","https://8kun.top/qresearch/res/9791246.html#9791782","","","","","","","","","UNREVIEWED"
"4542","#4542","19","p4542-s019","G_CERTIFIED_CONTEXT_NOT_PAINTED","+ Carlo Maria Viganò","1","UNHIGHLIGHTED","0","0","17","17","+ Carlo Maria Viganò","NO","","","context","context: ""+ Carlo Maria Viganò""","NO","NO","","fragment_or_label","HIGH","LABEL_FRAGMENT_OR_DEVICE","short label, slogan, heading or symbolic device rather than a proposition","merican people are united with me and you in prayer to Almighty God. ⏎  ⏎ United against the Invisible Enemy of all humanity, I bless you and the First Lady, the beloved American nation, and all men and women of good will.","Titular Archbishop of Ulpiana ⏎ Former Apostolic Nuncio to the United States of America","3039","3059","https://8kun.top/qresearch/res/9791246.html#9791782","","","","","","","","","UNREVIEWED"
"4546","#4546","5","p4546-s005","G_CERTIFIED_CONTEXT_NOT_PAINTED","NEXT:","3","UNHIGHLIGHTED","0","0","5","5","NEXT:","NO","","","context","context: ""NEXT:""","NO","NO","","colon_or_semicolon_block","HIGH","CLAIM_CANDIDATE","declarative prose — decide Q-authored claim vs quoted claim vs aphorism","mbers of COVID-19 patients entering the United States from Mexico comes as many parts of California have pushed down their infection rates, enables many counties to lift stay-at-home restrictions and reopen businesses.""","https://deadline.com/2020/06/california-coronavirus-update-governor-gavin-newsom-says-l-a-county-could-close-back-down-soon-we-will-be-stepping-up-our-enforcement-1202972895/ ⏎ HOW DO YOU MAINTAIN CONTROL OF THE NARRATIVE","439","444","https://8kun.top/qresearch/res/9796645.html#9796768","","","","","","","","","UNREVIEWED"
"4555","#4555","4","p4555-s004","G_CERTIFIED_CONTEXT_NOT_PAINTED","Taken here:","1","UNHIGHLIGHTED","0","0","10","10","Taken here:","NO","","","context","context: ""Taken here:""","NO","NO","","colon_or_semicolon_block","HIGH","CLAIM_CANDIDATE","declarative prose — decide Q-authored claim vs quoted claim vs aphorism","Start here: ⏎ https://blacklivesmatter.com ⏎ Next click 'donate'.","https://secure.actblue.com/donate/ms_blm_homepage_2019 ⏎ Who is ActBlue? ⏎ https://secure.actblue.com ⏎ Powering Democratic candidates, committees, parties, ⏎ organizations, and c4s around the country. ⏎ [D] party funding? ⏎ ALL DO","62","73","https://8kun.top/qresearch/res/9812334.html#9812912","","","","","","","","","UNREVIEWED"
"4586","#4586","3","p4586-s003","G_CERTIFIED_CONTEXT_NOT_PAINTED","1 lab = possible human-error","1","UNHIGHLIGHTED","0","0","24","24","1 lab = possible human-error","NO","","","context","context: ""1 lab = possible human-error""","NO","NO","","fragment_or_label","HIGH","LABEL_FRAGMENT_OR_DEVICE","short label, slogan, heading or symbolic device rather than a proposition","https://www.foxnews.com/health/coronavirus-update-florida-labs-not-reporting-negative-test-results-report ⏎ How important is FL re: 2020 election?","'Countless' labs = deliberate [coordinated] ⏎ Largest coordinated mis[dis]information campaign ever to be pushed by controlled entities?  ⏎ Who benefits the most? ⏎ Q","145","173","https://8kun.top/qresearch/res/9990511.html#9990615","","","","","","","","","UNREVIEWED"
"4587","#4587","2","p4587-s002","G_CERTIFIED_CONTEXT_NOT_PAINTED","C19 narrative kill date: Election Day +1","1","PARTIAL_ONLY","41.18","0","20","34","narrative kill date: ⋯ +1","NO","namedEntity","namedEntity: ""Election Day"" [88-100] || namedEntity: ""C19"" [63-66]","context","context: ""C19 narrative kill date: Election Day +1""","NO","NO","","fragment_or_label","HIGH","LABEL_FRAGMENT_OR_DEVICE","short label, slogan, heading or symbolic device rather than a proposition","https://twitter.com/realAlexBaumann/status/1284240420302536705","Prepare for zero-day [massive cyber-power] attacks [attempts] on 11.4. ⏎ Q","63","103","https://8kun.top/qresearch/res/9990511.html#9991332","","","","","","","","","UNREVIEWED"
"4600","#4600","3","p4600-s003","G_CERTIFIED_CONTEXT_NOT_PAINTED","v2","2","UNHIGHLIGHTED","0","0","2","2","v2","NO","","","context","context: ""v2""","NO","NO","","fragment_or_label","HIGH","LABEL_FRAGMENT_OR_DEVICE","short label, slogan, heading or symbolic device rather than a proposition","https://twitter.com/CBS_Herridge/status/1284904259188908034 ⏎ Sunlight kills.","Q","76","78","https://8kun.top/qresearch/res/10014651.html#10015028","","","","","","","","","UNREVIEWED"
"4601","#4601","3","p4601-s003","G_CERTIFIED_CONTEXT_NOT_PAINTED","v2","2","UNHIGHLIGHTED","0","0","2","2","v2","NO","","","context","context: ""v2""","NO","NO","","fragment_or_label","HIGH","LABEL_FRAGMENT_OR_DEVICE","short label, slogan, heading or symbolic device rather than a proposition","https://twitter.com/Techno_Fog/status/1285020586801070083 ⏎ Sunlight kills.","Q","74","76","https://8kun.top/qresearch/res/10014651.html#10015079","","","","","","","","","UNREVIEWED"
"4603","#4603","10","p4603-s010","G_CERTIFIED_CONTEXT_NOT_PAINTED","Similar:","1","UNHIGHLIGHTED","0","0","8","8","Similar:","NO","","","context","context: ""Similar:""","NO","NO","","colon_or_semicolon_block","HIGH","CLAIM_CANDIDATE","declarative prose — decide Q-authored claim vs quoted claim vs aphorism","w many Senate members were illegally surv? ⏎ Upstream collection. [umbrella] ⏎ 702 ⏎ non-702 ⏎ FVEY ⏎ non-FVEY ⏎ spy_insert_campaign[s] 1&2 ⏎ ren·e·gade ⏎ a person who deserts and betrays an organization, country, or set of principles.","traitor ⏎ defector ⏎ deserter ⏎ turncoat ⏎ betrayer ⏎ rebel ⏎ mutineer ⏎ quisling ⏎ fifth columnist ⏎ renegado ⏎ tergiversator ⏎ Q","370","378","https://8kun.top/qresearch/res/10015409.html#10015756","","","","","","","","","UNREVIEWED"
"4612","#4612","3","p4612-s003","G_CERTIFIED_CONTEXT_NOT_PAINTED","Next: more 'act of violence' frame-ups","1","UNHIGHLIGHTED","0","0","33","33","Next: more 'act of violence' frame-ups","NO","","","context","context: ""Next: more 'act of violence' frame-ups""","NO","NO","","fragment_or_label","HIGH","LABEL_FRAGMENT_OR_DEVICE","short label, slogan, heading or symbolic device rather than a proposition","ct attacks have failed to control the reach [sway opinion] and prevent growth ['free-thought']. ⏎ When direct attacks [use of inserts [cutouts]] fail > censorship [ban] deployed as aggressive method to slow/limit growth.","CONTROLLED INFORMATION DISSEMINATION SYSTEM DESIGNED TO CONTROL YOU IS THREATENED. ⏎ If you posed no threat [reach and topics] to their control [information dominance] they would not continue to expend ammunition.  ⏎ They","248","286","https://8kun.top/qresearch/res/10044605.html#10045084","","","","","","","","","UNREVIEWED"
"4620","#4620","13","p4620-s013","G_CERTIFIED_CONTEXT_NOT_PAINTED","Install ‘controlled’ [rogue7_Bolton]","1","PARTIAL_ONLY","44.12","0","19","34","Install ‘controlled’","NO","namedEntity | bracketCode","namedEntity: ""Bolton"" [837-843] || bracketCode: ""[rogue7_Bolton]"" [829-844]","context","context: ""Install ‘controlled’ [rogue7_Bolton]""","NO","NO","","sentence_like_no_terminal","HIGH","CLAIM_CANDIDATE","declarative prose — decide Q-authored claim vs quoted claim vs aphorism","r]. ⏎ McMaster removal of ‘loyalist’ intel community_NAT SEC ⏎ Install ‘controlled’ [rogue2_Coats_DNI] prevent DECLAS [House-Senate blockade]. ⏎ Pre_Install [rogue3-6] > referral(s) to POTUS re: McMaster_Coats_Wray_Bolton_+++","Bolton removal of ‘loyalists’ intel community_NAT SEC ⏎ Intel community [NAT SEC_WH] essential to control [infiltration] to prevent DECLAS_public exposure of true events [illegal surv [R] candidates 1&2, House members 1-x","808","844","https://8kun.top/qresearch/res/10134589.html#10134839","","","","","","","","","UNREVIEWED"
"4620","#4620","28","p4620-s028","G_CERTIFIED_CONTEXT_NOT_PAINTED","Eliminate record economic gains","1","UNHIGHLIGHTED","0","0","28","28","Eliminate record economic gains","NO","","","context","context: ""Eliminate record economic gains""","NO","NO","","fragment_or_label","MEDIUM","LABEL_FRAGMENT_OR_DEVICE","short label, slogan, heading or symbolic device rather than a proposition","ensor any opposing views [anti-narrative] ⏎ [Ready when needed] Activate 4-year BLM narrative 4x power [use as division + [2020] C19 infect rates to justify close-limit until Nov 3].  ⏎ C19 calculated [D] political gain: ⏎ 1.","2.	Eliminate record unemployment gains ⏎ 3.	Shelter Biden from public appearances _limit public exposure of mental condition ⏎ 4.	Shelter Biden from Ukraine exposure _narrative change _media focus C19 ⏎ 5.	Shelter Biden from","2543","2574","https://8kun.top/qresearch/res/10134589.html#10134839","","","","","","","","","UNREVIEWED"
"4620","#4620","30","p4620-s030","G_CERTIFIED_CONTEXT_NOT_PAINTED","Eliminate record unemployment gains","1","UNHIGHLIGHTED","0","0","32","32","Eliminate record unemployment gains","NO","","","context","context: ""Eliminate record unemployment gains""","NO","NO","","fragment_or_label","MEDIUM","LABEL_FRAGMENT_OR_DEVICE","short label, slogan, heading or symbolic device rather than a proposition","ative] ⏎ [Ready when needed] Activate 4-year BLM narrative 4x power [use as division + [2020] C19 infect rates to justify close-limit until Nov 3].  ⏎ C19 calculated [D] political gain: ⏎ 1.	Eliminate record economic gains ⏎ 2.","3.	Shelter Biden from public appearances _limit public exposure of mental condition ⏎ 4.	Shelter Biden from Ukraine exposure _narrative change _media focus C19 ⏎ 5.	Shelter Biden from P_debates [requested demands due to C19","2578","2613","https://8kun.top/qresearch/res/10134589.html#10134839","","","","","","","","","UNREVIEWED"
"4620","#4620","33","p4620-s033","G_CERTIFIED_CONTEXT_NOT_PAINTED","4.","11","UNHIGHLIGHTED","0","0","2","2","4.","NO","","","context","context: ""4.""","NO","NO","","symbolic_or_numeric","MEDIUM","LABEL_FRAGMENT_OR_DEVICE","short label, slogan, heading or symbolic device rather than a proposition","close-limit until Nov 3].  ⏎ C19 calculated [D] political gain: ⏎ 1.	Eliminate record economic gains ⏎ 2.	Eliminate record unemployment gains ⏎ 3.	Shelter Biden from public appearances _limit public exposure of mental condition","Shelter Biden from Ukraine exposure _narrative change _media focus C19 ⏎ 5.	Shelter Biden from P_debates [requested demands due to C19] ⏎ 6.	Delay [D] convention _strategic take-over of nominee post conf ⏎ 7.	Eliminate_delay","2698","2700","https://8kun.top/qresearch/res/10134589.html#10134839","","","","","","","","","UNREVIEWED"
"4620","#4620","35","p4620-s035","G_CERTIFIED_CONTEXT_NOT_PAINTED","5.","9","UNHIGHLIGHTED","0","0","2","2","5.","NO","","","context","context: ""5.""","NO","NO","","symbolic_or_numeric","MEDIUM","LABEL_FRAGMENT_OR_DEVICE","short label, slogan, heading or symbolic device rather than a proposition","record economic gains ⏎ 2.	Eliminate record unemployment gains ⏎ 3.	Shelter Biden from public appearances _limit public exposure of mental condition ⏎ 4.	Shelter Biden from Ukraine exposure _narrative change _media focus C19","Shelter Biden from P_debates [requested demands due to C19] ⏎ 6.	Delay [D] convention _strategic take-over of nominee post conf ⏎ 7.	Eliminate_delay POTUS rallies _term energy ⏎ 8.	Eliminate ability for people to gather _ div","2772","2774","https://8kun.top/qresearch/res/10134589.html#10134839","","","","","","","","","UNREVIEWED"
"4620","#4620","39","p4620-s039","G_CERTIFIED_CONTEXT_NOT_PAINTED","7.","5","UNHIGHLIGHTED","0","0","2","2","7.","NO","","","context","context: ""7.""","NO","NO","","symbolic_or_numeric","MEDIUM","LABEL_FRAGMENT_OR_DEVICE","short label, slogan, heading or symbolic device rather than a proposition","mental condition ⏎ 4.	Shelter Biden from Ukraine exposure _narrative change _media focus C19 ⏎ 5.	Shelter Biden from P_debates [requested demands due to C19] ⏎ 6.	Delay [D] convention _strategic take-over of nominee post conf","Eliminate_delay POTUS rallies _term energy ⏎ 8.	Eliminate ability for people to gather _ divide  ⏎ 9.	Eliminate ability to find peace – strength in time of need [strict Church closures] ⏎ 10.	 Promote mail-in-voting as only ‘","2901","2903","https://8kun.top/qresearch/res/10134589.html#10134839","","","","","","","","","UNREVIEWED"
"4620","#4620","40","p4620-s040","G_CERTIFIED_CONTEXT_NOT_PAINTED","Eliminate_delay POTUS rallies _term energy","1","PARTIAL_ONLY","13.16","0","33","38","Eliminate_delay ⋯ rallies _term energy","NO","namedEntity","namedEntity: ""POTUS"" [2920-2925]","context","context: ""Eliminate_delay POTUS rallies _term energy""","NO","NO","","fragment_or_label","MEDIUM","LABEL_FRAGMENT_OR_DEVICE","short label, slogan, heading or symbolic device rather than a proposition","tal condition ⏎ 4.	Shelter Biden from Ukraine exposure _narrative change _media focus C19 ⏎ 5.	Shelter Biden from P_debates [requested demands due to C19] ⏎ 6.	Delay [D] convention _strategic take-over of nominee post conf ⏎ 7.","8.	Eliminate ability for people to gather _ divide  ⏎ 9.	Eliminate ability to find peace – strength in time of need [strict Church closures] ⏎ 10.	 Promote mail-in-voting as only ‘safe’ method _bypass NSA election security","2904","2946","https://8kun.top/qresearch/res/10134589.html#10134839","","","","","","","","","UNREVIEWED"
"4620","#4620","41","p4620-s041","G_CERTIFIED_CONTEXT_NOT_PAINTED","8.","5","UNHIGHLIGHTED","0","0","2","2","8.","NO","","","context","context: ""8.""","NO","NO","","symbolic_or_numeric","MEDIUM","LABEL_FRAGMENT_OR_DEVICE","short label, slogan, heading or symbolic device rather than a proposition","exposure _narrative change _media focus C19 ⏎ 5.	Shelter Biden from P_debates [requested demands due to C19] ⏎ 6.	Delay [D] convention _strategic take-over of nominee post conf ⏎ 7.	Eliminate_delay POTUS rallies _term energy","Eliminate ability for people to gather _ divide  ⏎ 9.	Eliminate ability to find peace – strength in time of need [strict Church closures] ⏎ 10.	 Promote mail-in-voting as only ‘safe’ method _bypass NSA election security [in","2947","2949","https://8kun.top/qresearch/res/10134589.html#10134839","","","","","","","","","UNREVIEWED"
"4620","#4620","43","p4620-s043","G_CERTIFIED_CONTEXT_NOT_PAINTED","9.","4","UNHIGHLIGHTED","0","0","2","2","9.","NO","","","context","context: ""9.""","NO","NO","","symbolic_or_numeric","MEDIUM","LABEL_FRAGMENT_OR_DEVICE","short label, slogan, heading or symbolic device rather than a proposition","ter Biden from P_debates [requested demands due to C19] ⏎ 6.	Delay [D] convention _strategic take-over of nominee post conf ⏎ 7.	Eliminate_delay POTUS rallies _term energy ⏎ 8.	Eliminate ability for people to gather _ divide","Eliminate ability to find peace – strength in time of need [strict Church closures] ⏎ 10.	 Promote mail-in-voting as only ‘safe’ method _bypass NSA election security [installed midterms +1]. ⏎ 11.	 Push state-bailout stimul","2999","3001","https://8kun.top/qresearch/res/10134589.html#10134839","","","","","","","","","UNREVIEWED"
"4620","#4620","45","p4620-s045","G_CERTIFIED_CONTEXT_NOT_PAINTED","10.","4","UNHIGHLIGHTED","0","0","3","3","10.","NO","","","context","context: ""10.""","NO","NO","","symbolic_or_numeric","MEDIUM","LABEL_FRAGMENT_OR_DEVICE","short label, slogan, heading or symbolic device rather than a proposition","gic take-over of nominee post conf ⏎ 7.	Eliminate_delay POTUS rallies _term energy ⏎ 8.	Eliminate ability for people to gather _ divide  ⏎ 9.	Eliminate ability to find peace – strength in time of need [strict Church closures]","Promote mail-in-voting as only ‘safe’ method _bypass NSA election security [installed midterms +1]. ⏎ 11.	 Push state-bailout stimulus [CA][NY] + wish list items  ⏎ 12.	 Increase national debt [place China into controlling","3086","3089","https://8kun.top/qresearch/res/10134589.html#10134839","","","","","","","","","UNREVIEWED"
"4620","#4620","49","p4620-s049","G_CERTIFIED_CONTEXT_NOT_PAINTED","12.","3","UNHIGHLIGHTED","0","0","3","3","12.","NO","","","context","context: ""12.""","NO","NO","","symbolic_or_numeric","MEDIUM","LABEL_FRAGMENT_OR_DEVICE","short label, slogan, heading or symbolic device rather than a proposition","e – strength in time of need [strict Church closures] ⏎ 10.	 Promote mail-in-voting as only ‘safe’ method _bypass NSA election security [installed midterms +1]. ⏎ 11.	 Push state-bailout stimulus [CA][NY] + wish list items","Increase national debt [place China into controlling debt position _regain leverage] ⏎ 13.	 Test conditional limits of public acceptance [obey] ⏎ 14.	 Test conditional limits of public non_acceptance  ⏎ 15.	 Test conditional","3252","3255","https://8kun.top/qresearch/res/10134589.html#10134839","","","","","","","","","UNREVIEWED"
"4620","#4620","53","p4620-s053","G_CERTIFIED_CONTEXT_NOT_PAINTED","14.","2","UNHIGHLIGHTED","0","0","3","3","14.","NO","","","context","context: ""14.""","NO","NO","","symbolic_or_numeric","MEDIUM","LABEL_FRAGMENT_OR_DEVICE","short label, slogan, heading or symbolic device rather than a proposition","dterms +1]. ⏎ 11.	 Push state-bailout stimulus [CA][NY] + wish list items  ⏎ 12.	 Increase national debt [place China into controlling debt position _regain leverage] ⏎ 13.	 Test conditional limits of public acceptance [obey]","Test conditional limits of public non_acceptance  ⏎ 15.	 Test conditional limits of State authority [Gov-mayor] ⏎ 16.	 Test conditional limits of Media [social] censorship ⏎ Who benefits the most? ⏎ [D]? ⏎ China [CCP]? ⏎ Russia is","3399","3402","https://8kun.top/qresearch/res/10134589.html#10134839","","","","","","","","","UNREVIEWED"
"4620","#4620","55","p4620-s055","G_CERTIFIED_CONTEXT_NOT_PAINTED","15.","3","UNHIGHLIGHTED","0","0","3","3","15.","NO","","","context","context: ""15.""","NO","NO","","symbolic_or_numeric","MEDIUM","LABEL_FRAGMENT_OR_DEVICE","short label, slogan, heading or symbolic device rather than a proposition","wish list items  ⏎ 12.	 Increase national debt [place China into controlling debt position _regain leverage] ⏎ 13.	 Test conditional limits of public acceptance [obey] ⏎ 14.	 Test conditional limits of public non_acceptance","Test conditional limits of State authority [Gov-mayor] ⏎ 16.	 Test conditional limits of Media [social] censorship ⏎ Who benefits the most? ⏎ [D]? ⏎ China [CCP]? ⏎ Russia is the enemy. ⏎ China is our friend. ⏎ [MSDNC [social media]","3454","3457","https://8kun.top/qresearch/res/10134589.html#10134839","","","","","","","","","UNREVIEWED"
"4620","#4620","70","p4620-s070","G_CERTIFIED_CONTEXT_NOT_PAINTED","INFORMATION WARFARE","1","UNHIGHLIGHTED","0","0","18","18","INFORMATION WARFARE","NO","","","context","context: ""INFORMATION WARFARE""","NO","NO","","fragment_or_label","HIGH","LABEL_FRAGMENT_OR_DEVICE","short label, slogan, heading or symbolic device rather than a proposition","l moves/events designed and launched by [D] party in coordination with other domestic and foreign entities in an attempt to regain power over you.  ⏎ Prevent accountability.  ⏎ SHADOW PRESIDENCY [HUSSEIN] ⏎ SHADOW GOVERNMENT","INSURGENCY ⏎ Your voice and your vote matters. ⏎ Patriots stand united. ⏎ Welcome to the Revolution. ⏎ Q","4000","4019","https://8kun.top/qresearch/res/10134589.html#10134839","","","","","","","","","UNREVIEWED"
"4620","#4620","71","p4620-s071","G_CERTIFIED_CONTEXT_NOT_PAINTED","INSURGENCY","1","UNHIGHLIGHTED","0","0","10","10","INSURGENCY","NO","","","context","context: ""INSURGENCY""","NO","NO","","fragment_or_label","HIGH","LABEL_FRAGMENT_OR_DEVICE","short label, slogan, heading or symbolic device rather than a proposition","ned and launched by [D] party in coordination with other domestic and foreign entities in an attempt to regain power over you.  ⏎ Prevent accountability.  ⏎ SHADOW PRESIDENCY [HUSSEIN] ⏎ SHADOW GOVERNMENT  ⏎ INFORMATION WARFARE","Your voice and your vote matters. ⏎ Patriots stand united. ⏎ Welcome to the Revolution. ⏎ Q","4020","4030","https://8kun.top/qresearch/res/10134589.html#10134839","","","","","","","","","UNREVIEWED"
"4621","#4621","5","p4621-s005","G_CERTIFIED_CONTEXT_NOT_PAINTED","2.","32","UNHIGHLIGHTED","0","0","2","2","2.","NO","","","context","context: ""2.""","NO","NO","","symbolic_or_numeric","HIGH","LABEL_FRAGMENT_OR_DEVICE","short label, slogan, heading or symbolic device rather than a proposition","[Placeholder - Indictments Tracking > Non_Civ] ⏎ [Set 1] ⏎ 1. Kevin Clinesmith [KC][11.3]","3. ⏎ 4. ⏎ 5. ⏎ 6. ⏎ [Placeholder - Indictments Tracking > Civ] ⏎  ⏎ https://www.justice.gov/archives/jm/criminal-resource-manual-923-18-usc-371-conspiracy-defraud-us","86","88","https://8kun.top/projectdcomms/res/20.html#110","","","","","","","","","UNREVIEWED"
"4621","#4621","6","p4621-s006","G_CERTIFIED_CONTEXT_NOT_PAINTED","3.","23","UNHIGHLIGHTED","0","0","2","2","3.","NO","","","context","context: ""3.""","NO","NO","","symbolic_or_numeric","HIGH","LABEL_FRAGMENT_OR_DEVICE","short label, slogan, heading or symbolic device rather than a proposition","[Placeholder - Indictments Tracking > Non_Civ] ⏎ [Set 1] ⏎ 1. Kevin Clinesmith [KC][11.3] ⏎ 2.","4. ⏎ 5. ⏎ 6. ⏎ [Placeholder - Indictments Tracking > Civ] ⏎  ⏎ https://www.justice.gov/archives/jm/criminal-resource-manual-923-18-usc-371-conspiracy-defraud-us","89","91","https://8kun.top/projectdcomms/res/20.html#110","","","","","","","","","UNREVIEWED"
"4621","#4621","7","p4621-s007","G_CERTIFIED_CONTEXT_NOT_PAINTED","4.","11","UNHIGHLIGHTED","0","0","2","2","4.","NO","","","context","context: ""4.""","NO","NO","","symbolic_or_numeric","HIGH","LABEL_FRAGMENT_OR_DEVICE","short label, slogan, heading or symbolic device rather than a proposition","[Placeholder - Indictments Tracking > Non_Civ] ⏎ [Set 1] ⏎ 1. Kevin Clinesmith [KC][11.3] ⏎ 2. ⏎ 3.","5. ⏎ 6. ⏎ [Placeholder - Indictments Tracking > Civ] ⏎  ⏎ https://www.justice.gov/archives/jm/criminal-resource-manual-923-18-usc-371-conspiracy-defraud-us","92","94","https://8kun.top/projectdcomms/res/20.html#110","","","","","","","","","UNREVIEWED"
"4621","#4621","8","p4621-s008","G_CERTIFIED_CONTEXT_NOT_PAINTED","5.","9","UNHIGHLIGHTED","0","0","2","2","5.","NO","","","context","context: ""5.""","NO","NO","","symbolic_or_numeric","HIGH","LABEL_FRAGMENT_OR_DEVICE","short label, slogan, heading or symbolic device rather than a proposition","[Placeholder - Indictments Tracking > Non_Civ] ⏎ [Set 1] ⏎ 1. Kevin Clinesmith [KC][11.3] ⏎ 2. ⏎ 3. ⏎ 4.","6. ⏎ [Placeholder - Indictments Tracking > Civ] ⏎  ⏎ https://www.justice.gov/archives/jm/criminal-resource-manual-923-18-usc-371-conspiracy-defraud-us","95","97","https://8kun.top/projectdcomms/res/20.html#110","","","","","","","","","UNREVIEWED"
"4621","#4621","9","p4621-s009","G_CERTIFIED_CONTEXT_NOT_PAINTED","6.","8","UNHIGHLIGHTED","0","0","2","2","6.","NO","","","context","context: ""6.""","NO","NO","","symbolic_or_numeric","HIGH","LABEL_FRAGMENT_OR_DEVICE","short label, slogan, heading or symbolic device rather than a proposition","[Placeholder - Indictments Tracking > Non_Civ] ⏎ [Set 1] ⏎ 1. Kevin Clinesmith [KC][11.3] ⏎ 2. ⏎ 3. ⏎ 4. ⏎ 5.","[Placeholder - Indictments Tracking > Civ] ⏎  ⏎ https://www.justice.gov/archives/jm/criminal-resource-manual-923-18-usc-371-conspiracy-defraud-us","98","100","https://8kun.top/projectdcomms/res/20.html#110","","","","","","","","","UNREVIEWED"
"4635","#4635","26","p4635-s026","G_CERTIFIED_CONTEXT_NOT_PAINTED","Soros history","1","PARTIAL_ONLY","41.67","0","7","12","history","NO","namedEntity","namedEntity: ""Soros"" [1757-1762] || namedEntity: ""Soros"" [1757-1762]","context","context: ""Soros history""","NO","NO","","fragment_or_label","HIGH","LABEL_FRAGMENT_OR_DEVICE","short label, slogan, heading or symbolic device rather than a proposition","f C19?  ⏎ https://encyclopedia.ushmm.org/content/en/article/nazi-propaganda ⏎ Use of propaganda by Nazi Germany ⏎ Use of propaganda by MSDNC / Social Media (control of narrative – terminate opposing message (censorship-kill))","Assault on America. ⏎ Ask yourself, why are [D] party leaders refusing to condemn the violence? ⏎ Ask yourself, why are [D] party leaders refusing to seek a unified republic?  ⏎ IT WAS NEVER ABOUT THE VIRUS AND ALWAYS ABOUT T","1757","1770","https://8kun.top/qresearch/res/10566382.html#10566765","","","","","","","","","UNREVIEWED"
"4637","#4637","2","p4637-s002","G_CERTIFIED_CONTEXT_NOT_PAINTED","Digital soldiers #FightBack","1","UNHIGHLIGHTED","0","0","25","25","Digital soldiers #FightBack","NO","","","context","context: ""Digital soldiers #FightBack""","NO","NO","","fragment_or_label","HIGH","LABEL_FRAGMENT_OR_DEVICE","short label, slogan, heading or symbolic device rather than a proposition","https://twitter.com/realDonaldTrump/status/1302601868313538560","Loyalists. ⏎ Patriots. ⏎ WWG1WGA!!! ⏎ Q","63","90","https://8kun.top/qresearch/res/10567138.html#10567629","","","","","","","","","UNREVIEWED"
"4645","#4645","41","p4645-s041","G_CERTIFIED_CONTEXT_NOT_PAINTED","THE SHADOW PRESIDENCY OF 44","1","UNHIGHLIGHTED","0","0","23","23","THE SHADOW PRESIDENCY OF 44","NO","","","context","context: ""THE SHADOW PRESIDENCY OF 44""","NO","NO","","fragment_or_label","HIGH","LABEL_FRAGMENT_OR_DEVICE","short label, slogan, heading or symbolic device rather than a proposition","e narrative? ⏎ All assets deployed.  ⏎ Nothing to lose. ⏎ Treason. ⏎ Sedition. ⏎ Conspiracy. ⏎ Information warfare. ⏎ Irregular warfare. ⏎ Insurgency. ⏎ Infiltration not invasion. ⏎ Clear and present danger to the United States of America.","PREVENTION OF POWER RETURNING TO THE PEOPLE. ⏎ POWER. ⏎ CONTROL. ⏎ PREVENTION OF ACCOUNTABILITY. ⏎ PREVENTION OF TRANSPARANCY. ⏎ WAR. ⏎ A CRITICAL MOMENT IN TIME. ⏎ Q","1720","1747","https://8kun.top/qresearch/res/10590959.html#10591663","","","","","","","","","UNREVIEWED"
"4657","#4657","1","p4657-s001","G_CERTIFIED_CONTEXT_NOT_PAINTED","Debates:","1","UNHIGHLIGHTED","0","0","8","8","Debates:","NO","","","context","context: ""Debates:""","NO","NO","","colon_or_semicolon_block","HIGH","CLAIM_CANDIDATE","declarative prose — decide Q-authored claim vs quoted claim vs aphorism","","1. Biden camp will find excuse/reason to terminate ⏎ 2. Biden camp will be provided the questions ahead of time ⏎ 3. Biden camp will be provided the questions ahead of time and assistance in the form of a special communicat","0","8","https://8kun.top/qresearch/res/10596316.html#10596922","","","","","","","","","UNREVIEWED"
"4657","#4657","2","p4657-s002","G_CERTIFIED_CONTEXT_NOT_PAINTED","1.","36","UNHIGHLIGHTED","0","0","2","2","1.","NO","","","context","context: ""1.""","NO","NO","","symbolic_or_numeric","MEDIUM","LABEL_FRAGMENT_OR_DEVICE","short label, slogan, heading or symbolic device rather than a proposition","Debates:","Biden camp will find excuse/reason to terminate ⏎ 2. Biden camp will be provided the questions ahead of time ⏎ 3. Biden camp will be provided the questions ahead of time and assistance in the form of a special communication","9","11","https://8kun.top/qresearch/res/10596316.html#10596922","","","","","","","","","UNREVIEWED"
"4657","#4657","4","p4657-s004","G_CERTIFIED_CONTEXT_NOT_PAINTED","2.","32","UNHIGHLIGHTED","0","0","2","2","2.","NO","","","context","context: ""2.""","NO","NO","","symbolic_or_numeric","MEDIUM","LABEL_FRAGMENT_OR_DEVICE","short label, slogan, heading or symbolic device rather than a proposition","Debates: ⏎ 1. Biden camp will find excuse/reason to terminate","Biden camp will be provided the questions ahead of time ⏎ 3. Biden camp will be provided the questions ahead of time and assistance in the form of a special communication device  ⏎ Q","60","62","https://8kun.top/qresearch/res/10596316.html#10596922","","","","","","","","","UNREVIEWED"
"4657","#4657","6","p4657-s006","G_CERTIFIED_CONTEXT_NOT_PAINTED","3.","23","UNHIGHLIGHTED","0","0","2","2","3.","NO","","","context","context: ""3.""","NO","NO","","symbolic_or_numeric","MEDIUM","LABEL_FRAGMENT_OR_DEVICE","short label, slogan, heading or symbolic device rather than a proposition","Debates: ⏎ 1. Biden camp will find excuse/reason to terminate ⏎ 2. Biden camp will be provided the questions ahead of time","Biden camp will be provided the questions ahead of time and assistance in the form of a special communication device  ⏎ Q","119","121","https://8kun.top/qresearch/res/10596316.html#10596922","","","","","","","","","UNREVIEWED"
"4686","#4686","4","p4686-s004","G_CERTIFIED_CONTEXT_NOT_PAINTED","WATERGATE x1000","2","PARTIAL_ONLY","64.29","0","5","14","x1000","NO","theme","theme: ""WATERGATE"" [155-164]","context","context: ""WATERGATE x1000""","NO","NO","","fragment_or_label","HIGH","LABEL_FRAGMENT_OR_DEVICE","short label, slogan, heading or symbolic device rather than a proposition","EQUAL JUSTICE UNDER THE LAW [AS WRITTEN]. ⏎ TRANSPARENCY [DISCLOSURE] AND ACCOUNTABILITY [JUSTICE] IS THE ONLY WAY FORWARD. ⏎ FUTURE OF OUR REPUBLIC AT STAKE.","SEPT 14-18, 21-25 [track & follow events] ⏎ Did Kevin set his alarm? ⏎ Q","155","170","https://8kun.top/qresearch/res/10630464.html#10630891","","","","","","","","","UNREVIEWED"
"4686","#4686","5","p4686-s005","G_CERTIFIED_CONTEXT_NOT_PAINTED","SEPT 14-18, 21-25 [track & follow events]","1","PARTIAL_ONLY","57.14","0","15","35","SEPT 14-18, 21-25","NO","bracketCode","bracketCode: ""[track & follow events]"" [189-212]","context","context: ""SEPT 14-18, 21-25 [track & follow events]""","NO","NO","","fragment_or_label","HIGH","LABEL_FRAGMENT_OR_DEVICE","short label, slogan, heading or symbolic device rather than a proposition","EQUAL JUSTICE UNDER THE LAW [AS WRITTEN]. ⏎ TRANSPARENCY [DISCLOSURE] AND ACCOUNTABILITY [JUSTICE] IS THE ONLY WAY FORWARD. ⏎ FUTURE OF OUR REPUBLIC AT STAKE. ⏎ WATERGATE x1000","Did Kevin set his alarm? ⏎ Q","171","212","https://8kun.top/qresearch/res/10630464.html#10630891","","","","","","","","","UNREVIEWED"
"4688","#4688","1","p4688-s001","G_CERTIFIED_CONTEXT_NOT_PAINTED","How do you accomplish the following:","1","UNHIGHLIGHTED","0","0","31","31","How do you accomplish the following:","NO","","","context","context: ""How do you accomplish the following:""","NO","NO","","colon_or_semicolon_block","HIGH","CLAIM_CANDIDATE","declarative prose — decide Q-authored claim vs quoted claim vs aphorism","","1. Terminate history-making economic gains made by POTUS prior to the election ⏎ 2. Stall US-China trade phase II _buy China time _prevent loss of billions [locked new agreement] ⏎ 3. Terminate [hold] POTUS record attendanc","0","36","https://8kun.top/qresearch/res/10631986.html#10632742","","","","","","","","","UNREVIEWED"
"4688","#4688","2","p4688-s002","G_CERTIFIED_CONTEXT_NOT_PAINTED","1.","36","UNHIGHLIGHTED","0","0","2","2","1.","NO","","","context","context: ""1.""","NO","NO","","symbolic_or_numeric","MEDIUM","LABEL_FRAGMENT_OR_DEVICE","short label, slogan, heading or symbolic device rather than a proposition","How do you accomplish the following:","Terminate history-making economic gains made by POTUS prior to the election ⏎ 2. Stall US-China trade phase II _buy China time _prevent loss of billions [locked new agreement] ⏎ 3. Terminate [hold] POTUS record attendance r","37","39","https://8kun.top/qresearch/res/10631986.html#10632742","","","","","","","","","UNREVIEWED"
"4688","#4688","10","p4688-s010","G_CERTIFIED_CONTEXT_NOT_PAINTED","5.","9","UNHIGHLIGHTED","0","0","2","2","5.","NO","","","context","context: ""5.""","NO","NO","","symbolic_or_numeric","MEDIUM","LABEL_FRAGMENT_OR_DEVICE","short label, slogan, heading or symbolic device rather than a proposition","old] POTUS record attendance rallies across USA _deplete and remove enthusiasm  ⏎ 4. Protect Biden from embarrassment re: mental health [clear cognitive decline], Q&A, rally attendance crowd size, lack of enthusiasm, etc.","Protect Biden from Ukraine scandal re: himself & son _C19 change of narrative  ⏎ 6. Protect Biden from sexual assault allegation _C19 change narrative ⏎ 7. Protect and shelter #MeToo [D] created movement _preserve to target","449","451","https://8kun.top/qresearch/res/10631986.html#10632742","","","","","","","","","UNREVIEWED"
"4688","#4688","12","p4688-s012","G_CERTIFIED_CONTEXT_NOT_PAINTED","6.","8","UNHIGHLIGHTED","0","0","2","2","6.","NO","","","context","context: ""6.""","NO","NO","","symbolic_or_numeric","MEDIUM","LABEL_FRAGMENT_OR_DEVICE","short label, slogan, heading or symbolic device rather than a proposition","Protect Biden from embarrassment re: mental health [clear cognitive decline], Q&A, rally attendance crowd size, lack of enthusiasm, etc. ⏎ 5. Protect Biden from Ukraine scandal re: himself & son _C19 change of narrative","Protect Biden from sexual assault allegation _C19 change narrative ⏎ 7. Protect and shelter #MeToo [D] created movement _preserve to target future [R] sexual assault allegations _allow hold vs Biden due to C19 narrative c","531","533","https://8kun.top/qresearch/res/10631986.html#10632742","","","","","","","","","UNREVIEWED"
"4688","#4688","18","p4688-s018","G_CERTIFIED_CONTEXT_NOT_PAINTED","9.","4","UNHIGHLIGHTED","0","0","2","2","9.","NO","","","context","context: ""9.""","NO","NO","","symbolic_or_numeric","MEDIUM","LABEL_FRAGMENT_OR_DEVICE","short label, slogan, heading or symbolic device rather than a proposition","ight defeat [no 'concede'] attempt ballot harvest media push 'we don't know how many ballots are left undelivered by postal service' re: legal challenge battleground states _stall_challenge_push division/chaos _CLAS1-99","Create division hatred fear campaign primarily scare senior citizens from voting in person on election day _riots _protests _C19 death _eliminate enough senior [R] votes counteract [D] to [R] defection(s) ⏎ 10. Create imp","1148","1150","https://8kun.top/qresearch/res/10631986.html#10632742","","","","","","","","","UNREVIEWED"
"4688","#4688","20","p4688-s020","G_CERTIFIED_CONTEXT_NOT_PAINTED","10.","4","UNHIGHLIGHTED","0","0","3","3","10.","NO","","","context","context: ""10.""","NO","NO","","symbolic_or_numeric","MEDIUM","LABEL_FRAGMENT_OR_DEVICE","short label, slogan, heading or symbolic device rather than a proposition","s _CLAS1-99 ⏎ 9. Create division hatred fear campaign primarily scare senior citizens from voting in person on election day _riots _protests _C19 death _eliminate enough senior [R] votes counteract [D] to [R] defection(s)","Create impression country divided _use EU-early war election gaming tactics against current administration  ⏎ 11. Propaganda blame attack current administration economic hardship(s), death toll, attack plan re: safety and","1356","1359","https://8kun.top/qresearch/res/10631986.html#10632742","","","","","","","","","UNREVIEWED"
"4688","#4688","22","p4688-s022","G_CERTIFIED_CONTEXT_NOT_PAINTED","11.","2","UNHIGHLIGHTED","0","0","3","3","11.","NO","","","context","context: ""11.""","NO","NO","","symbolic_or_numeric","MEDIUM","LABEL_FRAGMENT_OR_DEVICE","short label, slogan, heading or symbolic device rather than a proposition","ction day _riots _protests _C19 death _eliminate enough senior [R] votes counteract [D] to [R] defection(s) ⏎ 10. Create impression country divided _use EU-early war election gaming tactics against current administration","Propaganda blame attack current administration economic hardship(s), death toll, attack plan re: safety and wellbeing re: C19 failed _push Biden _stage Biden had answer to Pandemic early on _country will heal w: Biden v","1468","1471","https://8kun.top/qresearch/res/10631986.html#10632742","","","","","","","","","UNREVIEWED"
"4688","#4688","24","p4688-s024","G_CERTIFIED_CONTEXT_NOT_PAINTED","12.","3","UNHIGHLIGHTED","0","0","3","3","12.","NO","","","context","context: ""12.""","NO","NO","","symbolic_or_numeric","MEDIUM","LABEL_FRAGMENT_OR_DEVICE","short label, slogan, heading or symbolic device rather than a proposition","tion economic hardship(s), death toll, attack plan re: safety and wellbeing re: C19 failed _push Biden _stage Biden had answer to Pandemic early on _country will heal w: Biden victory _violence will end w: Biden victory","Change narrative 44 administration treason & corruption to POTUS C19 failure and death blame  ⏎ 13. Isolate faithful from each other _remove ability to attend Church [house of worship] ⏎ 14. Justify social media censorship","1734","1737","https://8kun.top/qresearch/res/10631986.html#10632742","","","","","","","","","UNREVIEWED"
"4688","#4688","30","p4688-s030","G_CERTIFIED_CONTEXT_NOT_PAINTED","15.","3","UNHIGHLIGHTED","0","0","3","3","15.","NO","","","context","context: ""15.""","NO","NO","","symbolic_or_numeric","MEDIUM","LABEL_FRAGMENT_OR_DEVICE","short label, slogan, heading or symbolic device rather than a proposition","of worship] ⏎ 14. Justify social media censorship by using C19 W.H.O. claims as primary foundation _extend beyond C19 to other 'political' areas to remove and cut off forms of anti-narrative communication [seize control]","Leave door open to Constitution crisis ⏎ 16. Avoid/delay public exposure of corruption & accountability _prevent loss of control/power  ⏎ 17. Avoid/delay loss of US taxpayer trillions due to loss of control _inability to en","2128","2131","https://8kun.top/qresearch/res/10631986.html#10632742","","","","","","","","","UNREVIEWED"
"4688","#4688","32","p4688-s032","G_CERTIFIED_CONTEXT_NOT_PAINTED","16.","2","UNHIGHLIGHTED","0","0","3","3","16.","NO","","","context","context: ""16.""","NO","NO","","symbolic_or_numeric","MEDIUM","LABEL_FRAGMENT_OR_DEVICE","short label, slogan, heading or symbolic device rather than a proposition","rship by using C19 W.H.O. claims as primary foundation _extend beyond C19 to other 'political' areas to remove and cut off forms of anti-narrative communication [seize control] ⏎ 15. Leave door open to Constitution crisis","Avoid/delay public exposure of corruption & accountability _prevent loss of control/power  ⏎ 17. Avoid/delay loss of US taxpayer trillions due to loss of control _inability to enact corrupt policy to send money overseas d","2171","2174","https://8kun.top/qresearch/res/10631986.html#10632742","","","","","","","","","UNREVIEWED"
"4688","#4688","36","p4688-s036","G_CERTIFIED_CONTEXT_NOT_PAINTED","18.","2","UNHIGHLIGHTED","0","0","3","3","18.","NO","","","context","context: ""18.""","NO","NO","","symbolic_or_numeric","HIGH","LABEL_FRAGMENT_OR_DEVICE","short label, slogan, heading or symbolic device rather than a proposition","_prevent loss of control/power  ⏎ 17. Avoid/delay loss of US taxpayer trillions due to loss of control _inability to enact corrupt policy to send money overseas disguised as goodwill/climate _unregulated _no audit policy","19. ⏎ 20. ⏎ 21. ⏎ 22. ⏎ ………… ⏎ How do you accomplish the above? ⏎ Release a _____? ⏎ Who benefits the most? ⏎ Q","2454","2457","https://8kun.top/qresearch/res/10631986.html#10632742","","","","","","","","","UNREVIEWED"
"4688","#4688","37","p4688-s037","G_CERTIFIED_CONTEXT_NOT_PAINTED","19.","1","UNHIGHLIGHTED","0","0","3","3","19.","NO","","","context","context: ""19.""","NO","NO","","symbolic_or_numeric","HIGH","LABEL_FRAGMENT_OR_DEVICE","short label, slogan, heading or symbolic device rather than a proposition","vent loss of control/power  ⏎ 17. Avoid/delay loss of US taxpayer trillions due to loss of control _inability to enact corrupt policy to send money overseas disguised as goodwill/climate _unregulated _no audit policy  ⏎ 18.","20. ⏎ 21. ⏎ 22. ⏎ ………… ⏎ How do you accomplish the above? ⏎ Release a _____? ⏎ Who benefits the most? ⏎ Q","2458","2461","https://8kun.top/qresearch/res/10631986.html#10632742","","","","","","","","","UNREVIEWED"
"4688","#4688","38","p4688-s038","G_CERTIFIED_CONTEXT_NOT_PAINTED","20.","4","UNHIGHLIGHTED","0","0","3","3","20.","NO","","","context","context: ""20.""","NO","NO","","symbolic_or_numeric","HIGH","LABEL_FRAGMENT_OR_DEVICE","short label, slogan, heading or symbolic device rather than a proposition","loss of control/power  ⏎ 17. Avoid/delay loss of US taxpayer trillions due to loss of control _inability to enact corrupt policy to send money overseas disguised as goodwill/climate _unregulated _no audit policy  ⏎ 18. ⏎ 19.","21. ⏎ 22. ⏎ ………… ⏎ How do you accomplish the above? ⏎ Release a _____? ⏎ Who benefits the most? ⏎ Q","2462","2465","https://8kun.top/qresearch/res/10631986.html#10632742","","","","","","","","","UNREVIEWED"
"4688","#4688","39","p4688-s039","G_CERTIFIED_CONTEXT_NOT_PAINTED","21.","3","UNHIGHLIGHTED","0","0","3","3","21.","NO","","","context","context: ""21.""","NO","NO","","symbolic_or_numeric","HIGH","LABEL_FRAGMENT_OR_DEVICE","short label, slogan, heading or symbolic device rather than a proposition","s of control/power  ⏎ 17. Avoid/delay loss of US taxpayer trillions due to loss of control _inability to enact corrupt policy to send money overseas disguised as goodwill/climate _unregulated _no audit policy  ⏎ 18. ⏎ 19. ⏎ 20.","22. ⏎ ………… ⏎ How do you accomplish the above? ⏎ Release a _____? ⏎ Who benefits the most? ⏎ Q","2466","2469","https://8kun.top/qresearch/res/10631986.html#10632742","","","","","","","","","UNREVIEWED"
"4688","#4688","40","p4688-s040","G_CERTIFIED_CONTEXT_NOT_PAINTED","22.","2","UNHIGHLIGHTED","0","0","3","3","22.","NO","","","context","context: ""22.""","NO","NO","","symbolic_or_numeric","HIGH","LABEL_FRAGMENT_OR_DEVICE","short label, slogan, heading or symbolic device rather than a proposition","control/power  ⏎ 17. Avoid/delay loss of US taxpayer trillions due to loss of control _inability to enact corrupt policy to send money overseas disguised as goodwill/climate _unregulated _no audit policy  ⏎ 18. ⏎ 19. ⏎ 20. ⏎ 21.","………… ⏎ How do you accomplish the above? ⏎ Release a _____? ⏎ Who benefits the most? ⏎ Q","2470","2473","https://8kun.top/qresearch/res/10631986.html#10632742","","","","","","","","","UNREVIEWED"
"4697","#4697","31","p4697-s031","G_CERTIFIED_CONTEXT_NOT_PAINTED","Alexander Jones, 36","1","PARTIAL_ONLY","82.35","0","3","17",", 36","NO","namedEntity","namedEntity: ""Alexander Jones"" [1540-1555]","context","context: ""Alexander Jones, 36""","NO","NO","","fragment_or_label","HIGH","LABEL_FRAGMENT_OR_DEVICE","short label, slogan, heading or symbolic device rather than a proposition","ve.is/JxZ4P] ⏎ Unknown [https://archive.is/oTl3d] ⏎ Unknown [https://archive.is/knQbj] ⏎ Unknown [https://archive.is/AEQgp] ⏎ Milton Loice Moran, 48 [https://archive.is/PiJpR] ⏎ Anthony Travis Bodda, 21 [https://archive.is/eQ8HB]","Unknown [https://archive.is/eAHK7] ⏎ Michael Jarrod Bakkela, 41 [https://archive.is/DGEGz] [https://archive.is/Vr0Tj] [https://archive.is/mqJnI] ⏎ Jonathan Maas, 44 [https://archive.is/Hw9JK] ⏎ Combat tactics, Mr. Ryan. By tu","1540","1559","https://8kun.top/qresearch/res/10635766.html#10635981","","","","","","","","","UNREVIEWED"
"4700","#4700","10","p4700-s010","G_CERTIFIED_CONTEXT_NOT_PAINTED","NEXT:","3","UNHIGHLIGHTED","0","0","5","5","NEXT:","NO","","","context","context: ""NEXT:""","NO","NO","","colon_or_semicolon_block","HIGH","CLAIM_CANDIDATE","declarative prose — decide Q-authored claim vs quoted claim vs aphorism","Insurgents require supporters, recruits, safe havens, money, supplies, weapons and intelligence on government actions. A robust insurgency can be waged with the support of just a small percentage of a given population.","Counterinsurgency may be defined as ‘comprehensive civilian and military efforts taken to simultaneously defeat and contain insurgency and address its root causes’. ⏎ Q","1204","1209","https://8kun.top/qresearch/res/10644330.html#10644532","","","","","","","","","UNREVIEWED"
"4715","#4715","2","p4715-s002","G_CERTIFIED_CONTEXT_NOT_PAINTED","@FBIPortland","1","UNHIGHLIGHTED","0","0","12","12","@FBIPortland","NO","","","context","context: ""@FBIPortland""","NO","NO","","fragment_or_label","HIGH","LABEL_FRAGMENT_OR_DEVICE","short label, slogan, heading or symbolic device rather than a proposition","www.instagram.com/antwiththecuts/ ⏎ www.instagram.com/p/CFFgGxylzLm/","Q","67","79","https://8kun.net/qresearch/res/10667463.html#10668162","","","","","","","","","UNREVIEWED"
"4722","#4722","2","p4722-s002","G_CERTIFIED_CONTEXT_NOT_PAINTED","1.","36","UNHIGHLIGHTED","0","0","2","2","1.","NO","","","context","context: ""1.""","NO","NO","","symbolic_or_numeric","MEDIUM","LABEL_FRAGMENT_OR_DEVICE","short label, slogan, heading or symbolic device rather than a proposition","Add it all up.","Virus  ⏎ 2. Riots [organized _ANTIFA] ⏎ 3. Fires ⏎ The 'Why': ⏎ https://www.youtube.com/watch?v=cUxilJznKyY ⏎ Make no mistake, they will not concede on Election Night. ⏎ Make no mistake, they will contest this legally in battlegrou","15","17","https://8kun.net/qresearch/res/10668220.html#10668955","","","","","","","","","UNREVIEWED"
"4722","#4722","3","p4722-s003","G_CERTIFIED_CONTEXT_NOT_PAINTED","Virus","1","UNHIGHLIGHTED","0","0","5","5","Virus","NO","","","context","context: ""Virus""","NO","NO","","fragment_or_label","MEDIUM","LABEL_FRAGMENT_OR_DEVICE","short label, slogan, heading or symbolic device rather than a proposition","Add it all up. ⏎ 1.","2. Riots [organized _ANTIFA] ⏎ 3. Fires ⏎ The 'Why': ⏎ https://www.youtube.com/watch?v=cUxilJznKyY ⏎ Make no mistake, they will not concede on Election Night. ⏎ Make no mistake, they will contest this legally in battleground sta","18","23","https://8kun.net/qresearch/res/10668220.html#10668955","","","","","","","","","UNREVIEWED"
"4722","#4722","4","p4722-s004","G_CERTIFIED_CONTEXT_NOT_PAINTED","2.","32","UNHIGHLIGHTED","0","0","2","2","2.","NO","","","context","context: ""2.""","NO","NO","","symbolic_or_numeric","MEDIUM","LABEL_FRAGMENT_OR_DEVICE","short label, slogan, heading or symbolic device rather than a proposition","Add it all up. ⏎ 1. Virus","Riots [organized _ANTIFA] ⏎ 3. Fires ⏎ The 'Why': ⏎ https://www.youtube.com/watch?v=cUxilJznKyY ⏎ Make no mistake, they will not concede on Election Night. ⏎ Make no mistake, they will contest this legally in battleground states.","25","27","https://8kun.net/qresearch/res/10668220.html#10668955","","","","","","","","","UNREVIEWED"
"4722","#4722","6","p4722-s006","G_CERTIFIED_CONTEXT_NOT_PAINTED","3.","23","UNHIGHLIGHTED","0","0","2","2","3.","NO","","","context","context: ""3.""","NO","NO","","symbolic_or_numeric","MEDIUM","LABEL_FRAGMENT_OR_DEVICE","short label, slogan, heading or symbolic device rather than a proposition","Add it all up. ⏎ 1. Virus  ⏎ 2. Riots [organized _ANTIFA]","Fires ⏎ The 'Why': ⏎ https://www.youtube.com/watch?v=cUxilJznKyY ⏎ Make no mistake, they will not concede on Election Night. ⏎ Make no mistake, they will contest this legally in battleground states. ⏎ Make no mistake, they will p","54","56","https://8kun.net/qresearch/res/10668220.html#10668955","","","","","","","","","UNREVIEWED"
"4722","#4722","7","p4722-s007","G_CERTIFIED_CONTEXT_NOT_PAINTED","Fires","1","UNHIGHLIGHTED","0","0","5","5","Fires","NO","","","context","context: ""Fires""","NO","NO","","fragment_or_label","MEDIUM","LABEL_FRAGMENT_OR_DEVICE","short label, slogan, heading or symbolic device rather than a proposition","Add it all up. ⏎ 1. Virus  ⏎ 2. Riots [organized _ANTIFA] ⏎ 3.","The 'Why': ⏎ https://www.youtube.com/watch?v=cUxilJznKyY ⏎ Make no mistake, they will not concede on Election Night. ⏎ Make no mistake, they will contest this legally in battleground states. ⏎ Make no mistake, they will project","57","62","https://8kun.net/qresearch/res/10668220.html#10668955","","","","","","","","","UNREVIEWED"
"4722","#4722","8","p4722-s008","G_CERTIFIED_CONTEXT_NOT_PAINTED","The 'Why':","1","UNHIGHLIGHTED","0","0","9","9","The 'Why':","NO","","","context","context: ""The 'Why':""","NO","NO","","colon_or_semicolon_block","HIGH","CLAIM_CANDIDATE","declarative prose — decide Q-authored claim vs quoted claim vs aphorism","Add it all up. ⏎ 1. Virus  ⏎ 2. Riots [organized _ANTIFA] ⏎ 3. Fires","https://www.youtube.com/watch?v=cUxilJznKyY ⏎ Make no mistake, they will not concede on Election Night. ⏎ Make no mistake, they will contest this legally in battleground states. ⏎ Make no mistake, they will project doubt in t","63","73","https://8kun.net/qresearch/res/10668220.html#10668955","","","","","","","","","UNREVIEWED"
"4737","#4737","2","p4737-s002","G_CERTIFIED_CONTEXT_NOT_PAINTED","SEPT 21-25 [track & follow events]","1","PARTIAL_ONLY","68.97","0","9","29","SEPT 21-25","NO","bracketCode","bracketCode: ""[track & follow events]"" [55-78]","context","context: ""SEPT 21-25 [track & follow events]""","NO","NO","","fragment_or_label","HIGH","LABEL_FRAGMENT_OR_DEVICE","short label, slogan, heading or symbolic device rather than a proposition","https://www.youtube.com/watch?v=JDVT-8tUfiE","Running RED. ⏎ Q","44","78","https://8kun.net/qresearch/res/10716213.html#10716779","","","","","","","","","UNREVIEWED"
"4774","#4774","2","p4774-s002","G_CERTIFIED_CONTEXT_NOT_PAINTED","1.","36","UNHIGHLIGHTED","0","0","2","2","1.","NO","","","context","context: ""1.""","NO","NO","","symbolic_or_numeric","MEDIUM","LABEL_FRAGMENT_OR_DEVICE","short label, slogan, heading or symbolic device rather than a proposition","What did we learn this week?","Check Gmail? ⏎ Q","29","31","https://8kun.net/qresearch/res/10802635.html#10802673","","","","","","","","","UNREVIEWED"
"4777","#4777","4","p4777-s004","G_CERTIFIED_CONTEXT_NOT_PAINTED","Dla Piper","1","UNHIGHLIGHTED","0","0","8","8","Dla Piper","NO","","","context","context: ""Dla Piper""","NO","NO","","fragment_or_label","HIGH","LABEL_FRAGMENT_OR_DEVICE","short label, slogan, heading or symbolic device rather than a proposition","https://www.congress.gov/crec/2016/09/12/CREC-2016-09-12-pt1-PgH5326.pdf ⏎ Peter Comey [brother _James Comey] ⏎ Clinton Foundation","Conflict of interest? ⏎ Follow the family. ⏎ Think McCabe's wife.  ⏎ Focus here [East Africa Operations]: ⏎ https://www.clintonfoundation.org/clinton-global-initiative/commitments/firm-commitment-legal-education-east-africa ⏎ The","127","136","https://8kun.net/qresearch/res/10822686.html#10823243","","","","","","","","","UNREVIEWED"
"4778","#4778","3","p4778-s003","G_CERTIFIED_CONTEXT_NOT_PAINTED","Trial date: July 12, 2021","1","UNHIGHLIGHTED","0","0","21","21","Trial date: July 12, 2021","NO","","","context","context: ""Trial date: July 12, 2021""","NO","NO","","fragment_or_label","HIGH","LABEL_FRAGMENT_OR_DEVICE","short label, slogan, heading or symbolic device rather than a proposition","https://www.reddit.com/user/maxwellhill ⏎ Shaping the narrative takes work.","Unusual to have a 1-year gap from arrest to trial? ⏎ What might be the purpose? ⏎ Q","74","99","https://8kun.net/qresearch/res/10822686.html#10823477","","","","","","","","","UNREVIEWED"
"4782","#4782","6","p4782-s006","G_CERTIFIED_CONTEXT_NOT_PAINTED","3.","23","UNHIGHLIGHTED","0","0","2","2","3.","NO","","","context","context: ""3.""","NO","NO","","symbolic_or_numeric","MEDIUM","LABEL_FRAGMENT_OR_DEVICE","short label, slogan, heading or symbolic device rather than a proposition","Simple process. ⏎ 1. Family of 'supporter' hired @ CF engaged law firm(s) ⏎ 2. CF 'donated' funds [primary influx _foreign][under 'legal' payment(s)] to engaged law firm [Dla Piper]","Dla Piper payment (salary, bonus & other) to family member of supporter ⏎ 4. Family member transfer to supporter _campaign _foundation _gift _asset (home) _other ⏎ https://www.clintonfoundation.org/sites/default/files/clint","178","180","https://8kun.net/qresearch/res/10824233.html#10824624","","","","","","","","","UNREVIEWED"
"4782","#4782","8","p4782-s008","G_CERTIFIED_CONTEXT_NOT_PAINTED","4.","11","UNHIGHLIGHTED","0","0","2","2","4.","NO","","","context","context: ""4.""","NO","NO","","symbolic_or_numeric","MEDIUM","LABEL_FRAGMENT_OR_DEVICE","short label, slogan, heading or symbolic device rather than a proposition","porter' hired @ CF engaged law firm(s) ⏎ 2. CF 'donated' funds [primary influx _foreign][under 'legal' payment(s)] to engaged law firm [Dla Piper] ⏎ 3. Dla Piper payment (salary, bonus & other) to family member of supporter","Family member transfer to supporter _campaign _foundation _gift _asset (home) _other ⏎ https://www.clintonfoundation.org/sites/default/files/clinton_foundation_report_public_2018.pdf ⏎ Follow the expenses.  ⏎ Follow salaries","253","255","https://8kun.net/qresearch/res/10824233.html#10824624","","","","","","","","","UNREVIEWED"
"4782","#4782","18","p4782-s018","G_CERTIFIED_CONTEXT_NOT_PAINTED","Gifts & Grants:","1","UNHIGHLIGHTED","0","0","13","13","Gifts & Grants:","NO","","","context","context: ""Gifts & Grants:""","NO","NO","","colon_or_semicolon_block","HIGH","CLAIM_CANDIDATE","declarative prose — decide Q-authored claim vs quoted claim vs aphorism","consulting. ⏎ Follow cost of sales. ⏎ Follow other. ⏎ FUNDS: EXPENSES V. PAYOUTS [for 'causes'] _analyze % [how much of the actual donated money actually goes to help select 'causes']? ⏎ Less than 10% [TTM _5 year historical]?","2014: $172,579,474 ⏎ 2015: $108,915,463 ⏎ 2016: $62,901,979 [loss of power _POTUS win _start of PAY-TO-PLAY collapse] ⏎ 2017: $26,566,825 ⏎ 2018: $24,167,053 [total revenue 2018: $30,703,366][total expenses 2018: $47,510,175] ⏎ C","728","743","https://8kun.net/qresearch/res/10824233.html#10824624","","","","","","","","","UNREVIEWED"
"4782","#4782","19","p4782-s019","G_CERTIFIED_CONTEXT_NOT_PAINTED","2014: $172,579,474","1","UNHIGHLIGHTED","0","0","17","17","2014: $172,579,474","NO","","","context","context: ""2014: $172,579,474""","NO","NO","","symbolic_or_numeric","HIGH","LABEL_FRAGMENT_OR_DEVICE","short label, slogan, heading or symbolic device rather than a proposition","low cost of sales. ⏎ Follow other. ⏎ FUNDS: EXPENSES V. PAYOUTS [for 'causes'] _analyze % [how much of the actual donated money actually goes to help select 'causes']? ⏎ Less than 10% [TTM _5 year historical]? ⏎ Gifts & Grants:","2015: $108,915,463 ⏎ 2016: $62,901,979 [loss of power _POTUS win _start of PAY-TO-PLAY collapse] ⏎ 2017: $26,566,825 ⏎ 2018: $24,167,053 [total revenue 2018: $30,703,366][total expenses 2018: $47,510,175] ⏎ CLINTON FOUNDATION A","744","762","https://8kun.net/qresearch/res/10824233.html#10824624","","","","","","","","","UNREVIEWED"
"4782","#4782","20","p4782-s020","G_CERTIFIED_CONTEXT_NOT_PAINTED","2015: $108,915,463","1","UNHIGHLIGHTED","0","0","17","17","2015: $108,915,463","NO","","","context","context: ""2015: $108,915,463""","NO","NO","","symbolic_or_numeric","HIGH","LABEL_FRAGMENT_OR_DEVICE","short label, slogan, heading or symbolic device rather than a proposition","Follow other. ⏎ FUNDS: EXPENSES V. PAYOUTS [for 'causes'] _analyze % [how much of the actual donated money actually goes to help select 'causes']? ⏎ Less than 10% [TTM _5 year historical]? ⏎ Gifts & Grants: ⏎ 2014: $172,579,474","2016: $62,901,979 [loss of power _POTUS win _start of PAY-TO-PLAY collapse] ⏎ 2017: $26,566,825 ⏎ 2018: $24,167,053 [total revenue 2018: $30,703,366][total expenses 2018: $47,510,175] ⏎ CLINTON FOUNDATION AT THE CENTER. ⏎ Q","763","781","https://8kun.net/qresearch/res/10824233.html#10824624","","","","","","","","","UNREVIEWED"
"4782","#4782","22","p4782-s022","G_CERTIFIED_CONTEXT_NOT_PAINTED","2017: $26,566,825","1","UNHIGHLIGHTED","0","0","16","16","2017: $26,566,825","NO","","","context","context: ""2017: $26,566,825""","NO","NO","","symbolic_or_numeric","HIGH","LABEL_FRAGMENT_OR_DEVICE","short label, slogan, heading or symbolic device rather than a proposition","ted money actually goes to help select 'causes']? ⏎ Less than 10% [TTM _5 year historical]? ⏎ Gifts & Grants: ⏎ 2014: $172,579,474 ⏎ 2015: $108,915,463 ⏎ 2016: $62,901,979 [loss of power _POTUS win _start of PAY-TO-PLAY collapse]","2018: $24,167,053 [total revenue 2018: $30,703,366][total expenses 2018: $47,510,175] ⏎ CLINTON FOUNDATION AT THE CENTER. ⏎ Q","858","875","https://8kun.net/qresearch/res/10824233.html#10824624","","","","","","","","","UNREVIEWED"
"4784","#4784","1","p4784-s001","G_CERTIFIED_CONTEXT_NOT_PAINTED","Lisa Barsoomian _former Bill Clinton attorney","1","PARTIAL_ONLY","62.5","0","15","40","_former ⋯ attorney","NO","namedEntity","namedEntity: ""Lisa Barsoomian"" [0-15] || namedEntity: ""Bill Clinton"" [24-36] || namedEntity: ""Clinton"" [29-36] || namedEntity: ""Clinton"" [29-36] || namedEntity: ""Clinton"" [29-36]","context","context: ""Lisa Barsoomian _former Bill Clinton attorney""","NO","NO","","fragment_or_label","HIGH","LABEL_FRAGMENT_OR_DEVICE","short label, slogan, heading or symbolic device rather than a proposition","","[Hamburg vs. Clinton 1998 + appeal 1999 _scrubbed from net] ⏎ Wife of Rod Rosenstein ⏎ Q","0","45","https://8kun.net/qresearch/res/10825022.html#10825334","","","","","","","","","UNREVIEWED"
"4784","#4784","4","p4784-s004","G_CERTIFIED_CONTEXT_NOT_PAINTED","Wife of Rod Rosenstein","1","PARTIAL_ONLY","68.42","0","6","19","Wife of","NO","namedEntity","namedEntity: ""Rod Rosenstein"" [114-128] || namedEntity: ""Rosenstein"" [118-128]","context","context: ""Wife of Rod Rosenstein""","NO","NO","","fragment_or_label","HIGH","LABEL_FRAGMENT_OR_DEVICE","short label, slogan, heading or symbolic device rather than a proposition","Lisa Barsoomian _former Bill Clinton attorney ⏎ [Hamburg vs. Clinton 1998 + appeal 1999 _scrubbed from net]","Q","106","128","https://8kun.net/qresearch/res/10825022.html#10825334","","","","","","","","","UNREVIEWED"
"4785","#4785","6","p4785-s006","G_CERTIFIED_CONTEXT_NOT_PAINTED","Comey takeover of investigation 2002","1","PARTIAL_ONLY","15.63","0","27","32","takeover of investigation 2002","NO","namedEntity","namedEntity: ""Comey"" [213-218]","context","context: ""Comey takeover of investigation 2002""","NO","NO","","fragment_or_label","HIGH","LABEL_FRAGMENT_OR_DEVICE","short label, slogan, heading or symbolic device rather than a proposition","https://www.justice.gov/archive/tax/txdv02167.htm ⏎ [RR] Tax Division _ DOJ 2001 - 2005 ⏎ Clinton Foundation investigation 2001 - 2005 ⏎ GJ empaneled  ⏎ Clinton Foundation failure to declare foreign donations 2001 - 2003","Dir of FBI 2002 _ Robert Mueller ⏎ https://vault.fbi.gov/william-j.-clinton-foundation ⏎ Don't bite the hand that feeds you. ⏎ Q","213","249","https://8kun.net/qresearch/res/10825022.html#10825631","","","","","","","","","UNREVIEWED"
"4787","#4787","2","p4787-s002","G_CERTIFIED_CONTEXT_NOT_PAINTED","#3","23","UNHIGHLIGHTED","0","0","2","2","#3","NO","","","context","context: ""#3""","NO","NO","","symbolic_or_numeric","HIGH","LABEL_FRAGMENT_OR_DEVICE","short label, slogan, heading or symbolic device rather than a proposition","https://www.foxnews.com/politics/trump-third-party-inspect-ears-electronic-devices","Q","83","85","https://8kun.net/qresearch/res/10835005.html#10835804","","","","","","","","","UNREVIEWED"
"4817","#4817","1","p4817-s001","G_CERTIFIED_CONTEXT_NOT_PAINTED","January 15, 2020:","1","UNHIGHLIGHTED","0","0","15","15","January 15, 2020:","NO","","","context","context: ""January 15, 2020:""","NO","NO","","colon_or_semicolon_block","HIGH","CLAIM_CANDIDATE","declarative prose — decide Q-authored claim vs quoted claim vs aphorism","","1. USA CHINA Phase I deal executed [China bad day] ⏎ 2. Impeachment articles released by Pelosi _walked [delivered] to Senate [attack v POTUS?][coordinated/planned for a specific day?] ⏎ 3. 1st C19 case lands @ Seattle-Taco","0","17","https://8kun.net/qresearch/res/10957492.html#10957834","","","","","","","","","UNREVIEWED"
"4817","#4817","2","p4817-s002","G_CERTIFIED_CONTEXT_NOT_PAINTED","1.","36","UNHIGHLIGHTED","0","0","2","2","1.","NO","","","context","context: ""1.""","NO","NO","","symbolic_or_numeric","MEDIUM","LABEL_FRAGMENT_OR_DEVICE","short label, slogan, heading or symbolic device rather than a proposition","January 15, 2020:","USA CHINA Phase I deal executed [China bad day] ⏎ 2. Impeachment articles released by Pelosi _walked [delivered] to Senate [attack v POTUS?][coordinated/planned for a specific day?] ⏎ 3. 1st C19 case lands @ Seattle-Tacoma","18","20","https://8kun.net/qresearch/res/10957492.html#10957834","","","","","","","","","UNREVIEWED"
"4817","#4817","6","p4817-s006","G_CERTIFIED_CONTEXT_NOT_PAINTED","3.","23","UNHIGHLIGHTED","0","0","2","2","3.","NO","","","context","context: ""3.""","NO","NO","","symbolic_or_numeric","MEDIUM","LABEL_FRAGMENT_OR_DEVICE","short label, slogan, heading or symbolic device rather than a proposition","January 15, 2020: ⏎ 1. USA CHINA Phase I deal executed [China bad day] ⏎ 2. Impeachment articles released by Pelosi _walked [delivered] to Senate [attack v POTUS?][coordinated/planned for a specific day?]","1st C19 case lands @ Seattle-Tacoma Airport [attack v POTUS?] ⏎ Mathematical probability [same day][natural vs controlled?] ⏎ WHO BENEFITS THE MOST? ⏎ Evil surrounds us.  ⏎ Q","201","203","https://8kun.net/qresearch/res/10957492.html#10957834","","","","","","","","","UNREVIEWED"
"4826","#4826","1","p4826-s001","G_CERTIFIED_CONTEXT_NOT_PAINTED","Joe 30330","1","UNHIGHLIGHTED","0","0","8","8","Joe 30330","NO","","","context","context: ""Joe 30330""","NO","NO","","fragment_or_label","HIGH","LABEL_FRAGMENT_OR_DEVICE","short label, slogan, heading or symbolic device rather than a proposition","","Arbitrary? ⏎ What is 2020 [current year] divided by 30330? ⏎ Symbolism will be their downfall. ⏎ Q","0","9","https://8kun.net/qresearch/res/10972547.html#10973205","","","","","","","","","UNREVIEWED"
"4842","#4842","8","p4842-s008","G_CERTIFIED_CONTEXT_NOT_PAINTED","2020: 2,838,000 [3-month assumption insert]","1","PARTIAL_ONLY","64.1","0","14","39","2020: 2,838,000","NO","bracketCode","bracketCode: ""[3-month assumption insert]"" [607-634]","context","context: ""2020: 2,838,000 [3-month assumption insert]""","NO","NO","","fragment_or_label","HIGH","LABEL_FRAGMENT_OR_DEVICE","short label, slogan, heading or symbolic device rather than a proposition","week 9/26): 2,130,000 (236,000/month) ⏎ https://data.cdc.gov/NCHS/Weekly-Counts-of-Deaths-by-State-and-Select-Causes/muzy-jte6 ⏎ 2,130,000 + (236,000/month x 3) [Oct, Nov, Dec] = 2,838,000 [assumption based on monthly avg]","2019: 2,855,000 ⏎ 2018: 2,839,000 ⏎ 2017: 2,814,000 ⏎ Why did select [D] govs push C19 infected patients into nursing homes? ⏎ % of total C19 deaths attributed to nursing home(s)?  ⏎ Who is most susceptible?  ⏎ Same [D] govs who pu","591","634","https://8kun.net/qresearch/res/11000528.html#11001092","","","","","","","","","UNREVIEWED"
"4842","#4842","9","p4842-s009","G_CERTIFIED_CONTEXT_NOT_PAINTED","2019: 2,855,000","1","UNHIGHLIGHTED","0","0","14","14","2019: 2,855,000","NO","","","context","context: ""2019: 2,855,000""","NO","NO","","symbolic_or_numeric","HIGH","LABEL_FRAGMENT_OR_DEVICE","short label, slogan, heading or symbolic device rather than a proposition","://data.cdc.gov/NCHS/Weekly-Counts-of-Deaths-by-State-and-Select-Causes/muzy-jte6 ⏎ 2,130,000 + (236,000/month x 3) [Oct, Nov, Dec] = 2,838,000 [assumption based on monthly avg] ⏎ 2020: 2,838,000 [3-month assumption insert]","2018: 2,839,000 ⏎ 2017: 2,814,000 ⏎ Why did select [D] govs push C19 infected patients into nursing homes? ⏎ % of total C19 deaths attributed to nursing home(s)?  ⏎ Who is most susceptible?  ⏎ Same [D] govs who pushed C19 infecte","635","650","https://8kun.net/qresearch/res/11000528.html#11001092","","","","","","","","","UNREVIEWED"
"4842","#4842","10","p4842-s010","G_CERTIFIED_CONTEXT_NOT_PAINTED","2018: 2,839,000","1","UNHIGHLIGHTED","0","0","14","14","2018: 2,839,000","NO","","","context","context: ""2018: 2,839,000""","NO","NO","","symbolic_or_numeric","HIGH","LABEL_FRAGMENT_OR_DEVICE","short label, slogan, heading or symbolic device rather than a proposition","NCHS/Weekly-Counts-of-Deaths-by-State-and-Select-Causes/muzy-jte6 ⏎ 2,130,000 + (236,000/month x 3) [Oct, Nov, Dec] = 2,838,000 [assumption based on monthly avg] ⏎ 2020: 2,838,000 [3-month assumption insert] ⏎ 2019: 2,855,000","2017: 2,814,000 ⏎ Why did select [D] govs push C19 infected patients into nursing homes? ⏎ % of total C19 deaths attributed to nursing home(s)?  ⏎ Who is most susceptible?  ⏎ Same [D] govs who pushed C19 infected patients into","651","666","https://8kun.net/qresearch/res/11000528.html#11001092","","","","","","","","","UNREVIEWED"
"4842","#4842","11","p4842-s011","G_CERTIFIED_CONTEXT_NOT_PAINTED","2017: 2,814,000","1","UNHIGHLIGHTED","0","0","14","14","2017: 2,814,000","NO","","","context","context: ""2017: 2,814,000""","NO","NO","","symbolic_or_numeric","HIGH","LABEL_FRAGMENT_OR_DEVICE","short label, slogan, heading or symbolic device rather than a proposition","ts-of-Deaths-by-State-and-Select-Causes/muzy-jte6 ⏎ 2,130,000 + (236,000/month x 3) [Oct, Nov, Dec] = 2,838,000 [assumption based on monthly avg] ⏎ 2020: 2,838,000 [3-month assumption insert] ⏎ 2019: 2,855,000 ⏎ 2018: 2,839,000","Why did select [D] govs push C19 infected patients into nursing homes? ⏎ % of total C19 deaths attributed to nursing home(s)?  ⏎ Who is most susceptible?  ⏎ Same [D] govs who pushed C19 infected patients into nursing homes at","667","682","https://8kun.net/qresearch/res/11000528.html#11001092","","","","","","","","","UNREVIEWED"
"4893","#4893","4","p4893-s004","G_CERTIFIED_CONTEXT_NOT_PAINTED","1.","36","UNHIGHLIGHTED","0","0","2","2","1.","NO","","","context","context: ""1.""","NO","NO","","symbolic_or_numeric","MEDIUM","LABEL_FRAGMENT_OR_DEVICE","short label, slogan, heading or symbolic device rather than a proposition","HOW IS THE GAME PLAYED?  ⏎ Example: ⏎ https://www.politico.com/news/2020/10/08/hunter-biden-business-partner-fraud-428154","Unanimous convicted by Jury ⏎ 2. Overturn of conviction by Judge Ronnie Abrams of the Southern District of New York [attempt to free _provide 'shade' H. Biden?] ⏎ 3. Federal Appeals Court reinstates conviction  ⏎ Background J","118","120","https://8kun.net/qresearch/res/11135815.html#11136305","","","","","","","","","UNREVIEWED"
"4893","#4893","9","p4893-s009","G_CERTIFIED_CONTEXT_NOT_PAINTED","3.","23","UNHIGHLIGHTED","0","0","2","2","3.","NO","","","context","context: ""3.""","NO","NO","","symbolic_or_numeric","MEDIUM","LABEL_FRAGMENT_OR_DEVICE","short label, slogan, heading or symbolic device rather than a proposition","ews/2020/10/08/hunter-biden-business-partner-fraud-428154 ⏎ 1. Unanimous convicted by Jury ⏎ 2. Overturn of conviction by Judge Ronnie Abrams of the Southern District of New York [attempt to free _provide 'shade' H. Biden?]","Federal Appeals Court reinstates conviction  ⏎ Background Judge Ronnie Abrams? ⏎ https://www.courthousenews.com/judge-wed-mueller-team-member-steps-away-trump-suits/ ⏎ Married to Greg Andres?  ⏎ Who is Greg Andres?  ⏎ https://fr.","280","282","https://8kun.net/qresearch/res/11135815.html#11136305","","","","","","","","","UNREVIEWED"
"4962","#4962","13","p4962-s013","G_CERTIFIED_CONTEXT_NOT_PAINTED","1913.","1","UNHIGHLIGHTED","0","0","5","5","1913.","NO","","","context","context: ""1913.""","NO","NO","","symbolic_or_numeric","HIGH","LABEL_FRAGMENT_OR_DEVICE","short label, slogan, heading or symbolic device rather than a proposition","Silent Thieves? ⏎ Why are they manipulating you? ⏎ How are they stealing your wealth? ⏎ Bubble. ⏎ Crash. ⏎ Steal. ⏎ Lie. ⏎ Repeat. ⏎ What is inflation? ⏎ Monetary manipulation. ⏎ Taxation without representation. ⏎ PUT AN END TO THE ENDLESS.","Q","231","236","https://8kun.net/qresearch/res/17751557.html#17751801","","","","","","","","","UNREVIEWED"
