stableOccurrenceId,postNum,oldRuling,finalRuling,oldSentenceText,newFullSentenceText,directivePhrase,directiveSegments,religiousSegment,themes,authorshipState,sourceType,dataAction,reason
"1#0","1","KEEP_Q_DIRECTIVE","KEEP_Q_DIRECTIVE","Expect massive riots organized in defiance and others fleeing the US to occur.","Expect massive riots organized in defiance and others fleeing the US to occur.","Expect massive riots organized in defiance and others fleeing the US to occur.","Expect massive riots organized in defiance and others fleeing the US to occur.","","","Q_AUTHORED_CURRENT_POST","Q_BODY","KEEP","canonical post body, no embedded-source evidence"
"1#1","1","KEEP_Q_DIRECTIVE","KEEP_Q_DIRECTIVE","Proof check: Locate a NG member and ask if activated for duty 10/30 across most major cities.","Proof check: Locate a NG member and ask if activated for duty 10/30 across most major cities.","Proof check: Locate a NG member and ask if activated for duty 10/30 across most major cities.","Proof check: Locate a NG member and ask if activated for duty 10/30 across most major cities.","","","Q_AUTHORED_CURRENT_POST","Q_BODY","KEEP","canonical post body, no embedded-source evidence"
"10#0","10","NEEDS_CONTEXT","KEEP_Q_DIRECTIVE","Remember, the FBI, and MI, have an open investigation into the CF.","Remember, the FBI, and MI, have an open investigation into the CF.","Remember","Remember","","","Q_AUTHORED_CURRENT_POST","Q_BODY","KEEP","OWNER RULING: ""Remember"" is the imperative; the rest of the sentence is the proposition the reader is instructed to remember."
"10#1","10","NEEDS_CONTEXT","KEEP_Q_DIRECTIVE","Dig!!!!!","Dig!!!!!","Dig","Dig","","","Q_AUTHORED_CURRENT_POST","Q_BODY","KEEP","OWNER RULING: a direct imperative."
"100#0","100","KEEP_Q_DIRECTIVE","KEEP_Q_DIRECTIVE","Define assets?","Define assets?","Define assets?","Define assets?","","","Q_AUTHORED_CURRENT_POST","Q_BODY","KEEP","canonical post body, no embedded-source evidence"
"1001#0","1001","KEEP_Q_DIRECTIVE","KEEP_Q_DIRECTIVE","Collect.","Collect.","Collect.","Collect.","","","Q_AUTHORED_CURRENT_POST","Q_BODY","KEEP","canonical post body, no embedded-source evidence"
"1004#0","1004","KEEP_Q_DIRECTIVE","KEEP_Q_DIRECTIVE","ACTIVATE D-PRIV","ACTIVATE D-PRIV","ACTIVATE D-PRIV","ACTIVATE D-PRIV","","","Q_AUTHORED_CURRENT_POST","Q_BODY","KEEP","canonical post body, no embedded-source evidence"
"1006#0","1006","KEEP_Q_DIRECTIVE","KEEP_Q_DIRECTIVE","COUNT YOUR BEATS.","COUNT YOUR BEATS.","COUNT YOUR BEATS.","COUNT YOUR BEATS.","","","Q_AUTHORED_CURRENT_POST","Q_BODY","KEEP","canonical post body, no embedded-source evidence"
"1008#0","1008","KEEP_Q_DIRECTIVE","KEEP_Q_DIRECTIVE","Trace background.","Trace background.","Trace background.","Trace background.","","","Q_AUTHORED_CURRENT_POST","Q_BODY","KEEP","canonical post body, no embedded-source evidence"
"1008#1","1008","KEEP_Q_DIRECTIVE","KEEP_Q_DIRECTIVE","Open source.","Open source.","Open source.","Open source.","","","Q_AUTHORED_CURRENT_POST","Q_BODY","KEEP","canonical post body, no embedded-source evidence"
"1008#2","1008","KEEP_Q_DIRECTIVE","KEEP_Q_DIRECTIVE","Trace background.","Trace background.","Trace background.","Trace background.","","","Q_AUTHORED_CURRENT_POST","Q_BODY","KEEP","canonical post body, no embedded-source evidence"
"1008#3","1008","KEEP_Q_DIRECTIVE","KEEP_Q_DIRECTIVE","Open source.","Open source.","Open source.","Open source.","","","Q_AUTHORED_CURRENT_POST","Q_BODY","KEEP","canonical post body, no embedded-source evidence"
"1008#4","1008","KEEP_Q_DIRECTIVE","KEEP_Q_DIRECTIVE","Trace background.","Trace background.","Trace background.","Trace background.","","","Q_AUTHORED_CURRENT_POST","Q_BODY","KEEP","canonical post body, no embedded-source evidence"
"1008#5","1008","KEEP_Q_DIRECTIVE","KEEP_Q_DIRECTIVE","Open source.","Open source.","Open source.","Open source.","","","Q_AUTHORED_CURRENT_POST","Q_BODY","KEEP","canonical post body, no embedded-source evidence"
"1008#6","1008","KEEP_Q_DIRECTIVE","KEEP_Q_DIRECTIVE","Define 'witness'.","Define 'witness'.","Define 'witness'.","Define 'witness'.","","","Q_AUTHORED_CURRENT_POST","Q_BODY","KEEP","canonical post body, no embedded-source evidence"
"1008#7","1008","KEEP_Q_DIRECTIVE","KEEP_Q_DIRECTIVE","Trust the plan.","Trust the plan.","Trust the plan.","Trust the plan.","","","Q_AUTHORED_CURRENT_POST","Q_BODY","KEEP","canonical post body, no embedded-source evidence"
"1010#0","1010","KEEP_Q_DIRECTIVE","KEEP_Q_DIRECTIVE","WATER","WATER","WATER","WATER","","","Q_AUTHORED_CURRENT_POST","Q_BODY","KEEP","canonical post body, no embedded-source evidence"
"1016#0","1016","KEEP_Q_DIRECTIVE","KEEP_Q_DIRECTIVE","Cross against POTUS' schedule.","Cross against POTUS’ schedule.","Cross against POTUS’ schedule.","Cross against POTUS’ schedule.","","","Q_AUTHORED_CURRENT_POST","Q_BODY","KEEP","canonical post body, no embedded-source evidence"
"1016#1","1016","KEEP_Q_DIRECTIVE","KEEP_Q_DIRECTIVE","Cross against WH visitor log 11/22-1/18/17.","Cross against WH visitor log 11/22-1/18/17.","Cross against WH visitor log 11/22-1/18/17.","Cross against WH visitor log 11/22-1/18/17.","","","Q_AUTHORED_CURRENT_POST","Q_BODY","KEEP","canonical post body, no embedded-source evidence"
"1018#0","1018","KEEP_Q_DIRECTIVE","KEEP_Q_DIRECTIVE","Track edits.","Track edits.","Track edits.","Track edits.","","","Q_AUTHORED_CURRENT_POST","Q_BODY","KEEP","canonical post body, no embedded-source evidence"
"1018#1","1018","KEEP_Q_DIRECTIVE","KEEP_Q_DIRECTIVE","Watch for 'TheMagikBOT'.","Watch for ‘TheMagikBOT’.","Watch for ‘TheMagikBOT’.","Watch for ‘TheMagikBOT’.","","","Q_AUTHORED_CURRENT_POST","Q_BODY","KEEP","canonical post body, no embedded-source evidence"
"1019#0","1019","KEEP_Q_DIRECTIVE","KEEP_Q_DIRECTIVE","Follow the LOOP.","Follow the LOOP.","Follow the LOOP.","Follow the LOOP.","","","Q_AUTHORED_CURRENT_POST","Q_BODY","KEEP","canonical post body, no embedded-source evidence"
"102#0","102","REMOVE_BLESSING_OR_VALEDICTION","REMOVE_BLESSING_OR_VALEDICTION","Godspeed.","","Godspeed.","Godspeed.","","","Q_AUTHORED_CURRENT_POST","Q_BODY","REMOVE_FROM_DIRECTIVES","blessing or valediction, not a command"
"1020#0","1020","KEEP_Q_DIRECTIVE","KEEP_Q_DIRECTIVE","Refer to old drops re: SA / NG.","Refer to old drops re: SA / NG.","Refer to old drops re: SA / NG.","Refer to old drops re: SA / NG.","","","Q_AUTHORED_CURRENT_POST","Q_BODY","KEEP","canonical post body, no embedded-source evidence"
"1021#0","1021","KEEP_Q_DIRECTIVE","KEEP_Q_DIRECTIVE","List the estimated wealth of religious organizations.","List the estimated wealth of religious organizations.","List the estimated wealth of religious organizations.","List the estimated wealth of religious organizations.","","","Q_AUTHORED_CURRENT_POST","Q_BODY","KEEP","canonical post body, no embedded-source evidence"
"1025#0","1025","REMOVE_BLESSING_OR_VALEDICTION","REMOVE_BLESSING_OR_VALEDICTION","God bless, Q","","God bless,","God bless,","","","Q_AUTHORED_CURRENT_POST","Q_BODY","REMOVE_FROM_DIRECTIVES","blessing/valediction, Q signature cut into its own span (rule 7)"
"1027#0","1027","KEEP_DIRECTIVE_AND_RELIGIOUS_THEME","KEEP_DIRECTIVE_AND_RELIGIOUS_THEME","Pray.","Pray.","Pray.","Pray.","","Religion & Spirituality","Q_AUTHORED_CURRENT_POST","Q_BODY","KEEP","canonical post body, no embedded-source evidence"
"1027#1","1027","KEEP_Q_DIRECTIVE","KEEP_Q_DIRECTIVE","Watch the news tomorrow.","Watch the news tomorrow.","Watch the news tomorrow.","Watch the news tomorrow.","","","Q_AUTHORED_CURRENT_POST","Q_BODY","KEEP","canonical post body, no embedded-source evidence"
"103#0","103","KEEP_Q_DIRECTIVE","KEEP_Q_DIRECTIVE","Come home safe.","Come home safe.","Come home safe.","Come home safe.","","","Q_AUTHORED_CURRENT_POST","Q_BODY","KEEP","canonical post body, no embedded-source evidence"
"103#1","103","REMOVE_BLESSING_OR_VALEDICTION","REMOVE_BLESSING_OR_VALEDICTION","Godspeed.","","Godspeed.","Godspeed.","","","Q_AUTHORED_CURRENT_POST","Q_BODY","REMOVE_FROM_DIRECTIVES","blessing or valediction, not a command"
"1030#0","1030","KEEP_DIRECTIVE_AND_RELIGIOUS_THEME","KEEP_DIRECTIVE_AND_RELIGIOUS_THEME","Pray.","Pray.","Pray.","Pray.","","Religion & Spirituality","Q_AUTHORED_CURRENT_POST","Q_BODY","KEEP","canonical post body, no embedded-source evidence"
"1032#0","1032","KEEP_Q_DIRECTIVE","KEEP_Q_DIRECTIVE","Think Navy Ship crashes.","Think Navy Ship crashes.","Think Navy Ship crashes.","Think Navy Ship crashes.","","","Q_AUTHORED_CURRENT_POST","Q_BODY","KEEP","canonical post body, no embedded-source evidence"
"1034#0","1034","KEEP_Q_DIRECTIVE","KEEP_Q_DIRECTIVE","Track events.","Track events.","Track events.","Track events.","","","Q_AUTHORED_CURRENT_POST","Q_BODY","KEEP","canonical post body, no embedded-source evidence"
"104#0","104","REMOVE_BLESSING_OR_VALEDICTION","REMOVE_BLESSING_OR_VALEDICTION","God bless the United States of America.","","God bless the United States of America.","God bless the United States of America.","","","Q_AUTHORED_CURRENT_POST","Q_BODY","REMOVE_FROM_DIRECTIVES","blessing or valediction, not a command"
"1046#0","1046","KEEP_Q_DIRECTIVE","KEEP_Q_DIRECTIVE","Enjoy the show.","Enjoy the show.","Enjoy the show.","Enjoy the show.","","","Q_AUTHORED_CURRENT_POST","Q_BODY","KEEP","canonical post body, no embedded-source evidence"
"1048#0","1048","KEEP_Q_DIRECTIVE","KEEP_Q_DIRECTIVE","Connect via past religious leaders (re: Hussein).","Connect via past religious leaders (re: Hussein).","Connect via past religious leaders (re: Hussein).","Connect via past religious leaders (re: Hussein).","","","Q_AUTHORED_CURRENT_POST","Q_BODY","KEEP","canonical post body, no embedded-source evidence"
"1049#0","1049","KEEP_Q_DIRECTIVE","KEEP_Q_DIRECTIVE","Think NK.","Think NK.","Think NK.","Think NK.","","","Q_AUTHORED_CURRENT_POST","Q_BODY","KEEP","canonical post body, no embedded-source evidence"
"1049#1","1049","KEEP_Q_DIRECTIVE","KEEP_Q_DIRECTIVE","Think Nuke stranglehold.","Think Nuke stranglehold.","Think Nuke stranglehold.","Think Nuke stranglehold.","","","Q_AUTHORED_CURRENT_POST","Q_BODY","KEEP","canonical post body, no embedded-source evidence"
"1049#2","1049","KEEP_Q_DIRECTIVE","KEEP_Q_DIRECTIVE","Think logically.","Think logically.","Think logically.","Think logically.","","","Q_AUTHORED_CURRENT_POST","Q_BODY","KEEP","canonical post body, no embedded-source evidence"
"105#0","105","KEEP_DIRECTIVE_AND_RELIGIOUS_THEME","KEEP_DIRECTIVE_AND_RELIGIOUS_THEME","Please pray.","Please pray.","Please pray.","Please pray.","","Religion & Spirituality","Q_AUTHORED_CURRENT_POST","Q_BODY","KEEP","canonical post body, no embedded-source evidence"
"105#1","105","KEEP_Q_DIRECTIVE","KEEP_Q_DIRECTIVE","Please pause and give thanks to those who would die to save our republic.","Please pause and give thanks to those who would die to save our republic.","Please pause and give thanks to those who would die to save our republic.","Please pause and give thanks to those who would die to save our republic.","","","Q_AUTHORED_CURRENT_POST","Q_BODY","KEEP","canonical post body, no embedded-source evidence"
"1050#0","1050","KEEP_Q_DIRECTIVE","KEEP_Q_DIRECTIVE","Stand strong.","Stand strong.","Stand strong.","Stand strong.","","","Q_AUTHORED_CURRENT_POST","Q_BODY","KEEP","canonical post body, no embedded-source evidence"
"1052#0","1052","KEEP_Q_DIRECTIVE","KEEP_Q_DIRECTIVE","Enjoy the show.","Enjoy the show.","Enjoy the show.","Enjoy the show.","","","Q_AUTHORED_CURRENT_POST","Q_BODY","KEEP","canonical post body, no embedded-source evidence"
"1054#0","1054","KEEP_Q_DIRECTIVE","KEEP_Q_DIRECTIVE","Look up Ray.Chandler.","Look up Ray.Chandler.","Look up Ray.Chandler.","Look up Ray.Chandler.","","","Q_AUTHORED_CURRENT_POST","Q_BODY","KEEP","canonical post body, no embedded-source evidence"
"1055#0","1055","KEEP_Q_DIRECTIVE","KEEP_Q_DIRECTIVE","Follow friends.","Follow friends.","Follow friends.","Follow friends.","","","Q_AUTHORED_CURRENT_POST","Q_BODY","KEEP","canonical post body, no embedded-source evidence"
"1055#1","1055","KEEP_Q_DIRECTIVE","KEEP_Q_DIRECTIVE","Open source.","Open source.","Open source.","Open source.","","","Q_AUTHORED_CURRENT_POST","Q_BODY","KEEP","canonical post body, no embedded-source evidence"
"1056#0","1056","KEEP_Q_DIRECTIVE","KEEP_Q_DIRECTIVE","Focus on friends (2).","Focus on friends (2).","Focus on friends (2).","Focus on friends (2).","","","Q_AUTHORED_CURRENT_POST","Q_BODY","KEEP","canonical post body, no embedded-source evidence"
"1057#0","1057","KEEP_Q_DIRECTIVE","KEEP_Q_DIRECTIVE","Report to FBI / DOJ.","Report to FBI / DOJ.","Report to FBI / DOJ.","Report to FBI / DOJ.","","","Q_AUTHORED_CURRENT_POST","Q_BODY","KEEP","canonical post body, no embedded-source evidence"
"1057#1","1057","KEEP_Q_DIRECTIVE","KEEP_Q_DIRECTIVE","Watch what happens.","Watch what happens.","Watch what happens.","Watch what happens.","","","Q_AUTHORED_CURRENT_POST","Q_BODY","KEEP","canonical post body, no embedded-source evidence"
"1057#2","1057","KEEP_Q_DIRECTIVE","KEEP_Q_DIRECTIVE","End.","End.","End.","End.","","","Q_AUTHORED_CURRENT_POST","Q_BODY","KEEP","canonical post body, no embedded-source evidence"
"106#0","106","REMOVE_BLESSING_OR_VALEDICTION","REMOVE_BLESSING_OR_VALEDICTION","God bless.","","God bless.","God bless.","","","Q_AUTHORED_CURRENT_POST","Q_BODY","REMOVE_FROM_DIRECTIVES","blessing or valediction, not a command"
"1063#0","1063","KEEP_Q_DIRECTIVE","KEEP_Q_DIRECTIVE","Spread out by design.","Spread out by design.","Spread out by design.","Spread out by design.","","","Q_AUTHORED_CURRENT_POST","Q_BODY","KEEP","canonical post body, no embedded-source evidence"
"1063#1","1063","KEEP_Q_DIRECTIVE","KEEP_Q_DIRECTIVE","Open the door.","Open the door.","Open the door.","Open the door.","","","Q_AUTHORED_CURRENT_POST","Q_BODY","KEEP","canonical post body, no embedded-source evidence"
"1063#2","1063","KEEP_Q_DIRECTIVE","KEEP_Q_DIRECTIVE","Close to door.","Close to door.","Close to door.","Close to door.","","","Q_AUTHORED_CURRENT_POST","Q_BODY","KEEP","canonical post body, no embedded-source evidence"
"1068#0","1068","KEEP_DIRECTIVE_AND_RELIGIOUS_THEME","KEEP_DIRECTIVE_AND_RELIGIOUS_THEME","Pray.","Pray.","Pray.","Pray.","","Religion & Spirituality","Q_AUTHORED_CURRENT_POST","Q_BODY","KEEP","canonical post body, no embedded-source evidence"
"107#0","107","KEEP_Q_DIRECTIVE","KEEP_Q_DIRECTIVE","Note when we just sent the go orders and when this Tweet went live.","Note when we just sent the go orders and when this Tweet went live.","Note when we just sent the go orders and when this Tweet went live.","Note when we just sent the go orders and when this Tweet went live.","","","Q_AUTHORED_CURRENT_POST","Q_BODY","KEEP","long sentence inside a drop whose dominant register is Q — prose shape alone is not a quotation"
"107#1","107","KEEP_DIRECTIVE_AND_RELIGIOUS_THEME","KEEP_DIRECTIVE_AND_RELIGIOUS_THEME","Pray.","Pray.","Pray.","Pray.","","Religion & Spirituality","Q_AUTHORED_CURRENT_POST","Q_BODY","KEEP","canonical post body, no embedded-source evidence"
"1073#0","1073","KEEP_Q_DIRECTIVE","KEEP_Q_DIRECTIVE","Listen carefully.","Listen carefully.","Listen carefully.","Listen carefully.","","","Q_AUTHORED_CURRENT_POST","Q_BODY","KEEP","canonical post body, no embedded-source evidence"
"1074#0","1074","KEEP_Q_DIRECTIVE","KEEP_Q_DIRECTIVE","Read between the lines.","Read between the lines.","Read between the lines.","Read between the lines.","","","Q_AUTHORED_CURRENT_POST","Q_BODY","KEEP","canonical post body, no embedded-source evidence"
"1075#0","1075","KEEP_Q_DIRECTIVE","KEEP_Q_DIRECTIVE","Buckle up.","Buckle up.","Buckle up.","Buckle up.","","","Q_AUTHORED_CURRENT_POST","Q_BODY","KEEP","canonical post body, no embedded-source evidence"
"1077#0","1077","KEEP_Q_DIRECTIVE","KEEP_Q_DIRECTIVE","Prevent at all costs.","Prevent at all costs.","Prevent at all costs.","Prevent at all costs.","","","Q_AUTHORED_CURRENT_POST","Q_BODY","KEEP","canonical post body, no embedded-source evidence"
"1078#0","1078","KEEP_Q_DIRECTIVE","KEEP_Q_DIRECTIVE","Contact window ok.","Contact window ok.","Contact window ok.","Contact window ok.","","","Q_AUTHORED_CURRENT_POST","Q_BODY","KEEP","canonical post body, no embedded-source evidence"
"1079#0","1079","KEEP_Q_DIRECTIVE","KEEP_Q_DIRECTIVE","Relay back channel S-WH-E-P1.","Relay back channel S-WH-E-P1.","Relay back channel S-WH-E-P1.","Relay back channel S-WH-E-P1.","","","Q_AUTHORED_CURRENT_POST","Q_BODY","KEEP","canonical post body, no embedded-source evidence"
"108#0","108","KEEP_Q_DIRECTIVE","KEEP_Q_DIRECTIVE","Analyze time stamps of my go message to BO's Tweet.","Analyze time stamps of my go message to BO's Tweet.","Analyze time stamps of my go message to BO's Tweet.","Analyze time stamps of my go message to BO's Tweet.","","","Q_AUTHORED_CURRENT_POST","Q_BODY","KEEP","canonical post body, no embedded-source evidence"
"1081#0","1081","KEEP_Q_DIRECTIVE","KEEP_Q_DIRECTIVE","Think logically.","Think logically.","Think logically.","Think logically.","","","Q_AUTHORED_CURRENT_POST","Q_BODY","KEEP","canonical post body, no embedded-source evidence"
"1082#0","1082","KEEP_Q_DIRECTIVE","KEEP_Q_DIRECTIVE","Enjoy the show.","Enjoy the show.","Enjoy the show.","Enjoy the show.","","","Q_AUTHORED_CURRENT_POST","Q_BODY","KEEP","canonical post body, no embedded-source evidence"
"1085#0","1085","KEEP_Q_DIRECTIVE","KEEP_Q_DIRECTIVE","Think.","Think.","Think.","Think.","","","Q_AUTHORED_CURRENT_POST","Q_BODY","KEEP","canonical post body, no embedded-source evidence"
"1085#1","1085","KEEP_Q_DIRECTIVE","KEEP_Q_DIRECTIVE","Have faith.","Have faith.","have faith","have faith","","","Q_AUTHORED_CURRENT_POST","Q_BODY","KEEP","OWNER RULING R3: ""have faith"" is an imperative — an instruction to maintain confidence, belief or morale."
"1085#2","1085","KEEP_Q_DIRECTIVE","KEEP_Q_DIRECTIVE","Trust the plan.","Trust the plan.","Trust the plan.","Trust the plan.","","","Q_AUTHORED_CURRENT_POST","Q_BODY","KEEP","canonical post body, no embedded-source evidence"
"1090#0","1090","KEEP_Q_DIRECTIVE","KEEP_Q_DIRECTIVE","Open source.","Open source.","Open source.","Open source.","","","Q_AUTHORED_CURRENT_POST","Q_BODY","KEEP","canonical post body, no embedded-source evidence"
"1091#0","1091","KEEP_Q_DIRECTIVE","KEEP_Q_DIRECTIVE","Think Double.","Think Double.","Think Double.","Think Double.","","","Q_AUTHORED_CURRENT_POST","Q_BODY","KEEP","canonical post body, no embedded-source evidence"
"1093#0","1093","KEEP_Q_DIRECTIVE","KEEP_Q_DIRECTIVE","Watch again.","Watch again.","Watch again.","Watch again.","","","Q_AUTHORED_CURRENT_POST","Q_BODY","KEEP","canonical post body, no embedded-source evidence"
"1093#1","1093","REMOVE_BLESSING_OR_VALEDICTION","REMOVE_BLESSING_OR_VALEDICTION","God bless you all.","","God bless you all.","God bless you all.","","","Q_AUTHORED_CURRENT_POST","Q_BODY","REMOVE_FROM_DIRECTIVES","blessing or valediction, not a command"
"1094#0","1094","KEEP_Q_DIRECTIVE","KEEP_Q_DIRECTIVE","Flag.","Flag.","Flag.","Flag.","","","Q_AUTHORED_CURRENT_POST","Q_BODY","KEEP","canonical post body, no embedded-source evidence"
"1097#0","1097","KEEP_Q_DIRECTIVE","KEEP_Q_DIRECTIVE","Dig.","Dig.","Dig.","Dig.","","","Q_AUTHORED_CURRENT_POST","Q_BODY","KEEP","canonical post body, no embedded-source evidence"
"1097#1","1097","KEEP_Q_DIRECTIVE","KEEP_Q_DIRECTIVE","Find ALL pics.","Find ALL pics.","Find ALL pics.","Find ALL pics.","","","Q_AUTHORED_CURRENT_POST","Q_BODY","KEEP","canonical post body, no embedded-source evidence"
"1098#0","1098","KEEP_Q_DIRECTIVE","KEEP_Q_DIRECTIVE","Bring back the gallows!","Bring back the gallows!","Bring back the gallows!","Bring back the gallows!","","","Q_AUTHORED_CURRENT_POST","Q_BODY","KEEP","canonical post body, no embedded-source evidence"
"1100#0","1100","KEEP_Q_DIRECTIVE","KEEP_Q_DIRECTIVE","Track congressional intake (reported).","Track congressional intake (reported).","Track congressional intake (reported).","Track congressional intake (reported).","","","Q_AUTHORED_CURRENT_POST","Q_BODY","KEEP","canonical post body, no embedded-source evidence"
"1100#1","1100","KEEP_Q_DIRECTIVE","KEEP_Q_DIRECTIVE","Keep open (+6 mo).","Keep open (+6 mo).","Keep open (+6 mo).","Keep open (+6 mo).","","","Q_AUTHORED_CURRENT_POST","Q_BODY","KEEP","canonical post body, no embedded-source evidence"
"1100#2","1100","KEEP_Q_DIRECTIVE","KEEP_Q_DIRECTIVE","Drain the swamp.","Drain the swamp.","Drain the swamp.","Drain the swamp.","","","Q_AUTHORED_CURRENT_POST","Q_BODY","KEEP","canonical post body, no embedded-source evidence"
"1101#0","1101","KEEP_Q_DIRECTIVE","KEEP_Q_DIRECTIVE","Follow the family.","Follow the family.","Follow the family.","Follow the family.","","","Q_AUTHORED_CURRENT_POST","Q_BODY","KEEP","canonical post body, no embedded-source evidence"
"1101#1","1101","KEEP_Q_DIRECTIVE","KEEP_Q_DIRECTIVE","Re_read drops.","Re_read drops.","Re_read drops.","Re_read drops.","","","Q_AUTHORED_CURRENT_POST","Q_BODY","KEEP","canonical post body, no embedded-source evidence"
"1102#0","1102","KEEP_Q_DIRECTIVE","KEEP_Q_DIRECTIVE","Don't forget how to PLAY.","Don't forget how to PLAY.","Don't forget how to PLAY.","Don't forget how to PLAY.","","","Q_AUTHORED_CURRENT_POST","Q_BODY","KEEP","canonical post body, no embedded-source evidence"
"1102#1","1102","KEEP_Q_DIRECTIVE","KEEP_Q_DIRECTIVE","Think emails (LL, HRC, HUSSEIN, etc).","Think emails (LL, HRC, HUSSEIN, etc).","Think emails (LL, HRC, HUSSEIN, etc).","Think emails (LL, HRC, HUSSEIN, etc).","","","Q_AUTHORED_CURRENT_POST","Q_BODY","KEEP","canonical post body, no embedded-source evidence"
"1104#0","1104","KEEP_Q_DIRECTIVE","KEEP_Q_DIRECTIVE","Think 'Bridge'.","Think 'Bridge'.","Think 'Bridge'.","Think 'Bridge'.","","","Q_AUTHORED_CURRENT_POST","Q_BODY","KEEP","canonical post body, no embedded-source evidence"
"1106#0","1106","KEEP_Q_DIRECTIVE","KEEP_Q_DIRECTIVE","Hold until CONF.","Hold until CONF.","Hold until CONF.","Hold until CONF.","","","Q_AUTHORED_CURRENT_POST","Q_BODY","KEEP","canonical post body, no embedded-source evidence"
"1106#1","1106","KEEP_Q_DIRECTIVE","KEEP_Q_DIRECTIVE","Have faith.","Have faith.","have faith","have faith","","","Q_AUTHORED_CURRENT_POST","Q_BODY","KEEP","OWNER RULING R3: ""have faith"" is an imperative — an instruction to maintain confidence, belief or morale."
"1106#2","1106","KEEP_Q_DIRECTIVE","KEEP_Q_DIRECTIVE","Trust POTUS.","Trust POTUS.","Trust POTUS.","Trust POTUS.","","","Q_AUTHORED_CURRENT_POST","Q_BODY","KEEP","canonical post body, no embedded-source evidence"
"111#0","111","KEEP_DIRECTIVE_AND_RELIGIOUS_THEME","KEEP_DIRECTIVE_AND_RELIGIOUS_THEME","Pray.","Pray.","Pray.","Pray.","","Religion & Spirituality","Q_AUTHORED_CURRENT_POST","Q_BODY","KEEP","canonical post body, no embedded-source evidence"
"111#1","111","KEEP_Q_DIRECTIVE","KEEP_Q_DIRECTIVE","Repeat.","Repeat.","Repeat.","Repeat.","","","Q_AUTHORED_CURRENT_POST","Q_BODY","KEEP","canonical post body, no embedded-source evidence"
"1113#0","1113","KEEP_Q_DIRECTIVE","KEEP_Q_DIRECTIVE","Learn our comms.","Learn our comms.","Learn our comms.","Learn our comms.","","","Q_AUTHORED_CURRENT_POST","Q_BODY","KEEP","canonical post body, no embedded-source evidence"
"1115#0","1115","KEEP_Q_DIRECTIVE","KEEP_Q_DIRECTIVE","Read carefully.","Read carefully.","Read carefully.","Read carefully.","","","Q_AUTHORED_CURRENT_POST","Q_BODY","KEEP","canonical post body, no embedded-source evidence"
"112#0","112","KEEP_Q_DIRECTIVE","KEEP_Q_DIRECTIVE","Stay alert in main US cities (DC), sporting events, and other conservative gatherings.","Stay alert in main US cities (DC), sporting events, and other conservative gatherings.","Stay alert in main US cities (DC), sporting events, and other conservative gatherings.","Stay alert in main US cities (DC), sporting events, and other conservative gatherings.","","","Q_AUTHORED_CURRENT_POST","Q_BODY","KEEP","canonical post body, no embedded-source evidence"
"112#1","112","KEEP_Q_DIRECTIVE","KEEP_Q_DIRECTIVE","Stay alert in main US cities (DC), sporting events, and other conservative gatherings.","Stay alert in main US cities (DC), sporting events, and other conservative gatherings.","Stay alert in main US cities (DC), sporting events, and other conservative gatherings.","Stay alert in main US cities (DC), sporting events, and other conservative gatherings.","","","Q_AUTHORED_CURRENT_POST","Q_BODY","KEEP","canonical post body, no embedded-source evidence"
"112#2","112","KEEP_Q_DIRECTIVE","KEEP_Q_DIRECTIVE","Repeat.","Repeat.","Repeat.","Repeat.","","","Q_AUTHORED_CURRENT_POST","Q_BODY","KEEP","canonical post body, no embedded-source evidence"
"112#3","112","KEEP_Q_DIRECTIVE","KEEP_Q_DIRECTIVE","Summarize and paint the picture.","Summarize and paint the picture.","Summarize and paint the picture.","Summarize and paint the picture.","","","Q_AUTHORED_CURRENT_POST","Q_BODY","KEEP","canonical post body, no embedded-source evidence"
"1120#0","1120","KEEP_Q_DIRECTIVE","KEEP_Q_DIRECTIVE","Clarify.","Clarify.","Clarify.","Clarify.","","","Q_AUTHORED_CURRENT_POST","Q_BODY","KEEP","canonical post body, no embedded-source evidence"
"1120#1","1120","KEEP_Q_DIRECTIVE","KEEP_Q_DIRECTIVE","Demand.","Demand.","Demand.","Demand.","","","Q_AUTHORED_CURRENT_POST","Q_BODY","KEEP","canonical post body, no embedded-source evidence"
"1120#2","1120","KEEP_Q_DIRECTIVE","KEEP_Q_DIRECTIVE","Confirm tariff reduction.","Confirm tariff reduction.","Confirm tariff reduction.","Confirm tariff reduction.","","","Q_AUTHORED_CURRENT_POST","Q_BODY","KEEP","canonical post body, no embedded-source evidence"
"1120#3","1120","KEEP_Q_DIRECTIVE","KEEP_Q_DIRECTIVE","Start.","Start.","Start.","Start.","","","Q_AUTHORED_CURRENT_POST","Q_BODY","KEEP","canonical post body, no embedded-source evidence"
"1122#0","1122","KEEP_Q_DIRECTIVE","KEEP_Q_DIRECTIVE","TRUST SESSIONS.","TRUST SESSIONS.","TRUST SESSIONS.","TRUST SESSIONS.","","","Q_AUTHORED_CURRENT_POST","Q_BODY","KEEP","canonical post body, no embedded-source evidence"
"1122#1","1122","KEEP_Q_DIRECTIVE","KEEP_Q_DIRECTIVE","TRUST WRAY.","TRUST WRAY.","TRUST WRAY.","TRUST WRAY.","","","Q_AUTHORED_CURRENT_POST","Q_BODY","KEEP","canonical post body, no embedded-source evidence"
"1122#2","1122","KEEP_Q_DIRECTIVE","KEEP_Q_DIRECTIVE","TRUST KANSAS.","TRUST KANSAS.","TRUST KANSAS.","TRUST KANSAS.","","","Q_AUTHORED_CURRENT_POST","Q_BODY","KEEP","canonical post body, no embedded-source evidence"
"1122#3","1122","KEEP_Q_DIRECTIVE","KEEP_Q_DIRECTIVE","TRUST HOROWITZ.","TRUST HOROWITZ.","TRUST HOROWITZ.","TRUST HOROWITZ.","","","Q_AUTHORED_CURRENT_POST","Q_BODY","KEEP","canonical post body, no embedded-source evidence"
"1122#4","1122","KEEP_Q_DIRECTIVE","KEEP_Q_DIRECTIVE","TRUST HUBER.","TRUST HUBER.","TRUST HUBER.","TRUST HUBER.","","","Q_AUTHORED_CURRENT_POST","Q_BODY","KEEP","canonical post body, no embedded-source evidence"
"1124#0","1124","KEEP_Q_DIRECTIVE","KEEP_Q_DIRECTIVE","END.","END.","END.","END.","","","Q_AUTHORED_CURRENT_POST","Q_BODY","KEEP","canonical post body, no embedded-source evidence"
"1124#1","1124","KEEP_Q_DIRECTIVE","KEEP_Q_DIRECTIVE","Testify then drop.","Testify then drop.","Testify then drop.","Testify then drop.","","","Q_AUTHORED_CURRENT_POST","Q_BODY","KEEP","canonical post body, no embedded-source evidence"
"1127#0","1127","KEEP_Q_DIRECTIVE","KEEP_Q_DIRECTIVE","Refer back - the 'Why?'","Refer back - the ‘Why?’","Refer back - the ‘Why?’","Refer back - the ‘Why?’","","","Q_AUTHORED_CURRENT_POST","Q_BODY","KEEP","canonical post body, no embedded-source evidence"
"1127#1","1127","KEEP_Q_DIRECTIVE","KEEP_Q_DIRECTIVE","Trust the plan.","Trust the plan.","Trust the plan.","Trust the plan.","","","Q_AUTHORED_CURRENT_POST","Q_BODY","KEEP","canonical post body, no embedded-source evidence"
"1138#0","1138","KEEP_Q_DIRECTIVE","KEEP_Q_DIRECTIVE","Study carefully.","Study carefully.","Study carefully.","Study carefully.","","","Q_AUTHORED_CURRENT_POST","Q_BODY","KEEP","canonical post body, no embedded-source evidence"
"1145#0","1145","KEEP_Q_DIRECTIVE","KEEP_Q_DIRECTIVE","Trust POTUS.","Trust POTUS.","Trust POTUS.","Trust POTUS.","","","Q_AUTHORED_CURRENT_POST","Q_BODY","KEEP","canonical post body, no embedded-source evidence"
"1146#0","1146","KEEP_Q_DIRECTIVE","KEEP_Q_DIRECTIVE","Expand your thinking.","Expand your thinking.","Expand your thinking.","Expand your thinking.","","","Q_AUTHORED_CURRENT_POST","Q_BODY","KEEP","canonical post body, no embedded-source evidence"
"1146#1","1146","KEEP_Q_DIRECTIVE","KEEP_Q_DIRECTIVE","Trust the plan!","Trust the plan!","Trust the plan!","Trust the plan!","","","Q_AUTHORED_CURRENT_POST","Q_BODY","KEEP","canonical post body, no embedded-source evidence"
"1149#0","1149","KEEP_Q_DIRECTIVE","KEEP_Q_DIRECTIVE","Think timing.","Think timing.","Think timing.","Think timing.","","","Q_AUTHORED_CURRENT_POST","Q_BODY","KEEP","canonical post body, no embedded-source evidence"
"1155#0","1155","KEEP_Q_DIRECTIVE","KEEP_Q_DIRECTIVE","Focus should also be on Supreme Court promise.","Focus should also be on Supreme Court promise.","Focus should also be on Supreme Court promise.","Focus should also be on Supreme Court promise.","","","Q_AUTHORED_CURRENT_POST","Q_BODY","KEEP","canonical post body, no embedded-source evidence"
"116#0","116","KEEP_Q_DIRECTIVE","KEEP_Q_DIRECTIVE","Archive immediately.","Archive immediately.","Archive immediately.","Archive immediately.","","","Q_AUTHORED_CURRENT_POST","Q_BODY","KEEP","canonical post body, no embedded-source evidence"
"116#1","116","KEEP_Q_DIRECTIVE","KEEP_Q_DIRECTIVE","Upload to graphic.","Upload to graphic.","Upload to graphic.","Upload to graphic.","","","Q_AUTHORED_CURRENT_POST","Q_BODY","KEEP","canonical post body, no embedded-source evidence"
"1164#0","1164","KEEP_Q_DIRECTIVE","KEEP_Q_DIRECTIVE","Re_read Five Eyes.","Re_read Five Eyes.","Re_read Five Eyes.","Re_read Five Eyes.","","","Q_AUTHORED_CURRENT_POST","Q_BODY","KEEP","canonical post body, no embedded-source evidence"
"1164#1","1164","KEEP_Q_DIRECTIVE","KEEP_Q_DIRECTIVE","Avoid US data collection laws.","Avoid US data collection laws.","Avoid US data collection laws.","Avoid US data collection laws.","","","Q_AUTHORED_CURRENT_POST","Q_BODY","KEEP","canonical post body, no embedded-source evidence"
"117#0","117","KEEP_Q_DIRECTIVE","KEEP_Q_DIRECTIVE","Define.","Define.","Define.","Define.","","","Q_AUTHORED_CURRENT_POST","Q_BODY","KEEP","canonical post body, no embedded-source evidence"
"117#1","117","KEEP_Q_DIRECTIVE","KEEP_Q_DIRECTIVE","Reconcile.","Reconcile.","Reconcile.","Reconcile.","","","Q_AUTHORED_CURRENT_POST","Q_BODY","KEEP","canonical post body, no embedded-source evidence"
"1176#0","1176","KEEP_Q_DIRECTIVE","KEEP_Q_DIRECTIVE","Think logically.","Think logically.","Think logically.","Think logically.","","","Q_AUTHORED_CURRENT_POST","Q_BODY","KEEP","canonical post body, no embedded-source evidence"
"1176#1","1176","KEEP_Q_DIRECTIVE","KEEP_Q_DIRECTIVE","Think State of the Union - FREE.","Think State of the Union - FREE.","Think State of the Union - FREE.","Think State of the Union - FREE.","","","Q_AUTHORED_CURRENT_POST","Q_BODY","KEEP","canonical post body, no embedded-source evidence"
"118#0","118","KEEP_Q_DIRECTIVE","KEEP_Q_DIRECTIVE","Think SA.","Think SA.","Think SA.","Think SA.","","","Q_AUTHORED_CURRENT_POST","Q_BODY","KEEP","canonical post body, no embedded-source evidence"
"118#1","118","KEEP_Q_DIRECTIVE","KEEP_Q_DIRECTIVE","Think 'Taken'.","Think ‘Taken’.","Think ‘Taken’.","Think ‘Taken’.","","","Q_AUTHORED_CURRENT_POST","Q_BODY","KEEP","canonical post body, no embedded-source evidence"
"118#2","118","KEEP_Q_DIRECTIVE","KEEP_Q_DIRECTIVE","Repeat.","Repeat.","Repeat.","Repeat.","","","Q_AUTHORED_CURRENT_POST","Q_BODY","KEEP","canonical post body, no embedded-source evidence"
"1180#0","1180","KEEP_Q_DIRECTIVE","KEEP_Q_DIRECTIVE","Join POTUS' legal team.","Join POTUS’ legal team.","Join POTUS’ legal team.","Join POTUS’ legal team.","","","Q_AUTHORED_CURRENT_POST","Q_BODY","KEEP","canonical post body, no embedded-source evidence"
"1180#1","1180","KEEP_Q_DIRECTIVE","KEEP_Q_DIRECTIVE","Enjoy the show.","Enjoy the show.","Enjoy the show.","Enjoy the show.","","","Q_AUTHORED_CURRENT_POST","Q_BODY","KEEP","canonical post body, no embedded-source evidence"
"1181#0","1181","KEEP_Q_DIRECTIVE","KEEP_Q_DIRECTIVE","Trust the plan.","Trust the plan.","Trust the plan.","Trust the plan.","","","Q_AUTHORED_CURRENT_POST","Q_BODY","KEEP","canonical post body, no embedded-source evidence"
"1182#0","1182","KEEP_Q_DIRECTIVE","KEEP_Q_DIRECTIVE","Update.","Update.","Update.","Update.","","","Q_AUTHORED_CURRENT_POST","Q_BODY","KEEP","canonical post body, no embedded-source evidence"
"1182#1","1182","KEEP_Q_DIRECTIVE","KEEP_Q_DIRECTIVE","Read.","Read.","Read.","Read.","","","Q_AUTHORED_CURRENT_POST","Q_BODY","KEEP","canonical post body, no embedded-source evidence"
"1182#2","1182","KEEP_Q_DIRECTIVE","KEEP_Q_DIRECTIVE","Study the EOs.","Study the EOs.","Study the EOs.","Study the EOs.","","","Q_AUTHORED_CURRENT_POST","Q_BODY","KEEP","canonical post body, no embedded-source evidence"
"1182#3","1182","KEEP_Q_DIRECTIVE","KEEP_Q_DIRECTIVE","Follow the 'pen'.","Follow the ‘pen’.","Follow the ‘pen’.","Follow the ‘pen’.","","","Q_AUTHORED_CURRENT_POST","Q_BODY","KEEP","canonical post body, no embedded-source evidence"
"1182#4","1182","KEEP_Q_DIRECTIVE","KEEP_Q_DIRECTIVE","Connect.","Connect.","Connect.","Connect.","","","Q_AUTHORED_CURRENT_POST","Q_BODY","KEEP","canonical post body, no embedded-source evidence"
"1182#5","1182","KEEP_Q_DIRECTIVE","KEEP_Q_DIRECTIVE","Learn.","Learn.","Learn.","Learn.","","","Q_AUTHORED_CURRENT_POST","Q_BODY","KEEP","canonical post body, no embedded-source evidence"
"1183#0","1183","KEEP_Q_DIRECTIVE","REMOVE_CLAIM_NOT_DIRECTIVE","Push to DIVIDE is strong.","","Push to DIVIDE is strong.","Push to DIVIDE is strong.","","","Q_AUTHORED_CURRENT_POST","Q_BODY","REMOVE_FROM_DIRECTIVES","""Push"" is the subject noun — the push to divide — and ""is strong"" is its predicate. Q is describing the intensity of an adversary campaign, not telling anyone to push. The following line ""Think pre vs post 2016 election."" is the actual directive in this drop."
"1183#1","1183","KEEP_Q_DIRECTIVE","KEEP_Q_DIRECTIVE","Think pre vs post 2016 election.","Think pre vs post 2016 election.","Think pre vs post 2016 election.","Think pre vs post 2016 election.","","","Q_AUTHORED_CURRENT_POST","Q_BODY","KEEP","canonical post body, no embedded-source evidence"
"1183#2","1183","KEEP_Q_DIRECTIVE","KEEP_Q_DIRECTIVE","Stay TOGETHER.","Stay TOGETHER.","Stay TOGETHER.","Stay TOGETHER.","","","Q_AUTHORED_CURRENT_POST","Q_BODY","KEEP","canonical post body, no embedded-source evidence"
"1183#3","1183","KEEP_Q_DIRECTIVE","KEEP_Q_DIRECTIVE","Stay STRONG.","Stay STRONG.","Stay STRONG.","Stay STRONG.","","","Q_AUTHORED_CURRENT_POST","Q_BODY","KEEP","canonical post body, no embedded-source evidence"
"1184#0","1184","KEEP_Q_DIRECTIVE","KEEP_Q_DIRECTIVE","Archive immediately.","Archive immediately.","Archive immediately.","Archive immediately.","","","Q_AUTHORED_CURRENT_POST","Q_BODY","KEEP","canonical post body, no embedded-source evidence"
"1186#0","1186","KEEP_Q_DIRECTIVE","KEEP_Q_DIRECTIVE","Archive OFFLINE immediately.","Archive OFFLINE immediately.","Archive OFFLINE immediately.","Archive OFFLINE immediately.","","","Q_AUTHORED_CURRENT_POST","Q_BODY","KEEP","canonical post body, no embedded-source evidence"
"1187#0","1187","KEEP_Q_DIRECTIVE","KEEP_Q_DIRECTIVE","Think net worth.","Think net worth.","Think net worth.","Think net worth.","","","Q_AUTHORED_CURRENT_POST","Q_BODY","KEEP","canonical post body, no embedded-source evidence"
"1188#0","1188","KEEP_Q_DIRECTIVE","KEEP_Q_DIRECTIVE","Build profile 1XD x7","Build profile 1XD x7","Build profile 1XD x7","Build profile 1XD x7","","","Q_AUTHORED_CURRENT_POST","Q_BODY","KEEP","canonical post body, no embedded-source evidence"
"119#0","119","KEEP_Q_DIRECTIVE","KEEP_Q_DIRECTIVE","List the Billionaires.","List the Billionaires.","List the Billionaires.","List the Billionaires.","","","Q_AUTHORED_CURRENT_POST","Q_BODY","KEEP","canonical post body, no embedded-source evidence"
"119#1","119","KEEP_Q_DIRECTIVE","KEEP_Q_DIRECTIVE","Reconcile.","Reconcile.","Reconcile.","Reconcile.","","","Q_AUTHORED_CURRENT_POST","Q_BODY","KEEP","canonical post body, no embedded-source evidence"
"1190#0","1190","KEEP_Q_DIRECTIVE","KEEP_Q_DIRECTIVE","Think SC.","Think SC.","Think SC.","Think SC.","","","Q_AUTHORED_CURRENT_POST","Q_BODY","KEEP","canonical post body, no embedded-source evidence"
"1197#0","1197","KEEP_Q_DIRECTIVE","KEEP_Q_DIRECTIVE","Watch CA.","Watch CA.","Watch CA.","Watch CA.","","","Q_AUTHORED_CURRENT_POST","Q_BODY","KEEP","canonical post body, no embedded-source evidence"
"1198#0","1198","KEEP_Q_DIRECTIVE","KEEP_Q_DIRECTIVE","Keep up the good fight!","Keep up the good fight!","Keep up the good fight!","Keep up the good fight!","","","Q_AUTHORED_CURRENT_POST","Q_BODY","KEEP","canonical post body, no embedded-source evidence"
"1199#0","1199","KEEP_Q_DIRECTIVE","KEEP_Q_DIRECTIVE","Answer Q re: SR.","Answer Q re: SR.","Answer Q re: SR.","Answer Q re: SR.","","","Q_AUTHORED_CURRENT_POST","Q_BODY","KEEP","canonical post body, no embedded-source evidence"
"120#0","120","KEEP_Q_DIRECTIVE","KEEP_Q_DIRECTIVE","Think Snowden.","Think Snowden.","Think Snowden.","Think Snowden.","","","Q_AUTHORED_CURRENT_POST","Q_BODY","KEEP","canonical post body, no embedded-source evidence"
"1208#0","1208","KEEP_Q_DIRECTIVE","KEEP_Q_DIRECTIVE","Expand further.","Expand further.","Expand further.","Expand further.","","","Q_AUTHORED_CURRENT_POST","Q_BODY","KEEP","canonical post body, no embedded-source evidence"
"1208#1","1208","KEEP_Q_DIRECTIVE","KEEP_Q_DIRECTIVE","Open source.","Open source.","Open source.","Open source.","","","Q_AUTHORED_CURRENT_POST","Q_BODY","KEEP","canonical post body, no embedded-source evidence"
"1209#0","1209","KEEP_Q_DIRECTIVE","KEEP_Q_DIRECTIVE","END.","END.","END.","END.","","","Q_AUTHORED_CURRENT_POST","Q_BODY","KEEP","canonical post body, no embedded-source evidence"
"121#0","121","KEEP_Q_DIRECTIVE","KEEP_Q_DIRECTIVE","Compare.","Compare.","Compare.","Compare.","","","Q_AUTHORED_CURRENT_POST","Q_BODY","KEEP","canonical post body, no embedded-source evidence"
"121#1","121","KEEP_Q_DIRECTIVE","KEEP_Q_DIRECTIVE","List.","List.","List.","List.","","","Q_AUTHORED_CURRENT_POST","Q_BODY","KEEP","canonical post body, no embedded-source evidence"
"121#2","121","KEEP_Q_DIRECTIVE","KEEP_Q_DIRECTIVE","Laugh.","Laugh.","Laugh.","Laugh.","","","Q_AUTHORED_CURRENT_POST","Q_BODY","KEEP","canonical post body, no embedded-source evidence"
"1213#0","1213","KEEP_Q_DIRECTIVE","KEEP_Q_DIRECTIVE","Open source.","Open source.","Open source.","Open source.","","","Q_AUTHORED_CURRENT_POST","Q_BODY","KEEP","canonical post body, no embedded-source evidence"
"1218#0","1218","KEEP_Q_DIRECTIVE","KEEP_Q_DIRECTIVE","Push FAKE NEWS [4am] - MSM PRE BAD news [THEM].","Push FAKE NEWS [4am] - MSM PRE BAD news [THEM].","Push FAKE NEWS [4am] - MSM PRE BAD news [THEM].","Push FAKE NEWS [4am] - MSM PRE BAD news [THEM].","","","Q_AUTHORED_CURRENT_POST","Q_BODY","KEEP","canonical post body, no embedded-source evidence"
"1219#0","1219","KEEP_Q_DIRECTIVE","KEEP_Q_DIRECTIVE","Think Sessions.","Think Sessions.","Think Sessions.","Think Sessions.","","","Q_AUTHORED_CURRENT_POST","Q_BODY","KEEP","canonical post body, no embedded-source evidence"
"1219#1","1219","KEEP_Q_DIRECTIVE","KEEP_Q_DIRECTIVE","Expand your thinking outside of 'leaks'.","Expand your thinking outside of ‘leaks’.","Expand your thinking outside of ‘leaks’.","Expand your thinking outside of ‘leaks’.","","","Q_AUTHORED_CURRENT_POST","Q_BODY","KEEP","canonical post body, no embedded-source evidence"
"122#0","122","KEEP_Q_DIRECTIVE","KEEP_Q_DIRECTIVE","Refer back to black pop crumbs.","Refer back to black pop crumbs.","Refer back to black pop crumbs.","Refer back to black pop crumbs.","","","Q_AUTHORED_CURRENT_POST","Q_BODY","KEEP","canonical post body, no embedded-source evidence"
"122#1","122","KEEP_Q_DIRECTIVE","KEEP_Q_DIRECTIVE","Paint the picture.","Paint the picture.","Paint the picture.","Paint the picture.","","","Q_AUTHORED_CURRENT_POST","Q_BODY","KEEP","canonical post body, no embedded-source evidence"
"122#2","122","KEEP_DIRECTIVE_AND_RELIGIOUS_THEME","KEEP_DIRECTIVE_AND_RELIGIOUS_THEME","Pray.","Pray.","Pray.","Pray.","","Religion & Spirituality","Q_AUTHORED_CURRENT_POST","Q_BODY","KEEP","canonical post body, no embedded-source evidence"
"1220#0","1220","KEEP_Q_DIRECTIVE","KEEP_Q_DIRECTIVE","Protect domestic high prices.","Protect domestic high prices.","Protect domestic high prices.","Protect domestic high prices.","","","Q_AUTHORED_CURRENT_POST","Q_BODY","KEEP","canonical post body, no embedded-source evidence"
"1221#0","1221","KEEP_Q_DIRECTIVE","KEEP_Q_DIRECTIVE","Trust funds (3).","Trust funds (3).","Trust funds (3).","Trust funds (3).","","","Q_AUTHORED_CURRENT_POST","Q_BODY","KEEP","canonical post body, no embedded-source evidence"
"1222#0","1222","KEEP_Q_DIRECTIVE","KEEP_Q_DIRECTIVE","Think public & private Twitter accounts.","Think public & private Twitter accounts.","Think public & private Twitter accounts.","Think public & private Twitter accounts.","","","Q_AUTHORED_CURRENT_POST","Q_BODY","KEEP","canonical post body, no embedded-source evidence"
"1223#0","1223","KEEP_Q_DIRECTIVE","KEEP_Q_DIRECTIVE","Think private email addresses.","Think private email addresses.","Think private email addresses.","Think private email addresses.","","","Q_AUTHORED_CURRENT_POST","Q_BODY","KEEP","canonical post body, no embedded-source evidence"
"1224#0","1224","KEEP_Q_DIRECTIVE","KEEP_Q_DIRECTIVE","Think Wendy.","Think Wendy.","Think Wendy.","Think Wendy.","","","Q_AUTHORED_CURRENT_POST","Q_BODY","KEEP","canonical post body, no embedded-source evidence"
"1224#1","1224","KEEP_Q_DIRECTIVE","KEEP_Q_DIRECTIVE","Enjoy the show.","Enjoy the show.","Enjoy the show.","Enjoy the show.","","","Q_AUTHORED_CURRENT_POST","Q_BODY","KEEP","canonical post body, no embedded-source evidence"
"1225#0","1225","KEEP_Q_DIRECTIVE","KEEP_Q_DIRECTIVE","Learn our comms.","Learn our comms.","Learn our comms.","Learn our comms.","","","Q_AUTHORED_CURRENT_POST","Q_BODY","KEEP","canonical post body, no embedded-source evidence"
"1228#0","1228","KEEP_Q_DIRECTIVE","KEEP_Q_DIRECTIVE","Look at those palm trees!","Look at those palm trees!","Look at those palm trees!","Look at those palm trees!","","","Q_AUTHORED_CURRENT_POST","Q_BODY","KEEP","canonical post body, no embedded-source evidence"
"1229#0","1229","KEEP_Q_DIRECTIVE","KEEP_Q_DIRECTIVE","Expand further.","Expand further.","Expand further.","Expand further.","","","Q_AUTHORED_CURRENT_POST","Q_BODY","KEEP","canonical post body, no embedded-source evidence"
"1232#0","1232","KEEP_Q_DIRECTIVE","KEEP_Q_DIRECTIVE","Please stand by.","Please stand by.","Please stand by.","Please stand by.","","","Q_AUTHORED_CURRENT_POST","Q_BODY","KEEP","canonical post body, no embedded-source evidence"
"1235#0","1235","KEEP_Q_DIRECTIVE","KEEP_Q_DIRECTIVE","Don't forget about Huma.","Don’t forget about Huma.","Don’t forget about Huma.","Don’t forget about Huma.","","","Q_AUTHORED_CURRENT_POST","Q_BODY","KEEP","canonical post body, no embedded-source evidence"
"1238#0","1238","KEEP_Q_DIRECTIVE","KEEP_Q_DIRECTIVE","Listen carefully.","Listen carefully.","Listen carefully.","Listen carefully.","","","Q_AUTHORED_CURRENT_POST","Q_BODY","KEEP","canonical post body, no embedded-source evidence"
"1241#0","1241","KEEP_Q_DIRECTIVE","KEEP_Q_DIRECTIVE","Think NK.","Think NK.","Think NK.","Think NK.","","","Q_AUTHORED_CURRENT_POST","Q_BODY","KEEP","canonical post body, no embedded-source evidence"
"1241#1","1241","KEEP_Q_DIRECTIVE","KEEP_Q_DIRECTIVE","Define nuclear stand-off.","Define nuclear stand-off.","Define nuclear stand-off.","Define nuclear stand-off.","","","Q_AUTHORED_CURRENT_POST","Q_BODY","KEEP","canonical post body, no embedded-source evidence"
"1241#2","1241","KEEP_Q_DIRECTIVE","KEEP_Q_DIRECTIVE","Think Paris accord.","Think Paris accord.","Think Paris accord.","Think Paris accord.","","","Q_AUTHORED_CURRENT_POST","Q_BODY","KEEP","canonical post body, no embedded-source evidence"
"1241#3","1241","KEEP_Q_DIRECTIVE","KEEP_Q_DIRECTIVE","Define kickback.","Define kickback.","Define kickback.","Define kickback.","","","Q_AUTHORED_CURRENT_POST","Q_BODY","KEEP","canonical post body, no embedded-source evidence"
"1241#4","1241","KEEP_Q_DIRECTIVE","KEEP_Q_DIRECTIVE","Define slush fund.","Define slush fund.","Define slush fund.","Define slush fund.","","","Q_AUTHORED_CURRENT_POST","Q_BODY","KEEP","canonical post body, no embedded-source evidence"
"1245#0","1245","KEEP_Q_DIRECTIVE","KEEP_Q_DIRECTIVE","Think SA.","Think SA.","Think SA.","Think SA.","","","Q_AUTHORED_CURRENT_POST","Q_BODY","KEEP","canonical post body, no embedded-source evidence"
"1245#1","1245","KEEP_Q_DIRECTIVE","KEEP_Q_DIRECTIVE","Define hostage.","Define hostage.","Define hostage.","Define hostage.","","","Q_AUTHORED_CURRENT_POST","Q_BODY","KEEP","canonical post body, no embedded-source evidence"
"1245#2","1245","KEEP_Q_DIRECTIVE","KEEP_Q_DIRECTIVE","Define protection.","Define protection.","Define protection.","Define protection.","","","Q_AUTHORED_CURRENT_POST","Q_BODY","KEEP","canonical post body, no embedded-source evidence"
"1245#3","1245","KEEP_Q_DIRECTIVE","KEEP_Q_DIRECTIVE","Trust the plan.","Trust the plan.","Trust the plan.","Trust the plan.","","","Q_AUTHORED_CURRENT_POST","Q_BODY","KEEP","canonical post body, no embedded-source evidence"
"1248#0","1248","KEEP_Q_DIRECTIVE","KEEP_Q_DIRECTIVE","Wake up!","Wake up!","Wake up!","Wake up!","","","Q_AUTHORED_CURRENT_POST","Q_BODY","KEEP","canonical post body, no embedded-source evidence"
"1248#1","1248","KEEP_Q_DIRECTIVE","KEEP_Q_DIRECTIVE","Learn.","Learn.","Learn.","Learn.","","","Q_AUTHORED_CURRENT_POST","Q_BODY","KEEP","canonical post body, no embedded-source evidence"
"1248#2","1248","KEEP_Q_DIRECTIVE","KEEP_Q_DIRECTIVE","Question.","Question.","Question.","Question.","","","Q_AUTHORED_CURRENT_POST","Q_BODY","KEEP","canonical post body, no embedded-source evidence"
"1248#3","1248","KEEP_Q_DIRECTIVE","KEEP_Q_DIRECTIVE","Fight!","Fight!","Fight!","Fight!","","","Q_AUTHORED_CURRENT_POST","Q_BODY","KEEP","canonical post body, no embedded-source evidence"
"1249#0","1249","KEEP_Q_DIRECTIVE","KEEP_Q_DIRECTIVE","Define smuggle.","Define smuggle.","Define smuggle.","Define smuggle.","","","Q_AUTHORED_CURRENT_POST","Q_BODY","KEEP","canonical post body, no embedded-source evidence"
"1249#1","1249","KEEP_Q_DIRECTIVE","KEEP_Q_DIRECTIVE","Follow the EOs.","Follow the EOs.","Follow the EOs.","Follow the EOs.","","","Q_AUTHORED_CURRENT_POST","Q_BODY","KEEP","canonical post body, no embedded-source evidence"
"1250#0","1250","KEEP_Q_DIRECTIVE","KEEP_Q_DIRECTIVE","Think logically.","Think logically.","Think logically.","Think logically.","","","Q_AUTHORED_CURRENT_POST","Q_BODY","KEEP","canonical post body, no embedded-source evidence"
"1250#1","1250","KEEP_Q_DIRECTIVE","KEEP_Q_DIRECTIVE","Follow the timeline.","Follow the timeline.","Follow the timeline.","Follow the timeline.","","","Q_AUTHORED_CURRENT_POST","Q_BODY","KEEP","canonical post body, no embedded-source evidence"
"1250#2","1250","KEEP_Q_DIRECTIVE","KEEP_Q_DIRECTIVE","Follow the timeline.","Follow the timeline.","Follow the timeline.","Follow the timeline.","","","Q_AUTHORED_CURRENT_POST","Q_BODY","KEEP","canonical post body, no embedded-source evidence"
"1250#3","1250","KEEP_Q_DIRECTIVE","KEEP_Q_DIRECTIVE","Define 'Exchange'.","Define ‘Exchange’.","Define ‘Exchange’.","Define ‘Exchange’.","","","Q_AUTHORED_CURRENT_POST","Q_BODY","KEEP","canonical post body, no embedded-source evidence"
"1251#0","1251","KEEP_Q_DIRECTIVE","KEEP_Q_DIRECTIVE","Listen carefully.","Listen carefully.","Listen carefully.","Listen carefully.","","","Q_AUTHORED_CURRENT_POST","Q_BODY","KEEP","canonical post body, no embedded-source evidence"
"1251#1","1251","KEEP_Q_DIRECTIVE","KEEP_Q_DIRECTIVE","Trust the plan.","Trust the plan.","Trust the plan.","Trust the plan.","","","Q_AUTHORED_CURRENT_POST","Q_BODY","KEEP","canonical post body, no embedded-source evidence"
"1252#0","1252","KEEP_Q_DIRECTIVE","KEEP_Q_DIRECTIVE","Learn the term 'Projection'.","Learn the term ‘Projection’.","Learn the term ‘Projection’.","Learn the term ‘Projection’.","","","Q_AUTHORED_CURRENT_POST","Q_BODY","KEEP","canonical post body, no embedded-source evidence"
"1252#1","1252","NEEDS_FRAGMENT_REVIEW","KEEP_Q_DIRECTIVE","Learn the TRUTH.","It’s time to learn the TRUTH.","learn the TRUTH","learn the TRUTH","","","Q_AUTHORED_CURRENT_POST","Q_BODY","KEEP_AND_EXPAND_TO_FULL_SENTENCE","OWNER RULING: the ""It's time to…"" construction is exhortative and directs the audience toward the action. Full displayed highlight is the complete sentence."
"1252#2","1252","KEEP_Q_DIRECTIVE","KEEP_Q_DIRECTIVE","Re_read drops re: slave grip of black pop.","Re_read drops re: slave grip of black pop.","Re_read drops re: slave grip of black pop.","Re_read drops re: slave grip of black pop.","","","Q_AUTHORED_CURRENT_POST","Q_BODY","KEEP","canonical post body, no embedded-source evidence"
"1254#0","1254","KEEP_Q_DIRECTIVE","KEEP_Q_DIRECTIVE","Re_read.","Re_read.","Re_read.","Re_read.","","","Q_AUTHORED_CURRENT_POST","Q_BODY","KEEP","canonical post body, no embedded-source evidence"
"1258#0","1258","KEEP_Q_DIRECTIVE","KEEP_Q_DIRECTIVE","Think logically.","Think logically.","Think logically.","Think logically.","","","Q_AUTHORED_CURRENT_POST","Q_BODY","KEEP","canonical post body, no embedded-source evidence"
"1261#0","1261","KEEP_Q_DIRECTIVE","KEEP_Q_DIRECTIVE","Stay awake.","Stay awake.","Stay awake.","Stay awake.","","","Q_AUTHORED_CURRENT_POST","Q_BODY","KEEP","canonical post body, no embedded-source evidence"
"1261#1","1261","KEEP_Q_DIRECTIVE","KEEP_Q_DIRECTIVE","Expect more (outcry).","Expect more (outcry).","Expect more (outcry).","Expect more (outcry).","","","Q_AUTHORED_CURRENT_POST","Q_BODY","KEEP","canonical post body, no embedded-source evidence"
"1262#0","1262","KEEP_Q_DIRECTIVE","KEEP_Q_DIRECTIVE","Think movie.","Think movie.","Think movie.","Think movie.","","","Q_AUTHORED_CURRENT_POST","Q_BODY","KEEP","canonical post body, no embedded-source evidence"
"1263#0","1263","KEEP_Q_DIRECTIVE","KEEP_Q_DIRECTIVE","Think logically.","Think logically.","Think logically.","Think logically.","","","Q_AUTHORED_CURRENT_POST","Q_BODY","KEEP","canonical post body, no embedded-source evidence"
"1263#1","1263","KEEP_Q_DIRECTIVE","KEEP_Q_DIRECTIVE","Apply leverage.","Apply leverage.","Apply leverage.","Apply leverage.","","","Q_AUTHORED_CURRENT_POST","Q_BODY","KEEP","canonical post body, no embedded-source evidence"
"1264#0","1264","KEEP_Q_DIRECTIVE","KEEP_Q_DIRECTIVE","Trust the plan.","Trust the plan.","Trust the plan.","Trust the plan.","","","Q_AUTHORED_CURRENT_POST","Q_BODY","KEEP","canonical post body, no embedded-source evidence"
"1265#0","1265","KEEP_Q_DIRECTIVE","KEEP_Q_DIRECTIVE","Think pushback.","Think pushback.","Think pushback.","Think pushback.","","","Q_AUTHORED_CURRENT_POST","Q_BODY","KEEP","canonical post body, no embedded-source evidence"
"1265#1","1265","KEEP_Q_DIRECTIVE","KEEP_Q_DIRECTIVE","Open source.","Open source.","Open source.","Open source.","","","Q_AUTHORED_CURRENT_POST","Q_BODY","KEEP","canonical post body, no embedded-source evidence"
"1266#0","1266","KEEP_Q_DIRECTIVE","KEEP_Q_DIRECTIVE","Trust the plan.","Trust the plan.","Trust the plan.","Trust the plan.","","","Q_AUTHORED_CURRENT_POST","Q_BODY","KEEP","canonical post body, no embedded-source evidence"
"1266#1","1266","KEEP_Q_DIRECTIVE","KEEP_Q_DIRECTIVE","Think resignations.","Think resignations.","Think resignations.","Think resignations.","","","Q_AUTHORED_CURRENT_POST","Q_BODY","KEEP","canonical post body, no embedded-source evidence"
"1266#2","1266","KEEP_Q_DIRECTIVE","KEEP_Q_DIRECTIVE","Have faith.","Have faith.","have faith","have faith","","","Q_AUTHORED_CURRENT_POST","Q_BODY","KEEP","OWNER RULING R3: ""have faith"" is an imperative — an instruction to maintain confidence, belief or morale."
"1269#0","1269","KEEP_Q_DIRECTIVE","KEEP_Q_DIRECTIVE","LEARN THE TRUTH.","LEARN THE TRUTH.","LEARN THE TRUTH.","LEARN THE TRUTH.","","","Q_AUTHORED_CURRENT_POST","Q_BODY","KEEP","canonical post body, no embedded-source evidence"
"1269#1","1269","KEEP_Q_DIRECTIVE","KEEP_Q_DIRECTIVE","FIGHT FIGHT FIGHT","FIGHT FIGHT FIGHT","FIGHT FIGHT FIGHT","FIGHT FIGHT FIGHT","","","Q_AUTHORED_CURRENT_POST","Q_BODY","KEEP","canonical post body, no embedded-source evidence"
"127#0","127","KEEP_Q_DIRECTIVE","KEEP_Q_DIRECTIVE","Let's pause and say hello to the rogue intelligence agencies currently monitoring these threads.","Let's pause and say hello to the rogue intelligence agencies currently monitoring these threads.","Let's pause and say hello to the rogue intelligence agencies currently monitoring these threads.","Let's pause and say hello to the rogue intelligence agencies currently monitoring these threads.","","","Q_AUTHORED_CURRENT_POST","Q_BODY","KEEP","canonical post body, no embedded-source evidence"
"1271#0","1271","KEEP_Q_DIRECTIVE","KEEP_Q_DIRECTIVE","Note 187.","Note 187.","Note 187.","Note 187.","","","Q_AUTHORED_CURRENT_POST","Q_BODY","KEEP","canonical post body, no embedded-source evidence"
"1273#0","1273","KEEP_Q_DIRECTIVE","KEEP_Q_DIRECTIVE","Connect.","Connect.","Connect.","Connect.","","","Q_AUTHORED_CURRENT_POST","Q_BODY","KEEP","canonical post body, no embedded-source evidence"
"1275#0","1275","KEEP_Q_DIRECTIVE","KEEP_Q_DIRECTIVE","No redactions.","No redactions.","No redactions.","No redactions.","","","Q_AUTHORED_CURRENT_POST","Q_BODY","KEEP","canonical post body, no embedded-source evidence"
"1276#0","1276","KEEP_Q_DIRECTIVE","KEEP_Q_DIRECTIVE","Follow the stars.","Follow the stars.","Follow the stars.","Follow the stars.","","","Q_AUTHORED_CURRENT_POST","Q_BODY","KEEP","canonical post body, no embedded-source evidence"
"1278#0","1278","KEEP_Q_DIRECTIVE","KEEP_Q_DIRECTIVE","Re_read.","Re_read.","Re_read.","Re_read.","","","Q_AUTHORED_CURRENT_POST","Q_BODY","KEEP","canonical post body, no embedded-source evidence"
"1278#1","1278","KEEP_Q_DIRECTIVE","KEEP_Q_DIRECTIVE","Reveal gmail draft comms.","Reveal gmail draft comms.","Reveal gmail draft comms.","Reveal gmail draft comms.","","","Q_AUTHORED_CURRENT_POST","Q_BODY","KEEP","canonical post body, no embedded-source evidence"
"1278#2","1278","KEEP_Q_DIRECTIVE","KEEP_Q_DIRECTIVE","Be heard.","Be heard.","Be heard.","Be heard.","","","Q_AUTHORED_CURRENT_POST","Q_BODY","KEEP","canonical post body, no embedded-source evidence"
"1279#0","1279","KEEP_Q_DIRECTIVE","KEEP_Q_DIRECTIVE","Think GOOG.","Think GOOG.","Think GOOG.","Think GOOG.","","","Q_AUTHORED_CURRENT_POST","Q_BODY","KEEP","canonical post body, no embedded-source evidence"
"1279#1","1279","KEEP_Q_DIRECTIVE","KEEP_Q_DIRECTIVE","Think ES departure.","Think ES departure.","Think ES departure.","Think ES departure.","","","Q_AUTHORED_CURRENT_POST","Q_BODY","KEEP","canonical post body, no embedded-source evidence"
"1279#2","1279","KEEP_Q_DIRECTIVE","KEEP_Q_DIRECTIVE","Think NK.","Think NK.","Think NK.","Think NK.","","","Q_AUTHORED_CURRENT_POST","Q_BODY","KEEP","canonical post body, no embedded-source evidence"
"1279#3","1279","KEEP_Q_DIRECTIVE","KEEP_Q_DIRECTIVE","Define Evergreen.","Define Evergreen.","Define Evergreen.","Define Evergreen.","","","Q_AUTHORED_CURRENT_POST","Q_BODY","KEEP","canonical post body, no embedded-source evidence"
"128#0","128","KEEP_Q_DIRECTIVE","KEEP_Q_DIRECTIVE","Learn to distinguish between relevant/non-relevant news.","Learn to distinguish between relevant/non-relevant news.","Learn to distinguish between relevant/non-relevant news.","Learn to distinguish between relevant/non-relevant news.","","","Q_AUTHORED_CURRENT_POST","Q_BODY","KEEP","canonical post body, no embedded-source evidence"
"128#1","128","KEEP_Q_DIRECTIVE","KEEP_Q_DIRECTIVE","Think mirror.","Think mirror.","Think mirror.","Think mirror.","","","Q_AUTHORED_CURRENT_POST","Q_BODY","KEEP","canonical post body, no embedded-source evidence"
"128#2","128","KEEP_Q_DIRECTIVE","KEEP_Q_DIRECTIVE","Look there, or [here], or there, truth is behind you.","Look there, or [here], or there, truth is behind you.","Look","Look","","","Q_AUTHORED_CURRENT_POST","Q_BODY","KEEP","""Look"" is a true imperative with a locative object. The trailing clause ""truth is behind you"" is the proposition the reader is being pointed at, not evidence the sentence is declarative. Sits between ""Think mirror."" and ""What is a map?"" — Q instructing the reader where to direct attention."
"128#3","128","KEEP_Q_DIRECTIVE","KEEP_Q_DIRECTIVE","Map provides picture.","Map provides picture.","Map provides picture.","Map provides picture.","","","Q_AUTHORED_CURRENT_POST","Q_BODY","KEEP","canonical post body, no embedded-source evidence"
"128#4","128","KEEP_Q_DIRECTIVE","KEEP_Q_DIRECTIVE","Think direction.","Think direction.","Think direction.","Think direction.","","","Q_AUTHORED_CURRENT_POST","Q_BODY","KEEP","canonical post body, no embedded-source evidence"
"128#5","128","KEEP_Q_DIRECTIVE","KEEP_Q_DIRECTIVE","Think full picture.","Think full picture.","Think full picture.","Think full picture.","","","Q_AUTHORED_CURRENT_POST","Q_BODY","KEEP","canonical post body, no embedded-source evidence"
"128#6","128","KEEP_Q_DIRECTIVE","KEEP_Q_DIRECTIVE","Attention on deck.","Attention on deck.","Attention on deck.","Attention on deck.","","","Q_AUTHORED_CURRENT_POST","Q_BODY","KEEP","canonical post body, no embedded-source evidence"
"128#7","128","KEEP_Q_DIRECTIVE","KEEP_Q_DIRECTIVE","Find the ke[y]stone.","Find the ke[y]stone.","Find the ke[y]stone.","Find the ke[y]stone.","","","Q_AUTHORED_CURRENT_POST","Q_BODY","KEEP","canonical post body, no embedded-source evidence"
"128#8","128","KEEP_Q_DIRECTIVE","KEEP_Q_DIRECTIVE","Be [p]repared.","Be [p]repared.","Be [p]repared.","Be [p]repared.","","","Q_AUTHORED_CURRENT_POST","Q_BODY","KEEP","canonical post body, no embedded-source evidence"
"1280#0","1280","KEEP_Q_DIRECTIVE","KEEP_Q_DIRECTIVE","Define testimony.","Define testimony.","Define testimony.","Define testimony.","","","Q_AUTHORED_CURRENT_POST","Q_BODY","KEEP","canonical post body, no embedded-source evidence"
"1280#1","1280","KEEP_Q_DIRECTIVE","KEEP_Q_DIRECTIVE","Define 'on record'.","Define ‘on record’.","Define ‘on record’.","Define ‘on record’.","","","Q_AUTHORED_CURRENT_POST","Q_BODY","KEEP","canonical post body, no embedded-source evidence"
"1280#2","1280","KEEP_Q_DIRECTIVE","KEEP_Q_DIRECTIVE","Expand your thinking.","Expand your thinking.","Expand your thinking.","Expand your thinking.","","","Q_AUTHORED_CURRENT_POST","Q_BODY","KEEP","canonical post body, no embedded-source evidence"
"1281#0","1281","KEEP_Q_DIRECTIVE","KEEP_Q_DIRECTIVE","Expand.","Expand.","Expand.","Expand.","","","Q_AUTHORED_CURRENT_POST","Q_BODY","KEEP","canonical post body, no embedded-source evidence"
"1282#0","1282","KEEP_Q_DIRECTIVE","KEEP_Q_DIRECTIVE","Expand.","Expand.","Expand.","Expand.","","","Q_AUTHORED_CURRENT_POST","Q_BODY","KEEP","canonical post body, no embedded-source evidence"
"1283#0","1283","KEEP_Q_DIRECTIVE","KEEP_Q_DIRECTIVE","Expand your thinking.","Expand your thinking.","Expand your thinking.","Expand your thinking.","","","Q_AUTHORED_CURRENT_POST","Q_BODY","KEEP","canonical post body, no embedded-source evidence"
"1284#0","1284","KEEP_Q_DIRECTIVE","KEEP_Q_DIRECTIVE","Re_read drops.","Re_read drops.","Re_read drops.","Re_read drops.","","","Q_AUTHORED_CURRENT_POST","Q_BODY","KEEP","canonical post body, no embedded-source evidence"
"1285#0","1285","KEEP_Q_DIRECTIVE","KEEP_Q_DIRECTIVE","Reconcile.","Reconcile.","Reconcile.","Reconcile.","","","Q_AUTHORED_CURRENT_POST","Q_BODY","KEEP","canonical post body, no embedded-source evidence"
"1286#0","1286","KEEP_Q_DIRECTIVE","KEEP_Q_DIRECTIVE","Reconcile.","Reconcile.","Reconcile.","Reconcile.","","","Q_AUTHORED_CURRENT_POST","Q_BODY","KEEP","canonical post body, no embedded-source evidence"
"1286#1","1286","KEEP_Q_DIRECTIVE","KEEP_Q_DIRECTIVE","ADD RUDY (quiet).","ADD RUDY (quiet).","ADD RUDY (quiet).","ADD RUDY (quiet).","","","Q_AUTHORED_CURRENT_POST","Q_BODY","KEEP","canonical post body, no embedded-source evidence"
"1287#0","1287","KEEP_Q_DIRECTIVE","KEEP_Q_DIRECTIVE","Think logically.","Think logically.","Think logically.","Think logically.","","","Q_AUTHORED_CURRENT_POST","Q_BODY","KEEP","canonical post body, no embedded-source evidence"
"1287#1","1287","KEEP_Q_DIRECTIVE","KEEP_Q_DIRECTIVE","Think resignations.","Think resignations.","Think resignations.","Think resignations.","","","Q_AUTHORED_CURRENT_POST","Q_BODY","KEEP","canonical post body, no embedded-source evidence"
"1287#2","1287","KEEP_Q_DIRECTIVE","KEEP_Q_DIRECTIVE","Question everything.","Question everything.","Question everything.","Question everything.","","","Q_AUTHORED_CURRENT_POST","Q_BODY","KEEP","canonical post body, no embedded-source evidence"
"1288#0","1288","KEEP_Q_DIRECTIVE","KEEP_Q_DIRECTIVE","Focus only on the FBI [for now].","Focus only on the FBI [for now].","Focus only on the FBI [for now].","Focus only on the FBI [for now].","","","Q_AUTHORED_CURRENT_POST","Q_BODY","KEEP","canonical post body, no embedded-source evidence"
"1288#1","1288","KEEP_Q_DIRECTIVE","KEEP_Q_DIRECTIVE","Think about the above.","Think about the above.","Think about the above.","Think about the above.","","","Q_AUTHORED_CURRENT_POST","Q_BODY","KEEP","canonical post body, no embedded-source evidence"
"1291#0","1291","KEEP_Q_DIRECTIVE","KEEP_Q_DIRECTIVE","See prev post re: FBI.","See prev post re: FBI.","See prev post re: FBI.","See prev post re: FBI.","","","Q_AUTHORED_CURRENT_POST","Q_BODY","KEEP","canonical post body, no embedded-source evidence"
"1291#1","1291","KEEP_Q_DIRECTIVE","KEEP_Q_DIRECTIVE","Trust the plan.","Trust the plan.","Trust the plan.","Trust the plan.","","","Q_AUTHORED_CURRENT_POST","Q_BODY","KEEP","canonical post body, no embedded-source evidence"
"1291#2","1291","KEEP_Q_DIRECTIVE","KEEP_Q_DIRECTIVE","Remove arrests.","Remove arrests.","Remove arrests.","Remove arrests.","","","Q_AUTHORED_CURRENT_POST","Q_BODY","KEEP","canonical post body, no embedded-source evidence"
"1291#3","1291","REMOVE_BLESSING_OR_VALEDICTION","REMOVE_BLESSING_OR_VALEDICTION","Godspeed, Patriot.","","Godspeed, Patriot.","Godspeed, Patriot.","","","Q_AUTHORED_CURRENT_POST","Q_BODY","REMOVE_FROM_DIRECTIVES","blessing or valediction, not a command"
"1291#4","1291","KEEP_Q_DIRECTIVE","KEEP_Q_DIRECTIVE","Step back.","Step back.","Step back.","Step back.","","","Q_AUTHORED_CURRENT_POST","Q_BODY","KEEP","canonical post body, no embedded-source evidence"
"1294#0","1294","REMOVE_BLESSING_OR_VALEDICTION","REMOVE_BLESSING_OR_VALEDICTION","Godspeed, Patriot(s).","","Godspeed, Patriot(s).","Godspeed, Patriot(s).","","","Q_AUTHORED_CURRENT_POST","Q_BODY","REMOVE_FROM_DIRECTIVES","blessing or valediction, not a command"
"1294#1","1294","KEEP_Q_DIRECTIVE","KEEP_Q_DIRECTIVE","Stay strong.","Stay strong.","Stay strong.","Stay strong.","","","Q_AUTHORED_CURRENT_POST","Q_BODY","KEEP","canonical post body, no embedded-source evidence"
"1294#2","1294","KEEP_Q_DIRECTIVE","KEEP_Q_DIRECTIVE","Stay united.","Stay united.","Stay united.","Stay united.","","","Q_AUTHORED_CURRENT_POST","Q_BODY","KEEP","canonical post body, no embedded-source evidence"
"1295#0","1295","KEEP_Q_DIRECTIVE","KEEP_Q_DIRECTIVE","Be careful who you are following.","Be careful who you are following.","Be careful who you are following.","Be careful who you are following.","","","Q_AUTHORED_CURRENT_POST","Q_BODY","KEEP","canonical post body, no embedded-source evidence"
"1295#1","1295","KEEP_Q_DIRECTIVE","KEEP_Q_DIRECTIVE","Think logically.","Think logically.","Think logically.","Think logically.","","","Q_AUTHORED_CURRENT_POST","Q_BODY","KEEP","canonical post body, no embedded-source evidence"
"1295#2","1295","REMOVE_BLESSING_OR_VALEDICTION","REMOVE_BLESSING_OR_VALEDICTION","God bless you all.","","God bless you all.","God bless you all.","","","Q_AUTHORED_CURRENT_POST","Q_BODY","REMOVE_FROM_DIRECTIVES","blessing or valediction, not a command"
"1295#3","1295","KEEP_Q_DIRECTIVE","KEEP_Q_DIRECTIVE","The only profit we should all be striving for is TRUE FREEDOM.","The only profit we should all be striving for is TRUE FREEDOM.","The only profit we should all be striving for is TRUE FREEDOM.","The only profit we should all be striving for is TRUE FREEDOM.","","","Q_AUTHORED_CURRENT_POST","Q_BODY","KEEP","canonical post body, no embedded-source evidence"
"1297#0","1297","KEEP_Q_DIRECTIVE","KEEP_Q_DIRECTIVE","They fight unconditionally because they hold a core value, a value that we should all live in FREEDOM.","They fight unconditionally because they hold a core value, a value that we should all live in FREEDOM.","They fight unconditionally because they hold a core value, a value that we should all live in FREEDOM.","They fight unconditionally because they hold a core value, a value that we should all live in FREEDOM.","","","Q_AUTHORED_CURRENT_POST","Q_BODY","KEEP","canonical post body, no embedded-source evidence"
"1297#1","1297","KEEP_Q_DIRECTIVE","KEEP_Q_DIRECTIVE","We must do better to protect them.","We must do better to protect them.","We must do better to protect them.","We must do better to protect them.","","","Q_AUTHORED_CURRENT_POST","Q_BODY","KEEP","canonical post body, no embedded-source evidence"
"1298#0","1298","KEEP_Q_DIRECTIVE","KEEP_Q_DIRECTIVE","Think recent Mueller drops.","Think recent Mueller drops.","Think recent Mueller drops.","Think recent Mueller drops.","","","Q_AUTHORED_CURRENT_POST","Q_BODY","KEEP","canonical post body, no embedded-source evidence"
"1298#1","1298","KEEP_Q_DIRECTIVE","KEEP_Q_DIRECTIVE","Think private comms.","Think private comms.","Think private comms.","Think private comms.","","","Q_AUTHORED_CURRENT_POST","Q_BODY","KEEP","canonical post body, no embedded-source evidence"
"1298#2","1298","KEEP_Q_DIRECTIVE","KEEP_Q_DIRECTIVE","Watch what happens.","Watch what happens.","Watch what happens.","Watch what happens.","","","Q_AUTHORED_CURRENT_POST","Q_BODY","KEEP","canonical post body, no embedded-source evidence"
"13#0","13","KEEP_Q_DIRECTIVE","KEEP_Q_DIRECTIVE","Now think about the timing of POTUS traveling to China/SK.","Now think about the timing of POTUS traveling to China/SK.","Now think about the timing of POTUS traveling to China/SK.","Now think about the timing of POTUS traveling to China/SK.","","","Q_AUTHORED_CURRENT_POST","Q_BODY","KEEP","canonical post body, no embedded-source evidence"
"13#1","13","REMOVE_BLESSING_OR_VALEDICTION","REMOVE_BLESSING_OR_VALEDICTION","God bless, Patriots.","","God bless, Patriots.","God bless, Patriots.","","","Q_AUTHORED_CURRENT_POST","Q_BODY","REMOVE_FROM_DIRECTIVES","blessing or valediction, not a command"
"1301#0","1301","KEEP_Q_DIRECTIVE","KEEP_Q_DIRECTIVE","Connect.","Connect.","Connect.","Connect.","","","Q_AUTHORED_CURRENT_POST","Q_BODY","KEEP","canonical post body, no embedded-source evidence"
"1306#0","1306","KEEP_Q_DIRECTIVE","KEEP_Q_DIRECTIVE","Define the terms of the Iran nuclear deal.","Define the terms of the Iran nuclear deal.","Define the terms of the Iran nuclear deal.","Define the terms of the Iran nuclear deal.","","","Q_AUTHORED_CURRENT_POST","Q_BODY","KEEP","canonical post body, no embedded-source evidence"
"1306#1","1306","KEEP_Q_DIRECTIVE","KEEP_Q_DIRECTIVE","Define cover.","Define cover.","Define cover.","Define cover.","","","Q_AUTHORED_CURRENT_POST","Q_BODY","KEEP","canonical post body, no embedded-source evidence"
"1306#2","1306","KEEP_Q_DIRECTIVE","KEEP_Q_DIRECTIVE","Define cover.","Define cover.","Define cover.","Define cover.","","","Q_AUTHORED_CURRENT_POST","Q_BODY","KEEP","canonical post body, no embedded-source evidence"
"1306#3","1306","KEEP_Q_DIRECTIVE","KEEP_Q_DIRECTIVE","Define cover.","Define cover.","Define cover.","Define cover.","","","Q_AUTHORED_CURRENT_POST","Q_BODY","KEEP","canonical post body, no embedded-source evidence"
"1307#0","1307","KEEP_Q_DIRECTIVE","KEEP_Q_DIRECTIVE","Think logically.","Think logically.","Think logically.","Think logically.","","","Q_AUTHORED_CURRENT_POST","Q_BODY","KEEP","canonical post body, no embedded-source evidence"
"131#0","131","KEEP_Q_DIRECTIVE","KEEP_Q_DIRECTIVE","Please stand by.","Please stand by.","Please stand by.","Please stand by.","","","Q_AUTHORED_CURRENT_POST","Q_BODY","KEEP","canonical post body, no embedded-source evidence"
"1316#0","1316","KEEP_Q_DIRECTIVE","KEEP_Q_DIRECTIVE","Cross against House/Senate resignations/final term announcements + CEO departures.","Cross against House/Senate resignations/final term announcements + CEO departures.","Cross against House/Senate resignations/final term announcements + CEO departures.","Cross against House/Senate resignations/final term announcements + CEO departures.","","","Q_AUTHORED_CURRENT_POST","Q_BODY","KEEP","canonical post body, no embedded-source evidence"
"1316#1","1316","KEEP_Q_DIRECTIVE","KEEP_Q_DIRECTIVE","TRUST THE PLAN.","TRUST THE PLAN.","TRUST THE PLAN.","TRUST THE PLAN.","","","Q_AUTHORED_CURRENT_POST","Q_BODY","KEEP","canonical post body, no embedded-source evidence"
"1317#0","1317","KEEP_Q_DIRECTIVE","KEEP_Q_DIRECTIVE","Re_read drops.","Re_read drops.","Re_read drops.","Re_read drops.","","","Q_AUTHORED_CURRENT_POST","Q_BODY","KEEP","canonical post body, no embedded-source evidence"
"1318#0","1318","KEEP_Q_DIRECTIVE","KEEP_Q_DIRECTIVE","Think LOGICALLY.","Think LOGICALLY.","Think LOGICALLY.","Think LOGICALLY. · Think logically.","","","Q_AUTHORED_CURRENT_POST","Q_BODY","KEEP","canonical post body, no embedded-source evidence"
"1318#1","1318","KEEP_Q_DIRECTIVE","KEEP_Q_DIRECTIVE","Re_read DOJ org change (open source - more in pipe)","Re_read DOJ org change (open source - more in pipe)","Re_read DOJ org change (open source - more in pipe)","Re_read DOJ org change (open source - more in pipe)","","","Q_AUTHORED_CURRENT_POST","Q_BODY","KEEP","canonical post body, no embedded-source evidence"
"1318#2","1318","KEEP_Q_DIRECTIVE","KEEP_Q_DIRECTIVE","Re_read FBI org change (open source - more in pipe)","Re_read FBI org change (open source - more in pipe)","Re_read FBI org change (open source - more in pipe)","Re_read FBI org change (open source - more in pipe)","","","Q_AUTHORED_CURRENT_POST","Q_BODY","KEEP","canonical post body, no embedded-source evidence"
"1318#3","1318","KEEP_Q_DIRECTIVE","KEEP_Q_DIRECTIVE","Use LOGIC.","Use LOGIC.","Use LOGIC.","Use LOGIC.","","","Q_AUTHORED_CURRENT_POST","Q_BODY","KEEP","canonical post body, no embedded-source evidence"
"1318#4","1318","KEEP_Q_DIRECTIVE","KEEP_Q_DIRECTIVE","Use LOGIC.","Use LOGIC.","Use LOGIC.","Use LOGIC.","","","Q_AUTHORED_CURRENT_POST","Q_BODY","KEEP","canonical post body, no embedded-source evidence"
"1318#5","1318","KEEP_Q_DIRECTIVE","KEEP_Q_DIRECTIVE","Use LOGIC.","Use LOGIC.","Use LOGIC.","Use LOGIC.","","","Q_AUTHORED_CURRENT_POST","Q_BODY","KEEP","canonical post body, no embedded-source evidence"
"1318#6","1318","KEEP_Q_DIRECTIVE","KEEP_Q_DIRECTIVE","Define single shooter.","Define single shooter.","Define single shooter.","Define single shooter.","","","Q_AUTHORED_CURRENT_POST","Q_BODY","KEEP","canonical post body, no embedded-source evidence"
"1318#7","1318","KEEP_Q_DIRECTIVE","KEEP_Q_DIRECTIVE","Define IG.","Define IG.","Define IG.","Define IG.","","","Q_AUTHORED_CURRENT_POST","Q_BODY","KEEP","canonical post body, no embedded-source evidence"
"1318#8","1318","KEEP_Q_DIRECTIVE","KEEP_Q_DIRECTIVE","Think logically.","Think logically.","Think logically.","Think LOGICALLY. · Think logically.","","","Q_AUTHORED_CURRENT_POST","Q_BODY","KEEP","canonical post body, no embedded-source evidence"
"1318#9","1318","KEEP_Q_DIRECTIVE","KEEP_Q_DIRECTIVE","No outside comms.","No outside comms.","No outside comms.","No outside comms.","","","Q_AUTHORED_CURRENT_POST","Q_BODY","KEEP","canonical post body, no embedded-source evidence"
"1319#0","1319","KEEP_Q_DIRECTIVE","KEEP_Q_DIRECTIVE","Review Time.","Review Time.","Review Time.","Review Time.","","","Q_AUTHORED_CURRENT_POST","Q_BODY","KEEP","canonical post body, no embedded-source evidence"
"1319#1","1319","KEEP_Q_DIRECTIVE","KEEP_Q_DIRECTIVE","Define roadblock.","Define roadblock.","Define roadblock.","Define roadblock.","","","Q_AUTHORED_CURRENT_POST","Q_BODY","KEEP","canonical post body, no embedded-source evidence"
"1319#2","1319","KEEP_Q_DIRECTIVE","KEEP_Q_DIRECTIVE","Do not fall victim to MSM/other fake/false narrative pushes.","Do not fall victim to MSM/other fake/false narrative pushes.","Do not fall victim to MSM/other fake/false narrative pushes.","Do not fall victim to MSM/other fake/false narrative pushes.","","","Q_AUTHORED_CURRENT_POST","Q_BODY","KEEP","canonical post body, no embedded-source evidence"
"1319#3","1319","KEEP_Q_DIRECTIVE","KEEP_Q_DIRECTIVE","STAY THE COURSE.","STAY THE COURSE.","STAY THE COURSE.","STAY THE COURSE.","","","Q_AUTHORED_CURRENT_POST","Q_BODY","KEEP","canonical post body, no embedded-source evidence"
"132#0","132","KEEP_Q_DIRECTIVE","KEEP_Q_DIRECTIVE","Correct.","Correct.","Correct.","Correct.","","","Q_AUTHORED_CURRENT_POST","Q_BODY","KEEP","canonical post body, no embedded-source evidence"
"1320#0","1320","KEEP_Q_DIRECTIVE","KEEP_Q_DIRECTIVE","Ask yourself, why are they panicking?","Ask yourself, why are they panicking?","Ask yourself, why are they panicking?","Ask yourself, why are they panicking?","","","Q_AUTHORED_CURRENT_POST","Q_BODY","KEEP","canonical post body, no embedded-source evidence"
"1320#1","1320","KEEP_Q_DIRECTIVE","KEEP_Q_DIRECTIVE","Ask yourself, why is UK, France, and Germany so involved?","Ask yourself, why is UK, France, and Germany so involved?","Ask yourself, why is UK, France, and Germany so involved?","Ask yourself, why is UK, France, and Germany so involved?","","","Q_AUTHORED_CURRENT_POST","Q_BODY","KEEP","canonical post body, no embedded-source evidence"
"1328#0","1328","KEEP_Q_DIRECTIVE","KEEP_Q_DIRECTIVE","Do not fall victim to con artists.","Do not fall victim to con artists.","Do not fall victim to con artists.","Do not fall victim to con artists.","","","Q_AUTHORED_CURRENT_POST","Q_BODY","KEEP","canonical post body, no embedded-source evidence"
"1328#1","1328","KEEP_Q_DIRECTIVE","KEEP_Q_DIRECTIVE","Use LOGIC.","Use LOGIC.","Use LOGIC.","Use LOGIC.","","","Q_AUTHORED_CURRENT_POST","Q_BODY","KEEP","canonical post body, no embedded-source evidence"
"1328#2","1328","KEEP_Q_DIRECTIVE","KEEP_Q_DIRECTIVE","Stay on point.","Stay on point.","Stay on point.","Stay on point.","","","Q_AUTHORED_CURRENT_POST","Q_BODY","KEEP","canonical post body, no embedded-source evidence"
"133#0","133","KEEP_Q_DIRECTIVE","KEEP_Q_DIRECTIVE","Focus on above (3).","Focus on above (3).","Focus on above (3).","Focus on above (3).","","","Q_AUTHORED_CURRENT_POST","Q_BODY","KEEP","canonical post body, no embedded-source evidence"
"133#1","133","KEEP_Q_DIRECTIVE","KEEP_Q_DIRECTIVE","Think slush funds (feeder).","Think slush funds (feeder).","Think slush funds (feeder).","Think slush funds (feeder).","","","Q_AUTHORED_CURRENT_POST","Q_BODY","KEEP","canonical post body, no embedded-source evidence"
"133#2","133","KEEP_Q_DIRECTIVE","KEEP_Q_DIRECTIVE","Think war (feeder).","Think war (feeder).","Think war (feeder).","Think war (feeder).","","","Q_AUTHORED_CURRENT_POST","Q_BODY","KEEP","canonical post body, no embedded-source evidence"
"133#3","133","KEEP_Q_DIRECTIVE","KEEP_Q_DIRECTIVE","Think environmental pacts (feeder).","Think environmental pacts (feeder).","Think environmental pacts (feeder).","Think environmental pacts (feeder).","","","Q_AUTHORED_CURRENT_POST","Q_BODY","KEEP","canonical post body, no embedded-source evidence"
"133#4","133","KEEP_Q_DIRECTIVE","KEEP_Q_DIRECTIVE","Follow the bloodlines.","Follow the bloodlines.","Follow the bloodlines.","Follow the bloodlines.","","","Q_AUTHORED_CURRENT_POST","Q_BODY","KEEP","canonical post body, no embedded-source evidence"
"1332#0","1332","KEEP_Q_DIRECTIVE","KEEP_Q_DIRECTIVE","Stay the course and trust the plan.","Stay the course and trust the plan.","Stay the course and trust the plan.","Stay the course and trust the plan.","","","Q_AUTHORED_CURRENT_POST","Q_BODY","KEEP","canonical post body, no embedded-source evidence"
"1332#1","1332","KEEP_Q_DIRECTIVE","KEEP_Q_DIRECTIVE","Remain BRAVE.","Remain BRAVE.","Remain BRAVE.","Remain BRAVE.","","","Q_AUTHORED_CURRENT_POST","Q_BODY","KEEP","canonical post body, no embedded-source evidence"
"1334#0","1334","KEEP_Q_DIRECTIVE","KEEP_Q_DIRECTIVE","Rank & File.","Rank & File.","Rank & File.","Rank & File.","","","Q_AUTHORED_CURRENT_POST","Q_BODY","KEEP","canonical post body, no embedded-source evidence"
"1335#0","1335","KEEP_Q_DIRECTIVE","KEEP_Q_DIRECTIVE","Note the pictures we post are ALL originals.","Note the pictures we post are ALL originals.","Note","Note","","","Q_AUTHORED_CURRENT_POST","Q_BODY","KEEP","""Note"" is an imperative taking a that-clause complement with ""that"" elided. Q is instructing the reader to register a fact. Followed by ""Think about what that means."", a second directive on the same fact."
"1335#1","1335","KEEP_Q_DIRECTIVE","KEEP_Q_DIRECTIVE","Think about what that means.","Think about what that means.","Think about what that means.","Think about what that means.","","","Q_AUTHORED_CURRENT_POST","Q_BODY","KEEP","canonical post body, no embedded-source evidence"
"1336#0","1336","KEEP_Q_DIRECTIVE","KEEP_Q_DIRECTIVE","Post Election Loss.","Post Election Loss.","Post Election Loss.","Post Election Loss.","","","Q_AUTHORED_CURRENT_POST","Q_BODY","KEEP","canonical post body, no embedded-source evidence"
"1336#1","1336","KEEP_Q_DIRECTIVE","KEEP_Q_DIRECTIVE","Read below slow and carefully.","Read below slow and carefully.","Read below slow and carefully.","Read below slow and carefully.","","","Q_AUTHORED_CURRENT_POST","Q_BODY","KEEP","canonical post body, no embedded-source evidence"
"1336#2","1336","KEEP_Q_DIRECTIVE","KEEP_Q_DIRECTIVE","Read above slow and carefully.","Read above slow and carefully.","Read above slow and carefully.","Read above slow and carefully.","","","Q_AUTHORED_CURRENT_POST","Q_BODY","KEEP","canonical post body, no embedded-source evidence"
"1339#0","1339","KEEP_Q_DIRECTIVE","KEEP_Q_DIRECTIVE","Expand your thinking.","Expand your thinking.","Expand your thinking.","Expand your thinking.","","","Q_AUTHORED_CURRENT_POST","Q_BODY","KEEP","canonical post body, no embedded-source evidence"
"1339#1","1339","KEEP_Q_DIRECTIVE","KEEP_Q_DIRECTIVE","Use logic.","Use logic.","Use logic.","Use logic.","","","Q_AUTHORED_CURRENT_POST","Q_BODY","KEEP","canonical post body, no embedded-source evidence"
"1339#2","1339","KEEP_Q_DIRECTIVE","KEEP_Q_DIRECTIVE","Think for yourself.","Think for yourself.","Think for yourself.","Think for yourself.","","","Q_AUTHORED_CURRENT_POST","Q_BODY","KEEP","canonical post body, no embedded-source evidence"
"1339#3","1339","KEEP_Q_DIRECTIVE","KEEP_Q_DIRECTIVE","Define Media.","Define Media.","Define Media.","Define Media.","","","Q_AUTHORED_CURRENT_POST","Q_BODY","KEEP","canonical post body, no embedded-source evidence"
"1339#4","1339","KEEP_Q_DIRECTIVE","KEEP_Q_DIRECTIVE","Be careful who you follow.","Be careful who you follow.","Be careful who you follow.","Be careful who you follow.","","","Q_AUTHORED_CURRENT_POST","Q_BODY","KEEP","canonical post body, no embedded-source evidence"
"1339#5","1339","KEEP_Q_DIRECTIVE","KEEP_Q_DIRECTIVE","Define 'Patriot'.","Define 'Patriot'.","Define 'Patriot'.","Define 'Patriot'.","","","Q_AUTHORED_CURRENT_POST","Q_BODY","KEEP","canonical post body, no embedded-source evidence"
"1339#6","1339","KEEP_Q_DIRECTIVE","KEEP_Q_DIRECTIVE","Control the information (THEY).","Control the information (THEY).","Control the information (THEY).","Control the information (THEY).","","","Q_AUTHORED_CURRENT_POST","Q_BODY","KEEP","canonical post body, no embedded-source evidence"
"134#0","134","KEEP_Q_DIRECTIVE","KEEP_Q_DIRECTIVE","List names, family history, investment/ownership stakes, and point-to-point contacts.","List names, family history, investment/ownership stakes, and point-to-point contacts.","List names, family history, investment/ownership stakes, and point-to-point contacts.","List names, family history, investment/ownership stakes, and point-to-point contacts.","","","Q_AUTHORED_CURRENT_POST","Q_BODY","KEEP","canonical post body, no embedded-source evidence"
"134#1","134","KEEP_Q_DIRECTIVE","KEEP_Q_DIRECTIVE","Follow the money.","Follow the money.","Follow the money.","Follow the money.","","","Q_AUTHORED_CURRENT_POST","Q_BODY","KEEP","canonical post body, no embedded-source evidence"
"1341#0","1341","KEEP_Q_DIRECTIVE","KEEP_Q_DIRECTIVE","Time to move on.","Time to move on.","Time to move on.","Time to move on.","","","Q_AUTHORED_CURRENT_POST","Q_BODY","KEEP","canonical post body, no embedded-source evidence"
"1343#0","1343","KEEP_Q_DIRECTIVE","KEEP_Q_DIRECTIVE","Stay the course.","Stay the course.","Stay the course.","Stay the course.","","","Q_AUTHORED_CURRENT_POST","Q_BODY","KEEP","canonical post body, no embedded-source evidence"
"1345#0","1345","KEEP_Q_DIRECTIVE","KEEP_Q_DIRECTIVE","Re_read crumbs re: Iran.","Re_read crumbs re: Iran.","Re_read crumbs re: Iran.","Re_read crumbs re: Iran.","","","Q_AUTHORED_CURRENT_POST","Q_BODY","KEEP","canonical post body, no embedded-source evidence"
"1345#1","1345","KEEP_Q_DIRECTIVE","KEEP_Q_DIRECTIVE","Define bribe.","Define bribe.","Define bribe.","Define bribe.","","","Q_AUTHORED_CURRENT_POST","Q_BODY","KEEP","canonical post body, no embedded-source evidence"
"1345#2","1345","KEEP_Q_DIRECTIVE","KEEP_Q_DIRECTIVE","Define kickback.","Define kickback.","Define kickback.","Define kickback.","","","Q_AUTHORED_CURRENT_POST","Q_BODY","KEEP","canonical post body, no embedded-source evidence"
"1345#3","1345","KEEP_Q_DIRECTIVE","KEEP_Q_DIRECTIVE","Cross check Co's against political + foundation payments.","Cross check Co’s against political + foundation payments.","Cross check Co’s against political + foundation payments.","Cross check Co’s against political + foundation payments.","","","Q_AUTHORED_CURRENT_POST","Q_BODY","KEEP","canonical post body, no embedded-source evidence"
"1345#4","1345","KEEP_Q_DIRECTIVE","KEEP_Q_DIRECTIVE","Define bribe.","Define bribe.","Define bribe.","Define bribe.","","","Q_AUTHORED_CURRENT_POST","Q_BODY","KEEP","canonical post body, no embedded-source evidence"
"1345#5","1345","KEEP_Q_DIRECTIVE","KEEP_Q_DIRECTIVE","Define kickback.","Define kickback.","Define kickback.","Define kickback.","","","Q_AUTHORED_CURRENT_POST","Q_BODY","KEEP","canonical post body, no embedded-source evidence"
"1346#0","1346","KEEP_Q_DIRECTIVE","KEEP_Q_DIRECTIVE","Digest.","Digest.","Digest.","Digest.","","","Q_AUTHORED_CURRENT_POST","Q_BODY","KEEP","canonical post body, no embedded-source evidence"
"1346#1","1346","KEEP_Q_DIRECTIVE","KEEP_Q_DIRECTIVE","Cross check against Co's in Iran post deal.","Cross check against Co’s in Iran post deal.","Cross check against Co’s in Iran post deal.","Cross check against Co’s in Iran post deal.","","","Q_AUTHORED_CURRENT_POST","Q_BODY","KEEP","canonical post body, no embedded-source evidence"
"1347#0","1347","KEEP_Q_DIRECTIVE","KEEP_Q_DIRECTIVE","Eyes on.","Eyes on.","Eyes on.","Eyes on.","","","Q_AUTHORED_CURRENT_POST","Q_BODY","KEEP","canonical post body, no embedded-source evidence"
"1349#0","1349","REMOVE_BLESSING_OR_VALEDICTION","REMOVE_BLESSING_OR_VALEDICTION","Godspeed, Patriot.","","Godspeed, Patriot.","Godspeed, Patriot.","","","Q_AUTHORED_CURRENT_POST","Q_BODY","REMOVE_FROM_DIRECTIVES","blessing or valediction, not a command"
"1350#0","1350","REMOVE_BLESSING_OR_VALEDICTION","REMOVE_BLESSING_OR_VALEDICTION","God bless our brave fighting men & women.","","God bless our brave fighting men & women.","God bless our brave fighting men & women.","","","Q_AUTHORED_CURRENT_POST","Q_BODY","REMOVE_FROM_DIRECTIVES","blessing or valediction, not a command"
"1351#0","1351","KEEP_Q_DIRECTIVE","KEEP_Q_DIRECTIVE","Define indictment.","Define indictment.","Define indictment.","Define indictment.","","","Q_AUTHORED_CURRENT_POST","Q_BODY","KEEP","canonical post body, no embedded-source evidence"
"1351#1","1351","KEEP_Q_DIRECTIVE","KEEP_Q_DIRECTIVE","Re_read crumbs re: DOJ / FBI re: IG / Huber","Re_read crumbs re: DOJ / FBI re: IG / Huber","Re_read crumbs re: DOJ / FBI re: IG / Huber","Re_read crumbs re: DOJ / FBI re: IG / Huber","","","Q_AUTHORED_CURRENT_POST","Q_BODY","KEEP","canonical post body, no embedded-source evidence"
"1355#0","1355","KEEP_Q_DIRECTIVE","KEEP_Q_DIRECTIVE","Watch what happens [-30].","Watch what happens [-30].","Watch what happens [-30].","Watch what happens [-30].","","","Q_AUTHORED_CURRENT_POST","Q_BODY","KEEP","canonical post body, no embedded-source evidence"
"1357#0","1357","KEEP_Q_DIRECTIVE","KEEP_Q_DIRECTIVE","Post midterms.","Post midterms.","Post midterms.","Post midterms.","","","Q_AUTHORED_CURRENT_POST","Q_BODY","KEEP","canonical post body, no embedded-source evidence"
"1358#0","1358","KEEP_Q_DIRECTIVE","KEEP_Q_DIRECTIVE","Do not glorify us.","Do not glorify us.","Do not glorify us.","Do not glorify us.","","","Q_AUTHORED_CURRENT_POST","Q_BODY","KEEP","canonical post body, no embedded-source evidence"
"1358#1","1358","KEEP_Q_DIRECTIVE","KEEP_Q_DIRECTIVE","Stay united.","Stay united.","Stay united.","Stay united.","","","Q_AUTHORED_CURRENT_POST","Q_BODY","KEEP","canonical post body, no embedded-source evidence"
"1358#2","1358","KEEP_Q_DIRECTIVE","KEEP_Q_DIRECTIVE","Stay together.","Stay together.","Stay together.","Stay together.","","","Q_AUTHORED_CURRENT_POST","Q_BODY","KEEP","canonical post body, no embedded-source evidence"
"1358#3","1358","KEEP_Q_DIRECTIVE","KEEP_Q_DIRECTIVE","Stay strong.","Stay strong.","Stay strong.","Stay strong.","","","Q_AUTHORED_CURRENT_POST","Q_BODY","KEEP","canonical post body, no embedded-source evidence"
"1358#4","1358","KEEP_Q_DIRECTIVE","KEEP_Q_DIRECTIVE","Trust in yourself.","Trust in yourself.","Trust in yourself.","Trust in yourself.","","","Q_AUTHORED_CURRENT_POST","Q_BODY","KEEP","canonical post body, no embedded-source evidence"
"1358#5","1358","REMOVE_BLESSING_OR_VALEDICTION","REMOVE_BLESSING_OR_VALEDICTION","God bless you all.","","God bless you all.","God bless you all.","","","Q_AUTHORED_CURRENT_POST","Q_BODY","REMOVE_FROM_DIRECTIVES","blessing or valediction, not a command"
"1358#6","1358","KEEP_Q_DIRECTIVE","KEEP_Q_DIRECTIVE","Trust must be earned.","Trust must be earned.","Trust must be earned.","Trust must be earned.","","","Q_AUTHORED_CURRENT_POST","Q_BODY","KEEP","canonical post body, no embedded-source evidence"
"1358#7","1358","KEEP_Q_DIRECTIVE","REMOVE_CLAIM_NOT_DIRECTIVE","Trust is not blind, nor is truth.","","Trust is not blind, nor is truth.","Trust is not blind, nor is truth.","","","Q_AUTHORED_CURRENT_POST","Q_BODY","REMOVE_FROM_DIRECTIVES","""Trust"" is the subject noun of ""is not blind"". The preceding line ""Trust must be earned."" uses the same noun in the same way — Q is defining what trust is, not issuing a command. Contrast #937 ""Trust there are more good than bad."", where Trust is the verb."
"1359#0","1359","REMOVE_QUOTED_OR_THIRD_PARTY","REMOVE_QUOTED_OR_THIRD_PARTY","Trade between Germany and Iran reached 3.4 billion euros ($4 billion) last year, according to BGA, another foreign trade association.""","","Trade between Germany and Iran reached 3.4 billion euros ($4 billion) last year, according to BGA, another foreign trade association.”","Trade between Germany and Iran reached 3.4 billion euros ($4 billion) last year, according to BGA, another foreign trade association.”","","","QUOTED_OR_EMBEDDED","QUOTED_THIRD_PARTY","REMOVE_FROM_DIRECTIVES","Not Q's sentence at all. The whole of line 0 is one pasted news paragraph, opening on a left quotation mark and closing on a right one, and this is its final sentence — the closing quote mark is still attached to the stored phrase. Removed on provenance, which is the stronger fact; ""Trade"" being a noun in a factual assertion is a second, independent reason. This record is what exposed the single-line self-contained quotation gap in sourceSpansV2."
"1361#0","1361","KEEP_Q_DIRECTIVE","KEEP_Q_DIRECTIVE","Ask yourself, WHY?","Ask yourself, WHY?","Ask yourself, WHY?","Ask yourself, WHY?","","","Q_AUTHORED_CURRENT_POST","Q_BODY","KEEP","canonical post body, no embedded-source evidence"
"1364#0","1364","KEEP_Q_DIRECTIVE","KEEP_Q_DIRECTIVE","Re_read drops re: Who knows where….","Re_read drops re: Who knows where….","Re_read drops re: Who knows where….","Re_read drops re: Who knows where….","","","Q_AUTHORED_CURRENT_POST","Q_BODY","KEEP","canonical post body, no embedded-source evidence"
"1368#0","1368","KEEP_Q_DIRECTIVE","KEEP_Q_DIRECTIVE","Watch NYC.","Watch NYC.","Watch NYC.","Watch NYC.","","","Q_AUTHORED_CURRENT_POST","Q_BODY","KEEP","canonical post body, no embedded-source evidence"
"1368#1","1368","KEEP_Q_DIRECTIVE","KEEP_Q_DIRECTIVE","Watch CA.","Watch CA.","Watch CA.","Watch CA.","","","Q_AUTHORED_CURRENT_POST","Q_BODY","KEEP","canonical post body, no embedded-source evidence"
"1370#0","1370","KEEP_Q_DIRECTIVE","KEEP_Q_DIRECTIVE","Define ""On the Record.""","Define “On the Record.”","Define “On the Record.”","Define “On the Record.”","","","Q_AUTHORED_CURRENT_POST","Q_BODY","KEEP","canonical post body, no embedded-source evidence"
"1370#1","1370","KEEP_Q_DIRECTIVE","KEEP_Q_DIRECTIVE","ENJOY THE SHOW.","ENJOY THE SHOW.","ENJOY THE SHOW.","ENJOY THE SHOW.","","","Q_AUTHORED_CURRENT_POST","Q_BODY","KEEP","canonical post body, no embedded-source evidence"
"1371#0","1371","KEEP_Q_DIRECTIVE","KEEP_Q_DIRECTIVE","Find the [2] NYPD detectives [187] mid 2017.","Find the [2] NYPD detectives [187] mid 2017.","Find the [2] NYPD detectives [187] mid 2017.","Find the [2] NYPD detectives [187] mid 2017.","","","Q_AUTHORED_CURRENT_POST","Q_BODY","KEEP","canonical post body, no embedded-source evidence"
"1375#0","1375","KEEP_Q_DIRECTIVE","KEEP_Q_DIRECTIVE","Be proud.","Be proud.","Be proud.","Be proud.","","","Q_AUTHORED_CURRENT_POST","Q_BODY","KEEP","canonical post body, no embedded-source evidence"
"1376#0","1376","REMOVE_BLESSING_OR_VALEDICTION","REMOVE_BLESSING_OR_VALEDICTION","Godspeed, Patriot.","","Godspeed, Patriot.","Godspeed, Patriot.","","","Q_AUTHORED_CURRENT_POST","Q_BODY","REMOVE_FROM_DIRECTIVES","blessing or valediction, not a command"
"1377#0","1377","KEEP_Q_DIRECTIVE","KEEP_Q_DIRECTIVE","Reconcile.","Reconcile.","Reconcile.","Reconcile.","","","Q_AUTHORED_CURRENT_POST","Q_BODY","KEEP","canonical post body, no embedded-source evidence"
"1378#0","1378","KEEP_Q_DIRECTIVE","KEEP_Q_DIRECTIVE","Start a Storm.","Start a Storm.","Start a Storm.","Start a Storm.","","","Q_AUTHORED_CURRENT_POST","Q_BODY","KEEP","canonical post body, no embedded-source evidence"
"1380#0","1380","KEEP_Q_DIRECTIVE","KEEP_Q_DIRECTIVE","Reconcile.","Reconcile.","Reconcile.","Reconcile.","","","Q_AUTHORED_CURRENT_POST","Q_BODY","KEEP","canonical post body, no embedded-source evidence"
"1380#1","1380","KEEP_Q_DIRECTIVE","KEEP_Q_DIRECTIVE","Focus.","Focus.","Focus.","Focus.","","","Q_AUTHORED_CURRENT_POST","Q_BODY","KEEP","canonical post body, no embedded-source evidence"
"1381#0","1381","KEEP_Q_DIRECTIVE","KEEP_Q_DIRECTIVE","Follow the pen.","Follow the pen.","Follow the pen.","Follow the pen.","","","Q_AUTHORED_CURRENT_POST","Q_BODY","KEEP","canonical post body, no embedded-source evidence"
"1389#0","1389","KEEP_Q_DIRECTIVE","KEEP_Q_DIRECTIVE","Do what is right.","Do what is right.","Do what is right.","Do what is right.","","","Q_AUTHORED_CURRENT_POST","Q_BODY","KEEP","canonical post body, no embedded-source evidence"
"139#0","139","KEEP_Q_DIRECTIVE","KEEP_Q_DIRECTIVE","Re-read crumbs.","Re-read crumbs.","Re-read crumbs.","Re-read crumbs.","","","Q_AUTHORED_CURRENT_POST","Q_BODY","KEEP","canonical post body, no embedded-source evidence"
"1394#0","1394","KEEP_Q_DIRECTIVE","KEEP_Q_DIRECTIVE","Think Pickle Factory.","Think Pickle Factory.","Think Pickle Factory.","Think Pickle Factory.","","","Q_AUTHORED_CURRENT_POST","Q_BODY","KEEP","canonical post body, no embedded-source evidence"
"140#0","140","KEEP_Q_DIRECTIVE","KEEP_Q_DIRECTIVE","Return to SA.","Return to SA.","Return to SA.","Return to SA.","","","Q_AUTHORED_CURRENT_POST","Q_BODY","KEEP","canonical post body, no embedded-source evidence"
"140#1","140","KEEP_Q_DIRECTIVE","KEEP_Q_DIRECTIVE","Refer back to graphic.","Refer back to graphic.","Refer back to graphic.","Refer back to graphic.","","","Q_AUTHORED_CURRENT_POST","Q_BODY","KEEP","canonical post body, no embedded-source evidence"
"1400#0","1400","KEEP_Q_DIRECTIVE","KEEP_Q_DIRECTIVE","Stay vigilant.","Stay vigilant.","Stay vigilant.","Stay vigilant.","","","Q_AUTHORED_CURRENT_POST","Q_BODY","KEEP","canonical post body, no embedded-source evidence"
"1401#0","1401","REMOVE_BLESSING_OR_VALEDICTION","REMOVE_BLESSING_OR_VALEDICTION","God Bless the United States of America.","","God Bless the United States of America.","God Bless the United States of America.","","","Q_AUTHORED_CURRENT_POST","Q_BODY","REMOVE_FROM_DIRECTIVES","blessing or valediction, not a command"
"1402#0","1402","KEEP_Q_DIRECTIVE","KEEP_Q_DIRECTIVE","Think logically.","Think logically.","Think logically.","Think logically.","","","Q_AUTHORED_CURRENT_POST","Q_BODY","KEEP","canonical post body, no embedded-source evidence"
"1402#1","1402","KEEP_Q_DIRECTIVE","KEEP_Q_DIRECTIVE","Think DOJ & FBI.","Think DOJ & FBI.","Think DOJ & FBI.","Think DOJ & FBI.","","","Q_AUTHORED_CURRENT_POST","Q_BODY","KEEP","canonical post body, no embedded-source evidence"
"1402#2","1402","KEEP_Q_DIRECTIVE","KEEP_Q_DIRECTIVE","Think cleaning.","Think cleaning.","Think cleaning.","Think cleaning.","","","Q_AUTHORED_CURRENT_POST","Q_BODY","KEEP","canonical post body, no embedded-source evidence"
"1407#0","1407","KEEP_Q_DIRECTIVE","KEEP_Q_DIRECTIVE","Note the jackets.","Note the jackets.","Note the jackets.","Note the jackets.","","","Q_AUTHORED_CURRENT_POST","Q_BODY","KEEP","canonical post body, no embedded-source evidence"
"141#0","141","KEEP_Q_DIRECTIVE","KEEP_Q_DIRECTIVE","Archive and coordinate.","Archive and coordinate.","Archive and coordinate.","Archive and coordinate.","","","Q_AUTHORED_CURRENT_POST","Q_BODY","KEEP","canonical post body, no embedded-source evidence"
"141#1","141","REMOVE_BLESSING_OR_VALEDICTION","REMOVE_BLESSING_OR_VALEDICTION","God bless you all.","","God bless you all.","God bless you all.","","","Q_AUTHORED_CURRENT_POST","Q_BODY","REMOVE_FROM_DIRECTIVES","blessing or valediction, not a command"
"1414#0","1414","KEEP_Q_DIRECTIVE","KEEP_Q_DIRECTIVE","END.","END.","END.","END.","","","Q_AUTHORED_CURRENT_POST","Q_BODY","KEEP","canonical post body, no embedded-source evidence"
"1415#0","1415","KEEP_Q_DIRECTIVE","KEEP_Q_DIRECTIVE","Follow the pen.","Follow the pen.","Follow the pen.","Follow the pen.","","","Q_AUTHORED_CURRENT_POST","Q_BODY","KEEP","canonical post body, no embedded-source evidence"
"142#0","142","KEEP_Q_DIRECTIVE","KEEP_Q_DIRECTIVE","Trace the bloodlines of these (3) families.","Trace the bloodlines of these (3) families.","Trace the bloodlines of these (3) families.","Trace the bloodlines of these (3) families.","","","Q_AUTHORED_CURRENT_POST","Q_BODY","KEEP","canonical post body, no embedded-source evidence"
"142#1","142","KEEP_Q_DIRECTIVE","KEEP_Q_DIRECTIVE","Follow the bloodline.","Follow the bloodline.","Follow the bloodline.","Follow the bloodline.","","","Q_AUTHORED_CURRENT_POST","Q_BODY","KEEP","canonical post body, no embedded-source evidence"
"1423#0","1423","KEEP_Q_DIRECTIVE","KEEP_Q_DIRECTIVE","Note the time.","Note the time.","Note the time.","Note the time.","","","Q_AUTHORED_CURRENT_POST","Q_BODY","KEEP","canonical post body, no embedded-source evidence"
"1423#1","1423","KEEP_Q_DIRECTIVE","KEEP_Q_DIRECTIVE","Note the vehicles on the road.","Note the vehicles on the road.","Note the vehicles on the road.","Note the vehicles on the road.","","","Q_AUTHORED_CURRENT_POST","Q_BODY","KEEP","canonical post body, no embedded-source evidence"
"1423#2","1423","KEEP_Q_DIRECTIVE","KEEP_Q_DIRECTIVE","Compare against 2.16.18.","Compare against 2.16.18.","Compare against 2.16.18.","Compare against 2.16.18.","","","Q_AUTHORED_CURRENT_POST","Q_BODY","KEEP","canonical post body, no embedded-source evidence"
"1424#0","1424","KEEP_Q_DIRECTIVE","KEEP_Q_DIRECTIVE","Follow the PEN.","Follow the PEN.","Follow the PEN.","Follow the PEN.","","","Q_AUTHORED_CURRENT_POST","Q_BODY","KEEP","canonical post body, no embedded-source evidence"
"1424#1","1424","KEEP_Q_DIRECTIVE","KEEP_Q_DIRECTIVE","Think timing.","Think timing.","Think timing.","Think timing.","","","Q_AUTHORED_CURRENT_POST","Q_BODY","KEEP","canonical post body, no embedded-source evidence"
"1425#0","1425","KEEP_Q_DIRECTIVE","KEEP_Q_DIRECTIVE","Be prepared.","Be prepared.","Be prepared.","Be prepared.","","","Q_AUTHORED_CURRENT_POST","Q_BODY","KEEP","canonical post body, no embedded-source evidence"
"1425#1","1425","KEEP_Q_DIRECTIVE","KEEP_Q_DIRECTIVE","TRUST the plan.","TRUST the plan.","TRUST the plan.","TRUST the plan.","","","Q_AUTHORED_CURRENT_POST","Q_BODY","KEEP","canonical post body, no embedded-source evidence"
"1425#2","1425","KEEP_Q_DIRECTIVE","KEEP_Q_DIRECTIVE","Given we have now undeniably [on purpose] verified ourselves to be an inside source, expect the MSM [Clown Army] to attack in full cooperation w/ foreign and domestic assets.","Given we have now undeniably [on purpose] verified ourselves to be an inside source, expect the MSM [Clown Army] to attack in full cooperation w/ foreign and domestic assets.","Given we have now undeniably [on purpose] verified ourselves to be an inside source, expect the MSM [Clown Army] to attack in full cooperation w/ foreign and domestic assets.","Given we have now undeniably [on purpose] verified ourselves to be an inside source, expect the MSM [Clown Army] to attack in full cooperation w/ foreign and domestic assets.","","","Q_AUTHORED_CURRENT_POST","Q_BODY","KEEP","canonical post body, no embedded-source evidence"
"143#0","143","KEEP_Q_DIRECTIVE","KEEP_Q_DIRECTIVE","Go deeper.","Go deeper.","Go deeper.","Go deeper.","","","Q_AUTHORED_CURRENT_POST","Q_BODY","KEEP","canonical post body, no embedded-source evidence"
"1430#0","1430","KEEP_Q_DIRECTIVE","KEEP_Q_DIRECTIVE","Use Logic.","Use Logic.","Use Logic.","Use Logic.","","","Q_AUTHORED_CURRENT_POST","Q_BODY","KEEP","canonical post body, no embedded-source evidence"
"1430#1","1430","KEEP_Q_DIRECTIVE","KEEP_Q_DIRECTIVE","Be careful who you follow.","Be careful who you follow.","Be careful who you follow.","Be careful who you follow.","","","Q_AUTHORED_CURRENT_POST","Q_BODY","KEEP","canonical post body, no embedded-source evidence"
"1432#0","1432","REMOVE_QUOTED_SCRIPTURE","REMOVE_QUOTED_SCRIPTURE","Put on the full armor of God so that you can take your stand against the devil's schemes.","","Put on the full armor of God so that you can take your stand against the devil’s schemes.","Put on the full armor of God so that you can take your stand against the devil’s schemes.","","","QUOTED_OR_EMBEDDED","QUOTED_SCRIPTURE","REMOVE_FROM_DIRECTIVES","reproduced scripture"
"1432#1","1432","REMOVE_QUOTED_SCRIPTURE","REMOVE_QUOTED_SCRIPTURE","Stand firm then, with the belt of truth buckled around your waist, with the breastplate of righteousness in place, and with your feet fitted with the readiness that comes from the gospel of peace.","","Stand firm then, with the belt of truth buckled around your waist, with the breastplate of righteousness in place, and with your feet fitted with the readiness that comes from the gospel of peace.","Stand firm then, with the belt of truth buckled around your waist, with the breastplate of righteousness in place, and with your feet fitted with the readiness that comes from the gospel of peace.","","","QUOTED_OR_EMBEDDED","QUOTED_SCRIPTURE","REMOVE_FROM_DIRECTIVES","reproduced scripture"
"1432#2","1432","REMOVE_QUOTED_SCRIPTURE","REMOVE_QUOTED_SCRIPTURE","Take the helmet of salvation and the sword of the Spirit, which is the word of God.","","Take the helmet of salvation and the sword of the Spirit, which is the word of God.","Take the helmet of salvation and the sword of the Spirit, which is the word of God.","","","QUOTED_OR_EMBEDDED","QUOTED_SCRIPTURE","REMOVE_FROM_DIRECTIVES","reproduced scripture"
"1433#0","1433","KEEP_Q_DIRECTIVE","KEEP_Q_DIRECTIVE","Think timing.","Think timing.","Think timing.","Think timing.","","","Q_AUTHORED_CURRENT_POST","Q_BODY","KEEP","canonical post body, no embedded-source evidence"
"1433#1","1433","KEEP_Q_DIRECTIVE","KEEP_Q_DIRECTIVE","TRUST (name).","TRUST (name).","TRUST (name).","TRUST (name).","","","Q_AUTHORED_CURRENT_POST","Q_BODY","KEEP","canonical post body, no embedded-source evidence"
"1434#0","1434","KEEP_Q_DIRECTIVE","KEEP_Q_DIRECTIVE","Re_read.","Re_read.","Re_read.","Re_read.","","","Q_AUTHORED_CURRENT_POST","Q_BODY","KEEP","canonical post body, no embedded-source evidence"
"1435#0","1435","KEEP_Q_DIRECTIVE","KEEP_Q_DIRECTIVE","Avoid NSA data collection.","Avoid NSA data collection.","Avoid NSA data collection.","Avoid NSA data collection.","","","Q_AUTHORED_CURRENT_POST","Q_BODY","KEEP","canonical post body, no embedded-source evidence"
"1439#0","1439","KEEP_Q_DIRECTIVE","KEEP_Q_DIRECTIVE","Enjoy the show.","Enjoy the show.","Enjoy the show.","Enjoy the show.","","","Q_AUTHORED_CURRENT_POST","Q_BODY","KEEP","canonical post body, no embedded-source evidence"
"144#0","144","KEEP_Q_DIRECTIVE","KEEP_Q_DIRECTIVE","Paint the picture.","Paint the picture.","Paint the picture.","Paint the picture.","","","Q_AUTHORED_CURRENT_POST","Q_BODY","KEEP","canonical post body, no embedded-source evidence"
"144#1","144","KEEP_Q_DIRECTIVE","KEEP_Q_DIRECTIVE","Think social media platforms.","Think social media platforms.","Think social media platforms.","Think social media platforms.","","","Q_AUTHORED_CURRENT_POST","Q_BODY","KEEP","canonical post body, no embedded-source evidence"
"144#2","144","KEEP_Q_DIRECTIVE","KEEP_Q_DIRECTIVE","Think Snowden (inside terms dropped).","Think Snowden (inside terms dropped).","Think Snowden (inside terms dropped).","Think Snowden (inside terms dropped).","","","Q_AUTHORED_CURRENT_POST","Q_BODY","KEEP","canonical post body, no embedded-source evidence"
"1441#0","1441","KEEP_Q_DIRECTIVE","KEEP_Q_DIRECTIVE","Start the Clock.","Start the Clock.","Start the Clock.","Start the Clock.","","","Q_AUTHORED_CURRENT_POST","Q_BODY","KEEP","canonical post body, no embedded-source evidence"
"1441#1","1441","KEEP_Q_DIRECTIVE","KEEP_Q_DIRECTIVE","Think Logically.","Think Logically.","Think Logically.","Think Logically.","","","Q_AUTHORED_CURRENT_POST","Q_BODY","KEEP","canonical post body, no embedded-source evidence"
"1443#0","1443","KEEP_Q_DIRECTIVE","KEEP_Q_DIRECTIVE","Do what is right.","Do what is right.","Do what is right.","Do what is right.","","","Q_AUTHORED_CURRENT_POST","Q_BODY","KEEP","canonical post body, no embedded-source evidence"
"1445#0","1445","KEEP_Q_DIRECTIVE","KEEP_Q_DIRECTIVE","Track ALL suicides.","Track ALL suicides.","Track ALL suicides.","Track ALL suicides.","","","Q_AUTHORED_CURRENT_POST","Q_BODY","KEEP","canonical post body, no embedded-source evidence"
"1445#1","1445","KEEP_Q_DIRECTIVE","KEEP_Q_DIRECTIVE","Think Spade.","Think Spade.","Think Spade.","Think Spade.","","","Q_AUTHORED_CURRENT_POST","Q_BODY","KEEP","canonical post body, no embedded-source evidence"
"1445#2","1445","KEEP_Q_DIRECTIVE","KEEP_Q_DIRECTIVE","Trace to Children Foundation(s) (NY).","Trace to Children Foundation(s) (NY).","Trace to Children Foundation(s) (NY).","Trace to Children Foundation(s) (NY).","","","Q_AUTHORED_CURRENT_POST","Q_BODY","KEEP","canonical post body, no embedded-source evidence"
"1445#3","1445","KEEP_Q_DIRECTIVE","KEEP_Q_DIRECTIVE","Trace to Import/Export.","Trace to Import/Export.","Trace to Import/Export.","Trace to Import/Export.","","","Q_AUTHORED_CURRENT_POST","Q_BODY","KEEP","canonical post body, no embedded-source evidence"
"1445#4","1445","KEEP_Q_DIRECTIVE","KEEP_Q_DIRECTIVE","Trace from China/MX to Long Beach.","Trace from China/MX to Long Beach.","Trace from China/MX to Long Beach.","Trace from China/MX to Long Beach.","","","Q_AUTHORED_CURRENT_POST","Q_BODY","KEEP","canonical post body, no embedded-source evidence"
"1445#5","1445","KEEP_Q_DIRECTIVE","KEEP_Q_DIRECTIVE","Trace to CF.","Trace to CF.","Trace to CF.","Trace to CF.","","","Q_AUTHORED_CURRENT_POST","Q_BODY","KEEP","canonical post body, no embedded-source evidence"
"1445#6","1445","KEEP_Q_DIRECTIVE","KEEP_Q_DIRECTIVE","Trace to Port (Security Clearance Profile (L5)).","Trace to Port (Security Clearance Profile (L5)).","Trace to Port (Security Clearance Profile (L5)).","Trace to Port (Security Clearance Profile (L5)).","","","Q_AUTHORED_CURRENT_POST","Q_BODY","KEEP","canonical post body, no embedded-source evidence"
"1445#7","1445","KEEP_Q_DIRECTIVE","KEEP_Q_DIRECTIVE","Trace sale/spin off of Co.","Trace sale/spin off of Co.","Trace sale/spin off of Co.","Trace sale/spin off of Co.","","","Q_AUTHORED_CURRENT_POST","Q_BODY","KEEP","canonical post body, no embedded-source evidence"
"1445#8","1445","KEEP_Q_DIRECTIVE","KEEP_Q_DIRECTIVE","Expect A LOT more.","Expect A LOT more.","Expect A LOT more.","Expect A LOT more.","","","Q_AUTHORED_CURRENT_POST","Q_BODY","KEEP","canonical post body, no embedded-source evidence"
"1446#0","1446","KEEP_Q_DIRECTIVE","KEEP_Q_DIRECTIVE","Think about what that means.","Think about what that means.","Think about what that means.","Think about what that means.","","","Q_AUTHORED_CURRENT_POST","Q_BODY","KEEP","canonical post body, no embedded-source evidence"
"1448#0","1448","KEEP_Q_DIRECTIVE","KEEP_Q_DIRECTIVE","Stay vigilant and maintain situational awareness.","Stay vigilant and maintain situational awareness.","Stay vigilant and maintain situational awareness.","Stay vigilant and maintain situational awareness.","","","Q_AUTHORED_CURRENT_POST","Q_BODY","KEEP","canonical post body, no embedded-source evidence"
"1449#0","1449","KEEP_Q_DIRECTIVE","KEEP_Q_DIRECTIVE","Enjoy the show.","Enjoy the show.","Enjoy the show.","Enjoy the show.","","","Q_AUTHORED_CURRENT_POST","Q_BODY","KEEP","canonical post body, no embedded-source evidence"
"145#0","145","KEEP_DIRECTIVE_AND_RELIGIOUS_THEME","KEEP_DIRECTIVE_AND_RELIGIOUS_THEME","Pray.","Pray.","Pray.","Pray.","","Religion & Spirituality","Q_AUTHORED_CURRENT_POST","Q_BODY","KEEP","canonical post body, no embedded-source evidence"
"1450#0","1450","KEEP_Q_DIRECTIVE","KEEP_Q_DIRECTIVE","See prev pic.","See prev pic.","See prev pic.","See prev pic.","","","Q_AUTHORED_CURRENT_POST","Q_BODY","KEEP","canonical post body, no embedded-source evidence"
"1453#0","1453","KEEP_Q_DIRECTIVE","KEEP_Q_DIRECTIVE","Re_read (again).","Re_read (again).","Re_read (again).","Re_read (again).","","","Q_AUTHORED_CURRENT_POST","Q_BODY","KEEP","canonical post body, no embedded-source evidence"
"1455#0","1455","KEEP_Q_DIRECTIVE","KEEP_Q_DIRECTIVE","Find the markers [street/surroundings updates]","Find the markers [street/surroundings updates]","Find the markers [street/surroundings updates]","Find the markers [street/surroundings updates]","","","Q_AUTHORED_CURRENT_POST","Q_BODY","KEEP","canonical post body, no embedded-source evidence"
"1455#1","1455","KEEP_Q_DIRECTIVE","KEEP_Q_DIRECTIVE","Contact window(s) [GOOD]","Contact window(s) [GOOD]","Contact window(s) [GOOD]","Contact window(s) [GOOD]","","","Q_AUTHORED_CURRENT_POST","Q_BODY","KEEP","canonical post body, no embedded-source evidence"
"1456#0","1456","KEEP_Q_DIRECTIVE","KEEP_Q_DIRECTIVE","Think Hyde Park.","Think Hyde Park.","Think Hyde Park.","Think Hyde Park.","","","Q_AUTHORED_CURRENT_POST","Q_BODY","KEEP","canonical post body, no embedded-source evidence"
"1456#1","1456","KEEP_Q_DIRECTIVE","KEEP_Q_DIRECTIVE","Think prev pic [2] people.","Think prev pic [2] people.","Think prev pic [2] people.","Think prev pic [2] people.","","","Q_AUTHORED_CURRENT_POST","Q_BODY","KEEP","canonical post body, no embedded-source evidence"
"146#0","146","KEEP_DIRECTIVE_AND_RELIGIOUS_THEME","KEEP_DIRECTIVE_AND_RELIGIOUS_THEME","Pray.","Pray.","Pray.","Pray.","","Religion & Spirituality","Q_AUTHORED_CURRENT_POST","Q_BODY","KEEP","canonical post body, no embedded-source evidence"
"1460#0","1460","KEEP_Q_DIRECTIVE","KEEP_Q_DIRECTIVE","Learn.","Learn.","Learn.","Learn.","","","Q_AUTHORED_CURRENT_POST","Q_BODY","KEEP","canonical post body, no embedded-source evidence"
"1460#1","1460","KEEP_Q_DIRECTIVE","KEEP_Q_DIRECTIVE","Use logic.","Use logic.","Use logic.","Use logic.","","","Q_AUTHORED_CURRENT_POST","Q_BODY","KEEP","canonical post body, no embedded-source evidence"
"1471#0","1471","KEEP_Q_DIRECTIVE","KEEP_Q_DIRECTIVE","Think strategically.","Think strategically.","Think strategically.","Think strategically.","","","Q_AUTHORED_CURRENT_POST","Q_BODY","KEEP","canonical post body, no embedded-source evidence"
"1471#1","1471","KEEP_Q_DIRECTIVE","KEEP_Q_DIRECTIVE","Let them all DIG THEIR OWN GRAVES.","Let them all DIG THEIR OWN GRAVES.","Let them all DIG THEIR OWN GRAVES.","Let them all DIG THEIR OWN GRAVES.","","","Q_AUTHORED_CURRENT_POST","Q_BODY","KEEP","canonical post body, no embedded-source evidence"
"1475#0","1475","REMOVE_BLESSING_OR_VALEDICTION","REMOVE_BLESSING_OR_VALEDICTION","GODSPEED ONE AND ALL.","","GODSPEED ONE AND ALL.","GODSPEED ONE AND ALL.","","","Q_AUTHORED_CURRENT_POST","Q_BODY","REMOVE_FROM_DIRECTIVES","blessing or valediction, not a command"
"1479#0","1479","KEEP_Q_DIRECTIVE","KEEP_Q_DIRECTIVE","Think hack.","Think hack.","Think hack.","Think hack.","","","Q_AUTHORED_CURRENT_POST","Q_BODY","KEEP","canonical post body, no embedded-source evidence"
"148#0","148","KEEP_Q_DIRECTIVE","KEEP_Q_DIRECTIVE","Read between the lines.","Read between the lines.","Read between the lines.","Read between the lines.","","","Q_AUTHORED_CURRENT_POST","Q_BODY","KEEP","canonical post body, no embedded-source evidence"
"148#1","148","KEEP_Q_DIRECTIVE","KEEP_Q_DIRECTIVE","Update the graphic.","Update the graphic.","Update the graphic.","Update the graphic.","","","Q_AUTHORED_CURRENT_POST","Q_BODY","KEEP","canonical post body, no embedded-source evidence"
"148#2","148","REMOVE_BLESSING_OR_VALEDICTION","REMOVE_BLESSING_OR_VALEDICTION","Godspeed.","","Godspeed.","Godspeed.","","","Q_AUTHORED_CURRENT_POST","Q_BODY","REMOVE_FROM_DIRECTIVES","blessing or valediction, not a command"
"1487#0","1487","KEEP_Q_DIRECTIVE","KEEP_Q_DIRECTIVE","Think new arrivals.","Think new arrivals.","Think new arrivals.","Think new arrivals.","","","Q_AUTHORED_CURRENT_POST","Q_BODY","KEEP","canonical post body, no embedded-source evidence"
"1489#0","1489","KEEP_Q_DIRECTIVE","KEEP_Q_DIRECTIVE","DO NOT BE SILENT (MAJORITY).","DO NOT BE SILENT (MAJORITY).","DO NOT BE SILENT (MAJORITY).","DO NOT BE SILENT (MAJORITY).","","","Q_AUTHORED_CURRENT_POST","Q_BODY","KEEP","canonical post body, no embedded-source evidence"
"1489#1","1489","KEEP_Q_DIRECTIVE","KEEP_Q_DIRECTIVE","TRUST YOURSELF.","TRUST YOURSELF.","TRUST YOURSELF.","TRUST YOURSELF.","","","Q_AUTHORED_CURRENT_POST","Q_BODY","KEEP","canonical post body, no embedded-source evidence"
"1489#2","1489","KEEP_Q_DIRECTIVE","KEEP_Q_DIRECTIVE","Expect bigger push.","Expect bigger push.","Expect bigger push.","Expect bigger push.","","","Q_AUTHORED_CURRENT_POST","Q_BODY","KEEP","canonical post body, no embedded-source evidence"
"1492#0","1492","KEEP_Q_DIRECTIVE","KEEP_Q_DIRECTIVE","STOP AFTER EACH SENTENCE.","STOP AFTER EACH SENTENCE.","STOP AFTER EACH SENTENCE.","STOP AFTER EACH SENTENCE.","","","Q_AUTHORED_CURRENT_POST","Q_BODY","KEEP","canonical post body, no embedded-source evidence"
"1492#1","1492","KEEP_Q_DIRECTIVE","KEEP_Q_DIRECTIVE","ANALYZE.","ANALYZE.","ANALYZE.","ANALYZE.","","","Q_AUTHORED_CURRENT_POST","Q_BODY","KEEP","canonical post body, no embedded-source evidence"
"1492#2","1492","KEEP_Q_DIRECTIVE","KEEP_Q_DIRECTIVE","UNDERSTAND SIGNIFICANCE.","UNDERSTAND SIGNIFICANCE.","UNDERSTAND SIGNIFICANCE.","UNDERSTAND SIGNIFICANCE.","","","Q_AUTHORED_CURRENT_POST","Q_BODY","KEEP","canonical post body, no embedded-source evidence"
"1492#3","1492","KEEP_Q_DIRECTIVE","KEEP_Q_DIRECTIVE","RE_READ.","RE_READ.","RE_READ.","RE_READ.","","","Q_AUTHORED_CURRENT_POST","Q_BODY","KEEP","canonical post body, no embedded-source evidence"
"1492#4","1492","KEEP_Q_DIRECTIVE","KEEP_Q_DIRECTIVE","CONTINUE.","CONTINUE.","CONTINUE.","CONTINUE.","","","Q_AUTHORED_CURRENT_POST","Q_BODY","KEEP","canonical post body, no embedded-source evidence"
"1492#5","1492","KEEP_Q_DIRECTIVE","KEEP_Q_DIRECTIVE","THINK WHY.","THINK WHY.","THINK WHY.","THINK WHY.","","","Q_AUTHORED_CURRENT_POST","Q_BODY","KEEP","canonical post body, no embedded-source evidence"
"1492#6","1492","KEEP_Q_DIRECTIVE","KEEP_Q_DIRECTIVE","Re_read 10x 50x 100x.","Re_read 10x 50x 100x.","Re_read 10x 50x 100x.","Re_read 10x 50x 100x.","","","Q_AUTHORED_CURRENT_POST","Q_BODY","KEEP","canonical post body, no embedded-source evidence"
"1494#0","1494","KEEP_Q_DIRECTIVE","KEEP_Q_DIRECTIVE","USE LOGIC.","USE LOGIC.","USE LOGIC.","USE LOGIC.","","","Q_AUTHORED_CURRENT_POST","Q_BODY","KEEP","canonical post body, no embedded-source evidence"
"1496#0","1496","KEEP_Q_DIRECTIVE","KEEP_Q_DIRECTIVE","Be loud.","Be loud.","Be loud.","Be loud.","","","Q_AUTHORED_CURRENT_POST","Q_BODY","KEEP","canonical post body, no embedded-source evidence"
"1496#1","1496","KEEP_Q_DIRECTIVE","KEEP_Q_DIRECTIVE","Be heard.","Be heard.","Be heard.","Be heard.","","","Q_AUTHORED_CURRENT_POST","Q_BODY","KEEP","canonical post body, no embedded-source evidence"
"1496#2","1496","KEEP_Q_DIRECTIVE","KEEP_Q_DIRECTIVE","Fight for TRUTH.","Fight for TRUTH.","Fight for TRUTH.","Fight for TRUTH.","","","Q_AUTHORED_CURRENT_POST","Q_BODY","KEEP","canonical post body, no embedded-source evidence"
"15#0","15","KEEP_Q_DIRECTIVE","KEEP_Q_DIRECTIVE","Realize Soros, Clintons, Obama, Putin, etc. are all controlled by 3 families (the 4th was removed post Trump's victory).","Realize Soros, Clintons, Obama, Putin, etc. are all controlled by 3 families (the 4th was removed post Trump's victory).","Realize Soros, Clintons, Obama, Putin, etc. are all controlled by 3 families (the 4th was removed post Trump's victory).","Realize Soros, Clintons, Obama, Putin, etc. are all controlled by 3 families (the 4th was removed post Trump's victory).","","","Q_AUTHORED_CURRENT_POST","Q_BODY","KEEP","canonical post body, no embedded-source evidence"
"1503#0","1503","KEEP_Q_DIRECTIVE","KEEP_Q_DIRECTIVE","Think meeting yesterday.","Think meeting yesterday.","Think meeting yesterday.","Think meeting yesterday.","","","Q_AUTHORED_CURRENT_POST","Q_BODY","KEEP","canonical post body, no embedded-source evidence"
"1504#0","1504","KEEP_Q_DIRECTIVE","KEEP_Q_DIRECTIVE","Re_read drops re: private emails re: convicting HRC = convicting themselves.","Re_read drops re: private emails re: convicting HRC = convicting themselves.","Re_read drops re: private emails re: convicting HRC = convicting themselves.","Re_read drops re: private emails re: convicting HRC = convicting themselves.","","","Q_AUTHORED_CURRENT_POST","Q_BODY","KEEP","canonical post body, no embedded-source evidence"
"1505#0","1505","KEEP_Q_DIRECTIVE","KEEP_Q_DIRECTIVE","Have a wonderful weekend.","Have a wonderful weekend.","Have a wonderful weekend.","Have a wonderful weekend.","","","Q_AUTHORED_CURRENT_POST","Q_BODY","KEEP","canonical post body, no embedded-source evidence"
"1505#1","1505","KEEP_Q_DIRECTIVE","KEEP_Q_DIRECTIVE","Trust in your President!","Trust in your President!","Trust in your President!","Trust in your President!","","","Q_AUTHORED_CURRENT_POST","Q_BODY","KEEP","canonical post body, no embedded-source evidence"
"1506#0","1506","KEEP_Q_DIRECTIVE","KEEP_Q_DIRECTIVE","Check timestamp.","Check timestamp.","Check timestamp.","Check timestamp.","","","Q_AUTHORED_CURRENT_POST","Q_BODY","KEEP","canonical post body, no embedded-source evidence"
"1509#0","1509","KEEP_Q_DIRECTIVE","KEEP_Q_DIRECTIVE","Search Hussein admin.","Search Hussein admin.","Search Hussein admin.","Search Hussein admin.","","","Q_AUTHORED_CURRENT_POST","Q_BODY","KEEP","canonical post body, no embedded-source evidence"
"151#0","151","KEEP_Q_DIRECTIVE","KEEP_Q_DIRECTIVE","Have faith, Patriots.","Have faith, Patriots.","have faith","have faith","","","Q_AUTHORED_CURRENT_POST","Q_BODY","KEEP","OWNER RULING R3: ""have faith"" is an imperative — an instruction to maintain confidence, belief or morale."
"1510#0","1510","KEEP_Q_DIRECTIVE","KEEP_Q_DIRECTIVE","Keep your eyes on the ball.","Keep your eyes on the ball.","Keep your eyes on the ball.","Keep your eyes on the ball.","","","Q_AUTHORED_CURRENT_POST","Q_BODY","KEEP","canonical post body, no embedded-source evidence"
"1510#1","1510","KEEP_Q_DIRECTIVE","KEEP_Q_DIRECTIVE","Watch the vid again if you need clarity ('speech that will get POTUS elected').","Watch the vid again if you need clarity (‘speech that will get POTUS elected’).","Watch the vid again if you need clarity (‘speech that will get POTUS elected’).","Watch the vid again if you need clarity (‘speech that will get POTUS elected’).","","","Q_AUTHORED_CURRENT_POST","Q_BODY","KEEP","canonical post body, no embedded-source evidence"
"1511#0","1511","KEEP_Q_DIRECTIVE","KEEP_Q_DIRECTIVE","Search foreign posts (State).","Search foreign posts (State).","Search foreign posts (State).","Search foreign posts (State).","","","Q_AUTHORED_CURRENT_POST","Q_BODY","KEEP","canonical post body, no embedded-source evidence"
"1512#0","1512","KEEP_Q_DIRECTIVE","KEEP_Q_DIRECTIVE","Note CF children drop in IG report.","Note CF children drop in IG report.","Note CF children drop in IG report.","Note CF children drop in IG report.","","","Q_AUTHORED_CURRENT_POST","Q_BODY","KEEP","canonical post body, no embedded-source evidence"
"1517#0","1517","KEEP_Q_DIRECTIVE","KEEP_Q_DIRECTIVE","Think:","Think:","Think:","Think:","","","Q_AUTHORED_CURRENT_POST","Q_BODY","KEEP","canonical post body, no embedded-source evidence"
"1517#1","1517","KEEP_Q_DIRECTIVE","KEEP_Q_DIRECTIVE","Careful of clickbait.","Careful of clickbait.","Careful of clickbait.","Careful of clickbait.","","","Q_AUTHORED_CURRENT_POST","Q_BODY","KEEP","canonical post body, no embedded-source evidence"
"1520#0","1520","KEEP_Q_DIRECTIVE","KEEP_Q_DIRECTIVE","Have faith.","Have faith.","have faith","have faith","","","Q_AUTHORED_CURRENT_POST","Q_BODY","KEEP","OWNER RULING R3: ""have faith"" is an imperative — an instruction to maintain confidence, belief or morale."
"1524#0","1524","KEEP_Q_DIRECTIVE","KEEP_Q_DIRECTIVE","Track history.","Track history.","Track history.","Track history.","","","Q_AUTHORED_CURRENT_POST","Q_BODY","KEEP","canonical post body, no embedded-source evidence"
"1525#0","1525","KEEP_Q_DIRECTIVE","KEEP_Q_DIRECTIVE","Listen carefully.","Listen carefully.","Listen carefully.","Listen carefully.","","","Q_AUTHORED_CURRENT_POST","Q_BODY","KEEP","canonical post body, no embedded-source evidence"
"153#0","153","KEEP_Q_DIRECTIVE","KEEP_Q_DIRECTIVE","Ask yourself an honest question, why would a billionaire who has it all, fame, fortune, a warm and loving family, friends, etc. want to endanger himself and his family by becoming POTUS?","Ask yourself an honest question, why would a billionaire who has it all, fame, fortune, a warm and loving family, friends, etc. want to endanger himself and his family by becoming POTUS?","Ask yourself an honest question, why would a billionaire who has it all, fame, fortune, a warm and loving family, friends, etc. want to endanger himself and his family by becoming POTUS?","Ask yourself an honest question, why would a billionaire who has it all, fame, fortune, a warm and loving family, friends, etc. want to endanger himself and his family by becoming POTUS?","","","Q_AUTHORED_CURRENT_POST","Q_BODY","KEEP","long sentence inside a drop whose dominant register is Q — prose shape alone is not a quotation"
"153#1","153","KEEP_Q_DIRECTIVE","KEEP_Q_DIRECTIVE","Make a list.","Make a list.","Make a list.","Make a list.","","","Q_AUTHORED_CURRENT_POST","Q_BODY","KEEP","canonical post body, no embedded-source evidence"
"153#2","153","KEEP_Q_DIRECTIVE","KEEP_Q_DIRECTIVE","Reconcile.","Reconcile.","Reconcile.","Reconcile.","","","Q_AUTHORED_CURRENT_POST","Q_BODY","KEEP","canonical post body, no embedded-source evidence"
"153#3","153","KEEP_Q_DIRECTIVE","KEEP_Q_DIRECTIVE","Follow the money.","Follow the money.","Follow the money.","Follow the money.","","","Q_AUTHORED_CURRENT_POST","Q_BODY","KEEP","canonical post body, no embedded-source evidence"
"153#4","153","KEEP_Q_DIRECTIVE","KEEP_Q_DIRECTIVE","Laugh.","Laugh.","Laugh.","Laugh.","","","Q_AUTHORED_CURRENT_POST","Q_BODY","KEEP","canonical post body, no embedded-source evidence"
"1534#0","1534","KEEP_Q_DIRECTIVE","KEEP_Q_DIRECTIVE","Enjoy the show.","Enjoy the show.","Enjoy the show.","Enjoy the show.","","","Q_AUTHORED_CURRENT_POST","Q_BODY","KEEP","canonical post body, no embedded-source evidence"
"1535#0","1535","KEEP_Q_DIRECTIVE","KEEP_Q_DIRECTIVE","Review lawsuit.","Review lawsuit.","Review lawsuit.","Review lawsuit.","","","Q_AUTHORED_CURRENT_POST","Q_BODY","KEEP","canonical post body, no embedded-source evidence"
"1535#1","1535","KEEP_Q_DIRECTIVE","KEEP_Q_DIRECTIVE","Review GoFundMe plea.","Review GoFundMe plea.","Review GoFundMe plea.","Review GoFundMe plea.","","","Q_AUTHORED_CURRENT_POST","Q_BODY","KEEP","canonical post body, no embedded-source evidence"
"1535#2","1535","KEEP_Q_DIRECTIVE","KEEP_Q_DIRECTIVE","Review financial disclosure.","Review financial disclosure.","Review financial disclosure.","Review financial disclosure.","","","Q_AUTHORED_CURRENT_POST","Q_BODY","KEEP","canonical post body, no embedded-source evidence"
"1535#3","1535","KEEP_Q_DIRECTIVE","KEEP_Q_DIRECTIVE","Review formation date.","Review formation date.","Review formation date.","Review formation date.","","","Q_AUTHORED_CURRENT_POST","Q_BODY","KEEP","canonical post body, no embedded-source evidence"
"1535#4","1535","KEEP_Q_DIRECTIVE","KEEP_Q_DIRECTIVE","Review initial investor(s).","Review initial investor(s).","Review initial investor(s).","Review initial investor(s).","","","Q_AUTHORED_CURRENT_POST","Q_BODY","KEEP","canonical post body, no embedded-source evidence"
"154#0","154","KEEP_Q_DIRECTIVE","KEEP_Q_DIRECTIVE","Remember, the more people there are, the more power the people have.","Remember, the more people there are, the more power the people have.","Remember, the more people there are, the more power the people have.","Remember, the more people there are, the more power the people have.","","","Q_AUTHORED_CURRENT_POST","Q_BODY","KEEP","long sentence inside a drop whose dominant register is Q — prose shape alone is not a quotation"
"154#1","154","REMOVE_PRAYER_TEXT","REMOVE_PRAYER_TEXT","Give us this day our daily bread, and forgive us our trespasses, as we forgive those who trespass against us,","","Give us this day our daily bread, and forgive us our trespasses, as we forgive those who trespass against us,","Give us this day our daily bread, and forgive us our trespasses, as we forgive those who trespass against us,","","","QUOTED_OR_EMBEDDED","QUOTED_PRAYER","REMOVE_FROM_DIRECTIVES","reproduced prayer text (continuation)"
"1540#0","1540","KEEP_Q_DIRECTIVE","KEEP_Q_DIRECTIVE","See next.","See next.","See next.","See next.","","","Q_AUTHORED_CURRENT_POST","Q_BODY","KEEP","canonical post body, no embedded-source evidence"
"155#0","155","REMOVE_BLESSING_OR_VALEDICTION","REMOVE_BLESSING_OR_VALEDICTION","Godspeed.","","Godspeed.","Godspeed.","","","Q_AUTHORED_CURRENT_POST","Q_BODY","REMOVE_FROM_DIRECTIVES","blessing or valediction, not a command"
"1556#0","1556","KEEP_Q_DIRECTIVE","KEEP_Q_DIRECTIVE","Look close (behind BC).","Look close (behind BC).","Look close (behind BC).","Look close (behind BC).","","","Q_AUTHORED_CURRENT_POST","Q_BODY","KEEP","canonical post body, no embedded-source evidence"
"1557#0","1557","KEEP_Q_DIRECTIVE","KEEP_Q_DIRECTIVE","Let's start here.","Let’s start here.","Let’s start here.","Let’s start here.","","","Q_AUTHORED_CURRENT_POST","Q_BODY","KEEP","canonical post body, no embedded-source evidence"
"1558#0","1558","KEEP_Q_DIRECTIVE","KEEP_Q_DIRECTIVE","Fight","Fight","Fight","Fight","","","Q_AUTHORED_CURRENT_POST","Q_BODY","KEEP","canonical post body, no embedded-source evidence"
"1559#0","1559","KEEP_Q_DIRECTIVE","KEEP_Q_DIRECTIVE","Define title.","Define title.","Define title.","Define title.","","","Q_AUTHORED_CURRENT_POST","Q_BODY","KEEP","canonical post body, no embedded-source evidence"
"1559#1","1559","KEEP_Q_DIRECTIVE","KEEP_Q_DIRECTIVE","Define role w/ Mueller.","Define role w/ Mueller.","Define role w/ Mueller.","Define role w/ Mueller.","","","Q_AUTHORED_CURRENT_POST","Q_BODY","KEEP","canonical post body, no embedded-source evidence"
"1569#0","1569","SPLIT_MIXED_SENTENCE","SPLIT_MIXED_SENTENCE","God bless and stay safe.","God bless and stay safe.","be safe","be safe","God bless","Religion & Spirituality","Q_AUTHORED_CURRENT_POST","Q_BODY","KEEP_AND_SPLIT_SEGMENTS","canonical post body, no embedded-source evidence"
"157#0","157","KEEP_Q_DIRECTIVE","KEEP_Q_DIRECTIVE","Define corruption.","Define corruption.","Define corruption.","Define corruption.","","","Q_AUTHORED_CURRENT_POST","Q_BODY","KEEP","canonical post body, no embedded-source evidence"
"157#1","157","KEEP_Q_DIRECTIVE","KEEP_Q_DIRECTIVE","Define corruption.","Define corruption.","Define corruption.","Define corruption.","","","Q_AUTHORED_CURRENT_POST","Q_BODY","KEEP","canonical post body, no embedded-source evidence"
"157#2","157","KEEP_Q_DIRECTIVE","KEEP_Q_DIRECTIVE","Define censorship.","Define censorship.","Define censorship.","Define censorship.","","","Q_AUTHORED_CURRENT_POST","Q_BODY","KEEP","canonical post body, no embedded-source evidence"
"157#3","157","KEEP_Q_DIRECTIVE","KEEP_Q_DIRECTIVE","Define 'controlled' censorship.","Define ‘controlled’ censorship.","Define ‘controlled’ censorship.","Define ‘controlled’ censorship.","","","Q_AUTHORED_CURRENT_POST","Q_BODY","KEEP","canonical post body, no embedded-source evidence"
"157#4","157","KEEP_Q_DIRECTIVE","KEEP_Q_DIRECTIVE","Rinse and repeat.","Rinse and repeat.","Rinse and repeat.","Rinse and repeat.","","","Q_AUTHORED_CURRENT_POST","Q_BODY","KEEP","canonical post body, no embedded-source evidence"
"1573#0","1573","KEEP_Q_DIRECTIVE","KEEP_Q_DIRECTIVE","Re_read drops re: 302 mod","Re_read drops re: 302 mod","Re_read drops re: 302 mod","Re_read drops re: 302 mod","","","Q_AUTHORED_CURRENT_POST","Q_BODY","KEEP","canonical post body, no embedded-source evidence"
"1573#1","1573","KEEP_Q_DIRECTIVE","KEEP_Q_DIRECTIVE","Rank & file testifying as informants.","Rank & file testifying as informants.","Rank & file testifying as informants.","Rank & file testifying as informants.","","","Q_AUTHORED_CURRENT_POST","Q_BODY","KEEP","canonical post body, no embedded-source evidence"
"1575#0","1575","KEEP_Q_DIRECTIVE","KEEP_Q_DIRECTIVE","Abandon ship!","Abandon ship!","Abandon ship!","Abandon ship!","","","Q_AUTHORED_CURRENT_POST","Q_BODY","KEEP","canonical post body, no embedded-source evidence"
"1578#0","1578","KEEP_Q_DIRECTIVE","KEEP_Q_DIRECTIVE","Look for more direct confirmations.","Look for more direct confirmations.","Look for more direct confirmations.","Look for more direct confirmations.","","","Q_AUTHORED_CURRENT_POST","Q_BODY","KEEP","canonical post body, no embedded-source evidence"
"158#0","158","KEEP_Q_DIRECTIVE","KEEP_Q_DIRECTIVE","Define oppression.","Define oppression.","Define oppression.","Define oppression.","","","Q_AUTHORED_CURRENT_POST","Q_BODY","KEEP","canonical post body, no embedded-source evidence"
"158#1","158","KEEP_Q_DIRECTIVE","KEEP_Q_DIRECTIVE","Define 'lead-in' (think play)?","Define ‘lead-in’ (think play)?","Define ‘lead-in’ (think play)?","Define ‘lead-in’ (think play)?","","","Q_AUTHORED_CURRENT_POST","Q_BODY","KEEP","canonical post body, no embedded-source evidence"
"158#2","158","KEEP_Q_DIRECTIVE","KEEP_Q_DIRECTIVE","Define blackmail.","Define blackmail.","Define blackmail.","Define blackmail.","","","Q_AUTHORED_CURRENT_POST","Q_BODY","KEEP","canonical post body, no embedded-source evidence"
"1583#0","1583","REMOVE_BLESSING_OR_VALEDICTION","REMOVE_BLESSING_OR_VALEDICTION","God bless you all.","","God bless you all.","God bless you all.","","","Q_AUTHORED_CURRENT_POST","Q_BODY","REMOVE_FROM_DIRECTIVES","blessing or valediction, not a command"
"1584#0","1584","KEEP_Q_DIRECTIVE","KEEP_Q_DIRECTIVE","Be ready.","Be ready.","Be ready.","Be ready.","","","Q_AUTHORED_CURRENT_POST","Q_BODY","KEEP","canonical post body, no embedded-source evidence"
"1585#0","1585","KEEP_Q_DIRECTIVE","KEEP_Q_DIRECTIVE","Trust yourself.","Trust yourself.","Trust yourself.","Trust yourself.","","","Q_AUTHORED_CURRENT_POST","Q_BODY","KEEP","canonical post body, no embedded-source evidence"
"1588#0","1588","KEEP_Q_DIRECTIVE","KEEP_Q_DIRECTIVE","Review image/location.","Review image/location.","Review image/location.","Review image/location.","","","Q_AUTHORED_CURRENT_POST","Q_BODY","KEEP","canonical post body, no embedded-source evidence"
"1589#0","1589","KEEP_Q_DIRECTIVE","KEEP_Q_DIRECTIVE","Define.","Define.","Define.","Define.","","","Q_AUTHORED_CURRENT_POST","Q_BODY","KEEP","canonical post body, no embedded-source evidence"
"1589#1","1589","KEEP_Q_DIRECTIVE","KEEP_Q_DIRECTIVE","SET UP.","SET UP.","SET UP.","SET UP.","","","Q_AUTHORED_CURRENT_POST","Q_BODY","KEEP","canonical post body, no embedded-source evidence"
"1589#2","1589","KEEP_Q_DIRECTIVE","KEEP_Q_DIRECTIVE","Do not underestimate our resolve.","Do not underestimate our resolve.","Do not underestimate our resolve.","Do not underestimate our resolve.","","","Q_AUTHORED_CURRENT_POST","Q_BODY","KEEP","canonical post body, no embedded-source evidence"
"1591#0","1591","KEEP_Q_DIRECTIVE","KEEP_Q_DIRECTIVE","Think JC.","Think JC.","Think JC.","Think JC.","","","Q_AUTHORED_CURRENT_POST","Q_BODY","KEEP","canonical post body, no embedded-source evidence"
"1595#0","1595","KEEP_Q_DIRECTIVE","KEEP_Q_DIRECTIVE","Time to FEED.","Time to FEED.","Time to FEED.","Time to FEED.","","","Q_AUTHORED_CURRENT_POST","Q_BODY","KEEP","canonical post body, no embedded-source evidence"
"1599#0","1599","KEEP_Q_DIRECTIVE","KEEP_Q_DIRECTIVE","Expand your thinking.","Expand your thinking.","Expand your thinking.","Expand your thinking.","","","Q_AUTHORED_CURRENT_POST","Q_BODY","KEEP","canonical post body, no embedded-source evidence"
"16#0","16","KEEP_Q_DIRECTIVE","KEEP_Q_DIRECTIVE","Get the popcorn, Friday & Saturday will deliver on the MAGA promise.","Get the popcorn, Friday & Saturday will deliver on the MAGA promise.","Get the popcorn, Friday & Saturday will deliver on the MAGA promise.","Get the popcorn, Friday & Saturday will deliver on the MAGA promise.","","","Q_AUTHORED_CURRENT_POST","Q_BODY","KEEP","canonical post body, no embedded-source evidence"
"16#1","16","KEEP_Q_DIRECTIVE","KEEP_Q_DIRECTIVE","Remember, AG Sessions cannot look like an impartial player that is out to get all former Obama team members as we need him for other important work.","Remember, AG Sessions cannot look like an impartial player that is out to get all former Obama team members as we need him for other important work.","Remember, AG Sessions cannot look like an impartial player that is out to get all former Obama team members as we need him for other important work.","Remember, AG Sessions cannot look like an impartial player that is out to get all former Obama team members as we need him for other important work.","","","Q_AUTHORED_CURRENT_POST","Q_BODY","KEEP","canonical post body, no embedded-source evidence"
"1600#0","1600","KEEP_Q_DIRECTIVE","KEEP_Q_DIRECTIVE","Be vigilant.","Be vigilant.","Be vigilant.","Be vigilant.","","","Q_AUTHORED_CURRENT_POST","Q_BODY","KEEP","canonical post body, no embedded-source evidence"
"1601#0","1601","KEEP_Q_DIRECTIVE","KEEP_Q_DIRECTIVE","Keep up the good fight, Patriot.","Keep up the good fight, Patriot.","Keep up the good fight, Patriot.","Keep up the good fight, Patriot.","","","Q_AUTHORED_CURRENT_POST","Q_BODY","KEEP","canonical post body, no embedded-source evidence"
"1602#0","1602","REMOVE_QUOTED_OR_THIRD_PARTY","REMOVE_QUOTED_OR_THIRD_PARTY","You should know this based on earlier drops re: SA / Nat Guard / MIL Assets activate US soil.","","You should know this based on earlier drops re: SA / Nat Guard / MIL Assets activate US soil.","You should know this based on earlier drops re: SA / Nat Guard / MIL Assets activate US soil.","","","QUOTED_OR_EMBEDDED","QUOTED_THIRD_PARTY","REMOVE_FROM_DIRECTIVES","pasted passage directly beneath a source link or pointer"
"1603#0","1603","KEEP_DIRECTIVE_AND_RELIGIOUS_THEME","KEEP_DIRECTIVE_AND_RELIGIOUS_THEME","Read the BIBLE.","Read the BIBLE.","Read the BIBLE.","Read the BIBLE.","","Religion & Spirituality","Q_AUTHORED_CURRENT_POST","Q_BODY","KEEP","canonical post body, no embedded-source evidence"
"1604#0","1604","KEEP_Q_DIRECTIVE","KEEP_Q_DIRECTIVE","RISE UP and DEMAND THEY BE REMOVED.","RISE UP and DEMAND THEY BE REMOVED.","RISE UP and DEMAND THEY BE REMOVED.","RISE UP and DEMAND THEY BE REMOVED.","","","Q_AUTHORED_CURRENT_POST","Q_BODY","KEEP","canonical post body, no embedded-source evidence"
"1604#1","1604","KEEP_Q_DIRECTIVE","KEEP_Q_DIRECTIVE","Stay safe.","Stay safe.","Stay safe.","Stay safe.","","","Q_AUTHORED_CURRENT_POST","Q_BODY","KEEP","canonical post body, no embedded-source evidence"
"1604#2","1604","REMOVE_BLESSING_OR_VALEDICTION","REMOVE_BLESSING_OR_VALEDICTION","God bless.","","God bless.","God bless.","","","Q_AUTHORED_CURRENT_POST","Q_BODY","REMOVE_FROM_DIRECTIVES","blessing or valediction, not a command"
"1607#0","1607","KEEP_Q_DIRECTIVE","KEEP_Q_DIRECTIVE","Remember, Kennedy was the swing vote.","Remember, Kennedy was the swing vote.","Remember, Kennedy was the swing vote.","Remember, Kennedy was the swing vote.","","","Q_AUTHORED_CURRENT_POST","Q_BODY","KEEP","canonical post body, no embedded-source evidence"
"1609#0","1609","KEEP_Q_DIRECTIVE","KEEP_Q_DIRECTIVE","DO YOU NOT BELIEVE WE ARE WINNING?http://www.breitbart.com/big-journalism/2018/06/27/poll-72-of-americans-believe-establishment-media-intentionally-report-fake-news/","DO YOU NOT BELIEVE WE ARE WINNING?http://www.breitbart.com/big-journalism/2018/06/27/poll-72-of-americans-believe-establishment-media-intentionally-report-fake-news/","DO YOU NOT BELIEVE WE ARE WINNING?http://www.breitbart.com/big-journalism/2018/06/27/poll-72-of-americans-believe-establishment-media-intentionally-report-fake-news/","DO YOU NOT BELIEVE WE ARE WINNING?http://www.breitbart.com/big-journalism/2018/06/27/poll-72-of-americans-believe-establishment-media-intentionally-report-fake-news/","","","Q_AUTHORED_CURRENT_POST","Q_BODY","KEEP","canonical post body, no embedded-source evidence"
"1609#1","1609","KEEP_Q_DIRECTIVE","KEEP_Q_DIRECTIVE","FIGHT, FIGHT, FIGHT!","FIGHT, FIGHT, FIGHT!","FIGHT, FIGHT, FIGHT!","FIGHT, FIGHT, FIGHT!","","","Q_AUTHORED_CURRENT_POST","Q_BODY","KEEP","canonical post body, no embedded-source evidence"
"1610#0","1610","KEEP_Q_DIRECTIVE","KEEP_Q_DIRECTIVE","Link to article placed incorrectly.","Link to article placed incorrectly.","Link to article placed incorrectly.","Link to article placed incorrectly.","","","Q_AUTHORED_CURRENT_POST","Q_BODY","KEEP","canonical post body, no embedded-source evidence"
"1613#0","1613","KEEP_Q_DIRECTIVE","KEEP_Q_DIRECTIVE","Rest assured JUSTICE will be served.","Rest assured JUSTICE will be served.","Rest assured","Rest assured","","","Q_AUTHORED_CURRENT_POST","Q_BODY","KEEP","""Rest assured"" is a fixed imperative construction telling the reader to be confident of what follows. Same form the owner ruled a Directive at #51."
"1618#0","1618","KEEP_Q_DIRECTIVE","KEEP_Q_DIRECTIVE","Focus on House floor vote (now).","Focus on House floor vote (now).","Focus on House floor vote (now).","Focus on House floor vote (now).","","","Q_AUTHORED_CURRENT_POST","Q_BODY","KEEP","canonical post body, no embedded-source evidence"
"1620#0","1620","KEEP_Q_DIRECTIVE","KEEP_Q_DIRECTIVE","Read between the lines.","Read between the lines.","Read between the lines.","Read between the lines.","","","Q_AUTHORED_CURRENT_POST","Q_BODY","KEEP","canonical post body, no embedded-source evidence"
"1621#0","1621","KEEP_Q_DIRECTIVE","KEEP_Q_DIRECTIVE","Listen carefully.","Listen carefully.","Listen carefully.","Listen carefully.","","","Q_AUTHORED_CURRENT_POST","Q_BODY","KEEP","canonical post body, no embedded-source evidence"
"163#0","163","KEEP_Q_DIRECTIVE","KEEP_Q_DIRECTIVE","Put it this way, six attempts were made to silence the witness scheduled to appear tomorrow.","Put it this way, six attempts were made to silence the witness scheduled to appear tomorrow.","Put it this way, six attempts were made to silence the witness scheduled to appear tomorrow.","Put it this way, six attempts were made to silence the witness scheduled to appear tomorrow.","","","Q_AUTHORED_CURRENT_POST","Q_BODY","KEEP","canonical post body, no embedded-source evidence"
"1633#0","1633","KEEP_Q_DIRECTIVE","KEEP_Q_DIRECTIVE","Find paper articles re: Freemasons.","Find paper articles re: Freemasons.","Find paper articles re: Freemasons.","Find paper articles re: Freemasons.","","","Q_AUTHORED_CURRENT_POST","Q_BODY","KEEP","canonical post body, no embedded-source evidence"
"1636#0","1636","KEEP_Q_DIRECTIVE","KEEP_Q_DIRECTIVE","Find the link (common denominator).","Find the link (common denominator).","Find the link (common denominator).","Find the link (common denominator).","","","Q_AUTHORED_CURRENT_POST","Q_BODY","KEEP","canonical post body, no embedded-source evidence"
"1636#1","1636","KEEP_Q_DIRECTIVE","KEEP_Q_DIRECTIVE","End (for now).","End (for now).","End (for now).","End (for now).","","","Q_AUTHORED_CURRENT_POST","Q_BODY","KEEP","canonical post body, no embedded-source evidence"
"1637#0","1637","KEEP_Q_DIRECTIVE","KEEP_Q_DIRECTIVE","Think strategy.","Think strategy.","Think strategy.","Think strategy.","","","Q_AUTHORED_CURRENT_POST","Q_BODY","KEEP","canonical post body, no embedded-source evidence"
"1638#0","1638","KEEP_Q_DIRECTIVE","KEEP_Q_DIRECTIVE","Think Bourne.","Think Bourne.","Think Bourne.","Think Bourne.","","","Q_AUTHORED_CURRENT_POST","Q_BODY","KEEP","canonical post body, no embedded-source evidence"
"1638#1","1638","KEEP_Q_DIRECTIVE","KEEP_Q_DIRECTIVE","Think Cell.","Think Cell.","Think Cell.","Think Cell.","","","Q_AUTHORED_CURRENT_POST","Q_BODY","KEEP","canonical post body, no embedded-source evidence"
"164#0","164","KEEP_Q_DIRECTIVE","KEEP_Q_DIRECTIVE","Keep up the good fight.","Keep up the good fight.","Keep up the good fight.","Keep up the good fight.","","","Q_AUTHORED_CURRENT_POST","Q_BODY","KEEP","canonical post body, no embedded-source evidence"
"1641#0","1641","KEEP_Q_DIRECTIVE","KEEP_Q_DIRECTIVE","Push violence (trap).","Push violence (trap).","Push violence (trap).","Push violence (trap).","","","Q_AUTHORED_CURRENT_POST","Q_BODY","KEEP","canonical post body, no embedded-source evidence"
"1644#0","1644","KEEP_Q_DIRECTIVE","KEEP_Q_DIRECTIVE","See attacks.","See attacks.","See attacks.","See attacks.","","","Q_AUTHORED_CURRENT_POST","Q_BODY","KEEP","canonical post body, no embedded-source evidence"
"1644#1","1644","KEEP_Q_DIRECTIVE","KEEP_Q_DIRECTIVE","Do not be afraid.","Do not be afraid.","Do not be afraid.","Do not be afraid.","","","Q_AUTHORED_CURRENT_POST","Q_BODY","KEEP","canonical post body, no embedded-source evidence"
"1644#2","1644","KEEP_Q_DIRECTIVE","KEEP_Q_DIRECTIVE","Think Huber.","Think Huber.","Think Huber.","Think Huber.","","","Q_AUTHORED_CURRENT_POST","Q_BODY","KEEP","canonical post body, no embedded-source evidence"
"1644#3","1644","KEEP_Q_DIRECTIVE","KEEP_Q_DIRECTIVE","Think DOJ/FBI reorg.","Think DOJ/FBI reorg.","Think DOJ/FBI reorg.","Think DOJ/FBI reorg.","","","Q_AUTHORED_CURRENT_POST","Q_BODY","KEEP","canonical post body, no embedded-source evidence"
"1644#4","1644","KEEP_Q_DIRECTIVE","KEEP_Q_DIRECTIVE","Think sex/child arrests / news.","Think sex/child arrests / news.","Think sex/child arrests / news.","Think sex/child arrests / news.","","","Q_AUTHORED_CURRENT_POST","Q_BODY","KEEP","canonical post body, no embedded-source evidence"
"1644#5","1644","KEEP_Q_DIRECTIVE","KEEP_Q_DIRECTIVE","Think resignations (loss of control).","Think resignations (loss of control).","Think resignations (loss of control).","Think resignations (loss of control).","","","Q_AUTHORED_CURRENT_POST","Q_BODY","KEEP","canonical post body, no embedded-source evidence"
"1644#6","1644","KEEP_Q_DIRECTIVE","KEEP_Q_DIRECTIVE","Think of every post made.","Think of every post made.","Think of every post made.","Think of every post made.","","","Q_AUTHORED_CURRENT_POST","Q_BODY","KEEP","canonical post body, no embedded-source evidence"
"1645#0","1645","KEEP_Q_DIRECTIVE","KEEP_Q_DIRECTIVE","Be PROUD!","Be PROUD!","Be PROUD!","Be PROUD!","","","Q_AUTHORED_CURRENT_POST","Q_BODY","KEEP","canonical post body, no embedded-source evidence"
"1645#1","1645","KEEP_Q_DIRECTIVE","KEEP_Q_DIRECTIVE","FIGHT for what is RIGHT!","FIGHT for what is RIGHT!","FIGHT","FIGHT","","","Q_AUTHORED_CURRENT_POST","Q_BODY","KEEP","Unambiguous imperative. ""what is RIGHT"" is the object of the preposition, not a declarative main clause. Immediately followed by ""FIGHT for FREEDOM!"", the same construction."
"1645#2","1645","KEEP_Q_DIRECTIVE","KEEP_Q_DIRECTIVE","FIGHT for FREEDOM!","FIGHT for FREEDOM!","FIGHT for FREEDOM!","FIGHT for FREEDOM!","","","Q_AUTHORED_CURRENT_POST","Q_BODY","KEEP","canonical post body, no embedded-source evidence"
"1645#3","1645","KEEP_Q_DIRECTIVE","KEEP_Q_DIRECTIVE","Play LOUD.","Play LOUD.","Play LOUD.","Play LOUD.","","","Q_AUTHORED_CURRENT_POST","Q_BODY","KEEP","canonical post body, no embedded-source evidence"
"1646#0","1646","KEEP_Q_DIRECTIVE","KEEP_Q_DIRECTIVE","COMPARE TO HITLER/NAZIS?","COMPARE TO HITLER/NAZIS?","COMPARE TO HITLER/NAZIS?","COMPARE TO HITLER/NAZIS?","","","Q_AUTHORED_CURRENT_POST","Q_BODY","KEEP","canonical post body, no embedded-source evidence"
"1646#1","1646","KEEP_Q_DIRECTIVE","KEEP_Q_DIRECTIVE","THINK FOR YOURSELF.","THINK FOR YOURSELF.","THINK FOR YOURSELF.","THINK FOR YOURSELF.","","","Q_AUTHORED_CURRENT_POST","Q_BODY","KEEP","canonical post body, no embedded-source evidence"
"1646#2","1646","KEEP_Q_DIRECTIVE","KEEP_Q_DIRECTIVE","TRUST YOURSELF.","TRUST YOURSELF.","TRUST YOURSELF.","TRUST YOURSELF.","","","Q_AUTHORED_CURRENT_POST","Q_BODY","KEEP","canonical post body, no embedded-source evidence"
"1646#3","1646","REMOVE_BLESSING_OR_VALEDICTION","REMOVE_BLESSING_OR_VALEDICTION","GOD BLESS AMERICA.","","GOD BLESS AMERICA.","GOD BLESS AMERICA.","","","Q_AUTHORED_CURRENT_POST","Q_BODY","REMOVE_FROM_DIRECTIVES","blessing or valediction, not a command"
"1646#4","1646","REMOVE_BLESSING_OR_VALEDICTION","REMOVE_BLESSING_OR_VALEDICTION","GOD BLESS PATRIOTS AROUND THE WORLD.","","GOD BLESS PATRIOTS AROUND THE WORLD.","GOD BLESS PATRIOTS AROUND THE WORLD.","","","Q_AUTHORED_CURRENT_POST","Q_BODY","REMOVE_FROM_DIRECTIVES","blessing or valediction, not a command"
"1647#0","1647","KEEP_Q_DIRECTIVE","KEEP_Q_DIRECTIVE","Think logically.","Think logically.","Think logically.","Think logically.","","","Q_AUTHORED_CURRENT_POST","Q_BODY","KEEP","canonical post body, no embedded-source evidence"
"1647#1","1647","KEEP_Q_DIRECTIVE","KEEP_Q_DIRECTIVE","Ask yourself - is this normal?","Ask yourself - is this normal?","Ask yourself - is this normal?","Ask yourself - is this normal?","","","Q_AUTHORED_CURRENT_POST","Q_BODY","KEEP","canonical post body, no embedded-source evidence"
"1648#0","1648","KEEP_Q_DIRECTIVE","KEEP_Q_DIRECTIVE","Think logically.","Think logically.","Think logically.","Think logically.","","","Q_AUTHORED_CURRENT_POST","Q_BODY","KEEP","canonical post body, no embedded-source evidence"
"1648#1","1648","KEEP_Q_DIRECTIVE","KEEP_Q_DIRECTIVE","Ask yourself - is this normal?","Ask yourself - is this normal?","Ask yourself - is this normal?","Ask yourself - is this normal?","","","Q_AUTHORED_CURRENT_POST","Q_BODY","KEEP","canonical post body, no embedded-source evidence"
"1649#0","1649","KEEP_Q_DIRECTIVE","KEEP_Q_DIRECTIVE","Think SC vote to confirm (coming).","Think SC vote to confirm (coming).","Think SC vote to confirm (coming).","Think SC vote to confirm (coming).","","","Q_AUTHORED_CURRENT_POST","Q_BODY","KEEP","canonical post body, no embedded-source evidence"
"1649#1","1649","KEEP_Q_DIRECTIVE","KEEP_Q_DIRECTIVE","Enjoy the show.","Enjoy the show.","Enjoy the show.","Enjoy the show.","","","Q_AUTHORED_CURRENT_POST","Q_BODY","KEEP","canonical post body, no embedded-source evidence"
"165#0","165","KEEP_Q_DIRECTIVE","KEEP_Q_DIRECTIVE","Expand your thinking.","Expand your thinking.","Expand your thinking.","Expand your thinking.","","","Q_AUTHORED_CURRENT_POST","Q_BODY","KEEP","canonical post body, no embedded-source evidence"
"165#1","165","KEEP_Q_DIRECTIVE","KEEP_Q_DIRECTIVE","Expand your thinking.","Expand your thinking.","Expand your thinking.","Expand your thinking.","","","Q_AUTHORED_CURRENT_POST","Q_BODY","KEEP","canonical post body, no embedded-source evidence"
"165#2","165","KEEP_Q_DIRECTIVE","KEEP_Q_DIRECTIVE","Define the 'known' action.","Define the ‘known’ action.","Define the ‘known’ action.","Define the ‘known’ action.","","","Q_AUTHORED_CURRENT_POST","Q_BODY","KEEP","canonical post body, no embedded-source evidence"
"165#3","165","KEEP_Q_DIRECTIVE","KEEP_Q_DIRECTIVE","Re-read crumbs on this topic (necessary).","Re-read crumbs on this topic (necessary).","Re-read crumbs on this topic (necessary).","Re-read crumbs on this topic (necessary).","","","Q_AUTHORED_CURRENT_POST","Q_BODY","KEEP","canonical post body, no embedded-source evidence"
"165#4","165","KEEP_Q_DIRECTIVE","KEEP_Q_DIRECTIVE","Patriots, get the word out.","Patriots, get the word out.","Patriots, get the word out.","Patriots, get the word out.","","","Q_AUTHORED_CURRENT_POST","Q_BODY","KEEP","canonical post body, no embedded-source evidence"
"1656#0","1656","KEEP_Q_DIRECTIVE","KEEP_Q_DIRECTIVE","Make no mistake-","Make no mistake-","Make no mistake-","Make no mistake-","","","Q_AUTHORED_CURRENT_POST","Q_BODY","KEEP","canonical post body, no embedded-source evidence"
"1657#0","1657","KEEP_Q_DIRECTIVE","KEEP_Q_DIRECTIVE","Stay UNITED!","Stay UNITED!","Stay UNITED!","Stay UNITED!","","","Q_AUTHORED_CURRENT_POST","Q_BODY","KEEP","canonical post body, no embedded-source evidence"
"1658#0","1658","KEEP_Q_DIRECTIVE","KEEP_Q_DIRECTIVE","Ask yourself - is this normal?","Ask yourself - is this normal?","Ask yourself - is this normal?","Ask yourself - is this normal?","","","Q_AUTHORED_CURRENT_POST","Q_BODY","KEEP","canonical post body, no embedded-source evidence"
"1659#0","1659","KEEP_Q_DIRECTIVE","KEEP_Q_DIRECTIVE","Ask yourself - who is filing the indictments?","Ask yourself - who is filing the indictments?","Ask yourself - who is filing the indictments?","Ask yourself - who is filing the indictments?","","","Q_AUTHORED_CURRENT_POST","Q_BODY","KEEP","canonical post body, no embedded-source evidence"
"166#0","166","KEEP_Q_DIRECTIVE","KEEP_Q_DIRECTIVE","Expand your thinking.","Expand your thinking.","Expand your thinking.","Expand your thinking.","","","Q_AUTHORED_CURRENT_POST","Q_BODY","KEEP","canonical post body, no embedded-source evidence"
"166#1","166","KEEP_Q_DIRECTIVE","KEEP_Q_DIRECTIVE","Expand your thinking.","Expand your thinking.","Expand your thinking.","Expand your thinking.","","","Q_AUTHORED_CURRENT_POST","Q_BODY","KEEP","canonical post body, no embedded-source evidence"
"166#2","166","KEEP_Q_DIRECTIVE","KEEP_Q_DIRECTIVE","Define the 'known' action.","Define the ‘known’ action.","Define the ‘known’ action.","Define the ‘known’ action.","","","Q_AUTHORED_CURRENT_POST","Q_BODY","KEEP","canonical post body, no embedded-source evidence"
"166#3","166","KEEP_Q_DIRECTIVE","KEEP_Q_DIRECTIVE","Re-read crumbs on this topic (necessary).","Re-read crumbs on this topic (necessary).","Re-read crumbs on this topic (necessary).","Re-read crumbs on this topic (necessary).","","","Q_AUTHORED_CURRENT_POST","Q_BODY","KEEP","canonical post body, no embedded-source evidence"
"166#4","166","KEEP_Q_DIRECTIVE","KEEP_Q_DIRECTIVE","Patriots, get the word out.","Patriots, get the word out.","Patriots, get the word out.","Patriots, get the word out.","","","Q_AUTHORED_CURRENT_POST","Q_BODY","KEEP","canonical post body, no embedded-source evidence"
"1660#0","1660","KEEP_Q_DIRECTIVE","KEEP_Q_DIRECTIVE","Ask yourself - does Huber have the ability to file across all 50 states?","Ask yourself - does Huber have the ability to file across all 50 states?","Ask yourself - does Huber have the ability to file across all 50 states?","Ask yourself - does Huber have the ability to file across all 50 states?","","","Q_AUTHORED_CURRENT_POST","Q_BODY","KEEP","canonical post body, no embedded-source evidence"
"1660#1","1660","KEEP_Q_DIRECTIVE","KEEP_Q_DIRECTIVE","Think sealed indictments.","Think sealed indictments.","Think sealed indictments.","Think sealed indictments.","","","Q_AUTHORED_CURRENT_POST","Q_BODY","KEEP","canonical post body, no embedded-source evidence"
"1660#2","1660","KEEP_Q_DIRECTIVE","KEEP_Q_DIRECTIVE","Think resignations of CEOs.","Think resignations of CEOs.","Think resignations of CEOs.","Think resignations of CEOs.","","","Q_AUTHORED_CURRENT_POST","Q_BODY","KEEP","canonical post body, no embedded-source evidence"
"1660#3","1660","KEEP_Q_DIRECTIVE","KEEP_Q_DIRECTIVE","Think resignations of Senators.","Think resignations of Senators.","Think resignations of Senators.","Think resignations of Senators.","","","Q_AUTHORED_CURRENT_POST","Q_BODY","KEEP","canonical post body, no embedded-source evidence"
"1660#4","1660","KEEP_Q_DIRECTIVE","KEEP_Q_DIRECTIVE","Think resignations of Congress.","Think resignations of Congress.","Think resignations of Congress.","Think resignations of Congress.","","","Q_AUTHORED_CURRENT_POST","Q_BODY","KEEP","canonical post body, no embedded-source evidence"
"1660#5","1660","KEEP_Q_DIRECTIVE","KEEP_Q_DIRECTIVE","Think termination of senior FBI….","Think termination of senior FBI….","Think termination of senior FBI….","Think termination of senior FBI….","","","Q_AUTHORED_CURRENT_POST","Q_BODY","KEEP","canonical post body, no embedded-source evidence"
"1660#6","1660","KEEP_Q_DIRECTIVE","KEEP_Q_DIRECTIVE","Think termination of senior DOJ….","Think termination of senior DOJ….","Think termination of senior DOJ….","Think termination of senior DOJ….","","","Q_AUTHORED_CURRENT_POST","Q_BODY","KEEP","canonical post body, no embedded-source evidence"
"1660#7","1660","KEEP_Q_DIRECTIVE","KEEP_Q_DIRECTIVE","Think 470.","Think 470.","Think 470.","Think 470.","","","Q_AUTHORED_CURRENT_POST","Q_BODY","KEEP","canonical post body, no embedded-source evidence"
"1661#0","1661","KEEP_Q_DIRECTIVE","KEEP_Q_DIRECTIVE","Think stages.","Think stages.","Think stages.","Think stages.","","","Q_AUTHORED_CURRENT_POST","Q_BODY","KEEP","canonical post body, no embedded-source evidence"
"1666#0","1666","KEEP_Q_DIRECTIVE","KEEP_Q_DIRECTIVE","Turn taken.","Turn taken.","Turn taken.","Turn taken.","","","Q_AUTHORED_CURRENT_POST","Q_BODY","KEEP","canonical post body, no embedded-source evidence"
"167#0","167","KEEP_Q_DIRECTIVE","KEEP_Q_DIRECTIVE","Expand your thinking.","Expand your thinking.","Expand your thinking.","Expand your thinking.","","","Q_AUTHORED_CURRENT_POST","Q_BODY","KEEP","canonical post body, no embedded-source evidence"
"1671#0","1671","KEEP_Q_DIRECTIVE","KEEP_Q_DIRECTIVE","Think logically.","Think logically.","Think logically.","Think logically.","","","Q_AUTHORED_CURRENT_POST","Q_BODY","KEEP","canonical post body, no embedded-source evidence"
"1671#1","1671","KEEP_Q_DIRECTIVE","KEEP_Q_DIRECTIVE","Think what's missing.","Think what’s missing.","Think what’s missing.","Think what’s missing.","","","Q_AUTHORED_CURRENT_POST","Q_BODY","KEEP","canonical post body, no embedded-source evidence"
"1671#2","1671","KEEP_Q_DIRECTIVE","KEEP_Q_DIRECTIVE","Think NATIONAL SECURITY.","Think NATIONAL SECURITY.","Think NATIONAL SECURITY.","Think NATIONAL SECURITY.","","","Q_AUTHORED_CURRENT_POST","Q_BODY","KEEP","canonical post body, no embedded-source evidence"
"1672#0","1672","KEEP_Q_DIRECTIVE","KEEP_Q_DIRECTIVE","See last.","See last.","See last.","See last.","","","Q_AUTHORED_CURRENT_POST","Q_BODY","KEEP","canonical post body, no embedded-source evidence"
"1672#1","1672","KEEP_Q_DIRECTIVE","KEEP_Q_DIRECTIVE","Connect.","Connect.","Connect.","Connect.","","","Q_AUTHORED_CURRENT_POST","Q_BODY","KEEP","canonical post body, no embedded-source evidence"
"1674#0","1674","KEEP_Q_DIRECTIVE","KEEP_Q_DIRECTIVE","Add another to the list.","Add another to the list.","Add another to the list.","Add another to the list.","","","Q_AUTHORED_CURRENT_POST","Q_BODY","KEEP","canonical post body, no embedded-source evidence"
"1678#0","1678","KEEP_Q_DIRECTIVE","KEEP_Q_DIRECTIVE","Enjoy!","Enjoy!","Enjoy!","Enjoy!","","","Q_AUTHORED_CURRENT_POST","Q_BODY","KEEP","canonical post body, no embedded-source evidence"
"168#0","168","KEEP_Q_DIRECTIVE","KEEP_Q_DIRECTIVE","Follow the map.","Follow the map.","Follow the map.","Follow the map.","","","Q_AUTHORED_CURRENT_POST","Q_BODY","KEEP","canonical post body, no embedded-source evidence"
"1682#0","1682","KEEP_Q_DIRECTIVE","KEEP_Q_DIRECTIVE","Define evidence.","Define evidence.","Define evidence.","Define evidence.","","","Q_AUTHORED_CURRENT_POST","Q_BODY","KEEP","canonical post body, no embedded-source evidence"
"1682#1","1682","KEEP_Q_DIRECTIVE","KEEP_Q_DIRECTIVE","Think Twitter.","Think Twitter.","Think Twitter.","Think Twitter.","","","Q_AUTHORED_CURRENT_POST","Q_BODY","KEEP","canonical post body, no embedded-source evidence"
"1686#0","1686","KEEP_Q_DIRECTIVE","KEEP_Q_DIRECTIVE","Think HUBER.","Think HUBER.","Think HUBER.","Think HUBER.","","","Q_AUTHORED_CURRENT_POST","Q_BODY","KEEP","canonical post body, no embedded-source evidence"
"1687#0","1687","KEEP_Q_DIRECTIVE","KEEP_Q_DIRECTIVE","Enjoy the show!","Enjoy the show!","Enjoy the show!","Enjoy the show!","","","Q_AUTHORED_CURRENT_POST","Q_BODY","KEEP","canonical post body, no embedded-source evidence"
"1688#0","1688","KEEP_Q_DIRECTIVE","KEEP_Q_DIRECTIVE","Study Nazism.","Study Nazism.","Study Nazism.","Study Nazism.","","","Q_AUTHORED_CURRENT_POST","Q_BODY","KEEP","canonical post body, no embedded-source evidence"
"1688#1","1688","KEEP_Q_DIRECTIVE","KEEP_Q_DIRECTIVE","Compare/contrast ANTIFA.","Compare/contrast ANTIFA.","Compare/contrast ANTIFA.","Compare/contrast ANTIFA.","","","Q_AUTHORED_CURRENT_POST","Q_BODY","KEEP","canonical post body, no embedded-source evidence"
"1688#2","1688","KEEP_Q_DIRECTIVE","KEEP_Q_DIRECTIVE","Compare/contrast SOCIALISM push.","Compare/contrast SOCIALISM push.","Compare/contrast SOCIALISM push.","Compare/contrast SOCIALISM push.","","","Q_AUTHORED_CURRENT_POST","Q_BODY","KEEP","canonical post body, no embedded-source evidence"
"1688#3","1688","KEEP_Q_DIRECTIVE","KEEP_Q_DIRECTIVE","Push for REBIRTH.","Push for REBIRTH.","Push for REBIRTH.","Push for REBIRTH.","","","Q_AUTHORED_CURRENT_POST","Q_BODY","KEEP","canonical post body, no embedded-source evidence"
"1691#0","1691","REMOVE_BLESSING_OR_VALEDICTION","REMOVE_BLESSING_OR_VALEDICTION","God bless Patriots!","","God bless Patriots!","God bless Patriots!","","","Q_AUTHORED_CURRENT_POST","Q_BODY","REMOVE_FROM_DIRECTIVES","blessing or valediction, not a command"
"1698#0","1698","KEEP_Q_DIRECTIVE","KEEP_Q_DIRECTIVE","Remember.","Remember.","Remember.","Remember.","","","Q_AUTHORED_CURRENT_POST","Q_BODY","KEEP","canonical post body, no embedded-source evidence"
"17#0","17","KEEP_Q_DIRECTIVE","KEEP_Q_DIRECTIVE","Focus on the power of POTUS as it relates to the Marines.","Focus on the power of POTUS as it relates to the Marines.","Focus on the power of POTUS as it relates to the Marines.","Focus on the power of POTUS as it relates to the Marines.","","","Q_AUTHORED_CURRENT_POST","Q_BODY","KEEP","long sentence inside a drop whose dominant register is Q — prose shape alone is not a quotation"
"1702#0","1702","KEEP_Q_DIRECTIVE","KEEP_Q_DIRECTIVE","GO KANSAS!","GO KANSAS!","GO KANSAS!","GO KANSAS!","","","Q_AUTHORED_CURRENT_POST","Q_BODY","KEEP","canonical post body, no embedded-source evidence"
"1708#0","1708","KEEP_Q_DIRECTIVE","KEEP_Q_DIRECTIVE","Think source files.","Think source files.","Think source files.","Think source files.","","","Q_AUTHORED_CURRENT_POST","Q_BODY","KEEP","canonical post body, no embedded-source evidence"
"1711#0","1711","KEEP_Q_DIRECTIVE","KEEP_Q_DIRECTIVE","Think logically.","Think logically.","Think logically.","Think logically.","","","Q_AUTHORED_CURRENT_POST","Q_BODY","KEEP","canonical post body, no embedded-source evidence"
"1711#1","1711","KEEP_Q_DIRECTIVE","KEEP_Q_DIRECTIVE","Think logically.","Think logically.","Think logically.","Think logically.","","","Q_AUTHORED_CURRENT_POST","Q_BODY","KEEP","canonical post body, no embedded-source evidence"
"1711#2","1711","KEEP_Q_DIRECTIVE","KEEP_Q_DIRECTIVE","Think for yourself.","Think for yourself.","Think for yourself.","Think for yourself.","","","Q_AUTHORED_CURRENT_POST","Q_BODY","KEEP","canonical post body, no embedded-source evidence"
"1711#3","1711","KEEP_Q_DIRECTIVE","KEEP_Q_DIRECTIVE","Trust yourself.","Trust yourself.","Trust yourself.","Trust yourself.","","","Q_AUTHORED_CURRENT_POST","Q_BODY","KEEP","canonical post body, no embedded-source evidence"
"1711#4","1711","KEEP_Q_DIRECTIVE","KEEP_Q_DIRECTIVE","Enjoy the show.","Enjoy the show.","Enjoy the show.","Enjoy the show.","","","Q_AUTHORED_CURRENT_POST","Q_BODY","KEEP","canonical post body, no embedded-source evidence"
"1712#0","1712","REMOVE_QUOTED_SCRIPTURE","REMOVE_QUOTED_SCRIPTURE","Put to death, therefore, whatever belongs to your earthly nature: sexual immorality, impurity, lust, evil desires and greed, which is idolatry.","","Put to death, therefore, whatever belongs to your earthly nature: sexual immorality, impurity, lust, evil desires and greed, which is idolatry.","Put to death, therefore, whatever belongs to your earthly nature: sexual immorality, impurity, lust, evil desires and greed, which is idolatry.","","","QUOTED_OR_EMBEDDED","QUOTED_SCRIPTURE","REMOVE_FROM_DIRECTIVES","reproduced scripture"
"1717#0","1717","KEEP_Q_DIRECTIVE","KEEP_Q_DIRECTIVE","Think optics.","Think optics.","Think optics.","Think optics.","","","Q_AUTHORED_CURRENT_POST","Q_BODY","KEEP","canonical post body, no embedded-source evidence"
"1721#0","1721","KEEP_Q_DIRECTIVE","KEEP_Q_DIRECTIVE","Keep your promise.","Keep your promise.","Keep your promise.","Keep your promise.","","","Q_AUTHORED_CURRENT_POST","Q_BODY","KEEP","canonical post body, no embedded-source evidence"
"1724#0","1724","KEEP_Q_DIRECTIVE","KEEP_Q_DIRECTIVE","Decipher re: last.","Decipher re: last.","Decipher re: last.","Decipher re: last.","","","Q_AUTHORED_CURRENT_POST","Q_BODY","KEEP","canonical post body, no embedded-source evidence"
"1735#0","1735","REMOVE_BLESSING_OR_VALEDICTION","REMOVE_BLESSING_OR_VALEDICTION","God bless.","","God bless.","God bless.","","","Q_AUTHORED_CURRENT_POST","Q_BODY","REMOVE_FROM_DIRECTIVES","blessing or valediction, not a command"
"1742#0","1742","KEEP_Q_DIRECTIVE","KEEP_Q_DIRECTIVE","Follow the family.","Follow the family.","Follow the family.","Follow the family.","","","Q_AUTHORED_CURRENT_POST","Q_BODY","KEEP","canonical post body, no embedded-source evidence"
"1742#1","1742","KEEP_Q_DIRECTIVE","KEEP_Q_DIRECTIVE","Think texts between PS/MH.","Think texts between PS/MH.","Think texts between PS/MH.","Think texts between PS/MH.","","","Q_AUTHORED_CURRENT_POST","Q_BODY","KEEP","canonical post body, no embedded-source evidence"
"1742#2","1742","KEEP_Q_DIRECTIVE","KEEP_Q_DIRECTIVE","Think past settlements.","Think past settlements.","Think past settlements.","Think past settlements.","","","Q_AUTHORED_CURRENT_POST","Q_BODY","KEEP","canonical post body, no embedded-source evidence"
"1743#0","1743","KEEP_Q_DIRECTIVE","KEEP_Q_DIRECTIVE","Think connections.","Think connections.","Think connections.","Think connections.","","","Q_AUTHORED_CURRENT_POST","Q_BODY","KEEP","canonical post body, no embedded-source evidence"
"1746#0","1746","KEEP_Q_DIRECTIVE","KEEP_Q_DIRECTIVE","REFER BACK TO PREV DROPS.","REFER BACK TO PREV DROPS.","REFER BACK TO PREV DROPS.","REFER BACK TO PREV DROPS.","","","Q_AUTHORED_CURRENT_POST","Q_BODY","KEEP","canonical post body, no embedded-source evidence"
"1748#0","1748","KEEP_Q_DIRECTIVE","KEEP_Q_DIRECTIVE","Listen VERY carefully.","Listen VERY carefully.","Listen VERY carefully.","Listen VERY carefully.","","","Q_AUTHORED_CURRENT_POST","Q_BODY","KEEP","canonical post body, no embedded-source evidence"
"175#0","175","KEEP_Q_DIRECTIVE","KEEP_Q_DIRECTIVE","Expand your thinking.","Expand your thinking.","Expand your thinking.","Expand your thinking.","","","Q_AUTHORED_CURRENT_POST","Q_BODY","KEEP","canonical post body, no embedded-source evidence"
"175#1","175","KEEP_Q_DIRECTIVE","KEEP_Q_DIRECTIVE","Learn how to read the map.","Learn how to read the map.","Learn how to read the map.","Learn how to read the map.","","","Q_AUTHORED_CURRENT_POST","Q_BODY","KEEP","canonical post body, no embedded-source evidence"
"1750#0","1750","KEEP_Q_DIRECTIVE","KEEP_Q_DIRECTIVE","Think election 2016.","Think election 2016.","Think election 2016.","Think election 2016.","","","Q_AUTHORED_CURRENT_POST","Q_BODY","KEEP","canonical post body, no embedded-source evidence"
"1751#0","1751","KEEP_Q_DIRECTIVE","KEEP_Q_DIRECTIVE","Recognize.","Recognize.","Recognize.","Recognize.","","","Q_AUTHORED_CURRENT_POST","Q_BODY","KEEP","canonical post body, no embedded-source evidence"
"1752#0","1752","KEEP_Q_DIRECTIVE","KEEP_Q_DIRECTIVE","Buckle up!","Buckle up!","Buckle up!","Buckle up!","","","Q_AUTHORED_CURRENT_POST","Q_BODY","KEEP","canonical post body, no embedded-source evidence"
"1753#0","1753","KEEP_Q_DIRECTIVE","KEEP_Q_DIRECTIVE","Start.","Start.","Start.","Start.","","","Q_AUTHORED_CURRENT_POST","Q_BODY","KEEP","canonical post body, no embedded-source evidence"
"1753#1","1753","KEEP_Q_DIRECTIVE","KEEP_Q_DIRECTIVE","Think criminal/illegal act(s) to prevent/overturn Presidential election of POTUS.","Think criminal/illegal act(s) to prevent/overturn Presidential election of POTUS.","Think criminal/illegal act(s) to prevent/overturn Presidential election of POTUS.","Think criminal/illegal act(s) to prevent/overturn Presidential election of POTUS.","","","Q_AUTHORED_CURRENT_POST","Q_BODY","KEEP","canonical post body, no embedded-source evidence"
"1753#2","1753","KEEP_Q_DIRECTIVE","KEEP_Q_DIRECTIVE","Think Sessions open statement re: leak investigations.","Think Sessions open statement re: leak investigations.","Think Sessions open statement re: leak investigations.","Think Sessions open statement re: leak investigations.","","","Q_AUTHORED_CURRENT_POST","Q_BODY","KEEP","canonical post body, no embedded-source evidence"
"176#0","176","KEEP_Q_DIRECTIVE","KEEP_Q_DIRECTIVE","Learn to read the map.","Learn to read the map.","Learn to read the map.","Learn to read the map.","","","Q_AUTHORED_CURRENT_POST","Q_BODY","KEEP","canonical post body, no embedded-source evidence"
"1761#0","1761","KEEP_Q_DIRECTIVE","KEEP_Q_DIRECTIVE","Stay the course.","Stay the course.","Stay the course.","Stay the course.","","","Q_AUTHORED_CURRENT_POST","Q_BODY","KEEP","canonical post body, no embedded-source evidence"
"1764#0","1764","KEEP_Q_DIRECTIVE","KEEP_Q_DIRECTIVE","Think FISA.","Think FISA.","Think FISA.","Think FISA.","","","Q_AUTHORED_CURRENT_POST","Q_BODY","KEEP","canonical post body, no embedded-source evidence"
"1764#1","1764","KEEP_Q_DIRECTIVE","KEEP_Q_DIRECTIVE","Think NO NAME.","Think NO NAME.","Think NO NAME.","Think NO NAME.","","","Q_AUTHORED_CURRENT_POST","Q_BODY","KEEP","canonical post body, no embedded-source evidence"
"1764#2","1764","KEEP_Q_DIRECTIVE","KEEP_Q_DIRECTIVE","Think UK.","Think UK.","Think UK.","Think UK.","","","Q_AUTHORED_CURRENT_POST","Q_BODY","KEEP","canonical post body, no embedded-source evidence"
"1769#0","1769","KEEP_Q_DIRECTIVE","KEEP_Q_DIRECTIVE","Stay the course.","Stay the course.","Stay the course.","Stay the course.","","","Q_AUTHORED_CURRENT_POST","Q_BODY","KEEP","canonical post body, no embedded-source evidence"
"177#0","177","KEEP_Q_DIRECTIVE","KEEP_Q_DIRECTIVE","Confirm.","Confirm.","Confirm.","Confirm.","","","Q_AUTHORED_CURRENT_POST","Q_BODY","KEEP","canonical post body, no embedded-source evidence"
"177#1","177","KEEP_Q_DIRECTIVE","KEEP_Q_DIRECTIVE","Learn to read the map.","Learn to read the map.","Learn to read the map.","Learn to read the map.","","","Q_AUTHORED_CURRENT_POST","Q_BODY","KEEP","canonical post body, no embedded-source evidence"
"1770#0","1770","KEEP_Q_DIRECTIVE","KEEP_Q_DIRECTIVE","Enjoy the show.","Enjoy the show.","Enjoy the show.","Enjoy the show.","","","Q_AUTHORED_CURRENT_POST","Q_BODY","KEEP","canonical post body, no embedded-source evidence"
"1773#0","1773","KEEP_Q_DIRECTIVE","KEEP_Q_DIRECTIVE","Track last.","Track last.","Track last.","Track last.","","","Q_AUTHORED_CURRENT_POST","Q_BODY","KEEP","canonical post body, no embedded-source evidence"
"1777#0","1777","KEEP_Q_DIRECTIVE","KEEP_Q_DIRECTIVE","Please post your pic/vid as POTUS specifically pointed at you moments ago.","Please post your pic/vid as POTUS specifically pointed at you moments ago.","Please post your pic/vid as POTUS specifically pointed at you moments ago.","Please post your pic/vid as POTUS specifically pointed at you moments ago.","","","Q_AUTHORED_CURRENT_POST","Q_BODY","KEEP","long sentence inside a drop whose dominant register is Q — prose shape alone is not a quotation"
"178#0","178","KEEP_Q_DIRECTIVE","KEEP_Q_DIRECTIVE","Archive immediately.","Archive immediately.","Archive immediately.","Archive immediately.","","","Q_AUTHORED_CURRENT_POST","Q_BODY","KEEP","canonical post body, no embedded-source evidence"
"178#1","178","KEEP_Q_DIRECTIVE","KEEP_Q_DIRECTIVE","Confirm.","Confirm.","Confirm.","Confirm.","","","Q_AUTHORED_CURRENT_POST","Q_BODY","KEEP","canonical post body, no embedded-source evidence"
"178#2","178","KEEP_Q_DIRECTIVE","KEEP_Q_DIRECTIVE","Learn to read the map.","Learn to read the map.","Learn to read the map.","Learn to read the map.","","","Q_AUTHORED_CURRENT_POST","Q_BODY","KEEP","canonical post body, no embedded-source evidence"
"1782#0","1782","KEEP_Q_DIRECTIVE","KEEP_Q_DIRECTIVE","Enjoy the show!","Enjoy the show!","Enjoy the show!","Enjoy the show!","","","Q_AUTHORED_CURRENT_POST","Q_BODY","KEEP","canonical post body, no embedded-source evidence"
"1783#0","1783","REMOVE_BLESSING_OR_VALEDICTION","REMOVE_BLESSING_OR_VALEDICTION","God bless!","","God bless!","God bless!","","","Q_AUTHORED_CURRENT_POST","Q_BODY","REMOVE_FROM_DIRECTIVES","blessing or valediction, not a command"
"1785#0","1785","KEEP_Q_DIRECTIVE","KEEP_Q_DIRECTIVE","Enjoy the show.","Enjoy the show.","Enjoy the show.","Enjoy the show.","","","Q_AUTHORED_CURRENT_POST","Q_BODY","KEEP","canonical post body, no embedded-source evidence"
"1786#0","1786","KEEP_Q_DIRECTIVE","KEEP_Q_DIRECTIVE","Handle w/ care.","Handle w/ care.","Handle w/ care.","Handle w/ care.","","","Q_AUTHORED_CURRENT_POST","Q_BODY","KEEP","canonical post body, no embedded-source evidence"
"1787#0","1787","KEEP_Q_DIRECTIVE","KEEP_Q_DIRECTIVE","Eyes on: 300-350mm","Eyes on: 300-350mm","Eyes on: 300-350mm","Eyes on: 300-350mm","","","Q_AUTHORED_CURRENT_POST","Q_BODY","KEEP","canonical post body, no embedded-source evidence"
"1787#1","1787","KEEP_Q_DIRECTIVE","KEEP_Q_DIRECTIVE","Think email.","Think email.","Think email.","Think email.","","","Q_AUTHORED_CURRENT_POST","Q_BODY","KEEP","canonical post body, no embedded-source evidence"
"1787#2","1787","KEEP_Q_DIRECTIVE","KEEP_Q_DIRECTIVE","Think #1776.","Think #1776.","Think #1776.","Think #1776.","","","Q_AUTHORED_CURRENT_POST","Q_BODY","KEEP","canonical post body, no embedded-source evidence"
"179#0","179","KEEP_Q_DIRECTIVE","KEEP_Q_DIRECTIVE","Act II, Scene IV.","Act II, Scene IV.","Act II, Scene IV.","Act II, Scene IV.","","","Q_AUTHORED_CURRENT_POST","Q_BODY","KEEP","canonical post body, no embedded-source evidence"
"1792#0","1792","KEEP_Q_DIRECTIVE","KEEP_Q_DIRECTIVE","Fear not.","Fear not.","Fear not.","Fear not.","","","Q_AUTHORED_CURRENT_POST","Q_BODY","KEEP","canonical post body, no embedded-source evidence"
"1796#0","1796","KEEP_Q_DIRECTIVE","KEEP_Q_DIRECTIVE","Ask yourself, why?","Ask yourself, why?","Ask yourself, why?","Ask yourself, why?","","","Q_AUTHORED_CURRENT_POST","Q_BODY","KEEP","canonical post body, no embedded-source evidence"
"1796#1","1796","KEEP_Q_DIRECTIVE","KEEP_Q_DIRECTIVE","Enjoy the show!","Enjoy the show!","Enjoy the show!","Enjoy the show!","","","Q_AUTHORED_CURRENT_POST","Q_BODY","KEEP","canonical post body, no embedded-source evidence"
"1804#0","1804","KEEP_Q_DIRECTIVE","KEEP_Q_DIRECTIVE","Rally: USSS threat IDEN > action taken.","Rally: USSS threat IDEN > action taken.","Rally: USSS threat IDEN > action taken.","Rally: USSS threat IDEN > action taken.","","","Q_AUTHORED_CURRENT_POST","Q_BODY","KEEP","canonical post body, no embedded-source evidence"
"1805#0","1805","KEEP_Q_DIRECTIVE","KEEP_Q_DIRECTIVE","Think connection.","Think connection.","Think connection.","Think connection.","","","Q_AUTHORED_CURRENT_POST","Q_BODY","KEEP","canonical post body, no embedded-source evidence"
"1805#1","1805","KEEP_Q_DIRECTIVE","KEEP_Q_DIRECTIVE","Post noted (VIP access).","Post noted (VIP access).","Post noted (VIP access).","Post noted (VIP access).","","","Q_AUTHORED_CURRENT_POST","Q_BODY","KEEP","canonical post body, no embedded-source evidence"
"181#0","181","REMOVE_BLESSING_OR_VALEDICTION","REMOVE_BLESSING_OR_VALEDICTION","Godspeed, Patriot.","","Godspeed, Patriot.","Godspeed, Patriot.","","","Q_AUTHORED_CURRENT_POST","Q_BODY","REMOVE_FROM_DIRECTIVES","blessing or valediction, not a command"
"1812#0","1812","KEEP_Q_DIRECTIVE","KEEP_Q_DIRECTIVE","Think WRAY (yesterday).","Think WRAY (yesterday).","Think WRAY (yesterday).","Think WRAY (yesterday).","","","Q_AUTHORED_CURRENT_POST","Q_BODY","KEEP","canonical post body, no embedded-source evidence"
"1812#1","1812","KEEP_Q_DIRECTIVE","KEEP_Q_DIRECTIVE","Think [RR] (today).","Think [RR] (today).","Think [RR] (today).","Think [RR] (today).","","","Q_AUTHORED_CURRENT_POST","Q_BODY","KEEP","canonical post body, no embedded-source evidence"
"1817#0","1817","KEEP_Q_DIRECTIVE","KEEP_Q_DIRECTIVE","Be aware of your surroundings.","Be aware of your surroundings.","Be aware of your surroundings.","Be aware of your surroundings.","","","Q_AUTHORED_CURRENT_POST","Q_BODY","KEEP","canonical post body, no embedded-source evidence"
"1817#1","1817","KEEP_Q_DIRECTIVE","KEEP_Q_DIRECTIVE","See something.","See something.","See something.","See something.","","","Q_AUTHORED_CURRENT_POST","Q_BODY","KEEP","canonical post body, no embedded-source evidence"
"1817#2","1817","KEEP_Q_DIRECTIVE","KEEP_Q_DIRECTIVE","Say something.","Say something.","Say something.","Say something.","","","Q_AUTHORED_CURRENT_POST","Q_BODY","KEEP","canonical post body, no embedded-source evidence"
"1818#0","1818","KEEP_Q_DIRECTIVE","KEEP_Q_DIRECTIVE","Reconcile.","Reconcile.","Reconcile.","Reconcile.","","","Q_AUTHORED_CURRENT_POST","Q_BODY","KEEP","canonical post body, no embedded-source evidence"
"1822#0","1822","KEEP_Q_DIRECTIVE","KEEP_Q_DIRECTIVE","Define Conspiracy.","Define Conspiracy.","Define Conspiracy.","Define Conspiracy.","","","Q_AUTHORED_CURRENT_POST","Q_BODY","KEEP","canonical post body, no embedded-source evidence"
"1822#1","1822","KEEP_Q_DIRECTIVE","KEEP_Q_DIRECTIVE","Think WL list of journalists who colluded w/ HRC/DNC (2016 Pres election).","Think WL list of journalists who colluded w/ HRC/DNC (2016 Pres election).","Think WL list of journalists who colluded w/ HRC/DNC (2016 Pres election).","Think WL list of journalists who colluded w/ HRC/DNC (2016 Pres election).","","","Q_AUTHORED_CURRENT_POST","Q_BODY","KEEP","canonical post body, no embedded-source evidence"
"1822#2","1822","KEEP_Q_DIRECTIVE","KEEP_Q_DIRECTIVE","Research for yourself.","Research for yourself.","Research for yourself.","Research for yourself.","","","Q_AUTHORED_CURRENT_POST","Q_BODY","KEEP","canonical post body, no embedded-source evidence"
"1822#3","1822","KEEP_Q_DIRECTIVE","KEEP_Q_DIRECTIVE","Think for yourself.","Think for yourself.","Think for yourself.","Think for yourself.","","","Q_AUTHORED_CURRENT_POST","Q_BODY","KEEP","canonical post body, no embedded-source evidence"
"1822#4","1822","KEEP_Q_DIRECTIVE","KEEP_Q_DIRECTIVE","Trust yourself.","Trust yourself.","Trust yourself.","Trust yourself.","","","Q_AUTHORED_CURRENT_POST","Q_BODY","KEEP","canonical post body, no embedded-source evidence"
"1822#5","1822","KEEP_Q_DIRECTIVE","KEEP_Q_DIRECTIVE","Think resignations of CEOs.","Think resignations of CEOs.","Think resignations of CEOs.","Think resignations of CEOs.","","","Q_AUTHORED_CURRENT_POST","Q_BODY","KEEP","canonical post body, no embedded-source evidence"
"1822#6","1822","KEEP_Q_DIRECTIVE","KEEP_Q_DIRECTIVE","Think resignations of Senators.","Think resignations of Senators.","Think resignations of Senators.","Think resignations of Senators.","","","Q_AUTHORED_CURRENT_POST","Q_BODY","KEEP","canonical post body, no embedded-source evidence"
"1822#7","1822","KEEP_Q_DIRECTIVE","KEEP_Q_DIRECTIVE","Think resignations of Congress.","Think resignations of Congress.","Think resignations of Congress.","Think resignations of Congress.","","","Q_AUTHORED_CURRENT_POST","Q_BODY","KEEP","canonical post body, no embedded-source evidence"
"1822#8","1822","KEEP_Q_DIRECTIVE","KEEP_Q_DIRECTIVE","Think termination of sr FBI…","Think termination of sr FBI…","Think termination of sr FBI…","Think termination of sr FBI…","","","Q_AUTHORED_CURRENT_POST","Q_BODY","KEEP","canonical post body, no embedded-source evidence"
"1822#9","1822","KEEP_Q_DIRECTIVE","KEEP_Q_DIRECTIVE","Think termination of sr DOJ…","Think termination of sr DOJ…","Think termination of sr DOJ…","Think termination of sr DOJ…","","","Q_AUTHORED_CURRENT_POST","Q_BODY","KEEP","canonical post body, no embedded-source evidence"
"1822#10","1822","KEEP_Q_DIRECTIVE","KEEP_Q_DIRECTIVE","Ask yourself a simple question – WHY????","Ask yourself a simple question – WHY????","Ask yourself a simple question – WHY????","Ask yourself a simple question – WHY????","","","Q_AUTHORED_CURRENT_POST","Q_BODY","KEEP","canonical post body, no embedded-source evidence"
"1822#11","1822","KEEP_Q_DIRECTIVE","KEEP_Q_DIRECTIVE","Think sealed indictments count.","Think sealed indictments count.","Think sealed indictments count.","Think sealed indictments count.","","","Q_AUTHORED_CURRENT_POST","Q_BODY","KEEP","canonical post body, no embedded-source evidence"
"1823#0","1823","KEEP_Q_DIRECTIVE","KEEP_Q_DIRECTIVE","Think Russian bots.","Think Russian bots.","Think Russian bots.","Think Russian bots.","","","Q_AUTHORED_CURRENT_POST","Q_BODY","KEEP","canonical post body, no embedded-source evidence"
"1823#1","1823","KEEP_Q_DIRECTIVE","KEEP_Q_DIRECTIVE","Think Foreign propaganda.","Think Foreign propaganda.","Think Foreign propaganda.","Think Foreign propaganda.","","","Q_AUTHORED_CURRENT_POST","Q_BODY","KEEP","canonical post body, no embedded-source evidence"
"1824#0","1824","KEEP_Q_DIRECTIVE","KEEP_Q_DIRECTIVE","Ask yourself, if the U.S.","Ask yourself, if the U.S. GDP is greater than the total of all others  combined (G7), which allows us to negotiate from a position of strength, why would previous President's 'knowingly' [unequally] distribute America's wealth away by making unbalanced trade deals?","Ask yourself, if the U.S.","Ask yourself, if the U.S.","","","Q_AUTHORED_CURRENT_POST","Q_BODY","KEEP_AND_EXPAND_TO_FULL_SENTENCE","canonical post body, no embedded-source evidence"
"1825#0","1825","KEEP_Q_DIRECTIVE","KEEP_Q_DIRECTIVE","Digest and understand.","Digest and understand.","Digest and understand.","Digest and understand.","","","Q_AUTHORED_CURRENT_POST","Q_BODY","KEEP","canonical post body, no embedded-source evidence"
"1829#0","1829","KEEP_Q_DIRECTIVE","KEEP_Q_DIRECTIVE","Think several.","Think several.","Think several.","Think several.","","","Q_AUTHORED_CURRENT_POST","Q_BODY","KEEP","canonical post body, no embedded-source evidence"
"1831#0","1831","KEEP_Q_DIRECTIVE","KEEP_Q_DIRECTIVE","Think Haiti [14:40]","Think Haiti [14:40]","Think Haiti [14:40]","Think Haiti [14:40]","","","Q_AUTHORED_CURRENT_POST","Q_BODY","KEEP","canonical post body, no embedded-source evidence"
"1831#1","1831","KEEP_Q_DIRECTIVE","KEEP_Q_DIRECTIVE","Think Watergate Commission [removed_why_investigate].","Think Watergate Commission [removed_why_investigate].","Think Watergate Commission [removed_why_investigate].","Think Watergate Commission [removed_why_investigate].","","","Q_AUTHORED_CURRENT_POST","Q_BODY","KEEP","canonical post body, no embedded-source evidence"
"1831#2","1831","KEEP_Q_DIRECTIVE","KEEP_Q_DIRECTIVE","Listen very carefully.","Listen very carefully.","Listen very carefully.","Listen very carefully.","","","Q_AUTHORED_CURRENT_POST","Q_BODY","KEEP","canonical post body, no embedded-source evidence"
"1831#3","1831","KEEP_DIRECTIVE_AND_RELIGIOUS_THEME","KEEP_DIRECTIVE_AND_RELIGIOUS_THEME","NEVER STOP PRAYING.","NEVER STOP PRAYING.","NEVER STOP PRAYING.","NEVER STOP PRAYING.","","Religion & Spirituality","Q_AUTHORED_CURRENT_POST","Q_BODY","KEEP","canonical post body, no embedded-source evidence"
"1832#0","1832","KEEP_Q_DIRECTIVE","KEEP_Q_DIRECTIVE","Re_read drops re: Haiti.","Re_read drops re: Haiti.","Re_read drops re: Haiti.","Re_read drops re: Haiti.","","","Q_AUTHORED_CURRENT_POST","Q_BODY","KEEP","canonical post body, no embedded-source evidence"
"1837#0","1837","KEEP_Q_DIRECTIVE","KEEP_Q_DIRECTIVE","STAY STRONG.","STAY STRONG.","STAY STRONG.","STAY STRONG.","","","Q_AUTHORED_CURRENT_POST","Q_BODY","KEEP","canonical post body, no embedded-source evidence"
"1837#1","1837","KEEP_Q_DIRECTIVE","KEEP_Q_DIRECTIVE","STAY TOGETHER.","STAY TOGETHER.","STAY TOGETHER.","STAY TOGETHER.","","","Q_AUTHORED_CURRENT_POST","Q_BODY","KEEP","canonical post body, no embedded-source evidence"
"1838#0","1838","KEEP_Q_DIRECTIVE","KEEP_Q_DIRECTIVE","CHECK-IN 00:00+[37209-a271927]-[381937821]","CHECK-IN 00:00+[37209-a271927]-[381937821]","CHECK-IN 00:00+[37209-a271927]-[381937821]","CHECK-IN 00:00+[37209-a271927]-[381937821]","","","Q_AUTHORED_CURRENT_POST","Q_BODY","KEEP","canonical post body, no embedded-source evidence"
"184#0","184","KEEP_Q_DIRECTIVE","KEEP_Q_DIRECTIVE","Follow the Owl & Y head around the world.","Follow the Owl & Y head around the world.","Follow the Owl & Y head around the world.","Follow the Owl & Y head around the world.","","","Q_AUTHORED_CURRENT_POST","Q_BODY","KEEP","canonical post body, no embedded-source evidence"
"184#1","184","KEEP_Q_DIRECTIVE","KEEP_Q_DIRECTIVE","Identify and list.","Identify and list.","Identify and list.","Identify and list.","","","Q_AUTHORED_CURRENT_POST","Q_BODY","KEEP","canonical post body, no embedded-source evidence"
"1841#0","1841","KEEP_Q_DIRECTIVE","KEEP_Q_DIRECTIVE","Define Antitrust Law(s).","Define Antitrust Law(s).","Define Antitrust Law(s).","Define Antitrust Law(s).","","","Q_AUTHORED_CURRENT_POST","Q_BODY","KEEP","canonical post body, no embedded-source evidence"
"1841#1","1841","KEEP_Q_DIRECTIVE","KEEP_Q_DIRECTIVE","Reconcile.","Reconcile.","Reconcile.","Reconcile.","","","Q_AUTHORED_CURRENT_POST","Q_BODY","KEEP","canonical post body, no embedded-source evidence"
"1845#0","1845","KEEP_Q_DIRECTIVE","KEEP_Q_DIRECTIVE","Think missile.","Think missile.","Think missile.","Think missile.","","","Q_AUTHORED_CURRENT_POST","Q_BODY","KEEP","canonical post body, no embedded-source evidence"
"1847#0","1847","KEEP_Q_DIRECTIVE","KEEP_Q_DIRECTIVE",">>Test strength of midterms through private analysis (win/loss ratio)",">>Test strength of midterms through private analysis (win/loss ratio)",">>Test strength of midterms through private analysis (win/loss ratio)",">>Test strength of midterms through private analysis (win/loss ratio)","","","Q_AUTHORED_CURRENT_POST","Q_BODY","KEEP","canonical post body, no embedded-source evidence"
"1847#1","1847","KEEP_Q_DIRECTIVE","KEEP_Q_DIRECTIVE","Think missile(s) accidentally fired.","Think missile(s) accidentally fired.","Think missile(s) accidentally fired.","Think missile(s) accidentally fired.","","","Q_AUTHORED_CURRENT_POST","Q_BODY","KEEP","canonical post body, no embedded-source evidence"
"1856#0","1856","KEEP_Q_DIRECTIVE","KEEP_Q_DIRECTIVE","Enjoy the show.","Enjoy the show.","Enjoy the show.","Enjoy the show.","","","Q_AUTHORED_CURRENT_POST","Q_BODY","KEEP","canonical post body, no embedded-source evidence"
"186#0","186","REMOVE_BLESSING_OR_VALEDICTION","REMOVE_BLESSING_OR_VALEDICTION","Godspeed.","","Godspeed.","Godspeed.","","","Q_AUTHORED_CURRENT_POST","Q_BODY","REMOVE_FROM_DIRECTIVES","blessing or valediction, not a command"
"1862#0","1862","KEEP_Q_DIRECTIVE","KEEP_Q_DIRECTIVE","Define 'Projection'.","Define 'Projection'.","Define 'Projection'.","Define 'Projection'.","","","Q_AUTHORED_CURRENT_POST","Q_BODY","KEEP","canonical post body, no embedded-source evidence"
"1862#1","1862","KEEP_Q_DIRECTIVE","KEEP_Q_DIRECTIVE","Define 'Insurance Policy'.","Define 'Insurance Policy'.","Define 'Insurance Policy'.","Define 'Insurance Policy'.","","","Q_AUTHORED_CURRENT_POST","Q_BODY","KEEP","canonical post body, no embedded-source evidence"
"1862#2","1862","KEEP_Q_DIRECTIVE","KEEP_Q_DIRECTIVE","Define 'Warning Against Attempts to Unveil'.","Define 'Warning Against Attempts to Unveil'.","Define 'Warning Against Attempts to Unveil'.","Define 'Warning Against Attempts to Unveil'.","","","Q_AUTHORED_CURRENT_POST","Q_BODY","KEEP","canonical post body, no embedded-source evidence"
"1862#3","1862","KEEP_Q_DIRECTIVE","KEEP_Q_DIRECTIVE","Smile for the Camera.","Smile for the Camera.","Smile for the Camera.","Smile for the Camera.","","","Q_AUTHORED_CURRENT_POST","Q_BODY","KEEP","canonical post body, no embedded-source evidence"
"1863#0","1863","KEEP_Q_DIRECTIVE","KEEP_Q_DIRECTIVE","Do not let this HYPOCRISY stand.","Do not let this HYPOCRISY stand.","Do not let this HYPOCRISY stand.","Do not let this HYPOCRISY stand.","","","Q_AUTHORED_CURRENT_POST","Q_BODY","KEEP","canonical post body, no embedded-source evidence"
"1863#1","1863","KEEP_Q_DIRECTIVE","KEEP_Q_DIRECTIVE","FIGHT!","FIGHT!","FIGHT!","FIGHT!","","","Q_AUTHORED_CURRENT_POST","Q_BODY","KEEP","canonical post body, no embedded-source evidence"
"1866#0","1866","KEEP_Q_DIRECTIVE","KEEP_Q_DIRECTIVE","EYES ON.","EYES ON.","EYES ON.","EYES ON.","","","Q_AUTHORED_CURRENT_POST","Q_BODY","KEEP","canonical post body, no embedded-source evidence"
"1866#1","1866","KEEP_Q_DIRECTIVE","KEEP_Q_DIRECTIVE","Think offense.","Think offense.","Think offense.","Think offense.","","","Q_AUTHORED_CURRENT_POST","Q_BODY","KEEP","canonical post body, no embedded-source evidence"
"1867#0","1867","KEEP_Q_DIRECTIVE","KEEP_Q_DIRECTIVE","Enjoy the show.","Enjoy the show.","Enjoy the show.","Enjoy the show.","","","Q_AUTHORED_CURRENT_POST","Q_BODY","KEEP","canonical post body, no embedded-source evidence"
"1868#0","1868","KEEP_Q_DIRECTIVE","KEEP_Q_DIRECTIVE","Do not link to [CF].","Do not link to [CF].","Do not link to [CF].","Do not link to [CF].","","","Q_AUTHORED_CURRENT_POST","Q_BODY","KEEP","canonical post body, no embedded-source evidence"
"1869#0","1869","KEEP_Q_DIRECTIVE","KEEP_Q_DIRECTIVE","Calculate probability.","Calculate probability.","Calculate probability.","Calculate probability.","","","Q_AUTHORED_CURRENT_POST","Q_BODY","KEEP","canonical post body, no embedded-source evidence"
"1869#1","1869","KEEP_Q_DIRECTIVE","KEEP_Q_DIRECTIVE","Think missile intercept.","Think missile intercept.","Think missile intercept.","Think missile intercept.","","","Q_AUTHORED_CURRENT_POST","Q_BODY","KEEP","canonical post body, no embedded-source evidence"
"1869#2","1869","KEEP_Q_DIRECTIVE","KEEP_Q_DIRECTIVE","Think aircraft.","Think aircraft.","Think aircraft.","Think aircraft.","","","Q_AUTHORED_CURRENT_POST","Q_BODY","KEEP","canonical post body, no embedded-source evidence"
"1870#0","1870","KEEP_Q_DIRECTIVE","KEEP_Q_DIRECTIVE","Think waves.","Think waves.","Think waves.","Think waves.","","","Q_AUTHORED_CURRENT_POST","Q_BODY","KEEP","canonical post body, no embedded-source evidence"
"1870#1","1870","KEEP_Q_DIRECTIVE","KEEP_Q_DIRECTIVE","Think coordinated.","Think coordinated.","Think coordinated.","Think coordinated.","","","Q_AUTHORED_CURRENT_POST","Q_BODY","KEEP","canonical post body, no embedded-source evidence"
"1870#2","1870","KEEP_Q_DIRECTIVE","KEEP_Q_DIRECTIVE","Think ALL outlets utilized + FAKES [Fake MAGA]","Think ALL outlets utilized + FAKES [Fake MAGA]","Think ALL outlets utilized + FAKES [Fake MAGA]","Think ALL outlets utilized + FAKES [Fake MAGA]","","","Q_AUTHORED_CURRENT_POST","Q_BODY","KEEP","canonical post body, no embedded-source evidence"
"1871#0","1871","KEEP_Q_DIRECTIVE","KEEP_Q_DIRECTIVE","Find the connections.","Find the connections.","Find the connections.","Find the connections.","","","Q_AUTHORED_CURRENT_POST","Q_BODY","KEEP","canonical post body, no embedded-source evidence"
"1872#0","1872","KEEP_Q_DIRECTIVE","KEEP_Q_DIRECTIVE","Think previous: BOOM BOOM BOOM BOOM","Think previous: BOOM BOOM BOOM BOOM","Think previous: BOOM BOOM BOOM BOOM","Think previous: BOOM BOOM BOOM BOOM","","","Q_AUTHORED_CURRENT_POST","Q_BODY","KEEP","canonical post body, no embedded-source evidence"
"1872#1","1872","KEEP_Q_DIRECTIVE","KEEP_Q_DIRECTIVE","Re_read drops re: SET UP.","Re_read drops re: SET UP.","Re_read drops re: SET UP.","Re_read drops re: SET UP.","","","Q_AUTHORED_CURRENT_POST","Q_BODY","KEEP","canonical post body, no embedded-source evidence"
"1873#0","1873","KEEP_Q_DIRECTIVE","KEEP_Q_DIRECTIVE","Ask yourself - WHY?","Ask yourself - WHY?","Ask yourself - WHY?","Ask yourself - WHY?","","","Q_AUTHORED_CURRENT_POST","Q_BODY","KEEP","canonical post body, no embedded-source evidence"
"1876#0","1876","KEEP_Q_DIRECTIVE","KEEP_Q_DIRECTIVE","Think XKeyscore + PRISM specifically.","Think XKeyscore + PRISM specifically.","Think XKeyscore + PRISM specifically.","Think XKeyscore + PRISM specifically.","","","Q_AUTHORED_CURRENT_POST","Q_BODY","KEEP","canonical post body, no embedded-source evidence"
"1876#1","1876","KEEP_Q_DIRECTIVE","KEEP_Q_DIRECTIVE","Think SIGINT.","Think SIGINT.","Think SIGINT.","Think SIGINT.","","","Q_AUTHORED_CURRENT_POST","Q_BODY","KEEP","canonical post body, no embedded-source evidence"
"1879#0","1879","KEEP_Q_DIRECTIVE","KEEP_Q_DIRECTIVE","Expect MANY MANY MANY similar reports to surface from around the world.","Expect MANY MANY MANY similar reports to surface from around the world.","Expect MANY MANY MANY similar reports to surface from around the world.","Expect MANY MANY MANY similar reports to surface from around the world.","","","Q_AUTHORED_CURRENT_POST","Q_BODY","KEEP","canonical post body, no embedded-source evidence"
"1882#0","1882","KEEP_Q_DIRECTIVE","KEEP_Q_DIRECTIVE","Read very carefully.","Read very carefully.","Read very carefully.","Read very carefully.","","","Q_AUTHORED_CURRENT_POST","Q_BODY","KEEP","canonical post body, no embedded-source evidence"
"1886#0","1886","REMOVE_QUOTED_SCRIPTURE","REMOVE_QUOTED_SCRIPTURE","Put on the full armor of God so that you can take your stand against the devil's schemes.","","Put on the full armor of God so that you can take your stand against the devil’s schemes.","Put on the full armor of God so that you can take your stand against the devil’s schemes.","","","QUOTED_OR_EMBEDDED","QUOTED_SCRIPTURE","REMOVE_FROM_DIRECTIVES","reproduced scripture"
"1886#1","1886","REMOVE_QUOTED_SCRIPTURE","REMOVE_QUOTED_SCRIPTURE","Stand firm then, with the belt of truth buckled around your waist, with the breastplate of righteousness in place, and with your feet fitted with the readiness that comes from the gospel of peace.","","Stand firm then, with the belt of truth buckled around your waist, with the breastplate of righteousness in place, and with your feet fitted with the readiness that comes from the gospel of peace.","Stand firm then, with the belt of truth buckled around your waist, with the breastplate of righteousness in place, and with your feet fitted with the readiness that comes from the gospel of peace.","","","QUOTED_OR_EMBEDDED","QUOTED_SCRIPTURE","REMOVE_FROM_DIRECTIVES","reproduced scripture"
"1886#2","1886","REMOVE_QUOTED_SCRIPTURE","REMOVE_QUOTED_SCRIPTURE","Take the helmet of salvation and the sword of the Spirit, which is the word of God.","","Take the helmet of salvation and the sword of the Spirit, which is the word of God.","Take the helmet of salvation and the sword of the Spirit, which is the word of God.","","","QUOTED_OR_EMBEDDED","QUOTED_SCRIPTURE","REMOVE_FROM_DIRECTIVES","reproduced scripture"
"1887#0","1887","KEEP_Q_DIRECTIVE","KEEP_Q_DIRECTIVE","Define C_A regional assets.","Define C_A regional assets.","Define C_A regional assets.","Define C_A regional assets.","","","Q_AUTHORED_CURRENT_POST","Q_BODY","KEEP","canonical post body, no embedded-source evidence"
"189#0","189","KEEP_Q_DIRECTIVE","KEEP_Q_DIRECTIVE","Identify symbolism (Owl / Y).","Identify symbolism (Owl / Y).","Identify symbolism (Owl / Y).","Identify symbolism (Owl / Y).","","","Q_AUTHORED_CURRENT_POST","Q_BODY","KEEP","canonical post body, no embedded-source evidence"
"189#1","189","KEEP_Q_DIRECTIVE","KEEP_Q_DIRECTIVE","Push conspiracy theory.","Push conspiracy theory.","Push conspiracy theory.","Push conspiracy theory.","","","Q_AUTHORED_CURRENT_POST","Q_BODY","KEEP","canonical post body, no embedded-source evidence"
"189#2","189","KEEP_Q_DIRECTIVE","KEEP_Q_DIRECTIVE","Push conspiracy theory and institute new rules allowing for ban.","Push conspiracy theory and institute new rules allowing for ban.","Push conspiracy theory and institute new rules allowing for ban.","Push conspiracy theory and institute new rules allowing for ban.","","","Q_AUTHORED_CURRENT_POST","Q_BODY","KEEP","canonical post body, no embedded-source evidence"
"189#3","189","KEEP_Q_DIRECTIVE","KEEP_Q_DIRECTIVE","Re-read graphic (ex: what family did Soros replace (Y)).","Re-read graphic (ex: what family did Soros replace (Y)).","Re-read graphic (ex: what family did Soros replace (Y)).","Re-read graphic (ex: what family did Soros replace (Y)).","","","Q_AUTHORED_CURRENT_POST","Q_BODY","KEEP","canonical post body, no embedded-source evidence"
"1892#0","1892","KEEP_Q_DIRECTIVE","KEEP_Q_DIRECTIVE","NEVER FORGET.","NEVER FORGET.","NEVER FORGET.","NEVER FORGET.","","","Q_AUTHORED_CURRENT_POST","Q_BODY","KEEP","canonical post body, no embedded-source evidence"
"1895#0","1895","KEEP_Q_DIRECTIVE","KEEP_Q_DIRECTIVE","Focus on her necklace.","Focus on her necklace.","Focus on her necklace.","Focus on her necklace.","","","Q_AUTHORED_CURRENT_POST","Q_BODY","KEEP","canonical post body, no embedded-source evidence"
"1895#1","1895","KEEP_Q_DIRECTIVE","KEEP_Q_DIRECTIVE","Find the match.","Find the match.","Find the match.","Find the match.","","","Q_AUTHORED_CURRENT_POST","Q_BODY","KEEP","canonical post body, no embedded-source evidence"
"1897#0","1897","KEEP_Q_DIRECTIVE","KEEP_Q_DIRECTIVE","Find the matches.","Find the matches.","Find the matches.","Find the matches.","","","Q_AUTHORED_CURRENT_POST","Q_BODY","KEEP","canonical post body, no embedded-source evidence"
"1897#1","1897","KEEP_Q_DIRECTIVE","KEEP_Q_DIRECTIVE","Open source.","Open source.","Open source.","Open source.","","","Q_AUTHORED_CURRENT_POST","Q_BODY","KEEP","canonical post body, no embedded-source evidence"
"1898#0","1898","KEEP_Q_DIRECTIVE","KEEP_Q_DIRECTIVE","Compare pool of V w/ painting of kids in pool (red shoes).","Compare pool of V w/ painting of kids in pool (red shoes).","Compare pool of V w/ painting of kids in pool (red shoes).","Compare pool of V w/ painting of kids in pool (red shoes).","","","Q_AUTHORED_CURRENT_POST","Q_BODY","KEEP","canonical post body, no embedded-source evidence"
"1899#0","1899","KEEP_Q_DIRECTIVE","KEEP_Q_DIRECTIVE","Cross against Podesta.","Cross against Podesta.","Cross against Podesta.","Cross against Podesta.","","","Q_AUTHORED_CURRENT_POST","Q_BODY","KEEP","canonical post body, no embedded-source evidence"
"1899#1","1899","KEEP_Q_DIRECTIVE","KEEP_Q_DIRECTIVE","Review 2015/2016 pics (inside only).","Review 2015/2016 pics (inside only).","Review 2015/2016 pics (inside only).","Review 2015/2016 pics (inside only).","","","Q_AUTHORED_CURRENT_POST","Q_BODY","KEEP","canonical post body, no embedded-source evidence"
"1899#2","1899","KEEP_Q_DIRECTIVE","KEEP_Q_DIRECTIVE","Travel to Rome.","Travel to Rome.","Travel to Rome.","Travel to Rome.","","","Q_AUTHORED_CURRENT_POST","Q_BODY","KEEP","canonical post body, no embedded-source evidence"
"19#0","19","KEEP_Q_DIRECTIVE","KEEP_Q_DIRECTIVE","Follow the money.","Follow the money.","Follow the money.","Follow the money.","","","Q_AUTHORED_CURRENT_POST","Q_BODY","KEEP","canonical post body, no embedded-source evidence"
"190#0","190","KEEP_Q_DIRECTIVE","KEEP_Q_DIRECTIVE","Have faith.","Have faith.","have faith","have faith","","","Q_AUTHORED_CURRENT_POST","Q_BODY","KEEP","OWNER RULING R3: ""have faith"" is an imperative — an instruction to maintain confidence, belief or morale."
"1902#0","1902","KEEP_Q_DIRECTIVE","KEEP_Q_DIRECTIVE","Compare & contrast.","Compare & contrast.","Compare & contrast.","Compare & contrast.","","","Q_AUTHORED_CURRENT_POST","Q_BODY","KEEP","canonical post body, no embedded-source evidence"
"1902#1","1902","KEEP_Q_DIRECTIVE","KEEP_Q_DIRECTIVE","Travel to Rome.","Travel to Rome.","Travel to Rome.","Travel to Rome.","","","Q_AUTHORED_CURRENT_POST","Q_BODY","KEEP","canonical post body, no embedded-source evidence"
"1908#0","1908","KEEP_Q_DIRECTIVE","KEEP_Q_DIRECTIVE","Ask yourself simple questions.","Ask yourself simple questions.","Ask yourself simple questions.","Ask yourself simple questions.","","","Q_AUTHORED_CURRENT_POST","Q_BODY","KEEP","canonical post body, no embedded-source evidence"
"1908#1","1908","KEEP_Q_DIRECTIVE","KEEP_Q_DIRECTIVE","Ask yourself, would you NOT want to be at your preferred destination PRIOR TO going public?","Ask yourself, would you NOT want to be at your preferred destination PRIOR TO going public?","Ask yourself, would you NOT want to be at your preferred destination PRIOR TO going public?","Ask yourself, would you NOT want to be at your preferred destination PRIOR TO going public?","","","Q_AUTHORED_CURRENT_POST","Q_BODY","KEEP","canonical post body, no embedded-source evidence"
"1911#0","1911","REMOVE_BLESSING_OR_VALEDICTION","REMOVE_BLESSING_OR_VALEDICTION","God bless.","","God bless.","God bless.","","","Q_AUTHORED_CURRENT_POST","Q_BODY","REMOVE_FROM_DIRECTIVES","blessing or valediction, not a command"
"1912#0","1912","KEEP_Q_DIRECTIVE","KEEP_Q_DIRECTIVE","Smile for the camera.","Smile for the camera.","Smile for the camera.","Smile for the camera.","","","Q_AUTHORED_CURRENT_POST","Q_BODY","KEEP","canonical post body, no embedded-source evidence"
"1916#0","1916","KEEP_Q_DIRECTIVE","KEEP_Q_DIRECTIVE","See something.","See something.","See something.","See something.","","","Q_AUTHORED_CURRENT_POST","Q_BODY","KEEP","canonical post body, no embedded-source evidence"
"1916#1","1916","KEEP_Q_DIRECTIVE","KEEP_Q_DIRECTIVE","Say something.","Say something.","Say something.","Say something.","","","Q_AUTHORED_CURRENT_POST","Q_BODY","KEEP","canonical post body, no embedded-source evidence"
"1916#2","1916","KEEP_Q_DIRECTIVE","KEEP_Q_DIRECTIVE","PEOPLE must unite to clean out these old institutions.","PEOPLE must unite to clean out these old institutions.","PEOPLE must unite to clean out these old institutions.","PEOPLE must unite to clean out these old institutions.","","","Q_AUTHORED_CURRENT_POST","Q_BODY","KEEP","canonical post body, no embedded-source evidence"
"1919#0","1919","KEEP_Q_DIRECTIVE","KEEP_Q_DIRECTIVE","Remember, 'conspiracy' friends, LARPS have access to a full stock of 'original' surveillance photos.","Remember, 'conspiracy' friends, LARPS have access to a full stock of 'original' surveillance photos.","Remember, 'conspiracy' friends, LARPS have access to a full stock of 'original' surveillance photos.","Remember, 'conspiracy' friends, LARPS have access to a full stock of 'original' surveillance photos.","","","Q_AUTHORED_CURRENT_POST","Q_BODY","KEEP","canonical post body, no embedded-source evidence"
"1919#1","1919","KEEP_Q_DIRECTIVE","KEEP_Q_DIRECTIVE","Enjoy the show.","Enjoy the show.","Enjoy the show.","Enjoy the show.","","","Q_AUTHORED_CURRENT_POST","Q_BODY","KEEP","canonical post body, no embedded-source evidence"
"192#0","192","KEEP_Q_DIRECTIVE","KEEP_Q_DIRECTIVE","Compare.","Compare.","Compare.","Compare.","","","Q_AUTHORED_CURRENT_POST","Q_BODY","KEEP","canonical post body, no embedded-source evidence"
"192#1","192","KEEP_Q_DIRECTIVE","KEEP_Q_DIRECTIVE","Think.","Think.","Think.","Think.","","","Q_AUTHORED_CURRENT_POST","Q_BODY","KEEP","canonical post body, no embedded-source evidence"
"1925#0","1925","KEEP_Q_DIRECTIVE","KEEP_Q_DIRECTIVE","Watch the budget.","Watch the budget.","Watch the budget.","Watch the budget.","","","Q_AUTHORED_CURRENT_POST","Q_BODY","KEEP","canonical post body, no embedded-source evidence"
"1926#0","1926","KEEP_Q_DIRECTIVE","KEEP_Q_DIRECTIVE","Define 'Fascism'.","Define 'Fascism'.","Define 'Fascism'.","Define 'Fascism'.","","","Q_AUTHORED_CURRENT_POST","Q_BODY","KEEP","canonical post body, no embedded-source evidence"
"1926#1","1926","KEEP_Q_DIRECTIVE","KEEP_Q_DIRECTIVE","Define 'Censorship'.","Define 'Censorship'.","Define 'Censorship'.","Define 'Censorship'.","","","Q_AUTHORED_CURRENT_POST","Q_BODY","KEEP","canonical post body, no embedded-source evidence"
"1926#2","1926","KEEP_Q_DIRECTIVE","KEEP_Q_DIRECTIVE","Define 'Narrative'.","Define 'Narrative'.","Define 'Narrative'.","Define 'Narrative'.","","","Q_AUTHORED_CURRENT_POST","Q_BODY","KEEP","canonical post body, no embedded-source evidence"
"1926#3","1926","KEEP_Q_DIRECTIVE","KEEP_Q_DIRECTIVE","Define 'Projection'.","Define 'Projection'.","Define 'Projection'.","Define 'Projection'.","","","Q_AUTHORED_CURRENT_POST","Q_BODY","KEEP","canonical post body, no embedded-source evidence"
"1926#4","1926","KEEP_Q_DIRECTIVE","KEEP_Q_DIRECTIVE","Define 'Psychological Projection'.","Define 'Psychological Projection'.","Define 'Psychological Projection'.","Define 'Psychological Projection'.","","","Q_AUTHORED_CURRENT_POST","Q_BODY","KEEP","canonical post body, no embedded-source evidence"
"1926#5","1926","KEEP_Q_DIRECTIVE","KEEP_Q_DIRECTIVE","Define 'Narcissist'.","Define 'Narcissist'.","Define 'Narcissist'.","Define 'Narcissist'.","","","Q_AUTHORED_CURRENT_POST","Q_BODY","KEEP","canonical post body, no embedded-source evidence"
"1926#6","1926","KEEP_Q_DIRECTIVE","KEEP_Q_DIRECTIVE","Define 'Dogma'.","Define 'Dogma'.","Define 'Dogma'.","Define 'Dogma'.","","","Q_AUTHORED_CURRENT_POST","Q_BODY","KEEP","canonical post body, no embedded-source evidence"
"1926#7","1926","KEEP_Q_DIRECTIVE","KEEP_Q_DIRECTIVE","Define 'Aggression'.","Define 'Aggression'.","Define 'Aggression'.","Define 'Aggression'.","","","Q_AUTHORED_CURRENT_POST","Q_BODY","KEEP","canonical post body, no embedded-source evidence"
"1926#8","1926","KEEP_Q_DIRECTIVE","KEEP_Q_DIRECTIVE","Define 'Suppression'.","Define 'Suppression'.","Define 'Suppression'.","Define 'Suppression'.","","","Q_AUTHORED_CURRENT_POST","Q_BODY","KEEP","canonical post body, no embedded-source evidence"
"1926#9","1926","KEEP_Q_DIRECTIVE","KEEP_Q_DIRECTIVE","Define 'Realism'.","Define 'Realism'.","Define 'Realism'.","Define 'Realism'.","","","Q_AUTHORED_CURRENT_POST","Q_BODY","KEEP","canonical post body, no embedded-source evidence"
"1927#0","1927","KEEP_Q_DIRECTIVE","KEEP_Q_DIRECTIVE","Define 'Subversion'.","Define 'Subversion'.","Define 'Subversion'.","Define 'Subversion'.","","","Q_AUTHORED_CURRENT_POST","Q_BODY","KEEP","canonical post body, no embedded-source evidence"
"1928#0","1928","KEEP_Q_DIRECTIVE","KEEP_Q_DIRECTIVE","Enjoy the show.","Enjoy the show.","Enjoy the show.","Enjoy the show.","","","Q_AUTHORED_CURRENT_POST","Q_BODY","KEEP","canonical post body, no embedded-source evidence"
"1929#0","1929","KEEP_Q_DIRECTIVE","KEEP_Q_DIRECTIVE","Enjoy the show.","Enjoy the show.","Enjoy the show.","Enjoy the show.","","","Q_AUTHORED_CURRENT_POST","Q_BODY","KEEP","canonical post body, no embedded-source evidence"
"1935#0","1935","KEEP_Q_DIRECTIVE","KEEP_Q_DIRECTIVE","Focus Here:","Focus Here:","Focus Here:","Focus Here:","","","Q_AUTHORED_CURRENT_POST","Q_BODY","KEEP","canonical post body, no embedded-source evidence"
"1935#1","1935","KEEP_Q_DIRECTIVE","KEEP_Q_DIRECTIVE","Define 'Projection'.","Define 'Projection'.","Define 'Projection'.","Define 'Projection'.","","","Q_AUTHORED_CURRENT_POST","Q_BODY","KEEP","canonical post body, no embedded-source evidence"
"1935#2","1935","KEEP_Q_DIRECTIVE","KEEP_Q_DIRECTIVE","Ask yourself, if above are central to operational success, who would you pick to lead such orgs?","Ask yourself, if above are central to operational success, who would you pick to lead such orgs?","Ask yourself, if above are central to operational success, who would you pick to lead such orgs?","Ask yourself, if above are central to operational success, who would you pick to lead such orgs?","","","Q_AUTHORED_CURRENT_POST","Q_BODY","KEEP","canonical post body, no embedded-source evidence"
"1935#3","1935","KEEP_Q_DIRECTIVE","KEEP_Q_DIRECTIVE","Compare donors.","Compare donors.","Compare donors.","Compare donors.","","","Q_AUTHORED_CURRENT_POST","Q_BODY","KEEP","canonical post body, no embedded-source evidence"
"1935#4","1935","KEEP_Q_DIRECTIVE","KEEP_Q_DIRECTIVE","Define DARK MONEY.","Define DARK MONEY.","Define DARK MONEY.","Define DARK MONEY.","","","Q_AUTHORED_CURRENT_POST","Q_BODY","KEEP","canonical post body, no embedded-source evidence"
"1935#5","1935","KEEP_Q_DIRECTIVE","KEEP_Q_DIRECTIVE","Think FLYNN [30].","Think FLYNN [30].","Think FLYNN [30].","Think FLYNN [30].","","","Q_AUTHORED_CURRENT_POST","Q_BODY","KEEP","canonical post body, no embedded-source evidence"
"1936#0","1936","KEEP_Q_DIRECTIVE","KEEP_Q_DIRECTIVE","Think for yourself.","Think for yourself.","Think for yourself.","Think for yourself.","","","Q_AUTHORED_CURRENT_POST","Q_BODY","KEEP","canonical post body, no embedded-source evidence"
"1936#1","1936","KEEP_Q_DIRECTIVE","KEEP_Q_DIRECTIVE","Research for yourself.","Research for yourself.","Research for yourself.","Research for yourself.","","","Q_AUTHORED_CURRENT_POST","Q_BODY","KEEP","canonical post body, no embedded-source evidence"
"1936#2","1936","KEEP_Q_DIRECTIVE","KEEP_Q_DIRECTIVE","Trust yourself.","Trust yourself.","Trust yourself.","Trust yourself.","","","Q_AUTHORED_CURRENT_POST","Q_BODY","KEEP","canonical post body, no embedded-source evidence"
"1936#3","1936","KEEP_Q_DIRECTIVE","KEEP_Q_DIRECTIVE","FOLLOW THE FACTS.","FOLLOW THE FACTS.","FOLLOW THE FACTS.","FOLLOW THE FACTS.","","","Q_AUTHORED_CURRENT_POST","Q_BODY","KEEP","canonical post body, no embedded-source evidence"
"194#0","194","KEEP_Q_DIRECTIVE","KEEP_Q_DIRECTIVE","Re-read drops re: NK / Iran.","Re-read drops re: NK / Iran.","Re-read drops re: NK / Iran.","Re-read drops re: NK / Iran.","","","Q_AUTHORED_CURRENT_POST","Q_BODY","KEEP","canonical post body, no embedded-source evidence"
"1943#0","1943","KEEP_Q_DIRECTIVE","KEEP_Q_DIRECTIVE","Watch IRAN.","Watch IRAN.","Watch IRAN.","Watch IRAN.","","","Q_AUTHORED_CURRENT_POST","Q_BODY","KEEP","canonical post body, no embedded-source evidence"
"1943#1","1943","KEEP_Q_DIRECTIVE","KEEP_Q_DIRECTIVE","FIGHT FOR YOUR FREEDOM.","FIGHT FOR YOUR FREEDOM.","FIGHT FOR YOUR FREEDOM.","FIGHT FOR YOUR FREEDOM.","","","Q_AUTHORED_CURRENT_POST","Q_BODY","KEEP","canonical post body, no embedded-source evidence"
"1944#0","1944","KEEP_Q_DIRECTIVE","KEEP_Q_DIRECTIVE","Define 'State Secrets'.","Define 'State Secrets'.","Define 'State Secrets'.","Define 'State Secrets'.","","","Q_AUTHORED_CURRENT_POST","Q_BODY","KEEP","canonical post body, no embedded-source evidence"
"1944#1","1944","KEEP_Q_DIRECTIVE","KEEP_Q_DIRECTIVE","Define 'Projection'.","Define 'Projection'.","Define 'Projection'.","Define 'Projection'.","","","Q_AUTHORED_CURRENT_POST","Q_BODY","KEEP","canonical post body, no embedded-source evidence"
"1945#0","1945","KEEP_Q_DIRECTIVE","KEEP_Q_DIRECTIVE","Define 'Treason'.","Define 'Treason'.","Define 'Treason'.","Define 'Treason'.","","","Q_AUTHORED_CURRENT_POST","Q_BODY","KEEP","canonical post body, no embedded-source evidence"
"1945#1","1945","KEEP_Q_DIRECTIVE","KEEP_Q_DIRECTIVE","Define 'Treason'.","Define 'Treason'.","Define 'Treason'.","Define 'Treason'.","","","Q_AUTHORED_CURRENT_POST","Q_BODY","KEEP","canonical post body, no embedded-source evidence"
"1945#2","1945","KEEP_Q_DIRECTIVE","KEEP_Q_DIRECTIVE","Define 'Projection'.","Define 'Projection'.","Define 'Projection'.","Define 'Projection'.","","","Q_AUTHORED_CURRENT_POST","Q_BODY","KEEP","canonical post body, no embedded-source evidence"
"1947#0","1947","KEEP_Q_DIRECTIVE","KEEP_Q_DIRECTIVE","DEFEND GOOG AT ALL COSTS.","DEFEND GOOG AT ALL COSTS.","DEFEND GOOG AT ALL COSTS.","DEFEND GOOG AT ALL COSTS.","","","Q_AUTHORED_CURRENT_POST","Q_BODY","KEEP","canonical post body, no embedded-source evidence"
"1947#1","1947","KEEP_Q_DIRECTIVE","KEEP_Q_DIRECTIVE","OPEN THE DOOR AND WE SHALL ALWAYS WALK THROUGH AND TAKE CONTROL.","OPEN THE DOOR AND WE SHALL ALWAYS WALK THROUGH AND TAKE CONTROL.","OPEN THE DOOR AND WE SHALL ALWAYS WALK THROUGH AND TAKE CONTROL.","OPEN THE DOOR AND WE SHALL ALWAYS WALK THROUGH AND TAKE CONTROL.","","","Q_AUTHORED_CURRENT_POST","Q_BODY","KEEP","canonical post body, no embedded-source evidence"
"1948#0","1948","KEEP_Q_DIRECTIVE","KEEP_Q_DIRECTIVE","Define 'Contractor'.","Define 'Contractor'.","Define 'Contractor'.","Define 'Contractor'.","","","Q_AUTHORED_CURRENT_POST","Q_BODY","KEEP","canonical post body, no embedded-source evidence"
"1948#1","1948","KEEP_Q_DIRECTIVE","KEEP_Q_DIRECTIVE","Define the 'PRISM' program.","Define the 'PRISM' program.","Define the 'PRISM' program.","Define the 'PRISM' program.","","","Q_AUTHORED_CURRENT_POST","Q_BODY","KEEP","canonical post body, no embedded-source evidence"
"195#0","195","KEEP_Q_DIRECTIVE","KEEP_Q_DIRECTIVE","Re-read drops re: NK / Iran.","Re-read drops re: NK / Iran.","Re-read drops re: NK / Iran.","Re-read drops re: NK / Iran.","","","Q_AUTHORED_CURRENT_POST","Q_BODY","KEEP","canonical post body, no embedded-source evidence"
"1953#0","1953","KEEP_Q_DIRECTIVE","KEEP_Q_DIRECTIVE","Stay LOCAL (U.S.)","Stay LOCAL (U.S.)","Stay LOCAL (U.S.)","Stay LOCAL (U.S.)","","","Q_AUTHORED_CURRENT_POST","Q_BODY","KEEP","canonical post body, no embedded-source evidence"
"1953#1","1953","KEEP_Q_DIRECTIVE","KEEP_Q_DIRECTIVE","Think MIRROR.","Think MIRROR.","Think MIRROR.","Think MIRROR.","","","Q_AUTHORED_CURRENT_POST","Q_BODY","KEEP","canonical post body, no embedded-source evidence"
"1953#2","1953","KEEP_Q_DIRECTIVE","KEEP_Q_DIRECTIVE","Know your enemy.","Know your enemy.","Know your enemy.","Know your enemy.","","","Q_AUTHORED_CURRENT_POST","Q_BODY","KEEP","canonical post body, no embedded-source evidence"
"1955#0","1955","KEEP_Q_DIRECTIVE","KEEP_Q_DIRECTIVE","Do not force those not yet ready.","Do not force those not yet ready.","Do not force those not yet ready.","Do not force those not yet ready.","","","Q_AUTHORED_CURRENT_POST","Q_BODY","KEEP","canonical post body, no embedded-source evidence"
"1955#1","1955","KEEP_Q_DIRECTIVE","KEEP_Q_DIRECTIVE","Do not isolate yourself within your own family.","Do not isolate yourself within your own family.","Do not isolate yourself within your own family.","Do not isolate yourself within your own family.","","","Q_AUTHORED_CURRENT_POST","Q_BODY","KEEP","canonical post body, no embedded-source evidence"
"1955#2","1955","KEEP_Q_DIRECTIVE","KEEP_Q_DIRECTIVE","Stay Strong.","Stay Strong.","Stay Strong.","Stay Strong.","","","Q_AUTHORED_CURRENT_POST","Q_BODY","KEEP","canonical post body, no embedded-source evidence"
"1956#0","1956","KEEP_Q_DIRECTIVE","KEEP_Q_DIRECTIVE","You MUST stay TOGETHER.","You MUST stay TOGETHER.","You MUST stay TOGETHER.","You MUST stay TOGETHER.","","","Q_AUTHORED_CURRENT_POST","Q_BODY","KEEP","canonical post body, no embedded-source evidence"
"1957#0","1957","KEEP_Q_DIRECTIVE","KEEP_Q_DIRECTIVE","Buy a history book published 20 years ago.","Buy a history book published 20 years ago.","Buy a history book published 20 years ago.","Buy a history book published 20 years ago.","","","Q_AUTHORED_CURRENT_POST","Q_BODY","KEEP","canonical post body, no embedded-source evidence"
"1957#1","1957","KEEP_Q_DIRECTIVE","KEEP_Q_DIRECTIVE","Buy a history book published 10 years ago.","Buy a history book published 10 years ago.","Buy a history book published 10 years ago.","Buy a history book published 10 years ago.","","","Q_AUTHORED_CURRENT_POST","Q_BODY","KEEP","canonical post body, no embedded-source evidence"
"1957#2","1957","KEEP_Q_DIRECTIVE","KEEP_Q_DIRECTIVE","Buy a history book published this year.","Buy a history book published this year.","Buy a history book published this year.","Buy a history book published this year.","","","Q_AUTHORED_CURRENT_POST","Q_BODY","KEEP","canonical post body, no embedded-source evidence"
"1957#3","1957","KEEP_Q_DIRECTIVE","KEEP_Q_DIRECTIVE","Compare.","Compare.","Compare.","Compare.","","","Q_AUTHORED_CURRENT_POST","Q_BODY","KEEP","canonical post body, no embedded-source evidence"
"1957#4","1957","KEEP_Q_DIRECTIVE","KEEP_Q_DIRECTIVE","Focus on WWI/WWII","Focus on WWI/WWII","Focus on WWI/WWII","Focus on WWI/WWII","","","Q_AUTHORED_CURRENT_POST","Q_BODY","KEEP","canonical post body, no embedded-source evidence"
"1958#0","1958","KEEP_Q_DIRECTIVE","KEEP_Q_DIRECTIVE","Listen carefully.","Listen carefully.","Listen carefully.","Listen carefully.","","","Q_AUTHORED_CURRENT_POST","Q_BODY","KEEP","canonical post body, no embedded-source evidence"
"1960#0","1960","KEEP_Q_DIRECTIVE","KEEP_Q_DIRECTIVE","Pro TIP: Look @ CrowdStrike","Pro TIP: Look @ CrowdStrike","Pro TIP: Look @ CrowdStrike","Pro TIP: Look @ CrowdStrike","","","Q_AUTHORED_CURRENT_POST","Q_BODY","KEEP","canonical post body, no embedded-source evidence"
"1961#0","1961","KEEP_Q_DIRECTIVE","KEEP_Q_DIRECTIVE","Stay strong.","Stay strong.","Stay strong.","Stay strong.","","","Q_AUTHORED_CURRENT_POST","Q_BODY","KEEP","canonical post body, no embedded-source evidence"
"1961#1","1961","KEEP_Q_DIRECTIVE","KEEP_Q_DIRECTIVE","Stay the course.","Stay the course.","Stay the course.","Stay the course.","","","Q_AUTHORED_CURRENT_POST","Q_BODY","KEEP","canonical post body, no embedded-source evidence"
"1961#2","1961","REMOVE_BLESSING_OR_VALEDICTION","REMOVE_BLESSING_OR_VALEDICTION","GOD BLESS YOU & YOUR FAMILY.","","GOD BLESS YOU & YOUR FAMILY.","GOD BLESS YOU & YOUR FAMILY.","","","Q_AUTHORED_CURRENT_POST","Q_BODY","REMOVE_FROM_DIRECTIVES","blessing or valediction, not a command"
"1964#0","1964","KEEP_Q_DIRECTIVE","KEEP_Q_DIRECTIVE","Stay the course.","Stay the course.","Stay the course.","Stay the course.","","","Q_AUTHORED_CURRENT_POST","Q_BODY","KEEP","canonical post body, no embedded-source evidence"
"1964#1","1964","KEEP_Q_DIRECTIVE","KEEP_Q_DIRECTIVE","Think LISA BARSOOMIAN (Smile).","Think LISA BARSOOMIAN (Smile).","Think LISA BARSOOMIAN (Smile).","Think LISA BARSOOMIAN (Smile).","","","Q_AUTHORED_CURRENT_POST","Q_BODY","KEEP","canonical post body, no embedded-source evidence"
"1967#0","1967","KEEP_Q_DIRECTIVE","KEEP_Q_DIRECTIVE","Read","Read","Read","Read","","","Q_AUTHORED_CURRENT_POST","Q_BODY","KEEP","canonical post body, no embedded-source evidence"
"1967#1","1967","KEEP_Q_DIRECTIVE","KEEP_Q_DIRECTIVE","Use Logic","Use Logic","Use Logic","Use Logic","","","Q_AUTHORED_CURRENT_POST","Q_BODY","KEEP","canonical post body, no embedded-source evidence"
"1968#0","1968","KEEP_Q_DIRECTIVE","KEEP_Q_DIRECTIVE","See above, reflect, use logic.","See above, reflect, use logic.","See above, reflect, use logic.","See above, reflect, use logic.","","","Q_AUTHORED_CURRENT_POST","Q_BODY","KEEP","canonical post body, no embedded-source evidence"
"1972#0","1972","KEEP_Q_DIRECTIVE","KEEP_Q_DIRECTIVE","Define 'Shelter'.","Define 'Shelter'.","Define 'Shelter'.","Define 'Shelter'.","","","Q_AUTHORED_CURRENT_POST","Q_BODY","KEEP","canonical post body, no embedded-source evidence"
"1974#0","1974","KEEP_Q_DIRECTIVE","KEEP_Q_DIRECTIVE","Trust the Plan.","Trust the Plan.","Trust the Plan.","Trust the Plan.","","","Q_AUTHORED_CURRENT_POST","Q_BODY","KEEP","canonical post body, no embedded-source evidence"
"1979#0","1979","KEEP_Q_DIRECTIVE","KEEP_Q_DIRECTIVE","Reconcile.","Reconcile.","Reconcile.","Reconcile.","","","Q_AUTHORED_CURRENT_POST","Q_BODY","KEEP","canonical post body, no embedded-source evidence"
"198#0","198","KEEP_Q_DIRECTIVE","KEEP_Q_DIRECTIVE","Expand your thinking.","Expand your thinking.","Expand your thinking.","Expand your thinking.","","","Q_AUTHORED_CURRENT_POST","Q_BODY","KEEP","canonical post body, no embedded-source evidence"
"198#1","198","KEEP_Q_DIRECTIVE","KEEP_Q_DIRECTIVE","Re-read crumbs.","Re-read crumbs.","Re-read crumbs.","Re-read crumbs.","","","Q_AUTHORED_CURRENT_POST","Q_BODY","KEEP","canonical post body, no embedded-source evidence"
"1980#0","1980","KEEP_Q_DIRECTIVE","KEEP_Q_DIRECTIVE","Swap ""of"" w/ ""in.""","Swap ""of"" w/ ""in.""","Swap ""of"" w/ ""in.""","Swap ""of"" w/ ""in.""","","","Q_AUTHORED_CURRENT_POST","Q_BODY","KEEP","canonical post body, no embedded-source evidence"
"1983#0","1983","KEEP_Q_DIRECTIVE","KEEP_Q_DIRECTIVE","Think Sever Access [granted]","Think Sever Access [granted]","Think Sever Access [granted]","Think Sever Access [granted]","","","Q_AUTHORED_CURRENT_POST","Q_BODY","KEEP","canonical post body, no embedded-source evidence"
"1987#0","1987","KEEP_Q_DIRECTIVE","KEEP_Q_DIRECTIVE","Enjoy the show.","Enjoy the show.","Enjoy the show.","Enjoy the show.","","","Q_AUTHORED_CURRENT_POST","Q_BODY","KEEP","canonical post body, no embedded-source evidence"
"1998#0","1998","KEEP_Q_DIRECTIVE","KEEP_Q_DIRECTIVE","Expect another BIG coordinated wave [#3] of attacks by FAKE NEWS.","Expect another BIG coordinated wave [#3] of attacks by FAKE NEWS.","Expect another BIG coordinated wave [#3] of attacks by FAKE NEWS.","Expect another BIG coordinated wave [#3] of attacks by FAKE NEWS.","","","Q_AUTHORED_CURRENT_POST","Q_BODY","KEEP","canonical post body, no embedded-source evidence"
"2#0","2","KEEP_Q_DIRECTIVE","KEEP_Q_DIRECTIVE","Follow Huma.","Follow Huma.","Follow Huma.","Follow Huma.","","","Q_AUTHORED_CURRENT_POST","Q_BODY","KEEP","canonical post body, no embedded-source evidence"
"2#1","2","REMOVE_BLESSING_OR_VALEDICTION","REMOVE_BLESSING_OR_VALEDICTION","God bless fellow Patriots.","","God bless fellow Patriots.","God bless fellow Patriots.","","","Q_AUTHORED_CURRENT_POST","Q_BODY","REMOVE_FROM_DIRECTIVES","blessing or valediction, not a command"
"2000#0","2000","KEEP_Q_DIRECTIVE","KEEP_Q_DIRECTIVE","Think about this.","Think about this.","Think about this.","Think about this.","","","Q_AUTHORED_CURRENT_POST","Q_BODY","KEEP","canonical post body, no embedded-source evidence"
"2000#1","2000","KEEP_Q_DIRECTIVE","KEEP_Q_DIRECTIVE","Ask yourself, why?","Ask yourself, why?","Ask yourself, why?","Ask yourself, why?","","","Q_AUTHORED_CURRENT_POST","Q_BODY","KEEP","canonical post body, no embedded-source evidence"
"2005#0","2005","KEEP_Q_DIRECTIVE","KEEP_Q_DIRECTIVE","Follow the LEADER.","Follow the LEADER.","Follow the LEADER.","Follow the LEADER.","","","Q_AUTHORED_CURRENT_POST","Q_BODY","KEEP","canonical post body, no embedded-source evidence"
"2005#1","2005","KEEP_Q_DIRECTIVE","KEEP_Q_DIRECTIVE","Focus Here:","Focus Here:","Focus Here:","Focus Here:","","","Q_AUTHORED_CURRENT_POST","Q_BODY","KEEP","canonical post body, no embedded-source evidence"
"2012#0","2012","KEEP_Q_DIRECTIVE","KEEP_Q_DIRECTIVE","HAVE A NICE DAY.","HAVE A NICE DAY.","HAVE A NICE DAY.","HAVE A NICE DAY.","","","Q_AUTHORED_CURRENT_POST","Q_BODY","KEEP","canonical post body, no embedded-source evidence"
"2029#0","2029","KEEP_Q_DIRECTIVE","KEEP_Q_DIRECTIVE","Think 'Polls' posted yesterday - [WAPO].","Think 'Polls' posted yesterday - [WAPO].","Think 'Polls' posted yesterday - [WAPO].","Think 'Polls' posted yesterday - [WAPO].","","","Q_AUTHORED_CURRENT_POST","Q_BODY","KEEP","canonical post body, no embedded-source evidence"
"2030#0","2030","KEEP_Q_DIRECTIVE","KEEP_Q_DIRECTIVE","Think [WAPO]","Think [WAPO]","Think [WAPO]","Think [WAPO]","","","Q_AUTHORED_CURRENT_POST","Q_BODY","KEEP","canonical post body, no embedded-source evidence"
"2032#0","2032","KEEP_Q_DIRECTIVE","KEEP_Q_DIRECTIVE","Reconcile against results.","Reconcile against results.","Reconcile against results.","Reconcile against results.","","","Q_AUTHORED_CURRENT_POST","Q_BODY","KEEP","canonical post body, no embedded-source evidence"
"2032#1","2032","KEEP_Q_DIRECTIVE","KEEP_Q_DIRECTIVE","Define 'Human Nature'.","Define 'Human Nature'.","Define 'Human Nature'.","Define 'Human Nature'.","","","Q_AUTHORED_CURRENT_POST","Q_BODY","KEEP","canonical post body, no embedded-source evidence"
"2032#2","2032","KEEP_Q_DIRECTIVE","KEEP_Q_DIRECTIVE","Define 'Echo Chamber'.","Define 'Echo Chamber'.","Define 'Echo Chamber'.","Define 'Echo Chamber'.","","","Q_AUTHORED_CURRENT_POST","Q_BODY","KEEP","canonical post body, no embedded-source evidence"
"2037#0","2037","KEEP_Q_DIRECTIVE","KEEP_Q_DIRECTIVE","Think Ports.","Think Ports.","Think Ports.","Think Ports.","","","Q_AUTHORED_CURRENT_POST","Q_BODY","KEEP","canonical post body, no embedded-source evidence"
"2037#1","2037","KEEP_Q_DIRECTIVE","KEEP_Q_DIRECTIVE","Think Legal PROTECTION.","Think Legal PROTECTION.","Think Legal PROTECTION.","Think Legal PROTECTION.","","","Q_AUTHORED_CURRENT_POST","Q_BODY","KEEP","canonical post body, no embedded-source evidence"
"2037#2","2037","KEEP_Q_DIRECTIVE","KEEP_Q_DIRECTIVE","COMPARE VS OTHER STATES.","COMPARE VS OTHER STATES.","COMPARE VS OTHER STATES.","COMPARE VS OTHER STATES.","","","Q_AUTHORED_CURRENT_POST","Q_BODY","KEEP","canonical post body, no embedded-source evidence"
"2038#0","2038","KEEP_Q_DIRECTIVE","KEEP_Q_DIRECTIVE","FIGHT!","FIGHT!","FIGHT!","FIGHT!","","","Q_AUTHORED_CURRENT_POST","Q_BODY","KEEP","canonical post body, no embedded-source evidence"
"2039#0","2039","REMOVE_BLESSING_OR_VALEDICTION","REMOVE_BLESSING_OR_VALEDICTION","GOD BLESS YOU ALL.","","GOD BLESS YOU ALL.","GOD BLESS YOU ALL.","","","Q_AUTHORED_CURRENT_POST","Q_BODY","REMOVE_FROM_DIRECTIVES","blessing or valediction, not a command"
"2039#1","2039","KEEP_Q_DIRECTIVE","KEEP_Q_DIRECTIVE","LET FREEDOM RING, PATRIOTS.","LET FREEDOM RING, PATRIOTS.","LET FREEDOM RING, PATRIOTS.","LET FREEDOM RING, PATRIOTS.","","","Q_AUTHORED_CURRENT_POST","Q_BODY","KEEP","canonical post body, no embedded-source evidence"
"2048#0","2048","KEEP_Q_DIRECTIVE","KEEP_Q_DIRECTIVE","Enjoy the show.","Enjoy the show.","Enjoy the show.","Enjoy the show.","","","Q_AUTHORED_CURRENT_POST","Q_BODY","KEEP","canonical post body, no embedded-source evidence"
"2049#0","2049","KEEP_Q_DIRECTIVE","KEEP_Q_DIRECTIVE","Re_read drops re: SA","Re_read drops re: SA","Re_read drops re: SA","Re_read drops re: SA","","","Q_AUTHORED_CURRENT_POST","Q_BODY","KEEP","canonical post body, no embedded-source evidence"
"2049#1","2049","KEEP_Q_DIRECTIVE","KEEP_Q_DIRECTIVE","Have faith.","Have faith.","have faith","have faith","","","Q_AUTHORED_CURRENT_POST","Q_BODY","KEEP","OWNER RULING R3: ""have faith"" is an imperative — an instruction to maintain confidence, belief or morale."
"205#0","205","KEEP_Q_DIRECTIVE","KEEP_Q_DIRECTIVE","Pick up your phone.","Pick up your phone.","Pick up your phone.","Pick up your phone.","","","Q_AUTHORED_CURRENT_POST","Q_BODY","KEEP","canonical post body, no embedded-source evidence"
"2056#0","2056","KEEP_Q_DIRECTIVE","KEEP_Q_DIRECTIVE","Every moment together is a moment you should not waste.","Every moment together is a moment you should not waste.","Every moment together is a moment you should not waste.","Every moment together is a moment you should not waste.","","","Q_AUTHORED_CURRENT_POST","Q_BODY","KEEP","canonical post body, no embedded-source evidence"
"2062#0","2062","KEEP_Q_DIRECTIVE","KEEP_Q_DIRECTIVE","Read between the lines.","Read between the lines.","Read between the lines.","Read between the lines.","","","Q_AUTHORED_CURRENT_POST","Q_BODY","KEEP","canonical post body, no embedded-source evidence"
"2063#0","2063","KEEP_Q_DIRECTIVE","KEEP_Q_DIRECTIVE","Think GMAIL.","Think GMAIL.","Think GMAIL.","Think GMAIL.","","","Q_AUTHORED_CURRENT_POST","Q_BODY","KEEP","canonical post body, no embedded-source evidence"
"2063#1","2063","KEEP_Q_DIRECTIVE","KEEP_Q_DIRECTIVE","Think GMAIL DRAFTS.","Think GMAIL DRAFTS.","Think GMAIL DRAFTS.","Think GMAIL DRAFTS.","","","Q_AUTHORED_CURRENT_POST","Q_BODY","KEEP","canonical post body, no embedded-source evidence"
"2063#2","2063","KEEP_Q_DIRECTIVE","KEEP_Q_DIRECTIVE","Think ES RESIGNATION.","Think ES RESIGNATION.","Think ES RESIGNATION.","Think ES RESIGNATION.","","","Q_AUTHORED_CURRENT_POST","Q_BODY","KEEP","canonical post body, no embedded-source evidence"
"2072#0","2072","KEEP_Q_DIRECTIVE","KEEP_Q_DIRECTIVE","Trust yourself.","Trust yourself.","Trust yourself.","Trust yourself.","","","Q_AUTHORED_CURRENT_POST","Q_BODY","KEEP","canonical post body, no embedded-source evidence"
"2072#1","2072","KEEP_Q_DIRECTIVE","KEEP_Q_DIRECTIVE","Think for yourself.","Think for yourself.","Think for yourself.","Think for yourself.","","","Q_AUTHORED_CURRENT_POST","Q_BODY","KEEP","canonical post body, no embedded-source evidence"
"2077#0","2077","KEEP_Q_DIRECTIVE","KEEP_Q_DIRECTIVE","Enjoy the show.","Enjoy the show.","Enjoy the show.","Enjoy the show.","","","Q_AUTHORED_CURRENT_POST","Q_BODY","KEEP","canonical post body, no embedded-source evidence"
"2079#0","2079","KEEP_Q_DIRECTIVE","KEEP_Q_DIRECTIVE","Add to the list.","Add to the list.","Add to the list.","Add to the list.","","","Q_AUTHORED_CURRENT_POST","Q_BODY","KEEP","canonical post body, no embedded-source evidence"
"2089#0","2089","KEEP_Q_DIRECTIVE","KEEP_Q_DIRECTIVE","Ask yourself a (simple) logical question…","Ask yourself a (simple) logical question…","Ask yourself a (simple) logical question…","Ask yourself a (simple) logical question…","","","Q_AUTHORED_CURRENT_POST","Q_BODY","KEEP","canonical post body, no embedded-source evidence"
"209#0","209","KEEP_Q_DIRECTIVE","KEEP_Q_DIRECTIVE","Expand your thinking.","Expand your thinking.","Expand your thinking.","Expand your thinking.","","","Q_AUTHORED_CURRENT_POST","Q_BODY","KEEP","canonical post body, no embedded-source evidence"
"2094#0","2094","KEEP_Q_DIRECTIVE","KEEP_Q_DIRECTIVE","Think EO.","Think EO.","Think EO.","Think EO.","","","Q_AUTHORED_CURRENT_POST","Q_BODY","KEEP","canonical post body, no embedded-source evidence"
"2094#1","2094","KEEP_Q_DIRECTIVE","KEEP_Q_DIRECTIVE","Think HRC panic.","Think HRC panic.","Think HRC panic.","Think HRC panic.","","","Q_AUTHORED_CURRENT_POST","Q_BODY","KEEP","canonical post body, no embedded-source evidence"
"2096#0","2096","KEEP_Q_DIRECTIVE","KEEP_Q_DIRECTIVE","Stay the course and trust the plan.","Stay the course and trust the plan.","Stay the course and trust the plan.","Stay the course and trust the plan.","","","Q_AUTHORED_CURRENT_POST","Q_BODY","KEEP","canonical post body, no embedded-source evidence"
"2096#1","2096","KEEP_Q_DIRECTIVE","KEEP_Q_DIRECTIVE","Remain BRAVE.","Remain BRAVE.","Remain BRAVE.","Remain BRAVE.","","","Q_AUTHORED_CURRENT_POST","Q_BODY","KEEP","canonical post body, no embedded-source evidence"
"2097#0","2097","KEEP_Q_DIRECTIVE","KEEP_Q_DIRECTIVE","Read between the lines.","Read between the lines.","Read between the lines.","Read between the lines.","","","Q_AUTHORED_CURRENT_POST","Q_BODY","KEEP","canonical post body, no embedded-source evidence"
"2098#0","2098","KEEP_Q_DIRECTIVE","KEEP_Q_DIRECTIVE","Enjoy the show tonight.","Enjoy the show tonight.","Enjoy the show tonight.","Enjoy the show tonight.","","","Q_AUTHORED_CURRENT_POST","Q_BODY","KEEP","canonical post body, no embedded-source evidence"
"2101#0","2101","KEEP_Q_DIRECTIVE","KEEP_Q_DIRECTIVE","Think 'collective' attacks v.","Think 'collective' attacks v. 'Q'","Think 'collective' attacks v.","Think 'collective' attacks v.","","","Q_AUTHORED_CURRENT_POST","Q_BODY","KEEP_AND_EXPAND_TO_FULL_SENTENCE","canonical post body, no embedded-source evidence"
"2102#0","2102","KEEP_Q_DIRECTIVE","KEEP_Q_DIRECTIVE","Think Mueller.","Think Mueller.","Think Mueller.","Think Mueller.","","","Q_AUTHORED_CURRENT_POST","Q_BODY","KEEP","canonical post body, no embedded-source evidence"
"2102#1","2102","KEEP_Q_DIRECTIVE","KEEP_Q_DIRECTIVE","Control & Divide.","Control & Divide.","Control & Divide.","Control & Divide.","","","Q_AUTHORED_CURRENT_POST","Q_BODY","KEEP","canonical post body, no embedded-source evidence"
"2104#0","2104","KEEP_Q_DIRECTIVE","KEEP_Q_DIRECTIVE","Follow the picture.","Follow the picture.","Follow the picture.","Follow the picture.","","","Q_AUTHORED_CURRENT_POST","Q_BODY","KEEP","canonical post body, no embedded-source evidence"
"2107#0","2107","KEEP_Q_DIRECTIVE","KEEP_Q_DIRECTIVE","Think HRC [paid for] FAKE DOSSIER [bulk].","Think HRC [paid for] FAKE DOSSIER [bulk].","Think HRC [paid for] FAKE DOSSIER [bulk].","Think HRC [paid for] FAKE DOSSIER [bulk].","","","Q_AUTHORED_CURRENT_POST","Q_BODY","KEEP","canonical post body, no embedded-source evidence"
"2107#1","2107","KEEP_Q_DIRECTIVE","KEEP_Q_DIRECTIVE","Think Steele > BO [post FBI firing] intel collection.","Think Steele > BO [post FBI firing] intel collection.","Think Steele > BO [post FBI firing] intel collection.","Think Steele > BO [post FBI firing] intel collection.","","","Q_AUTHORED_CURRENT_POST","Q_BODY","KEEP","canonical post body, no embedded-source evidence"
"2107#2","2107","KEEP_Q_DIRECTIVE","KEEP_Q_DIRECTIVE","Think DOJ/FBI classified leaks to FAKE NEWS > insert into FISA app in effort to provide 'new sources'.","Think DOJ/FBI classified leaks to FAKE NEWS > insert into FISA app in effort to provide 'new sources'.","Think DOJ/FBI classified leaks to FAKE NEWS > insert into FISA app in effort to provide 'new sources'.","Think DOJ/FBI classified leaks to FAKE NEWS > insert into FISA app in effort to provide 'new sources'.","","","Q_AUTHORED_CURRENT_POST","Q_BODY","KEEP","canonical post body, no embedded-source evidence"
"2107#3","2107","KEEP_Q_DIRECTIVE","KEEP_Q_DIRECTIVE","Think PDB placement by BRENNAN to AUTHENTICATE source as credible.","Think PDB placement by BRENNAN to AUTHENTICATE source as credible.","Think PDB placement by BRENNAN to AUTHENTICATE source as credible.","Think PDB placement by BRENNAN to AUTHENTICATE source as credible.","","","Q_AUTHORED_CURRENT_POST","Q_BODY","KEEP","canonical post body, no embedded-source evidence"
"2107#4","2107","KEEP_Q_DIRECTIVE","KEEP_Q_DIRECTIVE","Think BO >>> WEISSMANN 'regular updates' re: Steele [Firewall][Mueller]","Think BO >>> WEISSMANN 'regular updates' re: Steele [Firewall][Mueller]","Think BO >>> WEISSMANN 'regular updates' re: Steele [Firewall][Mueller]","Think BO >>> WEISSMANN 'regular updates' re: Steele [Firewall][Mueller]","","","Q_AUTHORED_CURRENT_POST","Q_BODY","KEEP","canonical post body, no embedded-source evidence"
"2113#0","2113","KEEP_Q_DIRECTIVE","KEEP_Q_DIRECTIVE","Follow the connections.","Follow the connections.","Follow the connections.","Follow the connections.","","","Q_AUTHORED_CURRENT_POST","Q_BODY","KEEP","canonical post body, no embedded-source evidence"
"2115#0","2115","KEEP_Q_DIRECTIVE","KEEP_Q_DIRECTIVE","Think NYT 'Anon' article (Ex)","Think NYT 'Anon' article (Ex)","Think NYT 'Anon' article (Ex)","Think NYT 'Anon' article (Ex)","","","Q_AUTHORED_CURRENT_POST","Q_BODY","KEEP","canonical post body, no embedded-source evidence"
"2123#0","2123","KEEP_Q_DIRECTIVE","KEEP_Q_DIRECTIVE","Reconcile.","Reconcile.","Reconcile.","Reconcile.","","","Q_AUTHORED_CURRENT_POST","Q_BODY","KEEP","canonical post body, no embedded-source evidence"
"2123#1","2123","KEEP_Q_DIRECTIVE","KEEP_Q_DIRECTIVE","Reconcile.","Reconcile.","Reconcile.","Reconcile.","","","Q_AUTHORED_CURRENT_POST","Q_BODY","KEEP","canonical post body, no embedded-source evidence"
"2123#2","2123","KEEP_Q_DIRECTIVE","KEEP_Q_DIRECTIVE","Reconcile.","Reconcile.","Reconcile.","Reconcile.","","","Q_AUTHORED_CURRENT_POST","Q_BODY","KEEP","canonical post body, no embedded-source evidence"
"2123#3","2123","KEEP_Q_DIRECTIVE","KEEP_Q_DIRECTIVE","Reconcile.","Reconcile.","Reconcile.","Reconcile.","","","Q_AUTHORED_CURRENT_POST","Q_BODY","KEEP","canonical post body, no embedded-source evidence"
"2123#4","2123","KEEP_Q_DIRECTIVE","KEEP_Q_DIRECTIVE","Do not let their attempts corrupt GOOD organizations.","Do not let their attempts corrupt GOOD organizations.","Do not let their attempts corrupt GOOD organizations.","Do not let their attempts corrupt GOOD organizations.","","","Q_AUTHORED_CURRENT_POST","Q_BODY","KEEP","canonical post body, no embedded-source evidence"
"2123#5","2123","KEEP_Q_DIRECTIVE","KEEP_Q_DIRECTIVE","Think OANN.","Think OANN.","Think OANN.","Think OANN.","","","Q_AUTHORED_CURRENT_POST","Q_BODY","KEEP","canonical post body, no embedded-source evidence"
"2123#6","2123","KEEP_Q_DIRECTIVE","KEEP_Q_DIRECTIVE","Stay STRONG.","Stay STRONG.","Stay STRONG.","Stay STRONG.","","","Q_AUTHORED_CURRENT_POST","Q_BODY","KEEP","canonical post body, no embedded-source evidence"
"2123#7","2123","KEEP_Q_DIRECTIVE","KEEP_Q_DIRECTIVE","Stay TOGETHER.","Stay TOGETHER.","Stay TOGETHER.","Stay TOGETHER.","","","Q_AUTHORED_CURRENT_POST","Q_BODY","KEEP","canonical post body, no embedded-source evidence"
"2126#0","2126","KEEP_Q_DIRECTIVE","KEEP_Q_DIRECTIVE","KEEP UP THE GOOD FIGHT.","KEEP UP THE GOOD FIGHT.","KEEP UP THE GOOD FIGHT.","KEEP UP THE GOOD FIGHT.","","","Q_AUTHORED_CURRENT_POST","Q_BODY","KEEP","canonical post body, no embedded-source evidence"
"2126#1","2126","KEEP_Q_DIRECTIVE","KEEP_Q_DIRECTIVE","READY THE MEMES.","READY THE MEMES.","READY THE MEMES.","READY THE MEMES.","","","Q_AUTHORED_CURRENT_POST","Q_BODY","KEEP","canonical post body, no embedded-source evidence"
"2135#0","2135","KEEP_Q_DIRECTIVE","KEEP_Q_DIRECTIVE","Think DOJ/FBI classified leaks to FAKE NEWS > insert into FISA app in effort to provide 'new sources'.","Think DOJ/FBI classified leaks to FAKE NEWS > insert into FISA app in effort to provide 'new sources'.","Think DOJ/FBI classified leaks to FAKE NEWS > insert into FISA app in effort to provide 'new sources'.","Think DOJ/FBI classified leaks to FAKE NEWS > insert into FISA app in effort to provide 'new sources'.","","","Q_AUTHORED_CURRENT_POST","Q_BODY","KEEP","canonical post body, no embedded-source evidence"
"2139#0","2139","KEEP_Q_DIRECTIVE","KEEP_Q_DIRECTIVE","Update requested.","Update requested.","Update requested.","Update requested.","","","Q_AUTHORED_CURRENT_POST","Q_BODY","KEEP","canonical post body, no embedded-source evidence"
"2141#0","2141","KEEP_Q_DIRECTIVE","KEEP_Q_DIRECTIVE","Make it and they will crumb.","Make it and they will crumb.","Make it and they will crumb.","Make it and they will crumb.","","","Q_AUTHORED_CURRENT_POST","Q_BODY","KEEP","canonical post body, no embedded-source evidence"
"2146#0","2146","KEEP_Q_DIRECTIVE","KEEP_Q_DIRECTIVE","PREPARE YOUR MEMES.","PREPARE YOUR MEMES.","PREPARE YOUR MEMES.","PREPARE YOUR MEMES.","","","Q_AUTHORED_CURRENT_POST","Q_BODY","KEEP","canonical post body, no embedded-source evidence"
"2147#0","2147","KEEP_Q_DIRECTIVE","KEEP_Q_DIRECTIVE","ATTENTION ON DECK.","ATTENTION ON DECK.","ATTENTION ON DECK.","ATTENTION ON DECK.","","","Q_AUTHORED_CURRENT_POST","Q_BODY","KEEP","canonical post body, no embedded-source evidence"
"215#0","215","KEEP_Q_DIRECTIVE","KEEP_Q_DIRECTIVE","Focus on his wife.","Focus on his wife.","Focus on his wife.","Focus on his wife.","","","Q_AUTHORED_CURRENT_POST","Q_BODY","KEEP","canonical post body, no embedded-source evidence"
"2161#0","2161","KEEP_Q_DIRECTIVE","KEEP_Q_DIRECTIVE","Enjoy the show.","Enjoy the show.","Enjoy the show.","Enjoy the show.","","","Q_AUTHORED_CURRENT_POST","Q_BODY","KEEP","canonical post body, no embedded-source evidence"
"2165#0","2165","KEEP_Q_DIRECTIVE","KEEP_Q_DIRECTIVE","Reconcile.","Reconcile.","Reconcile.","Reconcile.","","","Q_AUTHORED_CURRENT_POST","Q_BODY","KEEP","canonical post body, no embedded-source evidence"
"2165#1","2165","KEEP_Q_DIRECTIVE","KEEP_Q_DIRECTIVE","THINK TODAY.","THINK TODAY.","THINK TODAY.","THINK TODAY.","","","Q_AUTHORED_CURRENT_POST","Q_BODY","KEEP","canonical post body, no embedded-source evidence"
"2166#0","2166","KEEP_Q_DIRECTIVE","KEEP_Q_DIRECTIVE","STAY STRONG.","STAY STRONG.","STAY STRONG.","STAY STRONG.","","","Q_AUTHORED_CURRENT_POST","Q_BODY","KEEP","canonical post body, no embedded-source evidence"
"2166#1","2166","KEEP_Q_DIRECTIVE","KEEP_Q_DIRECTIVE","STAY TOGETHER.","STAY TOGETHER.","STAY TOGETHER.","STAY TOGETHER.","","","Q_AUTHORED_CURRENT_POST","Q_BODY","KEEP","canonical post body, no embedded-source evidence"
"2166#2","2166","KEEP_Q_DIRECTIVE","KEEP_Q_DIRECTIVE","EXPECT TWITTER/FB FORCE NEXT.","EXPECT TWITTER/FB FORCE NEXT.","EXPECT TWITTER/FB FORCE NEXT.","EXPECT TWITTER/FB FORCE NEXT.","","","Q_AUTHORED_CURRENT_POST","Q_BODY","KEEP","canonical post body, no embedded-source evidence"
"2171#0","2171","KEEP_Q_DIRECTIVE","KEEP_Q_DIRECTIVE","Define 'Fascism'.","Define 'Fascism'.","Define 'Fascism'.","Define 'Fascism'.","","","Q_AUTHORED_CURRENT_POST","Q_BODY","KEEP","canonical post body, no embedded-source evidence"
"2171#1","2171","KEEP_Q_DIRECTIVE","KEEP_Q_DIRECTIVE","Define 'Censorship'.","Define 'Censorship'.","Define 'Censorship'.","Define 'Censorship'.","","","Q_AUTHORED_CURRENT_POST","Q_BODY","KEEP","canonical post body, no embedded-source evidence"
"2171#2","2171","KEEP_Q_DIRECTIVE","KEEP_Q_DIRECTIVE","Define 'Narrative'.","Define 'Narrative'.","Define 'Narrative'.","Define 'Narrative'.","","","Q_AUTHORED_CURRENT_POST","Q_BODY","KEEP","canonical post body, no embedded-source evidence"
"2171#3","2171","KEEP_Q_DIRECTIVE","KEEP_Q_DIRECTIVE","Define 'Projection'.","Define 'Projection'.","Define 'Projection'.","Define 'Projection'.","","","Q_AUTHORED_CURRENT_POST","Q_BODY","KEEP","canonical post body, no embedded-source evidence"
"2171#4","2171","KEEP_Q_DIRECTIVE","KEEP_Q_DIRECTIVE","Define 'Psychological Projection'.","Define 'Psychological Projection'.","Define 'Psychological Projection'.","Define 'Psychological Projection'.","","","Q_AUTHORED_CURRENT_POST","Q_BODY","KEEP","canonical post body, no embedded-source evidence"
"2171#5","2171","KEEP_Q_DIRECTIVE","KEEP_Q_DIRECTIVE","Define 'Narcissist'.","Define 'Narcissist'.","Define 'Narcissist'.","Define 'Narcissist'.","","","Q_AUTHORED_CURRENT_POST","Q_BODY","KEEP","canonical post body, no embedded-source evidence"
"2171#6","2171","KEEP_Q_DIRECTIVE","KEEP_Q_DIRECTIVE","Define 'Dogma'.","Define 'Dogma'.","Define 'Dogma'.","Define 'Dogma'.","","","Q_AUTHORED_CURRENT_POST","Q_BODY","KEEP","canonical post body, no embedded-source evidence"
"2171#7","2171","KEEP_Q_DIRECTIVE","KEEP_Q_DIRECTIVE","Define 'Aggression'.","Define 'Aggression'.","Define 'Aggression'.","Define 'Aggression'.","","","Q_AUTHORED_CURRENT_POST","Q_BODY","KEEP","canonical post body, no embedded-source evidence"
"2171#8","2171","KEEP_Q_DIRECTIVE","KEEP_Q_DIRECTIVE","Define 'Suppression'.","Define 'Suppression'.","Define 'Suppression'.","Define 'Suppression'.","","","Q_AUTHORED_CURRENT_POST","Q_BODY","KEEP","canonical post body, no embedded-source evidence"
"2171#9","2171","KEEP_Q_DIRECTIVE","KEEP_Q_DIRECTIVE","Define 'Realism'.","Define 'Realism'.","Define 'Realism'.","Define 'Realism'.","","","Q_AUTHORED_CURRENT_POST","Q_BODY","KEEP","canonical post body, no embedded-source evidence"
"2178#0","2178","KEEP_Q_DIRECTIVE","KEEP_Q_DIRECTIVE","REMEMBER YOUR OATH","REMEMBER YOUR OATH","REMEMBER YOUR OATH","REMEMBER YOUR OATH","","","Q_AUTHORED_CURRENT_POST","Q_BODY","KEEP","canonical post body, no embedded-source evidence"
"2180#0","2180","KEEP_Q_DIRECTIVE","KEEP_Q_DIRECTIVE","Define 'Traitor'.","Define 'Traitor'.","Define 'Traitor'.","Define 'Traitor'.","","","Q_AUTHORED_CURRENT_POST","Q_BODY","KEEP","canonical post body, no embedded-source evidence"
"2184#0","2184","KEEP_Q_DIRECTIVE","KEEP_Q_DIRECTIVE","Buckle up.","Buckle up.","Buckle up.","Buckle up.","","","Q_AUTHORED_CURRENT_POST","Q_BODY","KEEP","canonical post body, no embedded-source evidence"
"2186#0","2186","KEEP_Q_DIRECTIVE","KEEP_Q_DIRECTIVE","Compare date(s) of article(s) to drop.","Compare date(s) of article(s) to drop.","Compare date(s) of article(s) to drop.","Compare date(s) of article(s) to drop.","","","Q_AUTHORED_CURRENT_POST","Q_BODY","KEEP","canonical post body, no embedded-source evidence"
"2187#0","2187","KEEP_Q_DIRECTIVE","KEEP_Q_DIRECTIVE","TEST [Thursday] by DoD to confirm 'free-flow' of direct comms.","TEST [Thursday] by DoD to confirm 'free-flow' of direct comms.","TEST [Thursday] by DoD to confirm 'free-flow' of direct comms.","TEST [Thursday] by DoD to confirm 'free-flow' of direct comms.","","","Q_AUTHORED_CURRENT_POST","Q_BODY","KEEP","canonical post body, no embedded-source evidence"
"2189#0","2189","KEEP_Q_DIRECTIVE","KEEP_Q_DIRECTIVE","Attention on deck.","Attention on deck.","Attention on deck.","Attention on deck.","","","Q_AUTHORED_CURRENT_POST","Q_BODY","KEEP","canonical post body, no embedded-source evidence"
"219#0","219","REMOVE_BLESSING_OR_VALEDICTION","REMOVE_BLESSING_OR_VALEDICTION","Godspeed.","","Godspeed.","Godspeed.","","","Q_AUTHORED_CURRENT_POST","Q_BODY","REMOVE_FROM_DIRECTIVES","blessing or valediction, not a command"
"2190#0","2190","KEEP_Q_DIRECTIVE","KEEP_Q_DIRECTIVE","FIGHT, FIGHT, FIGHT!","FIGHT, FIGHT, FIGHT!","FIGHT, FIGHT, FIGHT!","FIGHT, FIGHT, FIGHT!","","","Q_AUTHORED_CURRENT_POST","Q_BODY","KEEP","canonical post body, no embedded-source evidence"
"2197#0","2197","KEEP_Q_DIRECTIVE","KEEP_Q_DIRECTIVE","Activate ]SESSIONS[","Activate ]SESSIONS[","Activate ]SESSIONS[","Activate ]SESSIONS[","","","Q_AUTHORED_CURRENT_POST","Q_BODY","KEEP","canonical post body, no embedded-source evidence"
"22#0","22","KEEP_Q_DIRECTIVE","KEEP_Q_DIRECTIVE","Study and prepare.","Study and prepare.","Study and prepare.","Study and prepare.","","","Q_AUTHORED_CURRENT_POST","Q_BODY","KEEP","long sentence inside a drop whose dominant register is Q — prose shape alone is not a quotation"
"22#1","22","KEEP_Q_DIRECTIVE","KEEP_Q_DIRECTIVE","Clean and swift.","Clean and swift.","Clean and swift.","Clean and swift.","","","Q_AUTHORED_CURRENT_POST","Q_BODY","KEEP","long sentence inside a drop whose dominant register is Q — prose shape alone is not a quotation"
"2206#0","2206","KEEP_Q_DIRECTIVE","KEEP_Q_DIRECTIVE","DEFINE PROJECTION.","DEFINE PROJECTION.","DEFINE PROJECTION.","DEFINE PROJECTION.","","","Q_AUTHORED_CURRENT_POST","Q_BODY","KEEP","canonical post body, no embedded-source evidence"
"2206#1","2206","KEEP_Q_DIRECTIVE","KEEP_Q_DIRECTIVE","THINK ABOUT REAL-TIME 'Q' TRACKING.","THINK ABOUT REAL-TIME 'Q' TRACKING.","THINK ABOUT REAL-TIME 'Q' TRACKING.","THINK ABOUT REAL-TIME 'Q' TRACKING.","","","Q_AUTHORED_CURRENT_POST","Q_BODY","KEEP","canonical post body, no embedded-source evidence"
"2206#2","2206","KEEP_Q_DIRECTIVE","KEEP_Q_DIRECTIVE","FIGHT!","FIGHT!","FIGHT!","FIGHT!","","","Q_AUTHORED_CURRENT_POST","Q_BODY","KEEP","canonical post body, no embedded-source evidence"
"2209#0","2209","KEEP_Q_DIRECTIVE","KEEP_Q_DIRECTIVE","Listen carefully.","Listen carefully.","Listen carefully.","Listen carefully.","","","Q_AUTHORED_CURRENT_POST","Q_BODY","KEEP","canonical post body, no embedded-source evidence"
"221#0","221","KEEP_Q_DIRECTIVE","KEEP_Q_DIRECTIVE","Expand your thinking.","Expand your thinking.","Expand your thinking.","Expand your thinking.","","","Q_AUTHORED_CURRENT_POST","Q_BODY","KEEP","canonical post body, no embedded-source evidence"
"221#1","221","KEEP_Q_DIRECTIVE","KEEP_Q_DIRECTIVE","Re-read dumps.","Re-read dumps.","Re-read dumps.","Re-read dumps.","","","Q_AUTHORED_CURRENT_POST","Q_BODY","KEEP","canonical post body, no embedded-source evidence"
"2211#0","2211","KEEP_Q_DIRECTIVE","KEEP_Q_DIRECTIVE","Think yesterday.","Think yesterday.","Think yesterday.","Think yesterday.","","","Q_AUTHORED_CURRENT_POST","Q_BODY","KEEP","canonical post body, no embedded-source evidence"
"2212#0","2212","KEEP_Q_DIRECTIVE","KEEP_Q_DIRECTIVE","Enjoy the show.","Enjoy the show.","Enjoy the show.","Enjoy the show.","","","Q_AUTHORED_CURRENT_POST","Q_BODY","KEEP","canonical post body, no embedded-source evidence"
"2213#0","2213","KEEP_Q_DIRECTIVE","KEEP_Q_DIRECTIVE","Think of context.","Think of context.","Think of context.","Think of context.","","","Q_AUTHORED_CURRENT_POST","Q_BODY","KEEP","canonical post body, no embedded-source evidence"
"2219#0","2219","KEEP_Q_DIRECTIVE","KEEP_Q_DIRECTIVE","Watch those announcing 2020 P running.","Watch those announcing 2020 P running.","Watch those announcing 2020 P running.","Watch those announcing 2020 P running.","","","Q_AUTHORED_CURRENT_POST","Q_BODY","KEEP","canonical post body, no embedded-source evidence"
"2222#0","2222","KEEP_Q_DIRECTIVE","KEEP_Q_DIRECTIVE","Consider the vastness of space.","Consider the vastness of space.","Consider the vastness of space.","Consider the vastness of space.","","","Q_AUTHORED_CURRENT_POST","Q_BODY","KEEP","canonical post body, no embedded-source evidence"
"223#0","223","KEEP_Q_DIRECTIVE","KEEP_Q_DIRECTIVE","Expand your thinking.","Expand your thinking.","Expand your thinking.","Expand your thinking.","","","Q_AUTHORED_CURRENT_POST","Q_BODY","KEEP","canonical post body, no embedded-source evidence"
"2230#0","2230","KEEP_Q_DIRECTIVE","KEEP_Q_DIRECTIVE","Note IG involved.","Note IG involved.","Note IG involved.","Note IG involved.","","","Q_AUTHORED_CURRENT_POST","Q_BODY","KEEP","canonical post body, no embedded-source evidence"
"2231#0","2231","KEEP_Q_DIRECTIVE","KEEP_Q_DIRECTIVE","Correct, Anon.","Correct, Anon.","Correct, Anon.","Correct, Anon.","","","Q_AUTHORED_CURRENT_POST","Q_BODY","KEEP","canonical post body, no embedded-source evidence"
"2234#0","2234","KEEP_Q_DIRECTIVE","KEEP_Q_DIRECTIVE","Imagine the frustration if we weren't here communicating w/ you.","Imagine the frustration if we weren't here communicating w/ you.","Imagine the frustration if we weren't here communicating w/ you.","Imagine the frustration if we weren't here communicating w/ you.","","","Q_AUTHORED_CURRENT_POST","Q_BODY","KEEP","canonical post body, no embedded-source evidence"
"2234#1","2234","KEEP_Q_DIRECTIVE","KEEP_Q_DIRECTIVE","Let your VOICES BE HEARD.","Let your VOICES BE HEARD.","Let your VOICES BE HEARD.","Let your VOICES BE HEARD.","","","Q_AUTHORED_CURRENT_POST","Q_BODY","KEEP","canonical post body, no embedded-source evidence"
"2235#0","2235","REMOVE_BLESSING_OR_VALEDICTION","REMOVE_BLESSING_OR_VALEDICTION","God bless, Patriot.","","God bless, Patriot.","God bless, Patriot.","","","Q_AUTHORED_CURRENT_POST","Q_BODY","REMOVE_FROM_DIRECTIVES","blessing or valediction, not a command"
"2239#0","2239","KEEP_Q_DIRECTIVE","KEEP_Q_DIRECTIVE","See something","See something","See something","See something","","","Q_AUTHORED_CURRENT_POST","Q_BODY","KEEP","canonical post body, no embedded-source evidence"
"2239#1","2239","KEEP_Q_DIRECTIVE","KEEP_Q_DIRECTIVE","Say something","Say something","Say something","Say something","","","Q_AUTHORED_CURRENT_POST","Q_BODY","KEEP","canonical post body, no embedded-source evidence"
"224#0","224","KEEP_Q_DIRECTIVE","KEEP_Q_DIRECTIVE","Expand your thinking.","Expand your thinking.","Expand your thinking.","Expand your thinking.","","","Q_AUTHORED_CURRENT_POST","Q_BODY","KEEP","canonical post body, no embedded-source evidence"
"224#1","224","KEEP_Q_DIRECTIVE","KEEP_Q_DIRECTIVE","Re-read.","Re-read.","Re-read.","Re-read.","","","Q_AUTHORED_CURRENT_POST","Q_BODY","KEEP","canonical post body, no embedded-source evidence"
"2248#0","2248","KEEP_Q_DIRECTIVE","KEEP_Q_DIRECTIVE","Ask yourself, how would 'FOREIGN' Allies' KNOW what is within a US TOP SECRET FISA warrant?","Ask yourself, how would 'FOREIGN' Allies' KNOW what is within a US TOP SECRET FISA warrant?","Ask yourself, how would 'FOREIGN' Allies' KNOW what is within a US TOP SECRET FISA warrant?","Ask yourself, how would 'FOREIGN' Allies' KNOW what is within a US TOP SECRET FISA warrant?","","","Q_AUTHORED_CURRENT_POST","Q_BODY","KEEP","canonical post body, no embedded-source evidence"
"2248#1","2248","KEEP_Q_DIRECTIVE","KEEP_Q_DIRECTIVE","Ask yourself, why are [2] 'KEY' Allies' VERY CONCERNED re: DECLAS & RELEASE?","Ask yourself, why are [2] 'KEY' Allies' VERY CONCERNED re: DECLAS & RELEASE?","Ask yourself, why are [2] 'KEY' Allies' VERY CONCERNED re: DECLAS & RELEASE?","Ask yourself, why are [2] 'KEY' Allies' VERY CONCERNED re: DECLAS & RELEASE?","","","Q_AUTHORED_CURRENT_POST","Q_BODY","KEEP","canonical post body, no embedded-source evidence"
"2249#0","2249","KEEP_Q_DIRECTIVE","KEEP_Q_DIRECTIVE","Imagine the information being shared NOW out of FEAR.","Imagine the information being shared NOW out of FEAR.","Imagine the information being shared NOW out of FEAR.","Imagine the information being shared NOW out of FEAR.","","","Q_AUTHORED_CURRENT_POST","Q_BODY","KEEP","canonical post body, no embedded-source evidence"
"225#0","225","KEEP_Q_DIRECTIVE","KEEP_Q_DIRECTIVE","Expand further.","Expand further.","Expand further.","Expand further.","","","Q_AUTHORED_CURRENT_POST","Q_BODY","KEEP","canonical post body, no embedded-source evidence"
"225#1","225","KEEP_Q_DIRECTIVE","KEEP_Q_DIRECTIVE","Make the connection.","Make the connection.","Make the connection.","Make the connection.","","","Q_AUTHORED_CURRENT_POST","Q_BODY","KEEP","canonical post body, no embedded-source evidence"
"225#2","225","KEEP_Q_DIRECTIVE","KEEP_Q_DIRECTIVE","Map currently has 43 confirmed connections.","Map currently has 43 confirmed connections.","Map currently has 43 confirmed connections.","Map currently has 43 confirmed connections.","","","Q_AUTHORED_CURRENT_POST","Q_BODY","KEEP","canonical post body, no embedded-source evidence"
"2250#0","2250","KEEP_Q_DIRECTIVE","KEEP_Q_DIRECTIVE","Read carefully - significant!","Read carefully - significant!","Read carefully - significant!","Read carefully - significant!","","","Q_AUTHORED_CURRENT_POST","Q_BODY","KEEP","canonical post body, no embedded-source evidence"
"2251#0","2251","KEEP_Q_DIRECTIVE","KEEP_Q_DIRECTIVE","THINK FAKE NEWS MEDIA ATTACKS!","THINK FAKE NEWS MEDIA ATTACKS!","THINK FAKE NEWS MEDIA ATTACKS!","THINK FAKE NEWS MEDIA ATTACKS!","","","Q_AUTHORED_CURRENT_POST","Q_BODY","KEEP","canonical post body, no embedded-source evidence"
"2254#0","2254","KEEP_Q_DIRECTIVE","KEEP_Q_DIRECTIVE","Remain CALM.","Remain CALM.","Remain CALM.","Remain CALM.","","","Q_AUTHORED_CURRENT_POST","Q_BODY","KEEP","canonical post body, no embedded-source evidence"
"2255#0","2255","KEEP_Q_DIRECTIVE","KEEP_Q_DIRECTIVE","Think PLAYBOOK.","Think PLAYBOOK.","Think PLAYBOOK.","Think PLAYBOOK.","","","Q_AUTHORED_CURRENT_POST","Q_BODY","KEEP","canonical post body, no embedded-source evidence"
"2255#1","2255","KEEP_Q_DIRECTIVE","KEEP_Q_DIRECTIVE","Think NYT article.","Think NYT article.","Think NYT article.","Think NYT article.","","","Q_AUTHORED_CURRENT_POST","Q_BODY","KEEP","canonical post body, no embedded-source evidence"
"2255#2","2255","KEEP_Q_DIRECTIVE","KEEP_Q_DIRECTIVE","Think [RR] meetings push.","Think [RR] meetings push.","Think [RR] meetings push.","Think [RR] meetings push.","","","Q_AUTHORED_CURRENT_POST","Q_BODY","KEEP","canonical post body, no embedded-source evidence"
"226#0","226","REMOVE_BLESSING_OR_VALEDICTION","REMOVE_BLESSING_OR_VALEDICTION","Godspeed.","","Godspeed.","Godspeed.","","","Q_AUTHORED_CURRENT_POST","Q_BODY","REMOVE_FROM_DIRECTIVES","blessing or valediction, not a command"
"2263#0","2263","KEEP_Q_DIRECTIVE","KEEP_Q_DIRECTIVE","ENJOY THE RALLY @ THE 'Q' TONIGHT!","ENJOY THE RALLY @ THE 'Q' TONIGHT!","ENJOY THE RALLY @ THE 'Q' TONIGHT!","ENJOY THE RALLY @ THE 'Q' TONIGHT!","","","Q_AUTHORED_CURRENT_POST","Q_BODY","KEEP","canonical post body, no embedded-source evidence"
"2265#0","2265","KEEP_Q_DIRECTIVE","KEEP_Q_DIRECTIVE","Think [Comey] memos.","Think [Comey] memos.","Think [Comey] memos.","Think [Comey] memos.","","","Q_AUTHORED_CURRENT_POST","Q_BODY","KEEP","canonical post body, no embedded-source evidence"
"2269#0","2269","KEEP_Q_DIRECTIVE","KEEP_Q_DIRECTIVE","Time to UNITE.","Time to UNITE.","Time to UNITE.","Time to UNITE.","","","Q_AUTHORED_CURRENT_POST","Q_BODY","KEEP","canonical post body, no embedded-source evidence"
"2273#0","2273","KEEP_Q_DIRECTIVE","KEEP_Q_DIRECTIVE","PREPARE FOR 'SKY IS FALLING' WEEK.","PREPARE FOR 'SKY IS FALLING' WEEK.","PREPARE FOR 'SKY IS FALLING' WEEK.","PREPARE FOR 'SKY IS FALLING' WEEK.","","","Q_AUTHORED_CURRENT_POST","Q_BODY","KEEP","canonical post body, no embedded-source evidence"
"2274#0","2274","KEEP_Q_DIRECTIVE","KEEP_Q_DIRECTIVE","TRUST GRASSLEY.","TRUST GRASSLEY.","TRUST GRASSLEY.","TRUST GRASSLEY.","","","Q_AUTHORED_CURRENT_POST","Q_BODY","KEEP","canonical post body, no embedded-source evidence"
"2285#0","2285","KEEP_Q_DIRECTIVE","KEEP_Q_DIRECTIVE","Think for yourself.","Think for yourself.","Think for yourself.","Think for yourself.","","","Q_AUTHORED_CURRENT_POST","Q_BODY","KEEP","canonical post body, no embedded-source evidence"
"2285#1","2285","KEEP_Q_DIRECTIVE","KEEP_Q_DIRECTIVE","Trust yourself.","Trust yourself.","Trust yourself.","Trust yourself.","","","Q_AUTHORED_CURRENT_POST","Q_BODY","KEEP","canonical post body, no embedded-source evidence"
"2287#0","2287","KEEP_Q_DIRECTIVE","KEEP_Q_DIRECTIVE","FIGHT!","FIGHT!","FIGHT!","FIGHT!","","","Q_AUTHORED_CURRENT_POST","Q_BODY","KEEP","canonical post body, no embedded-source evidence"
"2291#0","2291","KEEP_Q_DIRECTIVE","KEEP_Q_DIRECTIVE","Enjoy the show!","Enjoy the show!","Enjoy the show!","Enjoy the show!","","","Q_AUTHORED_CURRENT_POST","Q_BODY","KEEP","canonical post body, no embedded-source evidence"
"2292#0","2292","KEEP_Q_DIRECTIVE","KEEP_Q_DIRECTIVE","Have faith, Patriots.","Have faith, Patriots.","have faith","have faith","","","Q_AUTHORED_CURRENT_POST","Q_BODY","KEEP","OWNER RULING R3: ""have faith"" is an imperative — an instruction to maintain confidence, belief or morale."
"2295#0","2295","KEEP_Q_DIRECTIVE","KEEP_Q_DIRECTIVE","Reconcile.","Reconcile.","Reconcile.","Reconcile.","","","Q_AUTHORED_CURRENT_POST","Q_BODY","KEEP","canonical post body, no embedded-source evidence"
"2297#0","2297","KEEP_Q_DIRECTIVE","KEEP_Q_DIRECTIVE","PREPARE.","PREPARE.","PREPARE.","PREPARE.","","","Q_AUTHORED_CURRENT_POST","Q_BODY","KEEP","canonical post body, no embedded-source evidence"
"2298#0","2298","KEEP_Q_DIRECTIVE","KEEP_Q_DIRECTIVE","DROP THE MEMES","DROP THE MEMES","DROP THE MEMES","DROP THE MEMES","","","Q_AUTHORED_CURRENT_POST","Q_BODY","KEEP","canonical post body, no embedded-source evidence"
"2298#1","2298","KEEP_Q_DIRECTIVE","KEEP_Q_DIRECTIVE","BE LOUD - YOU HAVE A VOICE","BE LOUD - YOU HAVE A VOICE","BE LOUD - YOU HAVE A VOICE","BE LOUD - YOU HAVE A VOICE","","","Q_AUTHORED_CURRENT_POST","Q_BODY","KEEP","canonical post body, no embedded-source evidence"
"2298#2","2298","KEEP_Q_DIRECTIVE","KEEP_Q_DIRECTIVE","VOTE THEM ALL OUT","VOTE THEM ALL OUT","VOTE THEM ALL OUT","VOTE THEM ALL OUT","","","Q_AUTHORED_CURRENT_POST","Q_BODY","KEEP","canonical post body, no embedded-source evidence"
"2298#3","2298","KEEP_Q_DIRECTIVE","KEEP_Q_DIRECTIVE","PREPARE","PREPARE","PREPARE","PREPARE","","","Q_AUTHORED_CURRENT_POST","Q_BODY","KEEP","canonical post body, no embedded-source evidence"
"2298#4","2298","KEEP_Q_DIRECTIVE","KEEP_Q_DIRECTIVE","EXPECT COMMS BLACKOUT ATTEMPT (POTUS TWITTER)","EXPECT COMMS BLACKOUT ATTEMPT (POTUS TWITTER)","EXPECT COMMS BLACKOUT ATTEMPT (POTUS TWITTER)","EXPECT COMMS BLACKOUT ATTEMPT (POTUS TWITTER)","","","Q_AUTHORED_CURRENT_POST","Q_BODY","KEEP","canonical post body, no embedded-source evidence"
"2298#5","2298","KEEP_Q_DIRECTIVE","KEEP_Q_DIRECTIVE","THE TIME TO FIGHT!!!!!!!!","THE TIME TO FIGHT!!!!!!!!","THE TIME TO FIGHT!!!!!!!!","THE TIME TO FIGHT!!!!!!!!","","","Q_AUTHORED_CURRENT_POST","Q_BODY","KEEP","canonical post body, no embedded-source evidence"
"23#0","23","KEEP_Q_DIRECTIVE","KEEP_Q_DIRECTIVE","Note MI has the same SAPs as NSA, CIA etc as designated post 9-11.","Note MI has the same SAPs as NSA, CIA etc as designated post 9-11.","Note","Note","","","Q_AUTHORED_CURRENT_POST","Q_BODY","KEEP","""Note"" is imperative with an elided ""that"". Opens the drop and is followed by ""Why is this relevant?"" — Q directing attention to a fact, then asking the reader to work on it."
"230#0","230","KEEP_Q_DIRECTIVE","KEEP_Q_DIRECTIVE","Test","Test","Test","Test","","","Q_AUTHORED_CURRENT_POST","Q_BODY","KEEP","canonical post body, no embedded-source evidence"
"230#1","230","KEEP_Q_DIRECTIVE","KEEP_Q_DIRECTIVE","Test","Test","Test","Test","","","Q_AUTHORED_CURRENT_POST","Q_BODY","KEEP","canonical post body, no embedded-source evidence"
"2300#0","2300","KEEP_Q_DIRECTIVE","KEEP_Q_DIRECTIVE","Define 'Treason'.","Define 'Treason'.","Define 'Treason'.","Define 'Treason'.","","","Q_AUTHORED_CURRENT_POST","Q_BODY","KEEP","canonical post body, no embedded-source evidence"
"2300#1","2300","KEEP_Q_DIRECTIVE","KEEP_Q_DIRECTIVE","Define 'Subversion'.","Define 'Subversion'.","Define 'Subversion'.","Define 'Subversion'.","","","Q_AUTHORED_CURRENT_POST","Q_BODY","KEEP","canonical post body, no embedded-source evidence"
"2300#2","2300","KEEP_Q_DIRECTIVE","KEEP_Q_DIRECTIVE","Think line of questions re: Sen.","Think line of questions re: Sen. Graham > Justice K re: 'Enemy Combatants'.","Think line of questions re: Sen.","Think line of questions re: Sen.","","","Q_AUTHORED_CURRENT_POST","Q_BODY","KEEP_AND_EXPAND_TO_FULL_SENTENCE","long sentence inside a drop whose dominant register is Q — prose shape alone is not a quotation"
"2301#0","2301","KEEP_Q_DIRECTIVE","KEEP_Q_DIRECTIVE","STAY TUNED AND WATCH!","STAY TUNED AND WATCH!","STAY TUNED AND WATCH!","STAY TUNED AND WATCH!","","","Q_AUTHORED_CURRENT_POST","Q_BODY","KEEP","canonical post body, no embedded-source evidence"
"2305#0","2305","KEEP_Q_DIRECTIVE","KEEP_Q_DIRECTIVE","Think NYC bomber 'fireworks' hours prior.","Think NYC bomber 'fireworks' hours prior.","Think NYC bomber 'fireworks' hours prior.","Think NYC bomber 'fireworks' hours prior.","","","Q_AUTHORED_CURRENT_POST","Q_BODY","KEEP","canonical post body, no embedded-source evidence"
"2306#0","2306","KEEP_Q_DIRECTIVE","KEEP_Q_DIRECTIVE","Think WHY.","Think WHY.","Think WHY.","Think WHY.","","","Q_AUTHORED_CURRENT_POST","Q_BODY","KEEP","canonical post body, no embedded-source evidence"
"2309#0","2309","KEEP_Q_DIRECTIVE","KEEP_Q_DIRECTIVE","Reconcile.","Reconcile.","Reconcile.","Reconcile.","","","Q_AUTHORED_CURRENT_POST","Q_BODY","KEEP","canonical post body, no embedded-source evidence"
"231#0","231","REMOVE_BLESSING_OR_VALEDICTION","REMOVE_BLESSING_OR_VALEDICTION","Godspeed.","","Godspeed.","Godspeed.","","","Q_AUTHORED_CURRENT_POST","Q_BODY","REMOVE_FROM_DIRECTIVES","blessing or valediction, not a command"
"2312#0","2312","REMOVE_BLESSING_OR_VALEDICTION","REMOVE_BLESSING_OR_VALEDICTION","God bless you, Patriot.","","God bless you, Patriot.","God bless you, Patriot.","","","Q_AUTHORED_CURRENT_POST","Q_BODY","REMOVE_FROM_DIRECTIVES","blessing or valediction, not a command"
"2314#0","2314","KEEP_Q_DIRECTIVE","KEEP_Q_DIRECTIVE","Trust your fellow man.","Trust your fellow man.","Trust your fellow man.","Trust your fellow man.","","","Q_AUTHORED_CURRENT_POST","Q_BODY","KEEP","canonical post body, no embedded-source evidence"
"2314#1","2314","REMOVE_BLESSING_OR_VALEDICTION","REMOVE_BLESSING_OR_VALEDICTION","God bless you and your family.","","God bless you and your family.","God bless you and your family.","","","Q_AUTHORED_CURRENT_POST","Q_BODY","REMOVE_FROM_DIRECTIVES","blessing or valediction, not a command"
"2314#2","2314","KEEP_Q_DIRECTIVE","KEEP_Q_DIRECTIVE","Allow us to carry this heavy burden.","Allow us to carry this heavy burden.","Allow us to carry this heavy burden.","Allow us to carry this heavy burden.","","","Q_AUTHORED_CURRENT_POST","Q_BODY","KEEP","canonical post body, no embedded-source evidence"
"2321#0","2321","KEEP_Q_DIRECTIVE","KEEP_Q_DIRECTIVE","Think GJ information.","Think GJ information.","Think GJ information.","Think GJ information.","","","Q_AUTHORED_CURRENT_POST","Q_BODY","KEEP","canonical post body, no embedded-source evidence"
"2324#0","2324","KEEP_Q_DIRECTIVE","KEEP_Q_DIRECTIVE","Enjoy the show!","Enjoy the show!","Enjoy the show!","Enjoy the show!","","","Q_AUTHORED_CURRENT_POST","Q_BODY","KEEP","canonical post body, no embedded-source evidence"
"2326#0","2326","KEEP_Q_DIRECTIVE","KEEP_Q_DIRECTIVE","Read carefully.","Read carefully.","Read carefully.","Read carefully.","","","Q_AUTHORED_CURRENT_POST","Q_BODY","KEEP","canonical post body, no embedded-source evidence"
"2326#1","2326","KEEP_Q_DIRECTIVE","KEEP_Q_DIRECTIVE","Follow the pattern.","Follow the pattern.","Follow the pattern.","Follow the pattern.","","","Q_AUTHORED_CURRENT_POST","Q_BODY","KEEP","canonical post body, no embedded-source evidence"
"2327#0","2327","KEEP_Q_DIRECTIVE","KEEP_Q_DIRECTIVE","Think DECLAS.","Think DECLAS.","Think DECLAS.","Think DECLAS.","","","Q_AUTHORED_CURRENT_POST","Q_BODY","KEEP","canonical post body, no embedded-source evidence"
"2330#0","2330","KEEP_Q_DIRECTIVE","KEEP_Q_DIRECTIVE","Read carefully.","Read carefully.","Read carefully.","Read carefully.","","","Q_AUTHORED_CURRENT_POST","Q_BODY","KEEP","canonical post body, no embedded-source evidence"
"2332#0","2332","REMOVE_QUOTED_OR_THIRD_PARTY","REMOVE_QUOTED_OR_THIRD_PARTY","Think DECLAS.","","Think DECLAS.","Think DECLAS.","","","QUOTED_OR_EMBEDDED","QUOTED_THIRD_PARTY","REMOVE_FROM_DIRECTIVES","inside a multi-line quotation"
"234#0","234","KEEP_Q_DIRECTIVE","KEEP_Q_DIRECTIVE","Select people removed.","Select people removed.","Select people removed.","Select people removed.","","","Q_AUTHORED_CURRENT_POST","Q_BODY","KEEP","canonical post body, no embedded-source evidence"
"234#1","234","KEEP_Q_DIRECTIVE","KEEP_Q_DIRECTIVE","Stay strong.","Stay strong.","Stay strong.","Stay strong.","","","Q_AUTHORED_CURRENT_POST","Q_BODY","KEEP","canonical post body, no embedded-source evidence"
"234#2","234","KEEP_Q_DIRECTIVE","KEEP_Q_DIRECTIVE","Control / protection lost.","Control / protection lost.","Control / protection lost.","Control / protection lost.","","","Q_AUTHORED_CURRENT_POST","Q_BODY","KEEP","canonical post body, no embedded-source evidence"
"235#0","235","KEEP_Q_DIRECTIVE","KEEP_Q_DIRECTIVE","Reconcile.","Reconcile.","Reconcile.","Reconcile.","","","Q_AUTHORED_CURRENT_POST","Q_BODY","KEEP","canonical post body, no embedded-source evidence"
"2350#0","2350","KEEP_Q_DIRECTIVE","KEEP_Q_DIRECTIVE","Post Justice K confirmation.","Post Justice K confirmation.","Post Justice K confirmation.","Post Justice K confirmation.","","","Q_AUTHORED_CURRENT_POST","Q_BODY","KEEP","canonical post body, no embedded-source evidence"
"2350#1","2350","KEEP_Q_DIRECTIVE","KEEP_Q_DIRECTIVE","Think UK / AUS >> RUSSIA RUSSIA RUSSIA","Think UK / AUS >> RUSSIA RUSSIA RUSSIA","Think UK / AUS >> RUSSIA RUSSIA RUSSIA","Think UK / AUS >> RUSSIA RUSSIA RUSSIA","","","Q_AUTHORED_CURRENT_POST","Q_BODY","KEEP","canonical post body, no embedded-source evidence"
"2351#0","2351","KEEP_Q_DIRECTIVE","KEEP_Q_DIRECTIVE","Look HERE [RUSSIA]","Look HERE [RUSSIA]","Look HERE [RUSSIA]","Look HERE [RUSSIA]","","","Q_AUTHORED_CURRENT_POST","Q_BODY","KEEP","canonical post body, no embedded-source evidence"
"2351#1","2351","KEEP_Q_DIRECTIVE","KEEP_Q_DIRECTIVE","DO NOT LOOK HERE [CHINA] https://www.youtube.com/watch?v=aeVrMniBjSc","DO NOT LOOK HERE [CHINA] https://www.youtube.com/watch?v=aeVrMniBjSc","DO NOT LOOK HERE [CHINA]","DO NOT LOOK HERE [CHINA]","","","Q_AUTHORED_CURRENT_POST","Q_BODY","KEEP","canonical post body, no embedded-source evidence"
"2352#0","2352","KEEP_Q_DIRECTIVE","KEEP_Q_DIRECTIVE","Research for yourself.","Research for yourself.","Research for yourself.","Research for yourself.","","","Q_AUTHORED_CURRENT_POST","Q_BODY","KEEP","canonical post body, no embedded-source evidence"
"2352#1","2352","KEEP_Q_DIRECTIVE","KEEP_Q_DIRECTIVE","Think for yourself.","Think for yourself.","Think for yourself.","Think for yourself.","","","Q_AUTHORED_CURRENT_POST","Q_BODY","KEEP","canonical post body, no embedded-source evidence"
"2352#2","2352","KEEP_Q_DIRECTIVE","KEEP_Q_DIRECTIVE","Trust yourself.","Trust yourself.","Trust yourself.","Trust yourself.","","","Q_AUTHORED_CURRENT_POST","Q_BODY","KEEP","canonical post body, no embedded-source evidence"
"2352#3","2352","KEEP_Q_DIRECTIVE","KEEP_Q_DIRECTIVE","Save the Republic!","Save the Republic!","Save the Republic!","Save the Republic!","","","Q_AUTHORED_CURRENT_POST","Q_BODY","KEEP","canonical post body, no embedded-source evidence"
"2355#0","2355","KEEP_Q_DIRECTIVE","KEEP_Q_DIRECTIVE","Celebrate - this means so much.","Celebrate - this means so much.","Celebrate - this means so much.","Celebrate - this means so much.","","","Q_AUTHORED_CURRENT_POST","Q_BODY","KEEP","canonical post body, no embedded-source evidence"
"2355#1","2355","REMOVE_BLESSING_OR_VALEDICTION","REMOVE_BLESSING_OR_VALEDICTION","God bless, Patriot.","","God bless, Patriot.","God bless, Patriot.","","","Q_AUTHORED_CURRENT_POST","Q_BODY","REMOVE_FROM_DIRECTIVES","blessing or valediction, not a command"
"2357#0","2357","KEEP_Q_DIRECTIVE","KEEP_Q_DIRECTIVE","CELEBRATE, PATRIOTS!!!","CELEBRATE, PATRIOTS!!!","CELEBRATE, PATRIOTS!!!","CELEBRATE, PATRIOTS!!!","","","Q_AUTHORED_CURRENT_POST","Q_BODY","KEEP","canonical post body, no embedded-source evidence"
"2358#0","2358","KEEP_Q_DIRECTIVE","KEEP_Q_DIRECTIVE","Expect this.","Expect this.","Expect this.","Expect this.","","","Q_AUTHORED_CURRENT_POST","Q_BODY","KEEP","canonical post body, no embedded-source evidence"
"236#0","236","KEEP_Q_DIRECTIVE","KEEP_Q_DIRECTIVE","Focus on Hussein.","Focus on Hussein.","Focus on Hussein.","Focus on Hussein.","","","Q_AUTHORED_CURRENT_POST","Q_BODY","KEEP","canonical post body, no embedded-source evidence"
"236#1","236","KEEP_Q_DIRECTIVE","KEEP_Q_DIRECTIVE","Follow the money pre-pres.","Follow the money pre-pres.","Follow the money pre-pres.","Follow the money pre-pres.","","","Q_AUTHORED_CURRENT_POST","Q_BODY","KEEP","canonical post body, no embedded-source evidence"
"236#2","236","KEEP_Q_DIRECTIVE","KEEP_Q_DIRECTIVE","Follow the connections pre-pres.","Follow the connections pre-pres.","Follow the connections pre-pres.","Follow the connections pre-pres.","","","Q_AUTHORED_CURRENT_POST","Q_BODY","KEEP","canonical post body, no embedded-source evidence"
"236#3","236","KEEP_Q_DIRECTIVE","KEEP_Q_DIRECTIVE","Think Asia.","Think Asia.","Think Asia.","Think Asia.","","","Q_AUTHORED_CURRENT_POST","Q_BODY","KEEP","canonical post body, no embedded-source evidence"
"236#4","236","KEEP_Q_DIRECTIVE","KEEP_Q_DIRECTIVE","Think NK.","Think NK.","Think NK.","Think NK.","","","Q_AUTHORED_CURRENT_POST","Q_BODY","KEEP","canonical post body, no embedded-source evidence"
"236#5","236","KEEP_Q_DIRECTIVE","KEEP_Q_DIRECTIVE","Reconcile.","Reconcile.","Reconcile.","Reconcile.","","","Q_AUTHORED_CURRENT_POST","Q_BODY","KEEP","canonical post body, no embedded-source evidence"
"236#6","236","KEEP_Q_DIRECTIVE","KEEP_Q_DIRECTIVE","Define hostage.","Define hostage.","Define hostage.","Define hostage.","","","Q_AUTHORED_CURRENT_POST","Q_BODY","KEEP","canonical post body, no embedded-source evidence"
"236#7","236","KEEP_Q_DIRECTIVE","KEEP_Q_DIRECTIVE","Define stages.","Define stages.","Define stages.","Define stages.","","","Q_AUTHORED_CURRENT_POST","Q_BODY","KEEP","canonical post body, no embedded-source evidence"
"236#8","236","KEEP_Q_DIRECTIVE","KEEP_Q_DIRECTIVE","Define puppets.","Define puppets.","Define puppets.","Define puppets.","","","Q_AUTHORED_CURRENT_POST","Q_BODY","KEEP","canonical post body, no embedded-source evidence"
"236#9","236","KEEP_Q_DIRECTIVE","KEEP_Q_DIRECTIVE","Define puppet handlers.","Define puppet handlers.","Define puppet handlers.","Define puppet handlers.","","","Q_AUTHORED_CURRENT_POST","Q_BODY","KEEP","canonical post body, no embedded-source evidence"
"236#10","236","KEEP_Q_DIRECTIVE","KEEP_Q_DIRECTIVE","Define proxy war.","Define proxy war.","Define proxy war.","Define proxy war.","","","Q_AUTHORED_CURRENT_POST","Q_BODY","KEEP","canonical post body, no embedded-source evidence"
"236#11","236","KEEP_Q_DIRECTIVE","KEEP_Q_DIRECTIVE","Define proxy war.","Define proxy war.","Define proxy war.","Define proxy war.","","","Q_AUTHORED_CURRENT_POST","Q_BODY","KEEP","canonical post body, no embedded-source evidence"
"236#12","236","KEEP_Q_DIRECTIVE","KEEP_Q_DIRECTIVE","Define proxy war.","Define proxy war.","Define proxy war.","Define proxy war.","","","Q_AUTHORED_CURRENT_POST","Q_BODY","KEEP","canonical post body, no embedded-source evidence"
"236#13","236","KEEP_Q_DIRECTIVE","KEEP_Q_DIRECTIVE","Expand your thinking.","Expand your thinking.","Expand your thinking.","Expand your thinking.","","","Q_AUTHORED_CURRENT_POST","Q_BODY","KEEP","canonical post body, no embedded-source evidence"
"236#14","236","KEEP_Q_DIRECTIVE","KEEP_Q_DIRECTIVE","Think.","Think.","Think.","Think.","","","Q_AUTHORED_CURRENT_POST","Q_BODY","KEEP","canonical post body, no embedded-source evidence"
"236#15","236","KEEP_Q_DIRECTIVE","KEEP_Q_DIRECTIVE","Think.","Think.","Think.","Think.","","","Q_AUTHORED_CURRENT_POST","Q_BODY","KEEP","canonical post body, no embedded-source evidence"
"236#16","236","KEEP_Q_DIRECTIVE","KEEP_Q_DIRECTIVE","Have faith.","Have faith.","have faith","have faith","","","Q_AUTHORED_CURRENT_POST","Q_BODY","KEEP","OWNER RULING R3: ""have faith"" is an imperative — an instruction to maintain confidence, belief or morale."
"2361#0","2361","KEEP_Q_DIRECTIVE","KEEP_Q_DIRECTIVE","THINK for yourself.","THINK for yourself.","THINK for yourself.","THINK for yourself.","","","Q_AUTHORED_CURRENT_POST","Q_BODY","KEEP","canonical post body, no embedded-source evidence"
"2361#1","2361","KEEP_Q_DIRECTIVE","KEEP_Q_DIRECTIVE","RESEARCH for yourself.","RESEARCH for yourself.","RESEARCH for yourself.","RESEARCH for yourself.","","","Q_AUTHORED_CURRENT_POST","Q_BODY","KEEP","canonical post body, no embedded-source evidence"
"2361#2","2361","KEEP_Q_DIRECTIVE","KEEP_Q_DIRECTIVE","TRUST yourself.","TRUST yourself.","TRUST yourself.","TRUST yourself.","","","Q_AUTHORED_CURRENT_POST","Q_BODY","KEEP","canonical post body, no embedded-source evidence"
"2361#3","2361","KEEP_Q_DIRECTIVE","KEEP_Q_DIRECTIVE","FIND THE TRUTH.","FIND THE TRUTH.","FIND THE TRUTH.","FIND THE TRUTH.","","","Q_AUTHORED_CURRENT_POST","Q_BODY","KEEP","canonical post body, no embedded-source evidence"
"2361#4","2361","KEEP_Q_DIRECTIVE","KEEP_Q_DIRECTIVE","DON'T BE A PAWN IN THEIR SICK GAME.","DON'T BE A PAWN IN THEIR SICK GAME.","DON'T BE A PAWN IN THEIR SICK GAME.","DON'T BE A PAWN IN THEIR SICK GAME.","","","Q_AUTHORED_CURRENT_POST","Q_BODY","KEEP","canonical post body, no embedded-source evidence"
"2361#5","2361","KEEP_Q_DIRECTIVE","KEEP_Q_DIRECTIVE","UNPLUG FROM FAKE NEWS [FALSE REALITY]","UNPLUG FROM FAKE NEWS [FALSE REALITY]","UNPLUG FROM FAKE NEWS [FALSE REALITY]","UNPLUG FROM FAKE NEWS [FALSE REALITY]","","","Q_AUTHORED_CURRENT_POST","Q_BODY","KEEP","canonical post body, no embedded-source evidence"
"2367#0","2367","KEEP_Q_DIRECTIVE","KEEP_Q_DIRECTIVE","Think Red Line.","Think Red Line.","Think Red Line.","Think Red Line.","","","Q_AUTHORED_CURRENT_POST","Q_BODY","KEEP","canonical post body, no embedded-source evidence"
"2368#0","2368","KEEP_Q_DIRECTIVE","KEEP_Q_DIRECTIVE","Think [HERD SHEEP].","Think [HERD SHEEP].","Think [HERD SHEEP].","Think [HERD SHEEP].","","","Q_AUTHORED_CURRENT_POST","Q_BODY","KEEP","canonical post body, no embedded-source evidence"
"2368#1","2368","KEEP_Q_DIRECTIVE","KEEP_Q_DIRECTIVE","Think 2/3rd Senate vote req to impeach [impossible].","Think 2/3rd Senate vote req to impeach [impossible].","Think 2/3rd Senate vote req to impeach [impossible].","Think 2/3rd Senate vote req to impeach [impossible].","","","Q_AUTHORED_CURRENT_POST","Q_BODY","KEEP","canonical post body, no embedded-source evidence"
"2369#0","2369","KEEP_Q_DIRECTIVE","KEEP_Q_DIRECTIVE","Define 'Projection'.","Define 'Projection'.","Define 'Projection'.","Define 'Projection'.","","","Q_AUTHORED_CURRENT_POST","Q_BODY","KEEP","canonical post body, no embedded-source evidence"
"2375#0","2375","KEEP_Q_DIRECTIVE","KEEP_Q_DIRECTIVE","Think GOOG+ / Gmail / etc.","Think GOOG+ / Gmail / etc.","Think GOOG+ / Gmail / etc.","Think GOOG+ / Gmail / etc.","","","Q_AUTHORED_CURRENT_POST","Q_BODY","KEEP","canonical post body, no embedded-source evidence"
"2378#0","2378","KEEP_Q_DIRECTIVE","KEEP_Q_DIRECTIVE","Look HERE [RUSSIA]","Look HERE [RUSSIA]","Look HERE [RUSSIA]","Look HERE [RUSSIA]","","","Q_AUTHORED_CURRENT_POST","Q_BODY","KEEP","canonical post body, no embedded-source evidence"
"2378#1","2378","KEEP_Q_DIRECTIVE","KEEP_Q_DIRECTIVE","DO NOT LOOK HERE [CHINA] https://www.youtube.com/watch?v=aeVrMniBjSc","DO NOT LOOK HERE [CHINA] https://www.youtube.com/watch?v=aeVrMniBjSc","DO NOT LOOK HERE [CHINA]","DO NOT LOOK HERE [CHINA]","","","Q_AUTHORED_CURRENT_POST","Q_BODY","KEEP","canonical post body, no embedded-source evidence"
"2381#0","2381","KEEP_Q_DIRECTIVE","KEEP_Q_DIRECTIVE","Think Federal Judge rulings [obstruction] [POTUS' granted CONSTITUTIONAL authority].","Think Federal Judge rulings [obstruction] [POTUS’ granted CONSTITUTIONAL authority].","Think Federal Judge rulings [obstruction] [POTUS’ granted CONSTITUTIONAL authority].","Think Federal Judge rulings [obstruction] [POTUS’ granted CONSTITUTIONAL authority].","","","Q_AUTHORED_CURRENT_POST","Q_BODY","KEEP","canonical post body, no embedded-source evidence"
"2381#1","2381","KEEP_Q_DIRECTIVE","KEEP_Q_DIRECTIVE","Think Justice K (5 to 4).","Think Justice K (5 to 4).","Think Justice K (5 to 4).","Think Justice K (5 to 4).","","","Q_AUTHORED_CURRENT_POST","Q_BODY","KEEP","canonical post body, no embedded-source evidence"
"2381#2","2381","KEEP_Q_DIRECTIVE","KEEP_Q_DIRECTIVE","USE A STEALTH BOMBER","USE A STEALTH BOMBER","USE A STEALTH BOMBER","USE A STEALTH BOMBER","","","Q_AUTHORED_CURRENT_POST","Q_BODY","KEEP","canonical post body, no embedded-source evidence"
"2382#0","2382","KEEP_Q_DIRECTIVE","KEEP_Q_DIRECTIVE","Do not let them DIVIDE you.","Do not let them DIVIDE you.","Do not let them DIVIDE you.","Do not let them DIVIDE you.","","","Q_AUTHORED_CURRENT_POST","Q_BODY","KEEP","canonical post body, no embedded-source evidence"
"2382#1","2382","KEEP_Q_DIRECTIVE","KEEP_Q_DIRECTIVE","Re_read drops re: Polls https://www.oge.gov/web/oge.nsf/Resources/Political+Activities https://osc.gov/resources/ha%20pamphlet%20sept%202014.pdf","Re_read drops re: Polls https://www.oge.gov/web/oge.nsf/Resources/Political+Activities https://osc.gov/resources/ha%20pamphlet%20sept%202014.pdf","Re_read drops re: Polls","Re_read drops re: Polls","","","Q_AUTHORED_CURRENT_POST","Q_BODY","KEEP","canonical post body, no embedded-source evidence"
"2382#2","2382","KEEP_Q_DIRECTIVE","KEEP_Q_DIRECTIVE","Re_read drops re: Polls","Re_read drops re: Polls","Re_read drops re: Polls","Re_read drops re: Polls","","","Q_AUTHORED_CURRENT_POST","Q_BODY","KEEP","canonical post body, no embedded-source evidence"
"2383#0","2383","KEEP_Q_DIRECTIVE","KEEP_Q_DIRECTIVE","Think MSM attacks re: Q (We, the People).","Think MSM attacks re: Q (We, the People).","Think MSM attacks re: Q (We, the People).","Think MSM attacks re: Q (We, the People).","","","Q_AUTHORED_CURRENT_POST","Q_BODY","KEEP","canonical post body, no embedded-source evidence"
"2386#0","2386","KEEP_Q_DIRECTIVE","KEEP_Q_DIRECTIVE","Ask yourself a very simple question.","Ask yourself a very simple question.","Ask yourself a very simple question.","Ask yourself a very simple question.","","","Q_AUTHORED_CURRENT_POST","Q_BODY","KEEP","canonical post body, no embedded-source evidence"
"2386#1","2386","KEEP_Q_DIRECTIVE","KEEP_Q_DIRECTIVE","Fight, Fight, Fight!","Fight, Fight, Fight!","Fight, Fight, Fight!","Fight, Fight, Fight!","","","Q_AUTHORED_CURRENT_POST","Q_BODY","KEEP","canonical post body, no embedded-source evidence"
"2386#2","2386","KEEP_Q_DIRECTIVE","KEEP_Q_DIRECTIVE","Think Executive Branch / NSA / etc.","Think Executive Branch / NSA / etc.","Think Executive Branch / NSA / etc.","Think Executive Branch / NSA / etc.","","","Q_AUTHORED_CURRENT_POST","Q_BODY","KEEP","canonical post body, no embedded-source evidence"
"2387#0","2387","KEEP_Q_DIRECTIVE","KEEP_Q_DIRECTIVE","Re_read drops re: Memes","Re_read drops re: Memes","Re_read drops re: Memes","Re_read drops re: Memes","","","Q_AUTHORED_CURRENT_POST","Q_BODY","KEEP","canonical post body, no embedded-source evidence"
"2389#0","2389","KEEP_Q_DIRECTIVE","KEEP_Q_DIRECTIVE","Never forget.","Never forget.","Never forget.","Never forget.","","","Q_AUTHORED_CURRENT_POST","Q_BODY","KEEP","canonical post body, no embedded-source evidence"
"2392#0","2392","KEEP_Q_DIRECTIVE","KEEP_Q_DIRECTIVE","Cross reference 'blue' areas w/ illegal immigrant high pop zones.","Cross reference 'blue' areas w/ illegal immigrant high pop zones.","Cross reference 'blue' areas w/ illegal immigrant high pop zones.","Cross reference 'blue' areas w/ illegal immigrant high pop zones.","","","Q_AUTHORED_CURRENT_POST","Q_BODY","KEEP","canonical post body, no embedded-source evidence"
"2393#0","2393","REMOVE_BLESSING_OR_VALEDICTION","REMOVE_BLESSING_OR_VALEDICTION","God bless you, Patriots!","","God bless you, Patriots!","God bless you, Patriots!","","","Q_AUTHORED_CURRENT_POST","Q_BODY","REMOVE_FROM_DIRECTIVES","blessing or valediction, not a command"
"2395#0","2395","KEEP_Q_DIRECTIVE","KEEP_Q_DIRECTIVE","Re_read drops re: MS13 https://twitter.com/RepMattGaetz/status/1052629557826736129","Re_read drops re: MS13 https://twitter.com/RepMattGaetz/status/1052629557826736129","Re_read drops re: MS13","Re_read drops re: MS13","","","Q_AUTHORED_CURRENT_POST","Q_BODY","KEEP","canonical post body, no embedded-source evidence"
"2395#1","2395","KEEP_Q_DIRECTIVE","KEEP_Q_DIRECTIVE","Re_read drops re: MS13","Re_read drops re: MS13","Re_read drops re: MS13","Re_read drops re: MS13","","","Q_AUTHORED_CURRENT_POST","Q_BODY","KEEP","canonical post body, no embedded-source evidence"
"2397#0","2397","KEEP_Q_DIRECTIVE","KEEP_Q_DIRECTIVE","Keep your eye on the ball.","Keep your eye on the ball.","Keep your eye on the ball.","Keep your eye on the ball.","","","Q_AUTHORED_CURRENT_POST","Q_BODY","KEEP","canonical post body, no embedded-source evidence"
"2397#1","2397","KEEP_Q_DIRECTIVE","KEEP_Q_DIRECTIVE","Remember, POTUS already ordered the DECLAS.","Remember, POTUS already ordered the DECLAS.","Remember, POTUS already ordered the DECLAS.","Remember, POTUS already ordered the DECLAS.","","","Q_AUTHORED_CURRENT_POST","Q_BODY","KEEP","canonical post body, no embedded-source evidence"
"2397#2","2397","KEEP_Q_DIRECTIVE","KEEP_Q_DIRECTIVE","USE A STEALTH BOMBER","USE A STEALTH BOMBER","USE A STEALTH BOMBER","USE A STEALTH BOMBER","","","Q_AUTHORED_CURRENT_POST","Q_BODY","KEEP","canonical post body, no embedded-source evidence"
"2397#3","2397","KEEP_Q_DIRECTIVE","KEEP_Q_DIRECTIVE","VOTE!","VOTE!","VOTE!","VOTE!","","","Q_AUTHORED_CURRENT_POST","Q_BODY","KEEP","canonical post body, no embedded-source evidence"
"2397#4","2397","KEEP_Q_DIRECTIVE","KEEP_Q_DIRECTIVE","VOTE!","VOTE!","VOTE!","VOTE!","","","Q_AUTHORED_CURRENT_POST","Q_BODY","KEEP","canonical post body, no embedded-source evidence"
"2397#5","2397","KEEP_Q_DIRECTIVE","KEEP_Q_DIRECTIVE","VOTE!","VOTE!","VOTE!","VOTE!","","","Q_AUTHORED_CURRENT_POST","Q_BODY","KEEP","canonical post body, no embedded-source evidence"
"2398#0","2398","KEEP_Q_DIRECTIVE","KEEP_Q_DIRECTIVE","Re_read drops re: Soros & taxpayer funding","Re_read drops re: Soros & taxpayer funding","Re_read drops re: Soros & taxpayer funding","Re_read drops re: Soros & taxpayer funding","","","Q_AUTHORED_CURRENT_POST","Q_BODY","KEEP","canonical post body, no embedded-source evidence"
"2398#1","2398","KEEP_Q_DIRECTIVE","KEEP_Q_DIRECTIVE","VOTE!","VOTE!","VOTE!","VOTE!","","","Q_AUTHORED_CURRENT_POST","Q_BODY","KEEP","canonical post body, no embedded-source evidence"
"2398#2","2398","KEEP_Q_DIRECTIVE","KEEP_Q_DIRECTIVE","VOTE!","VOTE!","VOTE!","VOTE!","","","Q_AUTHORED_CURRENT_POST","Q_BODY","KEEP","canonical post body, no embedded-source evidence"
"2398#3","2398","KEEP_Q_DIRECTIVE","KEEP_Q_DIRECTIVE","VOTE!","VOTE!","VOTE!","VOTE!","","","Q_AUTHORED_CURRENT_POST","Q_BODY","KEEP","canonical post body, no embedded-source evidence"
"2400#0","2400","KEEP_Q_DIRECTIVE","KEEP_Q_DIRECTIVE","Eyes on, VIP Patriot!","Eyes on, VIP Patriot!","Eyes on, VIP Patriot!","Eyes on, VIP Patriot!","","","Q_AUTHORED_CURRENT_POST","Q_BODY","KEEP","canonical post body, no embedded-source evidence"
"2402#0","2402","KEEP_Q_DIRECTIVE","KEEP_Q_DIRECTIVE","Eyes on, VIP Patriot!","Eyes on, VIP Patriot!","Eyes on, VIP Patriot!","Eyes on, VIP Patriot!","","","Q_AUTHORED_CURRENT_POST","Q_BODY","KEEP","canonical post body, no embedded-source evidence"
"2403#0","2403","REMOVE_QUOTED_SCRIPTURE","REMOVE_QUOTED_SCRIPTURE","Put on the full armor of God so that you can take your stand against the devil's schemes.","","Put on the full armor of God so that you can take your stand against the devil’s schemes.","Put on the full armor of God so that you can take your stand against the devil’s schemes.","","","QUOTED_OR_EMBEDDED","QUOTED_SCRIPTURE","REMOVE_FROM_DIRECTIVES","reproduced scripture"
"2403#1","2403","REMOVE_QUOTED_SCRIPTURE","REMOVE_QUOTED_SCRIPTURE","Stand firm then, with the belt of truth buckled around your waist, with the breastplate of righteousness in place, and with your feet fitted with the readiness that comes from the gospel of peace.","","Stand firm then, with the belt of truth buckled around your waist, with the breastplate of righteousness in place, and with your feet fitted with the readiness that comes from the gospel of peace.","Stand firm then, with the belt of truth buckled around your waist, with the breastplate of righteousness in place, and with your feet fitted with the readiness that comes from the gospel of peace.","","","QUOTED_OR_EMBEDDED","QUOTED_SCRIPTURE","REMOVE_FROM_DIRECTIVES","reproduced scripture"
"2403#2","2403","REMOVE_QUOTED_SCRIPTURE","REMOVE_QUOTED_SCRIPTURE","Take the helmet of salvation and the sword of the Spirit, which is the word of God.","","Take the helmet of salvation and the sword of the Spirit, which is the word of God.","Take the helmet of salvation and the sword of the Spirit, which is the word of God.","","","QUOTED_OR_EMBEDDED","QUOTED_SCRIPTURE","REMOVE_FROM_DIRECTIVES","reproduced scripture"
"2404#0","2404","KEEP_Q_DIRECTIVE","KEEP_Q_DIRECTIVE","Eyes on, VIP Patriots!","Eyes on, VIP Patriots!","Eyes on, VIP Patriots!","Eyes on, VIP Patriots!","","","Q_AUTHORED_CURRENT_POST","Q_BODY","KEEP","canonical post body, no embedded-source evidence"
"2405#0","2405","KEEP_Q_DIRECTIVE","KEEP_Q_DIRECTIVE","ALL HANDS ON DECK.","ALL HANDS ON DECK.","ALL HANDS ON DECK.","ALL HANDS ON DECK.","","","Q_AUTHORED_CURRENT_POST","Q_BODY","KEEP","canonical post body, no embedded-source evidence"
"2406#0","2406","KEEP_Q_DIRECTIVE","KEEP_Q_DIRECTIVE","Listen carefully - strategic speech to be used in the future.","Listen carefully - strategic speech to be used in the future.","Listen carefully - strategic speech to be used in the future.","Listen carefully - strategic speech to be used in the future.","","","Q_AUTHORED_CURRENT_POST","Q_BODY","KEEP","canonical post body, no embedded-source evidence"
"241#0","241","KEEP_Q_DIRECTIVE","KEEP_Q_DIRECTIVE","Think.","Think.","Think.","Think.","","","Q_AUTHORED_CURRENT_POST","Q_BODY","KEEP","canonical post body, no embedded-source evidence"
"2414#0","2414","KEEP_Q_DIRECTIVE","KEEP_Q_DIRECTIVE","Eyes On, VIP Patriots!","Eyes On, VIP Patriots!","Eyes On, VIP Patriots!","Eyes On, VIP Patriots!","","","Q_AUTHORED_CURRENT_POST","Q_BODY","KEEP","canonical post body, no embedded-source evidence"
"2415#0","2415","KEEP_Q_DIRECTIVE","KEEP_Q_DIRECTIVE","Eyes On, Patriots!","Eyes On, Patriots!","Eyes On, Patriots!","Eyes On, Patriots!","","","Q_AUTHORED_CURRENT_POST","Q_BODY","KEEP","canonical post body, no embedded-source evidence"
"2416#0","2416","KEEP_Q_DIRECTIVE","KEEP_Q_DIRECTIVE","See Something","See Something","See Something","See Something","","","Q_AUTHORED_CURRENT_POST","Q_BODY","KEEP","canonical post body, no embedded-source evidence"
"2416#1","2416","KEEP_Q_DIRECTIVE","KEEP_Q_DIRECTIVE","See Something","See Something","See Something","See Something","","","Q_AUTHORED_CURRENT_POST","Q_BODY","KEEP","canonical post body, no embedded-source evidence"
"2416#2","2416","KEEP_Q_DIRECTIVE","KEEP_Q_DIRECTIVE","Say Something","Say Something","Say Something","Say Something","","","Q_AUTHORED_CURRENT_POST","Q_BODY","KEEP","canonical post body, no embedded-source evidence"
"2418#0","2418","KEEP_Q_DIRECTIVE","KEEP_Q_DIRECTIVE","VOTE!","VOTE!","VOTE!","VOTE!","","","Q_AUTHORED_CURRENT_POST","Q_BODY","KEEP","canonical post body, no embedded-source evidence"
"2418#1","2418","KEEP_Q_DIRECTIVE","KEEP_Q_DIRECTIVE","VOTE!","VOTE!","VOTE!","VOTE!","","","Q_AUTHORED_CURRENT_POST","Q_BODY","KEEP","canonical post body, no embedded-source evidence"
"2418#2","2418","KEEP_Q_DIRECTIVE","KEEP_Q_DIRECTIVE","VOTE!","VOTE!","VOTE!","VOTE!","","","Q_AUTHORED_CURRENT_POST","Q_BODY","KEEP","canonical post body, no embedded-source evidence"
"242#0","242","KEEP_Q_DIRECTIVE","KEEP_Q_DIRECTIVE","Be here tomorrow.","Be here tomorrow.","Be here tomorrow.","Be here tomorrow.","","","Q_AUTHORED_CURRENT_POST","Q_BODY","KEEP","canonical post body, no embedded-source evidence"
"2425#0","2425","KEEP_Q_DIRECTIVE","KEEP_Q_DIRECTIVE","VOTE!","VOTE!","VOTE!","VOTE!","","","Q_AUTHORED_CURRENT_POST","Q_BODY","KEEP","canonical post body, no embedded-source evidence"
"2425#1","2425","KEEP_Q_DIRECTIVE","KEEP_Q_DIRECTIVE","VOTE!","VOTE!","VOTE!","VOTE!","","","Q_AUTHORED_CURRENT_POST","Q_BODY","KEEP","canonical post body, no embedded-source evidence"
"2425#2","2425","KEEP_Q_DIRECTIVE","KEEP_Q_DIRECTIVE","VOTE!","VOTE!","VOTE!","VOTE!","","","Q_AUTHORED_CURRENT_POST","Q_BODY","KEEP","canonical post body, no embedded-source evidence"
"2425#3","2425","KEEP_Q_DIRECTIVE","KEEP_Q_DIRECTIVE","VOTE!","VOTE!","VOTE!","VOTE!","","","Q_AUTHORED_CURRENT_POST","Q_BODY","KEEP","canonical post body, no embedded-source evidence"
"2425#4","2425","KEEP_Q_DIRECTIVE","KEEP_Q_DIRECTIVE","VOTE!","VOTE!","VOTE!","VOTE!","","","Q_AUTHORED_CURRENT_POST","Q_BODY","KEEP","canonical post body, no embedded-source evidence"
"2425#5","2425","KEEP_Q_DIRECTIVE","KEEP_Q_DIRECTIVE","VOTE!","VOTE!","VOTE!","VOTE!","","","Q_AUTHORED_CURRENT_POST","Q_BODY","KEEP","canonical post body, no embedded-source evidence"
"2425#6","2425","KEEP_Q_DIRECTIVE","KEEP_Q_DIRECTIVE","VOTE!","VOTE!","VOTE!","VOTE!","","","Q_AUTHORED_CURRENT_POST","Q_BODY","KEEP","canonical post body, no embedded-source evidence"
"2425#7","2425","KEEP_Q_DIRECTIVE","KEEP_Q_DIRECTIVE","VOTE!","VOTE!","VOTE!","VOTE!","","","Q_AUTHORED_CURRENT_POST","Q_BODY","KEEP","canonical post body, no embedded-source evidence"
"2425#8","2425","KEEP_Q_DIRECTIVE","KEEP_Q_DIRECTIVE","VOTE!","VOTE!","VOTE!","VOTE!","","","Q_AUTHORED_CURRENT_POST","Q_BODY","KEEP","canonical post body, no embedded-source evidence"
"2429#0","2429","KEEP_Q_DIRECTIVE","KEEP_Q_DIRECTIVE","Remain in the public light (safety).","Remain in the public light (safety).","Remain in the public light (safety).","Remain in the public light (safety).","","","Q_AUTHORED_CURRENT_POST","Q_BODY","KEEP","canonical post body, no embedded-source evidence"
"243#0","243","KEEP_Q_DIRECTIVE","KEEP_Q_DIRECTIVE","List who will not be running for re_election.","List who will not be running for re_election.","List who will not be running for re_election.","List who will not be running for re_election.","","","Q_AUTHORED_CURRENT_POST","Q_BODY","KEEP","canonical post body, no embedded-source evidence"
"243#1","243","KEEP_Q_DIRECTIVE","KEEP_Q_DIRECTIVE","Just wait until next week.","Just wait until next week.","Just wait until next week.","Just wait until next week.","","","Q_AUTHORED_CURRENT_POST","Q_BODY","KEEP","canonical post body, no embedded-source evidence"
"2430#0","2430","KEEP_Q_DIRECTIVE","KEEP_Q_DIRECTIVE","Eyes On, Patriots!","Eyes On, Patriots!","Eyes On, Patriots!","Eyes On, Patriots!","","","Q_AUTHORED_CURRENT_POST","Q_BODY","KEEP","canonical post body, no embedded-source evidence"
"2434#0","2434","KEEP_Q_DIRECTIVE","KEEP_Q_DIRECTIVE","Think Merkel.","Think Merkel.","Think Merkel.","Think Merkel.","","","Q_AUTHORED_CURRENT_POST","Q_BODY","KEEP","canonical post body, no embedded-source evidence"
"2435#0","2435","KEEP_Q_DIRECTIVE","KEEP_Q_DIRECTIVE","VOTE! & MEME!","VOTE! & MEME!","VOTE! & MEME!","VOTE! & MEME!","","","Q_AUTHORED_CURRENT_POST","Q_BODY","KEEP","canonical post body, no embedded-source evidence"
"2435#1","2435","KEEP_Q_DIRECTIVE","KEEP_Q_DIRECTIVE","VOTE! & MEME!","VOTE! & MEME!","VOTE! & MEME!","VOTE! & MEME!","","","Q_AUTHORED_CURRENT_POST","Q_BODY","KEEP","canonical post body, no embedded-source evidence"
"2435#2","2435","KEEP_Q_DIRECTIVE","KEEP_Q_DIRECTIVE","VOTE! & MEME!","VOTE! & MEME!","VOTE! & MEME!","VOTE! & MEME!","","","Q_AUTHORED_CURRENT_POST","Q_BODY","KEEP","canonical post body, no embedded-source evidence"
"2436#0","2436","KEEP_Q_DIRECTIVE","KEEP_Q_DIRECTIVE","Remember the battles of Lexington and Concord - ""Give Me Liberty or Give Me Death!""","Remember the battles of Lexington and Concord - ""Give Me Liberty or Give Me Death!""","Remember the battles of Lexington and Concord - ""Give Me Liberty or Give Me Death!""","Remember the battles of Lexington and Concord - ""Give Me Liberty or Give Me Death!""","","","Q_AUTHORED_CURRENT_POST","Q_BODY","KEEP","long sentence inside a drop whose dominant register is Q — prose shape alone is not a quotation"
"2436#1","2436","REMOVE_BLESSING_OR_VALEDICTION","REMOVE_BLESSING_OR_VALEDICTION","GOD BLESS AMERICA.","","GOD BLESS AMERICA.","GOD BLESS AMERICA.","","","Q_AUTHORED_CURRENT_POST","Q_BODY","REMOVE_FROM_DIRECTIVES","blessing or valediction, not a command"
"2436#2","2436","KEEP_Q_DIRECTIVE","KEEP_Q_DIRECTIVE","WE MUST RISE AGAIN.","WE MUST RISE AGAIN.","WE MUST RISE AGAIN.","WE MUST RISE AGAIN.","","","Q_AUTHORED_CURRENT_POST","Q_BODY","KEEP","canonical post body, no embedded-source evidence"
"2436#3","2436","KEEP_Q_DIRECTIVE","KEEP_Q_DIRECTIVE","WE MUST UNITE AGAIN.","WE MUST UNITE AGAIN.","WE MUST UNITE AGAIN.","WE MUST UNITE AGAIN.","","","Q_AUTHORED_CURRENT_POST","Q_BODY","KEEP","canonical post body, no embedded-source evidence"
"2436#4","2436","KEEP_Q_DIRECTIVE","KEEP_Q_DIRECTIVE","WE MUST FIGHT AGAIN.","WE MUST FIGHT AGAIN.","WE MUST FIGHT AGAIN.","WE MUST FIGHT AGAIN.","","","Q_AUTHORED_CURRENT_POST","Q_BODY","KEEP","canonical post body, no embedded-source evidence"
"2437#0","2437","KEEP_Q_DIRECTIVE","KEEP_Q_DIRECTIVE","SHOW YOUR LOVE OF COUNTRY BY VOTING TODAY.","SHOW YOUR LOVE OF COUNTRY BY VOTING TODAY.","SHOW YOUR LOVE OF COUNTRY BY VOTING TODAY.","SHOW YOUR LOVE OF COUNTRY BY VOTING TODAY.","","","Q_AUTHORED_CURRENT_POST","Q_BODY","KEEP","canonical post body, no embedded-source evidence"
"2437#1","2437","KEEP_Q_DIRECTIVE","KEEP_Q_DIRECTIVE","RETURN POWER TO THE PEOPLE.","RETURN POWER TO THE PEOPLE.","RETURN POWER TO THE PEOPLE.","RETURN POWER TO THE PEOPLE.","","","Q_AUTHORED_CURRENT_POST","Q_BODY","KEEP","canonical post body, no embedded-source evidence"
"2437#2","2437","KEEP_Q_DIRECTIVE","KEEP_Q_DIRECTIVE","RETURN OLD GLORY TO HER FORMER STATE.","RETURN OLD GLORY TO HER FORMER STATE.","RETURN OLD GLORY TO HER FORMER STATE.","RETURN OLD GLORY TO HER FORMER STATE.","","","Q_AUTHORED_CURRENT_POST","Q_BODY","KEEP","canonical post body, no embedded-source evidence"
"2437#3","2437","KEEP_Q_DIRECTIVE","KEEP_Q_DIRECTIVE","VOTE!","VOTE!","VOTE!","VOTE!","","","Q_AUTHORED_CURRENT_POST","Q_BODY","KEEP","canonical post body, no embedded-source evidence"
"2437#4","2437","KEEP_Q_DIRECTIVE","KEEP_Q_DIRECTIVE","VOTE!","VOTE!","VOTE!","VOTE!","","","Q_AUTHORED_CURRENT_POST","Q_BODY","KEEP","canonical post body, no embedded-source evidence"
"2437#5","2437","KEEP_Q_DIRECTIVE","KEEP_Q_DIRECTIVE","VOTE!","VOTE!","VOTE!","VOTE!","","","Q_AUTHORED_CURRENT_POST","Q_BODY","KEEP","canonical post body, no embedded-source evidence"
"2439#0","2439","KEEP_Q_DIRECTIVE","KEEP_Q_DIRECTIVE","Protect the VOTE!","Protect the VOTE!","Protect the VOTE!","Protect the VOTE!","","","Q_AUTHORED_CURRENT_POST","Q_BODY","KEEP","canonical post body, no embedded-source evidence"
"244#0","244","REMOVE_BLESSING_OR_VALEDICTION","REMOVE_BLESSING_OR_VALEDICTION","God bless.","","God bless.","God bless.","","","Q_AUTHORED_CURRENT_POST","Q_BODY","REMOVE_FROM_DIRECTIVES","blessing or valediction, not a command"
"2440#0","2440","KEEP_Q_DIRECTIVE","KEEP_Q_DIRECTIVE","BE PROUD, PATRIOTS.","BE PROUD, PATRIOTS.","BE PROUD, PATRIOTS.","BE PROUD, PATRIOTS.","","","Q_AUTHORED_CURRENT_POST","Q_BODY","KEEP","canonical post body, no embedded-source evidence"
"2444#0","2444","KEEP_Q_DIRECTIVE","KEEP_Q_DIRECTIVE","Think Judges (SC) & Cabinet.","Think Judges (SC) & Cabinet.","Think Judges (SC) & Cabinet.","Think Judges (SC) & Cabinet.","","","Q_AUTHORED_CURRENT_POST","Q_BODY","KEEP","canonical post body, no embedded-source evidence"
"2445#0","2445","KEEP_Q_DIRECTIVE","KEEP_Q_DIRECTIVE","TRUST GRASSLEY","TRUST GRASSLEY","TRUST GRASSLEY","TRUST GRASSLEY","","","Q_AUTHORED_CURRENT_POST","Q_BODY","KEEP","canonical post body, no embedded-source evidence"
"2448#0","2448","KEEP_Q_DIRECTIVE","KEEP_Q_DIRECTIVE","Think logically.","Think logically.","Think logically.","Think logically.","","","Q_AUTHORED_CURRENT_POST","Q_BODY","KEEP","canonical post body, no embedded-source evidence"
"2448#1","2448","KEEP_Q_DIRECTIVE","KEEP_Q_DIRECTIVE","Buckle up.","Buckle up.","Buckle up.","Buckle up.","","","Q_AUTHORED_CURRENT_POST","Q_BODY","KEEP","canonical post body, no embedded-source evidence"
"2453#0","2453","KEEP_Q_DIRECTIVE","KEEP_Q_DIRECTIVE","Enjoy the show!","Enjoy the show!","Enjoy the show!","Enjoy the show!","","","Q_AUTHORED_CURRENT_POST","Q_BODY","KEEP","canonical post body, no embedded-source evidence"
"2459#0","2459","KEEP_Q_DIRECTIVE","KEEP_Q_DIRECTIVE","Imagine if the new acting AG now releases all previously 'blocked' doc requests by the House (including the [RR] secondary CLAS scope doc).","Imagine if the new acting AG now releases all previously 'blocked' doc requests by the House (including the [RR] secondary CLAS scope doc).","Imagine if the new acting AG now releases all previously 'blocked' doc requests by the House (including the [RR] secondary CLAS scope doc).","Imagine if the new acting AG now releases all previously 'blocked' doc requests by the House (including the [RR] secondary CLAS scope doc).","","","Q_AUTHORED_CURRENT_POST","Q_BODY","KEEP","canonical post body, no embedded-source evidence"
"2467#0","2467","KEEP_Q_DIRECTIVE","KEEP_Q_DIRECTIVE","Expand your thinking.","Expand your thinking.","Expand your thinking.","Expand your thinking.","","","Q_AUTHORED_CURRENT_POST","Q_BODY","KEEP","canonical post body, no embedded-source evidence"
"2468#0","2468","KEEP_Q_DIRECTIVE","KEEP_Q_DIRECTIVE","Think Whitaker.","Think Whitaker.","Think Whitaker.","Think Whitaker.","","","Q_AUTHORED_CURRENT_POST","Q_BODY","KEEP","canonical post body, no embedded-source evidence"
"2468#1","2468","KEEP_Q_DIRECTIVE","KEEP_Q_DIRECTIVE","CONTROL = POWER","CONTROL = POWER","CONTROL = POWER","CONTROL = POWER","","","Q_AUTHORED_CURRENT_POST","Q_BODY","KEEP","canonical post body, no embedded-source evidence"
"247#0","247","KEEP_Q_DIRECTIVE","KEEP_Q_DIRECTIVE","Focus on the date.","Focus on the date.","Focus on the date.","Focus on the date.","","","Q_AUTHORED_CURRENT_POST","Q_BODY","KEEP","canonical post body, no embedded-source evidence"
"247#1","247","KEEP_Q_DIRECTIVE","KEEP_Q_DIRECTIVE","Follow the wives.","Follow the wives.","Follow the wives.","Follow the wives.","","","Q_AUTHORED_CURRENT_POST","Q_BODY","KEEP","canonical post body, no embedded-source evidence"
"247#2","247","KEEP_Q_DIRECTIVE","KEEP_Q_DIRECTIVE","Keep watching the news this week.","Keep watching the news this week.","Keep watching the news this week.","Keep watching the news this week.","","","Q_AUTHORED_CURRENT_POST","Q_BODY","KEEP","canonical post body, no embedded-source evidence"
"247#3","247","KEEP_Q_DIRECTIVE","KEEP_Q_DIRECTIVE","Re-read crumbs.","Re-read crumbs.","Re-read crumbs.","Re-read crumbs.","","","Q_AUTHORED_CURRENT_POST","Q_BODY","KEEP","canonical post body, no embedded-source evidence"
"247#4","247","KEEP_Q_DIRECTIVE","KEEP_Q_DIRECTIVE","Think HRC emails, Weiner laptop, etc.","Think HRC emails, Weiner laptop, etc.","Think HRC emails, Weiner laptop, etc.","Think HRC emails, Weiner laptop, etc.","","","Q_AUTHORED_CURRENT_POST","Q_BODY","KEEP","canonical post body, no embedded-source evidence"
"2471#0","2471","KEEP_Q_DIRECTIVE","KEEP_Q_DIRECTIVE","Expand further.","Expand further.","Expand further.","Expand further.","","","Q_AUTHORED_CURRENT_POST","Q_BODY","KEEP","canonical post body, no embedded-source evidence"
"2474#0","2474","KEEP_Q_DIRECTIVE","KEEP_Q_DIRECTIVE","FIGHT!","FIGHT!","FIGHT!","FIGHT!","","","Q_AUTHORED_CURRENT_POST","Q_BODY","KEEP","canonical post body, no embedded-source evidence"
"2476#0","2476","KEEP_Q_DIRECTIVE","KEEP_Q_DIRECTIVE","Dig deeper!","Dig deeper!","Dig deeper!","Dig deeper!","","","Q_AUTHORED_CURRENT_POST","Q_BODY","KEEP","canonical post body, no embedded-source evidence"
"2476#1","2476","KEEP_Q_DIRECTIVE","KEEP_Q_DIRECTIVE","Re_read drops re: Gmail + Xbox / PS comms","Re_read drops re: Gmail + Xbox / PS comms","Re_read drops re: Gmail + Xbox / PS comms","Re_read drops re: Gmail + Xbox / PS comms","","","Q_AUTHORED_CURRENT_POST","Q_BODY","KEEP","canonical post body, no embedded-source evidence"
"2478#0","2478","KEEP_Q_DIRECTIVE","KEEP_Q_DIRECTIVE","Let the unsealing begin.","Let the unsealing begin.","Let the unsealing begin.","Let the unsealing begin.","","","Q_AUTHORED_CURRENT_POST","Q_BODY","KEEP","canonical post body, no embedded-source evidence"
"2478#1","2478","KEEP_Q_DIRECTIVE","KEEP_Q_DIRECTIVE","Let the DEC[L]AS begin.","Let the DEC[L]AS begin.","Let the DEC[L]AS begin.","Let the DEC[L]AS begin.","","","Q_AUTHORED_CURRENT_POST","Q_BODY","KEEP","canonical post body, no embedded-source evidence"
"2478#2","2478","KEEP_Q_DIRECTIVE","KEEP_Q_DIRECTIVE","Let the WORLD witness the TRUTH.","Let the WORLD witness the TRUTH.","Let the WORLD witness the TRUTH.","Let the WORLD witness the TRUTH.","","","Q_AUTHORED_CURRENT_POST","Q_BODY","KEEP","canonical post body, no embedded-source evidence"
"249#0","249","KEEP_Q_DIRECTIVE","KEEP_Q_DIRECTIVE","Expand your thinking.","Expand your thinking.","Expand your thinking.","Expand your thinking.","","","Q_AUTHORED_CURRENT_POST","Q_BODY","KEEP","canonical post body, no embedded-source evidence"
"2498#0","2498","KEEP_Q_DIRECTIVE","KEEP_Q_DIRECTIVE","Think D5.","Think D5.","Think D5.","Think D5.","","","Q_AUTHORED_CURRENT_POST","Q_BODY","KEEP","canonical post body, no embedded-source evidence"
"2499#0","2499","KEEP_Q_DIRECTIVE","KEEP_Q_DIRECTIVE","Think timing of Tweet (above) v last drops [HouseOfCards] re: Maggie NYT re: WL 'Maggie' drops re: WL attack re: 'Q'","Think timing of Tweet (above) v last drops [HouseOfCards] re: Maggie NYT re: WL 'Maggie' drops re: WL attack re: 'Q'","Think timing of Tweet (above) v last drops [HouseOfCards] re: Maggie NYT re: WL 'Maggie' drops re: WL attack re: 'Q'","Think timing of Tweet (above) v last drops [HouseOfCards] re: Maggie NYT re: WL 'Maggie' drops re: WL attack re: 'Q'","","","Q_AUTHORED_CURRENT_POST","Q_BODY","KEEP","canonical post body, no embedded-source evidence"
"2499#1","2499","KEEP_Q_DIRECTIVE","KEEP_Q_DIRECTIVE","See something.","See something.","See something.","See something.","","","Q_AUTHORED_CURRENT_POST","Q_BODY","KEEP","canonical post body, no embedded-source evidence"
"2499#2","2499","KEEP_Q_DIRECTIVE","KEEP_Q_DIRECTIVE","Be 'extremely' vigilant in Dec.","Be 'extremely' vigilant in Dec.","Be 'extremely' vigilant in Dec.","Be 'extremely' vigilant in Dec.","","","Q_AUTHORED_CURRENT_POST","Q_BODY","KEEP","canonical post body, no embedded-source evidence"
"2499#3","2499","KEEP_Q_DIRECTIVE","KEEP_Q_DIRECTIVE","Say something.","Say something.","Say something.","Say something.","","","Q_AUTHORED_CURRENT_POST","Q_BODY","KEEP","canonical post body, no embedded-source evidence"
"25#0","25","KEEP_Q_DIRECTIVE","KEEP_Q_DIRECTIVE","Follow up to last post.","Follow up to last post.","Follow up to last post.","Follow up to last post.","","","Q_AUTHORED_CURRENT_POST","Q_BODY","KEEP","canonical post body, no embedded-source evidence"
"25#1","25","KEEP_Q_DIRECTIVE","KEEP_Q_DIRECTIVE","Return to comments re: Pelosi and John M (some of us refuse to say his last name for a reason).","Return to comments re: Pelosi and John M (some of us refuse to say his last name for a reason).","Return to comments re: Pelosi and John M (some of us refuse to say his last name for a reason).","Return to comments re: Pelosi and John M (some of us refuse to say his last name for a reason).","","","Q_AUTHORED_CURRENT_POST","Q_BODY","KEEP","long sentence inside a drop whose dominant register is Q — prose shape alone is not a quotation"
"25#2","25","KEEP_Q_DIRECTIVE","KEEP_Q_DIRECTIVE","Keep up the good fight.","Keep up the good fight.","Keep up the good fight.","Keep up the good fight.","","","Q_AUTHORED_CURRENT_POST","Q_BODY","KEEP","canonical post body, no embedded-source evidence"
"25#3","25","REMOVE_BLESSING_OR_VALEDICTION","REMOVE_BLESSING_OR_VALEDICTION","God bless.","","God bless.","God bless.","","","Q_AUTHORED_CURRENT_POST","Q_BODY","REMOVE_FROM_DIRECTIVES","blessing or valediction, not a command"
"2500#0","2500","KEEP_Q_DIRECTIVE","KEEP_Q_DIRECTIVE","Re_read drops re: WARNINGS https://www.washingtonpost.com/politics/new-book-by-trump-advisers-calls-out-the-presidents-embedded-enemies/2018/11/24/afcbd0fc-ede3-11e8-baac-2a674e91502b_story.html?utm_term=.80e6d1b24752","Re_read drops re: WARNINGS https://www.washingtonpost.com/politics/new-book-by-trump-advisers-calls-out-the-presidents-embedded-enemies/2018/11/24/afcbd0fc-ede3-11e8-baac-2a674e91502b_story.html?utm_term=.80e6d1b24752","Re_read drops re: WARNINGS","Re_read drops re: WARNINGS","","","Q_AUTHORED_CURRENT_POST","Q_BODY","KEEP","canonical post body, no embedded-source evidence"
"2500#1","2500","KEEP_Q_DIRECTIVE","KEEP_Q_DIRECTIVE","Re_read drops re: WARNINGS","Re_read drops re: WARNINGS","Re_read drops re: WARNINGS","Re_read drops re: WARNINGS","","","Q_AUTHORED_CURRENT_POST","Q_BODY","KEEP","canonical post body, no embedded-source evidence"
"2501#0","2501","KEEP_Q_DIRECTIVE","KEEP_Q_DIRECTIVE","List advantages.","List advantages.","List advantages.","List advantages.","","","Q_AUTHORED_CURRENT_POST","Q_BODY","KEEP","canonical post body, no embedded-source evidence"
"2501#1","2501","KEEP_Q_DIRECTIVE","KEEP_Q_DIRECTIVE","List advantages.","List advantages.","List advantages.","List advantages.","","","Q_AUTHORED_CURRENT_POST","Q_BODY","KEEP","canonical post body, no embedded-source evidence"
"2504#0","2504","KEEP_Q_DIRECTIVE","KEEP_Q_DIRECTIVE","Think timing.","Think timing.","Think timing.","Think timing.","","","Q_AUTHORED_CURRENT_POST","Q_BODY","KEEP","canonical post body, no embedded-source evidence"
"2504#1","2504","KEEP_Q_DIRECTIVE","KEEP_Q_DIRECTIVE","Think Senate lock.","Think Senate lock.","Think Senate lock.","Think Senate lock.","","","Q_AUTHORED_CURRENT_POST","Q_BODY","KEEP","canonical post body, no embedded-source evidence"
"2504#2","2504","KEEP_Q_DIRECTIVE","KEEP_Q_DIRECTIVE","Think SC lock.","Think SC lock.","Think SC lock.","Think SC lock.","","","Q_AUTHORED_CURRENT_POST","Q_BODY","KEEP","canonical post body, no embedded-source evidence"
"2507#0","2507","KEEP_Q_DIRECTIVE","KEEP_Q_DIRECTIVE","NO FURTHER DETAILS SHOULD BE RELEASED [WARNING]","NO FURTHER DETAILS SHOULD BE RELEASED [WARNING]","NO FURTHER DETAILS SHOULD BE RELEASED [WARNING]","NO FURTHER DETAILS SHOULD BE RELEASED [WARNING]","","","Q_AUTHORED_CURRENT_POST","Q_BODY","KEEP","canonical post body, no embedded-source evidence"
"2509#0","2509","KEEP_Q_DIRECTIVE","KEEP_Q_DIRECTIVE","Do the math.","Do the math.","Do the math.","Do the math.","","","Q_AUTHORED_CURRENT_POST","Q_BODY","KEEP","canonical post body, no embedded-source evidence"
"251#0","251","KEEP_Q_DIRECTIVE","KEEP_Q_DIRECTIVE","Focus on Hussein AIDS Video.","Focus on Hussein AIDS Video.","Focus on Hussein AIDS Video.","Focus on Hussein AIDS Video.","","","Q_AUTHORED_CURRENT_POST","Q_BODY","KEEP","canonical post body, no embedded-source evidence"
"251#1","251","KEEP_Q_DIRECTIVE","KEEP_Q_DIRECTIVE","Cross reference.","Cross reference.","Cross reference.","Cross reference.","","","Q_AUTHORED_CURRENT_POST","Q_BODY","KEEP","canonical post body, no embedded-source evidence"
"251#2","251","KEEP_Q_DIRECTIVE","KEEP_Q_DIRECTIVE","Learn to decider.","Learn to decider.","Learn to decider.","Learn to decider.","","","Q_AUTHORED_CURRENT_POST","Q_BODY","KEEP","canonical post body, no embedded-source evidence"
"251#3","251","KEEP_Q_DIRECTIVE","KEEP_Q_DIRECTIVE","Find the keystone.","Find the keystone.","Find the keystone.","Find the keystone.","","","Q_AUTHORED_CURRENT_POST","Q_BODY","KEEP","canonical post body, no embedded-source evidence"
"2510#0","2510","KEEP_Q_DIRECTIVE","KEEP_Q_DIRECTIVE","Do the math.","Do the math.","Do the math.","Do the math.","","","Q_AUTHORED_CURRENT_POST","Q_BODY","KEEP","canonical post body, no embedded-source evidence"
"2514#0","2514","KEEP_Q_DIRECTIVE","KEEP_Q_DIRECTIVE","Enjoy the show.","Enjoy the show.","Enjoy the show.","Enjoy the show.","","","Q_AUTHORED_CURRENT_POST","Q_BODY","KEEP","canonical post body, no embedded-source evidence"
"2516#0","2516","KEEP_Q_DIRECTIVE","KEEP_Q_DIRECTIVE","Watch the news.","Watch the news.","Watch the news.","Watch the news.","","","Q_AUTHORED_CURRENT_POST","Q_BODY","KEEP","canonical post body, no embedded-source evidence"
"252#0","252","KEEP_Q_DIRECTIVE","KEEP_Q_DIRECTIVE","Think AIDS.","Think AIDS.","Think AIDS.","Think AIDS.","","","Q_AUTHORED_CURRENT_POST","Q_BODY","KEEP","canonical post body, no embedded-source evidence"
"2523#0","2523","KEEP_Q_DIRECTIVE","KEEP_Q_DIRECTIVE","Define 'Treason'","Define 'Treason'","Define 'Treason'","Define 'Treason'","","","Q_AUTHORED_CURRENT_POST","Q_BODY","KEEP","canonical post body, no embedded-source evidence"
"2524#0","2524","KEEP_Q_DIRECTIVE","KEEP_Q_DIRECTIVE","Think multiple meanings.","Think multiple meanings.","Think multiple meanings.","Think multiple meanings.","","","Q_AUTHORED_CURRENT_POST","Q_BODY","KEEP","canonical post body, no embedded-source evidence"
"2524#1","2524","KEEP_Q_DIRECTIVE","KEEP_Q_DIRECTIVE","Learn our comms.","Learn our comms.","Learn our comms.","Learn our comms.","","","Q_AUTHORED_CURRENT_POST","Q_BODY","KEEP","canonical post body, no embedded-source evidence"
"2527#0","2527","KEEP_Q_DIRECTIVE","KEEP_Q_DIRECTIVE","Think WAVES.","Think WAVES.","Think WAVES.","Think WAVES.","","","Q_AUTHORED_CURRENT_POST","Q_BODY","KEEP","canonical post body, no embedded-source evidence"
"2527#1","2527","KEEP_Q_DIRECTIVE","KEEP_Q_DIRECTIVE","Define 'unified'","Define 'unified'","Define 'unified'","Define 'unified'","","","Q_AUTHORED_CURRENT_POST","Q_BODY","KEEP","canonical post body, no embedded-source evidence"
"2528#0","2528","KEEP_Q_DIRECTIVE","KEEP_Q_DIRECTIVE","Think Fake News attacks [2nd only to POTUS himself].","Think Fake News attacks [2nd only to POTUS himself].","Think Fake News attacks [2nd only to POTUS himself].","Think Fake News attacks [2nd only to POTUS himself].","","","Q_AUTHORED_CURRENT_POST","Q_BODY","KEEP","canonical post body, no embedded-source evidence"
"2528#1","2528","KEEP_Q_DIRECTIVE","KEEP_Q_DIRECTIVE","Trust yourself.","Trust yourself.","Trust yourself.","Trust yourself.","","","Q_AUTHORED_CURRENT_POST","Q_BODY","KEEP","canonical post body, no embedded-source evidence"
"2528#2","2528","KEEP_Q_DIRECTIVE","KEEP_Q_DIRECTIVE","Think for yourself.","Think for yourself.","Think for yourself.","Think for yourself.","","","Q_AUTHORED_CURRENT_POST","Q_BODY","KEEP","canonical post body, no embedded-source evidence"
"2528#3","2528","KEEP_Q_DIRECTIVE","KEEP_Q_DIRECTIVE","Open your heart and your mind.","Open your heart and your mind.","Open your heart and your mind.","Open your heart and your mind.","","","Q_AUTHORED_CURRENT_POST","Q_BODY","KEEP","canonical post body, no embedded-source evidence"
"2529#0","2529","KEEP_Q_DIRECTIVE","KEEP_Q_DIRECTIVE","Do not mistake silence for size.","Do not mistake silence for size.","Do not mistake silence for size.","Do not mistake silence for size.","","","Q_AUTHORED_CURRENT_POST","Q_BODY","KEEP","canonical post body, no embedded-source evidence"
"2529#1","2529","REMOVE_BLESSING_OR_VALEDICTION","REMOVE_BLESSING_OR_VALEDICTION","God bless, Patriot.","","God bless, Patriot.","God bless, Patriot.","","","Q_AUTHORED_CURRENT_POST","Q_BODY","REMOVE_FROM_DIRECTIVES","blessing or valediction, not a command"
"2534#0","2534","KEEP_Q_DIRECTIVE","KEEP_Q_DIRECTIVE","Ask yourself a very simple question, why is there a total & complete MSM blackout re: France, Belgium, Germany, EU riots etc?","Ask yourself a very simple question, why is there a  total & complete MSM blackout re: France, Belgium, Germany, EU riots etc?","Ask yourself a very simple question, why is there a  total & complete MSM blackout re: France, Belgium, Germany, EU riots etc?","Ask yourself a very simple question, why is there a  total & complete MSM blackout re: France, Belgium, Germany, EU riots etc?","","","Q_AUTHORED_CURRENT_POST","Q_BODY","KEEP","canonical post body, no embedded-source evidence"
"2536#0","2536","KEEP_Q_DIRECTIVE","KEEP_Q_DIRECTIVE","Be proud!","Be proud!","Be proud!","Be proud!","","","Q_AUTHORED_CURRENT_POST","Q_BODY","KEEP","canonical post body, no embedded-source evidence"
"254#0","254","KEEP_Q_DIRECTIVE","KEEP_Q_DIRECTIVE","Expand your thinking.","Expand your thinking.","Expand your thinking.","Expand your thinking.","","","Q_AUTHORED_CURRENT_POST","Q_BODY","KEEP","canonical post body, no embedded-source evidence"
"2540#0","2540","KEEP_Q_DIRECTIVE","KEEP_Q_DIRECTIVE","Please allow us to counter.","Please allow us to counter.","Please allow us to counter.","Please allow us to counter.","","","Q_AUTHORED_CURRENT_POST","Q_BODY","KEEP","canonical post body, no embedded-source evidence"
"2546#0","2546","KEEP_Q_DIRECTIVE","KEEP_Q_DIRECTIVE","Watch the News.","Watch the News.","Watch the News.","Watch the News.","","","Q_AUTHORED_CURRENT_POST","Q_BODY","KEEP","canonical post body, no embedded-source evidence"
"2546#1","2546","KEEP_Q_DIRECTIVE","KEEP_Q_DIRECTIVE","Watch the FBI.","Watch the FBI.","Watch the FBI.","Watch the FBI.","","","Q_AUTHORED_CURRENT_POST","Q_BODY","KEEP","canonical post body, no embedded-source evidence"
"2546#2","2546","KEEP_Q_DIRECTIVE","KEEP_Q_DIRECTIVE","Watch the DOJ.","Watch the DOJ.","Watch the DOJ.","Watch the DOJ.","","","Q_AUTHORED_CURRENT_POST","Q_BODY","KEEP","canonical post body, no embedded-source evidence"
"2547#0","2547","KEEP_Q_DIRECTIVE","KEEP_Q_DIRECTIVE","Focus: 41","Focus: 41","Focus: 41","Focus: 41","","","Q_AUTHORED_CURRENT_POST","Q_BODY","KEEP","canonical post body, no embedded-source evidence"
"2548#0","2548","KEEP_Q_DIRECTIVE","KEEP_Q_DIRECTIVE","Think No Name.","Think No Name.","Think No Name.","Think No Name.","","","Q_AUTHORED_CURRENT_POST","Q_BODY","KEEP","canonical post body, no embedded-source evidence"
"2549#0","2549","KEEP_Q_DIRECTIVE","KEEP_Q_DIRECTIVE","Think ABC agency.","Think ABC agency.","Think ABC agency.","Think ABC agency.","","","Q_AUTHORED_CURRENT_POST","Q_BODY","KEEP","canonical post body, no embedded-source evidence"
"255#0","255","KEEP_Q_DIRECTIVE","KEEP_Q_DIRECTIVE","Learn to read the map.","Learn to read the map.","Learn to read the map.","Learn to read the map.","","","Q_AUTHORED_CURRENT_POST","Q_BODY","KEEP","canonical post body, no embedded-source evidence"
"2550#0","2550","KEEP_Q_DIRECTIVE","KEEP_Q_DIRECTIVE","Attention On Deck!","Attention On Deck!","Attention On Deck!","Attention On Deck!","","","Q_AUTHORED_CURRENT_POST","Q_BODY","KEEP","canonical post body, no embedded-source evidence"
"2552#0","2552","KEEP_Q_DIRECTIVE","KEEP_Q_DIRECTIVE","Follow the names on the list provided [update].","Follow the names on the list provided [update].","Follow the names on the list provided [update].","Follow the names on the list provided [update].","","","Q_AUTHORED_CURRENT_POST","Q_BODY","KEEP","canonical post body, no embedded-source evidence"
"2554#0","2554","KEEP_Q_DIRECTIVE","KEEP_Q_DIRECTIVE","Move and countermoves.","Move and countermoves.","Move and countermoves.","Move and countermoves.","","","Q_AUTHORED_CURRENT_POST","Q_BODY","KEEP","canonical post body, no embedded-source evidence"
"2554#1","2554","KEEP_Q_DIRECTIVE","KEEP_Q_DIRECTIVE","See something.","See something.","See something.","See something.","","","Q_AUTHORED_CURRENT_POST","Q_BODY","KEEP","canonical post body, no embedded-source evidence"
"2554#2","2554","KEEP_Q_DIRECTIVE","KEEP_Q_DIRECTIVE","Say something.","Say something.","Say something.","Say something.","","","Q_AUTHORED_CURRENT_POST","Q_BODY","KEEP","canonical post body, no embedded-source evidence"
"2559#0","2559","KEEP_Q_DIRECTIVE","KEEP_Q_DIRECTIVE","Define 'PROJECTION'.","Define 'PROJECTION'.","Define 'PROJECTION'.","Define 'PROJECTION'.","","","Q_AUTHORED_CURRENT_POST","Q_BODY","KEEP","canonical post body, no embedded-source evidence"
"256#0","256","KEEP_Q_DIRECTIVE","KEEP_Q_DIRECTIVE","Analyze the connection.","Analyze the connection.","Analyze the connection.","Analyze the connection.","","","Q_AUTHORED_CURRENT_POST","Q_BODY","KEEP","canonical post body, no embedded-source evidence"
"256#1","256","KEEP_Q_DIRECTIVE","KEEP_Q_DIRECTIVE","Learn to read the map.","Learn to read the map.","Learn to read the map.","Learn to read the map.","","","Q_AUTHORED_CURRENT_POST","Q_BODY","KEEP","canonical post body, no embedded-source evidence"
"2560#0","2560","KEEP_Q_DIRECTIVE","KEEP_Q_DIRECTIVE","Read carefully.","Read carefully.","Read carefully.","Read carefully.","","","Q_AUTHORED_CURRENT_POST","Q_BODY","KEEP","canonical post body, no embedded-source evidence"
"2562#0","2562","KEEP_Q_DIRECTIVE","KEEP_Q_DIRECTIVE","COME[Y]","COME[Y]","COME[Y]","COME[Y]","","","Q_AUTHORED_CURRENT_POST","Q_BODY","KEEP","canonical post body, no embedded-source evidence"
"2567#0","2567","KEEP_Q_DIRECTIVE","KEEP_Q_DIRECTIVE",">Add multiple layers of 'coincidences' which mathematically proves legitimacy (standard deviation)<",">Add multiple layers of 'coincidences' which mathematically proves legitimacy (standard deviation)<",">Add multiple layers of 'coincidences' which mathematically proves legitimacy (standard deviation)<",">Add multiple layers of 'coincidences' which mathematically proves legitimacy (standard deviation)<","","","Q_AUTHORED_CURRENT_POST","Q_BODY","KEEP","greentext arrow with no matching quoted source — Q's own bullet"
"2568#0","2568","KEEP_Q_DIRECTIVE","KEEP_Q_DIRECTIVE","Define 'Projection'.","Define 'Projection'.","Define 'Projection'.","Define 'Projection'.","","","Q_AUTHORED_CURRENT_POST","Q_BODY","KEEP","canonical post body, no embedded-source evidence"
"2568#1","2568","KEEP_Q_DIRECTIVE","KEEP_Q_DIRECTIVE","Define 'Getting Ahead of the Story'.","Define 'Getting Ahead of the Story'.","Define 'Getting Ahead of the Story'.","Define 'Getting Ahead of the Story'.","","","Q_AUTHORED_CURRENT_POST","Q_BODY","KEEP","canonical post body, no embedded-source evidence"
"2568#2","2568","KEEP_Q_DIRECTIVE","KEEP_Q_DIRECTIVE","ADD BRENNAN TO GRAPHIC AND UPDATE.","ADD BRENNAN TO GRAPHIC AND UPDATE.","ADD BRENNAN TO GRAPHIC AND UPDATE.","ADD BRENNAN TO GRAPHIC AND UPDATE.","","","Q_AUTHORED_CURRENT_POST","Q_BODY","KEEP","canonical post body, no embedded-source evidence"
"2572#0","2572","KEEP_Q_DIRECTIVE","KEEP_Q_DIRECTIVE","Do not let them DIVIDE you.","Do not let them DIVIDE you.","Do not let them DIVIDE you.","Do not let them DIVIDE you.","","","Q_AUTHORED_CURRENT_POST","Q_BODY","KEEP","canonical post body, no embedded-source evidence"
"2578#0","2578","KEEP_Q_DIRECTIVE","KEEP_Q_DIRECTIVE","Keep the faith, Patriot.","Keep the faith, Patriot.","Keep the faith, Patriot.","Keep the faith, Patriot.","","","Q_AUTHORED_CURRENT_POST","Q_BODY","KEEP","canonical post body, no embedded-source evidence"
"258#0","258","KEEP_Q_DIRECTIVE","KEEP_Q_DIRECTIVE","Decode.","Decode.","Decode.","Decode.","","","Q_AUTHORED_CURRENT_POST","Q_BODY","KEEP","canonical post body, no embedded-source evidence"
"258#1","258","KEEP_DIRECTIVE_AND_RELIGIOUS_THEME","KEEP_DIRECTIVE_AND_RELIGIOUS_THEME","Pray.","Pray.","Pray.","Pray.","","Religion & Spirituality","Q_AUTHORED_CURRENT_POST","Q_BODY","KEEP","canonical post body, no embedded-source evidence"
"2581#0","2581","KEEP_Q_DIRECTIVE","KEEP_Q_DIRECTIVE","Read carefully.","Read carefully.","Read carefully.","Read carefully.","","","Q_AUTHORED_CURRENT_POST","Q_BODY","KEEP","canonical post body, no embedded-source evidence"
"2581#1","2581","KEEP_Q_DIRECTIVE","KEEP_Q_DIRECTIVE","Name IDEN Public > FBI 'intrusion' > Lawsuit > Response to Lawsuit > Public Reveal (otherwise sealed?)","Name IDEN Public > FBI 'intrusion' > Lawsuit > Response to Lawsuit > Public Reveal (otherwise sealed?)","Name IDEN Public > FBI 'intrusion' > Lawsuit > Response to Lawsuit > Public Reveal (otherwise sealed?)","Name IDEN Public > FBI 'intrusion' > Lawsuit > Response to Lawsuit > Public Reveal (otherwise sealed?)","","","Q_AUTHORED_CURRENT_POST","Q_BODY","KEEP","canonical post body, no embedded-source evidence"
"2582#0","2582","KEEP_Q_DIRECTIVE","KEEP_Q_DIRECTIVE","Learn the Constitution re: vested powers of POTUS re: matters of NAT SEC.","Learn the Constitution re: vested powers of POTUS re: matters of NAT SEC.","Learn the Constitution re: vested powers of POTUS re: matters of NAT SEC.","Learn the Constitution re: vested powers of POTUS re: matters of NAT SEC.","","","Q_AUTHORED_CURRENT_POST","Q_BODY","KEEP","long sentence inside a drop whose dominant register is Q — prose shape alone is not a quotation"
"2583#0","2583","KEEP_Q_DIRECTIVE","KEEP_Q_DIRECTIVE","Think Graham KAV exchange.","Think Graham KAV exchange.","Think Graham KAV exchange.","Think Graham KAV exchange.","","","Q_AUTHORED_CURRENT_POST","Q_BODY","KEEP","canonical post body, no embedded-source evidence"
"2587#0","2587","KEEP_Q_DIRECTIVE","KEEP_Q_DIRECTIVE","Start a FIRE.","Start a FIRE.","Start a FIRE.","Start a FIRE.","","","Q_AUTHORED_CURRENT_POST","Q_BODY","KEEP","canonical post body, no embedded-source evidence"
"2588#0","2588","KEEP_Q_DIRECTIVE","KEEP_Q_DIRECTIVE","Follow the money.","Follow the money.","Follow the money.","Follow the money.","","","Q_AUTHORED_CURRENT_POST","Q_BODY","KEEP","canonical post body, no embedded-source evidence"
"2593#0","2593","KEEP_Q_DIRECTIVE","KEEP_Q_DIRECTIVE","Think Green/Red Castle.","Think Green/Red Castle.","Think Green/Red Castle.","Think Green/Red Castle.","","","Q_AUTHORED_CURRENT_POST","Q_BODY","KEEP","canonical post body, no embedded-source evidence"
"2593#1","2593","KEEP_Q_DIRECTIVE","KEEP_Q_DIRECTIVE","Think MIL.","Think MIL.","Think MIL.","Think MIL.","","","Q_AUTHORED_CURRENT_POST","Q_BODY","KEEP","canonical post body, no embedded-source evidence"
"2594#0","2594","KEEP_Q_DIRECTIVE","KEEP_Q_DIRECTIVE","Define 'pecking' [animals].","Define 'pecking' [animals].","Define 'pecking' [animals].","Define 'pecking' [animals].","","","Q_AUTHORED_CURRENT_POST","Q_BODY","KEEP","canonical post body, no embedded-source evidence"
"2595#0","2595","KEEP_Q_DIRECTIVE","KEEP_Q_DIRECTIVE","Think 'Elf on the Shelf'.","Think 'Elf on the Shelf'.","Think 'Elf on the Shelf'.","Think 'Elf on the Shelf'.","","","Q_AUTHORED_CURRENT_POST","Q_BODY","KEEP","canonical post body, no embedded-source evidence"
"2596#0","2596","KEEP_Q_DIRECTIVE","KEEP_Q_DIRECTIVE","NEVER STOP FIGHTING!","NEVER STOP FIGHTING!","NEVER STOP FIGHTING!","NEVER STOP FIGHTING!","","","Q_AUTHORED_CURRENT_POST","Q_BODY","KEEP","canonical post body, no embedded-source evidence"
"2599#0","2599","KEEP_Q_DIRECTIVE","KEEP_Q_DIRECTIVE","Think POTUS Tweet re: PEPE","Think POTUS Tweet re: PEPE","Think POTUS Tweet re: PEPE","Think POTUS Tweet re: PEPE","","","Q_AUTHORED_CURRENT_POST","Q_BODY","KEEP","canonical post body, no embedded-source evidence"
"26#0","26","KEEP_Q_DIRECTIVE","KEEP_Q_DIRECTIVE","Think about it logically.","Think about it logically.","Think about it logically.","Think about it logically.","","","Q_AUTHORED_CURRENT_POST","Q_BODY","KEEP","canonical post body, no embedded-source evidence"
"26#1","26","KEEP_Q_DIRECTIVE","KEEP_Q_DIRECTIVE","Save & spread (once 11.3 verifies as 1st marker).","Save & spread (once 11.3 verifies as 1st marker).","Save & spread (once 11.3 verifies as 1st marker).","Save & spread (once 11.3 verifies as 1st marker).","","","Q_AUTHORED_CURRENT_POST","Q_BODY","KEEP","canonical post body, no embedded-source evidence"
"2604#0","2604","KEEP_Q_DIRECTIVE","KEEP_Q_DIRECTIVE","Use Logic.","Use Logic.","Use Logic.","Use Logic.","","","Q_AUTHORED_CURRENT_POST","Q_BODY","KEEP","canonical post body, no embedded-source evidence"
"2604#1","2604","KEEP_Q_DIRECTIVE","KEEP_Q_DIRECTIVE","Think for yourself.","Think for yourself.","Think for yourself.","Think for yourself.","","","Q_AUTHORED_CURRENT_POST","Q_BODY","KEEP","canonical post body, no embedded-source evidence"
"2604#2","2604","KEEP_Q_DIRECTIVE","KEEP_Q_DIRECTIVE","Trust yourself.","Trust yourself.","Trust yourself.","Trust yourself.","","","Q_AUTHORED_CURRENT_POST","Q_BODY","KEEP","canonical post body, no embedded-source evidence"
"2604#3","2604","KEEP_Q_DIRECTIVE","KEEP_Q_DIRECTIVE","Research for yourself.","Research for yourself.","Research for yourself.","Research for yourself.","","","Q_AUTHORED_CURRENT_POST","Q_BODY","KEEP","canonical post body, no embedded-source evidence"
"2604#4","2604","KEEP_Q_DIRECTIVE","KEEP_Q_DIRECTIVE","NEVER let someone else DRIVE YOU.","NEVER let someone else DRIVE YOU.","NEVER let someone else DRIVE YOU.","NEVER let someone else DRIVE YOU.","","","Q_AUTHORED_CURRENT_POST","Q_BODY","KEEP","canonical post body, no embedded-source evidence"
"2604#5","2604","KEEP_Q_DIRECTIVE","KEEP_Q_DIRECTIVE","Be in control of yourself.","Be in control of yourself.","Be in control of yourself.","Be in control of yourself.","","","Q_AUTHORED_CURRENT_POST","Q_BODY","KEEP","canonical post body, no embedded-source evidence"
"262#0","262","KEEP_Q_DIRECTIVE","KEEP_Q_DIRECTIVE","Analyze.","Analyze.","Analyze.","Analyze.","","","Q_AUTHORED_CURRENT_POST","Q_BODY","KEEP","canonical post body, no embedded-source evidence"
"262#1","262","KEEP_Q_DIRECTIVE","KEEP_Q_DIRECTIVE","Think circle.","Think circle.","Think circle.","Think circle.","","","Q_AUTHORED_CURRENT_POST","Q_BODY","KEEP","canonical post body, no embedded-source evidence"
"262#2","262","KEEP_Q_DIRECTIVE","KEEP_Q_DIRECTIVE","Expand your thinking.","Expand your thinking.","Expand your thinking.","Expand your thinking.","","","Q_AUTHORED_CURRENT_POST","Q_BODY","KEEP","canonical post body, no embedded-source evidence"
"262#3","262","KEEP_Q_DIRECTIVE","KEEP_Q_DIRECTIVE","Take multiple paths.","Take multiple paths.","Take multiple paths.","Take multiple paths.","","","Q_AUTHORED_CURRENT_POST","Q_BODY","KEEP","canonical post body, no embedded-source evidence"
"262#4","262","KEEP_Q_DIRECTIVE","KEEP_Q_DIRECTIVE","Learn to read the map.","Learn to read the map.","Learn to read the map.","Learn to read the map.","","","Q_AUTHORED_CURRENT_POST","Q_BODY","KEEP","canonical post body, no embedded-source evidence"
"262#5","262","KEEP_Q_DIRECTIVE","KEEP_Q_DIRECTIVE","Find the keystone.","Find the keystone.","Find the keystone.","Find the keystone.","","","Q_AUTHORED_CURRENT_POST","Q_BODY","KEEP","canonical post body, no embedded-source evidence"
"2623#0","2623","KEEP_Q_DIRECTIVE","KEEP_Q_DIRECTIVE","Monitor funding.","Monitor funding.","Monitor funding.","Monitor funding.","","","Q_AUTHORED_CURRENT_POST","Q_BODY","KEEP","canonical post body, no embedded-source evidence"
"2628#0","2628","KEEP_Q_DIRECTIVE","KEEP_Q_DIRECTIVE","Listen very carefully.","Listen very carefully.","Listen very carefully.","Listen very carefully.","","","Q_AUTHORED_CURRENT_POST","Q_BODY","KEEP","canonical post body, no embedded-source evidence"
"2630#0","2630","KEEP_Q_DIRECTIVE","KEEP_Q_DIRECTIVE","Think DECLAS.","Think DECLAS.","Think DECLAS.","Think DECLAS.","","","Q_AUTHORED_CURRENT_POST","Q_BODY","KEEP","canonical post body, no embedded-source evidence"
"2630#1","2630","KEEP_Q_DIRECTIVE","KEEP_Q_DIRECTIVE","Think SC.","Think SC.","Think SC.","Think SC.","","","Q_AUTHORED_CURRENT_POST","Q_BODY","KEEP","canonical post body, no embedded-source evidence"
"2633#0","2633","KEEP_Q_DIRECTIVE","KEEP_Q_DIRECTIVE","Drop Dec 22 2017:","Drop Dec 22 2017:","Drop Dec 22 2017:","Drop Dec 22 2017:","","","Q_AUTHORED_CURRENT_POST","Q_BODY","KEEP","canonical post body, no embedded-source evidence"
"2639#0","2639","KEEP_Q_DIRECTIVE","KEEP_Q_DIRECTIVE","Compare & Contrast.","Compare & Contrast.","Compare & Contrast.","Compare & Contrast.","","","Q_AUTHORED_CURRENT_POST","Q_BODY","KEEP","canonical post body, no embedded-source evidence"
"264#0","264","REMOVE_BLESSING_OR_VALEDICTION","REMOVE_BLESSING_OR_VALEDICTION","God bless, Patriots.","","God bless, Patriots.","God bless, Patriots.","","","Q_AUTHORED_CURRENT_POST","Q_BODY","REMOVE_FROM_DIRECTIVES","blessing or valediction, not a command"
"2640#0","2640","KEEP_Q_DIRECTIVE","KEEP_Q_DIRECTIVE","Think DOJ.","Think DOJ.","Think DOJ.","Think DOJ.","","","Q_AUTHORED_CURRENT_POST","Q_BODY","KEEP","canonical post body, no embedded-source evidence"
"2640#1","2640","KEEP_Q_DIRECTIVE","KEEP_Q_DIRECTIVE","Think FBI.","Think FBI.","Think FBI.","Think FBI.","","","Q_AUTHORED_CURRENT_POST","Q_BODY","KEEP","canonical post body, no embedded-source evidence"
"2640#2","2640","KEEP_Q_DIRECTIVE","KEEP_Q_DIRECTIVE","Think C_A.","Think C_A.","Think C_A.","Think C_A.","","","Q_AUTHORED_CURRENT_POST","Q_BODY","KEEP","canonical post body, no embedded-source evidence"
"2640#3","2640","KEEP_Q_DIRECTIVE","KEEP_Q_DIRECTIVE","Think NAT SEC.","Think NAT SEC.","Think NAT SEC.","Think NAT SEC.","","","Q_AUTHORED_CURRENT_POST","Q_BODY","KEEP","canonical post body, no embedded-source evidence"
"2640#4","2640","KEEP_Q_DIRECTIVE","KEEP_Q_DIRECTIVE","EYES ON TARGET.","EYES ON TARGET.","EYES ON TARGET.","EYES ON TARGET.","","","Q_AUTHORED_CURRENT_POST","Q_BODY","KEEP","canonical post body, no embedded-source evidence"
"2642#0","2642","KEEP_Q_DIRECTIVE","KEEP_Q_DIRECTIVE","Research for yourself.","Research for yourself.","Research for yourself.","Research for yourself.","","","Q_AUTHORED_CURRENT_POST","Q_BODY","KEEP","canonical post body, no embedded-source evidence"
"2643#0","2643","KEEP_Q_DIRECTIVE","KEEP_Q_DIRECTIVE","Re_read Re: [MUELLER] designed to….","Re_read Re: [MUELLER] designed to….","Re_read Re: [MUELLER] designed to….","Re_read Re: [MUELLER] designed to….","","","Q_AUTHORED_CURRENT_POST","Q_BODY","KEEP","canonical post body, no embedded-source evidence"
"2645#0","2645","KEEP_Q_DIRECTIVE","KEEP_Q_DIRECTIVE","Ask yourself, why?","Ask yourself, why?","Ask yourself, why?","Ask yourself, why?","","","Q_AUTHORED_CURRENT_POST","Q_BODY","KEEP","canonical post body, no embedded-source evidence"
"2646#0","2646","KEEP_Q_DIRECTIVE","KEEP_Q_DIRECTIVE","MAKE THE PEOPLE FIGHT THEMSELVES VS ORIGINAL TARGETS (OLD GUARD).","MAKE THE PEOPLE FIGHT THEMSELVES VS ORIGINAL TARGETS (OLD GUARD).","MAKE THE PEOPLE FIGHT THEMSELVES VS ORIGINAL TARGETS (OLD GUARD).","MAKE THE PEOPLE FIGHT THEMSELVES VS ORIGINAL TARGETS (OLD GUARD).","","","Q_AUTHORED_CURRENT_POST","Q_BODY","KEEP","canonical post body, no embedded-source evidence"
"2646#1","2646","KEEP_Q_DIRECTIVE","KEEP_Q_DIRECTIVE","RECONCILE.","RECONCILE.","RECONCILE.","RECONCILE.","","","Q_AUTHORED_CURRENT_POST","Q_BODY","KEEP","canonical post body, no embedded-source evidence"
"2647#0","2647","KEEP_Q_DIRECTIVE","KEEP_Q_DIRECTIVE","Follow the watch.","Follow the watch.","Follow the watch.","Follow the watch.","","","Q_AUTHORED_CURRENT_POST","Q_BODY","KEEP","canonical post body, no embedded-source evidence"
"265#0","265","KEEP_Q_DIRECTIVE","KEEP_Q_DIRECTIVE","Update the list.","Update the list.","Update the list.","Update the list.","","","Q_AUTHORED_CURRENT_POST","Q_BODY","KEEP","canonical post body, no embedded-source evidence"
"265#1","265","KEEP_Q_DIRECTIVE","KEEP_Q_DIRECTIVE","Watch the news.","Watch the news.","Watch the news.","Watch the news.","","","Q_AUTHORED_CURRENT_POST","Q_BODY","KEEP","canonical post body, no embedded-source evidence"
"2651#0","2651","KEEP_Q_DIRECTIVE","KEEP_Q_DIRECTIVE","Listen again, carefully.","Listen again, carefully.","Listen again, carefully.","Listen again, carefully.","","","Q_AUTHORED_CURRENT_POST","Q_BODY","KEEP","canonical post body, no embedded-source evidence"
"2653#0","2653","KEEP_Q_DIRECTIVE","KEEP_Q_DIRECTIVE","Remember [her] history.","Remember [her] history.","Remember [her] history.","Remember [her] history.","","","Q_AUTHORED_CURRENT_POST","Q_BODY","KEEP","canonical post body, no embedded-source evidence"
"2659#0","2659","KEEP_Q_DIRECTIVE","KEEP_Q_DIRECTIVE","Get in line.","Get in line.","Get in line.","Get in line.","","","Q_AUTHORED_CURRENT_POST","Q_BODY","KEEP","canonical post body, no embedded-source evidence"
"2660#0","2660","KEEP_Q_DIRECTIVE","KEEP_Q_DIRECTIVE","Read the warning label.","Read the warning label.","Read the warning label.","Read the warning label.","","","Q_AUTHORED_CURRENT_POST","Q_BODY","KEEP","canonical post body, no embedded-source evidence"
"2661#0","2661","KEEP_Q_DIRECTIVE","KEEP_Q_DIRECTIVE","Regular service appointments should be made in order to maintain functionality.","Regular service appointments should be made in order to maintain functionality.","Regular service appointments should be made in order to maintain functionality.","Regular service appointments should be made in order to maintain functionality.","","","Q_AUTHORED_CURRENT_POST","Q_BODY","KEEP","canonical post body, no embedded-source evidence"
"2664#0","2664","KEEP_Q_DIRECTIVE","KEEP_Q_DIRECTIVE","Compare & Contrast.","Compare & Contrast.","Compare & Contrast.","Compare & Contrast.","","","Q_AUTHORED_CURRENT_POST","Q_BODY","KEEP","canonical post body, no embedded-source evidence"
"2664#1","2664","KEEP_Q_DIRECTIVE","KEEP_Q_DIRECTIVE","Think Drop Yesterday.","Think Drop Yesterday.","Think Drop Yesterday.","Think Drop Yesterday.","","","Q_AUTHORED_CURRENT_POST","Q_BODY","KEEP","canonical post body, no embedded-source evidence"
"2666#0","2666","KEEP_Q_DIRECTIVE","KEEP_Q_DIRECTIVE","Imagine that.","Imagine that.","Imagine that.","Imagine that.","","","Q_AUTHORED_CURRENT_POST","Q_BODY","KEEP","canonical post body, no embedded-source evidence"
"2671#0","2671","KEEP_Q_DIRECTIVE","KEEP_Q_DIRECTIVE","Enjoy the show.","Enjoy the show.","Enjoy the show.","Enjoy the show.","","","Q_AUTHORED_CURRENT_POST","Q_BODY","KEEP","canonical post body, no embedded-source evidence"
"2676#0","2676","KEEP_Q_DIRECTIVE","KEEP_Q_DIRECTIVE","Re_read Mueller re: 'designed to' drops.","Re_read Mueller re: 'designed to' drops.","Re_read Mueller re: 'designed to' drops.","Re_read Mueller re: 'designed to' drops.","","","Q_AUTHORED_CURRENT_POST","Q_BODY","KEEP","canonical post body, no embedded-source evidence"
"2676#1","2676","KEEP_Q_DIRECTIVE","KEEP_Q_DIRECTIVE","Re_read drops re: 'Scaramucci' model.","Re_read drops re: 'Scaramucci' model.","Re_read drops re: 'Scaramucci' model.","Re_read drops re: 'Scaramucci' model.","","","Q_AUTHORED_CURRENT_POST","Q_BODY","KEEP","canonical post body, no embedded-source evidence"
"2676#2","2676","KEEP_Q_DIRECTIVE","KEEP_Q_DIRECTIVE","Do not mistake 'public' silence for inaction.","Do not mistake 'public' silence for inaction.","Do not mistake 'public' silence for inaction.","Do not mistake 'public' silence for inaction.","","","Q_AUTHORED_CURRENT_POST","Q_BODY","KEEP","canonical post body, no embedded-source evidence"
"2677#0","2677","KEEP_Q_DIRECTIVE","KEEP_Q_DIRECTIVE","It's time to return publicly.","It's time to return publicly.","It's time to return publicly.","It's time to return publicly.","","","Q_AUTHORED_CURRENT_POST","Q_BODY","KEEP","canonical post body, no embedded-source evidence"
"2678#0","2678","KEEP_Q_DIRECTIVE","KEEP_Q_DIRECTIVE","Ask yourself, why?","Ask yourself, why?","Ask yourself, why?","Ask yourself, why?","","","Q_AUTHORED_CURRENT_POST","Q_BODY","KEEP","canonical post body, no embedded-source evidence"
"2680#0","2680","KEEP_Q_DIRECTIVE","KEEP_Q_DIRECTIVE","Read between the lines.","Read between the lines.","Read between the lines.","Read between the lines.","","","Q_AUTHORED_CURRENT_POST","Q_BODY","KEEP","canonical post body, no embedded-source evidence"
"2682#0","2682","KEEP_Q_DIRECTIVE","KEEP_Q_DIRECTIVE","Define 'Projection'.","Define 'Projection'.","Define 'Projection'.","Define 'Projection'.","","","Q_AUTHORED_CURRENT_POST","Q_BODY","KEEP","canonical post body, no embedded-source evidence"
"2682#1","2682","KEEP_Q_DIRECTIVE","KEEP_Q_DIRECTIVE","Think FBI/DOJ 'exit' list.","Think FBI/DOJ 'exit' list.","Think FBI/DOJ 'exit' list.","Think FBI/DOJ 'exit' list.","","","Q_AUTHORED_CURRENT_POST","Q_BODY","KEEP","canonical post body, no embedded-source evidence"
"2682#2","2682","KEEP_Q_DIRECTIVE","KEEP_Q_DIRECTIVE","See above re: Control.","See above re: Control.","See above re: Control.","See above re: Control.","","","Q_AUTHORED_CURRENT_POST","Q_BODY","KEEP","canonical post body, no embedded-source evidence"
"2683#0","2683","KEEP_Q_DIRECTIVE","KEEP_Q_DIRECTIVE","Deploy scare tactics & political cross-talk","Deploy scare tactics & political cross-talk","Deploy scare tactics & political cross-talk","Deploy scare tactics & political cross-talk","","","Q_AUTHORED_CURRENT_POST","Q_BODY","KEEP","canonical post body, no embedded-source evidence"
"2683#1","2683","KEEP_Q_DIRECTIVE","KEEP_Q_DIRECTIVE","Think for yourself.","Think for yourself.","Think for yourself.","Think for yourself.","","","Q_AUTHORED_CURRENT_POST","Q_BODY","KEEP","canonical post body, no embedded-source evidence"
"2683#2","2683","KEEP_Q_DIRECTIVE","KEEP_Q_DIRECTIVE","Research for yourself.","Research for yourself.","Research for yourself.","Research for yourself.","","","Q_AUTHORED_CURRENT_POST","Q_BODY","KEEP","canonical post body, no embedded-source evidence"
"2683#3","2683","KEEP_Q_DIRECTIVE","KEEP_Q_DIRECTIVE","Trust yourself.","Trust yourself.","Trust yourself.","Trust yourself.","","","Q_AUTHORED_CURRENT_POST","Q_BODY","KEEP","canonical post body, no embedded-source evidence"
"2683#4","2683","KEEP_Q_DIRECTIVE","KEEP_Q_DIRECTIVE","Control volume.","Control volume.","Control volume.","Control volume.","","","Q_AUTHORED_CURRENT_POST","Q_BODY","KEEP","canonical post body, no embedded-source evidence"
"2686#0","2686","KEEP_Q_DIRECTIVE","KEEP_Q_DIRECTIVE","See past drops re: [PP] re: Congressional report (WARNING: GRAPHIC)","See past drops re: [PP] re: Congressional report (WARNING: GRAPHIC)","See past drops re: [PP] re: Congressional report (WARNING: GRAPHIC)","See past drops re: [PP] re: Congressional report (WARNING: GRAPHIC)","","","Q_AUTHORED_CURRENT_POST","Q_BODY","KEEP","canonical post body, no embedded-source evidence"
"2686#1","2686","KEEP_Q_DIRECTIVE","KEEP_Q_DIRECTIVE","Ask yourself a very simple question:","Ask yourself a very simple question:","Ask yourself a very simple question:","Ask yourself a very simple question:","","","Q_AUTHORED_CURRENT_POST","Q_BODY","KEEP","canonical post body, no embedded-source evidence"
"2689#0","2689","KEEP_Q_DIRECTIVE","KEEP_Q_DIRECTIVE","Find the connection.","Find the connection.","Find the connection.","Find the connection.","","","Q_AUTHORED_CURRENT_POST","Q_BODY","KEEP","canonical post body, no embedded-source evidence"
"2691#0","2691","KEEP_Q_DIRECTIVE","KEEP_Q_DIRECTIVE","Ask yourself, why?","Ask yourself, why?","Ask yourself, why?","Ask yourself, why?","","","Q_AUTHORED_CURRENT_POST","Q_BODY","KEEP","canonical post body, no embedded-source evidence"
"2692#0","2692","KEEP_Q_DIRECTIVE","KEEP_Q_DIRECTIVE","Re_read drops re: FBI 'Midyear' OIG ……. & review graphics.","Re_read drops re: FBI 'Midyear' OIG ……. & review graphics.","Re_read drops re: FBI 'Midyear' OIG ……. & review graphics.","Re_read drops re: FBI 'Midyear' OIG ……. & review graphics.","","","Q_AUTHORED_CURRENT_POST","Q_BODY","KEEP","canonical post body, no embedded-source evidence"
"2693#0","2693","KEEP_Q_DIRECTIVE","KEEP_Q_DIRECTIVE","Let's actually use 'FACTS':","Let's actually use 'FACTS':","Let's actually use 'FACTS':","Let's actually use 'FACTS':","","","Q_AUTHORED_CURRENT_POST","Q_BODY","KEEP","canonical post body, no embedded-source evidence"
"270#0","270","KEEP_Q_DIRECTIVE","KEEP_Q_DIRECTIVE","Apply the Keystone.","Apply the Keystone.","Apply the Keystone.","Apply the Keystone.","","","Q_AUTHORED_CURRENT_POST","Q_BODY","KEEP","canonical post body, no embedded-source evidence"
"270#1","270","KEEP_Q_DIRECTIVE","KEEP_Q_DIRECTIVE","Paint the picture.","Paint the picture.","Paint the picture.","Paint the picture.","","","Q_AUTHORED_CURRENT_POST","Q_BODY","KEEP","canonical post body, no embedded-source evidence"
"2707#0","2707","KEEP_Q_DIRECTIVE","KEEP_Q_DIRECTIVE","Track 7B-DS","Track 7B-DS","Track 7B-DS","Track 7B-DS","","","Q_AUTHORED_CURRENT_POST","Q_BODY","KEEP","canonical post body, no embedded-source evidence"
"2709#0","2709","KEEP_Q_DIRECTIVE","KEEP_Q_DIRECTIVE","Scan P-P100z","Scan P-P100z","Scan P-P100z","Scan P-P100z","","","Q_AUTHORED_CURRENT_POST","Q_BODY","KEEP","canonical post body, no embedded-source evidence"
"2709#1","2709","KEEP_Q_DIRECTIVE","KEEP_Q_DIRECTIVE","Pull all views +/- [10]","Pull all views +/- [10]","Pull all views +/- [10]","Pull all views +/- [10]","","","Q_AUTHORED_CURRENT_POST","Q_BODY","KEEP","canonical post body, no embedded-source evidence"
"2710#0","2710","KEEP_Q_DIRECTIVE","KEEP_Q_DIRECTIVE","Stop track.","Stop track.","Stop track.","Stop track.","","","Q_AUTHORED_CURRENT_POST","Q_BODY","KEEP","canonical post body, no embedded-source evidence"
"2710#1","2710","KEEP_Q_DIRECTIVE","KEEP_Q_DIRECTIVE","Register all data pulls to location.","Register all data pulls to location.","Register all data pulls to location.","Register all data pulls to location.","","","Q_AUTHORED_CURRENT_POST","Q_BODY","KEEP","canonical post body, no embedded-source evidence"
"2712#0","2712","KEEP_Q_DIRECTIVE","KEEP_Q_DIRECTIVE","Think NAT SEC laws.","Think NAT SEC laws.","Think NAT SEC laws.","Think NAT SEC laws.","","","Q_AUTHORED_CURRENT_POST","Q_BODY","KEEP","canonical post body, no embedded-source evidence"
"2715#0","2715","KEEP_Q_DIRECTIVE","KEEP_Q_DIRECTIVE","Use caution - high follower count targeting to direct 'deep in narrative' mob as method to remove.","Use caution - high follower count targeting to direct ‘deep in narrative’ mob as method to remove.","Use caution - high follower count targeting to direct ‘deep in narrative’ mob as method to remove.","Use caution - high follower count targeting to direct ‘deep in narrative’ mob as method to remove.","","","Q_AUTHORED_CURRENT_POST","Q_BODY","KEEP","long sentence inside a drop whose dominant register is Q — prose shape alone is not a quotation"
"2718#0","2718","KEEP_Q_DIRECTIVE","KEEP_Q_DIRECTIVE","Define the word 'plan'.","Define the word ‘plan’.","Define the word ‘plan’.","Define the word ‘plan’.","","","Q_AUTHORED_CURRENT_POST","Q_BODY","KEEP","canonical post body, no embedded-source evidence"
"2726#0","2726","KEEP_Q_DIRECTIVE","KEEP_Q_DIRECTIVE","See something > Say something.","See something > Say something.","See something > Say something.","See something > Say something.","","","Q_AUTHORED_CURRENT_POST","Q_BODY","KEEP","canonical post body, no embedded-source evidence"
"2726#1","2726","KEEP_Q_DIRECTIVE","KEEP_Q_DIRECTIVE","Be alert next 10 days.","Be alert next 10 days.","Be alert next 10 days.","Be alert next 10 days.","","","Q_AUTHORED_CURRENT_POST","Q_BODY","KEEP","canonical post body, no embedded-source evidence"
"2731#0","2731","KEEP_Q_DIRECTIVE","KEEP_Q_DIRECTIVE","Think McCabe [#2] interview re: meeting re: 25th amendment","Think McCabe [#2] interview re: meeting re: 25th amendment","Think McCabe [#2] interview re: meeting re: 25th amendment","Think McCabe [#2] interview re: meeting re: 25th amendment","","","Q_AUTHORED_CURRENT_POST","Q_BODY","KEEP","canonical post body, no embedded-source evidence"
"2731#1","2731","KEEP_Q_DIRECTIVE","KEEP_Q_DIRECTIVE","Think [RR] wear a wire re: attempt to entrap re: 25th….","Think [RR] wear a wire re: attempt to entrap re: 25th….","Think [RR] wear a wire re: attempt to entrap re: 25th….","Think [RR] wear a wire re: attempt to entrap re: 25th….","","","Q_AUTHORED_CURRENT_POST","Q_BODY","KEEP","canonical post body, no embedded-source evidence"
"2731#2","2731","KEEP_Q_DIRECTIVE","KEEP_Q_DIRECTIVE","Note 'Border Open' context same drop.","Note ‘Border Open’ context same drop.","Note ‘Border Open’ context same drop.","Note ‘Border Open’ context same drop.","","","Q_AUTHORED_CURRENT_POST","Q_BODY","KEEP","canonical post body, no embedded-source evidence"
"2735#0","2735","KEEP_Q_DIRECTIVE","KEEP_Q_DIRECTIVE","Be prepared for more FAKE NEWS disinfo claiming we stated 'death'.","Be prepared for more FAKE NEWS disinfo claiming we stated ‘death’.","Be prepared for more FAKE NEWS disinfo claiming we stated ‘death’.","Be prepared for more FAKE NEWS disinfo claiming we stated ‘death’.","","","Q_AUTHORED_CURRENT_POST","Q_BODY","KEEP","canonical post body, no embedded-source evidence"
"2735#1","2735","KEEP_Q_DIRECTIVE","KEEP_Q_DIRECTIVE","Read carefully.","Read carefully.","Read carefully.","Read carefully.","","","Q_AUTHORED_CURRENT_POST","Q_BODY","KEEP","canonical post body, no embedded-source evidence"
"2737#0","2737","KEEP_Q_DIRECTIVE","KEEP_Q_DIRECTIVE","Be careful who you follow.","Be careful who you follow.","Be careful who you follow.","Be careful who you follow.","","","Q_AUTHORED_CURRENT_POST","Q_BODY","KEEP","canonical post body, no embedded-source evidence"
"274#0","274","KEEP_Q_DIRECTIVE","KEEP_Q_DIRECTIVE","Be prepared for what you find.","Be prepared for what you find.","Be prepared for what you find.","Be prepared for what you find.","","","Q_AUTHORED_CURRENT_POST","Q_BODY","KEEP","canonical post body, no embedded-source evidence"
"2745#0","2745","KEEP_Q_DIRECTIVE","KEEP_Q_DIRECTIVE","Buckle up!","Buckle up!","Buckle up!","Buckle up!","","","Q_AUTHORED_CURRENT_POST","Q_BODY","KEEP","canonical post body, no embedded-source evidence"
"2749#0","2749","KEEP_Q_DIRECTIVE","KEEP_Q_DIRECTIVE","Trust your President!","Trust your President!","Trust your President!","Trust your President!","","","Q_AUTHORED_CURRENT_POST","Q_BODY","KEEP","canonical post body, no embedded-source evidence"
"2754#0","2754","KEEP_Q_DIRECTIVE","KEEP_Q_DIRECTIVE","Compare v.","Compare v. 2016 Presidential election results.","Compare v.","Compare v.","","","Q_AUTHORED_CURRENT_POST","Q_BODY","KEEP_AND_EXPAND_TO_FULL_SENTENCE","canonical post body, no embedded-source evidence"
"2757#0","2757","KEEP_Q_DIRECTIVE","KEEP_Q_DIRECTIVE","Swap 'we' for 'you'.","Swap 'we' for 'you'.","Swap 'we' for 'you'.","Swap 'we' for 'you'.","","","Q_AUTHORED_CURRENT_POST","Q_BODY","KEEP","canonical post body, no embedded-source evidence"
"2762#0","2762","KEEP_Q_DIRECTIVE","KEEP_Q_DIRECTIVE","Think about why separated both maps (2 posts) instead of placing both in the orig.","Think about why separated both maps (2 posts) instead of placing both in the orig.","Think about why separated both maps (2 posts) instead of placing both in the orig.","Think about why separated both maps (2 posts) instead of placing both in the orig.","","","Q_AUTHORED_CURRENT_POST","Q_BODY","KEEP","canonical post body, no embedded-source evidence"
"277#0","277","KEEP_Q_DIRECTIVE","KEEP_Q_DIRECTIVE","Add to list.","Add to list.","Add to list.","Add to list.","","","Q_AUTHORED_CURRENT_POST","Q_BODY","KEEP","canonical post body, no embedded-source evidence"
"2771#0","2771","KEEP_Q_DIRECTIVE","KEEP_Q_DIRECTIVE","Think about now.","Think about now.","Think about now.","Think about now.","","","Q_AUTHORED_CURRENT_POST","Q_BODY","KEEP","canonical post body, no embedded-source evidence"
"2772#0","2772","KEEP_Q_DIRECTIVE","KEEP_Q_DIRECTIVE","Expect 'attacks' to dramatically intensify across all platforms.","Expect 'attacks' to dramatically intensify across all platforms.","Expect 'attacks' to dramatically intensify across all platforms.","Expect 'attacks' to dramatically intensify across all platforms.","","","Q_AUTHORED_CURRENT_POST","Q_BODY","KEEP","canonical post body, no embedded-source evidence"
"2777#0","2777","KEEP_Q_DIRECTIVE","KEEP_Q_DIRECTIVE","Disregard any misspelling.","Disregard any misspelling.","Disregard any misspelling.","Disregard any misspelling.","","","Q_AUTHORED_CURRENT_POST","Q_BODY","KEEP","canonical post body, no embedded-source evidence"
"2785#0","2785","KEEP_Q_DIRECTIVE","KEEP_Q_DIRECTIVE","Read between the lines re: MSM 'LEFT'….","Read between the lines re: MSM ‘LEFT’….","Read between the lines re: MSM ‘LEFT’….","Read between the lines re: MSM ‘LEFT’….","","","Q_AUTHORED_CURRENT_POST","Q_BODY","KEEP","canonical post body, no embedded-source evidence"
"2785#1","2785","KEEP_Q_DIRECTIVE","KEEP_Q_DIRECTIVE","Research for yourself.","Research for yourself.","Research for yourself.","Research for yourself.","","","Q_AUTHORED_CURRENT_POST","Q_BODY","KEEP","canonical post body, no embedded-source evidence"
"2785#2","2785","KEEP_Q_DIRECTIVE","KEEP_Q_DIRECTIVE","Trust yourself.","Trust yourself.","Trust yourself.","Trust yourself.","","","Q_AUTHORED_CURRENT_POST","Q_BODY","KEEP","canonical post body, no embedded-source evidence"
"2786#0","2786","KEEP_Q_DIRECTIVE","KEEP_Q_DIRECTIVE","Stop and understand the GRAVITY of acknowledgement.","Stop and understand the GRAVITY of acknowledgement.","Stop and understand the GRAVITY of acknowledgement.","Stop and understand the GRAVITY of acknowledgement.","","","Q_AUTHORED_CURRENT_POST","Q_BODY","KEEP","canonical post body, no embedded-source evidence"
"2787#0","2787","KEEP_Q_DIRECTIVE","KEEP_Q_DIRECTIVE","Define 'Projection'.","Define 'Projection'.","Define 'Projection'.","Define 'Projection'.","","","Q_AUTHORED_CURRENT_POST","Q_BODY","KEEP","canonical post body, no embedded-source evidence"
"2788#0","2788","KEEP_Q_DIRECTIVE","KEEP_Q_DIRECTIVE","Think logically.","Think logically.","Think logically.","Think logically.","","","Q_AUTHORED_CURRENT_POST","Q_BODY","KEEP","canonical post body, no embedded-source evidence"
"2788#1","2788","KEEP_Q_DIRECTIVE","KEEP_Q_DIRECTIVE","Ask yourself, why are 'Liberals' always angry?","Ask yourself, why are 'Liberals' always angry?","Ask yourself, why are 'Liberals' always angry?","Ask yourself, why are 'Liberals' always angry?","","","Q_AUTHORED_CURRENT_POST","Q_BODY","KEEP","canonical post body, no embedded-source evidence"
"2788#2","2788","KEEP_Q_DIRECTIVE","KEEP_Q_DIRECTIVE","TRUST YOURSELF.","TRUST YOURSELF.","TRUST YOURSELF.","TRUST YOURSELF.","","","Q_AUTHORED_CURRENT_POST","Q_BODY","KEEP","canonical post body, no embedded-source evidence"
"2788#3","2788","KEEP_Q_DIRECTIVE","KEEP_Q_DIRECTIVE","TRUST THAT YOU ARE NOT ALONE.","TRUST THAT YOU ARE NOT ALONE.","TRUST","TRUST","","","Q_AUTHORED_CURRENT_POST","Q_BODY","KEEP","Explicit imperative with an explicit ""THAT"" complement. Part of a run of commands: ""TRUST YOURSELF."" precedes it."
"2788#4","2788","KEEP_Q_DIRECTIVE","KEEP_Q_DIRECTIVE","TRUST THAT THERE ARE GOOD PEOPLE RIGHT BESIDE YOU FIGHTING FOR WHAT WE KNOW TO BE RIGHT.","TRUST THAT THERE ARE GOOD PEOPLE RIGHT BESIDE YOU FIGHTING FOR WHAT WE KNOW TO BE RIGHT.","TRUST","TRUST","","","Q_AUTHORED_CURRENT_POST","Q_BODY","KEEP","Same imperative construction as the line above it. The long complement clause does not make the sentence declarative."
"2788#5","2788","REMOVE_BLESSING_OR_VALEDICTION","REMOVE_BLESSING_OR_VALEDICTION","GOD BLESS YOU ALL.","","GOD BLESS YOU ALL.","GOD BLESS YOU ALL.","","","Q_AUTHORED_CURRENT_POST","Q_BODY","REMOVE_FROM_DIRECTIVES","blessing or valediction, not a command"
"2793#0","2793","KEEP_Q_DIRECTIVE","KEEP_Q_DIRECTIVE","Think Emergency Alert System.","Think Emergency Alert System.","Think Emergency Alert System.","Think Emergency Alert System.","","","Q_AUTHORED_CURRENT_POST","Q_BODY","KEEP","canonical post body, no embedded-source evidence"
"2793#1","2793","KEEP_Q_DIRECTIVE","KEEP_Q_DIRECTIVE","Think WH controlled *new* RT 'news' website","Think WH controlled *new* RT 'news' website","Think WH controlled *new* RT 'news' website","Think WH controlled *new* RT 'news' website","","","Q_AUTHORED_CURRENT_POST","Q_BODY","KEEP","canonical post body, no embedded-source evidence"
"2793#2","2793","KEEP_Q_DIRECTIVE","KEEP_Q_DIRECTIVE","Think WH controlled *new* video stream platform","Think WH controlled *new* video stream platform","Think WH controlled *new* video stream platform","Think WH controlled *new* video stream platform","","","Q_AUTHORED_CURRENT_POST","Q_BODY","KEEP","canonical post body, no embedded-source evidence"
"2793#3","2793","KEEP_Q_DIRECTIVE","KEEP_Q_DIRECTIVE","Think Here.","Think Here.","Think Here.","Think Here.","","","Q_AUTHORED_CURRENT_POST","Q_BODY","KEEP","canonical post body, no embedded-source evidence"
"28#0","28","KEEP_Q_DIRECTIVE","KEEP_Q_DIRECTIVE","Picture being painted.","Picture being painted.","Picture being painted.","Picture being painted.","","","Q_AUTHORED_CURRENT_POST","Q_BODY","KEEP","canonical post body, no embedded-source evidence"
"280#0","280","KEEP_Q_DIRECTIVE","KEEP_Q_DIRECTIVE","Watch the news.","Watch the news.","Watch the news.","Watch the news.","","","Q_AUTHORED_CURRENT_POST","Q_BODY","KEEP","canonical post body, no embedded-source evidence"
"2801#0","2801","KEEP_Q_DIRECTIVE","KEEP_Q_DIRECTIVE","Pick a Network – Any Network.","Pick a Network – Any Network.","Pick a Network – Any Network.","Pick a Network – Any Network.","","","Q_AUTHORED_CURRENT_POST","Q_BODY","KEEP","canonical post body, no embedded-source evidence"
"2801#1","2801","KEEP_Q_DIRECTIVE","KEEP_Q_DIRECTIVE","Search 'Qanon' https://www.nbcnews.com/pages/search/?q=qanon https://abcnews.go.com/search?searchtext=qanon","Search ‘Qanon’ https://www.nbcnews.com/pages/search/?q=qanon https://abcnews.go.com/search?searchtext=qanon","Search ‘Qanon’","Search ‘Qanon’","","","Q_AUTHORED_CURRENT_POST","Q_BODY","KEEP","canonical post body, no embedded-source evidence"
"2801#2","2801","KEEP_Q_DIRECTIVE","KEEP_Q_DIRECTIVE","Reconcile.","Reconcile.","Reconcile.","Reconcile.","","","Q_AUTHORED_CURRENT_POST","Q_BODY","KEEP","canonical post body, no embedded-source evidence"
"2801#3","2801","KEEP_Q_DIRECTIVE","KEEP_Q_DIRECTIVE","Search 'Qanon'","Search ‘Qanon’","Search ‘Qanon’","Search ‘Qanon’","","","Q_AUTHORED_CURRENT_POST","Q_BODY","KEEP","canonical post body, no embedded-source evidence"
"2802#0","2802","KEEP_Q_DIRECTIVE","KEEP_Q_DIRECTIVE","Think calendar.","Think calendar.","Think calendar.","Think calendar.","","","Q_AUTHORED_CURRENT_POST","Q_BODY","KEEP","canonical post body, no embedded-source evidence"
"2803#0","2803","KEEP_Q_DIRECTIVE","KEEP_Q_DIRECTIVE","Look for 'Placeholder' updates @ /PatriotsFight","Look for ‘Placeholder’ updates @ /PatriotsFight","Look for ‘Placeholder’ updates @ /PatriotsFight","Look for ‘Placeholder’ updates @ /PatriotsFight","","","Q_AUTHORED_CURRENT_POST","Q_BODY","KEEP","canonical post body, no embedded-source evidence"
"2807#0","2807","REMOVE_BLESSING_OR_VALEDICTION","REMOVE_BLESSING_OR_VALEDICTION","GOD BLESS THE UNITED STATES OF AMERICA.","","GOD BLESS THE UNITED STATES OF AMERICA.","GOD BLESS THE UNITED STATES OF AMERICA.","","","Q_AUTHORED_CURRENT_POST","Q_BODY","REMOVE_FROM_DIRECTIVES","blessing or valediction, not a command"
"2807#1","2807","KEEP_Q_DIRECTIVE","KEEP_Q_DIRECTIVE","WE MUST RISE.","WE MUST RISE.","WE MUST RISE.","WE MUST RISE.","","","Q_AUTHORED_CURRENT_POST","Q_BODY","KEEP","canonical post body, no embedded-source evidence"
"2807#2","2807","KEEP_Q_DIRECTIVE","KEEP_Q_DIRECTIVE","WE MUST FIGHT.","WE MUST FIGHT.","WE MUST FIGHT.","WE MUST FIGHT.","","","Q_AUTHORED_CURRENT_POST","Q_BODY","KEEP","canonical post body, no embedded-source evidence"
"281#0","281","KEEP_Q_DIRECTIVE","KEEP_Q_DIRECTIVE","Never forget that.","Never forget that.","Never forget that.","Never forget that.","","","Q_AUTHORED_CURRENT_POST","Q_BODY","KEEP","canonical post body, no embedded-source evidence"
"2810#0","2810","KEEP_Q_DIRECTIVE","KEEP_Q_DIRECTIVE","Start from beginning.","Start from beginning.","Start from beginning.","Start from beginning.","","","Q_AUTHORED_CURRENT_POST","Q_BODY","KEEP","canonical post body, no embedded-source evidence"
"2816#0","2816","KEEP_Q_DIRECTIVE","KEEP_Q_DIRECTIVE","Do not let personal (emotional) desires (""do it now""""now""""what is taking so long""""NOW!"") take over.","Do not let personal (emotional) desires (""do it now""""now""""what is taking so long""""NOW!"") take over.","Do not let personal (emotional) desires (""do it now""""now""""what is taking so long""""NOW!"") take over.","Do not let personal (emotional) desires (""do it now""""now""""what is taking so long""""NOW!"") take over.","","","Q_AUTHORED_CURRENT_POST","Q_BODY","KEEP","canonical post body, no embedded-source evidence"
"2816#1","2816","KEEP_Q_DIRECTIVE","KEEP_Q_DIRECTIVE","Define the following:","Define the following:","Define the following:","Define the following:","","","Q_AUTHORED_CURRENT_POST","Q_BODY","KEEP","canonical post body, no embedded-source evidence"
"2816#2","2816","KEEP_Q_DIRECTIVE","KEEP_Q_DIRECTIVE","WE MUST STAND TOGETHER IN THIS FIGHT.","WE MUST STAND TOGETHER IN THIS FIGHT.","WE MUST STAND TOGETHER IN THIS FIGHT.","WE MUST STAND TOGETHER IN THIS FIGHT.","","","Q_AUTHORED_CURRENT_POST","Q_BODY","KEEP","canonical post body, no embedded-source evidence"
"2819#0","2819","KEEP_Q_DIRECTIVE","KEEP_Q_DIRECTIVE","Review time.","Review time.","Review time.","Review time.","","","Q_AUTHORED_CURRENT_POST","Q_BODY","KEEP","canonical post body, no embedded-source evidence"
"2820#0","2820","KEEP_Q_DIRECTIVE","KEEP_Q_DIRECTIVE","Review time.","Review time.","Review time.","Review time.","","","Q_AUTHORED_CURRENT_POST","Q_BODY","KEEP","canonical post body, no embedded-source evidence"
"283#0","283","KEEP_Q_DIRECTIVE","KEEP_Q_DIRECTIVE","Expand your thinking.","Expand your thinking.","Expand your thinking.","Expand your thinking.","","","Q_AUTHORED_CURRENT_POST","Q_BODY","KEEP","canonical post body, no embedded-source evidence"
"284#0","284","KEEP_Q_DIRECTIVE","KEEP_Q_DIRECTIVE","Follow the news.","Follow the news.","Follow the news.","Follow the news.","","","Q_AUTHORED_CURRENT_POST","Q_BODY","KEEP","canonical post body, no embedded-source evidence"
"2844#0","2844","KEEP_Q_DIRECTIVE","KEEP_Q_DIRECTIVE","Define 'Renegade'.","Define 'Renegade'.","Define 'Renegade'.","Define 'Renegade'.","","","Q_AUTHORED_CURRENT_POST","Q_BODY","KEEP","canonical post body, no embedded-source evidence"
"2846#0","2846","KEEP_Q_DIRECTIVE","KEEP_Q_DIRECTIVE","Be ready for the 'Q', Anon(s).","Be ready for the 'Q', Anon(s).","Be ready for the 'Q', Anon(s).","Be ready for the 'Q', Anon(s).","","","Q_AUTHORED_CURRENT_POST","Q_BODY","KEEP","canonical post body, no embedded-source evidence"
"2846#1","2846","KEEP_Q_DIRECTIVE","KEEP_Q_DIRECTIVE","Eyes on increasing +each day.","Eyes on increasing +each day.","Eyes on increasing +each day.","Eyes on increasing +each day.","","","Q_AUTHORED_CURRENT_POST","Q_BODY","KEEP","canonical post body, no embedded-source evidence"
"2846#2","2846","KEEP_Q_DIRECTIVE","KEEP_Q_DIRECTIVE","Handle w/ care.","Handle w/ care.","Handle w/ care.","Handle w/ care.","","","Q_AUTHORED_CURRENT_POST","Q_BODY","KEEP","canonical post body, no embedded-source evidence"
"2849#0","2849","KEEP_Q_DIRECTIVE","KEEP_Q_DIRECTIVE","Reconcile.","Reconcile.","Reconcile.","Reconcile.","","","Q_AUTHORED_CURRENT_POST","Q_BODY","KEEP","canonical post body, no embedded-source evidence"
"2856#0","2856","KEEP_Q_DIRECTIVE","KEEP_Q_DIRECTIVE","Watch the news.","Watch the news.","Watch the news.","Watch the news.","","","Q_AUTHORED_CURRENT_POST","Q_BODY","KEEP","canonical post body, no embedded-source evidence"
"2856#1","2856","KEEP_Q_DIRECTIVE","KEEP_Q_DIRECTIVE","DO NOT TRUST THE FAKE NEWS MEDIA.","DO NOT TRUST THE FAKE NEWS MEDIA.","DO NOT TRUST THE FAKE NEWS MEDIA.","DO NOT TRUST THE FAKE NEWS MEDIA.","","","Q_AUTHORED_CURRENT_POST","Q_BODY","KEEP","canonical post body, no embedded-source evidence"
"2857#0","2857","REMOVE_BLESSING_OR_VALEDICTION","REMOVE_BLESSING_OR_VALEDICTION","God bless each and every one of you.","","God bless each and every one of you.","God bless each and every one of you.","","","Q_AUTHORED_CURRENT_POST","Q_BODY","REMOVE_FROM_DIRECTIVES","blessing or valediction, not a command"
"286#0","286","KEEP_Q_DIRECTIVE","KEEP_Q_DIRECTIVE","Strike package Bravo-dT450-1","Strike package Bravo-dT450-1","Strike package Bravo-dT450-1","Strike package Bravo-dT450-1","","","Q_AUTHORED_CURRENT_POST","Q_BODY","KEEP","canonical post body, no embedded-source evidence"
"2861#0","2861","KEEP_Q_DIRECTIVE","KEEP_Q_DIRECTIVE","Enjoy the show!","Enjoy the show!","Enjoy the show!","Enjoy the show!","","","Q_AUTHORED_CURRENT_POST","Q_BODY","KEEP","canonical post body, no embedded-source evidence"
"2866#0","2866","KEEP_Q_DIRECTIVE","KEEP_Q_DIRECTIVE","Enjoy the show!","Enjoy the show!","Enjoy the show!","Enjoy the show!","","","Q_AUTHORED_CURRENT_POST","Q_BODY","KEEP","canonical post body, no embedded-source evidence"
"2877#0","2877","KEEP_Q_DIRECTIVE","KEEP_Q_DIRECTIVE","Disregard all spelling/other errors.","Disregard all spelling/other errors.","Disregard all spelling/other errors.","Disregard all spelling/other errors.","","","Q_AUTHORED_CURRENT_POST","Q_BODY","KEEP","canonical post body, no embedded-source evidence"
"2878#0","2878","KEEP_Q_DIRECTIVE","KEEP_Q_DIRECTIVE","Link embedded in article.","Link embedded in article.","Link embedded in article.","Link embedded in article.","","","Q_AUTHORED_CURRENT_POST","Q_BODY","KEEP","canonical post body, no embedded-source evidence"
"2887#0","2887","KEEP_Q_DIRECTIVE","KEEP_Q_DIRECTIVE","Ask yourself a simple question, should a woman who travels to Syria to support and encourage 'JIHAD' against the 'West' deserve to live……………….?","Ask yourself a simple question, should a woman who travels to Syria to support and encourage 'JIHAD' against the 'West' deserve to live……………….?","Ask yourself a simple question, should a woman who travels to Syria to support and encourage 'JIHAD' against the 'West' deserve to live……………….?","Ask yourself a simple question, should a woman who travels to Syria to support and encourage 'JIHAD' against the 'West' deserve to live……………….?","","","Q_AUTHORED_CURRENT_POST","Q_BODY","KEEP","long sentence inside a drop whose dominant register is Q — prose shape alone is not a quotation"
"2887#1","2887","KEEP_Q_DIRECTIVE","KEEP_Q_DIRECTIVE","Ask yourself a simpler question, if brainwashed by ISIS terrorists (her husband and other close-proximity fighters), could this same woman be 'tasked' & 'trained' to carry out a TERRORIST ACT upon return?","Ask yourself a simpler question, if brainwashed by ISIS terrorists (her husband and other close-proximity fighters), could this same woman be 'tasked' & 'trained' to carry out a TERRORIST ACT upon return?","Ask yourself a simpler question, if brainwashed by ISIS terrorists (her husband and other close-proximity fighters), could this same woman be 'tasked' & 'trained' to carry out a TERRORIST ACT upon return?","Ask yourself a simpler question, if brainwashed by ISIS terrorists (her husband and other close-proximity fighters), could this same woman be 'tasked' & 'trained' to carry out a TERRORIST ACT upon return?","","","Q_AUTHORED_CURRENT_POST","Q_BODY","KEEP","long sentence inside a drop whose dominant register is Q — prose shape alone is not a quotation"
"289#0","289","REMOVE_BLESSING_OR_VALEDICTION","REMOVE_BLESSING_OR_VALEDICTION","Godspeed.","","Godspeed.","Godspeed.","","","Q_AUTHORED_CURRENT_POST","Q_BODY","REMOVE_FROM_DIRECTIVES","blessing or valediction, not a command"
"2893#0","2893","KEEP_Q_DIRECTIVE","KEEP_Q_DIRECTIVE","Think context.","Think context.","Think context.","Think context.","","","Q_AUTHORED_CURRENT_POST","Q_BODY","KEEP","canonical post body, no embedded-source evidence"
"2893#1","2893","KEEP_Q_DIRECTIVE","KEEP_Q_DIRECTIVE","Think bigger picture.","Think bigger picture.","Think bigger picture.","Think bigger picture.","","","Q_AUTHORED_CURRENT_POST","Q_BODY","KEEP","canonical post body, no embedded-source evidence"
"2893#2","2893","KEEP_Q_DIRECTIVE","KEEP_Q_DIRECTIVE","Think connections.","Think connections.","Think connections.","Think connections.","","","Q_AUTHORED_CURRENT_POST","Q_BODY","KEEP","canonical post body, no embedded-source evidence"
"2893#3","2893","KEEP_Q_DIRECTIVE","KEEP_Q_DIRECTIVE","Define 'Map'.","Define 'Map'.","Define 'Map'.","Define 'Map'.","","","Q_AUTHORED_CURRENT_POST","Q_BODY","KEEP","canonical post body, no embedded-source evidence"
"2897#0","2897","KEEP_Q_DIRECTIVE","KEEP_Q_DIRECTIVE","Watch the news.","Watch the news.","Watch the news.","Watch the news.","","","Q_AUTHORED_CURRENT_POST","Q_BODY","KEEP","canonical post body, no embedded-source evidence"
"2904#0","2904","REMOVE_QUOTED_SCRIPTURE","REMOVE_QUOTED_SCRIPTURE","Put on the full armor of God, so that you can take your stand against the devil's schemes.","","Put on the full armor of God, so that you can take your stand against the devil’s schemes.","Put on the full armor of God, so that you can take your stand against the devil’s schemes.","","","QUOTED_OR_EMBEDDED","QUOTED_SCRIPTURE","REMOVE_FROM_DIRECTIVES","reproduced scripture"
"2904#1","2904","REMOVE_QUOTED_SCRIPTURE","REMOVE_QUOTED_SCRIPTURE","Stand firm then, with the belt of truth buckled around your waist, with the breastplate of righteousness in place, and with your feet fitted with the readiness that comes from the gospel of peace.","","Stand firm then, with the belt of truth buckled around your waist, with the breastplate of righteousness in place, and with your feet fitted with the readiness that comes from the gospel of peace.","Stand firm then, with the belt of truth buckled around your waist, with the breastplate of righteousness in place, and with your feet fitted with the readiness that comes from the gospel of peace.","","","QUOTED_OR_EMBEDDED","QUOTED_SCRIPTURE","REMOVE_FROM_DIRECTIVES","reproduced scripture"
"2904#2","2904","REMOVE_QUOTED_SCRIPTURE","REMOVE_QUOTED_SCRIPTURE","Take the helmet of salvation and the sword of the Spirit, which is the word of God.","","Take the helmet of salvation and the sword of the Spirit, which is the word of God.","Take the helmet of salvation and the sword of the Spirit, which is the word of God.","","","QUOTED_OR_EMBEDDED","QUOTED_SCRIPTURE","REMOVE_FROM_DIRECTIVES","reproduced scripture"
"2919#0","2919","KEEP_Q_DIRECTIVE","KEEP_Q_DIRECTIVE","Stay in the LIGHT.","Stay in the LIGHT.","Stay in the LIGHT.","Stay in the LIGHT.","","","Q_AUTHORED_CURRENT_POST","Q_BODY","KEEP","canonical post body, no embedded-source evidence"
"2927#0","2927","KEEP_Q_DIRECTIVE","KEEP_Q_DIRECTIVE","Think pre_nominee.","Think pre_nominee.","Think pre_nominee.","Think pre_nominee.","","","Q_AUTHORED_CURRENT_POST","Q_BODY","KEEP","canonical post body, no embedded-source evidence"
"2929#0","2929","KEEP_Q_DIRECTIVE","KEEP_Q_DIRECTIVE","Think 2015.","Think 2015.","Think 2015.","Think 2015.","","","Q_AUTHORED_CURRENT_POST","Q_BODY","KEEP","canonical post body, no embedded-source evidence"
"2931#0","2931","KEEP_Q_DIRECTIVE","KEEP_Q_DIRECTIVE","Think formation of the Freedom Caucus.","Think formation of the Freedom Caucus.","Think formation of the Freedom Caucus.","Think formation of the Freedom Caucus.","","","Q_AUTHORED_CURRENT_POST","Q_BODY","KEEP","canonical post body, no embedded-source evidence"
"2931#1","2931","KEEP_Q_DIRECTIVE","KEEP_Q_DIRECTIVE","Think Freedom Caucus today.","Think Freedom Caucus today.","Think Freedom Caucus today.","Think Freedom Caucus today.","","","Q_AUTHORED_CURRENT_POST","Q_BODY","KEEP","canonical post body, no embedded-source evidence"
"2931#2","2931","KEEP_Q_DIRECTIVE","KEEP_Q_DIRECTIVE","Think Jim Jordan.","Think Jim Jordan.","Think Jim Jordan.","Think Jim Jordan.","","","Q_AUTHORED_CURRENT_POST","Q_BODY","KEEP","canonical post body, no embedded-source evidence"
"2931#3","2931","KEEP_Q_DIRECTIVE","KEEP_Q_DIRECTIVE","Think Mark Meadows.","Think Mark Meadows.","Think Mark Meadows.","Think Mark Meadows.","","","Q_AUTHORED_CURRENT_POST","Q_BODY","KEEP","canonical post body, no embedded-source evidence"
"2937#0","2937","KEEP_Q_DIRECTIVE","KEEP_Q_DIRECTIVE","Define 'game theory'.","Define 'game theory'.","Define 'game theory'.","Define 'game theory'.","","","Q_AUTHORED_CURRENT_POST","Q_BODY","KEEP","canonical post body, no embedded-source evidence"
"2937#1","2937","KEEP_Q_DIRECTIVE","KEEP_Q_DIRECTIVE","Define 'open source'.","Define 'open source'.","Define 'open source'.","Define 'open source'.","","","Q_AUTHORED_CURRENT_POST","Q_BODY","KEEP","canonical post body, no embedded-source evidence"
"2937#2","2937","KEEP_Q_DIRECTIVE","KEEP_Q_DIRECTIVE","Define 'public purview'.","Define 'public purview'.","Define 'public purview'.","Define 'public purview'.","","","Q_AUTHORED_CURRENT_POST","Q_BODY","KEEP","canonical post body, no embedded-source evidence"
"2937#3","2937","KEEP_Q_DIRECTIVE","KEEP_Q_DIRECTIVE","Define 'plausible deniability'.","Define 'plausible deniability'.","Define 'plausible deniability'.","Define 'plausible deniability'.","","","Q_AUTHORED_CURRENT_POST","Q_BODY","KEEP","canonical post body, no embedded-source evidence"
"2937#4","2937","KEEP_Q_DIRECTIVE","KEEP_Q_DIRECTIVE","Think 'umbrella surv'.","Think 'umbrella surv'.","Think 'umbrella surv'.","Think 'umbrella surv'.","","","Q_AUTHORED_CURRENT_POST","Q_BODY","KEEP","canonical post body, no embedded-source evidence"
"2937#5","2937","KEEP_Q_DIRECTIVE","KEEP_Q_DIRECTIVE","Think Whitaker.","Think Whitaker.","Think Whitaker.","Think Whitaker.","","","Q_AUTHORED_CURRENT_POST","Q_BODY","KEEP","canonical post body, no embedded-source evidence"
"2937#6","2937","KEEP_Q_DIRECTIVE","KEEP_Q_DIRECTIVE","Define 'stage set'.","Define 'stage set'.","Define 'stage set'.","Define 'stage set'.","","","Q_AUTHORED_CURRENT_POST","Q_BODY","KEEP","canonical post body, no embedded-source evidence"
"2937#7","2937","KEEP_Q_DIRECTIVE","KEEP_Q_DIRECTIVE","Think Bill Clinton impeachment.","Think Bill Clinton impeachment.","Think Bill Clinton impeachment.","Think Bill Clinton impeachment.","","","Q_AUTHORED_CURRENT_POST","Q_BODY","KEEP","canonical post body, no embedded-source evidence"
"2937#8","2937","KEEP_Q_DIRECTIVE","KEEP_Q_DIRECTIVE","Define 'thesis' statement.","Define 'thesis' statement.","Define 'thesis' statement.","Define 'thesis' statement.","","","Q_AUTHORED_CURRENT_POST","Q_BODY","KEEP","canonical post body, no embedded-source evidence"
"2938#0","2938","KEEP_Q_DIRECTIVE","KEEP_Q_DIRECTIVE","Ask yourself a very simple, logical, question.","Ask yourself a very simple, logical, question.","Ask yourself a very simple, logical, question.","Ask yourself a very simple, logical, question.","","","Q_AUTHORED_CURRENT_POST","Q_BODY","KEEP","canonical post body, no embedded-source evidence"
"2938#1","2938","KEEP_Q_DIRECTIVE","KEEP_Q_DIRECTIVE","Think call to POTUS to prevent DECLAS [sources & methods].","Think call to POTUS to prevent DECLAS [sources & methods].","Think call to POTUS to prevent DECLAS [sources & methods].","Think call to POTUS to prevent DECLAS [sources & methods].","","","Q_AUTHORED_CURRENT_POST","Q_BODY","KEEP","canonical post body, no embedded-source evidence"
"2938#2","2938","KEEP_Q_DIRECTIVE","KEEP_Q_DIRECTIVE","Think Nunes' statement ""not through normal collection, gathering, and reporting/oversight re: (FVEY).""","Think Nunes' statement ""not through normal collection, gathering, and reporting/oversight re: (FVEY).""","Think Nunes' statement ""not through normal collection, gathering, and reporting/oversight re: (FVEY).""","Think Nunes' statement ""not through normal collection, gathering, and reporting/oversight re: (FVEY).""","","","Q_AUTHORED_CURRENT_POST","Q_BODY","KEEP","long sentence inside a drop whose dominant register is Q — prose shape alone is not a quotation"
"2940#0","2940","KEEP_Q_DIRECTIVE","KEEP_Q_DIRECTIVE","Note: Not all are USA v. [ ]","Note: Not all are USA v. [       ]","Note","Note","","","Q_AUTHORED_CURRENT_POST","Q_BODY","KEEP","The colon is the only thing separating this from #1335, which the owner ruled a Directive. Ruling it a heading on punctuation alone would split a hair the standard does not draw: the illocutionary force is still ""take note that…"". Kept for consistency with #1335, #23, #5, #6 and #724."
"2941#0","2941","KEEP_Q_DIRECTIVE","KEEP_Q_DIRECTIVE","Read the comments.","Read the comments.","Read the comments.","Read the comments.","","","Q_AUTHORED_CURRENT_POST","Q_BODY","KEEP","canonical post body, no embedded-source evidence"
"2942#0","2942","KEEP_Q_DIRECTIVE","KEEP_Q_DIRECTIVE","Prepare.","Prepare.","Prepare.","Prepare.","","","Q_AUTHORED_CURRENT_POST","Q_BODY","KEEP","canonical post body, no embedded-source evidence"
"2945#0","2945","REMOVE_QUOTED_OR_THIRD_PARTY","REMOVE_QUOTED_OR_THIRD_PARTY","You should update your T-banner pic to properly reflect the crowd size when the event actually started.","","You should update your T-banner pic to properly reflect the crowd size when the event actually started.","You should update your T-banner pic to properly reflect the crowd size when the event actually started.","","","QUOTED_OR_EMBEDDED","QUOTED_THIRD_PARTY","REMOVE_FROM_DIRECTIVES","pasted passage directly beneath a source link or pointer"
"2958#0","2958","KEEP_Q_DIRECTIVE","KEEP_Q_DIRECTIVE","Define 'backchannel'.","Define 'backchannel'.","Define 'backchannel'.","Define 'backchannel'.","","","Q_AUTHORED_CURRENT_POST","Q_BODY","KEEP","canonical post body, no embedded-source evidence"
"2963#0","2963","KEEP_Q_DIRECTIVE","KEEP_Q_DIRECTIVE","Assist P_193","Assist P_193","Assist P_193","Assist P_193","","","Q_AUTHORED_CURRENT_POST","Q_BODY","KEEP","canonical post body, no embedded-source evidence"
"2964#0","2964","KEEP_Q_DIRECTIVE","KEEP_Q_DIRECTIVE","CLEAR ALL NONS.","CLEAR ALL NONS.","CLEAR ALL NONS.","CLEAR ALL NONS.","","","Q_AUTHORED_CURRENT_POST","Q_BODY","KEEP","canonical post body, no embedded-source evidence"
"2966#0","2966","KEEP_Q_DIRECTIVE","KEEP_Q_DIRECTIVE","Track report (2)","Track report (2)","Track report (2)","Track report (2)","","","Q_AUTHORED_CURRENT_POST","Q_BODY","KEEP","canonical post body, no embedded-source evidence"
"2966#1","2966","KEEP_Q_DIRECTIVE","KEEP_Q_DIRECTIVE","Track confirm (2)","Track confirm (2)","Track confirm (2)","Track confirm (2)","","","Q_AUTHORED_CURRENT_POST","Q_BODY","KEEP","canonical post body, no embedded-source evidence"
"2967#0","2967","KEEP_Q_DIRECTIVE","KEEP_Q_DIRECTIVE","Switch private_reg_C.","Switch private_reg_C.","Switch private_reg_C.","Switch private_reg_C.","","","Q_AUTHORED_CURRENT_POST","Q_BODY","KEEP","canonical post body, no embedded-source evidence"
"2971#0","2971","KEEP_Q_DIRECTIVE","KEEP_Q_DIRECTIVE","Listen carefully ref re: proof v evidence.","Listen carefully ref re: proof v evidence.","Listen carefully ref re: proof v evidence.","Listen carefully ref re: proof v evidence.","","","Q_AUTHORED_CURRENT_POST","Q_BODY","KEEP","canonical post body, no embedded-source evidence"
"2971#1","2971","KEEP_Q_DIRECTIVE","KEEP_Q_DIRECTIVE","Define 'evidence'.","Define 'evidence'.","Define 'evidence'.","Define 'evidence'.","","","Q_AUTHORED_CURRENT_POST","Q_BODY","KEEP","canonical post body, no embedded-source evidence"
"2971#2","2971","KEEP_Q_DIRECTIVE","KEEP_Q_DIRECTIVE","Listen to the clip again re: proof & evidence.","Listen to the clip again re: proof & evidence.","Listen to the clip again re: proof & evidence.","Listen to the clip again re: proof & evidence.","","","Q_AUTHORED_CURRENT_POST","Q_BODY","KEEP","canonical post body, no embedded-source evidence"
"2971#3","2971","KEEP_Q_DIRECTIVE","KEEP_Q_DIRECTIVE","Define 'brainwashing'.","Define 'brainwashing'.","Define 'brainwashing'.","Define 'brainwashing'.","","","Q_AUTHORED_CURRENT_POST","Q_BODY","KEEP","canonical post body, no embedded-source evidence"
"2971#4","2971","KEEP_Q_DIRECTIVE","KEEP_Q_DIRECTIVE","Think for yourself!","Think for yourself!","Think for yourself!","Think for yourself!","","","Q_AUTHORED_CURRENT_POST","Q_BODY","KEEP","canonical post body, no embedded-source evidence"
"2972#0","2972","KEEP_Q_DIRECTIVE","KEEP_Q_DIRECTIVE","Watch the news.","Watch the news.","Watch the news.","Watch the news.","","","Q_AUTHORED_CURRENT_POST","Q_BODY","KEEP","canonical post body, no embedded-source evidence"
"2973#0","2973","KEEP_Q_DIRECTIVE","KEEP_Q_DIRECTIVE","Think scope.","Think scope.","Think scope.","Think scope.","","","Q_AUTHORED_CURRENT_POST","Q_BODY","KEEP","canonical post body, no embedded-source evidence"
"2980#0","2980","KEEP_Q_DIRECTIVE","KEEP_Q_DIRECTIVE","Read carefully knowing what you know now.","Read carefully knowing what you know now.","Read carefully knowing what you know now.","Read carefully knowing what you know now.","","","Q_AUTHORED_CURRENT_POST","Q_BODY","KEEP","canonical post body, no embedded-source evidence"
"2984#0","2984","KEEP_Q_DIRECTIVE","KEEP_Q_DIRECTIVE","LOCATE (3) PUBLIC.","LOCATE (3) PUBLIC.","LOCATE (3) PUBLIC.","LOCATE (3) PUBLIC.","","","Q_AUTHORED_CURRENT_POST","Q_BODY","KEEP","canonical post body, no embedded-source evidence"
"2984#1","2984","KEEP_Q_DIRECTIVE","KEEP_Q_DIRECTIVE","THINK C_A [BRENNAN] AUTH SPY CAMPAIGN US SENATE UNDER HUSSEIN.","THINK C_A [BRENNAN] AUTH SPY CAMPAIGN US SENATE UNDER HUSSEIN.","THINK C_A [BRENNAN] AUTH SPY CAMPAIGN US SENATE UNDER HUSSEIN.","THINK C_A [BRENNAN] AUTH SPY CAMPAIGN US SENATE UNDER HUSSEIN.","","","Q_AUTHORED_CURRENT_POST","Q_BODY","KEEP","canonical post body, no embedded-source evidence"
"2984#2","2984","KEEP_Q_DIRECTIVE","KEEP_Q_DIRECTIVE","THINK C_A INSTALL CAMPAIGN US HOUSE & SENATE INFILTRATION.","THINK C_A INSTALL CAMPAIGN US HOUSE & SENATE INFILTRATION.","THINK C_A INSTALL CAMPAIGN US HOUSE & SENATE INFILTRATION.","THINK C_A INSTALL CAMPAIGN US HOUSE & SENATE INFILTRATION.","","","Q_AUTHORED_CURRENT_POST","Q_BODY","KEEP","canonical post body, no embedded-source evidence"
"2987#0","2987","KEEP_Q_DIRECTIVE","KEEP_Q_DIRECTIVE",">Return Power Back to the People",">Return Power Back to the People",">Return Power Back to the People",">Return Power Back to the People","","","Q_AUTHORED_CURRENT_POST","Q_BODY","KEEP","greentext arrow with no matching quoted source — Q's own bullet"
"2988#0","2988","KEEP_Q_DIRECTIVE","KEEP_Q_DIRECTIVE","Define 'Lifelog' [DARPA].","Define 'Lifelog' [DARPA].","Define 'Lifelog' [DARPA].","Define 'Lifelog' [DARPA].","","","Q_AUTHORED_CURRENT_POST","Q_BODY","KEEP","canonical post body, no embedded-source evidence"
"2988#1","2988","KEEP_Q_DIRECTIVE","KEEP_Q_DIRECTIVE","Define 'FB'.","Define 'FB'.","Define 'FB'.","Define 'FB'.","","","Q_AUTHORED_CURRENT_POST","Q_BODY","KEEP","canonical post body, no embedded-source evidence"
"2988#2","2988","KEEP_Q_DIRECTIVE","KEEP_Q_DIRECTIVE","Compare & Contrast.","Compare & Contrast.","Compare & Contrast.","Compare & Contrast.","","","Q_AUTHORED_CURRENT_POST","Q_BODY","KEEP","canonical post body, no embedded-source evidence"
"2989#0","2989","KEEP_Q_DIRECTIVE","KEEP_Q_DIRECTIVE","Define 'Black Budget'.","Define 'Black Budget'.","Define 'Black Budget'.","Define 'Black Budget'.","","","Q_AUTHORED_CURRENT_POST","Q_BODY","KEEP","canonical post body, no embedded-source evidence"
"299#0","299","KEEP_Q_DIRECTIVE","KEEP_Q_DIRECTIVE","Expand your thinking.","Expand your thinking.","Expand your thinking.","Expand your thinking.","","","Q_AUTHORED_CURRENT_POST","Q_BODY","KEEP","canonical post body, no embedded-source evidence"
"2990#0","2990","KEEP_Q_DIRECTIVE","KEEP_Q_DIRECTIVE","Expand your thinking.","Expand your thinking.","Expand your thinking.","Expand your thinking.","","","Q_AUTHORED_CURRENT_POST","Q_BODY","KEEP","canonical post body, no embedded-source evidence"
"2990#1","2990","KEEP_Q_DIRECTIVE","KEEP_Q_DIRECTIVE","Expand your thinking further.","Expand your thinking further.","Expand your thinking further.","Expand your thinking further.","","","Q_AUTHORED_CURRENT_POST","Q_BODY","KEEP","canonical post body, no embedded-source evidence"
"2993#0","2993","KEEP_Q_DIRECTIVE","KEEP_Q_DIRECTIVE","ASK YOURSELF A VERY SIMPLE QUESTION, WOULD YOU RELEASE (GO LIVE) TO THE PUBLIC ACROSS THE MEDIA ALL HIGHLY CLASSIFIED MATERIAL (NSA) ……………PRIOR TO…………..GETTING TO YOUR END DESTINATION?","ASK YOURSELF A VERY SIMPLE QUESTION, WOULD YOU RELEASE (GO LIVE) TO THE PUBLIC ACROSS THE MEDIA ALL HIGHLY CLASSIFIED MATERIAL (NSA) ……………PRIOR TO…………..GETTING TO YOUR END DESTINATION?","ASK YOURSELF A VERY SIMPLE QUESTION, WOULD YOU RELEASE (GO LIVE) TO THE PUBLIC ACROSS THE MEDIA ALL HIGHLY CLASSIFIED MATERIAL (NSA) ……………PRIOR TO…………..GETTING TO YOUR END DESTINATION?","ASK YOURSELF A VERY SIMPLE QUESTION, WOULD YOU RELEASE (GO LIVE) TO THE PUBLIC ACROSS THE MEDIA ALL HIGHLY CLASSIFIED MATERIAL (NSA) ……………PRIOR TO…………..GETTING TO YOUR END DESTINATION?","","","Q_AUTHORED_CURRENT_POST","Q_BODY","KEEP","canonical post body, no embedded-source evidence"
"2994#0","2994","KEEP_Q_DIRECTIVE","KEEP_Q_DIRECTIVE","STAY STRONG, PATRIOTS.","STAY STRONG, PATRIOTS.","STAY STRONG, PATRIOTS.","STAY STRONG, PATRIOTS.","","","Q_AUTHORED_CURRENT_POST","Q_BODY","KEEP","canonical post body, no embedded-source evidence"
"2994#1","2994","KEEP_Q_DIRECTIVE","KEEP_Q_DIRECTIVE","STAY UNITED, NOT DIVIDED.","STAY UNITED, NOT DIVIDED.","STAY UNITED, NOT DIVIDED.","STAY UNITED, NOT DIVIDED.","","","Q_AUTHORED_CURRENT_POST","Q_BODY","KEEP","canonical post body, no embedded-source evidence"
"2998#0","2998","KEEP_Q_DIRECTIVE","KEEP_Q_DIRECTIVE","Something you should explore further.","Something you should explore further.","Something you should explore further.","Something you should explore further.","","","Q_AUTHORED_CURRENT_POST","Q_BODY","KEEP","canonical post body, no embedded-source evidence"
"2999#0","2999","KEEP_Q_DIRECTIVE","KEEP_Q_DIRECTIVE","Remember, it goes both ways.","Remember, it goes both ways.","Remember, it goes both ways.","Remember, it goes both ways.","","","Q_AUTHORED_CURRENT_POST","Q_BODY","KEEP","canonical post body, no embedded-source evidence"
"3#0","3","KEEP_Q_DIRECTIVE","KEEP_Q_DIRECTIVE","Open your eyes.","Open your eyes.","Open your eyes.","Open your eyes.","","","Q_AUTHORED_CURRENT_POST","Q_BODY","KEEP","canonical post body, no embedded-source evidence"
"3#1","3","REMOVE_QUESTION_NOT_DIRECTIVE","REMOVE_QUESTION_NOT_DIRECTIVE","Don't you think POTUS would be tweeting about removal given clear conflict.","","Don’t you think POTUS would be tweeting about removal given clear conflict.","Don’t you think POTUS would be tweeting about removal given clear conflict.","","","Q_AUTHORED_CURRENT_POST","Q_BODY","REMOVE_FROM_DIRECTIVES","Q-authored sentence in interrogative form — belongs to Questions, not Directives"
"3#2","3","KEEP_Q_DIRECTIVE","KEEP_Q_DIRECTIVE","Follow Huma.","Follow Huma.","Follow Huma.","Follow Huma.","","","Q_AUTHORED_CURRENT_POST","Q_BODY","KEEP","canonical post body, no embedded-source evidence"
"3#3","3","KEEP_Q_DIRECTIVE","KEEP_Q_DIRECTIVE","Trust in your President.","Trust in your President.","Trust in your President.","Trust in your President.","","","Q_AUTHORED_CURRENT_POST","Q_BODY","KEEP","canonical post body, no embedded-source evidence"
"3#4","3","REMOVE_BLESSING_OR_VALEDICTION","REMOVE_BLESSING_OR_VALEDICTION","God bless, Patriots.","","God bless, Patriots.","God bless, Patriots.","","","Q_AUTHORED_CURRENT_POST","Q_BODY","REMOVE_FROM_DIRECTIVES","blessing or valediction, not a command"
"30#0","30","KEEP_Q_DIRECTIVE","KEEP_Q_DIRECTIVE","Think xkeysc on steroids.","Think xkeysc on steroids.","Think xkeysc on steroids.","Think xkeysc on steroids.","","","Q_AUTHORED_CURRENT_POST","Q_BODY","KEEP","long sentence inside a drop whose dominant register is Q — prose shape alone is not a quotation"
"300#0","300","KEEP_Q_DIRECTIVE","KEEP_Q_DIRECTIVE","Don't come here again.","Don't come here again.","Don't come here again.","Don't come here again.","","","Q_AUTHORED_CURRENT_POST","Q_BODY","KEEP","canonical post body, no embedded-source evidence"
"3000#0","3000","KEEP_Q_DIRECTIVE","KEEP_Q_DIRECTIVE","Keep the calendar up-to-date, Patriot.","Keep the calendar up-to-date, Patriot.","Keep the calendar up-to-date, Patriot.","Keep the calendar up-to-date, Patriot.","","","Q_AUTHORED_CURRENT_POST","Q_BODY","KEEP","canonical post body, no embedded-source evidence"
"3000#1","3000","KEEP_Q_DIRECTIVE","KEEP_Q_DIRECTIVE","Check off and log.","Check off and log.","Check off and log.","Check off and log.","","","Q_AUTHORED_CURRENT_POST","Q_BODY","KEEP","canonical post body, no embedded-source evidence"
"3004#0","3004","KEEP_Q_DIRECTIVE","KEEP_Q_DIRECTIVE",">clear vision for the @DOJ",">clear vision for the @DOJ",">clear vision for the @DOJ",">clear vision for the @DOJ","","","Q_AUTHORED_CURRENT_POST","Q_BODY","KEEP","greentext arrow with no matching quoted source — Q's own bullet"
"3006#0","3006","KEEP_Q_DIRECTIVE","KEEP_Q_DIRECTIVE","Think [Brennan] spy campaign > US SENATE","Think [Brennan] spy campaign > US SENATE","Think [Brennan] spy campaign > US SENATE","Think [Brennan] spy campaign > US SENATE","","","Q_AUTHORED_CURRENT_POST","Q_BODY","KEEP","canonical post body, no embedded-source evidence"
"3007#0","3007","KEEP_Q_DIRECTIVE","KEEP_Q_DIRECTIVE","Define 'Protection'.","Define 'Protection'.","Define 'Protection'.","Define 'Protection'.","","","Q_AUTHORED_CURRENT_POST","Q_BODY","KEEP","canonical post body, no embedded-source evidence"
"3010#0","3010","KEEP_Q_DIRECTIVE","KEEP_Q_DIRECTIVE","BE VIGILANT.","BE VIGILANT.","BE VIGILANT.","BE VIGILANT.","","","Q_AUTHORED_CURRENT_POST","Q_BODY","KEEP","canonical post body, no embedded-source evidence"
"3014#0","3014","KEEP_Q_DIRECTIVE","KEEP_Q_DIRECTIVE","ENJOY THE SHOW!","ENJOY THE SHOW!","ENJOY THE SHOW!","ENJOY THE SHOW!","","","Q_AUTHORED_CURRENT_POST","Q_BODY","KEEP","canonical post body, no embedded-source evidence"
"3016#0","3016","KEEP_Q_DIRECTIVE","KEEP_Q_DIRECTIVE","Follow the MAPS.","Follow the MAPS.","Follow the MAPS.","Follow the MAPS.","","","Q_AUTHORED_CURRENT_POST","Q_BODY","KEEP","canonical post body, no embedded-source evidence"
"3020#0","3020","KEEP_Q_DIRECTIVE","KEEP_Q_DIRECTIVE","Define 'Surveillance state'.","Define 'Surveillance state'.","Define 'Surveillance state'.","Define 'Surveillance state'.","","","Q_AUTHORED_CURRENT_POST","Q_BODY","KEEP","canonical post body, no embedded-source evidence"
"3022#0","3022","KEEP_Q_DIRECTIVE","KEEP_Q_DIRECTIVE","Define 'Spook'.","Define 'Spook'.","Define 'Spook'.","Define 'Spook'.","","","Q_AUTHORED_CURRENT_POST","Q_BODY","KEEP","canonical post body, no embedded-source evidence"
"3022#1","3022","KEEP_Q_DIRECTIVE","KEEP_Q_DIRECTIVE","Define 'Shadow'.","Define 'Shadow'.","Define 'Shadow'.","Define 'Shadow'.","","","Q_AUTHORED_CURRENT_POST","Q_BODY","KEEP","canonical post body, no embedded-source evidence"
"3022#2","3022","KEEP_Q_DIRECTIVE","KEEP_Q_DIRECTIVE","STAND STRONG, GINA.","STAND STRONG, GINA.","STAND STRONG, GINA.","STAND STRONG, GINA.","","","Q_AUTHORED_CURRENT_POST","Q_BODY","KEEP","canonical post body, no embedded-source evidence"
"3025#0","3025","KEEP_Q_DIRECTIVE","KEEP_Q_DIRECTIVE","Reconcile.","Reconcile.","Reconcile.","Reconcile.","","","Q_AUTHORED_CURRENT_POST","Q_BODY","KEEP","canonical post body, no embedded-source evidence"
"3028#0","3028","KEEP_Q_DIRECTIVE","KEEP_Q_DIRECTIVE","Think timing.","Think timing.","Think timing.","Think timing.","","","Q_AUTHORED_CURRENT_POST","Q_BODY","KEEP","canonical post body, no embedded-source evidence"
"3028#1","3028","KEEP_Q_DIRECTIVE","KEEP_Q_DIRECTIVE","SAVE AMERICA.","SAVE AMERICA.","SAVE AMERICA.","SAVE AMERICA.","","","Q_AUTHORED_CURRENT_POST","Q_BODY","KEEP","canonical post body, no embedded-source evidence"
"3033#0","3033","KEEP_Q_DIRECTIVE","KEEP_Q_DIRECTIVE","Stay in the LIGHT.","Stay in the LIGHT.","Stay in the LIGHT.","Stay in the LIGHT.","","","Q_AUTHORED_CURRENT_POST","Q_BODY","KEEP","canonical post body, no embedded-source evidence"
"3033#1","3033","KEEP_Q_DIRECTIVE","KEEP_Q_DIRECTIVE","Remain in open comms w/ Sen Graham & Grassley re: Whistleblower Protection Act.","Remain in open comms w/ Sen Graham & Grassley re: Whistleblower Protection Act.","Remain in open comms w/ Sen Graham & Grassley re: Whistleblower Protection Act.","Remain in open comms w/ Sen Graham & Grassley re: Whistleblower Protection Act.","","","Q_AUTHORED_CURRENT_POST","Q_BODY","KEEP","canonical post body, no embedded-source evidence"
"3034#0","3034","KEEP_Q_DIRECTIVE","KEEP_Q_DIRECTIVE","Stay tuned!","Stay tuned!","Stay tuned!","Stay tuned!","","","Q_AUTHORED_CURRENT_POST","Q_BODY","KEEP","canonical post body, no embedded-source evidence"
"3036#0","3036","KEEP_Q_DIRECTIVE","KEEP_Q_DIRECTIVE","Re_read drop:","Re_read drop:","Re_read drop:","Re_read drop:","","","Q_AUTHORED_CURRENT_POST","Q_BODY","KEEP","canonical post body, no embedded-source evidence"
"3038#0","3038","KEEP_Q_DIRECTIVE","KEEP_Q_DIRECTIVE",">Decide for yourself (be free from outside opinion).",">Decide for yourself (be free from outside opinion).",">Decide for yourself (be free from outside opinion).",">Decide for yourself (be free from outside opinion).","","","Q_AUTHORED_CURRENT_POST","Q_BODY","KEEP","greentext arrow with no matching quoted source — Q's own bullet"
"3038#1","3038","KEEP_Q_DIRECTIVE","KEEP_Q_DIRECTIVE",">Decide for yourself (be objective in your conclusions).",">Decide for yourself (be objective in your conclusions).",">Decide for yourself (be objective in your conclusions).",">Decide for yourself (be objective in your conclusions).","","","Q_AUTHORED_CURRENT_POST","Q_BODY","KEEP","greentext arrow with no matching quoted source — Q's own bullet"
"3038#2","3038","KEEP_Q_DIRECTIVE","KEEP_Q_DIRECTIVE",">Decide for yourself (be true in your own beliefs).",">Decide for yourself (be true in your own beliefs).",">Decide for yourself (be true in your own beliefs).",">Decide for yourself (be true in your own beliefs).","","","Q_AUTHORED_CURRENT_POST","Q_BODY","KEEP","greentext arrow with no matching quoted source — Q's own bullet"
"3038#3","3038","KEEP_Q_DIRECTIVE","KEEP_Q_DIRECTIVE",">Decide for yourself (be open to following the facts).",">Decide for yourself (be open to following the facts).",">Decide for yourself (be open to following the facts).",">Decide for yourself (be open to following the facts).","","","Q_AUTHORED_CURRENT_POST","Q_BODY","KEEP","greentext arrow with no matching quoted source — Q's own bullet"
"3038#4","3038","KEEP_Q_DIRECTIVE","KEEP_Q_DIRECTIVE",">Decide for yourself (be strong in defending your beliefs).",">Decide for yourself (be strong in defending your beliefs).",">Decide for yourself (be strong in defending your beliefs).",">Decide for yourself (be strong in defending your beliefs).","","","Q_AUTHORED_CURRENT_POST","Q_BODY","KEEP","greentext arrow with no matching quoted source — Q's own bullet"
"3038#5","3038","KEEP_Q_DIRECTIVE","KEEP_Q_DIRECTIVE",">Decide for yourself (be resistant to blindly accepting fact-less statements).",">Decide for yourself (be resistant to blindly accepting fact-less statements).",">Decide for yourself (be resistant to blindly accepting fact-less statements).",">Decide for yourself (be resistant to blindly accepting fact-less statements).","","","Q_AUTHORED_CURRENT_POST","Q_BODY","KEEP","greentext arrow with no matching quoted source — Q's own bullet"
"3038#6","3038","KEEP_Q_DIRECTIVE","KEEP_Q_DIRECTIVE",">Decide for yourself (be free)",">Decide for yourself (be free)",">Decide for yourself (be free)",">Decide for yourself (be free)","","","Q_AUTHORED_CURRENT_POST","Q_BODY","KEEP","greentext arrow with no matching quoted source — Q's own bullet"
"3038#7","3038","KEEP_Q_DIRECTIVE","KEEP_Q_DIRECTIVE","Trust and put faith in yourself.","Trust and put faith in yourself.","Trust and put faith in yourself.","Trust and put faith in yourself.","","","Q_AUTHORED_CURRENT_POST","Q_BODY","KEEP","canonical post body, no embedded-source evidence"
"3040#0","3040","KEEP_Q_DIRECTIVE","KEEP_Q_DIRECTIVE","Change We Can Believe In.","Change We Can Believe In.","Change We Can Believe In.","Change We Can Believe In.","","","Q_AUTHORED_CURRENT_POST","Q_BODY","KEEP","canonical post body, no embedded-source evidence"
"3040#1","3040","KEEP_Q_DIRECTIVE","KEEP_Q_DIRECTIVE","Let Freedom Ring!","Let Freedom Ring!","Let Freedom Ring!","Let Freedom Ring!","","","Q_AUTHORED_CURRENT_POST","Q_BODY","KEEP","canonical post body, no embedded-source evidence"
"3045#0","3045","KEEP_Q_DIRECTIVE","KEEP_Q_DIRECTIVE","Take a moment and think about what that means.","Take a moment and think about what that means.","Take a moment and think about what that means.","Take a moment and think about what that means.","","","Q_AUTHORED_CURRENT_POST","Q_BODY","KEEP","canonical post body, no embedded-source evidence"
"3048#0","3048","KEEP_Q_DIRECTIVE","KEEP_Q_DIRECTIVE","Think LifeLog dump.","Think LifeLog dump.","Think LifeLog dump.","Think LifeLog dump.","","","Q_AUTHORED_CURRENT_POST","Q_BODY","KEEP","canonical post body, no embedded-source evidence"
"3050#0","3050","KEEP_DIRECTIVE_AND_RELIGIOUS_THEME","KEEP_DIRECTIVE_AND_RELIGIOUS_THEME","Pray for the victims.","Pray for the victims.","Pray for the victims.","Pray for the victims.","","Religion & Spirituality","Q_AUTHORED_CURRENT_POST","Q_BODY","KEEP","canonical post body, no embedded-source evidence"
"3053#0","3053","KEEP_Q_DIRECTIVE","KEEP_Q_DIRECTIVE","Whistle while you work……","Whistle while you work……","Whistle while you work……","Whistle while you work……","","","Q_AUTHORED_CURRENT_POST","Q_BODY","KEEP","canonical post body, no embedded-source evidence"
"3056#0","3056","REMOVE_BLESSING_OR_VALEDICTION","REMOVE_BLESSING_OR_VALEDICTION","God bless.","","God bless.","God bless.","","","Q_AUTHORED_CURRENT_POST","Q_BODY","REMOVE_FROM_DIRECTIVES","blessing or valediction, not a command"
"3062#0","3062","KEEP_Q_DIRECTIVE","KEEP_Q_DIRECTIVE","Remember this important FACT.","Remember this important FACT.","Remember this important FACT.","Remember this important FACT.","","","Q_AUTHORED_CURRENT_POST","Q_BODY","KEEP","canonical post body, no embedded-source evidence"
"3063#0","3063","KEEP_Q_DIRECTIVE","KEEP_Q_DIRECTIVE","REMEMBER THIS IMPORTANT FACT.","REMEMBER THIS IMPORTANT FACT.","REMEMBER THIS IMPORTANT FACT.","REMEMBER THIS IMPORTANT FACT.","","","Q_AUTHORED_CURRENT_POST","Q_BODY","KEEP","canonical post body, no embedded-source evidence"
"3067#0","3067","KEEP_Q_DIRECTIVE","KEEP_Q_DIRECTIVE","Do you see ""CI A?""","Do you see ""CI A?""","Do you see ""CI A?""","Do you see ""CI A?""","","","Q_AUTHORED_CURRENT_POST","Q_BODY","KEEP","canonical post body, no embedded-source evidence"
"3069#0","3069","KEEP_Q_DIRECTIVE","KEEP_Q_DIRECTIVE","Clear history/cookies to bypass all PAYWALLS.","Clear history/cookies to bypass all PAYWALLS.","Clear history/cookies to bypass all PAYWALLS.","Clear history/cookies to bypass all PAYWALLS.","","","Q_AUTHORED_CURRENT_POST","Q_BODY","KEEP","canonical post body, no embedded-source evidence"
"3069#1","3069","KEEP_Q_DIRECTIVE","KEEP_Q_DIRECTIVE","Read FREE.","Read FREE.","Read FREE.","Read FREE.","","","Q_AUTHORED_CURRENT_POST","Q_BODY","KEEP","canonical post body, no embedded-source evidence"
"307#0","307","KEEP_Q_DIRECTIVE","KEEP_Q_DIRECTIVE","Learn to read the map.","Learn to read the map.","Learn to read the map.","Learn to read the map.","","","Q_AUTHORED_CURRENT_POST","Q_BODY","KEEP","canonical post body, no embedded-source evidence"
"3071#0","3071","KEEP_Q_DIRECTIVE","KEEP_Q_DIRECTIVE",">VOTE TO ALLOW 'ILLEGAL' IMMIGRANTS RIGHT TO VOTE IN ELECTIONS",">VOTE TO ALLOW ‘ILLEGAL’ IMMIGRANTS RIGHT TO VOTE IN ELECTIONS",">VOTE TO ALLOW ‘ILLEGAL’ IMMIGRANTS RIGHT TO VOTE IN ELECTIONS",">VOTE TO ALLOW ‘ILLEGAL’ IMMIGRANTS RIGHT TO VOTE IN ELECTIONS","","","Q_AUTHORED_CURRENT_POST","Q_BODY","KEEP","greentext arrow with no matching quoted source — Q's own bullet"
"3072#0","3072","KEEP_Q_DIRECTIVE","KEEP_Q_DIRECTIVE","Disregard spelling error.","Disregard spelling error.","Disregard spelling error.","Disregard spelling error.","","","Q_AUTHORED_CURRENT_POST","Q_BODY","KEEP","canonical post body, no embedded-source evidence"
"3075#0","3075","KEEP_Q_DIRECTIVE","KEEP_Q_DIRECTIVE","Stand strong, Patriots.","Stand strong, Patriots.","Stand strong, Patriots.","Stand strong, Patriots.","","","Q_AUTHORED_CURRENT_POST","Q_BODY","KEEP","canonical post body, no embedded-source evidence"
"3077#0","3077","KEEP_Q_DIRECTIVE","KEEP_Q_DIRECTIVE","Be vigilant at all times.","Be vigilant at all times.","Be vigilant at all times.","Be vigilant at all times.","","","Q_AUTHORED_CURRENT_POST","Q_BODY","KEEP","canonical post body, no embedded-source evidence"
"3077#1","3077","KEEP_Q_DIRECTIVE","KEEP_Q_DIRECTIVE","See Something.","See Something.","See Something.","See Something.","","","Q_AUTHORED_CURRENT_POST","Q_BODY","KEEP","canonical post body, no embedded-source evidence"
"3077#2","3077","KEEP_Q_DIRECTIVE","KEEP_Q_DIRECTIVE","Say Something.","Say Something.","Say Something.","Say Something.","","","Q_AUTHORED_CURRENT_POST","Q_BODY","KEEP","canonical post body, no embedded-source evidence"
"3078#0","3078","KEEP_Q_DIRECTIVE","KEEP_Q_DIRECTIVE","Think days.","Think days.","Think days.","Think days.","","","Q_AUTHORED_CURRENT_POST","Q_BODY","KEEP","canonical post body, no embedded-source evidence"
"308#0","308","KEEP_Q_DIRECTIVE","KEEP_Q_DIRECTIVE","Expand your thinking.","Expand your thinking.","Expand your thinking.","Expand your thinking.","","","Q_AUTHORED_CURRENT_POST","Q_BODY","KEEP","canonical post body, no embedded-source evidence"
"31#0","31","KEEP_Q_DIRECTIVE","KEEP_Q_DIRECTIVE","There is so much string pulling and blackmail that we need to cut these off to truly gain the power granted to us by the Patriots and hard working people of this great country.","There is so much string pulling and blackmail that we need to cut these off to truly gain the power granted to us by the Patriots and hard working people of this great country.","There is so much string pulling and blackmail that we need to cut these off to truly gain the power granted to us by the Patriots and hard working people of this great country.","There is so much string pulling and blackmail that we need to cut these off to truly gain the power granted to us by the Patriots and hard working people of this great country.","","","Q_AUTHORED_CURRENT_POST","Q_BODY","KEEP","long sentence inside a drop whose dominant register is Q — prose shape alone is not a quotation"
"310#0","310","KEEP_Q_DIRECTIVE","KEEP_Q_DIRECTIVE","Expand your thinking.","Expand your thinking.","Expand your thinking.","Expand your thinking.","","","Q_AUTHORED_CURRENT_POST","Q_BODY","KEEP","canonical post body, no embedded-source evidence"
"310#1","310","KEEP_Q_DIRECTIVE","KEEP_Q_DIRECTIVE","Connect the 'markers.'","Connect the 'markers.'","Connect the 'markers.'","Connect the 'markers.'","","","Q_AUTHORED_CURRENT_POST","Q_BODY","KEEP","canonical post body, no embedded-source evidence"
"310#2","310","KEEP_Q_DIRECTIVE","KEEP_Q_DIRECTIVE","Expand your thinking.","Expand your thinking.","Expand your thinking.","Expand your thinking.","","","Q_AUTHORED_CURRENT_POST","Q_BODY","KEEP","canonical post body, no embedded-source evidence"
"310#3","310","KEEP_Q_DIRECTIVE","KEEP_Q_DIRECTIVE","Re-read crumbs.","Re-read crumbs.","Re-read crumbs.","Re-read crumbs.","","","Q_AUTHORED_CURRENT_POST","Q_BODY","KEEP","canonical post body, no embedded-source evidence"
"310#4","310","KEEP_Q_DIRECTIVE","KEEP_Q_DIRECTIVE","Re-listen to yesterday's speech.","Re-listen to yesterday's speech.","Re-listen to yesterday's speech.","Re-listen to yesterday's speech.","","","Q_AUTHORED_CURRENT_POST","Q_BODY","KEEP","canonical post body, no embedded-source evidence"
"311#0","311","KEEP_Q_DIRECTIVE","KEEP_Q_DIRECTIVE","Define.","Define.","Define.","Define.","","","Q_AUTHORED_CURRENT_POST","Q_BODY","KEEP","canonical post body, no embedded-source evidence"
"311#1","311","KEEP_Q_DIRECTIVE","KEEP_Q_DIRECTIVE","Expand your thinking.","Expand your thinking.","Expand your thinking.","Expand your thinking.","","","Q_AUTHORED_CURRENT_POST","Q_BODY","KEEP","canonical post body, no embedded-source evidence"
"3111#0","3111","KEEP_Q_DIRECTIVE","KEEP_Q_DIRECTIVE","Let's Keep Playing…","Let's Keep Playing…","Let's Keep Playing…","Let's Keep Playing…","","","Q_AUTHORED_CURRENT_POST","Q_BODY","KEEP","canonical post body, no embedded-source evidence"
"3113#0","3113","KEEP_Q_DIRECTIVE","KEEP_Q_DIRECTIVE","Never interfere with an enemy……..","Never interfere with an enemy……..","Never interfere with an enemy……..","Never interfere with an enemy……..","","","Q_AUTHORED_CURRENT_POST","Q_BODY","KEEP","canonical post body, no embedded-source evidence"
"312#0","312","KEEP_Q_DIRECTIVE","KEEP_Q_DIRECTIVE","Learn.","Learn.","Learn.","Learn.","","","Q_AUTHORED_CURRENT_POST","Q_BODY","KEEP","canonical post body, no embedded-source evidence"
"3123#0","3123","KEEP_Q_DIRECTIVE","KEEP_Q_DIRECTIVE","Listen carefully.","Listen carefully.","Listen carefully.","Listen carefully.","","","Q_AUTHORED_CURRENT_POST","Q_BODY","KEEP","canonical post body, no embedded-source evidence"
"3126#0","3126","KEEP_Q_DIRECTIVE","KEEP_Q_DIRECTIVE","Think then.","Think then.","Think then.","Think then.","","","Q_AUTHORED_CURRENT_POST","Q_BODY","KEEP","canonical post body, no embedded-source evidence"
"3126#1","3126","KEEP_Q_DIRECTIVE","KEEP_Q_DIRECTIVE","Think now.","Think now.","Think now.","Think now.","","","Q_AUTHORED_CURRENT_POST","Q_BODY","KEEP","canonical post body, no embedded-source evidence"
"3127#0","3127","KEEP_Q_DIRECTIVE","KEEP_Q_DIRECTIVE","Ask yourself a very simple Q.","Ask yourself a very simple Q.","Ask yourself a very simple Q.","Ask yourself a very simple Q.","","","Q_AUTHORED_CURRENT_POST","Q_BODY","KEEP","canonical post body, no embedded-source evidence"
"3130#0","3130","KEEP_Q_DIRECTIVE","KEEP_Q_DIRECTIVE","Start a list.","Start a list.","Start a list.","Start a list.","","","Q_AUTHORED_CURRENT_POST","Q_BODY","KEEP","canonical post body, no embedded-source evidence"
"3131#0","3131","KEEP_Q_DIRECTIVE","KEEP_Q_DIRECTIVE","Drop #3050","Drop #3050","Drop #3050","Drop #3050","","","Q_AUTHORED_CURRENT_POST","Q_BODY","KEEP","canonical post body, no embedded-source evidence"
"3131#1","3131","KEEP_Q_DIRECTIVE","KEEP_Q_DIRECTIVE","Follow the ATTORNEY.","Follow the ATTORNEY.","Follow the ATTORNEY.","Follow the ATTORNEY.","","","Q_AUTHORED_CURRENT_POST","Q_BODY","KEEP","canonical post body, no embedded-source evidence"
"3136#0","3136","KEEP_Q_DIRECTIVE","KEEP_Q_DIRECTIVE","Watch the news for Rachel Chandler.","Watch the news for Rachel Chandler.","Watch the news for Rachel Chandler.","Watch the news for Rachel Chandler.","","","Q_AUTHORED_CURRENT_POST","Q_BODY","KEEP","canonical post body, no embedded-source evidence"
"314#0","314","REMOVE_BLESSING_OR_VALEDICTION","REMOVE_BLESSING_OR_VALEDICTION","Godspeed, Patriots.","","Godspeed, Patriots.","Godspeed, Patriots.","","","Q_AUTHORED_CURRENT_POST","Q_BODY","REMOVE_FROM_DIRECTIVES","blessing or valediction, not a command"
"314#1","314","KEEP_Q_DIRECTIVE","KEEP_Q_DIRECTIVE","Be the autists we know you are.","Be the autists we know you are.","Be the autists we know you are.","Be the autists we know you are.","","","Q_AUTHORED_CURRENT_POST","Q_BODY","KEEP","canonical post body, no embedded-source evidence"
"3155#0","3155","KEEP_Q_DIRECTIVE","KEEP_Q_DIRECTIVE","Keep digging, Anons.","Keep digging, Anons.","Keep digging, Anons.","Keep digging, Anons.","","","Q_AUTHORED_CURRENT_POST","Q_BODY","KEEP","canonical post body, no embedded-source evidence"
"316#0","316","KEEP_Q_DIRECTIVE","KEEP_Q_DIRECTIVE","Expand your thinking.","Expand your thinking.","Expand your thinking.","Expand your thinking.","","","Q_AUTHORED_CURRENT_POST","Q_BODY","KEEP","canonical post body, no embedded-source evidence"
"316#1","316","KEEP_Q_DIRECTIVE","KEEP_Q_DIRECTIVE","Connect the 'markers.'","Connect the 'markers.'","Connect the 'markers.'","Connect the 'markers.'","","","Q_AUTHORED_CURRENT_POST","Q_BODY","KEEP","canonical post body, no embedded-source evidence"
"316#2","316","KEEP_Q_DIRECTIVE","KEEP_Q_DIRECTIVE","Expand your thinking.","Expand your thinking.","Expand your thinking.","Expand your thinking.","","","Q_AUTHORED_CURRENT_POST","Q_BODY","KEEP","canonical post body, no embedded-source evidence"
"316#3","316","KEEP_Q_DIRECTIVE","KEEP_Q_DIRECTIVE","Re-read crumbs.","Re-read crumbs.","Re-read crumbs.","Re-read crumbs.","","","Q_AUTHORED_CURRENT_POST","Q_BODY","KEEP","canonical post body, no embedded-source evidence"
"316#4","316","KEEP_Q_DIRECTIVE","KEEP_Q_DIRECTIVE","Re-listen to yesterday's speech.","Re-listen to yesterday's speech.","Re-listen to yesterday's speech.","Re-listen to yesterday's speech.","","","Q_AUTHORED_CURRENT_POST","Q_BODY","KEEP","canonical post body, no embedded-source evidence"
"317#0","317","KEEP_Q_DIRECTIVE","KEEP_Q_DIRECTIVE","Don't mistake journalists invited to parties as 'insiders'.","Don't mistake journalists invited to parties as 'insiders'.","Don't mistake journalists invited to parties as 'insiders'.","Don't mistake journalists invited to parties as 'insiders'.","","","Q_AUTHORED_CURRENT_POST","Q_BODY","KEEP","canonical post body, no embedded-source evidence"
"3172#0","3172","KEEP_Q_DIRECTIVE","KEEP_Q_DIRECTIVE","MEME misspelled but drives the point across.","MEME misspelled but drives the point across.","MEME misspelled but drives the point across.","MEME misspelled but drives the point across.","","","Q_AUTHORED_CURRENT_POST","Q_BODY","KEEP","canonical post body, no embedded-source evidence"
"3176#0","3176","KEEP_Q_DIRECTIVE","KEEP_Q_DIRECTIVE","THINK FOR YOURSELF AND STOP BEING A SHEEP TO THEIR NARRATIVE.","THINK FOR YOURSELF AND STOP BEING A SHEEP TO THEIR NARRATIVE.","THINK FOR YOURSELF AND STOP BEING A SHEEP TO THEIR NARRATIVE.","THINK FOR YOURSELF AND STOP BEING A SHEEP TO THEIR NARRATIVE.","","","Q_AUTHORED_CURRENT_POST","Q_BODY","KEEP","canonical post body, no embedded-source evidence"
"3179#0","3179","KEEP_Q_DIRECTIVE","KEEP_Q_DIRECTIVE","LISTEN & WATCH SEAN HANNITY TODAY.","LISTEN & WATCH SEAN HANNITY TODAY.","LISTEN & WATCH SEAN HANNITY TODAY.","LISTEN & WATCH SEAN HANNITY TODAY.","","","Q_AUTHORED_CURRENT_POST","Q_BODY","KEEP","canonical post body, no embedded-source evidence"
"3180#0","3180","KEEP_Q_DIRECTIVE","KEEP_Q_DIRECTIVE","Listen very carefully.","Listen very carefully.","Listen very carefully.","Listen very carefully.","","","Q_AUTHORED_CURRENT_POST","Q_BODY","KEEP","canonical post body, no embedded-source evidence"
"3180#1","3180","KEEP_Q_DIRECTIVE","KEEP_Q_DIRECTIVE","DIGEST the FULL GRAVITY of what the PRESIDENT OF THE UNITED STATES says in this clip.","DIGEST the FULL GRAVITY of what the PRESIDENT OF THE UNITED STATES says in this clip.","DIGEST the FULL GRAVITY of what the PRESIDENT OF THE UNITED STATES says in this clip.","DIGEST the FULL GRAVITY of what the PRESIDENT OF THE UNITED STATES says in this clip.","","","Q_AUTHORED_CURRENT_POST","Q_BODY","KEEP","canonical post body, no embedded-source evidence"
"3182#0","3182","KEEP_Q_DIRECTIVE","KEEP_Q_DIRECTIVE","Be careful who you follow.","Be careful who you follow.","Be careful who you follow.","Be careful who you follow.","","","Q_AUTHORED_CURRENT_POST","Q_BODY","KEEP","canonical post body, no embedded-source evidence"
"3182#1","3182","KEEP_Q_DIRECTIVE","KEEP_Q_DIRECTIVE","Follow the money.","Follow the money.","Follow the money.","Follow the money.","","","Q_AUTHORED_CURRENT_POST","Q_BODY","KEEP","canonical post body, no embedded-source evidence"
"3182#2","3182","KEEP_Q_DIRECTIVE","KEEP_Q_DIRECTIVE","Follow the expenses.","Follow the expenses.","Follow the expenses.","Follow the expenses.","","","Q_AUTHORED_CURRENT_POST","Q_BODY","KEEP","canonical post body, no embedded-source evidence"
"3193#0","3193","KEEP_Q_DIRECTIVE","KEEP_Q_DIRECTIVE","Have a Great Night!","Have a Great Night!","Have a Great Night!","Have a Great Night!","","","Q_AUTHORED_CURRENT_POST","Q_BODY","KEEP","canonical post body, no embedded-source evidence"
"3197#0","3197","KEEP_Q_DIRECTIVE","KEEP_Q_DIRECTIVE","Read the drop carefully, again.","Read the drop carefully, again.","Read the drop carefully, again.","Read the drop carefully, again.","","","Q_AUTHORED_CURRENT_POST","Q_BODY","KEEP","canonical post body, no embedded-source evidence"
"320#0","320","KEEP_Q_DIRECTIVE","KEEP_Q_DIRECTIVE","Expand your thinking.","Expand your thinking.","Expand your thinking.","Expand your thinking.","","","Q_AUTHORED_CURRENT_POST","Q_BODY","KEEP","canonical post body, no embedded-source evidence"
"321#0","321","KEEP_Q_DIRECTIVE","KEEP_Q_DIRECTIVE","Post: 1:34 US Military","Post: 1:34 US Military","Post: 1:34 US Military","Post: 1:34 US Military","","","Q_AUTHORED_CURRENT_POST","Q_BODY","KEEP","canonical post body, no embedded-source evidence"
"3211#0","3211","KEEP_Q_DIRECTIVE","KEEP_Q_DIRECTIVE","Bake your noodle.","Bake your noodle.","Bake your noodle.","Bake your noodle.","","","Q_AUTHORED_CURRENT_POST","Q_BODY","KEEP","canonical post body, no embedded-source evidence"
"3212#0","3212","KEEP_Q_DIRECTIVE","KEEP_Q_DIRECTIVE","Think Rogers T-Tower meeting (right after SCIF set up in Tower).","Think Rogers T-Tower meeting (right after SCIF set up in Tower).","Think Rogers T-Tower meeting (right after SCIF set up in Tower).","Think Rogers T-Tower meeting (right after SCIF set up in Tower).","","","Q_AUTHORED_CURRENT_POST","Q_BODY","KEEP","canonical post body, no embedded-source evidence"
"3212#1","3212","KEEP_Q_DIRECTIVE","KEEP_Q_DIRECTIVE","Think POTUS campaign leaving T-Tower (base of operations) THE VERY NEXT DAY.","Think POTUS campaign leaving T-Tower (base of operations) THE VERY NEXT DAY.","Think POTUS campaign leaving T-Tower (base of operations) THE VERY NEXT DAY.","Think POTUS campaign leaving T-Tower (base of operations) THE VERY NEXT DAY.","","","Q_AUTHORED_CURRENT_POST","Q_BODY","KEEP","canonical post body, no embedded-source evidence"
"3215#0","3215","KEEP_Q_DIRECTIVE","KEEP_Q_DIRECTIVE","Start late 2015.","Start late 2015.","Start late 2015.","Start late 2015.","","","Q_AUTHORED_CURRENT_POST","Q_BODY","KEEP","canonical post body, no embedded-source evidence"
"3220#0","3220","KEEP_Q_DIRECTIVE","KEEP_Q_DIRECTIVE","THINK.","THINK.","THINK.","THINK.","","","Q_AUTHORED_CURRENT_POST","Q_BODY","KEEP","canonical post body, no embedded-source evidence"
"3222#0","3222","KEEP_Q_DIRECTIVE","KEEP_Q_DIRECTIVE","Follow the money.","Follow the money.","Follow the money.","Follow the money.","","","Q_AUTHORED_CURRENT_POST","Q_BODY","KEEP","canonical post body, no embedded-source evidence"
"3222#1","3222","KEEP_Q_DIRECTIVE","KEEP_Q_DIRECTIVE","Track donations vs. expenses.","Track donations vs. expenses.","Track donations vs. expenses.","Track donations vs. expenses.","","","Q_AUTHORED_CURRENT_POST","Q_BODY","KEEP","canonical post body, no embedded-source evidence"
"3222#2","3222","KEEP_Q_DIRECTIVE","KEEP_Q_DIRECTIVE","Keep your eye on the ball.","Keep your eye on the ball.","Keep your eye on the ball.","Keep your eye on the ball.","","","Q_AUTHORED_CURRENT_POST","Q_BODY","KEEP","canonical post body, no embedded-source evidence"
"3223#0","3223","KEEP_Q_DIRECTIVE","KEEP_Q_DIRECTIVE","Watch Hannity tonight.","Watch Hannity tonight.","Watch Hannity tonight.","Watch Hannity tonight.","","","Q_AUTHORED_CURRENT_POST","Q_BODY","KEEP","canonical post body, no embedded-source evidence"
"3225#0","3225","KEEP_Q_DIRECTIVE","KEEP_Q_DIRECTIVE","Think plane tracking.","Think plane tracking.","Think plane tracking.","Think plane tracking.","","","Q_AUTHORED_CURRENT_POST","Q_BODY","KEEP","canonical post body, no embedded-source evidence"
"323#0","323","REMOVE_BLESSING_OR_VALEDICTION","REMOVE_BLESSING_OR_VALEDICTION","God bless each and every one of you.","","God bless each and every one of you.","God bless each and every one of you.","","","Q_AUTHORED_CURRENT_POST","Q_BODY","REMOVE_FROM_DIRECTIVES","blessing or valediction, not a command"
"3231#0","3231","KEEP_Q_DIRECTIVE","KEEP_Q_DIRECTIVE","Set.","Set.","Set.","Set.","","","Q_AUTHORED_CURRENT_POST","Q_BODY","KEEP","canonical post body, no embedded-source evidence"
"3232#0","3232","KEEP_Q_DIRECTIVE","KEEP_Q_DIRECTIVE","Set.","Set.","Set.","Set.","","","Q_AUTHORED_CURRENT_POST","Q_BODY","KEEP","canonical post body, no embedded-source evidence"
"3234#0","3234","KEEP_Q_DIRECTIVE","KEEP_Q_DIRECTIVE","Find the reflection inside the castle.","Find the reflection inside the castle.","Find the reflection inside the castle.","Find the reflection inside the castle.","","","Q_AUTHORED_CURRENT_POST","Q_BODY","KEEP","canonical post body, no embedded-source evidence"
"324#0","324","KEEP_DIRECTIVE_AND_RELIGIOUS_THEME","KEEP_DIRECTIVE_AND_RELIGIOUS_THEME","Please pray tonight.","Please pray tonight.","Please pray tonight.","Please pray tonight.","","Religion & Spirituality","Q_AUTHORED_CURRENT_POST","Q_BODY","KEEP","canonical post body, no embedded-source evidence"
"3248#0","3248","KEEP_Q_DIRECTIVE","KEEP_Q_DIRECTIVE","FOCUS HERE:","FOCUS HERE:","FOCUS HERE:","FOCUS HERE:","","","Q_AUTHORED_CURRENT_POST","Q_BODY","KEEP","canonical post body, no embedded-source evidence"
"3249#0","3249","KEEP_Q_DIRECTIVE","KEEP_Q_DIRECTIVE","Follow keyword designators.","Follow keyword designators.","Follow keyword designators.","Follow keyword designators.","","","Q_AUTHORED_CURRENT_POST","Q_BODY","KEEP","canonical post body, no embedded-source evidence"
"325#0","325","KEEP_Q_DIRECTIVE","KEEP_Q_DIRECTIVE","Enjoy the show.","Enjoy the show.","Enjoy the show.","Enjoy the show.","","","Q_AUTHORED_CURRENT_POST","Q_BODY","KEEP","canonical post body, no embedded-source evidence"
"326#0","326","KEEP_Q_DIRECTIVE","KEEP_Q_DIRECTIVE","Expect fireworks.","Expect fireworks.","Expect fireworks.","Expect fireworks.","","","Q_AUTHORED_CURRENT_POST","Q_BODY","KEEP","canonical post body, no embedded-source evidence"
"3261#0","3261","KEEP_Q_DIRECTIVE","KEEP_Q_DIRECTIVE","Enjoy the show.","Enjoy the show.","Enjoy the show.","Enjoy the show.","","","Q_AUTHORED_CURRENT_POST","Q_BODY","KEEP","canonical post body, no embedded-source evidence"
"3265#0","3265","KEEP_Q_DIRECTIVE","KEEP_Q_DIRECTIVE","Enjoy the show, VIP Patriot!","Enjoy the show, VIP Patriot!","Enjoy the show, VIP Patriot!","Enjoy the show, VIP Patriot!","","","Q_AUTHORED_CURRENT_POST","Q_BODY","KEEP","canonical post body, no embedded-source evidence"
"3266#0","3266","KEEP_Q_DIRECTIVE","KEEP_Q_DIRECTIVE","Enjoy the show, VIP Patriot!","Enjoy the show, VIP Patriot!","Enjoy the show, VIP Patriot!","Enjoy the show, VIP Patriot!","","","Q_AUTHORED_CURRENT_POST","Q_BODY","KEEP","canonical post body, no embedded-source evidence"
"3267#0","3267","KEEP_Q_DIRECTIVE","KEEP_Q_DIRECTIVE","Enjoy the show, VIP Patriot!","Enjoy the show, VIP Patriot!","Enjoy the show, VIP Patriot!","Enjoy the show, VIP Patriot!","","","Q_AUTHORED_CURRENT_POST","Q_BODY","KEEP","canonical post body, no embedded-source evidence"
"3268#0","3268","KEEP_Q_DIRECTIVE","KEEP_Q_DIRECTIVE","Enjoy the show, VIP Patriot!","Enjoy the show, VIP Patriot!","Enjoy the show, VIP Patriot!","Enjoy the show, VIP Patriot!","","","Q_AUTHORED_CURRENT_POST","Q_BODY","KEEP","canonical post body, no embedded-source evidence"
"3269#0","3269","KEEP_Q_DIRECTIVE","KEEP_Q_DIRECTIVE","Enjoy the show, VIP Patriots!","Enjoy the show, VIP Patriots!","Enjoy the show, VIP Patriots!","Enjoy the show, VIP Patriots!","","","Q_AUTHORED_CURRENT_POST","Q_BODY","KEEP","canonical post body, no embedded-source evidence"
"327#0","327","KEEP_Q_DIRECTIVE","KEEP_Q_DIRECTIVE","Think currency.","Think currency.","Think currency.","Think currency.","","","Q_AUTHORED_CURRENT_POST","Q_BODY","KEEP","canonical post body, no embedded-source evidence"
"327#1","327","KEEP_Q_DIRECTIVE","KEEP_Q_DIRECTIVE","Think fireworks.","Think fireworks.","Think fireworks.","Think fireworks.","","","Q_AUTHORED_CURRENT_POST","Q_BODY","KEEP","canonical post body, no embedded-source evidence"
"3270#0","3270","KEEP_Q_DIRECTIVE","KEEP_Q_DIRECTIVE","Enjoy the show, VIP Patriot!","Enjoy the show, VIP Patriot!","Enjoy the show, VIP Patriot!","Enjoy the show, VIP Patriot!","","","Q_AUTHORED_CURRENT_POST","Q_BODY","KEEP","canonical post body, no embedded-source evidence"
"3271#0","3271","KEEP_Q_DIRECTIVE","KEEP_Q_DIRECTIVE","Enjoy the show, VIP Patriot!","Enjoy the show, VIP Patriot!","Enjoy the show, VIP Patriot!","Enjoy the show, VIP Patriot!","","","Q_AUTHORED_CURRENT_POST","Q_BODY","KEEP","canonical post body, no embedded-source evidence"
"3272#0","3272","KEEP_Q_DIRECTIVE","KEEP_Q_DIRECTIVE","Enjoy the show, VIP Patriot!","Enjoy the show, VIP Patriot!","Enjoy the show, VIP Patriot!","Enjoy the show, VIP Patriot!","","","Q_AUTHORED_CURRENT_POST","Q_BODY","KEEP","canonical post body, no embedded-source evidence"
"3273#0","3273","KEEP_Q_DIRECTIVE","KEEP_Q_DIRECTIVE","Enjoy the show, VIP Patriot!","Enjoy the show, VIP Patriot!","Enjoy the show, VIP Patriot!","Enjoy the show, VIP Patriot!","","","Q_AUTHORED_CURRENT_POST","Q_BODY","KEEP","canonical post body, no embedded-source evidence"
"3274#0","3274","KEEP_Q_DIRECTIVE","KEEP_Q_DIRECTIVE","Enjoy the show, VIP Patriot!","Enjoy the show, VIP Patriot!","Enjoy the show, VIP Patriot!","Enjoy the show, VIP Patriot!","","","Q_AUTHORED_CURRENT_POST","Q_BODY","KEEP","canonical post body, no embedded-source evidence"
"3280#0","3280","KEEP_Q_DIRECTIVE","KEEP_Q_DIRECTIVE","Enjoy the show, VIP Patriot!","Enjoy the show, VIP Patriot!","Enjoy the show, VIP Patriot!","Enjoy the show, VIP Patriot!","","","Q_AUTHORED_CURRENT_POST","Q_BODY","KEEP","canonical post body, no embedded-source evidence"
"3283#0","3283","KEEP_Q_DIRECTIVE","KEEP_Q_DIRECTIVE","Enjoy the show, VIP Patriot!","Enjoy the show, VIP Patriot!","Enjoy the show, VIP Patriot!","Enjoy the show, VIP Patriot!","","","Q_AUTHORED_CURRENT_POST","Q_BODY","KEEP","canonical post body, no embedded-source evidence"
"329#0","329","KEEP_Q_DIRECTIVE","KEEP_Q_DIRECTIVE","Follow the wives.","Follow the wives.","Follow the wives.","Follow the wives.","","","Q_AUTHORED_CURRENT_POST","Q_BODY","KEEP","canonical post body, no embedded-source evidence"
"3299#0","3299","KEEP_Q_DIRECTIVE","KEEP_Q_DIRECTIVE","MAKE CA GREAT AGAIN!","MAKE CA GREAT AGAIN!","MAKE CA GREAT AGAIN!","MAKE CA GREAT AGAIN!","","","Q_AUTHORED_CURRENT_POST","Q_BODY","KEEP","canonical post body, no embedded-source evidence"
"33#0","33","KEEP_Q_DIRECTIVE","KEEP_Q_DIRECTIVE","Note few if any shills inside this thread.","Note few if any shills inside this thread.","Note few if any shills inside this thread.","Note few if any shills inside this thread.","","","Q_AUTHORED_CURRENT_POST","Q_BODY","KEEP","canonical post body, no embedded-source evidence"
"33#1","33","KEEP_Q_DIRECTIVE","KEEP_Q_DIRECTIVE","Take good care.","Take good care.","Take good care.","Take good care.","","","Q_AUTHORED_CURRENT_POST","Q_BODY","KEEP","canonical post body, no embedded-source evidence"
"33#2","33","REMOVE_BLESSING_OR_VALEDICTION","REMOVE_BLESSING_OR_VALEDICTION","God bless.","","God bless.","God bless.","","","Q_AUTHORED_CURRENT_POST","Q_BODY","REMOVE_FROM_DIRECTIVES","blessing or valediction, not a command"
"3303#0","3303","KEEP_Q_DIRECTIVE","KEEP_Q_DIRECTIVE","Eyes on.","Eyes on.","Eyes on.","Eyes on.","","","Q_AUTHORED_CURRENT_POST","Q_BODY","KEEP","canonical post body, no embedded-source evidence"
"3306#0","3306","KEEP_Q_DIRECTIVE","KEEP_Q_DIRECTIVE","Look for keywords to be repeated by many (controller & coordinated roll out).","Look for keywords to be repeated by many (controller & coordinated roll out).","Look for keywords to be repeated by many (controller & coordinated roll out).","Look for keywords to be repeated by many (controller & coordinated roll out).","","","Q_AUTHORED_CURRENT_POST","Q_BODY","KEEP","canonical post body, no embedded-source evidence"
"3307#0","3307","KEEP_Q_DIRECTIVE","KEEP_Q_DIRECTIVE","Define 'deflection'.","Define ‘deflection’.","Define ‘deflection’.","Define ‘deflection’.","","","Q_AUTHORED_CURRENT_POST","Q_BODY","KEEP","canonical post body, no embedded-source evidence"
"3308#0","3308","KEEP_Q_DIRECTIVE","KEEP_Q_DIRECTIVE","Disregard any spelling errors.","Disregard any spelling errors.","Disregard any spelling errors.","Disregard any spelling errors.","","","Q_AUTHORED_CURRENT_POST","Q_BODY","KEEP","canonical post body, no embedded-source evidence"
"3309#0","3309","KEEP_Q_DIRECTIVE","KEEP_Q_DIRECTIVE","Define 'Bait'.","Define ‘Bait’.","Define ‘Bait’.","Define ‘Bait’.","","","Q_AUTHORED_CURRENT_POST","Q_BODY","KEEP","canonical post body, no embedded-source evidence"
"3310#0","3310","KEEP_Q_DIRECTIVE","KEEP_Q_DIRECTIVE","Reconcile using logic.","Reconcile using logic.","Reconcile using logic.","Reconcile using logic.","","","Q_AUTHORED_CURRENT_POST","Q_BODY","KEEP","canonical post body, no embedded-source evidence"
"3310#1","3310","KEEP_Q_DIRECTIVE","KEEP_Q_DIRECTIVE","THINK FOR YOURSELF.","THINK FOR YOURSELF.","THINK FOR YOURSELF.","THINK FOR YOURSELF.","","","Q_AUTHORED_CURRENT_POST","Q_BODY","KEEP","canonical post body, no embedded-source evidence"
"3312#0","3312","KEEP_Q_DIRECTIVE","KEEP_Q_DIRECTIVE","Think BLOCKADE.","Think BLOCKADE.","Think BLOCKADE.","Think BLOCKADE.","","","Q_AUTHORED_CURRENT_POST","Q_BODY","KEEP","canonical post body, no embedded-source evidence"
"3317#0","3317","KEEP_Q_DIRECTIVE","KEEP_Q_DIRECTIVE","Listen very carefully to statements made by Joe D.","Listen very carefully to statements made by Joe D.","Listen very carefully to statements made by Joe D.","Listen very carefully to statements made by Joe D.","","","Q_AUTHORED_CURRENT_POST","Q_BODY","KEEP","canonical post body, no embedded-source evidence"
"332#0","332","KEEP_Q_DIRECTIVE","KEEP_Q_DIRECTIVE","Be prepared to lose access.","Be prepared to lose access.","Be prepared to lose access.","Be prepared to lose access.","","","Q_AUTHORED_CURRENT_POST","Q_BODY","KEEP","canonical post body, no embedded-source evidence"
"3322#0","3322","KEEP_Q_DIRECTIVE","KEEP_Q_DIRECTIVE","Stay tuned.","Stay tuned.","Stay tuned.","Stay tuned.","","","Q_AUTHORED_CURRENT_POST","Q_BODY","KEEP","canonical post body, no embedded-source evidence"
"3325#0","3325","KEEP_Q_DIRECTIVE","KEEP_Q_DIRECTIVE","Define 'Renegade'.","Define 'Renegade'.","Define 'Renegade'.","Define 'Renegade'.","","","Q_AUTHORED_CURRENT_POST","Q_BODY","KEEP","canonical post body, no embedded-source evidence"
"3326#0","3326","KEEP_Q_DIRECTIVE","KEEP_Q_DIRECTIVE","DRAIN THE [SWAMP].","DRAIN THE [SWAMP].","DRAIN THE [SWAMP].","DRAIN THE [SWAMP].","","","Q_AUTHORED_CURRENT_POST","Q_BODY","KEEP","canonical post body, no embedded-source evidence"
"3331#0","3331","KEEP_Q_DIRECTIVE","KEEP_Q_DIRECTIVE","Enjoy the show!","Enjoy the show!","Enjoy the show!","Enjoy the show!","","","Q_AUTHORED_CURRENT_POST","Q_BODY","KEEP","canonical post body, no embedded-source evidence"
"3333#0","3333","KEEP_Q_DIRECTIVE","KEEP_Q_DIRECTIVE","Eyes on.","Eyes on.","Eyes on.","Eyes on.","","","Q_AUTHORED_CURRENT_POST","Q_BODY","KEEP","canonical post body, no embedded-source evidence"
"3338#0","3338","KEEP_Q_DIRECTIVE","KEEP_Q_DIRECTIVE","Follow the watch.","Follow the watch.","Follow the watch.","Follow the watch.","","","Q_AUTHORED_CURRENT_POST","Q_BODY","KEEP","canonical post body, no embedded-source evidence"
"3350#0","3350","KEEP_Q_DIRECTIVE","KEEP_Q_DIRECTIVE","Be ready.","Be ready.","Be ready.","Be ready.","","","Q_AUTHORED_CURRENT_POST","Q_BODY","KEEP","canonical post body, no embedded-source evidence"
"336#0","336","KEEP_Q_DIRECTIVE","KEEP_Q_DIRECTIVE","Have faith.","Have faith.","have faith","have faith","","","Q_AUTHORED_CURRENT_POST","Q_BODY","KEEP","OWNER RULING R3: ""have faith"" is an imperative — an instruction to maintain confidence, belief or morale."
"3362#0","3362","KEEP_Q_DIRECTIVE","KEEP_Q_DIRECTIVE","Connect the dots.","Connect the dots.","Connect the dots.","Connect the dots.","","","Q_AUTHORED_CURRENT_POST","Q_BODY","KEEP","canonical post body, no embedded-source evidence"
"3366#0","3366","KEEP_Q_DIRECTIVE","KEEP_Q_DIRECTIVE","Connect the dots.","Connect the dots.","Connect the dots.","Connect the dots.","","","Q_AUTHORED_CURRENT_POST","Q_BODY","KEEP","canonical post body, no embedded-source evidence"
"337#0","337","KEEP_Q_DIRECTIVE","KEEP_Q_DIRECTIVE","Watch, confirm, and disseminate.","Watch, confirm, and disseminate.","Watch, confirm, and disseminate.","Watch, confirm, and disseminate.","","","Q_AUTHORED_CURRENT_POST","Q_BODY","KEEP","canonical post body, no embedded-source evidence"
"337#1","337","KEEP_Q_DIRECTIVE","KEEP_Q_DIRECTIVE","Have faith.","Have faith.","have faith","have faith","","","Q_AUTHORED_CURRENT_POST","Q_BODY","KEEP","OWNER RULING R3: ""have faith"" is an imperative — an instruction to maintain confidence, belief or morale."
"337#2","337","KEEP_Q_DIRECTIVE","KEEP_Q_DIRECTIVE","Patriots, rest assured we are in control.","Patriots, rest assured we are in control.","Patriots, rest assured we are in control.","Patriots, rest assured we are in control.","","","Q_AUTHORED_CURRENT_POST","Q_BODY","KEEP","canonical post body, no embedded-source evidence"
"337#3","337","KEEP_Q_DIRECTIVE","KEEP_Q_DIRECTIVE","Re-read crumbs re: slave grip the D's have on the black pop.","Re-read crumbs re: slave grip the D's have on the black pop.","Re-read crumbs re: slave grip the D's have on the black pop.","Re-read crumbs re: slave grip the D's have on the black pop.","","","Q_AUTHORED_CURRENT_POST","Q_BODY","KEEP","canonical post body, no embedded-source evidence"
"3371#0","3371","KEEP_Q_DIRECTIVE","KEEP_Q_DIRECTIVE","Sometimes you need to 'take one for the team publicly' before you are vindicated as a hero.","Sometimes you need to 'take one for the team publicly' before you are vindicated as a hero.","Sometimes you need to 'take one for the team publicly' before you are vindicated as a hero.","Sometimes you need to 'take one for the team publicly' before you are vindicated as a hero.","","","Q_AUTHORED_CURRENT_POST","Q_BODY","KEEP","canonical post body, no embedded-source evidence"
"3373#0","3373","KEEP_Q_DIRECTIVE","KEEP_Q_DIRECTIVE","Sleep well.","Sleep well.","Sleep well.","Sleep well.","","","Q_AUTHORED_CURRENT_POST","Q_BODY","KEEP","canonical post body, no embedded-source evidence"
"3381#0","3381","KEEP_Q_DIRECTIVE","KEEP_Q_DIRECTIVE",">Follow the Family",">Follow the Family",">Follow the Family",">Follow the Family","","","Q_AUTHORED_CURRENT_POST","Q_BODY","KEEP","greentext arrow with no matching quoted source — Q's own bullet"
"3381#1","3381","KEEP_Q_DIRECTIVE","KEEP_Q_DIRECTIVE","DRAIN THE SWAMP.","DRAIN THE SWAMP.","DRAIN THE SWAMP.","DRAIN THE SWAMP.","","","Q_AUTHORED_CURRENT_POST","Q_BODY","KEEP","canonical post body, no embedded-source evidence"
"3383#0","3383","REMOVE_QUOTED_OR_THIRD_PARTY","REMOVE_QUOTED_OR_THIRD_PARTY","Imagine what would happen, if, by law, every US Congressman/woman, US Senator, President etc. was by US law audited every 1-2 years by an independent agency.","","Imagine what would happen, if, by law, every US Congressman/woman, US Senator, President etc. was by US law audited every 1-2 years by an independent agency.","Imagine what would happen, if, by law, every US Congressman/woman, US Senator, President etc. was by US law audited every 1-2 years by an independent agency.","","","QUOTED_OR_EMBEDDED","QUOTED_THIRD_PARTY","REMOVE_FROM_DIRECTIVES","pasted passage directly beneath a source link or pointer"
"3383#1","3383","KEEP_Q_DIRECTIVE","KEEP_Q_DIRECTIVE","DRAIN THE SWAMP.","DRAIN THE SWAMP.","DRAIN THE SWAMP.","DRAIN THE SWAMP.","","","Q_AUTHORED_CURRENT_POST","Q_BODY","KEEP","canonical post body, no embedded-source evidence"
"3385#0","3385","KEEP_Q_DIRECTIVE","KEEP_Q_DIRECTIVE","Expect a lot more to become public (unsealing).","Expect a lot more to become public (unsealing).","Expect a lot more to become public (unsealing).","Expect a lot more to become public (unsealing).","","","Q_AUTHORED_CURRENT_POST","Q_BODY","KEEP","canonical post body, no embedded-source evidence"
"3387#0","3387","KEEP_Q_DIRECTIVE","KEEP_Q_DIRECTIVE","Listen very carefully (again).","Listen very carefully (again).","Listen very carefully (again).","Listen very carefully (again).","","","Q_AUTHORED_CURRENT_POST","Q_BODY","KEEP","canonical post body, no embedded-source evidence"
"3387#1","3387","KEEP_Q_DIRECTIVE","KEEP_Q_DIRECTIVE","Note past (2) years.","Note past (2) years.","Note past (2) years.","Note past (2) years.","","","Q_AUTHORED_CURRENT_POST","Q_BODY","KEEP","canonical post body, no embedded-source evidence"
"3387#2","3387","KEEP_Q_DIRECTIVE","KEEP_Q_DIRECTIVE","Note next (6) years.","Note next (6) years.","Note next (6) years.","Note next (6) years.","","","Q_AUTHORED_CURRENT_POST","Q_BODY","KEEP","canonical post body, no embedded-source evidence"
"3399#0","3399","KEEP_Q_DIRECTIVE","KEEP_Q_DIRECTIVE","Ask yourself, is this normal?","Ask yourself, is this normal?","Ask yourself, is this normal?","Ask yourself, is this normal?","","","Q_AUTHORED_CURRENT_POST","Q_BODY","KEEP","canonical post body, no embedded-source evidence"
"34#0","34","KEEP_Q_DIRECTIVE","KEEP_Q_DIRECTIVE","Rest assured, the safety and well-being of every man, woman, and child of this country is being exhausted in full.","Rest assured, the safety and well-being of every man, woman, and child of this country is being exhausted in full.","Rest assured","Rest assured","","","Q_AUTHORED_CURRENT_POST","Q_BODY","KEEP","""Rest assured,"" with the comma is the same imperative construction as #1613 and #51, here fronting a long reassurance clause."
"3401#0","3401","KEEP_Q_DIRECTIVE","KEEP_Q_DIRECTIVE","Note ""2013"" on the bottom.","Note ""2013"" on the bottom.","Note ""2013"" on the bottom.","Note ""2013"" on the bottom.","","","Q_AUTHORED_CURRENT_POST","Q_BODY","KEEP","canonical post body, no embedded-source evidence"
"3404#0","3404","KEEP_Q_DIRECTIVE","KEEP_Q_DIRECTIVE","Follow the date.","Follow the date.","Follow the date.","Follow the date.","","","Q_AUTHORED_CURRENT_POST","Q_BODY","KEEP","canonical post body, no embedded-source evidence"
"3409#0","3409","KEEP_Q_DIRECTIVE","KEEP_Q_DIRECTIVE","Trust yourself (always).","Trust yourself (always).","Trust yourself (always).","Trust yourself (always).","","","Q_AUTHORED_CURRENT_POST","Q_BODY","KEEP","canonical post body, no embedded-source evidence"
"341#0","341","KEEP_Q_DIRECTIVE","KEEP_Q_DIRECTIVE","Review the law.","Review the law.","Review the law.","Review the law.","","","Q_AUTHORED_CURRENT_POST","Q_BODY","KEEP","canonical post body, no embedded-source evidence"
"3417#0","3417","KEEP_Q_DIRECTIVE","KEEP_Q_DIRECTIVE","Find the bridge.","Find the bridge.","Find the bridge.","Find the bridge.","","","Q_AUTHORED_CURRENT_POST","Q_BODY","KEEP","canonical post body, no embedded-source evidence"
"3417#1","3417","KEEP_Q_DIRECTIVE","KEEP_Q_DIRECTIVE","Think Company.","Think Company.","Think Company.","Think Company.","","","Q_AUTHORED_CURRENT_POST","Q_BODY","KEEP","canonical post body, no embedded-source evidence"
"3417#2","3417","KEEP_Q_DIRECTIVE","KEEP_Q_DIRECTIVE","GO BACKWARDS.","GO BACKWARDS.","GO BACKWARDS.","GO BACKWARDS.","","","Q_AUTHORED_CURRENT_POST","Q_BODY","KEEP","canonical post body, no embedded-source evidence"
"3417#3","3417","KEEP_Q_DIRECTIVE","KEEP_Q_DIRECTIVE",">>>>>>>>WATCH NYC<<<<<<<<<",">>>>>>>>WATCH NYC<<<<<<<<<",">>>>>>>>WATCH NYC<<<<<<<<<",">>>>>>>>WATCH NYC<<<<<<<<<","","","Q_AUTHORED_CURRENT_POST","Q_BODY","KEEP","canonical post body, no embedded-source evidence"
"3418#0","3418","KEEP_Q_DIRECTIVE","KEEP_Q_DIRECTIVE","Watch CA.","Watch CA.","Watch CA.","Watch CA.","","","Q_AUTHORED_CURRENT_POST","Q_BODY","KEEP","canonical post body, no embedded-source evidence"
"3428#0","3428","KEEP_Q_DIRECTIVE","KEEP_Q_DIRECTIVE","Follow the Family.","Follow the Family.","Follow the Family.","Follow the Family.","","","Q_AUTHORED_CURRENT_POST","Q_BODY","KEEP","canonical post body, no embedded-source evidence"
"3428#1","3428","KEEP_Q_DIRECTIVE","KEEP_Q_DIRECTIVE","Open source.","Open source.","Open source.","Open source.","","","Q_AUTHORED_CURRENT_POST","Q_BODY","KEEP","canonical post body, no embedded-source evidence"
"3428#2","3428","KEEP_Q_DIRECTIVE","KEEP_Q_DIRECTIVE","Find [4] http://www.zimbio.com/photos/Ghislaine+Maxwell/2014+ETM+Children+Benefit+Gala/Vl0uC7GgK_w","Find [4] http://www.zimbio.com/photos/Ghislaine+Maxwell/2014+ETM+Children+Benefit+Gala/Vl0uC7GgK_w","Find [4]","Find [4]","","","Q_AUTHORED_CURRENT_POST","Q_BODY","KEEP","canonical post body, no embedded-source evidence"
"3428#3","3428","KEEP_Q_DIRECTIVE","KEEP_Q_DIRECTIVE","Find [4]","Find [4]","Find [4]","Find [4]","","","Q_AUTHORED_CURRENT_POST","Q_BODY","KEEP","canonical post body, no embedded-source evidence"
"3429#0","3429","KEEP_Q_DIRECTIVE","KEEP_Q_DIRECTIVE","Reconcile.","Reconcile.","Reconcile.","Reconcile.","","","Q_AUTHORED_CURRENT_POST","Q_BODY","KEEP","canonical post body, no embedded-source evidence"
"3431#0","3431","KEEP_Q_DIRECTIVE","KEEP_Q_DIRECTIVE","Think LdR.","Think LdR.","Think LdR.","Think LdR.","","","Q_AUTHORED_CURRENT_POST","Q_BODY","KEEP","canonical post body, no embedded-source evidence"
"3431#1","3431","KEEP_Q_DIRECTIVE","KEEP_Q_DIRECTIVE","Think Epstein.","Think Epstein.","Think Epstein.","Think Epstein.","","","Q_AUTHORED_CURRENT_POST","Q_BODY","KEEP","canonical post body, no embedded-source evidence"
"3431#2","3431","KEEP_Q_DIRECTIVE","KEEP_Q_DIRECTIVE","Think…….","Think…….","Think…….","Think…….","","","Q_AUTHORED_CURRENT_POST","Q_BODY","KEEP","canonical post body, no embedded-source evidence"
"3431#3","3431","KEEP_Q_DIRECTIVE","KEEP_Q_DIRECTIVE","Think Gloria V.","Think Gloria V.","Think Gloria V.","Think Gloria V.","","","Q_AUTHORED_CURRENT_POST","Q_BODY","KEEP","canonical post body, no embedded-source evidence"
"3433#0","3433","KEEP_Q_DIRECTIVE","KEEP_Q_DIRECTIVE","Think size & scope of continual MSM attack(s).","Think size & scope of continual MSM attack(s).","Think size & scope of continual MSM attack(s).","Think size & scope of continual MSM attack(s).","","","Q_AUTHORED_CURRENT_POST","Q_BODY","KEEP","canonical post body, no embedded-source evidence"
"3435#0","3435","KEEP_Q_DIRECTIVE","KEEP_Q_DIRECTIVE","Watch the news.","Watch the news.","Watch the news.","Watch the news.","","","Q_AUTHORED_CURRENT_POST","Q_BODY","KEEP","canonical post body, no embedded-source evidence"
"3436#0","3436","KEEP_Q_DIRECTIVE","KEEP_Q_DIRECTIVE","Define 'Projection'.","Define 'Projection'.","Define 'Projection'.","Define 'Projection'.","","","Q_AUTHORED_CURRENT_POST","Q_BODY","KEEP","canonical post body, no embedded-source evidence"
"3437#0","3437","KEEP_Q_DIRECTIVE","KEEP_Q_DIRECTIVE","Think for yourself.","Think for yourself.","Think for yourself.","Think for yourself.","","","Q_AUTHORED_CURRENT_POST","Q_BODY","KEEP","canonical post body, no embedded-source evidence"
"3437#1","3437","KEEP_Q_DIRECTIVE","KEEP_Q_DIRECTIVE","SEE truth.","SEE truth.","SEE truth.","SEE truth.","","","Q_AUTHORED_CURRENT_POST","Q_BODY","KEEP","canonical post body, no embedded-source evidence"
"344#0","344","KEEP_Q_DIRECTIVE","KEEP_Q_DIRECTIVE","Focus on papers on table.","Focus on papers on table.","Focus on papers on table.","Focus on papers on table.","","","Q_AUTHORED_CURRENT_POST","Q_BODY","KEEP","canonical post body, no embedded-source evidence"
"345#0","345","KEEP_Q_DIRECTIVE","KEEP_Q_DIRECTIVE","Archive - watchers will now erase from web.","Archive - watchers will now erase from web.","Archive - watchers will now erase from web.","Archive - watchers will now erase from web.","","","Q_AUTHORED_CURRENT_POST","Q_BODY","KEEP","canonical post body, no embedded-source evidence"
"345#1","345","KEEP_Q_DIRECTIVE","KEEP_Q_DIRECTIVE","Enhance.","Enhance.","Enhance.","Enhance.","","","Q_AUTHORED_CURRENT_POST","Q_BODY","KEEP","canonical post body, no embedded-source evidence"
"3453#0","3453","KEEP_Q_DIRECTIVE","KEEP_Q_DIRECTIVE","Note the date of the post - Nov 2017.","Note the date of the post - Nov 2017.","Note the date of the post - Nov 2017.","Note the date of the post - Nov 2017.","","","Q_AUTHORED_CURRENT_POST","Q_BODY","KEEP","canonical post body, no embedded-source evidence"
"3453#1","3453","KEEP_Q_DIRECTIVE","KEEP_Q_DIRECTIVE","Note events happening today.","Note events happening today.","Note events happening today.","Note events happening today.","","","Q_AUTHORED_CURRENT_POST","Q_BODY","KEEP","canonical post body, no embedded-source evidence"
"3453#2","3453","KEEP_Q_DIRECTIVE","KEEP_Q_DIRECTIVE","Reconcile.","Reconcile.","Reconcile.","Reconcile.","","","Q_AUTHORED_CURRENT_POST","Q_BODY","KEEP","canonical post body, no embedded-source evidence"
"3454#0","3454","KEEP_Q_DIRECTIVE","KEEP_Q_DIRECTIVE","Think for yourself.","Think for yourself.","Think for yourself.","Think for yourself.","","","Q_AUTHORED_CURRENT_POST","Q_BODY","KEEP","canonical post body, no embedded-source evidence"
"3455#0","3455","KEEP_Q_DIRECTIVE","KEEP_Q_DIRECTIVE","Reconcile.","Reconcile.","Reconcile.","Reconcile.","","","Q_AUTHORED_CURRENT_POST","Q_BODY","KEEP","canonical post body, no embedded-source evidence"
"3459#0","3459","KEEP_Q_DIRECTIVE","KEEP_Q_DIRECTIVE","Ask yourself a very simple Q - why?","Ask yourself a very simple Q - why?","Ask yourself a very simple Q - why?","Ask yourself a very simple Q - why?","","","Q_AUTHORED_CURRENT_POST","Q_BODY","KEEP","canonical post body, no embedded-source evidence"
"346#0","346","REMOVE_BLESSING_OR_VALEDICTION","REMOVE_BLESSING_OR_VALEDICTION","Godspeed, Patriots.","","Godspeed, Patriots.","Godspeed, Patriots.","","","Q_AUTHORED_CURRENT_POST","Q_BODY","REMOVE_FROM_DIRECTIVES","blessing or valediction, not a command"
"3466#0","3466","KEEP_Q_DIRECTIVE","KEEP_Q_DIRECTIVE","Enjoy the show!","Enjoy the show!","Enjoy the show!","Enjoy the show!","","","Q_AUTHORED_CURRENT_POST","Q_BODY","KEEP","canonical post body, no embedded-source evidence"
"3488#0","3488","KEEP_Q_DIRECTIVE","KEEP_Q_DIRECTIVE","Analyze carefully.","Analyze carefully.","Analyze carefully.","Analyze carefully.","","","Q_AUTHORED_CURRENT_POST","Q_BODY","KEEP","canonical post body, no embedded-source evidence"
"349#0","349","REMOVE_BLESSING_OR_VALEDICTION","REMOVE_BLESSING_OR_VALEDICTION","God bless, Q","","God bless,","God bless,","","","Q_AUTHORED_CURRENT_POST","Q_BODY","REMOVE_FROM_DIRECTIVES","blessing/valediction, Q signature cut into its own span (rule 7)"
"3490#0","3490","KEEP_Q_DIRECTIVE","KEEP_Q_DIRECTIVE","Archive and save.","Archive and save.","Archive and save.","Archive and save.","","","Q_AUTHORED_CURRENT_POST","Q_BODY","KEEP","canonical post body, no embedded-source evidence"
"3491#0","3491","KEEP_Q_DIRECTIVE","KEEP_Q_DIRECTIVE","Eyes on.","Eyes on.","Eyes on.","Eyes on.","","","Q_AUTHORED_CURRENT_POST","Q_BODY","KEEP","canonical post body, no embedded-source evidence"
"3494#0","3494","KEEP_Q_DIRECTIVE","KEEP_Q_DIRECTIVE","Expand your thinking.","Expand your thinking.","Expand your thinking.","Expand your thinking.","","","Q_AUTHORED_CURRENT_POST","Q_BODY","KEEP","canonical post body, no embedded-source evidence"
"35#0","35","KEEP_Q_DIRECTIVE","KEEP_Q_DIRECTIVE","Follow the questions from the previous thread(s) and remain calm, the primary targets are within DC and remain at the top (on both sides).","Follow the questions from the previous thread(s) and remain calm, the primary targets are within DC and remain at the top (on both sides).","Follow the questions from the previous thread(s) and remain calm, the primary targets are within DC and remain at the top (on both sides).","Follow the questions from the previous thread(s) and remain calm, the primary targets are within DC and remain at the top (on both sides).","","","Q_AUTHORED_CURRENT_POST","Q_BODY","KEEP","canonical post body, no embedded-source evidence"
"35#1","35","KEEP_Q_DIRECTIVE","KEEP_Q_DIRECTIVE","Look for more false flags – stay alert, be vigilant, and above all, please pray.","Look for more false flags – stay alert, be vigilant, and above all, please pray.","Look for more false flags – stay alert, be vigilant, and above all, please pray.","Look for more false flags – stay alert, be vigilant, and above all, please pray.","","","Q_AUTHORED_CURRENT_POST","Q_BODY","KEEP","canonical post body, no embedded-source evidence"
"35#2","35","REMOVE_BLESSING_OR_VALEDICTION","REMOVE_BLESSING_OR_VALEDICTION","God bless my fellow Americans.","","God bless my fellow Americans.","God bless my fellow Americans.","","","Q_AUTHORED_CURRENT_POST","Q_BODY","REMOVE_FROM_DIRECTIVES","blessing or valediction, not a command"
"35#3","35","KEEP_Q_DIRECTIVE","KEEP_Q_DIRECTIVE","It is time to take back our country and make America great again.","It is time to take back our country and make America great again.","It is time to take back our country and make America great again.","It is time to take back our country and make America great again.","","","Q_AUTHORED_CURRENT_POST","Q_BODY","KEEP","canonical post body, no embedded-source evidence"
"35#4","35","KEEP_DIRECTIVE_AND_RELIGIOUS_THEME","KEEP_DIRECTIVE_AND_RELIGIOUS_THEME","Let us salute and pray for the brave men and women in uniform who will undertake this assignment to bring forth peace, unity, and return power to the people.","Let us salute and pray for the brave men and women in uniform who will undertake this assignment to bring forth peace, unity, and return power to the people.","Let us salute and pray for the brave men and women in uniform who will undertake this assignment to bring forth peace, unity, and return power to the people.","Let us salute and pray for the brave men and women in uniform who will undertake this assignment to bring forth peace, unity, and return power to the people.","","Religion & Spirituality","Q_AUTHORED_CURRENT_POST","Q_BODY","KEEP","canonical post body, no embedded-source evidence"
"350#0","350","KEEP_Q_DIRECTIVE","KEEP_Q_DIRECTIVE","Find the spider(s) and build the web (the 'map').","Find the spider(s) and build the web (the ‘map’).","Find the spider(s) and build the web (the ‘map’).","Find the spider(s) and build the web (the ‘map’).","","","Q_AUTHORED_CURRENT_POST","Q_BODY","KEEP","canonical post body, no embedded-source evidence"
"350#1","350","KEEP_Q_DIRECTIVE","KEEP_Q_DIRECTIVE","Remember, they consider you to be the fly (specifically, the 'feeder').","Remember, they consider you to be the fly (specifically, the ‘feeder’).","Remember, they consider you to be the fly (specifically, the ‘feeder’).","Remember, they consider you to be the fly (specifically, the ‘feeder’).","","","Q_AUTHORED_CURRENT_POST","Q_BODY","KEEP","canonical post body, no embedded-source evidence"
"350#2","350","KEEP_Q_DIRECTIVE","KEEP_Q_DIRECTIVE","Remember, they never thought she was going to lose.","Remember, they never thought she was going to lose.","Remember, they never thought she was going to lose.","Remember, they never thought she was going to lose.","","","Q_AUTHORED_CURRENT_POST","Q_BODY","KEEP","canonical post body, no embedded-source evidence"
"350#3","350","KEEP_Q_DIRECTIVE","KEEP_Q_DIRECTIVE","Follow the husbands.","Follow the husbands.","Follow the husbands.","Follow the husbands.","","","Q_AUTHORED_CURRENT_POST","Q_BODY","KEEP","canonical post body, no embedded-source evidence"
"3501#0","3501","KEEP_Q_DIRECTIVE","KEEP_Q_DIRECTIVE","Define 'False Flag'.","Define 'False Flag'.","Define 'False Flag'.","Define 'False Flag'.","","","Q_AUTHORED_CURRENT_POST","Q_BODY","KEEP","canonical post body, no embedded-source evidence"
"3503#0","3503","REMOVE_BLESSING_OR_VALEDICTION","REMOVE_BLESSING_OR_VALEDICTION","God bless and thank you.","","God bless and thank you.","God bless and thank you.","","","Q_AUTHORED_CURRENT_POST","Q_BODY","REMOVE_FROM_DIRECTIVES","blessing or valediction, not a command"
"3507#0","3507","KEEP_Q_DIRECTIVE","KEEP_Q_DIRECTIVE","Think for yourself.","Think for yourself.","Think for yourself.","Think for yourself.","","","Q_AUTHORED_CURRENT_POST","Q_BODY","KEEP","canonical post body, no embedded-source evidence"
"351#0","351","REMOVE_BLESSING_OR_VALEDICTION","REMOVE_BLESSING_OR_VALEDICTION","Godspeed, Patriots.","","Godspeed, Patriots.","Godspeed, Patriots.","","","Q_AUTHORED_CURRENT_POST","Q_BODY","REMOVE_FROM_DIRECTIVES","blessing or valediction, not a command"
"3514#0","3514","KEEP_Q_DIRECTIVE","KEEP_Q_DIRECTIVE","Stay awake.","Stay awake.","Stay awake.","Stay awake.","","","Q_AUTHORED_CURRENT_POST","Q_BODY","KEEP","canonical post body, no embedded-source evidence"
"3518#0","3518","KEEP_Q_DIRECTIVE","KEEP_Q_DIRECTIVE","Ask yourself a very simple Q -","Ask yourself a very simple Q -","Ask yourself a very simple Q -","Ask yourself a very simple Q -","","","Q_AUTHORED_CURRENT_POST","Q_BODY","KEEP","canonical post body, no embedded-source evidence"
"3524#0","3524","KEEP_Q_DIRECTIVE","KEEP_Q_DIRECTIVE","Pause, re-read above.","Pause, re-read above.","Pause, re-read above.","Pause, re-read above.","","","Q_AUTHORED_CURRENT_POST","Q_BODY","KEEP","canonical post body, no embedded-source evidence"
"3524#1","3524","KEEP_Q_DIRECTIVE","KEEP_Q_DIRECTIVE","Pause, re-read above (again).","Pause, re-read above (again).","Pause, re-read above (again).","Pause, re-read above (again).","","","Q_AUTHORED_CURRENT_POST","Q_BODY","KEEP","canonical post body, no embedded-source evidence"
"3528#0","3528","KEEP_Q_DIRECTIVE","KEEP_Q_DIRECTIVE","DRAIN THE SWAMP!","DRAIN THE SWAMP!","DRAIN THE SWAMP!","DRAIN THE SWAMP!","","","Q_AUTHORED_CURRENT_POST","Q_BODY","KEEP","canonical post body, no embedded-source evidence"
"353#0","353","REMOVE_BLESSING_OR_VALEDICTION","REMOVE_BLESSING_OR_VALEDICTION","Godspeed, Q","","Godspeed,","Godspeed,","","","Q_AUTHORED_CURRENT_POST","Q_BODY","REMOVE_FROM_DIRECTIVES","blessing/valediction, Q signature cut into its own span (rule 7)"
"3530#0","3530","KEEP_Q_DIRECTIVE","KEEP_Q_DIRECTIVE","Follow the money.","Follow the money.","Follow the money.","Follow the money.","","","Q_AUTHORED_CURRENT_POST","Q_BODY","KEEP","canonical post body, no embedded-source evidence"
"3530#1","3530","KEEP_Q_DIRECTIVE","KEEP_Q_DIRECTIVE","Follow the family.","Follow the family.","Follow the family.","Follow the family.","","","Q_AUTHORED_CURRENT_POST","Q_BODY","KEEP","canonical post body, no embedded-source evidence"
"3533#0","3533","KEEP_Q_DIRECTIVE","KEEP_Q_DIRECTIVE","Think 2020.","Think 2020.","Think 2020.","Think 2020.","","","Q_AUTHORED_CURRENT_POST","Q_BODY","KEEP","canonical post body, no embedded-source evidence"
"3539#0","3539","KEEP_Q_DIRECTIVE","KEEP_Q_DIRECTIVE","Enjoy the show.","Enjoy the show.","Enjoy the show.","Enjoy the show.","","","Q_AUTHORED_CURRENT_POST","Q_BODY","KEEP","canonical post body, no embedded-source evidence"
"354#0","354","KEEP_Q_DIRECTIVE","KEEP_Q_DIRECTIVE","Find the spider(s) and build the web (the 'map').","Find the spider(s) and build the web (the ‘map’).","Find the spider(s) and build the web (the ‘map’).","Find the spider(s) and build the web (the ‘map’).","","","Q_AUTHORED_CURRENT_POST","Q_BODY","KEEP","canonical post body, no embedded-source evidence"
"354#1","354","KEEP_Q_DIRECTIVE","KEEP_Q_DIRECTIVE","Remember, they consider you to be the fly (specifically, the 'feeder').","Remember, they consider you to be the fly (specifically, the ‘feeder’).","Remember, they consider you to be the fly (specifically, the ‘feeder’).","Remember, they consider you to be the fly (specifically, the ‘feeder’).","","","Q_AUTHORED_CURRENT_POST","Q_BODY","KEEP","canonical post body, no embedded-source evidence"
"354#2","354","KEEP_Q_DIRECTIVE","KEEP_Q_DIRECTIVE","Remember, they never thought she was going to lose.","Remember, they never thought she was going to lose.","Remember, they never thought she was going to lose.","Remember, they never thought she was going to lose.","","","Q_AUTHORED_CURRENT_POST","Q_BODY","KEEP","canonical post body, no embedded-source evidence"
"354#3","354","KEEP_Q_DIRECTIVE","KEEP_Q_DIRECTIVE","Follow the husbands.","Follow the husbands.","Follow the husbands.","Follow the husbands.","","","Q_AUTHORED_CURRENT_POST","Q_BODY","KEEP","canonical post body, no embedded-source evidence"
"3540#0","3540","KEEP_Q_DIRECTIVE","KEEP_Q_DIRECTIVE","Ask yourself a simple Q - why?","Ask yourself a simple Q - why?","Ask yourself a simple Q - why?","Ask yourself a simple Q - why?","","","Q_AUTHORED_CURRENT_POST","Q_BODY","KEEP","canonical post body, no embedded-source evidence"
"3553#0","3553","KEEP_Q_DIRECTIVE","KEEP_Q_DIRECTIVE","Re-read past drops re: VOTER ID.","Re-read past drops re: VOTER ID.","Re-read past drops re: VOTER ID.","Re-read past drops re: VOTER ID.","","","Q_AUTHORED_CURRENT_POST","Q_BODY","KEEP","canonical post body, no embedded-source evidence"
"3556#0","3556","KEEP_Q_DIRECTIVE","KEEP_Q_DIRECTIVE","Prepare for 'VOTER ID = voter suppression of minority vote'.","Prepare for 'VOTER ID = voter suppression of minority vote'.","Prepare for 'VOTER ID = voter suppression of minority vote'.","Prepare for 'VOTER ID = voter suppression of minority vote'.","","","Q_AUTHORED_CURRENT_POST","Q_BODY","KEEP","canonical post body, no embedded-source evidence"
"3559#0","3559","KEEP_Q_DIRECTIVE","KEEP_Q_DIRECTIVE","Watch the news this week.","Watch the news this week.","Watch the news this week.","Watch the news this week.","","","Q_AUTHORED_CURRENT_POST","Q_BODY","KEEP","canonical post body, no embedded-source evidence"
"3567#0","3567","KEEP_Q_DIRECTIVE","KEEP_Q_DIRECTIVE","See Guardian article.","See Guardian article.","See Guardian article.","See Guardian article.","","","Q_AUTHORED_CURRENT_POST","Q_BODY","KEEP","canonical post body, no embedded-source evidence"
"3568#0","3568","KEEP_Q_DIRECTIVE","KEEP_Q_DIRECTIVE","Be vigilant.","Be vigilant.","Be vigilant.","Be vigilant.","","","Q_AUTHORED_CURRENT_POST","Q_BODY","KEEP","canonical post body, no embedded-source evidence"
"3568#1","3568","KEEP_Q_DIRECTIVE","KEEP_Q_DIRECTIVE","See something.","See something.","See something.","See something.","","","Q_AUTHORED_CURRENT_POST","Q_BODY","KEEP","canonical post body, no embedded-source evidence"
"3568#2","3568","KEEP_Q_DIRECTIVE","KEEP_Q_DIRECTIVE","Say something.","Say something.","Say something.","Say something.","","","Q_AUTHORED_CURRENT_POST","Q_BODY","KEEP","canonical post body, no embedded-source evidence"
"3568#3","3568","KEEP_Q_DIRECTIVE","KEEP_Q_DIRECTIVE","Know your surroundings at all times.","Know your surroundings at all times.","Know your surroundings at all times.","Know your surroundings at all times.","","","Q_AUTHORED_CURRENT_POST","Q_BODY","KEEP","canonical post body, no embedded-source evidence"
"3581#0","3581","KEEP_Q_DIRECTIVE","KEEP_Q_DIRECTIVE","Be ready, Patriots.","Be ready, Patriots.","Be ready, Patriots.","Be ready, Patriots.","","","Q_AUTHORED_CURRENT_POST","Q_BODY","KEEP","canonical post body, no embedded-source evidence"
"3582#0","3582","KEEP_Q_DIRECTIVE","KEEP_Q_DIRECTIVE","Ask yourself, why?","Ask yourself, why?","Ask yourself, why?","Ask yourself, why?","","","Q_AUTHORED_CURRENT_POST","Q_BODY","KEEP","canonical post body, no embedded-source evidence"
"3586#0","3586","KEEP_Q_DIRECTIVE","KEEP_Q_DIRECTIVE","Define 'black op' [clandestine]","Define ‘black op’ [clandestine]","Define ‘black op’ [clandestine]","Define ‘black op’ [clandestine]","","","Q_AUTHORED_CURRENT_POST","Q_BODY","KEEP","canonical post body, no embedded-source evidence"
"3586#1","3586","KEEP_Q_DIRECTIVE","KEEP_Q_DIRECTIVE","Define 'black op' [clandestine]","Define ‘black op’ [clandestine]","Define ‘black op’ [clandestine]","Define ‘black op’ [clandestine]","","","Q_AUTHORED_CURRENT_POST","Q_BODY","KEEP","canonical post body, no embedded-source evidence"
"3588#0","3588","KEEP_Q_DIRECTIVE","KEEP_Q_DIRECTIVE","Ask yourself a very basic question – would the FAKE NEWS complex [NYT, WASHPOST, NBC, ABC, BBC, ………………………………………………………….] attack us if we weren't a 'real' threat?","Ask yourself a very basic question – would the FAKE NEWS complex [NYT, WASHPOST, NBC, ABC, BBC, ………………………………………………………….] attack us if we weren’t a ‘real’ threat?","Ask yourself a very basic question – would the FAKE NEWS complex [NYT, WASHPOST, NBC, ABC, BBC, ………………………………………………………….] attack us if we weren’t a ‘real’ threat?","Ask yourself a very basic question – would the FAKE NEWS complex [NYT, WASHPOST, NBC, ABC, BBC, ………………………………………………………….] attack us if we weren’t a ‘real’ threat?","","","Q_AUTHORED_CURRENT_POST","Q_BODY","KEEP","long sentence inside a drop whose dominant register is Q — prose shape alone is not a quotation"
"3588#1","3588","KEEP_Q_DIRECTIVE","KEEP_Q_DIRECTIVE","Ask yourself a very basic question – why is the 'forum' where [drops] are made under constant attack?","Ask yourself a very basic question – why is the ‘forum’ where [drops] are made under constant attack?","Ask yourself a very basic question – why is the ‘forum’ where [drops] are made under constant attack?","Ask yourself a very basic question – why is the ‘forum’ where [drops] are made under constant attack?","","","Q_AUTHORED_CURRENT_POST","Q_BODY","KEEP","long sentence inside a drop whose dominant register is Q — prose shape alone is not a quotation"
"3588#2","3588","KEEP_Q_DIRECTIVE","KEEP_Q_DIRECTIVE","Trust yourself.","Trust yourself.","Trust yourself.","Trust yourself.","","","Q_AUTHORED_CURRENT_POST","Q_BODY","KEEP","canonical post body, no embedded-source evidence"
"3588#3","3588","KEEP_Q_DIRECTIVE","KEEP_Q_DIRECTIVE","RETURN POWER TO THE PEOPLE.","RETURN POWER TO THE PEOPLE.","RETURN POWER TO THE PEOPLE.","RETURN POWER TO THE PEOPLE.","","","Q_AUTHORED_CURRENT_POST","Q_BODY","KEEP","canonical post body, no embedded-source evidence"
"3588#4","3588","KEEP_Q_DIRECTIVE","KEEP_Q_DIRECTIVE","Be free in your thoughts.","Be free in your thoughts.","Be free in your thoughts.","Be free in your thoughts.","","","Q_AUTHORED_CURRENT_POST","Q_BODY","KEEP","canonical post body, no embedded-source evidence"
"3590#0","3590","KEEP_Q_DIRECTIVE","KEEP_Q_DIRECTIVE","Read carefully.","Read carefully.","Read carefully.","Read carefully.","","","Q_AUTHORED_CURRENT_POST","Q_BODY","KEEP","canonical post body, no embedded-source evidence"
"3590#1","3590","KEEP_Q_DIRECTIVE","KEEP_Q_DIRECTIVE","Re-read carefully.","Re-read carefully.","Re-read carefully.","Re-read carefully.","","","Q_AUTHORED_CURRENT_POST","Q_BODY","KEEP","canonical post body, no embedded-source evidence"
"3590#2","3590","KEEP_Q_DIRECTIVE","KEEP_Q_DIRECTIVE","Re-read drops re: Spy_insert.","Re-read drops re: Spy_insert.","Re-read drops re: Spy_insert.","Re-read drops re: Spy_insert.","","","Q_AUTHORED_CURRENT_POST","Q_BODY","KEEP","canonical post body, no embedded-source evidence"
"3591#0","3591","KEEP_Q_DIRECTIVE","KEEP_Q_DIRECTIVE","Follow the family.","Follow the family.","Follow the family.","Follow the family.","","","Q_AUTHORED_CURRENT_POST","Q_BODY","KEEP","canonical post body, no embedded-source evidence"
"3592#0","3592","KEEP_Q_DIRECTIVE","KEEP_Q_DIRECTIVE","Follow the family.","Follow the family.","Follow the family.","Follow the family.","","","Q_AUTHORED_CURRENT_POST","Q_BODY","KEEP","canonical post body, no embedded-source evidence"
"3593#0","3593","REMOVE_QUOTED_SCRIPTURE","REMOVE_QUOTED_SCRIPTURE","Put on the full armor of God, so that you can take your stand against the devil's schemes.","","Put on the full armor of God, so that you can take your stand against the devil’s schemes.","Put on the full armor of God, so that you can take your stand against the devil’s schemes.","","","QUOTED_OR_EMBEDDED","QUOTED_SCRIPTURE","REMOVE_FROM_DIRECTIVES","reproduced scripture"
"3593#1","3593","REMOVE_QUOTED_SCRIPTURE","REMOVE_QUOTED_SCRIPTURE","Stand firm then, with the belt of truth buckled around your waist, with the breastplate of righteousness in place, and with your feet fitted with the readiness that comes from the gospel of peace.","","Stand firm then, with the belt of truth buckled around your waist, with the breastplate of righteousness in place, and with your feet fitted with the readiness that comes from the gospel of peace.","Stand firm then, with the belt of truth buckled around your waist, with the breastplate of righteousness in place, and with your feet fitted with the readiness that comes from the gospel of peace.","","","QUOTED_OR_EMBEDDED","QUOTED_SCRIPTURE","REMOVE_FROM_DIRECTIVES","reproduced scripture"
"3593#2","3593","REMOVE_QUOTED_SCRIPTURE","REMOVE_QUOTED_SCRIPTURE","Take the helmet of salvation and the sword of the Spirit, which is the word of God.","","Take the helmet of salvation and the sword of the Spirit, which is the word of God.","Take the helmet of salvation and the sword of the Spirit, which is the word of God.","","","QUOTED_OR_EMBEDDED","QUOTED_SCRIPTURE","REMOVE_FROM_DIRECTIVES","reproduced scripture"
"3593#3","3593","KEEP_Q_DIRECTIVE","KEEP_Q_DIRECTIVE","Prepare.","Prepare.","Prepare.","Prepare.","","","Q_AUTHORED_CURRENT_POST","Q_BODY","KEEP","canonical post body, no embedded-source evidence"
"3594#0","3594","REMOVE_QUOTED_SCRIPTURE","REMOVE_QUOTED_SCRIPTURE","Put on the full armor of God, so that you can take your stand against the devil's schemes.","","Put on the full armor of God, so that you can take your stand against the devil’s schemes.","Put on the full armor of God, so that you can take your stand against the devil’s schemes.","","","QUOTED_OR_EMBEDDED","QUOTED_SCRIPTURE","REMOVE_FROM_DIRECTIVES","reproduced scripture"
"3594#1","3594","REMOVE_QUOTED_SCRIPTURE","REMOVE_QUOTED_SCRIPTURE","Stand firm then, with the belt of truth buckled around your waist, with the breastplate of righteousness in place, and with your feet fitted with the readiness that comes from the gospel of peace.","","Stand firm then, with the belt of truth buckled around your waist, with the breastplate of righteousness in place, and with your feet fitted with the readiness that comes from the gospel of peace.","Stand firm then, with the belt of truth buckled around your waist, with the breastplate of righteousness in place, and with your feet fitted with the readiness that comes from the gospel of peace.","","","QUOTED_OR_EMBEDDED","QUOTED_SCRIPTURE","REMOVE_FROM_DIRECTIVES","reproduced scripture"
"3594#2","3594","REMOVE_QUOTED_SCRIPTURE","REMOVE_QUOTED_SCRIPTURE","Take the helmet of salvation and the sword of the Spirit, which is the word of God.","","Take the helmet of salvation and the sword of the Spirit, which is the word of God.","Take the helmet of salvation and the sword of the Spirit, which is the word of God.","","","QUOTED_OR_EMBEDDED","QUOTED_SCRIPTURE","REMOVE_FROM_DIRECTIVES","reproduced scripture"
"3594#3","3594","KEEP_Q_DIRECTIVE","KEEP_Q_DIRECTIVE","Prepare.","Prepare.","Prepare.","Prepare.","","","Q_AUTHORED_CURRENT_POST","Q_BODY","KEEP","canonical post body, no embedded-source evidence"
"3596#0","3596","KEEP_Q_DIRECTIVE","KEEP_Q_DIRECTIVE","Enjoy the show!","Enjoy the show!","Enjoy the show!","Enjoy the show!","","","Q_AUTHORED_CURRENT_POST","Q_BODY","KEEP","canonical post body, no embedded-source evidence"
"3597#0","3597","KEEP_Q_DIRECTIVE","KEEP_Q_DIRECTIVE","Reconcile.","Reconcile.","Reconcile.","Reconcile.","","","Q_AUTHORED_CURRENT_POST","Q_BODY","KEEP","canonical post body, no embedded-source evidence"
"36#0","36","KEEP_Q_DIRECTIVE","KEEP_Q_DIRECTIVE","Focus on Flynn.","Focus on Flynn.","Focus on Flynn.","Focus on Flynn.","","","Q_AUTHORED_CURRENT_POST","Q_BODY","KEEP","canonical post body, no embedded-source evidence"
"36#1","36","KEEP_Q_DIRECTIVE","KEEP_Q_DIRECTIVE","Remember it was expected HRC was going to win during this time period.","Remember it was expected HRC was going to win during this time period.","Remember it was expected HRC was going to win during this time period.","Remember it was expected HRC was going to win during this time period.","","","Q_AUTHORED_CURRENT_POST","Q_BODY","KEEP","long sentence inside a drop whose dominant register is Q — prose shape alone is not a quotation"
"36#2","36","KEEP_Q_DIRECTIVE","KEEP_Q_DIRECTIVE","Dig deeper - missing critical points to paint the full picture.","Dig deeper - missing critical points to paint the full picture.","Dig deeper - missing critical points to paint the full picture.","Dig deeper - missing critical points to paint the full picture.","","","Q_AUTHORED_CURRENT_POST","Q_BODY","KEEP","canonical post body, no embedded-source evidence"
"36#3","36","KEEP_Q_DIRECTIVE","KEEP_Q_DIRECTIVE","Please be safe and pray for those in harms way as they continually protect and serve our great country.","Please be safe and pray for those in harms way as they continually protect and serve our great country.","Please be safe and pray for those in harms way as they continually protect and serve our great country.","Please be safe and pray for those in harms way as they continually protect and serve our great country.","","","Q_AUTHORED_CURRENT_POST","Q_BODY","KEEP","long sentence inside a drop whose dominant register is Q — prose shape alone is not a quotation"
"3604#0","3604","KEEP_Q_DIRECTIVE","KEEP_Q_DIRECTIVE","Enjoy the show!","Enjoy the show!","Enjoy the show!","Enjoy the show!","","","Q_AUTHORED_CURRENT_POST","Q_BODY","KEEP","canonical post body, no embedded-source evidence"
"3607#0","3607","KEEP_Q_DIRECTIVE","KEEP_Q_DIRECTIVE","Define 'Projection'.","Define 'Projection'.","Define 'Projection'.","Define 'Projection'.","","","Q_AUTHORED_CURRENT_POST","Q_BODY","KEEP","canonical post body, no embedded-source evidence"
"3611#0","3611","KEEP_Q_DIRECTIVE","KEEP_Q_DIRECTIVE","Read carefully.","Read carefully.","Read carefully.","Read carefully.","","","Q_AUTHORED_CURRENT_POST","Q_BODY","KEEP","canonical post body, no embedded-source evidence"
"3613#0","3613","KEEP_Q_DIRECTIVE","KEEP_Q_DIRECTIVE","Read again – digest.","Read again – digest.","Read again – digest.","Read again – digest.","","","Q_AUTHORED_CURRENT_POST","Q_BODY","KEEP","canonical post body, no embedded-source evidence"
"3616#0","3616","KEEP_Q_DIRECTIVE","KEEP_Q_DIRECTIVE","Handle w/ care.","Handle w/ care.","Handle w/ care.","Handle w/ care.","","","Q_AUTHORED_CURRENT_POST","Q_BODY","KEEP","canonical post body, no embedded-source evidence"
"3618#0","3618","KEEP_Q_DIRECTIVE","KEEP_Q_DIRECTIVE","Suggest update delay to prevent IDEN re-check re: trip update failure until platform stabilized.","Suggest update delay to prevent IDEN re-check re: trip update failure until platform stabilized.","Suggest update delay to prevent IDEN re-check re: trip update failure until platform stabilized.","Suggest update delay to prevent IDEN re-check re: trip update failure until platform stabilized.","","","Q_AUTHORED_CURRENT_POST","Q_BODY","KEEP","canonical post body, no embedded-source evidence"
"362#0","362","REMOVE_BLESSING_OR_VALEDICTION","REMOVE_BLESSING_OR_VALEDICTION","Godspeed, Patriots.","","Godspeed, Patriots.","Godspeed, Patriots.","","","Q_AUTHORED_CURRENT_POST","Q_BODY","REMOVE_FROM_DIRECTIVES","blessing or valediction, not a command"
"3620#0","3620","KEEP_Q_DIRECTIVE","KEEP_Q_DIRECTIVE","Think non_public.","Think non_public.","Think non_public.","Think non_public.","","","Q_AUTHORED_CURRENT_POST","Q_BODY","KEEP","canonical post body, no embedded-source evidence"
"3623#0","3623","KEEP_Q_DIRECTIVE","KEEP_Q_DIRECTIVE","Think Iran.","Think Iran.","Think Iran.","Think Iran.","","","Q_AUTHORED_CURRENT_POST","Q_BODY","KEEP","canonical post body, no embedded-source evidence"
"3623#1","3623","KEEP_Q_DIRECTIVE","KEEP_Q_DIRECTIVE","Think Paris Accord [attempt].","Think Paris Accord [attempt].","Think Paris Accord [attempt].","Think Paris Accord [attempt].","","","Q_AUTHORED_CURRENT_POST","Q_BODY","KEEP","canonical post body, no embedded-source evidence"
"3623#2","3623","KEEP_Q_DIRECTIVE","KEEP_Q_DIRECTIVE","Think All.","Think All.","Think All.","Think All.","","","Q_AUTHORED_CURRENT_POST","Q_BODY","KEEP","canonical post body, no embedded-source evidence"
"3623#3","3623","KEEP_Q_DIRECTIVE","KEEP_Q_DIRECTIVE","Re-read drops re: 'Foreign Aid'","Re-read drops re: 'Foreign Aid'","Re-read drops re: 'Foreign Aid'","Re-read drops re: 'Foreign Aid'","","","Q_AUTHORED_CURRENT_POST","Q_BODY","KEEP","canonical post body, no embedded-source evidence"
"3627#0","3627","KEEP_Q_DIRECTIVE","KEEP_Q_DIRECTIVE","Watch","Watch","Watch","Watch","","","Q_AUTHORED_CURRENT_POST","Q_BODY","KEEP","canonical post body, no embedded-source evidence"
"3635#0","3635","KEEP_Q_DIRECTIVE","KEEP_Q_DIRECTIVE","Enjoy the show!","Enjoy the show!","Enjoy the show!","Enjoy the show!","","","Q_AUTHORED_CURRENT_POST","Q_BODY","KEEP","canonical post body, no embedded-source evidence"
"364#0","364","KEEP_Q_DIRECTIVE","KEEP_Q_DIRECTIVE","Follow the crumbs.","Follow the crumbs.","Follow the crumbs.","Follow the crumbs.","","","Q_AUTHORED_CURRENT_POST","Q_BODY","KEEP","canonical post body, no embedded-source evidence"
"364#1","364","KEEP_Q_DIRECTIVE","KEEP_Q_DIRECTIVE","Enjoy the show!","Enjoy the show!","Enjoy the show!","Enjoy the show!","","","Q_AUTHORED_CURRENT_POST","Q_BODY","KEEP","canonical post body, no embedded-source evidence"
"3645#0","3645","KEEP_Q_DIRECTIVE","KEEP_Q_DIRECTIVE","Be ready, Anons.","Be ready, Anons.","Be ready, Anons.","Be ready, Anons.","","","Q_AUTHORED_CURRENT_POST","Q_BODY","KEEP","canonical post body, no embedded-source evidence"
"3647#0","3647","KEEP_Q_DIRECTIVE","KEEP_Q_DIRECTIVE",">Create media blitz [scare] campaign ('talking points')('alarmist')",">Create media blitz [scare] campaign ('talking points')('alarmist')",">Create media blitz [scare] campaign ('talking points')('alarmist')",">Create media blitz [scare] campaign ('talking points')('alarmist')","","","Q_AUTHORED_CURRENT_POST","Q_BODY","KEEP","greentext arrow with no matching quoted source — Q's own bullet"
"3647#1","3647","KEEP_Q_DIRECTIVE","KEEP_Q_DIRECTIVE",">Use 'pro-narrative minded' authorities on subject to provide foundation to support",">Use 'pro-narrative minded' authorities on subject to provide foundation to support",">Use 'pro-narrative minded' authorities on subject to provide foundation to support",">Use 'pro-narrative minded' authorities on subject to provide foundation to support","","","Q_AUTHORED_CURRENT_POST","Q_BODY","KEEP","greentext arrow with no matching quoted source — Q's own bullet"
"3647#2","3647","KEEP_Q_DIRECTIVE","KEEP_Q_DIRECTIVE",">Deploy 'circular reporting' and 'group-think' tactics (echo chamber) to artificially raise 'public outcry'",">Deploy 'circular reporting' and 'group-think' tactics (echo chamber) to artificially raise 'public outcry'",">Deploy 'circular reporting' and 'group-think' tactics (echo chamber) to artificially raise 'public outcry'",">Deploy 'circular reporting' and 'group-think' tactics (echo chamber) to artificially raise 'public outcry'","","","Q_AUTHORED_CURRENT_POST","Q_BODY","KEEP","greentext arrow with no matching quoted source — Q's own bullet"
"3647#3","3647","KEEP_Q_DIRECTIVE","KEEP_Q_DIRECTIVE",">Use 'public outcry' to justify billion dollar taxpayer spend",">Use 'public outcry' to justify billion dollar taxpayer spend",">Use 'public outcry' to justify billion dollar taxpayer spend",">Use 'public outcry' to justify billion dollar taxpayer spend","","","Q_AUTHORED_CURRENT_POST","Q_BODY","KEEP","greentext arrow with no matching quoted source — Q's own bullet"
"365#0","365","KEEP_Q_DIRECTIVE","KEEP_Q_DIRECTIVE","Find the markers.","Find the markers.","Find the markers.","Find the markers.","","","Q_AUTHORED_CURRENT_POST","Q_BODY","KEEP","canonical post body, no embedded-source evidence"
"365#1","365","KEEP_Q_DIRECTIVE","KEEP_Q_DIRECTIVE","Learn double meanings.","Learn double meanings.","Learn double meanings.","Learn double meanings.","","","Q_AUTHORED_CURRENT_POST","Q_BODY","KEEP","canonical post body, no embedded-source evidence"
"3651#0","3651","KEEP_Q_DIRECTIVE","KEEP_Q_DIRECTIVE","Enjoy the show!","Enjoy the show!","Enjoy the show!","Enjoy the show!","","","Q_AUTHORED_CURRENT_POST","Q_BODY","KEEP","canonical post body, no embedded-source evidence"
"3658#0","3658","KEEP_Q_DIRECTIVE","KEEP_Q_DIRECTIVE","ALL HANDS ON DECK.","ALL HANDS ON DECK.","ALL HANDS ON DECK.","ALL HANDS ON DECK.","","","Q_AUTHORED_CURRENT_POST","Q_BODY","KEEP","canonical post body, no embedded-source evidence"
"3661#0","3661","KEEP_Q_DIRECTIVE","KEEP_Q_DIRECTIVE","Ask yourself a very simple question, why?","Ask yourself a very simple question, why?","Ask yourself a very simple question, why?","Ask yourself a very simple question, why?","","","Q_AUTHORED_CURRENT_POST","Q_BODY","KEEP","canonical post body, no embedded-source evidence"
"3662#0","3662","KEEP_Q_DIRECTIVE","KEEP_Q_DIRECTIVE","Think for yourself.","Think for yourself.","Think for yourself.","Think for yourself.","","","Q_AUTHORED_CURRENT_POST","Q_BODY","KEEP","canonical post body, no embedded-source evidence"
"3662#1","3662","KEEP_Q_DIRECTIVE","KEEP_Q_DIRECTIVE","Trust yourself.","Trust yourself.","Trust yourself.","Trust yourself.","","","Q_AUTHORED_CURRENT_POST","Q_BODY","KEEP","canonical post body, no embedded-source evidence"
"3662#2","3662","KEEP_Q_DIRECTIVE","KEEP_Q_DIRECTIVE","Do due diligence.","Do due diligence.","Do due diligence.","Do due diligence.","","","Q_AUTHORED_CURRENT_POST","Q_BODY","KEEP","canonical post body, no embedded-source evidence"
"3663#0","3663","KEEP_Q_DIRECTIVE","KEEP_Q_DIRECTIVE","Think Harvard.","Think Harvard.","Think Harvard.","Think Harvard.","","","Q_AUTHORED_CURRENT_POST","Q_BODY","KEEP","canonical post body, no embedded-source evidence"
"3663#1","3663","KEEP_Q_DIRECTIVE","KEEP_Q_DIRECTIVE","Think tax break.","Think tax break.","Think tax break.","Think tax break.","","","Q_AUTHORED_CURRENT_POST","Q_BODY","KEEP","canonical post body, no embedded-source evidence"
"3663#2","3663","KEEP_Q_DIRECTIVE","KEEP_Q_DIRECTIVE","Think political career.","Think political career.","Think political career.","Think political career.","","","Q_AUTHORED_CURRENT_POST","Q_BODY","KEEP","canonical post body, no embedded-source evidence"
"3663#3","3663","KEEP_Q_DIRECTIVE","KEEP_Q_DIRECTIVE","DRAIN THE SWAMP!","DRAIN THE SWAMP!","DRAIN THE SWAMP!","DRAIN THE SWAMP!","","","Q_AUTHORED_CURRENT_POST","Q_BODY","KEEP","canonical post body, no embedded-source evidence"
"3664#0","3664","KEEP_Q_DIRECTIVE","KEEP_Q_DIRECTIVE","Fight, Fight!","Fight, Fight!","Fight, Fight!","Fight, Fight!","","","Q_AUTHORED_CURRENT_POST","Q_BODY","KEEP","canonical post body, no embedded-source evidence"
"3677#0","3677","KEEP_Q_DIRECTIVE","KEEP_Q_DIRECTIVE","Enjoy the show!","Enjoy the show!","Enjoy the show!","Enjoy the show!","","","Q_AUTHORED_CURRENT_POST","Q_BODY","KEEP","canonical post body, no embedded-source evidence"
"3683#0","3683","REMOVE_BLESSING_OR_VALEDICTION","REMOVE_BLESSING_OR_VALEDICTION","God bless you.","","God bless you.","God bless you.","","","Q_AUTHORED_CURRENT_POST","Q_BODY","REMOVE_FROM_DIRECTIVES","blessing or valediction, not a command"
"3684#0","3684","KEEP_Q_DIRECTIVE","KEEP_Q_DIRECTIVE","Think for yourself.","Think for yourself.","Think for yourself.","Think for yourself.","","","Q_AUTHORED_CURRENT_POST","Q_BODY","KEEP","canonical post body, no embedded-source evidence"
"3688#0","3688","KEEP_Q_DIRECTIVE","KEEP_Q_DIRECTIVE","Think Q/Durham start date.","Think Q/Durham start date.","Think Q/Durham start date.","Think Q/Durham start date.","","","Q_AUTHORED_CURRENT_POST","Q_BODY","KEEP","canonical post body, no embedded-source evidence"
"3694#0","3694","KEEP_Q_DIRECTIVE","KEEP_Q_DIRECTIVE","Never forget who directed.","Never forget who directed.","Never forget who directed.","Never forget who directed.","","","Q_AUTHORED_CURRENT_POST","Q_BODY","KEEP","canonical post body, no embedded-source evidence"
"3699#0","3699","KEEP_Q_DIRECTIVE","KEEP_Q_DIRECTIVE","Name worth remembering.","Name worth remembering.","Name worth remembering.","Name worth remembering.","","","Q_AUTHORED_CURRENT_POST","Q_BODY","KEEP","canonical post body, no embedded-source evidence"
"37#0","37","KEEP_Q_DIRECTIVE","KEEP_Q_DIRECTIVE","Fight the good fight.","Fight the good fight.","Fight the good fight.","Fight the good fight.","","","Q_AUTHORED_CURRENT_POST","Q_BODY","KEEP","canonical post body, no embedded-source evidence"
"37#1","37","KEEP_Q_DIRECTIVE","KEEP_Q_DIRECTIVE","Let these coming days be remembered in our history as the time we fought to recapture the republic from those evil bad actors who for so long have sacrificed the good people of this land for their own personal gain.","Let these coming days be remembered in our history as the time we fought to recapture the republic from those evil bad actors who for so long have sacrificed the good people of this land for their own personal gain.","Let these coming days be remembered in our history as the time we fought to recapture the republic from those evil bad actors who for so long have sacrificed the good people of this land for their own personal gain.","Let these coming days be remembered in our history as the time we fought to recapture the republic from those evil bad actors who for so long have sacrificed the good people of this land for their own personal gain.","","","Q_AUTHORED_CURRENT_POST","Q_BODY","KEEP","canonical post body, no embedded-source evidence"
"37#2","37","KEEP_Q_DIRECTIVE","KEEP_Q_DIRECTIVE","LET JUSTICE BE SERVED.","LET JUSTICE BE SERVED.","LET JUSTICE BE SERVED.","LET JUSTICE BE SERVED.","","","Q_AUTHORED_CURRENT_POST","Q_BODY","KEEP","canonical post body, no embedded-source evidence"
"3701#0","3701","KEEP_Q_DIRECTIVE","KEEP_Q_DIRECTIVE","Think Coats.","Think Coats.","Think Coats.","Think Coats.","","","Q_AUTHORED_CURRENT_POST","Q_BODY","KEEP","canonical post body, no embedded-source evidence"
"3703#0","3703","KEEP_Q_DIRECTIVE","KEEP_Q_DIRECTIVE","Think recent doc release.","Think recent doc release.","Think recent doc release.","Think recent doc release.","","","Q_AUTHORED_CURRENT_POST","Q_BODY","KEEP","canonical post body, no embedded-source evidence"
"3704#0","3704","KEEP_Q_DIRECTIVE","KEEP_Q_DIRECTIVE","Remember, misspellings matter.","Remember, misspellings matter.","Remember, misspellings matter.","Remember, misspellings matter.","","","Q_AUTHORED_CURRENT_POST","Q_BODY","KEEP","canonical post body, no embedded-source evidence"
"371#0","371","KEEP_Q_DIRECTIVE","KEEP_Q_DIRECTIVE","Expand your thinking.","Expand your thinking.","Expand your thinking.","Expand your thinking.","","","Q_AUTHORED_CURRENT_POST","Q_BODY","KEEP","canonical post body, no embedded-source evidence"
"3714#0","3714","KEEP_Q_DIRECTIVE","KEEP_Q_DIRECTIVE","Think FLYNN_FISA [ILLEGAL?]","Think FLYNN_FISA [ILLEGAL?]","Think FLYNN_FISA [ILLEGAL?]","Think FLYNN_FISA [ILLEGAL?]","","","Q_AUTHORED_CURRENT_POST","Q_BODY","KEEP","canonical post body, no embedded-source evidence"
"3718#0","3718","KEEP_Q_DIRECTIVE","KEEP_Q_DIRECTIVE","Think FBI departures.","Think FBI departures.","Think FBI departures.","Think FBI departures.","","","Q_AUTHORED_CURRENT_POST","Q_BODY","KEEP","canonical post body, no embedded-source evidence"
"3718#1","3718","KEEP_Q_DIRECTIVE","KEEP_Q_DIRECTIVE","Think DOJ departures.","Think DOJ departures.","Think DOJ departures.","Think DOJ departures.","","","Q_AUTHORED_CURRENT_POST","Q_BODY","KEEP","canonical post body, no embedded-source evidence"
"372#0","372","KEEP_Q_DIRECTIVE","KEEP_Q_DIRECTIVE","TRUST SESSIONS.","TRUST SESSIONS.","TRUST SESSIONS.","TRUST SESSIONS.","","","Q_AUTHORED_CURRENT_POST","Q_BODY","KEEP","canonical post body, no embedded-source evidence"
"372#1","372","KEEP_Q_DIRECTIVE","KEEP_Q_DIRECTIVE","Enjoy the show.","Enjoy the show.","Enjoy the show.","Enjoy the show.","","","Q_AUTHORED_CURRENT_POST","Q_BODY","KEEP","canonical post body, no embedded-source evidence"
"3721#0","3721","KEEP_Q_DIRECTIVE","KEEP_Q_DIRECTIVE","Read again – digest.","Read again – digest.","Read again – digest.","Read again – digest.","","","Q_AUTHORED_CURRENT_POST","Q_BODY","KEEP","canonical post body, no embedded-source evidence"
"3728#0","3728","KEEP_DIRECTIVE_AND_RELIGIOUS_THEME","KEEP_DIRECTIVE_AND_RELIGIOUS_THEME","Pray.","Pray.","Pray.","Pray.","","Religion & Spirituality","Q_AUTHORED_CURRENT_POST","Q_BODY","KEEP","canonical post body, no embedded-source evidence"
"3728#1","3728","KEEP_Q_DIRECTIVE","KEEP_Q_DIRECTIVE","Sometimes you must sacrifice yourself for the greater good.","Sometimes you must sacrifice yourself for the greater good.","Sometimes you must sacrifice yourself for the greater good.","Sometimes you must sacrifice yourself for the greater good.","","","Q_AUTHORED_CURRENT_POST","Q_BODY","KEEP","canonical post body, no embedded-source evidence"
"3729#0","3729","KEEP_Q_DIRECTIVE","KEEP_Q_DIRECTIVE","Know your history and you will know why.","Know your history and you will know why.","Know your history and you will know why.","Know your history and you will know why.","","","Q_AUTHORED_CURRENT_POST","Q_BODY","KEEP","canonical post body, no embedded-source evidence"
"3734#0","3734","KEEP_Q_DIRECTIVE","KEEP_Q_DIRECTIVE","Expand you're thinking.","Expand you're thinking.","Expand you're thinking.","Expand you're thinking.","","","Q_AUTHORED_CURRENT_POST","Q_BODY","KEEP","canonical post body, no embedded-source evidence"
"374#0","374","KEEP_DIRECTIVE_AND_RELIGIOUS_THEME","KEEP_DIRECTIVE_AND_RELIGIOUS_THEME","Pray.","Pray.","Pray.","Pray.","","Religion & Spirituality","Q_AUTHORED_CURRENT_POST","Q_BODY","KEEP","canonical post body, no embedded-source evidence"
"3741#0","3741","KEEP_Q_DIRECTIVE","KEEP_Q_DIRECTIVE","Think 'fast-tracking'.","Think 'fast-tracking'.","Think 'fast-tracking'.","Think 'fast-tracking'.","","","Q_AUTHORED_CURRENT_POST","Q_BODY","KEEP","canonical post body, no embedded-source evidence"
"3748#0","3748","KEEP_Q_DIRECTIVE","KEEP_Q_DIRECTIVE","Do not mistake this backchannel [tool] as a means to be complacent.","Do not mistake this backchannel [tool] as a means to be complacent.","Do not mistake this backchannel [tool] as a means to be complacent.","Do not mistake this backchannel [tool] as a means to be complacent.","","","Q_AUTHORED_CURRENT_POST","Q_BODY","KEEP","canonical post body, no embedded-source evidence"
"3748#1","3748","KEEP_Q_DIRECTIVE","KEEP_Q_DIRECTIVE","Fight!","Fight!","Fight!","Fight!","","","Q_AUTHORED_CURRENT_POST","Q_BODY","KEEP","canonical post body, no embedded-source evidence"
"3749#0","3749","KEEP_Q_DIRECTIVE","KEEP_Q_DIRECTIVE","Watch and listen carefully.","Watch and listen carefully.","Watch and listen carefully.","Watch and listen carefully.","","","Q_AUTHORED_CURRENT_POST","Q_BODY","KEEP","canonical post body, no embedded-source evidence"
"3752#0","3752","KEEP_Q_DIRECTIVE","KEEP_Q_DIRECTIVE","Keep up the good fight, Anons.","Keep up the good fight, Anons.","Keep up the good fight, Anons.","Keep up the good fight, Anons.","","","Q_AUTHORED_CURRENT_POST","Q_BODY","KEEP","canonical post body, no embedded-source evidence"
"3754#0","3754","KEEP_Q_DIRECTIVE","KEEP_Q_DIRECTIVE","Follow the money.","Follow the money.","Follow the money.","Follow the money.","","","Q_AUTHORED_CURRENT_POST","Q_BODY","KEEP","canonical post body, no embedded-source evidence"
"3773#0","3773","KEEP_Q_DIRECTIVE","KEEP_Q_DIRECTIVE","Follow the guide.","Follow the guide.","Follow the guide.","Follow the guide.","","","Q_AUTHORED_CURRENT_POST","Q_BODY","KEEP","canonical post body, no embedded-source evidence"
"3784#0","3784","KEEP_Q_DIRECTIVE","KEEP_Q_DIRECTIVE","Think GJ material.","Think GJ material.","Think GJ material.","Think GJ material.","","","Q_AUTHORED_CURRENT_POST","Q_BODY","KEEP","canonical post body, no embedded-source evidence"
"3787#0","3787","KEEP_Q_DIRECTIVE","KEEP_Q_DIRECTIVE","Don't worry, it won't be boring forever.","Don't worry, it won't be boring forever.","Don't worry, it won't be boring forever.","Don't worry, it won't be boring forever.","","","Q_AUTHORED_CURRENT_POST","Q_BODY","KEEP","canonical post body, no embedded-source evidence"
"3791#0","3791","KEEP_Q_DIRECTIVE","KEEP_Q_DIRECTIVE","Watch the news.","Watch the news.","Watch the news.","Watch the news.","","","Q_AUTHORED_CURRENT_POST","Q_BODY","KEEP","canonical post body, no embedded-source evidence"
"3798#0","3798","KEEP_Q_DIRECTIVE","KEEP_Q_DIRECTIVE","Think CEOs.","Think CEOs.","Think CEOs.","Think CEOs.","","","Q_AUTHORED_CURRENT_POST","Q_BODY","KEEP","canonical post body, no embedded-source evidence"
"3798#1","3798","KEEP_Q_DIRECTIVE","KEEP_Q_DIRECTIVE","Think FBI.","Think FBI.","Think FBI.","Think FBI.","","","Q_AUTHORED_CURRENT_POST","Q_BODY","KEEP","canonical post body, no embedded-source evidence"
"3798#2","3798","KEEP_Q_DIRECTIVE","KEEP_Q_DIRECTIVE","Think DOJ.","Think DOJ.","Think DOJ.","Think DOJ.","","","Q_AUTHORED_CURRENT_POST","Q_BODY","KEEP","canonical post body, no embedded-source evidence"
"3798#3","3798","KEEP_Q_DIRECTIVE","KEEP_Q_DIRECTIVE","Think WH.","Think WH.","Think WH.","Think WH.","","","Q_AUTHORED_CURRENT_POST","Q_BODY","KEEP","canonical post body, no embedded-source evidence"
"3798#4","3798","KEEP_Q_DIRECTIVE","KEEP_Q_DIRECTIVE","Think C_A.","Think C_A.","Think C_A.","Think C_A.","","","Q_AUTHORED_CURRENT_POST","Q_BODY","KEEP","canonical post body, no embedded-source evidence"
"3798#5","3798","KEEP_Q_DIRECTIVE","KEEP_Q_DIRECTIVE","Think [F] intel.","Think [F] intel.","Think [F] intel.","Think [F] intel.","","","Q_AUTHORED_CURRENT_POST","Q_BODY","KEEP","canonical post body, no embedded-source evidence"
"3798#6","3798","KEEP_Q_DIRECTIVE","KEEP_Q_DIRECTIVE","Think Judge install.","Think Judge install.","Think Judge install.","Think Judge install.","","","Q_AUTHORED_CURRENT_POST","Q_BODY","KEEP","canonical post body, no embedded-source evidence"
"3798#7","3798","KEEP_Q_DIRECTIVE","KEEP_Q_DIRECTIVE","Think SC install.","Think SC install.","Think SC install.","Think SC install.","","","Q_AUTHORED_CURRENT_POST","Q_BODY","KEEP","canonical post body, no embedded-source evidence"
"3798#8","3798","KEEP_Q_DIRECTIVE","KEEP_Q_DIRECTIVE","Think DOJ install.","Think DOJ install.","Think DOJ install.","Think DOJ install.","","","Q_AUTHORED_CURRENT_POST","Q_BODY","KEEP","canonical post body, no embedded-source evidence"
"3798#9","3798","KEEP_Q_DIRECTIVE","KEEP_Q_DIRECTIVE","Think FBI install.","Think FBI install.","Think FBI install.","Think FBI install.","","","Q_AUTHORED_CURRENT_POST","Q_BODY","KEEP","canonical post body, no embedded-source evidence"
"3798#10","3798","KEEP_Q_DIRECTIVE","KEEP_Q_DIRECTIVE","Think C_A install.","Think C_A install.","Think C_A install.","Think C_A install.","","","Q_AUTHORED_CURRENT_POST","Q_BODY","KEEP","canonical post body, no embedded-source evidence"
"3798#11","3798","KEEP_Q_DIRECTIVE","KEEP_Q_DIRECTIVE","Think PM UK install.","Think PM UK install.","Think PM UK install.","Think PM UK install.","","","Q_AUTHORED_CURRENT_POST","Q_BODY","KEEP","canonical post body, no embedded-source evidence"
"3798#12","3798","KEEP_Q_DIRECTIVE","KEEP_Q_DIRECTIVE","Think!","Think!","Think!","Think!","","","Q_AUTHORED_CURRENT_POST","Q_BODY","KEEP","canonical post body, no embedded-source evidence"
"3798#13","3798","KEEP_Q_DIRECTIVE","KEEP_Q_DIRECTIVE","Think State.","Think State.","Think State.","Think State.","","","Q_AUTHORED_CURRENT_POST","Q_BODY","KEEP","canonical post body, no embedded-source evidence"
"38#0","38","KEEP_Q_DIRECTIVE","KEEP_Q_DIRECTIVE","Think logically about the timing of everything happening.","Think logically about the timing of everything happening.","Think logically about the timing of everything happening.","Think logically about the timing of everything happening.","","","Q_AUTHORED_CURRENT_POST","Q_BODY","KEEP","canonical post body, no embedded-source evidence"
"38#1","38","KEEP_Q_DIRECTIVE","KEEP_Q_DIRECTIVE","Note increased military movement.","Note increased military movement.","Note increased military movement.","Note increased military movement.","","","Q_AUTHORED_CURRENT_POST","Q_BODY","KEEP","canonical post body, no embedded-source evidence"
"38#2","38","KEEP_Q_DIRECTIVE","KEEP_Q_DIRECTIVE","Note NG deployments starting tomorrow.","Note NG deployments starting tomorrow.","Note NG deployments starting tomorrow.","Note NG deployments starting tomorrow.","","","Q_AUTHORED_CURRENT_POST","Q_BODY","KEEP","canonical post body, no embedded-source evidence"
"38#3","38","KEEP_Q_DIRECTIVE","KEEP_Q_DIRECTIVE","Note false flags.","Note false flags.","Note false flags.","Note false flags.","","","Q_AUTHORED_CURRENT_POST","Q_BODY","KEEP","canonical post body, no embedded-source evidence"
"38#4","38","KEEP_Q_DIRECTIVE","KEEP_Q_DIRECTIVE","Follow Huma.","Follow Huma.","Follow Huma.","Follow Huma.","","","Q_AUTHORED_CURRENT_POST","Q_BODY","KEEP","canonical post body, no embedded-source evidence"
"38#5","38","KEEP_Q_DIRECTIVE","KEEP_Q_DIRECTIVE","Prepare messages of reassurance based on what was dropped here to spread on different platforms.","Prepare messages of reassurance based on what was dropped here to spread on different platforms.","Prepare messages of reassurance based on what was dropped here to spread on different platforms.","Prepare messages of reassurance based on what was dropped here to spread on different platforms.","","","Q_AUTHORED_CURRENT_POST","Q_BODY","KEEP","canonical post body, no embedded-source evidence"
"3800#0","3800","KEEP_Q_DIRECTIVE","KEEP_Q_DIRECTIVE","Think Durham start.","Think Durham start.","Think Durham start.","Think Durham start.","","","Q_AUTHORED_CURRENT_POST","Q_BODY","KEEP","canonical post body, no embedded-source evidence"
"3800#1","3800","KEEP_Q_DIRECTIVE","KEEP_Q_DIRECTIVE","Think 'Q' start.","Think 'Q' start.","Think 'Q' start.","Think 'Q' start.","","","Q_AUTHORED_CURRENT_POST","Q_BODY","KEEP","canonical post body, no embedded-source evidence"
"3801#0","3801","KEEP_Q_DIRECTIVE","KEEP_Q_DIRECTIVE","Enjoy the show!","Enjoy the show!","Enjoy the show!","Enjoy the show!","","","Q_AUTHORED_CURRENT_POST","Q_BODY","KEEP","canonical post body, no embedded-source evidence"
"3812#0","3812","KEEP_Q_DIRECTIVE","KEEP_Q_DIRECTIVE","Remember these names.","Remember these names.","Remember these names.","Remember these names.","","","Q_AUTHORED_CURRENT_POST","Q_BODY","KEEP","canonical post body, no embedded-source evidence"
"3819#0","3819","KEEP_Q_DIRECTIVE","KEEP_Q_DIRECTIVE","Read [1] https://www.miamiherald.com/news/politics-government/article237959369.html","Read [1] https://www.miamiherald.com/news/politics-government/article237959369.html","Read [1]","Read [1]","","","Q_AUTHORED_CURRENT_POST","Q_BODY","KEEP","canonical post body, no embedded-source evidence"
"3819#1","3819","KEEP_Q_DIRECTIVE","KEEP_Q_DIRECTIVE","Read [2] https://www.miamiherald.com/news/politics-government/article214974800.html","Read [2] https://www.miamiherald.com/news/politics-government/article214974800.html","Read [2]","Read [2]","","","Q_AUTHORED_CURRENT_POST","Q_BODY","KEEP","canonical post body, no embedded-source evidence"
"3819#2","3819","KEEP_Q_DIRECTIVE","KEEP_Q_DIRECTIVE","Read [1]","Read [1]","Read [1]","Read [1]","","","Q_AUTHORED_CURRENT_POST","Q_BODY","KEEP","canonical post body, no embedded-source evidence"
"3819#3","3819","KEEP_Q_DIRECTIVE","KEEP_Q_DIRECTIVE","Read [2]","Read [2]","Read [2]","Read [2]","","","Q_AUTHORED_CURRENT_POST","Q_BODY","KEEP","canonical post body, no embedded-source evidence"
"3824#0","3824","KEEP_Q_DIRECTIVE","KEEP_Q_DIRECTIVE","Open your eyes to see the TRUTH.","Open your eyes to see the TRUTH.","Open your eyes to see the TRUTH.","Open your eyes to see the TRUTH.","","","Q_AUTHORED_CURRENT_POST","Q_BODY","KEEP","canonical post body, no embedded-source evidence"
"3831#0","3831","KEEP_Q_DIRECTIVE","KEEP_Q_DIRECTIVE","Buckle up!","Buckle up!","Buckle up!","Buckle up!","","","Q_AUTHORED_CURRENT_POST","Q_BODY","KEEP","canonical post body, no embedded-source evidence"
"3835#0","3835","KEEP_Q_DIRECTIVE","KEEP_Q_DIRECTIVE","Read carefully _ big development.","Read carefully _ big development.","Read carefully _ big development.","Read carefully _ big development.","","","Q_AUTHORED_CURRENT_POST","Q_BODY","KEEP","canonical post body, no embedded-source evidence"
"3836#0","3836","KEEP_Q_DIRECTIVE","KEEP_Q_DIRECTIVE","Think HRC Russia reset statement [Russia].","Think HRC Russia reset statement [Russia].","Think HRC Russia reset statement [Russia].","Think HRC Russia reset statement [Russia].","","","Q_AUTHORED_CURRENT_POST","Q_BODY","KEEP","canonical post body, no embedded-source evidence"
"3836#1","3836","KEEP_Q_DIRECTIVE","KEEP_Q_DIRECTIVE","Think Hussein 'I'll have more flexibility after the election' hot mic statement to Russian depo re: Q to Hussein re: Putin.","Think Hussein 'I'll have more flexibility after the election' hot mic statement to Russian depo re: Q to Hussein re: Putin.","Think Hussein 'I'll have more flexibility after the election' hot mic statement to Russian depo re: Q to Hussein re: Putin.","Think Hussein 'I'll have more flexibility after the election' hot mic statement to Russian depo re: Q to Hussein re: Putin.","","","Q_AUTHORED_CURRENT_POST","Q_BODY","KEEP","long sentence inside a drop whose dominant register is Q — prose shape alone is not a quotation"
"3836#2","3836","KEEP_Q_DIRECTIVE","KEEP_Q_DIRECTIVE","Think Hussein WH refusal to send weapons to Ukraine [R Congress push to assist] but instead sent only blankets.","Think Hussein WH refusal to send weapons to Ukraine [R Congress push to assist] but instead sent only blankets.","Think Hussein WH refusal to send weapons to Ukraine [R Congress push to assist] but instead sent only blankets.","Think Hussein WH refusal to send weapons to Ukraine [R Congress push to assist] but instead sent only blankets.","","","Q_AUTHORED_CURRENT_POST","Q_BODY","KEEP","long sentence inside a drop whose dominant register is Q — prose shape alone is not a quotation"
"3836#3","3836","KEEP_Q_DIRECTIVE","KEEP_Q_DIRECTIVE","Think [D]s attack(s) re: POTUS for failure to 'protect' Ukraine against Russian aggression? [Impeachment]","Think [D]s attack(s) re: POTUS for failure to 'protect' Ukraine against Russian aggression? [Impeachment]","Think [D]s attack(s) re: POTUS for failure to 'protect' Ukraine against Russian aggression? [Impeachment]","Think [D]s attack(s) re: POTUS for failure to 'protect' Ukraine against Russian aggression? [Impeachment]","","","Q_AUTHORED_CURRENT_POST","Q_BODY","KEEP","canonical post body, no embedded-source evidence"
"3836#4","3836","KEEP_Q_DIRECTIVE","KEEP_Q_DIRECTIVE","Define projection.","Define projection.","Define projection.","Define projection.","","","Q_AUTHORED_CURRENT_POST","Q_BODY","KEEP","canonical post body, no embedded-source evidence"
"3836#5","3836","KEEP_Q_DIRECTIVE","KEEP_Q_DIRECTIVE","Think $1,800,000,000 Hussein WH > Ukraine [which bank?].","Think $1,800,000,000 Hussein WH > Ukraine [which bank?].","Think $1,800,000,000 Hussein WH > Ukraine [which bank?].","Think $1,800,000,000 Hussein WH > Ukraine [which bank?].","","","Q_AUTHORED_CURRENT_POST","Q_BODY","KEEP","canonical post body, no embedded-source evidence"
"3836#6","3836","KEEP_Q_DIRECTIVE","KEEP_Q_DIRECTIVE","Think US AID > Ukraine","Think US AID > Ukraine","Think US AID > Ukraine","Think US AID > Ukraine","","","Q_AUTHORED_CURRENT_POST","Q_BODY","KEEP","canonical post body, no embedded-source evidence"
"3836#7","3836","KEEP_Q_DIRECTIVE","KEEP_Q_DIRECTIVE","Think WW AID > Ukraine","Think WW AID > Ukraine","Think WW AID > Ukraine","Think WW AID > Ukraine","","","Q_AUTHORED_CURRENT_POST","Q_BODY","KEEP","canonical post body, no embedded-source evidence"
"3836#8","3836","KEEP_Q_DIRECTIVE","KEEP_Q_DIRECTIVE","Think U1 [sale of US uranium to Russia]","Think U1 [sale of US uranium to Russia]","Think U1 [sale of US uranium to Russia]","Think U1 [sale of US uranium to Russia]","","","Q_AUTHORED_CURRENT_POST","Q_BODY","KEEP","canonical post body, no embedded-source evidence"
"3836#9","3836","KEEP_Q_DIRECTIVE","KEEP_Q_DIRECTIVE","Think Ukraine.","Think Ukraine.","Think Ukraine.","Think Ukraine.","","","Q_AUTHORED_CURRENT_POST","Q_BODY","KEEP","canonical post body, no embedded-source evidence"
"3836#10","3836","KEEP_Q_DIRECTIVE","KEEP_Q_DIRECTIVE","Think Iran.","Think Iran.","Think Iran.","Think Iran.","","","Q_AUTHORED_CURRENT_POST","Q_BODY","KEEP","canonical post body, no embedded-source evidence"
"3839#0","3839","KEEP_Q_DIRECTIVE","KEEP_Q_DIRECTIVE","It's time to wake up.","It's time to wake up.","It's time to wake up.","It's time to wake up.","","","Q_AUTHORED_CURRENT_POST","Q_BODY","KEEP","canonical post body, no embedded-source evidence"
"3843#0","3843","KEEP_Q_DIRECTIVE","KEEP_Q_DIRECTIVE","Trust and believe in yourself.","Trust and believe in yourself.","Trust and believe in yourself.","Trust and believe in yourself.","","","Q_AUTHORED_CURRENT_POST","Q_BODY","KEEP","canonical post body, no embedded-source evidence"
"385#0","385","KEEP_Q_DIRECTIVE","KEEP_Q_DIRECTIVE","Learn.","Learn.","Learn.","Learn.","","","Q_AUTHORED_CURRENT_POST","Q_BODY","KEEP","canonical post body, no embedded-source evidence"
"3853#0","3853","KEEP_Q_DIRECTIVE","KEEP_Q_DIRECTIVE","Imagine that!","Imagine that!","Imagine that!","Imagine that!","","","Q_AUTHORED_CURRENT_POST","Q_BODY","KEEP","canonical post body, no embedded-source evidence"
"3854#0","3854","KEEP_Q_DIRECTIVE","KEEP_Q_DIRECTIVE","Enjoy the show!","Enjoy the show!","Enjoy the show!","Enjoy the show!","","","Q_AUTHORED_CURRENT_POST","Q_BODY","KEEP","canonical post body, no embedded-source evidence"
"3856#0","3856","KEEP_Q_DIRECTIVE","KEEP_Q_DIRECTIVE","Define Renegade [Hussein USSS code name].","Define Renegade [Hussein USSS code name].","Define Renegade [Hussein USSS code name].","Define Renegade [Hussein USSS code name].","","","Q_AUTHORED_CURRENT_POST","Q_BODY","KEEP","canonical post body, no embedded-source evidence"
"3856#1","3856","KEEP_Q_DIRECTIVE","KEEP_Q_DIRECTIVE","Define Evergreen [HRC USSS code name]","Define Evergreen [HRC USSS code name]","Define Evergreen [HRC USSS code name]","Define Evergreen [HRC USSS code name]","","","Q_AUTHORED_CURRENT_POST","Q_BODY","KEEP","canonical post body, no embedded-source evidence"
"3856#2","3856","KEEP_Q_DIRECTIVE","KEEP_Q_DIRECTIVE","Think depopulation.","Think depopulation.","Think depopulation.","Think depopulation.","","","Q_AUTHORED_CURRENT_POST","Q_BODY","KEEP","canonical post body, no embedded-source evidence"
"3857#0","3857","KEEP_Q_DIRECTIVE","KEEP_Q_DIRECTIVE","Ask yourself a simple question —– why?","Ask yourself a simple question —– why?","Ask yourself a simple question —– why?","Ask yourself a simple question —– why?","","","Q_AUTHORED_CURRENT_POST","Q_BODY","KEEP","canonical post body, no embedded-source evidence"
"3857#1","3857","KEEP_Q_DIRECTIVE","KEEP_Q_DIRECTIVE","It's time to wake up.","It's time to wake up.","It's time to wake up.","It's time to wake up.","","","Q_AUTHORED_CURRENT_POST","Q_BODY","KEEP","canonical post body, no embedded-source evidence"
"3858#0","3858","KEEP_Q_DIRECTIVE","KEEP_Q_DIRECTIVE","Read again – digest.","Read again – digest.","Read again – digest.","Read again – digest.","","","Q_AUTHORED_CURRENT_POST","Q_BODY","KEEP","canonical post body, no embedded-source evidence"
"3861#0","3861","KEEP_Q_DIRECTIVE","KEEP_Q_DIRECTIVE","Read carefully.","Read carefully.","Read carefully.","Read carefully.","","","Q_AUTHORED_CURRENT_POST","Q_BODY","KEEP","canonical post body, no embedded-source evidence"
"3862#0","3862","KEEP_Q_DIRECTIVE","KEEP_Q_DIRECTIVE","Watch what happens next!","Watch what happens next!","Watch what happens next!","Watch what happens next!","","","Q_AUTHORED_CURRENT_POST","Q_BODY","KEEP","canonical post body, no embedded-source evidence"
"3869#0","3869","KEEP_Q_DIRECTIVE","KEEP_Q_DIRECTIVE","Define 'superdelegates'.","Define 'superdelegates'.","Define 'superdelegates'.","Define 'superdelegates'.","","","Q_AUTHORED_CURRENT_POST","Q_BODY","KEEP","canonical post body, no embedded-source evidence"
"388#0","388","KEEP_Q_DIRECTIVE","KEEP_Q_DIRECTIVE","Define CORRUPTION.","Define CORRUPTION.","Define CORRUPTION.","Define CORRUPTION.","","","Q_AUTHORED_CURRENT_POST","Q_BODY","KEEP","canonical post body, no embedded-source evidence"
"388#1","388","KEEP_Q_DIRECTIVE","KEEP_Q_DIRECTIVE","Follow me down the hole.","Follow me down the hole.","Follow me down the hole.","Follow me down the hole.","","","Q_AUTHORED_CURRENT_POST","Q_BODY","KEEP","canonical post body, no embedded-source evidence"
"3880#0","3880","KEEP_Q_DIRECTIVE","KEEP_Q_DIRECTIVE","Prepare for the storm.","Prepare for the storm.","Prepare for the storm.","Prepare for the storm.","","","Q_AUTHORED_CURRENT_POST","Q_BODY","KEEP","canonical post body, no embedded-source evidence"
"3881#0","3881","KEEP_Q_DIRECTIVE","KEEP_Q_DIRECTIVE","Listen carefully.","Listen carefully.","Listen carefully.","Listen carefully.","","","Q_AUTHORED_CURRENT_POST","Q_BODY","KEEP","canonical post body, no embedded-source evidence"
"3881#1","3881","KEEP_Q_DIRECTIVE","KEEP_Q_DIRECTIVE","Think: re: why [no] arrests (justice) yet?","Think: re: why [no] arrests (justice) yet?","Think: re: why [no] arrests (justice) yet?","Think: re: why [no] arrests (justice) yet?","","","Q_AUTHORED_CURRENT_POST","Q_BODY","KEEP","canonical post body, no embedded-source evidence"
"3887#0","3887","REMOVE_QUOTED_SCRIPTURE","REMOVE_QUOTED_SCRIPTURE","Put on the full armor of God, so that you can take your stand against the devil's schemes.","","Put on the full armor of God, so that you can take your stand against the devil’s schemes.","Put on the full armor of God, so that you can take your stand against the devil’s schemes.","","","QUOTED_OR_EMBEDDED","QUOTED_SCRIPTURE","REMOVE_FROM_DIRECTIVES","reproduced scripture"
"3887#1","3887","REMOVE_QUOTED_SCRIPTURE","REMOVE_QUOTED_SCRIPTURE","Stand firm then, with the belt of truth buckled around your waist, with the breastplate of righteousness in place, and with your feet fitted with the readiness that comes from the gospel of peace.","","Stand firm then, with the belt of truth buckled around your waist, with the breastplate of righteousness in place, and with your feet fitted with the readiness that comes from the gospel of peace.","Stand firm then, with the belt of truth buckled around your waist, with the breastplate of righteousness in place, and with your feet fitted with the readiness that comes from the gospel of peace.","","","QUOTED_OR_EMBEDDED","QUOTED_SCRIPTURE","REMOVE_FROM_DIRECTIVES","reproduced scripture"
"3887#2","3887","REMOVE_QUOTED_SCRIPTURE","REMOVE_QUOTED_SCRIPTURE","Take the helmet of salvation and the sword of the Spirit, which is the word of God.","","Take the helmet of salvation and the sword of the Spirit, which is the word of God.","Take the helmet of salvation and the sword of the Spirit, which is the word of God.","","","QUOTED_OR_EMBEDDED","QUOTED_SCRIPTURE","REMOVE_FROM_DIRECTIVES","reproduced scripture"
"3889#0","3889","KEEP_Q_DIRECTIVE","KEEP_Q_DIRECTIVE","Have faith and trust in yourself.","Have faith and trust in yourself.","have faith","have faith","","","Q_AUTHORED_CURRENT_POST","Q_BODY","KEEP","OWNER RULING R3: ""have faith"" is an imperative — an instruction to maintain confidence, belief or morale."
"3890#0","3890","REMOVE_BLESSING_OR_VALEDICTION","REMOVE_BLESSING_OR_VALEDICTION","Godspeed.","","Godspeed.","Godspeed.","","","Q_AUTHORED_CURRENT_POST","Q_BODY","REMOVE_FROM_DIRECTIVES","blessing or valediction, not a command"
"3895#0","3895","KEEP_Q_DIRECTIVE","KEEP_Q_DIRECTIVE","Do not fear.","Do not fear.","Do not fear.","Do not fear.","","","Q_AUTHORED_CURRENT_POST","Q_BODY","KEEP","canonical post body, no embedded-source evidence"
"3896#0","3896","KEEP_Q_DIRECTIVE","KEEP_Q_DIRECTIVE",">Push new/revised P_2020 > vote by mail? [unsecure] https://twitter.com/TomFitton/status/1242071506445885441",">Push new/revised P_2020 > vote by mail? [unsecure] https://twitter.com/TomFitton/status/1242071506445885441",">Push new/revised P_2020 > vote by mail? [unsecure]",">Push new/revised P_2020 > vote by mail? [unsecure]","","","Q_AUTHORED_CURRENT_POST","Q_BODY","KEEP","greentext arrow with no matching quoted source — Q's own bullet"
"3905#0","3905","KEEP_Q_DIRECTIVE","KEEP_Q_DIRECTIVE","Read again – digest.","Read again – digest.","Read again – digest.","Read again – digest.","","","Q_AUTHORED_CURRENT_POST","Q_BODY","KEEP","canonical post body, no embedded-source evidence"
"3906#0","3906","KEEP_Q_DIRECTIVE","KEEP_Q_DIRECTIVE",">Decide for yourself (be free from outside opinion).",">Decide for yourself (be free from outside opinion).",">Decide for yourself (be free from outside opinion).",">Decide for yourself (be free from outside opinion).","","","Q_AUTHORED_CURRENT_POST","Q_BODY","KEEP","greentext arrow with no matching quoted source — Q's own bullet"
"3906#1","3906","KEEP_Q_DIRECTIVE","KEEP_Q_DIRECTIVE",">Decide for yourself (be objective in your conclusions).",">Decide for yourself (be objective in your conclusions).",">Decide for yourself (be objective in your conclusions).",">Decide for yourself (be objective in your conclusions).","","","Q_AUTHORED_CURRENT_POST","Q_BODY","KEEP","greentext arrow with no matching quoted source — Q's own bullet"
"3906#2","3906","KEEP_Q_DIRECTIVE","KEEP_Q_DIRECTIVE",">Decide for yourself (be true in your own beliefs).",">Decide for yourself (be true in your own beliefs).",">Decide for yourself (be true in your own beliefs).",">Decide for yourself (be true in your own beliefs).","","","Q_AUTHORED_CURRENT_POST","Q_BODY","KEEP","greentext arrow with no matching quoted source — Q's own bullet"
"3906#3","3906","KEEP_Q_DIRECTIVE","KEEP_Q_DIRECTIVE",">Decide for yourself (be open to following the facts).",">Decide for yourself (be open to following the facts).",">Decide for yourself (be open to following the facts).",">Decide for yourself (be open to following the facts).","","","Q_AUTHORED_CURRENT_POST","Q_BODY","KEEP","greentext arrow with no matching quoted source — Q's own bullet"
"3906#4","3906","KEEP_Q_DIRECTIVE","KEEP_Q_DIRECTIVE",">Decide for yourself (be strong in defending your beliefs).",">Decide for yourself (be strong in defending your beliefs).",">Decide for yourself (be strong in defending your beliefs).",">Decide for yourself (be strong in defending your beliefs).","","","Q_AUTHORED_CURRENT_POST","Q_BODY","KEEP","greentext arrow with no matching quoted source — Q's own bullet"
"3906#5","3906","KEEP_Q_DIRECTIVE","KEEP_Q_DIRECTIVE",">Decide for yourself (be resistant to blindly accepting fact-less statements).",">Decide for yourself (be resistant to blindly accepting fact-less statements).",">Decide for yourself (be resistant to blindly accepting fact-less statements).",">Decide for yourself (be resistant to blindly accepting fact-less statements).","","","Q_AUTHORED_CURRENT_POST","Q_BODY","KEEP","greentext arrow with no matching quoted source — Q's own bullet"
"3906#6","3906","KEEP_Q_DIRECTIVE","KEEP_Q_DIRECTIVE","Trust and put faith in yourself.","Trust and put faith in yourself.","Trust and put faith in yourself.","Trust and put faith in yourself.","","","Q_AUTHORED_CURRENT_POST","Q_BODY","KEEP","canonical post body, no embedded-source evidence"
"3907#0","3907","KEEP_Q_DIRECTIVE","KEEP_Q_DIRECTIVE","Remember the battles of Lexington and Concord - ""Give Me Liberty or Give Me Death!""","Remember the battles of Lexington and Concord - ""Give Me Liberty or Give Me Death!""","Remember the battles of Lexington and Concord - ""Give Me Liberty or Give Me Death!""","Remember the battles of Lexington and Concord - ""Give Me Liberty or Give Me Death!""","","","Q_AUTHORED_CURRENT_POST","Q_BODY","KEEP","long sentence inside a drop whose dominant register is Q — prose shape alone is not a quotation"
"3907#1","3907","REMOVE_BLESSING_OR_VALEDICTION","REMOVE_BLESSING_OR_VALEDICTION","GOD BLESS AMERICA.","","GOD BLESS AMERICA.","GOD BLESS AMERICA.","","","Q_AUTHORED_CURRENT_POST","Q_BODY","REMOVE_FROM_DIRECTIVES","blessing or valediction, not a command"
"3907#2","3907","KEEP_Q_DIRECTIVE","KEEP_Q_DIRECTIVE","WE MUST RISE AGAIN.","WE MUST RISE AGAIN.","WE MUST RISE AGAIN.","WE MUST RISE AGAIN.","","","Q_AUTHORED_CURRENT_POST","Q_BODY","KEEP","canonical post body, no embedded-source evidence"
"3907#3","3907","KEEP_Q_DIRECTIVE","KEEP_Q_DIRECTIVE","WE MUST UNITE AGAIN.","WE MUST UNITE AGAIN.","WE MUST UNITE AGAIN.","WE MUST UNITE AGAIN.","","","Q_AUTHORED_CURRENT_POST","Q_BODY","KEEP","canonical post body, no embedded-source evidence"
"3907#4","3907","KEEP_Q_DIRECTIVE","KEEP_Q_DIRECTIVE","WE MUST FIGHT AGAIN.","WE MUST FIGHT AGAIN.","WE MUST FIGHT AGAIN.","WE MUST FIGHT AGAIN.","","","Q_AUTHORED_CURRENT_POST","Q_BODY","KEEP","canonical post body, no embedded-source evidence"
"3909#0","3909","KEEP_Q_DIRECTIVE","KEEP_Q_DIRECTIVE","Read in order.","Read in order.","Read in order.","Read in order.","","","Q_AUTHORED_CURRENT_POST","Q_BODY","KEEP","canonical post body, no embedded-source evidence"
"3911#0","3911","KEEP_Q_DIRECTIVE","KEEP_Q_DIRECTIVE","Define propaganda.","Define propaganda.","Define propaganda.","Define propaganda.","","","Q_AUTHORED_CURRENT_POST","Q_BODY","KEEP","canonical post body, no embedded-source evidence"
"3912#0","3912","KEEP_Q_DIRECTIVE","KEEP_Q_DIRECTIVE","Read and discern for yourself.","Read and discern for yourself.","Read and discern for yourself.","Read and discern for yourself.","","","Q_AUTHORED_CURRENT_POST","Q_BODY","KEEP","canonical post body, no embedded-source evidence"
"3913#0","3913","KEEP_Q_DIRECTIVE","KEEP_Q_DIRECTIVE","Think voting.","Think voting.","Think voting.","Think voting.","","","Q_AUTHORED_CURRENT_POST","Q_BODY","KEEP","canonical post body, no embedded-source evidence"
"3920#0","3920","KEEP_Q_DIRECTIVE","KEEP_Q_DIRECTIVE","Define 'Traitor'.","Define 'Traitor'.","Define 'Traitor'.","Define 'Traitor'.","","","Q_AUTHORED_CURRENT_POST","Q_BODY","KEEP","canonical post body, no embedded-source evidence"
"3923#0","3923","KEEP_Q_DIRECTIVE","KEEP_Q_DIRECTIVE","Compare and contrast.","Compare and contrast.","Compare and contrast.","Compare and contrast.","","","Q_AUTHORED_CURRENT_POST","Q_BODY","KEEP","canonical post body, no embedded-source evidence"
"3929#0","3929","KEEP_Q_DIRECTIVE","KEEP_Q_DIRECTIVE","Think CEO departures.","Think CEO departures.","Think CEO departures.","Think CEO departures.","","","Q_AUTHORED_CURRENT_POST","Q_BODY","KEEP","canonical post body, no embedded-source evidence"
"3929#1","3929","KEEP_Q_DIRECTIVE","KEEP_Q_DIRECTIVE","Think FBI departures.","Think FBI departures.","Think FBI departures.","Think FBI departures.","","","Q_AUTHORED_CURRENT_POST","Q_BODY","KEEP","canonical post body, no embedded-source evidence"
"3929#2","3929","KEEP_Q_DIRECTIVE","KEEP_Q_DIRECTIVE","Think DOJ departures.","Think DOJ departures.","Think DOJ departures.","Think DOJ departures.","","","Q_AUTHORED_CURRENT_POST","Q_BODY","KEEP","canonical post body, no embedded-source evidence"
"3929#3","3929","KEEP_Q_DIRECTIVE","KEEP_Q_DIRECTIVE","Think WH departures.","Think WH departures.","Think WH departures.","Think WH departures.","","","Q_AUTHORED_CURRENT_POST","Q_BODY","KEEP","canonical post body, no embedded-source evidence"
"3929#4","3929","KEEP_Q_DIRECTIVE","KEEP_Q_DIRECTIVE","Think DIA departures.","Think DIA departures.","Think DIA departures.","Think DIA departures.","","","Q_AUTHORED_CURRENT_POST","Q_BODY","KEEP","canonical post body, no embedded-source evidence"
"3929#5","3929","KEEP_Q_DIRECTIVE","KEEP_Q_DIRECTIVE","Think Pentagon departures.","Think Pentagon departures.","Think Pentagon departures.","Think Pentagon departures.","","","Q_AUTHORED_CURRENT_POST","Q_BODY","KEEP","canonical post body, no embedded-source evidence"
"3929#6","3929","KEEP_Q_DIRECTIVE","KEEP_Q_DIRECTIVE","Think Senate departures.","Think Senate departures.","Think Senate departures.","Think Senate departures.","","","Q_AUTHORED_CURRENT_POST","Q_BODY","KEEP","canonical post body, no embedded-source evidence"
"3929#7","3929","KEEP_Q_DIRECTIVE","KEEP_Q_DIRECTIVE","Think House departures.","Think House departures.","Think House departures.","Think House departures.","","","Q_AUTHORED_CURRENT_POST","Q_BODY","KEEP","canonical post body, no embedded-source evidence"
"3929#8","3929","KEEP_Q_DIRECTIVE","KEEP_Q_DIRECTIVE","Think Amb departures.","Think Amb departures.","Think Amb departures.","Think Amb departures.","","","Q_AUTHORED_CURRENT_POST","Q_BODY","KEEP","canonical post body, no embedded-source evidence"
"3929#9","3929","KEEP_Q_DIRECTIVE","KEEP_Q_DIRECTIVE","Think IG departures.","Think IG departures.","Think IG departures.","Think IG departures.","","","Q_AUTHORED_CURRENT_POST","Q_BODY","KEEP","canonical post body, no embedded-source evidence"
"3929#10","3929","KEEP_Q_DIRECTIVE","KEEP_Q_DIRECTIVE","Think Judge install.","Think Judge install.","Think Judge install.","Think Judge install.","","","Q_AUTHORED_CURRENT_POST","Q_BODY","KEEP","canonical post body, no embedded-source evidence"
"3929#11","3929","KEEP_Q_DIRECTIVE","KEEP_Q_DIRECTIVE","Think SC install.","Think SC install.","Think SC install.","Think SC install.","","","Q_AUTHORED_CURRENT_POST","Q_BODY","KEEP","canonical post body, no embedded-source evidence"
"3929#12","3929","KEEP_Q_DIRECTIVE","KEEP_Q_DIRECTIVE","Think WH install.","Think WH install.","Think WH install.","Think WH install.","","","Q_AUTHORED_CURRENT_POST","Q_BODY","KEEP","canonical post body, no embedded-source evidence"
"3929#13","3929","KEEP_Q_DIRECTIVE","KEEP_Q_DIRECTIVE","Think FBI install.","Think FBI install.","Think FBI install.","Think FBI install.","","","Q_AUTHORED_CURRENT_POST","Q_BODY","KEEP","canonical post body, no embedded-source evidence"
"3929#14","3929","KEEP_Q_DIRECTIVE","KEEP_Q_DIRECTIVE","Think C_A install.","Think C_A install.","Think C_A install.","Think C_A install.","","","Q_AUTHORED_CURRENT_POST","Q_BODY","KEEP","canonical post body, no embedded-source evidence"
"3929#15","3929","KEEP_Q_DIRECTIVE","KEEP_Q_DIRECTIVE","Think DOJ install.","Think DOJ install.","Think DOJ install.","Think DOJ install.","","","Q_AUTHORED_CURRENT_POST","Q_BODY","KEEP","canonical post body, no embedded-source evidence"
"3929#16","3929","KEEP_Q_DIRECTIVE","KEEP_Q_DIRECTIVE","Think US ATT install.","Think US ATT install.","Think US ATT install.","Think US ATT install.","","","Q_AUTHORED_CURRENT_POST","Q_BODY","KEEP","canonical post body, no embedded-source evidence"
"3929#17","3929","KEEP_Q_DIRECTIVE","KEEP_Q_DIRECTIVE","Think State departures.","Think State departures.","Think State departures.","Think State departures.","","","Q_AUTHORED_CURRENT_POST","Q_BODY","KEEP","canonical post body, no embedded-source evidence"
"3929#18","3929","KEEP_Q_DIRECTIVE","KEEP_Q_DIRECTIVE","Patriots: be cautious in your interpretations of info posted.","Patriots: be cautious in your interpretations of info posted.","Patriots: be cautious in your interpretations of info posted.","Patriots: be cautious in your interpretations of info posted.","","","Q_AUTHORED_CURRENT_POST","Q_BODY","KEEP","canonical post body, no embedded-source evidence"
"393#0","393","REMOVE_BLESSING_OR_VALEDICTION","REMOVE_BLESSING_OR_VALEDICTION","Godspeed, Q","","Godspeed,","Godspeed,","","","Q_AUTHORED_CURRENT_POST","Q_BODY","REMOVE_FROM_DIRECTIVES","blessing/valediction, Q signature cut into its own span (rule 7)"
"3937#0","3937","KEEP_Q_DIRECTIVE","KEEP_Q_DIRECTIVE","Trust and believe in yourself.","Trust and believe in yourself.","Trust and believe in yourself.","Trust and believe in yourself.","","","Q_AUTHORED_CURRENT_POST","Q_BODY","KEEP","canonical post body, no embedded-source evidence"
"394#0","394","REMOVE_BLESSING_OR_VALEDICTION","REMOVE_BLESSING_OR_VALEDICTION","Godspeed, Q","","Godspeed,","Godspeed,","","","Q_AUTHORED_CURRENT_POST","Q_BODY","REMOVE_FROM_DIRECTIVES","blessing/valediction, Q signature cut into its own span (rule 7)"
"395#0","395","KEEP_Q_DIRECTIVE","KEEP_Q_DIRECTIVE","Show the World Our Power.","Show the World Our Power.","Show the World Our Power.","Show the World Our Power.","","","Q_AUTHORED_CURRENT_POST","Q_BODY","KEEP","canonical post body, no embedded-source evidence"
"3950#0","3950","REMOVE_BLESSING_OR_VALEDICTION","REMOVE_BLESSING_OR_VALEDICTION","God bless each and every one of you.","","God bless each and every one of you.","God bless each and every one of you.","","","Q_AUTHORED_CURRENT_POST","Q_BODY","REMOVE_FROM_DIRECTIVES","blessing or valediction, not a command"
"3957#0","3957","KEEP_Q_DIRECTIVE","KEEP_Q_DIRECTIVE","Think 2020_P election +1.","Think 2020_P election +1.","Think 2020_P election +1.","Think 2020_P election +1.","","","Q_AUTHORED_CURRENT_POST","Q_BODY","KEEP","canonical post body, no embedded-source evidence"
"3964#0","3964","KEEP_Q_DIRECTIVE","KEEP_Q_DIRECTIVE","Think for yourself.","Think for yourself.","Think for yourself.","Think for yourself.","","","Q_AUTHORED_CURRENT_POST","Q_BODY","KEEP","canonical post body, no embedded-source evidence"
"3964#1","3964","KEEP_Q_DIRECTIVE","KEEP_Q_DIRECTIVE","Trust yourself.","Trust yourself.","Trust yourself.","Trust yourself.","","","Q_AUTHORED_CURRENT_POST","Q_BODY","KEEP","canonical post body, no embedded-source evidence"
"3964#2","3964","KEEP_Q_DIRECTIVE","KEEP_Q_DIRECTIVE","Be informed.","Be informed.","Be informed.","Be informed.","","","Q_AUTHORED_CURRENT_POST","Q_BODY","KEEP","canonical post body, no embedded-source evidence"
"3966#0","3966","KEEP_Q_DIRECTIVE","KEEP_Q_DIRECTIVE","Imagine if we weren't here.","Imagine if we weren't here.","Imagine if we weren't here.","Imagine if we weren't here.","","","Q_AUTHORED_CURRENT_POST","Q_BODY","KEEP","canonical post body, no embedded-source evidence"
"3970#0","3970","KEEP_Q_DIRECTIVE","KEEP_Q_DIRECTIVE","Think 2016.","Think 2016.","Think 2016.","Think 2016.","","","Q_AUTHORED_CURRENT_POST","Q_BODY","KEEP","canonical post body, no embedded-source evidence"
"3970#1","3970","KEEP_Q_DIRECTIVE","KEEP_Q_DIRECTIVE","Think 2020.","Think 2020.","Think 2020.","Think 2020.","","","Q_AUTHORED_CURRENT_POST","Q_BODY","KEEP","canonical post body, no embedded-source evidence"
"3970#2","3970","KEEP_Q_DIRECTIVE","KEEP_Q_DIRECTIVE","Think of the World Awakening.","Think of the World Awakening.","Think of the World Awakening.","Think of the World Awakening.","","","Q_AUTHORED_CURRENT_POST","Q_BODY","KEEP","canonical post body, no embedded-source evidence"
"3972#0","3972","KEEP_Q_DIRECTIVE","KEEP_Q_DIRECTIVE","Think then.","Think then.","Think then.","Think then.","","","Q_AUTHORED_CURRENT_POST","Q_BODY","KEEP","canonical post body, no embedded-source evidence"
"3972#1","3972","KEEP_Q_DIRECTIVE","KEEP_Q_DIRECTIVE","Think now.","Think now.","Think now.","Think now.","","","Q_AUTHORED_CURRENT_POST","Q_BODY","KEEP","canonical post body, no embedded-source evidence"
"3972#2","3972","KEEP_Q_DIRECTIVE","KEEP_Q_DIRECTIVE","Start [15:40]","Start [15:40]","Start [15:40]","Start [15:40]","","","Q_AUTHORED_CURRENT_POST","Q_BODY","KEEP","canonical post body, no embedded-source evidence"
"3975#0","3975","KEEP_Q_DIRECTIVE","KEEP_Q_DIRECTIVE","Clear your mind.","Clear your mind.","Clear your mind.","Clear your mind.","","","Q_AUTHORED_CURRENT_POST","Q_BODY","KEEP","canonical post body, no embedded-source evidence"
"399#0","399","KEEP_Q_DIRECTIVE","KEEP_Q_DIRECTIVE","Find the exchange 2 days ago.","Find the exchange 2 days ago.","Find the exchange 2 days ago.","Find the exchange 2 days ago.","","","Q_AUTHORED_CURRENT_POST","Q_BODY","KEEP","canonical post body, no embedded-source evidence"
"3990#0","3990","KEEP_Q_DIRECTIVE","KEEP_Q_DIRECTIVE","RECONCILE.","RECONCILE.","RECONCILE.","RECONCILE.","","","Q_AUTHORED_CURRENT_POST","Q_BODY","KEEP","canonical post body, no embedded-source evidence"
"3993#0","3993","KEEP_Q_DIRECTIVE","KEEP_Q_DIRECTIVE","REMEMBER THIS IMPORTANT FACT.","REMEMBER THIS IMPORTANT FACT.","REMEMBER THIS IMPORTANT FACT.","REMEMBER THIS IMPORTANT FACT.","","","Q_AUTHORED_CURRENT_POST","Q_BODY","KEEP","canonical post body, no embedded-source evidence"
"3993#1","3993","KEEP_Q_DIRECTIVE","KEEP_Q_DIRECTIVE","Think NUNES memo v SCHIFF.","Think NUNES memo v SCHIFF.","Think NUNES memo v SCHIFF.","Think NUNES memo v SCHIFF.","","","Q_AUTHORED_CURRENT_POST","Q_BODY","KEEP","canonical post body, no embedded-source evidence"
"4#0","4","KEEP_Q_DIRECTIVE","KEEP_Q_DIRECTIVE","Focus on Military Intellingence/ State Secrets and why might that be used vs any three letter agency","Focus on Military Intellingence/ State Secrets and why might that be used vs any three letter agency","Focus on Military Intellingence/ State Secrets and why might that be used vs any three letter agency","Focus on Military Intellingence/ State Secrets and why might that be used vs any three letter agency","","","Q_AUTHORED_CURRENT_POST","Q_BODY","KEEP","long sentence inside a drop whose dominant register is Q — prose shape alone is not a quotation"
"4#1","4","KEEP_Q_DIRECTIVE","KEEP_Q_DIRECTIVE","Don't fool yourself into thinking Obama, Soros, Roth's, Clinton's etc have more power present day than POTUS.","Don’t fool yourself into thinking Obama, Soros, Roth’s, Clinton’s etc have more power present day than POTUS.","Don’t fool yourself into thinking Obama, Soros, Roth’s, Clinton’s etc have more power present day than POTUS.","Don’t fool yourself into thinking Obama, Soros, Roth’s, Clinton’s etc have more power present day than POTUS.","","","Q_AUTHORED_CURRENT_POST","Q_BODY","KEEP","long sentence inside a drop whose dominant register is Q — prose shape alone is not a quotation"
"4#2","4","KEEP_Q_DIRECTIVE","KEEP_Q_DIRECTIVE","Sit back and enjoy the show.","Sit back and enjoy the show.","Sit back and enjoy the show.","Sit back and enjoy the show.","","","Q_AUTHORED_CURRENT_POST","Q_BODY","KEEP","canonical post body, no embedded-source evidence"
"4#3","4","KEEP_Q_DIRECTIVE","KEEP_Q_DIRECTIVE","Again, there are a lot more good people than bad so have faith.","Again, there are a lot more good people than bad so have faith.","have faith","have faith","","","Q_AUTHORED_CURRENT_POST","Q_BODY","KEEP","OWNER RULING R3: ""have faith"" is an imperative — an instruction to maintain confidence, belief or morale."
"4005#0","4005","KEEP_Q_DIRECTIVE","KEEP_Q_DIRECTIVE","Close.","Close.","Close.","Close.","","","Q_AUTHORED_CURRENT_POST","Q_BODY","KEEP","canonical post body, no embedded-source evidence"
"4006#0","4006","KEEP_Q_DIRECTIVE","KEEP_Q_DIRECTIVE","Be ready.","Be ready.","Be ready.","Be ready.","","","Q_AUTHORED_CURRENT_POST","Q_BODY","KEEP","canonical post body, no embedded-source evidence"
"4008#0","4008","KEEP_Q_DIRECTIVE","KEEP_Q_DIRECTIVE","Read slowly and carefully.","Read slowly and carefully.","Read slowly and carefully.","Read slowly and carefully.","","","Q_AUTHORED_CURRENT_POST","Q_BODY","KEEP","canonical post body, no embedded-source evidence"
"401#0","401","KEEP_Q_DIRECTIVE","KEEP_Q_DIRECTIVE","Test.","Test.","Test.","Test.","","","Q_AUTHORED_CURRENT_POST","Q_BODY","KEEP","canonical post body, no embedded-source evidence"
"4011#0","4011","KEEP_Q_DIRECTIVE","KEEP_Q_DIRECTIVE","CROSS WIND","CROSS WIND","CROSS WIND","CROSS WIND","","","Q_AUTHORED_CURRENT_POST","Q_BODY","KEEP","canonical post body, no embedded-source evidence"
"4014#0","4014","KEEP_Q_DIRECTIVE","KEEP_Q_DIRECTIVE","Define 'insurgency'.","Define 'insurgency'.","Define 'insurgency'.","Define 'insurgency'.","","","Q_AUTHORED_CURRENT_POST","Q_BODY","KEEP","canonical post body, no embedded-source evidence"
"4020#0","4020","KEEP_Q_DIRECTIVE","KEEP_Q_DIRECTIVE","Control the narrative [control of you].","Control the narrative [control of you].","Control the narrative [control of you].","Control the narrative [control of you].","","","Q_AUTHORED_CURRENT_POST","Q_BODY","KEEP","canonical post body, no embedded-source evidence"
"4021#0","4021","KEEP_Q_DIRECTIVE","KEEP_Q_DIRECTIVE","Think SIGINT","Think SIGINT","Think SIGINT","Think SIGINT","","","Q_AUTHORED_CURRENT_POST","Q_BODY","KEEP","canonical post body, no embedded-source evidence"
"4021#1","4021","KEEP_Q_DIRECTIVE","KEEP_Q_DIRECTIVE","Think CIA","Think CIA","Think CIA","Think CIA","","","Q_AUTHORED_CURRENT_POST","Q_BODY","KEEP","canonical post body, no embedded-source evidence"
"4021#2","4021","KEEP_Q_DIRECTIVE","KEEP_Q_DIRECTIVE","Think Double agents","Think Double agents","Think Double agents","Think Double agents","","","Q_AUTHORED_CURRENT_POST","Q_BODY","KEEP","canonical post body, no embedded-source evidence"
"4024#0","4024","KEEP_Q_DIRECTIVE","KEEP_Q_DIRECTIVE","YOU MUST SHOW THEM.","YOU MUST SHOW THEM.","YOU MUST SHOW THEM.","YOU MUST SHOW THEM.","","","Q_AUTHORED_CURRENT_POST","Q_BODY","KEEP","canonical post body, no embedded-source evidence"
"404#0","404","KEEP_Q_DIRECTIVE","KEEP_Q_DIRECTIVE","Pass entered incorrectly first time.","Pass entered incorrectly first time.","Pass entered incorrectly first time.","Pass entered incorrectly first time.","","","Q_AUTHORED_CURRENT_POST","Q_BODY","KEEP","canonical post body, no embedded-source evidence"
"4045#0","4045","KEEP_Q_DIRECTIVE","KEEP_Q_DIRECTIVE","Think timing.","Think timing.","Think timing.","Think timing.","","","Q_AUTHORED_CURRENT_POST","Q_BODY","KEEP","canonical post body, no embedded-source evidence"
"405#0","405","KEEP_Q_DIRECTIVE","KEEP_Q_DIRECTIVE","Find the exchange.","Find the exchange.","Find the exchange.","Find the exchange.","","","Q_AUTHORED_CURRENT_POST","Q_BODY","KEEP","canonical post body, no embedded-source evidence"
"406#0","406","KEEP_Q_DIRECTIVE","KEEP_Q_DIRECTIVE","Test.","Test.","Test.","Test.","","","Q_AUTHORED_CURRENT_POST","Q_BODY","KEEP","canonical post body, no embedded-source evidence"
"4076#0","4076","KEEP_Q_DIRECTIVE","KEEP_Q_DIRECTIVE","YOU MUST SHOW THEM.","YOU MUST SHOW THEM.","YOU MUST SHOW THEM.","YOU MUST SHOW THEM.","","","Q_AUTHORED_CURRENT_POST","Q_BODY","KEEP","canonical post body, no embedded-source evidence"
"4079#0","4079","KEEP_Q_DIRECTIVE","KEEP_Q_DIRECTIVE","Listen carefully.","Listen carefully.","Listen carefully.","Listen carefully.","","","Q_AUTHORED_CURRENT_POST","Q_BODY","KEEP","canonical post body, no embedded-source evidence"
"4084#0","4084","KEEP_Q_DIRECTIVE","KEEP_Q_DIRECTIVE","Digest - know your rights.","Digest - know your rights.","Digest - know your rights.","Digest - know your rights.","","","Q_AUTHORED_CURRENT_POST","Q_BODY","KEEP","canonical post body, no embedded-source evidence"
"4088#0","4088","KEEP_Q_DIRECTIVE","KEEP_Q_DIRECTIVE","Reconcile.","Reconcile.","Reconcile.","Reconcile.","","","Q_AUTHORED_CURRENT_POST","Q_BODY","KEEP","canonical post body, no embedded-source evidence"
"4089#0","4089","KEEP_Q_DIRECTIVE","KEEP_Q_DIRECTIVE","YOU MUST SHOW THEM.","YOU MUST SHOW THEM.","YOU MUST SHOW THEM.","YOU MUST SHOW THEM.","","","Q_AUTHORED_CURRENT_POST","Q_BODY","KEEP","canonical post body, no embedded-source evidence"
"4089#1","4089","KEEP_Q_DIRECTIVE","KEEP_Q_DIRECTIVE","It's time to wake up.","It's time to wake up.","It's time to wake up.","It's time to wake up.","","","Q_AUTHORED_CURRENT_POST","Q_BODY","KEEP","canonical post body, no embedded-source evidence"
"409#0","409","KEEP_Q_DIRECTIVE","KEEP_Q_DIRECTIVE","Correct exchange.","Correct exchange.","Correct exchange.","Correct exchange.","","","Q_AUTHORED_CURRENT_POST","Q_BODY","KEEP","canonical post body, no embedded-source evidence"
"409#1","409","KEEP_Q_DIRECTIVE","KEEP_Q_DIRECTIVE","Have faith.","Have faith.","have faith","have faith","","","Q_AUTHORED_CURRENT_POST","Q_BODY","KEEP","OWNER RULING R3: ""have faith"" is an imperative — an instruction to maintain confidence, belief or morale."
"4090#0","4090","KEEP_Q_DIRECTIVE","KEEP_Q_DIRECTIVE","Know your rights.","Know your rights.","Know your rights.","Know your rights.","","","Q_AUTHORED_CURRENT_POST","Q_BODY","KEEP","canonical post body, no embedded-source evidence"
"4096#0","4096","KEEP_Q_DIRECTIVE","KEEP_Q_DIRECTIVE","Imagine that.","Imagine that.","Imagine that.","Imagine that.","","","Q_AUTHORED_CURRENT_POST","Q_BODY","KEEP","canonical post body, no embedded-source evidence"
"4097#0","4097","KEEP_Q_DIRECTIVE","KEEP_Q_DIRECTIVE","Ask yourself, why?","Ask yourself, why?","Ask yourself, why?","Ask yourself, why?","","","Q_AUTHORED_CURRENT_POST","Q_BODY","KEEP","canonical post body, no embedded-source evidence"
"4098#0","4098","KEEP_Q_DIRECTIVE","KEEP_Q_DIRECTIVE","Define 'Renegade'.","Define 'Renegade'.","Define 'Renegade'.","Define 'Renegade'.","","","Q_AUTHORED_CURRENT_POST","Q_BODY","KEEP","canonical post body, no embedded-source evidence"
"41#0","41","KEEP_Q_DIRECTIVE","KEEP_Q_DIRECTIVE","Enjoy the crumbs.","Enjoy the crumbs.","Enjoy the crumbs.","Enjoy the crumbs.","","","Q_AUTHORED_CURRENT_POST","Q_BODY","KEEP","canonical post body, no embedded-source evidence"
"4101#0","4101","KEEP_Q_DIRECTIVE","KEEP_Q_DIRECTIVE","Use discernment.","Use discernment.","Use discernment.","Use discernment.","","","Q_AUTHORED_CURRENT_POST","Q_BODY","KEEP","canonical post body, no embedded-source evidence"
"4101#1","4101","KEEP_Q_DIRECTIVE","KEEP_Q_DIRECTIVE","Question what you read [from every source].","Question what you read [from every source].","Question what you read [from every source].","Question what you read [from every source].","","","Q_AUTHORED_CURRENT_POST","Q_BODY","KEEP","canonical post body, no embedded-source evidence"
"4102#0","4102","KEEP_Q_DIRECTIVE","KEEP_Q_DIRECTIVE","See previous post.","See previous post.","See previous post.","See previous post.","","","Q_AUTHORED_CURRENT_POST","Q_BODY","KEEP","canonical post body, no embedded-source evidence"
"4104#0","4104","KEEP_Q_DIRECTIVE","KEEP_Q_DIRECTIVE","Reconcile.","Reconcile.","Reconcile.","Reconcile.","","","Q_AUTHORED_CURRENT_POST","Q_BODY","KEEP","canonical post body, no embedded-source evidence"
"4105#0","4105","KEEP_Q_DIRECTIVE","KEEP_Q_DIRECTIVE","Think MSM daily attacks [losing ground].","Think MSM daily attacks [losing ground].","Think MSM daily attacks [losing ground].","Think MSM daily attacks [losing ground].","","","Q_AUTHORED_CURRENT_POST","Q_BODY","KEEP","canonical post body, no embedded-source evidence"
"411#0","411","KEEP_Q_DIRECTIVE","KEEP_Q_DIRECTIVE","Test.","Test.","Test.","Test.","","","Q_AUTHORED_CURRENT_POST","Q_BODY","KEEP","canonical post body, no embedded-source evidence"
"4115#0","4115","KEEP_Q_DIRECTIVE","KEEP_Q_DIRECTIVE","YOU MUST SHOW THEM.","YOU MUST SHOW THEM.","YOU MUST SHOW THEM.","YOU MUST SHOW THEM.","","","Q_AUTHORED_CURRENT_POST","Q_BODY","KEEP","canonical post body, no embedded-source evidence"
"4121#0","4121","KEEP_Q_DIRECTIVE","KEEP_Q_DIRECTIVE","YOU MUST SHOW THEM.","YOU MUST SHOW THEM.","YOU MUST SHOW THEM.","YOU MUST SHOW THEM.","","","Q_AUTHORED_CURRENT_POST","Q_BODY","KEEP","canonical post body, no embedded-source evidence"
"4123#0","4123","KEEP_Q_DIRECTIVE","KEEP_Q_DIRECTIVE","Define 'backchannel'.","Define 'backchannel'.","Define 'backchannel'.","Define 'backchannel'.","","","Q_AUTHORED_CURRENT_POST","Q_BODY","KEEP","canonical post body, no embedded-source evidence"
"4124#0","4124","KEEP_Q_DIRECTIVE","KEEP_Q_DIRECTIVE","Follow the money.","Follow the money.","Follow the money.","Follow the money.","","","Q_AUTHORED_CURRENT_POST","Q_BODY","KEEP","canonical post body, no embedded-source evidence"
"413#0","413","KEEP_Q_DIRECTIVE","KEEP_Q_DIRECTIVE","Track CEO resignations.","Track CEO resignations.","Track CEO resignations.","Track CEO resignations.","","","Q_AUTHORED_CURRENT_POST","Q_BODY","KEEP","canonical post body, no embedded-source evidence"
"4133#0","4133","KEEP_Q_DIRECTIVE","KEEP_Q_DIRECTIVE","Think [BOOM] drops this week and next [2019, 2020][+1].","Think [BOOM] drops this week and next [2019, 2020][+1].","Think [BOOM] drops this week and next [2019, 2020][+1].","Think [BOOM] drops this week and next [2019, 2020][+1].","","","Q_AUTHORED_CURRENT_POST","Q_BODY","KEEP","canonical post body, no embedded-source evidence"
"4135#0","4135","KEEP_Q_DIRECTIVE","KEEP_Q_DIRECTIVE","It's time to wake up.","It's time to wake up.","It's time to wake up.","It's time to wake up.","","","Q_AUTHORED_CURRENT_POST","Q_BODY","KEEP","canonical post body, no embedded-source evidence"
"4138#0","4138","KEEP_Q_DIRECTIVE","KEEP_Q_DIRECTIVE","Watch the news today, tomorrow, next week.","Watch the news today, tomorrow, next week.","Watch the news today, tomorrow, next week.","Watch the news today, tomorrow, next week.","","","Q_AUTHORED_CURRENT_POST","Q_BODY","KEEP","canonical post body, no embedded-source evidence"
"414#0","414","REMOVE_BLESSING_OR_VALEDICTION","REMOVE_BLESSING_OR_VALEDICTION","God bless, Patriot.","","God bless, Patriot.","God bless, Patriot.","","","Q_AUTHORED_CURRENT_POST","Q_BODY","REMOVE_FROM_DIRECTIVES","blessing or valediction, not a command"
"4140#0","4140","KEEP_Q_DIRECTIVE","KEEP_Q_DIRECTIVE","LET FREEDOM RING!","LET FREEDOM RING!","LET FREEDOM RING!","LET FREEDOM RING!","","","Q_AUTHORED_CURRENT_POST","Q_BODY","KEEP","canonical post body, no embedded-source evidence"
"4141#0","4141","KEEP_Q_DIRECTIVE","KEEP_Q_DIRECTIVE","Keep watching the news.","Keep watching the news.","Keep watching the news.","Keep watching the news.","","","Q_AUTHORED_CURRENT_POST","Q_BODY","KEEP","canonical post body, no embedded-source evidence"
"4143#0","4143","KEEP_Q_DIRECTIVE","KEEP_Q_DIRECTIVE","Be ready to dig, Anons.","Be ready to dig, Anons.","Be ready to dig, Anons.","Be ready to dig, Anons.","","","Q_AUTHORED_CURRENT_POST","Q_BODY","KEEP","canonical post body, no embedded-source evidence"
"4145#0","4145","KEEP_Q_DIRECTIVE","KEEP_Q_DIRECTIVE","Focus on tomorrow, first.","Focus on tomorrow, first.","Focus on tomorrow, first.","Focus on tomorrow, first.","","","Q_AUTHORED_CURRENT_POST","Q_BODY","KEEP","canonical post body, no embedded-source evidence"
"4148#0","4148","KEEP_Q_DIRECTIVE","KEEP_Q_DIRECTIVE","Handle with care.","Handle with care.","Handle with care.","Handle with care.","","","Q_AUTHORED_CURRENT_POST","Q_BODY","KEEP","canonical post body, no embedded-source evidence"
"415#0","415","KEEP_Q_DIRECTIVE","KEEP_Q_DIRECTIVE","Watch the news.","Watch the news.","Watch the news.","Watch the news.","","","Q_AUTHORED_CURRENT_POST","Q_BODY","KEEP","canonical post body, no embedded-source evidence"
"415#1","415","REMOVE_BLESSING_OR_VALEDICTION","REMOVE_BLESSING_OR_VALEDICTION","Godspeed, Patriots.","","Godspeed, Patriots.","Godspeed, Patriots.","","","Q_AUTHORED_CURRENT_POST","Q_BODY","REMOVE_FROM_DIRECTIVES","blessing or valediction, not a command"
"416#0","416","KEEP_Q_DIRECTIVE","KEEP_Q_DIRECTIVE","Fight, fight, fight.","Fight, fight, fight.","Fight, fight, fight.","Fight, fight, fight.","","","Q_AUTHORED_CURRENT_POST","Q_BODY","KEEP","canonical post body, no embedded-source evidence"
"4161#0","4161","KEEP_Q_DIRECTIVE","KEEP_Q_DIRECTIVE","Disregard.","Disregard.","Disregard.","Disregard.","","","Q_AUTHORED_CURRENT_POST","Q_BODY","KEEP","canonical post body, no embedded-source evidence"
"4162#0","4162","KEEP_Q_DIRECTIVE","KEEP_Q_DIRECTIVE","Think [leak investigation]","Think [leak investigation]","Think [leak investigation]","Think [leak investigation]","","","Q_AUTHORED_CURRENT_POST","Q_BODY","KEEP","canonical post body, no embedded-source evidence"
"4162#1","4162","KEEP_Q_DIRECTIVE","KEEP_Q_DIRECTIVE","Think Horowitz [Midyear] re: FBI_media assets","Think Horowitz [Midyear] re: FBI_media assets","Think Horowitz [Midyear] re: FBI_media assets","Think Horowitz [Midyear] re: FBI_media assets","","","Q_AUTHORED_CURRENT_POST","Q_BODY","KEEP","canonical post body, no embedded-source evidence"
"4162#2","4162","KEEP_Q_DIRECTIVE","KEEP_Q_DIRECTIVE","Think WL HRC_Podesta media asset(s) list.","Think WL HRC_Podesta media asset(s) list.","Think WL HRC_Podesta media asset(s) list.","Think WL HRC_Podesta media asset(s) list.","","","Q_AUTHORED_CURRENT_POST","Q_BODY","KEEP","canonical post body, no embedded-source evidence"
"4164#0","4164","KEEP_Q_DIRECTIVE","KEEP_Q_DIRECTIVE","Define 'Shadow Government'.","Define 'Shadow Government'.","Define 'Shadow Government'.","Define 'Shadow Government'.","","","Q_AUTHORED_CURRENT_POST","Q_BODY","KEEP","canonical post body, no embedded-source evidence"
"4168#0","4168","KEEP_Q_DIRECTIVE","KEEP_Q_DIRECTIVE","Listen carefully.","Listen carefully.","Listen carefully.","Listen carefully.","","","Q_AUTHORED_CURRENT_POST","Q_BODY","KEEP","canonical post body, no embedded-source evidence"
"4171#0","4171","KEEP_Q_DIRECTIVE","KEEP_Q_DIRECTIVE","Reconcile.","Reconcile.","Reconcile.","Reconcile.","","","Q_AUTHORED_CURRENT_POST","Q_BODY","KEEP","canonical post body, no embedded-source evidence"
"418#0","418","KEEP_Q_DIRECTIVE","KEEP_Q_DIRECTIVE","Test.","Test.","Test.","Test.","","","Q_AUTHORED_CURRENT_POST","Q_BODY","KEEP","canonical post body, no embedded-source evidence"
"4201#0","4201","KEEP_Q_DIRECTIVE","KEEP_Q_DIRECTIVE","Enjoy the show!","Enjoy the show!","Enjoy the show!","Enjoy the show!","","","Q_AUTHORED_CURRENT_POST","Q_BODY","KEEP","canonical post body, no embedded-source evidence"
"4207#0","4207","REMOVE_QUOTED_SCRIPTURE","REMOVE_QUOTED_SCRIPTURE","Put on the full armor of God, so that you can take your stand against the devil's schemes.","","Put on the full armor of God, so that you can take your stand against the devil’s schemes.","Put on the full armor of God, so that you can take your stand against the devil’s schemes.","","","QUOTED_OR_EMBEDDED","QUOTED_SCRIPTURE","REMOVE_FROM_DIRECTIVES","reproduced scripture"
"4207#1","4207","REMOVE_QUOTED_SCRIPTURE","REMOVE_QUOTED_SCRIPTURE","Stand firm then, with the belt of truth buckled around your waist, with the breastplate of righteousness in place, and with your feet fitted with the readiness that comes from the gospel of peace.","","Stand firm then, with the belt of truth buckled around your waist, with the breastplate of righteousness in place, and with your feet fitted with the readiness that comes from the gospel of peace.","Stand firm then, with the belt of truth buckled around your waist, with the breastplate of righteousness in place, and with your feet fitted with the readiness that comes from the gospel of peace.","","","QUOTED_OR_EMBEDDED","QUOTED_SCRIPTURE","REMOVE_FROM_DIRECTIVES","reproduced scripture"
"4207#2","4207","REMOVE_QUOTED_SCRIPTURE","REMOVE_QUOTED_SCRIPTURE","Take the helmet of salvation and the sword of the Spirit, which is the word of God.","","Take the helmet of salvation and the sword of the Spirit, which is the word of God.","Take the helmet of salvation and the sword of the Spirit, which is the word of God.","","","QUOTED_OR_EMBEDDED","QUOTED_SCRIPTURE","REMOVE_FROM_DIRECTIVES","reproduced scripture"
"421#0","421","KEEP_Q_DIRECTIVE","KEEP_Q_DIRECTIVE","Test.","Test.","Test.","Test.","","","Q_AUTHORED_CURRENT_POST","Q_BODY","KEEP","canonical post body, no embedded-source evidence"
"4212#0","4212","KEEP_Q_DIRECTIVE","KEEP_Q_DIRECTIVE","Bring the pain.","Bring the pain.","Bring the pain.","Bring the pain.","","","Q_AUTHORED_CURRENT_POST","Q_BODY","KEEP","canonical post body, no embedded-source evidence"
"4213#0","4213","KEEP_Q_DIRECTIVE","KEEP_Q_DIRECTIVE","Be ready.","Be ready.","Be ready.","Be ready.","","","Q_AUTHORED_CURRENT_POST","Q_BODY","KEEP","canonical post body, no embedded-source evidence"
"4215#0","4215","KEEP_Q_DIRECTIVE","KEEP_Q_DIRECTIVE","Listen very carefully.","Listen very carefully.","Listen very carefully.","Listen very carefully.","","","Q_AUTHORED_CURRENT_POST","Q_BODY","KEEP","canonical post body, no embedded-source evidence"
"4226#0","4226","KEEP_Q_DIRECTIVE","KEEP_Q_DIRECTIVE","But, you must go back before you can go forward.","But, you must go back before you can go forward.","But, you must go back before you can go forward.","But, you must go back before you can go forward.","","","Q_AUTHORED_CURRENT_POST","Q_BODY","KEEP","canonical post body, no embedded-source evidence"
"4232#0","4232","KEEP_Q_DIRECTIVE","KEEP_Q_DIRECTIVE","Go back further.","Go back further.","Go back further.","Go back further.","","","Q_AUTHORED_CURRENT_POST","Q_BODY","KEEP","canonical post body, no embedded-source evidence"
"4241#0","4241","KEEP_Q_DIRECTIVE","KEEP_Q_DIRECTIVE","Think Chess.","Think Chess.","Think Chess.","Think Chess.","","","Q_AUTHORED_CURRENT_POST","Q_BODY","KEEP","canonical post body, no embedded-source evidence"
"4245#0","4245","KEEP_Q_DIRECTIVE","KEEP_Q_DIRECTIVE","Listen carefully.","Listen carefully.","Listen carefully.","Listen carefully.","","","Q_AUTHORED_CURRENT_POST","Q_BODY","KEEP","canonical post body, no embedded-source evidence"
"4246#0","4246","KEEP_Q_DIRECTIVE","KEEP_Q_DIRECTIVE","YOU MUST SHOW THEM.","YOU MUST SHOW THEM.","YOU MUST SHOW THEM.","YOU MUST SHOW THEM.","","","Q_AUTHORED_CURRENT_POST","Q_BODY","KEEP","canonical post body, no embedded-source evidence"
"4248#0","4248","KEEP_Q_DIRECTIVE","KEEP_Q_DIRECTIVE","Think for yourself.","Think for yourself.","Think for yourself.","Think for yourself.","","","Q_AUTHORED_CURRENT_POST","Q_BODY","KEEP","canonical post body, no embedded-source evidence"
"4248#1","4248","KEEP_Q_DIRECTIVE","KEEP_Q_DIRECTIVE","Trust yourself.","Trust yourself.","Trust yourself.","Trust yourself.","","","Q_AUTHORED_CURRENT_POST","Q_BODY","KEEP","canonical post body, no embedded-source evidence"
"425#0","425","KEEP_Q_DIRECTIVE","KEEP_Q_DIRECTIVE","Define Shutdown.","Define Shutdown.","Define Shutdown.","Define Shutdown.","","","Q_AUTHORED_CURRENT_POST","Q_BODY","KEEP","canonical post body, no embedded-source evidence"
"425#1","425","KEEP_Q_DIRECTIVE","KEEP_Q_DIRECTIVE","TRUST.","TRUST.","TRUST.","TRUST.","","","Q_AUTHORED_CURRENT_POST","Q_BODY","KEEP","canonical post body, no embedded-source evidence"
"4250#0","4250","KEEP_Q_DIRECTIVE","KEEP_Q_DIRECTIVE","It's time to end the horror show.","It's time to end the horror show.","It's time to end the horror show.","It's time to end the horror show.","","","Q_AUTHORED_CURRENT_POST","Q_BODY","KEEP","canonical post body, no embedded-source evidence"
"4250#1","4250","KEEP_Q_DIRECTIVE","KEEP_Q_DIRECTIVE","It's time to stand [lead by example].","It's time to stand [lead by example].","It's time to stand [lead by example].","It's time to stand [lead by example].","","","Q_AUTHORED_CURRENT_POST","Q_BODY","KEEP","canonical post body, no embedded-source evidence"
"4255#0","4255","KEEP_Q_DIRECTIVE","KEEP_Q_DIRECTIVE","Go.","Go.","Go.","Go.","","","Q_AUTHORED_CURRENT_POST","Q_BODY","KEEP","canonical post body, no embedded-source evidence"
"4255#1","4255","KEEP_Q_DIRECTIVE","KEEP_Q_DIRECTIVE","Go.","Go.","Go.","Go.","","","Q_AUTHORED_CURRENT_POST","Q_BODY","KEEP","canonical post body, no embedded-source evidence"
"426#0","426","KEEP_Q_DIRECTIVE","KEEP_Q_DIRECTIVE","Define hostage.","Define hostage.","Define hostage.","Define hostage.","","","Q_AUTHORED_CURRENT_POST","Q_BODY","KEEP","canonical post body, no embedded-source evidence"
"4276#0","4276","REMOVE_BLESSING_OR_VALEDICTION","REMOVE_BLESSING_OR_VALEDICTION","God bless you and your family.","","God bless you and your family.","God bless you and your family.","","","Q_AUTHORED_CURRENT_POST","Q_BODY","REMOVE_FROM_DIRECTIVES","blessing or valediction, not a command"
"429#0","429","KEEP_Q_DIRECTIVE","KEEP_Q_DIRECTIVE","Keep list updated.","Keep list updated.","Keep list updated.","Keep list updated.","","","Q_AUTHORED_CURRENT_POST","Q_BODY","KEEP","canonical post body, no embedded-source evidence"
"4292#0","4292","KEEP_Q_DIRECTIVE","KEEP_Q_DIRECTIVE","Reconcile.","Reconcile.","Reconcile.","Reconcile.","","","Q_AUTHORED_CURRENT_POST","Q_BODY","KEEP","canonical post body, no embedded-source evidence"
"4294#0","4294","KEEP_Q_DIRECTIVE","KEEP_Q_DIRECTIVE","Reconcile:","Reconcile:","Reconcile:","Reconcile:","","","Q_AUTHORED_CURRENT_POST","Q_BODY","KEEP","canonical post body, no embedded-source evidence"
"4296#0","4296","KEEP_Q_DIRECTIVE","KEEP_Q_DIRECTIVE","Reconcile.","Reconcile.","Reconcile.","Reconcile.","","","Q_AUTHORED_CURRENT_POST","Q_BODY","KEEP","canonical post body, no embedded-source evidence"
"4298#0","4298","REMOVE_QUOTED_SCRIPTURE","REMOVE_QUOTED_SCRIPTURE","Ask and you shall receive.","","Ask and you shall receive.","Ask and you shall receive.","","","QUOTED_OR_EMBEDDED","QUOTED_SCRIPTURE","REMOVE_FROM_DIRECTIVES","reproduced scripture"
"43#0","43","KEEP_Q_DIRECTIVE","KEEP_Q_DIRECTIVE","Watch for confirmations tomorrow.","Watch for confirmations tomorrow.","Watch for confirmations tomorrow.","Watch for confirmations tomorrow.","","","Q_AUTHORED_CURRENT_POST","Q_BODY","KEEP","canonical post body, no embedded-source evidence"
"430#0","430","KEEP_Q_DIRECTIVE","KEEP_Q_DIRECTIVE","Have faith.","Have faith.","have faith","have faith","","","Q_AUTHORED_CURRENT_POST","Q_BODY","KEEP","OWNER RULING R3: ""have faith"" is an imperative — an instruction to maintain confidence, belief or morale."
"4302#0","4302","KEEP_Q_DIRECTIVE","KEEP_Q_DIRECTIVE","Expand your thinking.","Expand your thinking.","Expand your thinking.","Expand your thinking.","","","Q_AUTHORED_CURRENT_POST","Q_BODY","KEEP","canonical post body, no embedded-source evidence"
"4304#0","4304","KEEP_Q_DIRECTIVE","KEEP_Q_DIRECTIVE","Buckle up!","Buckle up!","Buckle up!","Buckle up!","","","Q_AUTHORED_CURRENT_POST","Q_BODY","KEEP","canonical post body, no embedded-source evidence"
"4306#0","4306","KEEP_Q_DIRECTIVE","KEEP_Q_DIRECTIVE","APPLY TO COVID-19 DATA REPORTS.","APPLY TO COVID-19 DATA REPORTS.","APPLY TO COVID-19 DATA REPORTS.","APPLY TO COVID-19 DATA REPORTS.","","","Q_AUTHORED_CURRENT_POST","Q_BODY","KEEP","canonical post body, no embedded-source evidence"
"431#0","431","KEEP_Q_DIRECTIVE","KEEP_Q_DIRECTIVE","Remember, not all within the C-A, D-J, F-I are bad apples.","Remember, not all within the C-A, D-J, F-I are bad apples.","Remember, not all within the C-A, D-J, F-I are bad apples.","Remember, not all within the C-A, D-J, F-I are bad apples.","","","Q_AUTHORED_CURRENT_POST","Q_BODY","KEEP","canonical post body, no embedded-source evidence"
"4316#0","4316","KEEP_Q_DIRECTIVE","KEEP_Q_DIRECTIVE","Fear not, all will be well right after the election.","Fear not, all will be well right after the election.","Fear not","Fear not","","","Q_AUTHORED_CURRENT_POST","Q_BODY","KEEP","""Fear not"" is a negative imperative. Noted for the record: a Twitter URL sits on the line above, so this may be Q reproducing the tweet's message — but there is no quotation mark, no indentation and no matching payload, and rule 3 forbids inferring a quotation from adjacency alone. Kept as Q body."
"4317#0","4317","KEEP_Q_DIRECTIVE","KEEP_Q_DIRECTIVE","Use corporate DNC media [MSM] push con","Use corporate DNC media [MSM] push con","Use corporate DNC media [MSM] push con","Use corporate DNC media [MSM] push con","","","Q_AUTHORED_CURRENT_POST","Q_BODY","KEEP","canonical post body, no embedded-source evidence"
"4317#1","4317","KEEP_Q_DIRECTIVE","KEEP_Q_DIRECTIVE","Use 1, 2, 3 and 4 to drive echo-chamber false [idiotic] narrative bad [pro slavery][D]s switched to [R] party and good [anti-slavery][R]s switched to [D] party.","Use 1, 2, 3 and 4 to drive echo-chamber false [idiotic] narrative bad [pro slavery][D]s switched to [R] party and good [anti-slavery][R]s switched to [D] party.","Use 1, 2, 3 and 4 to drive echo-chamber false [idiotic] narrative bad [pro slavery][D]s switched to [R] party and good [anti-slavery][R]s switched to [D] party.","Use 1, 2, 3 and 4 to drive echo-chamber false [idiotic] narrative bad [pro slavery][D]s switched to [R] party and good [anti-slavery][R]s switched to [D] party.","","","Q_AUTHORED_CURRENT_POST","Q_BODY","KEEP","canonical post body, no embedded-source evidence"
"4320#0","4320","KEEP_Q_DIRECTIVE","KEEP_Q_DIRECTIVE","Re_read drops re: COVID-19 [virus] and the election.","Re_read drops re: COVID-19 [virus] and the election.","Re_read drops re: COVID-19 [virus] and the election.","Re_read drops re: COVID-19 [virus] and the election.","","","Q_AUTHORED_CURRENT_POST","Q_BODY","KEEP","canonical post body, no embedded-source evidence"
"433#0","433","KEEP_Q_DIRECTIVE","KEEP_Q_DIRECTIVE","TRUST WRAY.","TRUST WRAY.","TRUST WRAY.","TRUST WRAY.","","","Q_AUTHORED_CURRENT_POST","Q_BODY","KEEP","canonical post body, no embedded-source evidence"
"4331#0","4331","KEEP_Q_DIRECTIVE","KEEP_Q_DIRECTIVE","Watch the news.","Watch the news.","Watch the news.","Watch the news.","","","Q_AUTHORED_CURRENT_POST","Q_BODY","KEEP","canonical post body, no embedded-source evidence"
"4336#0","4336","KEEP_Q_DIRECTIVE","KEEP_Q_DIRECTIVE","Reconcile.","Reconcile.","Reconcile.","Reconcile.","","","Q_AUTHORED_CURRENT_POST","Q_BODY","KEEP","canonical post body, no embedded-source evidence"
"4337#0","4337","KEEP_Q_DIRECTIVE","KEEP_Q_DIRECTIVE","Apply:","Apply:","Apply:","Apply:","","","Q_AUTHORED_CURRENT_POST","Q_BODY","KEEP","canonical post body, no embedded-source evidence"
"4337#1","4337","KEEP_Q_DIRECTIVE","KEEP_Q_DIRECTIVE","Ask yourself a very simple question - was it known [common sense and [early] medical reports] elderly community most at risk?","Ask yourself a very simple question - was it known [common sense and [early] medical reports] elderly community most at risk?","Ask yourself a very simple question - was it known [common sense and [early] medical reports] elderly community most at risk?","Ask yourself a very simple question - was it known [common sense and [early] medical reports] elderly community most at risk?","","","Q_AUTHORED_CURRENT_POST","Q_BODY","KEEP","canonical post body, no embedded-source evidence"
"4338#0","4338","KEEP_Q_DIRECTIVE","KEEP_Q_DIRECTIVE","Apply:","Apply:","Apply:","Apply:","","","Q_AUTHORED_CURRENT_POST","Q_BODY","KEEP","canonical post body, no embedded-source evidence"
"434#0","434","REMOVE_BLESSING_OR_VALEDICTION","REMOVE_BLESSING_OR_VALEDICTION","God bless, Q","","God bless,","God bless,","","","Q_AUTHORED_CURRENT_POST","Q_BODY","REMOVE_FROM_DIRECTIVES","blessing/valediction, Q signature cut into its own span (rule 7)"
"4352#0","4352","KEEP_Q_DIRECTIVE","KEEP_Q_DIRECTIVE","Define 'stand down' [safe haven] order.","Define 'stand down' [safe haven] order.","Define 'stand down' [safe haven] order.","Define 'stand down' [safe haven] order.","","","Q_AUTHORED_CURRENT_POST","Q_BODY","KEEP","canonical post body, no embedded-source evidence"
"4352#1","4352","KEEP_Q_DIRECTIVE","KEEP_Q_DIRECTIVE","Define 'organized' group.","Define 'organized' group.","Define 'organized' group.","Define 'organized' group.","","","Q_AUTHORED_CURRENT_POST","Q_BODY","KEEP","canonical post body, no embedded-source evidence"
"4352#2","4352","KEEP_Q_DIRECTIVE","KEEP_Q_DIRECTIVE","Have a Nice Day.","Have a Nice Day.","Have a Nice Day.","Have a Nice Day.","","","Q_AUTHORED_CURRENT_POST","Q_BODY","KEEP","canonical post body, no embedded-source evidence"
"4358#0","4358","KEEP_Q_DIRECTIVE","KEEP_Q_DIRECTIVE","Be vigilant.","Be vigilant.","Be vigilant.","Be vigilant.","","","Q_AUTHORED_CURRENT_POST","Q_BODY","KEEP","canonical post body, no embedded-source evidence"
"4359#0","4359","KEEP_Q_DIRECTIVE","KEEP_Q_DIRECTIVE","Update the list.","Update the list.","Update the list.","Update the list.","","","Q_AUTHORED_CURRENT_POST","Q_BODY","KEEP","canonical post body, no embedded-source evidence"
"4360#0","4360","KEEP_Q_DIRECTIVE","KEEP_Q_DIRECTIVE","Call the ball.","Call the ball.","Call the ball.","Call the ball.","","","Q_AUTHORED_CURRENT_POST","Q_BODY","KEEP","canonical post body, no embedded-source evidence"
"4368#0","4368","KEEP_Q_DIRECTIVE","KEEP_Q_DIRECTIVE","Buckle up.","Buckle up.","Buckle up.","Buckle up.","","","Q_AUTHORED_CURRENT_POST","Q_BODY","KEEP","canonical post body, no embedded-source evidence"
"4374#0","4374","REMOVE_QUOTED_SCRIPTURE","REMOVE_QUOTED_SCRIPTURE","Be strong in the Lord.","","Be strong in the Lord.","Be strong in the Lord.","","","QUOTED_OR_EMBEDDED","QUOTED_SCRIPTURE","REMOVE_FROM_DIRECTIVES","reproduced scripture"
"4381#0","4381","KEEP_Q_DIRECTIVE","KEEP_Q_DIRECTIVE","Think pre_midterms.","Think pre_midterms.","Think pre_midterms.","Think pre_midterms.","","","Q_AUTHORED_CURRENT_POST","Q_BODY","KEEP","canonical post body, no embedded-source evidence"
"4381#1","4381","KEEP_Q_DIRECTIVE","KEEP_Q_DIRECTIVE","Think pre_2020_P_election [now]","Think pre_2020_P_election [now]","Think pre_2020_P_election [now]","Think pre_2020_P_election [now]","","","Q_AUTHORED_CURRENT_POST","Q_BODY","KEEP","canonical post body, no embedded-source evidence"
"4381#2","4381","KEEP_Q_DIRECTIVE","KEEP_Q_DIRECTIVE","Reconcile.","Reconcile.","Reconcile.","Reconcile.","","","Q_AUTHORED_CURRENT_POST","Q_BODY","KEEP","canonical post body, no embedded-source evidence"
"4386#0","4386","KEEP_Q_DIRECTIVE","KEEP_Q_DIRECTIVE","Expect us.","Expect us.","Expect us.","Expect us.","","","Q_AUTHORED_CURRENT_POST","Q_BODY","KEEP","canonical post body, no embedded-source evidence"
"4387#0","4387","REMOVE_BLESSING_OR_VALEDICTION","REMOVE_BLESSING_OR_VALEDICTION","GOD BLESS AMERICA.","","GOD BLESS AMERICA.","GOD BLESS AMERICA.","","","Q_AUTHORED_CURRENT_POST","Q_BODY","REMOVE_FROM_DIRECTIVES","blessing or valediction, not a command"
"4393#0","4393","KEEP_Q_DIRECTIVE","KEEP_Q_DIRECTIVE","Think recent events.","Think recent events.","Think recent events.","Think recent events.","","","Q_AUTHORED_CURRENT_POST","Q_BODY","KEEP","canonical post body, no embedded-source evidence"
"4395#0","4395","KEEP_Q_DIRECTIVE","KEEP_Q_DIRECTIVE","Now, re_read again:","Now, re_read again:","Now, re_read again:","Now, re_read again:","","","Q_AUTHORED_CURRENT_POST","Q_BODY","KEEP","canonical post body, no embedded-source evidence"
"4397#0","4397","KEEP_Q_DIRECTIVE","KEEP_Q_DIRECTIVE","Stand Strong.","Stand Strong.","Stand Strong.","Stand Strong.","","","Q_AUTHORED_CURRENT_POST","Q_BODY","KEEP","canonical post body, no embedded-source evidence"
"4397#1","4397","KEEP_Q_DIRECTIVE","KEEP_Q_DIRECTIVE","Stand Together.","Stand Together.","Stand Together.","Stand Together.","","","Q_AUTHORED_CURRENT_POST","Q_BODY","KEEP","canonical post body, no embedded-source evidence"
"4397#2","4397","REMOVE_QUOTED_SCRIPTURE","REMOVE_QUOTED_SCRIPTURE","Be Strong in the Lord.","","Be Strong in the Lord.","Be Strong in the Lord.","","","QUOTED_OR_EMBEDDED","QUOTED_SCRIPTURE","REMOVE_FROM_DIRECTIVES","reproduced scripture"
"4397#3","4397","KEEP_DIRECTIVE_AND_RELIGIOUS_THEME","KEEP_DIRECTIVE_AND_RELIGIOUS_THEME","Pray for Strength.","Pray for Strength.","Pray for Strength.","Pray for Strength.","","Religion & Spirituality","Q_AUTHORED_CURRENT_POST","Q_BODY","KEEP","canonical post body, no embedded-source evidence"
"4397#4","4397","KEEP_DIRECTIVE_AND_RELIGIOUS_THEME","KEEP_DIRECTIVE_AND_RELIGIOUS_THEME","Pray for Guidance.","Pray for Guidance.","Pray for Guidance.","Pray for Guidance.","","Religion & Spirituality","Q_AUTHORED_CURRENT_POST","Q_BODY","KEEP","canonical post body, no embedded-source evidence"
"4397#5","4397","KEEP_DIRECTIVE_AND_RELIGIOUS_THEME","KEEP_DIRECTIVE_AND_RELIGIOUS_THEME","Pray for America.","Pray for America.","Pray for America.","Pray for America.","","Religion & Spirituality","Q_AUTHORED_CURRENT_POST","Q_BODY","KEEP","canonical post body, no embedded-source evidence"
"4397#6","4397","REMOVE_QUOTED_SCRIPTURE","REMOVE_QUOTED_SCRIPTURE","Put on the full armor of God, so that you can take your stand against the devil's schemes.","","Put on the full armor of God, so that you can take your stand against the devil's schemes.","Put on the full armor of God, so that you can take your stand against the devil's schemes.","","","QUOTED_OR_EMBEDDED","QUOTED_SCRIPTURE","REMOVE_FROM_DIRECTIVES","reproduced scripture"
"44#0","44","REMOVE_BLESSING_OR_VALEDICTION","REMOVE_BLESSING_OR_VALEDICTION","God bless.","","God bless.","God bless.","","","Q_AUTHORED_CURRENT_POST","Q_BODY","REMOVE_FROM_DIRECTIVES","blessing or valediction, not a command"
"440#0","440","KEEP_Q_DIRECTIVE","KEEP_Q_DIRECTIVE","Expand your thinking.","Expand your thinking.","Expand your thinking.","Expand your thinking.","","","Q_AUTHORED_CURRENT_POST","Q_BODY","KEEP","canonical post body, no embedded-source evidence"
"4415#0","4415","KEEP_Q_DIRECTIVE","KEEP_Q_DIRECTIVE","ALERT readiness: severe-critical","ALERT readiness: severe-critical","ALERT readiness: severe-critical","ALERT readiness: severe-critical","","","Q_AUTHORED_CURRENT_POST","Q_BODY","KEEP","canonical post body, no embedded-source evidence"
"4417#0","4417","KEEP_Q_DIRECTIVE","KEEP_Q_DIRECTIVE","Remember your oath.","Remember your oath.","Remember your oath.","Remember your oath.","","","Q_AUTHORED_CURRENT_POST","Q_BODY","KEEP","canonical post body, no embedded-source evidence"
"4417#1","4417","KEEP_Q_DIRECTIVE","KEEP_Q_DIRECTIVE","Remember why you joined.","Remember why you joined.","Remember why you joined.","Remember why you joined.","","","Q_AUTHORED_CURRENT_POST","Q_BODY","KEEP","canonical post body, no embedded-source evidence"
"4419#0","4419","KEEP_Q_DIRECTIVE","KEEP_Q_DIRECTIVE","Have faith.","Have faith.","have faith","have faith","","","Q_AUTHORED_CURRENT_POST","Q_BODY","KEEP","OWNER RULING R3: ""have faith"" is an imperative — an instruction to maintain confidence, belief or morale."
"4422#0","4422","KEEP_Q_DIRECTIVE","KEEP_Q_DIRECTIVE","Change We Can Believe In.","Change We Can Believe In.","Change We Can Believe In.","Change We Can Believe In.","","","Q_AUTHORED_CURRENT_POST","Q_BODY","KEEP","canonical post body, no embedded-source evidence"
"4423#0","4423","KEEP_Q_DIRECTIVE","KEEP_Q_DIRECTIVE","Follow the pen.","Follow the pen.","Follow the pen.","Follow the pen.","","","Q_AUTHORED_CURRENT_POST","Q_BODY","KEEP","canonical post body, no embedded-source evidence"
"4424#0","4424","KEEP_Q_DIRECTIVE","KEEP_Q_DIRECTIVE","Be All You Can Be.","Be All You Can Be.","Be All You Can Be.","Be All You Can Be.","","","Q_AUTHORED_CURRENT_POST","Q_BODY","KEEP","canonical post body, no embedded-source evidence"
"4427#0","4427","KEEP_Q_DIRECTIVE","KEEP_Q_DIRECTIVE","Have faith in Humanity.","Have faith in Humanity.","have faith","have faith","","","Q_AUTHORED_CURRENT_POST","Q_BODY","KEEP","OWNER RULING R3: ""have faith"" is an imperative — an instruction to maintain confidence, belief or morale."
"4428#0","4428","KEEP_Q_DIRECTIVE","KEEP_Q_DIRECTIVE","Ask yourself, why?","Ask yourself, why?","Ask yourself, why?","Ask yourself, why?","","","Q_AUTHORED_CURRENT_POST","Q_BODY","KEEP","canonical post body, no embedded-source evidence"
"4429#0","4429","REMOVE_QUOTED_SCRIPTURE","REMOVE_QUOTED_SCRIPTURE","Put on the full armor of God, so that you can take your stand against the devil's schemes.","","Put on the full armor of God, so that you can take your stand against the devil’s schemes.","Put on the full armor of God, so that you can take your stand against the devil’s schemes.","","","QUOTED_OR_EMBEDDED","QUOTED_SCRIPTURE","REMOVE_FROM_DIRECTIVES","reproduced scripture"
"4429#1","4429","REMOVE_QUOTED_SCRIPTURE","REMOVE_QUOTED_SCRIPTURE","Stand firm then, with the belt of truth buckled around your waist, with the breastplate of righteousness in place, and with your feet fitted with the readiness that comes from the gospel of peace.","","Stand firm then, with the belt of truth buckled around your waist, with the breastplate of righteousness in place, and with your feet fitted with the readiness that comes from the gospel of peace.","Stand firm then, with the belt of truth buckled around your waist, with the breastplate of righteousness in place, and with your feet fitted with the readiness that comes from the gospel of peace.","","","QUOTED_OR_EMBEDDED","QUOTED_SCRIPTURE","REMOVE_FROM_DIRECTIVES","reproduced scripture"
"4429#2","4429","KEEP_Q_DIRECTIVE","KEEP_Q_DIRECTIVE","Have faith in Humanity.","Have faith in Humanity.","have faith","have faith","","","Q_AUTHORED_CURRENT_POST","Q_BODY","KEEP","OWNER RULING R3: ""have faith"" is an imperative — an instruction to maintain confidence, belief or morale."
"4429#3","4429","KEEP_Q_DIRECTIVE","KEEP_Q_DIRECTIVE","Have faith in Yourself.","Have faith in Yourself.","have faith","have faith","","","Q_AUTHORED_CURRENT_POST","Q_BODY","KEEP","OWNER RULING R3: ""have faith"" is an imperative — an instruction to maintain confidence, belief or morale."
"4429#4","4429","KEEP_DIRECTIVE_AND_RELIGIOUS_THEME","KEEP_DIRECTIVE_AND_RELIGIOUS_THEME","Have faith in God.","Have faith in God.","have faith","have faith","","Religion & Spirituality","Q_AUTHORED_CURRENT_POST","Q_BODY","KEEP","OWNER RULING R3: ""have faith"" is an imperative — an instruction to maintain confidence, belief or morale. The complete sentence names a religious object, so Religion & Spirituality is dual-assigned."
"443#0","443","REMOVE_BLESSING_OR_VALEDICTION","REMOVE_BLESSING_OR_VALEDICTION","Godspeed, Patriot.","","Godspeed, Patriot.","Godspeed, Patriot.","","","Q_AUTHORED_CURRENT_POST","Q_BODY","REMOVE_FROM_DIRECTIVES","blessing or valediction, not a command"
"4430#0","4430","KEEP_Q_DIRECTIVE","KEEP_Q_DIRECTIVE","Remember your oath.","Remember your oath.","Remember your oath.","Remember your oath.","","","Q_AUTHORED_CURRENT_POST","Q_BODY","KEEP","canonical post body, no embedded-source evidence"
"4436#0","4436","KEEP_Q_DIRECTIVE","KEEP_Q_DIRECTIVE","Reconcile.","Reconcile.","Reconcile.","Reconcile.","","","Q_AUTHORED_CURRENT_POST","Q_BODY","KEEP","canonical post body, no embedded-source evidence"
"4437#0","4437","REMOVE_CODE_OR_TECHNICAL_TEXT","REMOVE_CODE_OR_TECHNICAL_TEXT","find('input.js-password-field').set(ENV['TWITTER_PASSWORD']) click_on('Log in') end","","find('input.js-password-field').set(ENV['TWITTER_PASSWORD']) click_on('Log in') end","find('input.js-password-field').set(ENV['TWITTER_PASSWORD']) click_on('Log in') end","","","Q_AUTHORED_CURRENT_POST","CODE_OR_TECHNICAL_TEXT","REMOVE_FROM_DIRECTIVES","OWNER RULING: scraped Capybara/Ruby login automation, not natural-language command language authored by Q. Removed from Q Directives only; the source text and code evidence are untouched."
"4437#1","4437","REMOVE_CODE_OR_TECHNICAL_TEXT","REMOVE_CODE_OR_TECHNICAL_TEXT","end","","end","end","","","Q_AUTHORED_CURRENT_POST","CODE_OR_TECHNICAL_TEXT","REMOVE_FROM_DIRECTIVES","OWNER RULING: scraped Capybara/Ruby login automation, not natural-language command language authored by Q. Removed from Q Directives only; the source text and code evidence are untouched."
"4437#2","4437","REMOVE_CODE_OR_TECHNICAL_TEXT","REMOVE_CODE_OR_TECHNICAL_TEXT","find('input.js-username-field').set(ENV['TWITTER_USERNAME'])","","find('input.js-username-field').set(ENV['TWITTER_USERNAME'])","find('input.js-username-field').set(ENV['TWITTER_USERNAME'])","","","Q_AUTHORED_CURRENT_POST","CODE_OR_TECHNICAL_TEXT","REMOVE_FROM_DIRECTIVES","OWNER RULING: scraped Capybara/Ruby login automation, not natural-language command language authored by Q. Removed from Q Directives only; the source text and code evidence are untouched."
"4437#3","4437","REMOVE_CODE_OR_TECHNICAL_TEXT","REMOVE_CODE_OR_TECHNICAL_TEXT","find('input.js-password-field').set(ENV['TWITTER_PASSWORD'])","","find('input.js-password-field').set(ENV['TWITTER_PASSWORD'])","find('input.js-password-field').set(ENV['TWITTER_PASSWORD'])","","","Q_AUTHORED_CURRENT_POST","CODE_OR_TECHNICAL_TEXT","REMOVE_FROM_DIRECTIVES","OWNER RULING: scraped Capybara/Ruby login automation, not natural-language command language authored by Q. Removed from Q Directives only; the source text and code evidence are untouched."
"4437#4","4437","REMOVE_CODE_OR_TECHNICAL_TEXT","REMOVE_CODE_OR_TECHNICAL_TEXT","find('input.FormControl').set(url)","","find('input.FormControl').set(url)","find('input.FormControl').set(url)","","","Q_AUTHORED_CURRENT_POST","CODE_OR_TECHNICAL_TEXT","REMOVE_FROM_DIRECTIVES","OWNER RULING: scraped Capybara/Ruby login automation, not natural-language command language authored by Q. Removed from Q Directives only; the source text and code evidence are untouched."
"4445#0","4445","KEEP_Q_DIRECTIVE","KEEP_Q_DIRECTIVE","Follow the pen.","Follow the pen.","Follow the pen.","Follow the pen.","","","Q_AUTHORED_CURRENT_POST","Q_BODY","KEEP","canonical post body, no embedded-source evidence"
"4460#0","4460","KEEP_Q_DIRECTIVE","KEEP_Q_DIRECTIVE","Have faith in Humanity.","Have faith in Humanity.","have faith","have faith","","","Q_AUTHORED_CURRENT_POST","Q_BODY","KEEP","OWNER RULING R3: ""have faith"" is an imperative — an instruction to maintain confidence, belief or morale."
"4461#0","4461","KEEP_Q_DIRECTIVE","KEEP_Q_DIRECTIVE","YOU MUST SHOW THEM.","YOU MUST SHOW THEM.","YOU MUST SHOW THEM.","YOU MUST SHOW THEM.","","","Q_AUTHORED_CURRENT_POST","Q_BODY","KEEP","canonical post body, no embedded-source evidence"
"4462#0","4462","KEEP_Q_DIRECTIVE","KEEP_Q_DIRECTIVE","Trust yourself.","Trust yourself.","Trust yourself.","Trust yourself.","","","Q_AUTHORED_CURRENT_POST","Q_BODY","KEEP","canonical post body, no embedded-source evidence"
"4462#1","4462","KEEP_Q_DIRECTIVE","KEEP_Q_DIRECTIVE","Think for yourself.","Think for yourself.","Think for yourself.","Think for yourself.","","","Q_AUTHORED_CURRENT_POST","Q_BODY","KEEP","canonical post body, no embedded-source evidence"
"4463#0","4463","REMOVE_QUOTED_SCRIPTURE","REMOVE_QUOTED_SCRIPTURE","Put on the full armor of God so that you can take your stand against the devil's schemes.","","Put on the full armor of God so that you can take your stand against the devil's schemes.","Put on the full armor of God so that you can take your stand against the devil's schemes.","","","QUOTED_OR_EMBEDDED","QUOTED_SCRIPTURE","REMOVE_FROM_DIRECTIVES","reproduced scripture"
"4464#0","4464","KEEP_Q_DIRECTIVE","KEEP_Q_DIRECTIVE","Focus on the 'why'.","Focus on the 'why'.","Focus on the 'why'.","Focus on the 'why'.","","","Q_AUTHORED_CURRENT_POST","Q_BODY","KEEP","canonical post body, no embedded-source evidence"
"447#0","447","KEEP_Q_DIRECTIVE","KEEP_Q_DIRECTIVE","SEARCH crumbs: [#2]","SEARCH crumbs: [#2]","SEARCH crumbs: [#2]","SEARCH crumbs: [#2]","","","Q_AUTHORED_CURRENT_POST","Q_BODY","KEEP","canonical post body, no embedded-source evidence"
"4476#0","4476","KEEP_Q_DIRECTIVE","KEEP_Q_DIRECTIVE","Compare & Contrast","Compare & Contrast","Compare & Contrast","Compare & Contrast","","","Q_AUTHORED_CURRENT_POST","Q_BODY","KEEP","canonical post body, no embedded-source evidence"
"4485#0","4485","KEEP_Q_DIRECTIVE","KEEP_Q_DIRECTIVE","Correct.","Correct.","Correct.","Correct.","","","Q_AUTHORED_CURRENT_POST","Q_BODY","KEEP","canonical post body, no embedded-source evidence"
"4488#0","4488","KEEP_Q_DIRECTIVE","KEEP_Q_DIRECTIVE","Remember, they also phone in to report 'threats' [deliberate].","Remember, they also phone in to report 'threats' [deliberate].","Remember, they also phone in to report 'threats' [deliberate].","Remember, they also phone in to report 'threats' [deliberate].","","","Q_AUTHORED_CURRENT_POST","Q_BODY","KEEP","canonical post body, no embedded-source evidence"
"4488#1","4488","KEEP_Q_DIRECTIVE","KEEP_Q_DIRECTIVE","Keep your eye on the ball.","Keep your eye on the ball.","Keep your eye on the ball.","Keep your eye on the ball.","","","Q_AUTHORED_CURRENT_POST","Q_BODY","KEEP","canonical post body, no embedded-source evidence"
"4489#0","4489","KEEP_Q_DIRECTIVE","KEEP_Q_DIRECTIVE","Focus @: 21:45","Focus @: 21:45","Focus @: 21:45","Focus @: 21:45","","","Q_AUTHORED_CURRENT_POST","Q_BODY","KEEP","canonical post body, no embedded-source evidence"
"4489#1","4489","KEEP_Q_DIRECTIVE","KEEP_Q_DIRECTIVE","Apply logic and common sense:","Apply logic and common sense:","Apply logic and common sense:","Apply logic and common sense:","","","Q_AUTHORED_CURRENT_POST","Q_BODY","KEEP","canonical post body, no embedded-source evidence"
"4491#0","4491","KEEP_Q_DIRECTIVE","KEEP_Q_DIRECTIVE","Have faith in Humanity.","Have faith in Humanity.","have faith","have faith","","","Q_AUTHORED_CURRENT_POST","Q_BODY","KEEP","OWNER RULING R3: ""have faith"" is an imperative — an instruction to maintain confidence, belief or morale."
"4491#1","4491","KEEP_Q_DIRECTIVE","KEEP_Q_DIRECTIVE","Have faith in yourself.","Have faith in yourself.","have faith","have faith","","","Q_AUTHORED_CURRENT_POST","Q_BODY","KEEP","OWNER RULING R3: ""have faith"" is an imperative — an instruction to maintain confidence, belief or morale."
"4491#2","4491","KEEP_Q_DIRECTIVE","KEEP_Q_DIRECTIVE","Do not let the media control you [incite division and hatred for one another by use of propaganda and fear mongering [dogma - a point of view or tenet put forth as authoritative without adequate grounds]].","Do not let the media control you [incite division and hatred for one another by use of propaganda and fear mongering [dogma - a point of view or tenet put forth as authoritative without adequate grounds]].","Do not let the media control you [incite division and hatred for one another by use of propaganda and fear mongering [dogma - a point of view or tenet put forth as authoritative without adequate grounds]].","Do not let the media control you [incite division and hatred for one another by use of propaganda and fear mongering [dogma - a point of view or tenet put forth as authoritative without adequate grounds]].","","","Q_AUTHORED_CURRENT_POST","Q_BODY","KEEP","canonical post body, no embedded-source evidence"
"4493#0","4493","KEEP_Q_DIRECTIVE","KEEP_Q_DIRECTIVE","Reconcile.","Reconcile.","Reconcile.","Reconcile.","","","Q_AUTHORED_CURRENT_POST","Q_BODY","KEEP","canonical post body, no embedded-source evidence"
"4496#0","4496","KEEP_Q_DIRECTIVE","KEEP_Q_DIRECTIVE","Surrender to None ['Digital Battleground'].","Surrender to None ['Digital Battleground'].","Surrender to None ['Digital Battleground'].","Surrender to None ['Digital Battleground'].","","","Q_AUTHORED_CURRENT_POST","Q_BODY","KEEP","canonical post body, no embedded-source evidence"
"4497#0","4497","KEEP_Q_DIRECTIVE","KEEP_Q_DIRECTIVE","Organize.","Organize.","Organize.","Organize.","","","Q_AUTHORED_CURRENT_POST","Q_BODY","KEEP","canonical post body, no embedded-source evidence"
"4497#1","4497","KEEP_Q_DIRECTIVE","KEEP_Q_DIRECTIVE","Unite.","Unite.","Unite.","Unite.","","","Q_AUTHORED_CURRENT_POST","Q_BODY","KEEP","canonical post body, no embedded-source evidence"
"4497#2","4497","KEEP_Q_DIRECTIVE","KEEP_Q_DIRECTIVE","Prepare.","Prepare.","Prepare.","Prepare.","","","Q_AUTHORED_CURRENT_POST","Q_BODY","KEEP","canonical post body, no embedded-source evidence"
"4498#0","4498","KEEP_Q_DIRECTIVE","KEEP_Q_DIRECTIVE","Use 'topic' as target practice.","Use 'topic' as target practice.","Use 'topic' as target practice.","Use 'topic' as target practice.","","","Q_AUTHORED_CURRENT_POST","Q_BODY","KEEP","canonical post body, no embedded-source evidence"
"4498#1","4498","KEEP_Q_DIRECTIVE","KEEP_Q_DIRECTIVE","Test your strengths.","Test your strengths.","Test your strengths.","Test your strengths.","","","Q_AUTHORED_CURRENT_POST","Q_BODY","KEEP","canonical post body, no embedded-source evidence"
"4498#2","4498","KEEP_Q_DIRECTIVE","KEEP_Q_DIRECTIVE","Know your weaknesses.","Know your weaknesses.","Know your weaknesses.","Know your weaknesses.","","","Q_AUTHORED_CURRENT_POST","Q_BODY","KEEP","canonical post body, no embedded-source evidence"
"4498#3","4498","KEEP_Q_DIRECTIVE","KEEP_Q_DIRECTIVE","Adapt.","Adapt.","Adapt.","Adapt.","","","Q_AUTHORED_CURRENT_POST","Q_BODY","KEEP","canonical post body, no embedded-source evidence"
"4498#4","4498","KEEP_Q_DIRECTIVE","KEEP_Q_DIRECTIVE","Overcome.","Overcome.","Overcome.","Overcome.","","","Q_AUTHORED_CURRENT_POST","Q_BODY","KEEP","canonical post body, no embedded-source evidence"
"45#0","45","KEEP_Q_DIRECTIVE","KEEP_Q_DIRECTIVE","Follow Huma.","Follow Huma.","Follow Huma.","Follow Huma.","","","Q_AUTHORED_CURRENT_POST","Q_BODY","KEEP","canonical post body, no embedded-source evidence"
"4503#0","4503","KEEP_Q_DIRECTIVE","KEEP_Q_DIRECTIVE","Take ownership of yourself [your life].","Take ownership of yourself [your life].","Take ownership of yourself [your life].","Take ownership of yourself [your life].","","","Q_AUTHORED_CURRENT_POST","Q_BODY","KEEP","canonical post body, no embedded-source evidence"
"4505#0","4505","KEEP_Q_DIRECTIVE","KEEP_Q_DIRECTIVE","Remember your oath.","Remember your oath.","Remember your oath.","Remember your oath.","","","Q_AUTHORED_CURRENT_POST","Q_BODY","KEEP","canonical post body, no embedded-source evidence"
"4509#0","4509","KEEP_Q_DIRECTIVE","KEEP_Q_DIRECTIVE","Use other platforms as a form of centralized command and control.","Use other platforms as a form of centralized command and control.","Use other platforms as a form of centralized command and control.","Use other platforms as a form of centralized command and control.","","","Q_AUTHORED_CURRENT_POST","Q_BODY","KEEP","canonical post body, no embedded-source evidence"
"4509#1","4509","KEEP_Q_DIRECTIVE","KEEP_Q_DIRECTIVE","Organize and connect [bridge through linking].","Organize and connect [bridge through linking].","Organize and connect [bridge through linking].","Organize and connect [bridge through linking].","","","Q_AUTHORED_CURRENT_POST","Q_BODY","KEEP","canonical post body, no embedded-source evidence"
"4509#2","4509","KEEP_Q_DIRECTIVE","KEEP_Q_DIRECTIVE","Source meme(s) material from battlefield and/or garage [highlight & share][take & drop]","Source meme(s) material from battlefield and/or garage [highlight & share][take & drop]","Source meme(s) material from battlefield and/or garage [highlight & share][take & drop]","Source meme(s) material from battlefield and/or garage [highlight & share][take & drop]","","","Q_AUTHORED_CURRENT_POST","Q_BODY","KEEP","canonical post body, no embedded-source evidence"
"4509#3","4509","KEEP_Q_DIRECTIVE","KEEP_Q_DIRECTIVE","Never retreat from the battlefield [Twitter, FB, etc.].","Never retreat from the battlefield [Twitter, FB, etc.].","Never retreat from the battlefield [Twitter, FB, etc.].","Never retreat from the battlefield [Twitter, FB, etc.].","","","Q_AUTHORED_CURRENT_POST","Q_BODY","KEEP","canonical post body, no embedded-source evidence"
"4509#4","4509","KEEP_Q_DIRECTIVE","KEEP_Q_DIRECTIVE","Mission 1: Dispute [reject] propaganda push through posting of research and facts","Mission 1: Dispute [reject] propaganda push through posting of research and facts","Mission 1: Dispute [reject] propaganda push through posting of research and facts","Mission 1: Dispute [reject] propaganda push through posting of research and facts","","","Q_AUTHORED_CURRENT_POST","Q_BODY","KEEP","canonical post body, no embedded-source evidence"
"4509#5","4509","KEEP_Q_DIRECTIVE","KEEP_Q_DIRECTIVE","Mission 2: Support role of other digital soldiers [one falls another stands (rises)]","Mission 2: Support role of other digital soldiers [one falls another stands (rises)]","Mission 2: Support role of other digital soldiers [one falls another stands (rises)]","Mission 2: Support role of other digital soldiers [one falls another stands (rises)]","","","Q_AUTHORED_CURRENT_POST","Q_BODY","KEEP","canonical post body, no embedded-source evidence"
"4509#6","4509","KEEP_Q_DIRECTIVE","KEEP_Q_DIRECTIVE","Mission 3: Guide [awaken] others through use of facts [DECLAS 1-99 material and other relevant facts] and memes [decouple MSDNC control of info stream] _ask 'counter' questions to initiate 'thought' vs repeat [echo] of MSDNC propaganda","Mission 3: Guide [awaken] others through use of facts [DECLAS 1-99 material and other relevant facts] and memes [decouple MSDNC control of info stream] _ask 'counter' questions to initiate 'thought' vs repeat [echo] of MSDNC propaganda","Mission 3: Guide [awaken] others through use of facts [DECLAS 1-99 material and other relevant facts] and memes [decouple MSDNC control of info stream] _ask 'counter' questions to initiate 'thought' vs repeat [echo] of MSDNC propaganda","Mission 3: Guide [awaken] others through use of facts [DECLAS 1-99 material and other relevant facts] and memes [decouple MSDNC control of info stream] _ask 'counter' questions to initiate 'thought' vs repeat [echo] of MSDNC propaganda","","","Q_AUTHORED_CURRENT_POST","Q_BODY","KEEP","long sentence inside a drop whose dominant register is Q — prose shape alone is not a quotation"
"4509#7","4509","KEEP_Q_DIRECTIVE","KEEP_Q_DIRECTIVE","Mission 4: Learn use of camouflage [digitally] _primary account suspended-terminated _use of secondary","Mission 4: Learn use of camouflage [digitally] _primary account suspended-terminated _use of secondary","Mission 4: Learn use of camouflage [digitally] _primary account suspended-terminated _use of secondary","Mission 4: Learn use of camouflage [digitally] _primary account suspended-terminated _use of secondary","","","Q_AUTHORED_CURRENT_POST","Q_BODY","KEEP","long sentence inside a drop whose dominant register is Q — prose shape alone is not a quotation"
"4510#0","4510","KEEP_Q_DIRECTIVE","KEEP_Q_DIRECTIVE","Take the oath.","Take the oath.","Take the oath.","Take the oath.","","","Q_AUTHORED_CURRENT_POST","Q_BODY","KEEP","canonical post body, no embedded-source evidence"
"4511#0","4511","KEEP_Q_DIRECTIVE","KEEP_Q_DIRECTIVE","Use of general public to counter the narrative [propaganda] push by controlled media.","Use of general public to counter the narrative [propaganda] push by controlled media.","Use of general public to counter the narrative [propaganda] push by controlled media.","Use of general public to counter the narrative [propaganda] push by controlled media.","","","Q_AUTHORED_CURRENT_POST","Q_BODY","KEEP","long sentence inside a drop whose dominant register is Q — prose shape alone is not a quotation"
"4514#0","4514","KEEP_Q_DIRECTIVE","KEEP_Q_DIRECTIVE","Handle w/ care.","Handle w/ care.","Handle w/ care.","Handle w/ care.","","","Q_AUTHORED_CURRENT_POST","Q_BODY","KEEP","canonical post body, no embedded-source evidence"
"453#0","453","KEEP_Q_DIRECTIVE","KEEP_Q_DIRECTIVE","Locate and create.[:22]","Locate and create.[:22]","Locate and create.[:22]","Locate and create.[:22]","","","Q_AUTHORED_CURRENT_POST","Q_BODY","KEEP","canonical post body, no embedded-source evidence"
"453#1","453","KEEP_Q_DIRECTIVE","KEEP_Q_DIRECTIVE","SEARCH crumbs : [#2]","SEARCH crumbs : [#2]","SEARCH crumbs : [#2]","SEARCH crumbs : [#2]","","","Q_AUTHORED_CURRENT_POST","Q_BODY","KEEP","canonical post body, no embedded-source evidence"
"4530#0","4530","REMOVE_BLESSING_OR_VALEDICTION","REMOVE_BLESSING_OR_VALEDICTION","God bless each and every one of you.","","God bless each and every one of you.","God bless each and every one of you.","","","Q_AUTHORED_CURRENT_POST","Q_BODY","REMOVE_FROM_DIRECTIVES","blessing or valediction, not a command"
"4534#0","4534","KEEP_Q_DIRECTIVE","KEEP_Q_DIRECTIVE","Stand at the ready.","Stand at the ready.","Stand at the ready.","Stand at the ready.","","","Q_AUTHORED_CURRENT_POST","Q_BODY","KEEP","canonical post body, no embedded-source evidence"
"4535#0","4535","KEEP_Q_DIRECTIVE","KEEP_Q_DIRECTIVE","Read again – digest.","Read again – digest.","Read again – digest.","Read again – digest.","","","Q_AUTHORED_CURRENT_POST","Q_BODY","KEEP","canonical post body, no embedded-source evidence"
"4535#1","4535","KEEP_Q_DIRECTIVE","KEEP_Q_DIRECTIVE","THINK BLM PUSH EVERY 4-YEARS.","THINK BLM PUSH EVERY 4-YEARS.","THINK BLM PUSH EVERY 4-YEARS.","THINK BLM PUSH EVERY 4-YEARS.","","","Q_AUTHORED_CURRENT_POST","Q_BODY","KEEP","canonical post body, no embedded-source evidence"
"4537#0","4537","KEEP_Q_DIRECTIVE","KEEP_Q_DIRECTIVE","Think 2020_P election +1.","Think 2020_P election +1.","Think 2020_P election +1.","Think 2020_P election +1.","","","Q_AUTHORED_CURRENT_POST","Q_BODY","KEEP","canonical post body, no embedded-source evidence"
"4543#0","4543","KEEP_Q_DIRECTIVE","KEEP_Q_DIRECTIVE","Remember your oath.","Remember your oath.","Remember your oath.","Remember your oath.","","","Q_AUTHORED_CURRENT_POST","Q_BODY","KEEP","canonical post body, no embedded-source evidence"
"4543#1","4543","KEEP_Q_DIRECTIVE","KEEP_Q_DIRECTIVE","Remember your mission.","Remember your mission.","Remember your mission.","Remember your mission.","","","Q_AUTHORED_CURRENT_POST","Q_BODY","KEEP","canonical post body, no embedded-source evidence"
"4543#2","4543","KEEP_Q_DIRECTIVE","KEEP_Q_DIRECTIVE","Defend and protect at all costs.","Defend and protect at all costs.","Defend and protect at all costs.","Defend and protect at all costs.","","","Q_AUTHORED_CURRENT_POST","Q_BODY","KEEP","canonical post body, no embedded-source evidence"
"4543#3","4543","KEEP_Q_DIRECTIVE","KEEP_Q_DIRECTIVE","Appropriate action should be taken.","Appropriate action should be taken.","Appropriate action should be taken.","Appropriate action should be taken.","","","Q_AUTHORED_CURRENT_POST","Q_BODY","KEEP","canonical post body, no embedded-source evidence"
"4545#0","4545","KEEP_Q_DIRECTIVE","KEEP_Q_DIRECTIVE","Think HRC install: [2+] Supreme Court Justices, 200+ judges, rogue elements expanded inside DOJ, FBI, CIA, NSA, WH, STATE, …….removal 2nd amendment, border etc. ……… America for sale: China, Russia, Iran, Syria…….ISIS & AL Q expansion…….expansion surv of domestic citizens…….modify/change voter rules and regulations allow illegals+ballot harvesting w/ SC backed liberal-social opinion………sell off of military to highest bidder to fight internal long-standing wars……..","Think HRC install: [2+] Supreme Court Justices, 200+ judges, rogue elements expanded inside DOJ, FBI, CIA, NSA, WH, STATE, …….removal 2nd amendment, border etc. ……… America for sale: China, Russia, Iran, Syria…….ISIS & AL Q expansion…….expansion surv of domestic citizens…….modify/change voter rules and regulations allow illegals+ballot harvesting w/ SC backed liberal-social opinion………sell off of military to highest bidder to fight internal long-standing wars……..","Think HRC install: [2+] Supreme Court Justices, 200+ judges, rogue elements expanded inside DOJ, FBI, CIA, NSA, WH, STATE, …….removal 2nd amendment, border etc. ……… America for sale: China, Russia, Iran, Syria…….ISIS & AL Q expansion…….expansion surv of domestic citizens…….modify/change voter rules and regulations allow illegals+ballot harvesting w/ SC backed liberal-social opinion………sell off of military to highest bidder to fight internal long-standing wars……..","Think HRC install: [2+] Supreme Court Justices, 200+ judges, rogue elements expanded inside DOJ, FBI, CIA, NSA, WH, STATE, …….removal 2nd amendment, border etc. ……… America for sale: China, Russia, Iran, Syria…….ISIS & AL Q expansion…….expansion surv of domestic citizens…….modify/change voter rules and regulations allow illegals+ballot harvesting w/ SC backed liberal-social opinion………sell off of military to highest bidder to fight internal long-standing wars……..","","","Q_AUTHORED_CURRENT_POST","Q_BODY","KEEP","long sentence inside a drop whose dominant register is Q — prose shape alone is not a quotation"
"4550#0","4550","KEEP_Q_DIRECTIVE","KEEP_Q_DIRECTIVE","Have faith in Humanity.","Have faith in Humanity.","have faith","have faith","","","Q_AUTHORED_CURRENT_POST","Q_BODY","KEEP","OWNER RULING R3: ""have faith"" is an imperative — an instruction to maintain confidence, belief or morale."
"4550#1","4550","KEEP_Q_DIRECTIVE","KEEP_Q_DIRECTIVE","Have faith in yourself.","Have faith in yourself.","have faith","have faith","","","Q_AUTHORED_CURRENT_POST","Q_BODY","KEEP","OWNER RULING R3: ""have faith"" is an imperative — an instruction to maintain confidence, belief or morale."
"4550#2","4550","KEEP_DIRECTIVE_AND_RELIGIOUS_THEME","KEEP_DIRECTIVE_AND_RELIGIOUS_THEME","Find peace through prayer.","Find peace through prayer.","Find peace through prayer.","Find peace through prayer.","","Religion & Spirituality","Q_AUTHORED_CURRENT_POST","Q_BODY","KEEP","canonical post body, no embedded-source evidence"
"4550#3","4550","KEEP_Q_DIRECTIVE","KEEP_Q_DIRECTIVE","Fear not.","Fear not.","Fear not.","Fear not.","","","Q_AUTHORED_CURRENT_POST","Q_BODY","KEEP","canonical post body, no embedded-source evidence"
"4550#4","4550","KEEP_Q_DIRECTIVE","KEEP_Q_DIRECTIVE","Let light guide you.","Let light guide you.","Let light guide you.","Let light guide you.","","","Q_AUTHORED_CURRENT_POST","Q_BODY","KEEP","canonical post body, no embedded-source evidence"
"4553#0","4553","KEEP_Q_DIRECTIVE","KEEP_Q_DIRECTIVE","Define 'Fascism'.","Define 'Fascism'.","Define 'Fascism'.","Define 'Fascism'.","","","Q_AUTHORED_CURRENT_POST","Q_BODY","KEEP","canonical post body, no embedded-source evidence"
"4553#1","4553","KEEP_Q_DIRECTIVE","KEEP_Q_DIRECTIVE","Define 'Censorship'.","Define 'Censorship'.","Define 'Censorship'.","Define 'Censorship'.","","","Q_AUTHORED_CURRENT_POST","Q_BODY","KEEP","canonical post body, no embedded-source evidence"
"4553#2","4553","KEEP_Q_DIRECTIVE","KEEP_Q_DIRECTIVE","Define 'Narrative'.","Define 'Narrative'.","Define 'Narrative'.","Define 'Narrative'.","","","Q_AUTHORED_CURRENT_POST","Q_BODY","KEEP","canonical post body, no embedded-source evidence"
"4553#3","4553","KEEP_Q_DIRECTIVE","KEEP_Q_DIRECTIVE","Define 'Projection'.","Define 'Projection'.","Define 'Projection'.","Define 'Projection'.","","","Q_AUTHORED_CURRENT_POST","Q_BODY","KEEP","canonical post body, no embedded-source evidence"
"4553#4","4553","KEEP_Q_DIRECTIVE","KEEP_Q_DIRECTIVE","Define 'Psychological Projection'.","Define 'Psychological Projection'.","Define 'Psychological Projection'.","Define 'Psychological Projection'.","","","Q_AUTHORED_CURRENT_POST","Q_BODY","KEEP","canonical post body, no embedded-source evidence"
"4553#5","4553","KEEP_Q_DIRECTIVE","KEEP_Q_DIRECTIVE","Define 'Narcissist'.","Define 'Narcissist'.","Define 'Narcissist'.","Define 'Narcissist'.","","","Q_AUTHORED_CURRENT_POST","Q_BODY","KEEP","canonical post body, no embedded-source evidence"
"4553#6","4553","KEEP_Q_DIRECTIVE","KEEP_Q_DIRECTIVE","Define 'Dogma'.","Define 'Dogma'.","Define 'Dogma'.","Define 'Dogma'.","","","Q_AUTHORED_CURRENT_POST","Q_BODY","KEEP","canonical post body, no embedded-source evidence"
"4553#7","4553","KEEP_Q_DIRECTIVE","KEEP_Q_DIRECTIVE","Define 'Aggression'.","Define 'Aggression'.","Define 'Aggression'.","Define 'Aggression'.","","","Q_AUTHORED_CURRENT_POST","Q_BODY","KEEP","canonical post body, no embedded-source evidence"
"4553#8","4553","KEEP_Q_DIRECTIVE","KEEP_Q_DIRECTIVE","Define 'Suppression'.","Define 'Suppression'.","Define 'Suppression'.","Define 'Suppression'.","","","Q_AUTHORED_CURRENT_POST","Q_BODY","KEEP","canonical post body, no embedded-source evidence"
"4553#9","4553","KEEP_Q_DIRECTIVE","KEEP_Q_DIRECTIVE","Define 'Realism'.","Define 'Realism'.","Define 'Realism'.","Define 'Realism'.","","","Q_AUTHORED_CURRENT_POST","Q_BODY","KEEP","canonical post body, no embedded-source evidence"
"4553#10","4553","KEEP_Q_DIRECTIVE","REMOVE_CLAIM_NOT_DIRECTIVE","Select [public discovery] topics are deemed and ranked in priority order [ranking determines use of assets [big-to-small]].","","Select [public discovery] topics are deemed and ranked in priority order [ranking determines use of assets [big-to-small]].","Select [public discovery] topics are deemed and ranked in priority order [ranking determines use of assets [big-to-small]].","","","Q_AUTHORED_CURRENT_POST","Q_BODY","REMOVE_FROM_DIRECTIVES","""Select"" is an adjective meaning certain or chosen, modifying ""topics"", which is the subject of ""are deemed and ranked"". Q is describing an adversary's process. Nobody is being told to select anything."
"4555#0","4555","KEEP_Q_DIRECTIVE","KEEP_Q_DIRECTIVE","Start here:","Start here:","Start here:","Start here:","","","Q_AUTHORED_CURRENT_POST","Q_BODY","KEEP","canonical post body, no embedded-source evidence"
"4556#0","4556","KEEP_Q_DIRECTIVE","REMOVE_CLAIM_NOT_DIRECTIVE","Select [public discovery] topics are deemed and ranked in priority order [ranking determines use of assets [big-to-small]].","","Select [public discovery] topics are deemed and ranked in priority order [ranking determines use of assets [big-to-small]].","Select [public discovery] topics are deemed and ranked in priority order [ranking determines use of assets [big-to-small]].","","","Q_AUTHORED_CURRENT_POST","Q_BODY","REMOVE_FROM_DIRECTIVES","Same sentence as #4553, reposted. Same reading: ""Select"" is an adjective, the sentence is declarative."
"4564#0","4564","KEEP_Q_DIRECTIVE","KEEP_Q_DIRECTIVE","Add to your playlist.","Add to your playlist.","Add to your playlist.","Add to your playlist.","","","Q_AUTHORED_CURRENT_POST","Q_BODY","KEEP","canonical post body, no embedded-source evidence"
"4565#0","4565","KEEP_Q_DIRECTIVE","KEEP_Q_DIRECTIVE","Feed an addiction [controllable]","Feed an addiction [controllable]","Feed an addiction [controllable]","Feed an addiction [controllable]","","","Q_AUTHORED_CURRENT_POST","Q_BODY","KEEP","canonical post body, no embedded-source evidence"
"4566#0","4566","KEEP_Q_DIRECTIVE","KEEP_Q_DIRECTIVE","Do not think 'today' but rather 'after' today.","Do not think 'today' but rather 'after' today.","Do not think 'today' but rather 'after' today.","Do not think 'today' but rather 'after' today.","","","Q_AUTHORED_CURRENT_POST","Q_BODY","KEEP","canonical post body, no embedded-source evidence"
"4566#1","4566","KEEP_Q_DIRECTIVE","KEEP_Q_DIRECTIVE","Have faith in Humanity.","Have faith in Humanity.","have faith","have faith","","","Q_AUTHORED_CURRENT_POST","Q_BODY","KEEP","OWNER RULING R3: ""have faith"" is an imperative — an instruction to maintain confidence, belief or morale."
"457#0","457","KEEP_Q_DIRECTIVE","KEEP_Q_DIRECTIVE","Celebrate this SPECIAL day in a BIG way.","Celebrate this SPECIAL day in a BIG way.","Celebrate this SPECIAL day in a BIG way.","Celebrate this SPECIAL day in a BIG way.","","","Q_AUTHORED_CURRENT_POST","Q_BODY","KEEP","canonical post body, no embedded-source evidence"
"457#1","457","REMOVE_BLESSING_OR_VALEDICTION","REMOVE_BLESSING_OR_VALEDICTION","God bless you all.","","God bless you all.","God bless you all.","","","Q_AUTHORED_CURRENT_POST","Q_BODY","REMOVE_FROM_DIRECTIVES","blessing or valediction, not a command"
"4572#0","4572","KEEP_Q_DIRECTIVE","KEEP_Q_DIRECTIVE","Trust Dan.","Trust Dan.","Trust Dan.","Trust Dan.","","","Q_AUTHORED_CURRENT_POST","Q_BODY","KEEP","canonical post body, no embedded-source evidence"
"458#0","458","KEEP_DIRECTIVE_AND_RELIGIOUS_THEME","KEEP_DIRECTIVE_AND_RELIGIOUS_THEME","Please PRAY for those who would lay down their lives to protect our FREEDOM.","Please PRAY for those who would lay down their lives to protect our FREEDOM.","Please PRAY for those who would lay down their lives to protect our FREEDOM.","Please PRAY for those who would lay down their lives to protect our FREEDOM.","","Religion & Spirituality","Q_AUTHORED_CURRENT_POST","Q_BODY","KEEP","canonical post body, no embedded-source evidence"
"458#1","458","REMOVE_BLESSING_OR_VALEDICTION","REMOVE_BLESSING_OR_VALEDICTION","God bless.","","God bless.","God bless.","","","Q_AUTHORED_CURRENT_POST","Q_BODY","REMOVE_FROM_DIRECTIVES","blessing or valediction, not a command"
"4580#0","4580","KEEP_Q_DIRECTIVE","KEEP_Q_DIRECTIVE","Have faith in Humanity.","Have faith in Humanity.","have faith","have faith","","","Q_AUTHORED_CURRENT_POST","Q_BODY","KEEP","OWNER RULING R3: ""have faith"" is an imperative — an instruction to maintain confidence, belief or morale."
"4585#0","4585","KEEP_Q_DIRECTIVE","KEEP_Q_DIRECTIVE","Think pawpaw.","Think pawpaw.","Think pawpaw.","Think pawpaw.","","","Q_AUTHORED_CURRENT_POST","Q_BODY","KEEP","canonical post body, no embedded-source evidence"
"4587#0","4587","KEEP_Q_DIRECTIVE","KEEP_Q_DIRECTIVE","Prepare for zero-day [massive cyber-power] attacks [attempts] on 11.4.","Prepare for zero-day [massive cyber-power] attacks [attempts] on 11.4.","Prepare for zero-day [massive cyber-power] attacks [attempts] on 11.4.","Prepare for zero-day [massive cyber-power] attacks [attempts] on 11.4.","","","Q_AUTHORED_CURRENT_POST","Q_BODY","KEEP","canonical post body, no embedded-source evidence"
"4588#0","4588","KEEP_Q_DIRECTIVE","KEEP_Q_DIRECTIVE","Do not give up the citizen investigation.","Do not give up the citizen investigation.","Do not give up the citizen investigation.","Do not give up the citizen investigation.","","","Q_AUTHORED_CURRENT_POST","Q_BODY","KEEP","canonical post body, no embedded-source evidence"
"4588#1","4588","KEEP_Q_DIRECTIVE","KEEP_Q_DIRECTIVE","Have faith in Humanity.","Have faith in Humanity.","have faith","have faith","","","Q_AUTHORED_CURRENT_POST","Q_BODY","KEEP","OWNER RULING R3: ""have faith"" is an imperative — an instruction to maintain confidence, belief or morale."
"4593#0","4593","KEEP_Q_DIRECTIVE","KEEP_Q_DIRECTIVE","Have faith and trust in yourself.","Have faith and trust in yourself.","have faith","have faith","","","Q_AUTHORED_CURRENT_POST","Q_BODY","KEEP","OWNER RULING R3: ""have faith"" is an imperative — an instruction to maintain confidence, belief or morale."
"4598#0","4598","KEEP_Q_DIRECTIVE","KEEP_Q_DIRECTIVE","Follow for days ahead [DECLAS].","Follow for days ahead [DECLAS].","Follow for days ahead [DECLAS].","Follow for days ahead [DECLAS].","","","Q_AUTHORED_CURRENT_POST","Q_BODY","KEEP","canonical post body, no embedded-source evidence"
"4604#0","4604","KEEP_Q_DIRECTIVE","KEEP_Q_DIRECTIVE","Batten down the hatches.","Batten down the hatches.","Batten down the hatches.","Batten down the hatches.","","","Q_AUTHORED_CURRENT_POST","Q_BODY","KEEP","canonical post body, no embedded-source evidence"
"4608#0","4608","REMOVE_BLESSING_OR_VALEDICTION","REMOVE_BLESSING_OR_VALEDICTION","God Bless America.","","God Bless America.","God Bless America.","","","Q_AUTHORED_CURRENT_POST","Q_BODY","REMOVE_FROM_DIRECTIVES","blessing or valediction, not a command"
"4618#0","4618","KEEP_Q_DIRECTIVE","KEEP_Q_DIRECTIVE","Do not mistake silence for inaction.","Do not mistake silence for inaction.","Do not mistake silence for inaction.","Do not mistake silence for inaction.","","","Q_AUTHORED_CURRENT_POST","Q_BODY","KEEP","canonical post body, no embedded-source evidence"
"4620#0","4620","KEEP_Q_DIRECTIVE","KEEP_Q_DIRECTIVE","Test conditional limits of public acceptance [obey]","Test conditional limits of public acceptance [obey]","Test conditional limits of public acceptance [obey]","Test conditional limits of public acceptance [obey]","","","Q_AUTHORED_CURRENT_POST","Q_BODY","KEEP","canonical post body, no embedded-source evidence"
"4620#1","4620","KEEP_Q_DIRECTIVE","KEEP_Q_DIRECTIVE","Test conditional limits of public non_acceptance","Test conditional limits of public non_acceptance","Test conditional limits of public non_acceptance","Test conditional limits of public non_acceptance","","","Q_AUTHORED_CURRENT_POST","Q_BODY","KEEP","canonical post body, no embedded-source evidence"
"4620#2","4620","KEEP_Q_DIRECTIVE","KEEP_Q_DIRECTIVE","Test conditional limits of State authority [Gov-mayor]","Test conditional limits of State authority [Gov-mayor]","Test conditional limits of State authority [Gov-mayor]","Test conditional limits of State authority [Gov-mayor]","","","Q_AUTHORED_CURRENT_POST","Q_BODY","KEEP","canonical post body, no embedded-source evidence"
"4620#3","4620","KEEP_Q_DIRECTIVE","KEEP_Q_DIRECTIVE","Test conditional limits of Media [social] censorship","Test conditional limits of Media [social] censorship","Test conditional limits of Media [social] censorship","Test conditional limits of Media [social] censorship","","","Q_AUTHORED_CURRENT_POST","Q_BODY","KEEP","canonical post body, no embedded-source evidence"
"4622#0","4622","KEEP_Q_DIRECTIVE","KEEP_Q_DIRECTIVE","Ask yourself a very simple question -","Ask yourself a very simple question -","Ask yourself a very simple question -","Ask yourself a very simple question -","","","Q_AUTHORED_CURRENT_POST","Q_BODY","KEEP","canonical post body, no embedded-source evidence"
"4627#0","4627","KEEP_Q_DIRECTIVE","KEEP_Q_DIRECTIVE","Have Faith in Humanity.","Have Faith in Humanity.","have faith","have faith","","","Q_AUTHORED_CURRENT_POST","Q_BODY","KEEP","OWNER RULING R3: ""have faith"" is an imperative — an instruction to maintain confidence, belief or morale."
"4627#1","4627","KEEP_Q_DIRECTIVE","KEEP_Q_DIRECTIVE","Have Faith in Yourself.","Have Faith in Yourself.","have faith","have faith","","","Q_AUTHORED_CURRENT_POST","Q_BODY","KEEP","OWNER RULING R3: ""have faith"" is an imperative — an instruction to maintain confidence, belief or morale."
"4628#0","4628","KEEP_Q_DIRECTIVE","KEEP_Q_DIRECTIVE","Follow the logs.","Follow the logs.","Follow the logs.","Follow the logs.","","","Q_AUTHORED_CURRENT_POST","Q_BODY","KEEP","canonical post body, no embedded-source evidence"
"4635#0","4635","KEEP_Q_DIRECTIVE","KEEP_Q_DIRECTIVE","Compare & Contrast","Compare & Contrast","Compare & Contrast","Compare & Contrast","","","Q_AUTHORED_CURRENT_POST","Q_BODY","KEEP","canonical post body, no embedded-source evidence"
"4635#1","4635","KEEP_Q_DIRECTIVE","KEEP_Q_DIRECTIVE","Ask yourself, why are [D] party leaders refusing to condemn the violence?","Ask yourself, why are [D] party leaders refusing to condemn the violence?","Ask yourself, why are [D] party leaders refusing to condemn the violence?","Ask yourself, why are [D] party leaders refusing to condemn the violence?","","","Q_AUTHORED_CURRENT_POST","Q_BODY","KEEP","long sentence inside a drop whose dominant register is Q — prose shape alone is not a quotation"
"4635#2","4635","KEEP_Q_DIRECTIVE","KEEP_Q_DIRECTIVE","Ask yourself, why are [D] party leaders refusing to seek a unified republic?","Ask yourself, why are [D] party leaders refusing to seek a unified republic?","Ask yourself, why are [D] party leaders refusing to seek a unified republic?","Ask yourself, why are [D] party leaders refusing to seek a unified republic?","","","Q_AUTHORED_CURRENT_POST","Q_BODY","KEEP","long sentence inside a drop whose dominant register is Q — prose shape alone is not a quotation"
"4636#0","4636","KEEP_Q_DIRECTIVE","KEEP_Q_DIRECTIVE","Keep faith in Humanity.","Keep faith in Humanity.","Keep faith in Humanity.","Keep faith in Humanity.","","","Q_AUTHORED_CURRENT_POST","Q_BODY","KEEP","canonical post body, no embedded-source evidence"
"4636#1","4636","KEEP_Q_DIRECTIVE","KEEP_Q_DIRECTIVE","Keep faith in Yourself.","Keep faith in Yourself.","Keep faith in Yourself.","Keep faith in Yourself.","","","Q_AUTHORED_CURRENT_POST","Q_BODY","KEEP","canonical post body, no embedded-source evidence"
"464#0","464","KEEP_Q_DIRECTIVE","KEEP_Q_DIRECTIVE","Follow the MONEY.","Follow the MONEY.","Follow the MONEY.","Follow the MONEY.","","","Q_AUTHORED_CURRENT_POST","Q_BODY","KEEP","canonical post body, no embedded-source evidence"
"4640#0","4640","KEEP_Q_DIRECTIVE","KEEP_Q_DIRECTIVE","Challenge legally battleground [4].","Challenge legally battleground [4].","Challenge legally battleground [4].","Challenge legally battleground [4].","","","Q_AUTHORED_CURRENT_POST","Q_BODY","KEEP","canonical post body, no embedded-source evidence"
"4641#0","4641","KEEP_Q_DIRECTIVE","KEEP_Q_DIRECTIVE","You must show them.","You must show them.","You must show them.","You must show them.","","","Q_AUTHORED_CURRENT_POST","Q_BODY","KEEP","canonical post body, no embedded-source evidence"
"4643#0","4643","KEEP_Q_DIRECTIVE","KEEP_Q_DIRECTIVE","Keep charging, Midnight Rider!","Keep charging, Midnight Rider!","Keep charging, Midnight Rider!","Keep charging, Midnight Rider!","","","Q_AUTHORED_CURRENT_POST","Q_BODY","KEEP","canonical post body, no embedded-source evidence"
"4645#0","4645","KEEP_Q_DIRECTIVE","KEEP_Q_DIRECTIVE","Clear and present danger to the United States of America.","Clear and present danger to the United States of America.","Clear and present danger to the United States of America.","Clear and present danger to the United States of America.","","","Q_AUTHORED_CURRENT_POST","Q_BODY","KEEP","canonical post body, no embedded-source evidence"
"4648#0","4648","KEEP_DIRECTIVE_AND_RELIGIOUS_THEME","KEEP_DIRECTIVE_AND_RELIGIOUS_THEME","Find peace [solace] through prayer.","Find peace [solace] through prayer.","Find peace [solace] through prayer.","Find peace [solace] through prayer.","","Religion & Spirituality","Q_AUTHORED_CURRENT_POST","Q_BODY","KEEP","canonical post body, no embedded-source evidence"
"4648#1","4648","KEEP_Q_DIRECTIVE","KEEP_Q_DIRECTIVE","Have faith in Humanity.","Have faith in Humanity.","have faith","have faith","","","Q_AUTHORED_CURRENT_POST","Q_BODY","KEEP","OWNER RULING R3: ""have faith"" is an imperative — an instruction to maintain confidence, belief or morale."
"4648#2","4648","KEEP_Q_DIRECTIVE","KEEP_Q_DIRECTIVE","Have faith in Yourself.","Have faith in Yourself.","have faith","have faith","","","Q_AUTHORED_CURRENT_POST","Q_BODY","KEEP","OWNER RULING R3: ""have faith"" is an imperative — an instruction to maintain confidence, belief or morale."
"4648#3","4648","REMOVE_BLESSING_OR_VALEDICTION","REMOVE_BLESSING_OR_VALEDICTION","God bless.","","God bless.","God bless.","","","Q_AUTHORED_CURRENT_POST","Q_BODY","REMOVE_FROM_DIRECTIVES","blessing or valediction, not a command"
"465#0","465","KEEP_Q_DIRECTIVE","KEEP_Q_DIRECTIVE","Don't get lost.","Don’t get lost.","Don’t get lost.","Don’t get lost.","","","Q_AUTHORED_CURRENT_POST","Q_BODY","KEEP","canonical post body, no embedded-source evidence"
"465#1","465","KEEP_Q_DIRECTIVE","KEEP_Q_DIRECTIVE","No other platforms used.","No other platforms used.","No other platforms used.","No other platforms used.","","","Q_AUTHORED_CURRENT_POST","Q_BODY","KEEP","canonical post body, no embedded-source evidence"
"465#2","465","KEEP_Q_DIRECTIVE","KEEP_Q_DIRECTIVE","No comms privately w/ anyone.","No comms privately w/ anyone.","No comms privately w/ anyone.","No comms privately w/ anyone.","","","Q_AUTHORED_CURRENT_POST","Q_BODY","KEEP","canonical post body, no embedded-source evidence"
"4651#0","4651","KEEP_Q_DIRECTIVE","KEEP_Q_DIRECTIVE","Reconcile.","Reconcile.","Reconcile.","Reconcile.","","","Q_AUTHORED_CURRENT_POST","Q_BODY","KEEP","canonical post body, no embedded-source evidence"
"4655#0","4655","KEEP_Q_DIRECTIVE","KEEP_Q_DIRECTIVE","Read the playbook.","Read the playbook.","Read the playbook.","Read the playbook.","","","Q_AUTHORED_CURRENT_POST","Q_BODY","KEEP","canonical post body, no embedded-source evidence"
"4659#0","4659","KEEP_Q_DIRECTIVE","KEEP_Q_DIRECTIVE","Consider 'black corner box 20%' insert top-bottom left/right.","Consider 'black corner box 20%' insert top-bottom left/right.","Consider 'black corner box 20%' insert top-bottom left/right.","Consider 'black corner box 20%' insert top-bottom left/right.","","","Q_AUTHORED_CURRENT_POST","Q_BODY","KEEP","canonical post body, no embedded-source evidence"
"466#0","466","KEEP_Q_DIRECTIVE","KEEP_Q_DIRECTIVE","Think GAME.","Think GAME.","Think GAME.","Think GAME.","","","Q_AUTHORED_CURRENT_POST","Q_BODY","KEEP","canonical post body, no embedded-source evidence"
"4664#0","4664","KEEP_Q_DIRECTIVE","KEEP_Q_DIRECTIVE","Excellent Q - you should ask (as should every American).","Excellent Q - you should ask (as should every American).","Excellent Q - you should ask (as should every American).","Excellent Q - you should ask (as should every American).","","","Q_AUTHORED_CURRENT_POST","Q_BODY","KEEP","canonical post body, no embedded-source evidence"
"4666#0","4666","KEEP_Q_DIRECTIVE","KEEP_Q_DIRECTIVE","See something.","See something.","See something.","See something.","","","Q_AUTHORED_CURRENT_POST","Q_BODY","KEEP","canonical post body, no embedded-source evidence"
"4666#1","4666","KEEP_Q_DIRECTIVE","KEEP_Q_DIRECTIVE","Say something.","Say something.","Say something.","Say something.","","","Q_AUTHORED_CURRENT_POST","Q_BODY","KEEP","canonical post body, no embedded-source evidence"
"467#0","467","KEEP_Q_DIRECTIVE","KEEP_Q_DIRECTIVE","Test.","Test.","Test.","Test.","","","Q_AUTHORED_CURRENT_POST","Q_BODY","KEEP","canonical post body, no embedded-source evidence"
"4672#0","4672","KEEP_Q_DIRECTIVE","KEEP_Q_DIRECTIVE","Analyze downloads:","Analyze downloads:","Analyze downloads:","Analyze downloads:","","","Q_AUTHORED_CURRENT_POST","Q_BODY","KEEP","canonical post body, no embedded-source evidence"
"4672#1","4672","KEEP_Q_DIRECTIVE","KEEP_Q_DIRECTIVE","Now think fire(s).","Now think fire(s).","Now think fire(s).","Now think fire(s).","","","Q_AUTHORED_CURRENT_POST","Q_BODY","KEEP","canonical post body, no embedded-source evidence"
"4678#0","4678","KEEP_Q_DIRECTIVE","KEEP_Q_DIRECTIVE","Stay safe!","Stay safe!","Stay safe!","Stay safe!","","","Q_AUTHORED_CURRENT_POST","Q_BODY","KEEP","canonical post body, no embedded-source evidence"
"4678#1","4678","KEEP_Q_DIRECTIVE","KEEP_Q_DIRECTIVE","Be vigilant.","Be vigilant.","Be vigilant.","Be vigilant.","","","Q_AUTHORED_CURRENT_POST","Q_BODY","KEEP","canonical post body, no embedded-source evidence"
"4683#0","4683","KEEP_Q_DIRECTIVE","KEEP_Q_DIRECTIVE","Know.","Know.","Know.","Know.","","","Q_AUTHORED_CURRENT_POST","Q_BODY","KEEP","canonical post body, no embedded-source evidence"
"4685#0","4685","KEEP_Q_DIRECTIVE","KEEP_Q_DIRECTIVE","Define 'indoctrinate'.","Define 'indoctrinate'.","Define 'indoctrinate'.","Define 'indoctrinate'.","","","Q_AUTHORED_CURRENT_POST","Q_BODY","KEEP","canonical post body, no embedded-source evidence"
"4685#1","4685","KEEP_Q_DIRECTIVE","KEEP_Q_DIRECTIVE","You must show them.","You must show them.","You must show them.","You must show them.","","","Q_AUTHORED_CURRENT_POST","Q_BODY","KEEP","canonical post body, no embedded-source evidence"
"4688#0","4688","KEEP_Q_DIRECTIVE","KEEP_Q_DIRECTIVE","Protect Biden from Ukraine scandal re: himself & son _C19 change of narrative","Protect Biden from Ukraine scandal re: himself & son _C19 change of narrative","Protect Biden from Ukraine scandal re: himself & son _C19 change of narrative","Protect Biden from Ukraine scandal re: himself & son _C19 change of narrative","","","Q_AUTHORED_CURRENT_POST","Q_BODY","KEEP","long sentence inside a drop whose dominant register is Q — prose shape alone is not a quotation"
"4688#1","4688","KEEP_Q_DIRECTIVE","KEEP_Q_DIRECTIVE","Protect Biden from sexual assault allegation _C19 change narrative","Protect Biden from sexual assault allegation _C19 change narrative","Protect Biden from sexual assault allegation _C19 change narrative","Protect Biden from sexual assault allegation _C19 change narrative","","","Q_AUTHORED_CURRENT_POST","Q_BODY","KEEP","canonical post body, no embedded-source evidence"
"4688#2","4688","KEEP_Q_DIRECTIVE","KEEP_Q_DIRECTIVE","Protect and shelter #MeToo [D] created movement _preserve to target future [R] sexual assault allegations _allow hold vs Biden due to C19 narrative change","Protect and shelter #MeToo [D] created movement _preserve to target future [R] sexual assault allegations _allow hold vs Biden due to C19 narrative change","Protect and shelter #MeToo [D] created movement _preserve to target future [R] sexual assault allegations _allow hold vs Biden due to C19 narrative change","Protect and shelter #MeToo [D] created movement _preserve to target future [R] sexual assault allegations _allow hold vs Biden due to C19 narrative change","","","Q_AUTHORED_CURRENT_POST","Q_BODY","KEEP","long sentence inside a drop whose dominant register is Q — prose shape alone is not a quotation"
"4688#3","4688","KEEP_Q_DIRECTIVE","KEEP_Q_DIRECTIVE","Create non_digital pathway to rig 2020 Presidential election _engage 80 million mail-in-ballot distribution [coordinated as early as April/May] to sidestep election night defeat [no 'concede'] attempt ballot harvest media push 'we don't know how many ballots are left undelivered by postal service' re: legal challenge battleground states _stall_challenge_push division/chaos _CLAS1-99","Create non_digital pathway to rig 2020 Presidential election _engage 80 million mail-in-ballot distribution [coordinated as early as April/May] to sidestep election night defeat [no 'concede'] attempt ballot harvest media push 'we don't know how many ballots are left undelivered by postal service' re: legal challenge battleground states _stall_challenge_push division/chaos _CLAS1-99","Create non_digital pathway to rig 2020 Presidential election _engage 80 million mail-in-ballot distribution [coordinated as early as April/May] to sidestep election night defeat [no 'concede'] attempt ballot harvest media push 'we don't know how many ballots are left undelivered by postal service' re: legal challenge battleground states _stall_challenge_push division/chaos _CLAS1-99","Create non_digital pathway to rig 2020 Presidential election _engage 80 million mail-in-ballot distribution [coordinated as early as April/May] to sidestep election night defeat [no 'concede'] attempt ballot harvest media push 'we don't know how many ballots are left undelivered by postal service' re: legal challenge battleground states _stall_challenge_push division/chaos _CLAS1-99","","","Q_AUTHORED_CURRENT_POST","Q_BODY","KEEP","long sentence inside a drop whose dominant register is Q — prose shape alone is not a quotation"
"4688#4","4688","KEEP_Q_DIRECTIVE","KEEP_Q_DIRECTIVE","Create division hatred fear campaign primarily scare senior citizens from voting in person on election day _riots _protests _C19 death _eliminate enough senior [R] votes counteract [D] to [R] defection(s)","Create division hatred fear campaign primarily scare senior citizens from voting in person on election day _riots _protests _C19 death _eliminate enough senior [R] votes counteract [D] to [R] defection(s)","Create division hatred fear campaign primarily scare senior citizens from voting in person on election day _riots _protests _C19 death _eliminate enough senior [R] votes counteract [D] to [R] defection(s)","Create division hatred fear campaign primarily scare senior citizens from voting in person on election day _riots _protests _C19 death _eliminate enough senior [R] votes counteract [D] to [R] defection(s)","","","Q_AUTHORED_CURRENT_POST","Q_BODY","KEEP","long sentence inside a drop whose dominant register is Q — prose shape alone is not a quotation"
"4688#5","4688","KEEP_Q_DIRECTIVE","KEEP_Q_DIRECTIVE","Create impression country divided _use EU-early war election gaming tactics against current administration","Create impression country divided _use EU-early war election gaming tactics against current administration","Create impression country divided _use EU-early war election gaming tactics against current administration","Create impression country divided _use EU-early war election gaming tactics against current administration","","","Q_AUTHORED_CURRENT_POST","Q_BODY","KEEP","long sentence inside a drop whose dominant register is Q — prose shape alone is not a quotation"
"4688#6","4688","KEEP_Q_DIRECTIVE","KEEP_Q_DIRECTIVE","Change narrative 44 administration treason & corruption to POTUS C19 failure and death blame","Change narrative 44 administration treason & corruption to POTUS C19 failure and death blame","Change narrative 44 administration treason & corruption to POTUS C19 failure and death blame","Change narrative 44 administration treason & corruption to POTUS C19 failure and death blame","","","Q_AUTHORED_CURRENT_POST","Q_BODY","KEEP","long sentence inside a drop whose dominant register is Q — prose shape alone is not a quotation"
"4688#7","4688","KEEP_Q_DIRECTIVE","KEEP_Q_DIRECTIVE","Leave door open to Constitution crisis","Leave door open to Constitution crisis","Leave door open to Constitution crisis","Leave door open to Constitution crisis","","","Q_AUTHORED_CURRENT_POST","Q_BODY","KEEP","canonical post body, no embedded-source evidence"
"4688#8","4688","KEEP_Q_DIRECTIVE","KEEP_Q_DIRECTIVE","Avoid/delay public exposure of corruption & accountability _prevent loss of control/power","Avoid/delay public exposure of corruption & accountability _prevent loss of control/power","Avoid/delay public exposure of corruption & accountability _prevent loss of control/power","Avoid/delay public exposure of corruption & accountability _prevent loss of control/power","","","Q_AUTHORED_CURRENT_POST","Q_BODY","KEEP","long sentence inside a drop whose dominant register is Q — prose shape alone is not a quotation"
"4688#9","4688","KEEP_Q_DIRECTIVE","KEEP_Q_DIRECTIVE","Avoid/delay loss of US taxpayer trillions due to loss of control _inability to enact corrupt policy to send money overseas disguised as goodwill/climate _unregulated _no audit policy","Avoid/delay loss of US taxpayer trillions due to loss of control _inability to enact corrupt policy to send money overseas disguised as goodwill/climate _unregulated _no audit policy","Avoid/delay loss of US taxpayer trillions due to loss of control _inability to enact corrupt policy to send money overseas disguised as goodwill/climate _unregulated _no audit policy","Avoid/delay loss of US taxpayer trillions due to loss of control _inability to enact corrupt policy to send money overseas disguised as goodwill/climate _unregulated _no audit policy","","","Q_AUTHORED_CURRENT_POST","Q_BODY","KEEP","long sentence inside a drop whose dominant register is Q — prose shape alone is not a quotation"
"4694#0","4694","KEEP_Q_DIRECTIVE","KEEP_Q_DIRECTIVE","Know your enemy.","Know your enemy.","Know your enemy.","Know your enemy.","","","Q_AUTHORED_CURRENT_POST","Q_BODY","KEEP","canonical post body, no embedded-source evidence"
"47#0","47","KEEP_Q_DIRECTIVE","KEEP_Q_DIRECTIVE","Be vigilant today and expect a major false flag.","Be vigilant today and expect a major false flag.","Be vigilant today and expect a major false flag.","Be vigilant today and expect a major false flag.","","","Q_AUTHORED_CURRENT_POST","Q_BODY","KEEP","canonical post body, no embedded-source evidence"
"4708#0","4708","KEEP_Q_DIRECTIVE","KEEP_Q_DIRECTIVE","Follow the pen.","Follow the pen.","Follow the pen.","Follow the pen.","","","Q_AUTHORED_CURRENT_POST","Q_BODY","KEEP","canonical post body, no embedded-source evidence"
"4714#0","4714","KEEP_Q_DIRECTIVE","KEEP_Q_DIRECTIVE","Hold the line, Riders.","Hold the line, Riders.","Hold the line, Riders.","Hold the line, Riders.","","","Q_AUTHORED_CURRENT_POST","Q_BODY","KEEP","canonical post body, no embedded-source evidence"
"472#0","472","KEEP_Q_DIRECTIVE","KEEP_Q_DIRECTIVE","Test Device 1.","Test Device 1.","Test Device 1.","Test Device 1.","","","Q_AUTHORED_CURRENT_POST","Q_BODY","KEEP","canonical post body, no embedded-source evidence"
"4722#0","4722","KEEP_Q_DIRECTIVE","KEEP_Q_DIRECTIVE","Add it all up.","Add it all up.","Add it all up.","Add it all up.","","","Q_AUTHORED_CURRENT_POST","Q_BODY","KEEP","canonical post body, no embedded-source evidence"
"4722#1","4722","KEEP_Q_DIRECTIVE","KEEP_Q_DIRECTIVE","Make no mistake, they will not concede on Election Night.","Make no mistake, they will not concede on Election Night.","Make no mistake, they will not concede on Election Night.","Make no mistake, they will not concede on Election Night.","","","Q_AUTHORED_CURRENT_POST","Q_BODY","KEEP","canonical post body, no embedded-source evidence"
"4722#2","4722","KEEP_Q_DIRECTIVE","KEEP_Q_DIRECTIVE","Make no mistake, they will contest this legally in battleground states.","Make no mistake, they will contest this legally in battleground states.","Make no mistake, they will contest this legally in battleground states.","Make no mistake, they will contest this legally in battleground states.","","","Q_AUTHORED_CURRENT_POST","Q_BODY","KEEP","canonical post body, no embedded-source evidence"
"4722#3","4722","KEEP_Q_DIRECTIVE","KEEP_Q_DIRECTIVE","Make no mistake, they will project doubt in the election results","Make no mistake, they will project doubt in the election results","Make no mistake, they will project doubt in the election results","Make no mistake, they will project doubt in the election results","","","Q_AUTHORED_CURRENT_POST","Q_BODY","KEEP","canonical post body, no embedded-source evidence"
"4722#4","4722","KEEP_Q_DIRECTIVE","KEEP_Q_DIRECTIVE","Make no mistake, they will organize massive riots and attempt Anarchy-99 design","Make no mistake, they will organize massive riots and attempt Anarchy-99 design","Make no mistake, they will organize massive riots and attempt Anarchy-99 design","Make no mistake, they will organize massive riots and attempt Anarchy-99 design","","","Q_AUTHORED_CURRENT_POST","Q_BODY","KEEP","canonical post body, no embedded-source evidence"
"473#0","473","KEEP_Q_DIRECTIVE","KEEP_Q_DIRECTIVE","Fight, fight, fight!","Fight, fight, fight!","Fight, fight, fight!","Fight, fight, fight!","","","Q_AUTHORED_CURRENT_POST","Q_BODY","KEEP","canonical post body, no embedded-source evidence"
"473#1","473","REMOVE_BLESSING_OR_VALEDICTION","REMOVE_BLESSING_OR_VALEDICTION","God bless each and every one of you.","","God bless each and every one of you.","God bless each and every one of you.","","","Q_AUTHORED_CURRENT_POST","Q_BODY","REMOVE_FROM_DIRECTIVES","blessing or valediction, not a command"
"4734#0","4734","KEEP_Q_DIRECTIVE","KEEP_Q_DIRECTIVE","Focus on content [information].","Focus on content [information].","Focus on content [information].","Focus on content [information].","","","Q_AUTHORED_CURRENT_POST","Q_BODY","KEEP","canonical post body, no embedded-source evidence"
"4734#1","4734","KEEP_Q_DIRECTIVE","KEEP_Q_DIRECTIVE","Research for yourself.","Research for yourself.","Research for yourself.","Research for yourself.","","","Q_AUTHORED_CURRENT_POST","Q_BODY","KEEP","canonical post body, no embedded-source evidence"
"4734#2","4734","KEEP_Q_DIRECTIVE","KEEP_Q_DIRECTIVE","Deploy camouflage.","Deploy camouflage.","Deploy camouflage.","Deploy camouflage.","","","Q_AUTHORED_CURRENT_POST","Q_BODY","KEEP","canonical post body, no embedded-source evidence"
"4734#3","4734","KEEP_Q_DIRECTIVE","KEEP_Q_DIRECTIVE","Drop all references re: 'Q' 'Qanon' etc. to avoid ban/termination _censorship install.","Drop all references re: 'Q' 'Qanon' etc. to avoid ban/termination _censorship install.","Drop all references re: 'Q' 'Qanon' etc. to avoid ban/termination _censorship install.","Drop all references re: 'Q' 'Qanon' etc. to avoid ban/termination _censorship install.","","","Q_AUTHORED_CURRENT_POST","Q_BODY","KEEP","canonical post body, no embedded-source evidence"
"4734#4","4734","KEEP_Q_DIRECTIVE","KEEP_Q_DIRECTIVE","Keep charging, Midnight Riders!","Keep charging, Midnight Riders!","Keep charging, Midnight Riders!","Keep charging, Midnight Riders!","","","Q_AUTHORED_CURRENT_POST","Q_BODY","KEEP","canonical post body, no embedded-source evidence"
"4739#0","4739","REMOVE_PRAYER_TEXT","REMOVE_PRAYER_TEXT","Make me brave, so I can stand and fight the spiritual battles in my life and in our world.","","Make me brave, so I can stand and fight the spiritual battles in my life and in our world.","Make me brave, so I can stand and fight the spiritual battles in my life and in our world.","","","QUOTED_OR_EMBEDDED","QUOTED_PRAYER","REMOVE_FROM_DIRECTIVES","reproduced prayer text"
"4739#1","4739","REMOVE_PRAYER_TEXT","REMOVE_PRAYER_TEXT","Give me your wisdom and discernment so I won't be caught off guard.","","Give me your wisdom and discernment so I won't be caught off guard.","Give me your wisdom and discernment so I won't be caught off guard.","","","QUOTED_OR_EMBEDDED","QUOTED_PRAYER","REMOVE_FROM_DIRECTIVES","reproduced prayer text"
"4746#0","4746","KEEP_Q_DIRECTIVE","KEEP_Q_DIRECTIVE","Have faith in Humanity.","Have faith in Humanity.","have faith","have faith","","","Q_AUTHORED_CURRENT_POST","Q_BODY","KEEP","OWNER RULING R3: ""have faith"" is an imperative — an instruction to maintain confidence, belief or morale."
"4746#1","4746","KEEP_Q_DIRECTIVE","KEEP_Q_DIRECTIVE","Let the truth be told.","Let the truth be told.","Let the truth be told.","Let the truth be told.","","","Q_AUTHORED_CURRENT_POST","Q_BODY","KEEP","canonical post body, no embedded-source evidence"
"475#0","475","KEEP_Q_DIRECTIVE","KEEP_Q_DIRECTIVE","NO comms w/ anyone privately.","NO comms w/ anyone privately.","NO comms w/ anyone privately.","NO comms w/ anyone privately.","","","Q_AUTHORED_CURRENT_POST","Q_BODY","KEEP","canonical post body, no embedded-source evidence"
"475#1","475","KEEP_Q_DIRECTIVE","KEEP_Q_DIRECTIVE","NO comms outside of this platform.","NO comms outside of this platform.","NO comms outside of this platform.","NO comms outside of this platform.","","","Q_AUTHORED_CURRENT_POST","Q_BODY","KEEP","canonical post body, no embedded-source evidence"
"4756#0","4756","KEEP_Q_DIRECTIVE","KEEP_Q_DIRECTIVE","Make your depth 50ft.","Make your depth 50ft.","Make your depth 50ft.","Make your depth 50ft.","","","Q_AUTHORED_CURRENT_POST","Q_BODY","KEEP","canonical post body, no embedded-source evidence"
"4759#0","4759","KEEP_Q_DIRECTIVE","KEEP_Q_DIRECTIVE","Never forget those in the background.","Never forget those in the background.","Never forget those in the background.","Never forget those in the background.","","","Q_AUTHORED_CURRENT_POST","Q_BODY","KEEP","canonical post body, no embedded-source evidence"
"4760#0","4760","KEEP_Q_DIRECTIVE","KEEP_Q_DIRECTIVE","Have faith in your research.","Have faith in your research.","have faith","have faith","","","Q_AUTHORED_CURRENT_POST","Q_BODY","KEEP","OWNER RULING R3: ""have faith"" is an imperative — an instruction to maintain confidence, belief or morale."
"4769#0","4769","KEEP_Q_DIRECTIVE","KEEP_Q_DIRECTIVE","Think what you now know.","Think what you now know.","Think what you now know.","Think what you now know.","","","Q_AUTHORED_CURRENT_POST","Q_BODY","KEEP","canonical post body, no embedded-source evidence"
"477#0","477","KEEP_Q_DIRECTIVE","KEEP_Q_DIRECTIVE","Decipher.","Decipher.","Decipher.","Decipher.","","","Q_AUTHORED_CURRENT_POST","Q_BODY","KEEP","canonical post body, no embedded-source evidence"
"477#1","477","KEEP_Q_DIRECTIVE","KEEP_Q_DIRECTIVE","Think clock.","Think clock.","Think clock.","Think clock.","","","Q_AUTHORED_CURRENT_POST","Q_BODY","KEEP","canonical post body, no embedded-source evidence"
"477#2","477","KEEP_Q_DIRECTIVE","KEEP_Q_DIRECTIVE","Wind the clock w/ all markers.","Wind the clock w/ all markers.","Wind the clock w/ all markers.","Wind the clock w/ all markers.","","","Q_AUTHORED_CURRENT_POST","Q_BODY","KEEP","canonical post body, no embedded-source evidence"
"4772#0","4772","KEEP_Q_DIRECTIVE","KEEP_Q_DIRECTIVE","Never bring an arrow [in a quiver] to a LOSBR missile fight.","Never bring an arrow [in a quiver] to a LOSBR missile fight.","Never bring an arrow [in a quiver] to a LOSBR missile fight.","Never bring an arrow [in a quiver] to a LOSBR missile fight.","","","Q_AUTHORED_CURRENT_POST","Q_BODY","KEEP","canonical post body, no embedded-source evidence"
"4777#0","4777","KEEP_Q_DIRECTIVE","KEEP_Q_DIRECTIVE","Follow the family.","Follow the family.","Follow the family.","Follow the family.","","","Q_AUTHORED_CURRENT_POST","Q_BODY","KEEP","canonical post body, no embedded-source evidence"
"4777#1","4777","KEEP_Q_DIRECTIVE","KEEP_Q_DIRECTIVE","Think McCabe's wife.","Think McCabe's wife.","Think McCabe's wife.","Think McCabe's wife.","","","Q_AUTHORED_CURRENT_POST","Q_BODY","KEEP","canonical post body, no embedded-source evidence"
"4777#2","4777","KEEP_Q_DIRECTIVE","KEEP_Q_DIRECTIVE","Focus here [East Africa Operations]:","Focus here [East Africa Operations]:","Focus here [East Africa Operations]:","Focus here [East Africa Operations]:","","","Q_AUTHORED_CURRENT_POST","Q_BODY","KEEP","canonical post body, no embedded-source evidence"
"478#0","478","KEEP_Q_DIRECTIVE","KEEP_Q_DIRECTIVE","Refer back to crumbs.","Refer back to crumbs.","Refer back to crumbs.","Refer back to crumbs.","","","Q_AUTHORED_CURRENT_POST","Q_BODY","KEEP","canonical post body, no embedded-source evidence"
"4782#0","4782","KEEP_Q_DIRECTIVE","KEEP_Q_DIRECTIVE","Follow the expenses.","Follow the expenses.","Follow the expenses.","Follow the expenses.","","","Q_AUTHORED_CURRENT_POST","Q_BODY","KEEP","canonical post body, no embedded-source evidence"
"4782#1","4782","KEEP_Q_DIRECTIVE","KEEP_Q_DIRECTIVE","Follow salaries & benefits.","Follow salaries & benefits.","Follow salaries & benefits.","Follow salaries & benefits.","","","Q_AUTHORED_CURRENT_POST","Q_BODY","KEEP","canonical post body, no embedded-source evidence"
"4782#2","4782","KEEP_Q_DIRECTIVE","KEEP_Q_DIRECTIVE","Follow professional & consulting.","Follow professional & consulting.","Follow professional & consulting.","Follow professional & consulting.","","","Q_AUTHORED_CURRENT_POST","Q_BODY","KEEP","canonical post body, no embedded-source evidence"
"4782#3","4782","KEEP_Q_DIRECTIVE","KEEP_Q_DIRECTIVE","Follow cost of sales.","Follow cost of sales.","Follow cost of sales.","Follow cost of sales.","","","Q_AUTHORED_CURRENT_POST","Q_BODY","KEEP","canonical post body, no embedded-source evidence"
"4782#4","4782","KEEP_Q_DIRECTIVE","KEEP_Q_DIRECTIVE","Follow other.","Follow other.","Follow other.","Follow other.","","","Q_AUTHORED_CURRENT_POST","Q_BODY","KEEP","canonical post body, no embedded-source evidence"
"4785#0","4785","KEEP_Q_DIRECTIVE","KEEP_Q_DIRECTIVE","Don't bite the hand that feeds you.","Don't bite the hand that feeds you.","Don't bite the hand that feeds you.","Don't bite the hand that feeds you.","","","Q_AUTHORED_CURRENT_POST","Q_BODY","KEEP","canonical post body, no embedded-source evidence"
"479#0","479","KEEP_Q_DIRECTIVE","KEEP_Q_DIRECTIVE","Compare.","Compare.","Compare.","Compare.","","","Q_AUTHORED_CURRENT_POST","Q_BODY","KEEP","canonical post body, no embedded-source evidence"
"479#1","479","KEEP_Q_DIRECTIVE","KEEP_Q_DIRECTIVE","List the leadership in AUS.","List the leadership in AUS.","List the leadership in AUS.","List the leadership in AUS.","","","Q_AUTHORED_CURRENT_POST","Q_BODY","KEEP","canonical post body, no embedded-source evidence"
"4794#0","4794","KEEP_Q_DIRECTIVE","KEEP_Q_DIRECTIVE","Apply same to FBI.","Apply same to FBI.","Apply same to FBI.","Apply same to FBI.","","","Q_AUTHORED_CURRENT_POST","Q_BODY","KEEP","canonical post body, no embedded-source evidence"
"4794#1","4794","KEEP_Q_DIRECTIVE","KEEP_Q_DIRECTIVE","Apply same to State.","Apply same to State.","Apply same to State.","Apply same to State.","","","Q_AUTHORED_CURRENT_POST","Q_BODY","KEEP","canonical post body, no embedded-source evidence"
"4796#0","4796","KEEP_Q_DIRECTIVE","KEEP_Q_DIRECTIVE","Eyes on.","Eyes on.","Eyes on.","Eyes on.","","","Q_AUTHORED_CURRENT_POST","Q_BODY","KEEP","canonical post body, no embedded-source evidence"
"4796#1","4796","KEEP_Q_DIRECTIVE","KEEP_Q_DIRECTIVE","Follow the family.","Follow the family.","Follow the family.","Follow the family.","","","Q_AUTHORED_CURRENT_POST","Q_BODY","KEEP","canonical post body, no embedded-source evidence"
"4803#0","4803","KEEP_Q_DIRECTIVE","KEEP_Q_DIRECTIVE","Do not take the bait.","Do not take the bait.","Do not take the bait.","Do not take the bait.","","","Q_AUTHORED_CURRENT_POST","Q_BODY","KEEP","canonical post body, no embedded-source evidence"
"4803#1","4803","KEEP_Q_DIRECTIVE","KEEP_Q_DIRECTIVE","Use discernment.","Use discernment.","Use discernment.","Use discernment.","","","Q_AUTHORED_CURRENT_POST","Q_BODY","KEEP","canonical post body, no embedded-source evidence"
"4808#0","4808","KEEP_Q_DIRECTIVE","KEEP_Q_DIRECTIVE","Keep charging, Midnight Riders!","Keep charging, Midnight Riders!","Keep charging, Midnight Riders!","Keep charging, Midnight Riders!","","","Q_AUTHORED_CURRENT_POST","Q_BODY","KEEP","canonical post body, no embedded-source evidence"
"481#0","481","KEEP_Q_DIRECTIVE","KEEP_Q_DIRECTIVE","Note the desk.","Note the desk.","Note the desk.","Note the desk.","","","Q_AUTHORED_CURRENT_POST","Q_BODY","KEEP","canonical post body, no embedded-source evidence"
"481#1","481","REMOVE_BLESSING_OR_VALEDICTION","REMOVE_BLESSING_OR_VALEDICTION","GOD BLESS.","","GOD BLESS.","GOD BLESS.","","","Q_AUTHORED_CURRENT_POST","Q_BODY","REMOVE_FROM_DIRECTIVES","blessing or valediction, not a command"
"4816#0","4816","KEEP_Q_DIRECTIVE","KEEP_Q_DIRECTIVE","Think drop today re: Sen Johnson re: redaction(s) [GSA v FBI].","Think drop today re: Sen Johnson re: redaction(s) [GSA v FBI].","Think drop today re: Sen Johnson re: redaction(s) [GSA v FBI].","Think drop today re: Sen Johnson re: redaction(s) [GSA v FBI].","","","Q_AUTHORED_CURRENT_POST","Q_BODY","KEEP","canonical post body, no embedded-source evidence"
"4816#1","4816","KEEP_Q_DIRECTIVE","KEEP_Q_DIRECTIVE","Think POTUS today ""No redactions!""","Think POTUS today ""No redactions!""","Think POTUS today ""No redactions!""","Think POTUS today ""No redactions!""","","","Q_AUTHORED_CURRENT_POST","Q_BODY","KEEP","canonical post body, no embedded-source evidence"
"4838#0","4838","KEEP_Q_DIRECTIVE","KEEP_Q_DIRECTIVE","Look here: FBI","Look here: FBI","Look here: FBI","Look here: FBI","","","Q_AUTHORED_CURRENT_POST","Q_BODY","KEEP","canonical post body, no embedded-source evidence"
"4838#1","4838","KEEP_Q_DIRECTIVE","KEEP_Q_DIRECTIVE","Look here: DOJ","Look here: DOJ","Look here: DOJ","Look here: DOJ","","","Q_AUTHORED_CURRENT_POST","Q_BODY","KEEP","canonical post body, no embedded-source evidence"
"4838#2","4838","KEEP_Q_DIRECTIVE","KEEP_Q_DIRECTIVE","DO NOT LOOK HERE: CIA","DO NOT LOOK HERE: CIA","DO NOT LOOK HERE: CIA","DO NOT LOOK HERE: CIA","","","Q_AUTHORED_CURRENT_POST","Q_BODY","KEEP","canonical post body, no embedded-source evidence"
"484#0","484","KEEP_Q_DIRECTIVE","KEEP_Q_DIRECTIVE","Watch the news.","Watch the news.","Watch the news.","Watch the news.","","","Q_AUTHORED_CURRENT_POST","Q_BODY","KEEP","canonical post body, no embedded-source evidence"
"4840#0","4840","KEEP_Q_DIRECTIVE","KEEP_Q_DIRECTIVE","Buckle up.","Buckle up.","Buckle up.","Buckle up.","","","Q_AUTHORED_CURRENT_POST","Q_BODY","KEEP","canonical post body, no embedded-source evidence"
"4841#0","4841","KEEP_Q_DIRECTIVE","KEEP_Q_DIRECTIVE","Keep firing, Nancy.","Keep firing, Nancy.","Keep firing, Nancy.","Keep firing, Nancy.","","","Q_AUTHORED_CURRENT_POST","Q_BODY","KEEP","canonical post body, no embedded-source evidence"
"4843#0","4843","KEEP_Q_DIRECTIVE","KEEP_Q_DIRECTIVE","Don't believe everything you read.","Don't believe everything you read.","Don't believe everything you read.","Don't believe everything you read.","","","Q_AUTHORED_CURRENT_POST","Q_BODY","KEEP","canonical post body, no embedded-source evidence"
"4851#0","4851","KEEP_Q_DIRECTIVE","KEEP_Q_DIRECTIVE","DRAIN THE SWAMP.","DRAIN THE SWAMP.","DRAIN THE SWAMP.","DRAIN THE SWAMP.","","","Q_AUTHORED_CURRENT_POST","Q_BODY","KEEP","canonical post body, no embedded-source evidence"
"4852#0","4852","KEEP_Q_DIRECTIVE","KEEP_Q_DIRECTIVE","Let's keep the party going.","Let's keep the party going.","Let's keep the party going.","Let's keep the party going.","","","Q_AUTHORED_CURRENT_POST","Q_BODY","KEEP","canonical post body, no embedded-source evidence"
"4855#0","4855","KEEP_Q_DIRECTIVE","KEEP_Q_DIRECTIVE","Keep charging, Midnight Riders!","Keep charging, Midnight Riders!","Keep charging, Midnight Riders!","Keep charging, Midnight Riders!","","","Q_AUTHORED_CURRENT_POST","Q_BODY","KEEP","canonical post body, no embedded-source evidence"
"4856#0","4856","KEEP_Q_DIRECTIVE","KEEP_Q_DIRECTIVE","Don't believe everything you read.","Don't believe everything you read.","Don't believe everything you read.","Don't believe everything you read.","","","Q_AUTHORED_CURRENT_POST","Q_BODY","KEEP","canonical post body, no embedded-source evidence"
"4857#0","4857","KEEP_Q_DIRECTIVE","KEEP_Q_DIRECTIVE","Read both carefully.","Read both carefully.","Read both carefully.","Read both carefully.","","","Q_AUTHORED_CURRENT_POST","Q_BODY","KEEP","canonical post body, no embedded-source evidence"
"4861#0","4861","KEEP_Q_DIRECTIVE","KEEP_Q_DIRECTIVE","Gauge for yourself, Anon.","Gauge for yourself, Anon.","Gauge for yourself, Anon.","Gauge for yourself, Anon.","","","Q_AUTHORED_CURRENT_POST","Q_BODY","KEEP","canonical post body, no embedded-source evidence"
"4866#0","4866","KEEP_Q_DIRECTIVE","KEEP_Q_DIRECTIVE","Buckle up.","Buckle up.","Buckle up.","Buckle up.","","","Q_AUTHORED_CURRENT_POST","Q_BODY","KEEP","canonical post body, no embedded-source evidence"
"4875#0","4875","KEEP_Q_DIRECTIVE","KEEP_Q_DIRECTIVE","Don't forget about the House Intel Committee meeting re: 'Qanon' today.","Don't forget about the House Intel Committee meeting re: 'Qanon' today.","Don't forget about the House Intel Committee meeting re: 'Qanon' today.","Don't forget about the House Intel Committee meeting re: 'Qanon' today.","","","Q_AUTHORED_CURRENT_POST","Q_BODY","KEEP","canonical post body, no embedded-source evidence"
"4879#0","4879","KEEP_Q_DIRECTIVE","KEEP_Q_DIRECTIVE","Remember, it's just a conspiracy.","Remember, it's just a conspiracy.","Remember, it's just a conspiracy.","Remember, it's just a conspiracy.","","","Q_AUTHORED_CURRENT_POST","Q_BODY","KEEP","canonical post body, no embedded-source evidence"
"488#0","488","REMOVE_BLESSING_OR_VALEDICTION","REMOVE_BLESSING_OR_VALEDICTION","God bless Patriots.","","God bless Patriots.","God bless Patriots.","","","Q_AUTHORED_CURRENT_POST","Q_BODY","REMOVE_FROM_DIRECTIVES","blessing or valediction, not a command"
"4884#0","4884","KEEP_Q_DIRECTIVE","KEEP_Q_DIRECTIVE","Enjoy the show!","Enjoy the show!","Enjoy the show!","Enjoy the show!","","","Q_AUTHORED_CURRENT_POST","Q_BODY","KEEP","canonical post body, no embedded-source evidence"
"4886#0","4886","KEEP_Q_DIRECTIVE","KEEP_Q_DIRECTIVE","Follow the family.","Follow the family.","Follow the family.","Follow the family.","","","Q_AUTHORED_CURRENT_POST","Q_BODY","KEEP","canonical post body, no embedded-source evidence"
"4893#0","4893","KEEP_Q_DIRECTIVE","KEEP_Q_DIRECTIVE","DRAIN THE SWAMP.","DRAIN THE SWAMP.","DRAIN THE SWAMP.","DRAIN THE SWAMP.","","","Q_AUTHORED_CURRENT_POST","Q_BODY","KEEP","canonical post body, no embedded-source evidence"
"4895#0","4895","KEEP_Q_DIRECTIVE","KEEP_Q_DIRECTIVE","Apply logic and common sense.","Apply logic and common sense.","Apply logic and common sense.","Apply logic and common sense.","","","Q_AUTHORED_CURRENT_POST","Q_BODY","KEEP","canonical post body, no embedded-source evidence"
"49#0","49","KEEP_Q_DIRECTIVE","KEEP_Q_DIRECTIVE","Follow Sen Grassley.","Follow Sen Grassley.","Follow Sen Grassley.","Follow Sen Grassley.","","","Q_AUTHORED_CURRENT_POST","Q_BODY","KEEP","canonical post body, no embedded-source evidence"
"490#0","490","REMOVE_BLESSING_OR_VALEDICTION","REMOVE_BLESSING_OR_VALEDICTION","God bless each and every Patriot in the world.","","God bless each and every Patriot in the world.","God bless each and every Patriot in the world.","","","Q_AUTHORED_CURRENT_POST","Q_BODY","REMOVE_FROM_DIRECTIVES","blessing or valediction, not a command"
"490#1","490","KEEP_Q_DIRECTIVE","KEEP_Q_DIRECTIVE","Let FREEDOM RING.","Let FREEDOM RING.","Let FREEDOM RING.","Let FREEDOM RING.","","","Q_AUTHORED_CURRENT_POST","Q_BODY","KEEP","canonical post body, no embedded-source evidence"
"4902#0","4902","KEEP_Q_DIRECTIVE","KEEP_Q_DIRECTIVE","Buckle up!","Buckle up!","Buckle up!","Buckle up!","","","Q_AUTHORED_CURRENT_POST","Q_BODY","KEEP","canonical post body, no embedded-source evidence"
"4908#0","4908","KEEP_Q_DIRECTIVE","KEEP_Q_DIRECTIVE","YOU MUST SHOW THEM.","YOU MUST SHOW THEM.","YOU MUST SHOW THEM.","YOU MUST SHOW THEM.","","","Q_AUTHORED_CURRENT_POST","Q_BODY","KEEP","canonical post body, no embedded-source evidence"
"4915#0","4915","KEEP_Q_DIRECTIVE","KEEP_Q_DIRECTIVE","Have faith in Humanity.","Have faith in Humanity.","have faith","have faith","","","Q_AUTHORED_CURRENT_POST","Q_BODY","KEEP","OWNER RULING R3: ""have faith"" is an imperative — an instruction to maintain confidence, belief or morale."
"4923#0","4923","KEEP_DIRECTIVE_AND_RELIGIOUS_THEME","KEEP_DIRECTIVE_AND_RELIGIOUS_THEME","Find peace through prayer.","Find peace through prayer.","Find peace through prayer.","Find peace through prayer.","","Religion & Spirituality","Q_AUTHORED_CURRENT_POST","Q_BODY","KEEP","canonical post body, no embedded-source evidence"
"4923#1","4923","KEEP_Q_DIRECTIVE","KEEP_Q_DIRECTIVE","Never give up the good fight.","Never give up the good fight.","Never give up the good fight.","Never give up the good fight.","","","Q_AUTHORED_CURRENT_POST","Q_BODY","KEEP","canonical post body, no embedded-source evidence"
"4923#2","4923","REMOVE_BLESSING_OR_VALEDICTION","REMOVE_BLESSING_OR_VALEDICTION","God bless you.","","God bless you.","God bless you.","","","Q_AUTHORED_CURRENT_POST","Q_BODY","REMOVE_FROM_DIRECTIVES","blessing or valediction, not a command"
"493#0","493","KEEP_Q_DIRECTIVE","KEEP_Q_DIRECTIVE","Review the Congressional investigation on PP.","Review the Congressional investigation on PP.","Review the Congressional investigation on PP.","Review the Congressional investigation on PP.","","","Q_AUTHORED_CURRENT_POST","Q_BODY","KEEP","canonical post body, no embedded-source evidence"
"493#1","493","KEEP_Q_DIRECTIVE","KEEP_Q_DIRECTIVE","Be prepared for what you learn.","Be prepared for what you learn.","Be prepared for what you learn.","Be prepared for what you learn.","","","Q_AUTHORED_CURRENT_POST","Q_BODY","KEEP","canonical post body, no embedded-source evidence"
"4938#0","4938","KEEP_Q_DIRECTIVE","KEEP_Q_DIRECTIVE","PLEASE FIX THE BREAD AND TIDY UP THE SHIP.","PLEASE FIX THE BREAD AND TIDY UP THE SHIP.","PLEASE FIX THE BREAD AND TIDY UP THE SHIP.","PLEASE FIX THE BREAD AND TIDY UP THE SHIP.","","","Q_AUTHORED_CURRENT_POST","Q_BODY","KEEP","canonical post body, no embedded-source evidence"
"495#0","495","KEEP_Q_DIRECTIVE","KEEP_Q_DIRECTIVE","Mark as graphic material.","Mark as graphic material.","Mark as graphic material.","Mark as graphic material.","","","Q_AUTHORED_CURRENT_POST","Q_BODY","KEEP","canonical post body, no embedded-source evidence"
"4951#0","4951","KEEP_Q_DIRECTIVE","KEEP_Q_DIRECTIVE","Sometimes you must walk through the darkness before you see the light.","Sometimes you must walk through the darkness before you see the light.","Sometimes you must walk through the darkness before you see the light.","Sometimes you must walk through the darkness before you see the light.","","","Q_AUTHORED_CURRENT_POST","Q_BODY","KEEP","canonical post body, no embedded-source evidence"
"4956#0","4956","KEEP_Q_DIRECTIVE","KEEP_Q_DIRECTIVE","Remember your oath.","Remember your oath.","Remember your oath.","Remember your oath.","","","Q_AUTHORED_CURRENT_POST","Q_BODY","KEEP","canonical post body, no embedded-source evidence"
"4958#0","4958","KEEP_Q_DIRECTIVE","KEEP_Q_DIRECTIVE","Use your logic.","Use your logic.","Use your logic.","Use your logic.","","","Q_AUTHORED_CURRENT_POST","Q_BODY","KEEP","canonical post body, no embedded-source evidence"
"4958#1","4958","KEEP_Q_DIRECTIVE","KEEP_Q_DIRECTIVE","Define 'Plant'.","Define 'Plant'.","Define 'Plant'.","Define 'Plant'.","","","Q_AUTHORED_CURRENT_POST","Q_BODY","KEEP","canonical post body, no embedded-source evidence"
"4958#2","4958","KEEP_Q_DIRECTIVE","KEEP_Q_DIRECTIVE","Trust the plan.","Trust the plan.","Trust the plan.","Trust the plan.","","","Q_AUTHORED_CURRENT_POST","Q_BODY","KEEP","canonical post body, no embedded-source evidence"
"4959#0","4959","KEEP_Q_DIRECTIVE","KEEP_Q_DIRECTIVE","Think.","Think.","Think.","Think.","","","Q_AUTHORED_CURRENT_POST","Q_BODY","KEEP","canonical post body, no embedded-source evidence"
"496#0","496","KEEP_Q_DIRECTIVE","KEEP_Q_DIRECTIVE","Add to graphic.","Add to graphic.","Add to graphic.","Add to graphic.","","","Q_AUTHORED_CURRENT_POST","Q_BODY","KEEP","canonical post body, no embedded-source evidence"
"4960#0","4960","KEEP_Q_DIRECTIVE","KEEP_Q_DIRECTIVE","Watch carefully.","Watch carefully.","Watch carefully.","Watch carefully.","","","Q_AUTHORED_CURRENT_POST","Q_BODY","KEEP","canonical post body, no embedded-source evidence"
"4960#1","4960","KEEP_Q_DIRECTIVE","KEEP_Q_DIRECTIVE","Vote.","Vote.","Vote.","Vote.","","","Q_AUTHORED_CURRENT_POST","Q_BODY","KEEP","canonical post body, no embedded-source evidence"
"4962#0","4962","KEEP_Q_DIRECTIVE","KEEP_Q_DIRECTIVE","PUT AN END TO THE ENDLESS.","PUT AN END TO THE ENDLESS.","PUT AN END TO THE ENDLESS.","PUT AN END TO THE ENDLESS.","","","Q_AUTHORED_CURRENT_POST","Q_BODY","KEEP","canonical post body, no embedded-source evidence"
"4962#1","4962","KEEP_Q_DIRECTIVE","KEEP_Q_DIRECTIVE","Repeat.","Repeat.","Repeat.","Repeat.","","","Q_AUTHORED_CURRENT_POST","Q_BODY","KEEP","canonical post body, no embedded-source evidence"
"4963#0","4963","KEEP_Q_DIRECTIVE","KEEP_Q_DIRECTIVE","Trust yourself.","Trust yourself.","Trust yourself.","Trust yourself.","","","Q_AUTHORED_CURRENT_POST","Q_BODY","KEEP","canonical post body, no embedded-source evidence"
"4963#1","4963","KEEP_Q_DIRECTIVE","KEEP_Q_DIRECTIVE","Focus.","Focus.","Focus.","Focus. · FOCUS.","","","Q_AUTHORED_CURRENT_POST","Q_BODY","KEEP","canonical post body, no embedded-source evidence"
"4963#2","4963","KEEP_Q_DIRECTIVE","KEEP_Q_DIRECTIVE","FOCUS.","FOCUS.","FOCUS.","Focus. · FOCUS.","","","Q_AUTHORED_CURRENT_POST","Q_BODY","KEEP","canonical post body, no embedded-source evidence"
"4963#3","4963","KEEP_Q_DIRECTIVE","KEEP_Q_DIRECTIVE","Time to show the world.","Time to show the world.","show the world","show the world","","","Q_AUTHORED_CURRENT_POST","Q_BODY","KEEP","""Time to X"" with the copula elided — the same exhortative construction the owner ruled a Directive at #1252 (""It's time to learn the TRUTH.""). Preceded by ""You have seen the truth."" and followed by ""Focus."": Q moving the reader from knowing to acting."
"4964#0","4964","KEEP_Q_DIRECTIVE","KEEP_Q_DIRECTIVE","Be aware of false prophets.","Be aware of false prophets.","Be aware of false prophets.","Be aware of false prophets.","","","Q_AUTHORED_CURRENT_POST","Q_BODY","KEEP","canonical post body, no embedded-source evidence"
"4964#1","4964","KEEP_Q_DIRECTIVE","KEEP_Q_DIRECTIVE","Focus on the mission.","Focus on the mission.","Focus on the mission.","Focus on the mission.","","","Q_AUTHORED_CURRENT_POST","Q_BODY","KEEP","canonical post body, no embedded-source evidence"
"4966#0","4966","KEEP_Q_DIRECTIVE","KEEP_Q_DIRECTIVE","Protect your DNA.","Protect your DNA.","Protect your DNA.","Protect your DNA.","","","Q_AUTHORED_CURRENT_POST","Q_BODY","KEEP","canonical post body, no embedded-source evidence"
"5#0","5","KEEP_Q_DIRECTIVE","KEEP_Q_DIRECTIVE","Follow the money, it's the key.","Follow the money, it’s the key.","Follow the money, it’s the key.","Follow the money, it’s the key.","","","Q_AUTHORED_CURRENT_POST","Q_BODY","KEEP","canonical post body, no embedded-source evidence"
"5#1","5","KEEP_Q_DIRECTIVE","KEEP_Q_DIRECTIVE","Note this doesn't include massive slush funds that are pulled by several high ups.","Note this doesn’t include massive slush funds that are pulled by several high ups.","Note","Note","","","Q_AUTHORED_CURRENT_POST","Q_BODY","KEEP","Imperative ""Note"" with an elided ""that"". Sits inside a run of research questions Q is directing the reader through."
"5#2","5","KEEP_Q_DIRECTIVE","KEEP_Q_DIRECTIVE","Have faith.","Have faith.","have faith","have faith","","","Q_AUTHORED_CURRENT_POST","Q_BODY","KEEP","OWNER RULING R3: ""have faith"" is an imperative — an instruction to maintain confidence, belief or morale."
"50#0","50","KEEP_Q_DIRECTIVE","KEEP_Q_DIRECTIVE","Don't think of a single person.","Don't think of a single person.","Don't think of a single person.","Don't think of a single person.","","","Q_AUTHORED_CURRENT_POST","Q_BODY","KEEP","canonical post body, no embedded-source evidence"
"50#1","50","KEEP_Q_DIRECTIVE","KEEP_Q_DIRECTIVE","Think of a powerful entity.","Think of a powerful entity.","Think of a powerful entity.","Think of a powerful entity.","","","Q_AUTHORED_CURRENT_POST","Q_BODY","KEEP","canonical post body, no embedded-source evidence"
"504#0","504","KEEP_Q_DIRECTIVE","KEEP_Q_DIRECTIVE","LEARN OUR COMMS.","LEARN OUR COMMS.","LEARN OUR COMMS.","LEARN OUR COMMS.","","","Q_AUTHORED_CURRENT_POST","Q_BODY","KEEP","canonical post body, no embedded-source evidence"
"506#0","506","KEEP_Q_DIRECTIVE","KEEP_Q_DIRECTIVE","Wind the CLOCK.","Wind the CLOCK.","Wind the CLOCK.","Wind the CLOCK.","","","Q_AUTHORED_CURRENT_POST","Q_BODY","KEEP","canonical post body, no embedded-source evidence"
"51#0","51","KEEP_Q_DIRECTIVE","KEEP_Q_DIRECTIVE","Rest assured POTUS is backed by the absolute finest people alive who are all dedicated to the eradication evil and corruption from the US/World.","Rest assured POTUS is backed by the absolute finest people alive who are all dedicated to the eradication evil and corruption from the US/World.","Rest assured","Rest assured","","","Q_AUTHORED_CURRENT_POST","Q_BODY_LETTER_VOICE","KEEP","OWNER RULING: ""Rest assured"" is an imperative/exhortation; the full sentence is the displayed highlight."
"51#1","51","KEEP_Q_DIRECTIVE","KEEP_Q_DIRECTIVE","Find peace.","Find peace.","Find peace","Find peace","","","Q_AUTHORED_CURRENT_POST","Q_BODY_LETTER_VOICE","KEEP","OWNER RULING: ""Find"" is an imperative directing the reader to seek or attain peace."
"51#2","51","SPLIT_MIXED_SENTENCE","SPLIT_MIXED_SENTENCE","God bless and be safe.","God bless and be safe.","be safe","be safe","God bless","Religion & Spirituality","Q_AUTHORED_CURRENT_POST","Q_BODY_LETTER_VOICE","KEEP_AND_SPLIT_SEGMENTS","OWNER RULING: the complete sentence stays the displayed span; the segments are stored, never highlighted separately."
"510#0","510","KEEP_Q_DIRECTIVE","KEEP_Q_DIRECTIVE","Learn.","Learn.","Learn.","Learn.","","","Q_AUTHORED_CURRENT_POST","Q_BODY","KEEP","canonical post body, no embedded-source evidence"
"513#0","513","KEEP_Q_DIRECTIVE","KEEP_Q_DIRECTIVE","NO private comms past/present/future.","NO private comms past/present/future.","NO private comms past/present/future.","NO private comms past/present/future.","","","Q_AUTHORED_CURRENT_POST","Q_BODY","KEEP","canonical post body, no embedded-source evidence"
"513#1","513","KEEP_Q_DIRECTIVE","KEEP_Q_DIRECTIVE","NO comms made outside of this platform.","NO comms made outside of this platform.","NO comms made outside of this platform.","NO comms made outside of this platform.","","","Q_AUTHORED_CURRENT_POST","Q_BODY","KEEP","canonical post body, no embedded-source evidence"
"513#2","513","KEEP_Q_DIRECTIVE","KEEP_Q_DIRECTIVE","Any claims that contradict the above should be considered FAKE NEWS and disregarded immediately.","Any claims that contradict the above should be considered FAKE NEWS and disregarded immediately.","Any claims that contradict the above should be considered FAKE NEWS and disregarded immediately.","Any claims that contradict the above should be considered FAKE NEWS and disregarded immediately.","","","Q_AUTHORED_CURRENT_POST","Q_BODY","KEEP","canonical post body, no embedded-source evidence"
"515#0","515","KEEP_Q_DIRECTIVE","KEEP_Q_DIRECTIVE","Suggest new board created.","Suggest new board created.","Suggest new board created.","Suggest new board created.","","","Q_AUTHORED_CURRENT_POST","Q_BODY","KEEP","canonical post body, no embedded-source evidence"
"517#0","517","KEEP_Q_DIRECTIVE","KEEP_Q_DIRECTIVE","Please begin migration.","Please begin migration.","Please begin migration.","Please begin migration.","","","Q_AUTHORED_CURRENT_POST","Q_BODY","KEEP","canonical post body, no embedded-source evidence"
"518#0","518","KEEP_Q_DIRECTIVE","KEEP_Q_DIRECTIVE","Be ready.","Be ready.","Be ready.","Be ready.","","","Q_AUTHORED_CURRENT_POST","Q_BODY","KEEP","canonical post body, no embedded-source evidence"
"52#0","52","KEEP_Q_DIRECTIVE","KEEP_Q_DIRECTIVE","Review BO's financial disclosure when he submitted pre-D election campaign.","Review BO's financial disclosure when he submitted pre-D election campaign.","Review BO's financial disclosure when he submitted pre-D election campaign.","Review BO's financial disclosure when he submitted pre-D election campaign.","","","Q_AUTHORED_CURRENT_POST","Q_BODY","KEEP","canonical post body, no embedded-source evidence"
"520#0","520","KEEP_Q_DIRECTIVE","KEEP_Q_DIRECTIVE","Think BDT.","Think BDT.","Think BDT.","Think BDT.","","","Q_AUTHORED_CURRENT_POST","Q_BODY","KEEP","canonical post body, no embedded-source evidence"
"520#1","520","KEEP_Q_DIRECTIVE","KEEP_Q_DIRECTIVE","THINK BIG.","THINK BIG.","THINK BIG.","THINK BIG.","","","Q_AUTHORED_CURRENT_POST","Q_BODY","KEEP","canonical post body, no embedded-source evidence"
"520#2","520","KEEP_Q_DIRECTIVE","KEEP_Q_DIRECTIVE","THINK BIGGER.","THINK BIGGER.","THINK BIGGER.","THINK BIGGER.","","","Q_AUTHORED_CURRENT_POST","Q_BODY","KEEP","canonical post body, no embedded-source evidence"
"520#3","520","KEEP_Q_DIRECTIVE","KEEP_Q_DIRECTIVE","THINK BIGGEST.","THINK BIGGEST.","THINK BIGGEST.","THINK BIGGEST.","","","Q_AUTHORED_CURRENT_POST","Q_BODY","KEEP","canonical post body, no embedded-source evidence"
"520#4","520","KEEP_Q_DIRECTIVE","KEEP_Q_DIRECTIVE","Get smart, MAKE AMERICA GREAT AGAIN!","Get smart, MAKE AMERICA GREAT AGAIN!","Get smart, MAKE AMERICA GREAT AGAIN!","Get smart, MAKE AMERICA GREAT AGAIN!","","","Q_AUTHORED_CURRENT_POST","Q_BODY","KEEP","greentext arrow with no matching quoted source — Q's own bullet"
"520#5","520","KEEP_Q_DIRECTIVE","KEEP_Q_DIRECTIVE","FOCUS on POTUS' Tweet above.","FOCUS on POTUS' Tweet above.","FOCUS on POTUS' Tweet above.","FOCUS on POTUS' Tweet above.","","","Q_AUTHORED_CURRENT_POST","Q_BODY","KEEP","canonical post body, no embedded-source evidence"
"520#6","520","KEEP_Q_DIRECTIVE","KEEP_Q_DIRECTIVE","Think budget.","Think budget.","Think budget.","Think budget.","","","Q_AUTHORED_CURRENT_POST","Q_BODY","KEEP","canonical post body, no embedded-source evidence"
"520#7","520","KEEP_Q_DIRECTIVE","KEEP_Q_DIRECTIVE","FIND missing [3].","FIND missing [3].","FIND missing [3].","FIND missing [3].","","","Q_AUTHORED_CURRENT_POST","Q_BODY","KEEP","canonical post body, no embedded-source evidence"
"521#0","521","KEEP_Q_DIRECTIVE","KEEP_Q_DIRECTIVE","Have FAITH - WE ARE IN CONTROL.","Have FAITH - WE ARE IN CONTROL.","have faith","have faith","","","Q_AUTHORED_CURRENT_POST","Q_BODY","KEEP","OWNER RULING R3: ""have faith"" is an imperative — an instruction to maintain confidence, belief or morale."
"521#1","521","KEEP_Q_DIRECTIVE","KEEP_Q_DIRECTIVE","HAVE FAITH.","HAVE FAITH.","have faith","have faith","","","Q_AUTHORED_CURRENT_POST","Q_BODY","KEEP","OWNER RULING R3: ""have faith"" is an imperative — an instruction to maintain confidence, belief or morale."
"521#2","521","KEEP_Q_DIRECTIVE","KEEP_Q_DIRECTIVE","USE IT - PROTECT AND COMFORT THOSE AROUND YOU.","USE IT - PROTECT AND COMFORT THOSE AROUND YOU.","USE IT - PROTECT AND COMFORT THOSE AROUND YOU.","USE IT - PROTECT AND COMFORT THOSE AROUND YOU.","","","Q_AUTHORED_CURRENT_POST","Q_BODY","KEEP","canonical post body, no embedded-source evidence"
"524#0","524","KEEP_Q_DIRECTIVE","KEEP_Q_DIRECTIVE","FOLLOW THE MONEY.","FOLLOW THE MONEY.","FOLLOW THE MONEY.","FOLLOW THE MONEY.","","","Q_AUTHORED_CURRENT_POST","Q_BODY","KEEP","canonical post body, no embedded-source evidence"
"524#1","524","KEEP_Q_DIRECTIVE","KEEP_Q_DIRECTIVE","FOCUS on loudest voices in WASH.","FOCUS on loudest voices in WASH.","FOCUS on loudest voices in WASH.","FOCUS on loudest voices in WASH.","","","Q_AUTHORED_CURRENT_POST","Q_BODY","KEEP","canonical post body, no embedded-source evidence"
"524#2","524","KEEP_Q_DIRECTIVE","KEEP_Q_DIRECTIVE","Reconcile?","Reconcile?","Reconcile?","Reconcile?","","","Q_AUTHORED_CURRENT_POST","Q_BODY","KEEP","canonical post body, no embedded-source evidence"
"526#0","526","KEEP_Q_DIRECTIVE","KEEP_Q_DIRECTIVE","FOLLOW HIM AND FAMILY DOWN THE HOLE TO FIND MORE TRUTH.","FOLLOW HIM AND FAMILY DOWN THE HOLE TO FIND MORE TRUTH.","FOLLOW HIM AND FAMILY DOWN THE HOLE TO FIND MORE TRUTH.","FOLLOW HIM AND FAMILY DOWN THE HOLE TO FIND MORE TRUTH.","","","Q_AUTHORED_CURRENT_POST","Q_BODY","KEEP","canonical post body, no embedded-source evidence"
"529#0","529","KEEP_Q_DIRECTIVE","KEEP_Q_DIRECTIVE","Be READY.","Be READY.","Be READY.","Be READY.","","","Q_AUTHORED_CURRENT_POST","Q_BODY","KEEP","canonical post body, no embedded-source evidence"
"529#1","529","KEEP_Q_DIRECTIVE","KEEP_Q_DIRECTIVE","FIGHT, FIGHT, FIGHT.","FIGHT, FIGHT, FIGHT.","FIGHT, FIGHT, FIGHT.","FIGHT, FIGHT, FIGHT.","","","Q_AUTHORED_CURRENT_POST","Q_BODY","KEEP","canonical post body, no embedded-source evidence"
"53#0","53","KEEP_Q_DIRECTIVE","KEEP_Q_DIRECTIVE","List out all who have foundations.","List out all who have foundations.","List out","List out","","","Q_AUTHORED_CURRENT_POST","Q_BODY","KEEP","""List out"" is a phrasal imperative verb with a direct object. A research task, and the drop's opening line."
"53#1","53","KEEP_Q_DIRECTIVE","KEEP_Q_DIRECTIVE","Analyze the filings.","Analyze the filings.","Analyze the filings.","Analyze the filings.","","","Q_AUTHORED_CURRENT_POST","Q_BODY","KEEP","canonical post body, no embedded-source evidence"
"530#0","530","KEEP_Q_DIRECTIVE","KEEP_Q_DIRECTIVE","Show: Future PROVES Past.","Show: Future PROVES Past.","Show: Future PROVES Past.","Show: Future PROVES Past.","","","Q_AUTHORED_CURRENT_POST","Q_BODY","KEEP","canonical post body, no embedded-source evidence"
"532#0","532","KEEP_Q_DIRECTIVE","KEEP_Q_DIRECTIVE","SHOW the WORLD.","SHOW the WORLD.","SHOW the WORLD.","SHOW the WORLD.","","","Q_AUTHORED_CURRENT_POST","Q_BODY","KEEP","canonical post body, no embedded-source evidence"
"532#1","532","KEEP_Q_DIRECTIVE","KEEP_Q_DIRECTIVE","SHOW the WORLD the TRUTH.","SHOW the WORLD the TRUTH.","SHOW the WORLD the TRUTH.","SHOW the WORLD the TRUTH.","","","Q_AUTHORED_CURRENT_POST","Q_BODY","KEEP","canonical post body, no embedded-source evidence"
"532#2","532","KEEP_Q_DIRECTIVE","KEEP_Q_DIRECTIVE","OPEN THEIR EYES.","OPEN THEIR EYES.","OPEN THEIR EYES.","OPEN THEIR EYES.","","","Q_AUTHORED_CURRENT_POST","Q_BODY","KEEP","canonical post body, no embedded-source evidence"
"532#3","532","KEEP_Q_DIRECTIVE","KEEP_Q_DIRECTIVE","DON'T LET POTUS SUFFER FROM THE SOROS/LOSER BOTS THAT CONTINUALLY FLOOD.","DON'T LET POTUS SUFFER FROM THE SOROS/LOSER BOTS THAT CONTINUALLY FLOOD.","DON'T LET POTUS SUFFER FROM THE SOROS/LOSER BOTS THAT CONTINUALLY FLOOD.","DON'T LET POTUS SUFFER FROM THE SOROS/LOSER BOTS THAT CONTINUALLY FLOOD.","","","Q_AUTHORED_CURRENT_POST","Q_BODY","KEEP","canonical post body, no embedded-source evidence"
"532#4","532","KEEP_Q_DIRECTIVE","KEEP_Q_DIRECTIVE","MAKE THE FAKE NEWS AWARDS YOUR 1ST ORGANIZED TWEET STORM DAY.","MAKE THE FAKE NEWS AWARDS YOUR 1ST ORGANIZED TWEET STORM DAY.","MAKE THE FAKE NEWS AWARDS YOUR 1ST ORGANIZED TWEET STORM DAY.","MAKE THE FAKE NEWS AWARDS YOUR 1ST ORGANIZED TWEET STORM DAY.","","","Q_AUTHORED_CURRENT_POST","Q_BODY","KEEP","canonical post body, no embedded-source evidence"
"533#0","533","KEEP_Q_DIRECTIVE","KEEP_Q_DIRECTIVE","STAND UP PATRIOTS.","STAND UP PATRIOTS.","STAND UP PATRIOTS.","STAND UP PATRIOTS.","","","Q_AUTHORED_CURRENT_POST","Q_BODY","KEEP","canonical post body, no embedded-source evidence"
"533#1","533","KEEP_Q_DIRECTIVE","KEEP_Q_DIRECTIVE","STAND UP AND DEFEND WHAT YOU KNOW IS RIGHT.","STAND UP AND DEFEND WHAT YOU KNOW IS RIGHT.","STAND UP · DEFEND","STAND UP · DEFEND","","","Q_AUTHORED_CURRENT_POST","Q_BODY","KEEP","Two coordinated imperatives in one sentence. Both segments are stored; the displayed highlight is the whole sentence, not two overlapping partials. Preceded by ""STAND UP PATRIOTS."""
"533#2","533","REMOVE_BLESSING_OR_VALEDICTION","REMOVE_BLESSING_OR_VALEDICTION","GOD BLESS YOU AND GOD BLESS THE UNITED STATES OF AMERICA.","","GOD BLESS YOU AND GOD BLESS THE UNITED STATES OF AMERICA.","GOD BLESS YOU AND GOD BLESS THE UNITED STATES OF AMERICA.","","","Q_AUTHORED_CURRENT_POST","Q_BODY","REMOVE_FROM_DIRECTIVES","blessing or valediction, not a command"
"534#0","534","KEEP_Q_DIRECTIVE","KEEP_Q_DIRECTIVE","START HERE.","START HERE.","START HERE.","START HERE.","","","Q_AUTHORED_CURRENT_POST","Q_BODY","KEEP","canonical post body, no embedded-source evidence"
"537#0","537","KEEP_Q_DIRECTIVE","KEEP_Q_DIRECTIVE","TRUST SESSIONS.","TRUST SESSIONS.","TRUST SESSIONS.","TRUST SESSIONS.","","","Q_AUTHORED_CURRENT_POST","Q_BODY","KEEP","canonical post body, no embedded-source evidence"
"537#1","537","KEEP_Q_DIRECTIVE","KEEP_Q_DIRECTIVE","Think logically.","Think logically.","Think logically.","Think logically.","","","Q_AUTHORED_CURRENT_POST","Q_BODY","KEEP","canonical post body, no embedded-source evidence"
"537#2","537","KEEP_Q_DIRECTIVE","KEEP_Q_DIRECTIVE","DO NOT chase MISINFO.","DO NOT chase MISINFO.","DO NOT chase MISINFO.","DO NOT chase MISINFO.","","","Q_AUTHORED_CURRENT_POST","Q_BODY","KEEP","canonical post body, no embedded-source evidence"
"538#0","538","KEEP_Q_DIRECTIVE","KEEP_Q_DIRECTIVE","BEWARE of MAJOR FALSE FLAG attempts this week.","BEWARE of MAJOR FALSE FLAG attempts this week.","BEWARE of MAJOR FALSE FLAG attempts this week.","BEWARE of MAJOR FALSE FLAG attempts this week.","","","Q_AUTHORED_CURRENT_POST","Q_BODY","KEEP","canonical post body, no embedded-source evidence"
"538#1","538","KEEP_Q_DIRECTIVE","KEEP_Q_DIRECTIVE","KNOW your surroundings.","KNOW your surroundings.","KNOW your surroundings.","KNOW your surroundings.","","","Q_AUTHORED_CURRENT_POST","Q_BODY","KEEP","canonical post body, no embedded-source evidence"
"538#2","538","KEEP_Q_DIRECTIVE","KEEP_Q_DIRECTIVE","TRUST.","TRUST.","TRUST.","TRUST.","","","Q_AUTHORED_CURRENT_POST","Q_BODY","KEEP","canonical post body, no embedded-source evidence"
"539#0","539","KEEP_Q_DIRECTIVE","KEEP_Q_DIRECTIVE","Think logically.","Think logically.","Think logically.","Think logically.","","","Q_AUTHORED_CURRENT_POST","Q_BODY","KEEP","canonical post body, no embedded-source evidence"
"542#0","542","KEEP_Q_DIRECTIVE","KEEP_Q_DIRECTIVE","Fight, Fight, Fight.","Fight, Fight, Fight.","Fight, Fight, Fight.","Fight, Fight, Fight.","","","Q_AUTHORED_CURRENT_POST","Q_BODY","KEEP","canonical post body, no embedded-source evidence"
"542#1","542","KEEP_Q_DIRECTIVE","KEEP_Q_DIRECTIVE","DEMAND public disclosure.","DEMAND public disclosure.","DEMAND public disclosure.","DEMAND public disclosure.","","","Q_AUTHORED_CURRENT_POST","Q_BODY","KEEP","canonical post body, no embedded-source evidence"
"542#2","542","KEEP_Q_DIRECTIVE","KEEP_Q_DIRECTIVE","BE LOUD.","BE LOUD.","BE LOUD.","BE LOUD.","","","Q_AUTHORED_CURRENT_POST","Q_BODY","KEEP","canonical post body, no embedded-source evidence"
"542#3","542","KEEP_Q_DIRECTIVE","KEEP_Q_DIRECTIVE","BE HEARD.","BE HEARD.","BE HEARD.","BE HEARD.","","","Q_AUTHORED_CURRENT_POST","Q_BODY","KEEP","canonical post body, no embedded-source evidence"
"55#0","55","KEEP_Q_DIRECTIVE","KEEP_Q_DIRECTIVE","Look to Twitter:","Look to Twitter:","Look to Twitter:","Look to Twitter:","","","Q_AUTHORED_CURRENT_POST","Q_BODY","KEEP","canonical post body, no embedded-source evidence"
"55#1","55","REMOVE_BLESSING_OR_VALEDICTION","REMOVE_BLESSING_OR_VALEDICTION","God bless.","","God bless.","God bless.","","","Q_AUTHORED_CURRENT_POST","Q_BODY","REMOVE_FROM_DIRECTIVES","blessing or valediction, not a command"
"551#0","551","KEEP_Q_DIRECTIVE","KEEP_Q_DIRECTIVE","Reconcile.","Reconcile.","Reconcile.","Reconcile.","","","Q_AUTHORED_CURRENT_POST","Q_BODY","KEEP","canonical post body, no embedded-source evidence"
"553#0","553","KEEP_Q_DIRECTIVE","KEEP_Q_DIRECTIVE","Expand your thinking.","Expand your thinking.","Expand your thinking.","Expand your thinking.","","","Q_AUTHORED_CURRENT_POST","Q_BODY","KEEP","canonical post body, no embedded-source evidence"
"556#0","556","KEEP_Q_DIRECTIVE","KEEP_Q_DIRECTIVE","Have FAITH, Patriot.","Have FAITH, Patriot.","have faith","have faith","","","Q_AUTHORED_CURRENT_POST","Q_BODY","KEEP","OWNER RULING R3: ""have faith"" is an imperative — an instruction to maintain confidence, belief or morale."
"562#0","562","KEEP_Q_DIRECTIVE","KEEP_Q_DIRECTIVE","Remember THIS DAY.","Remember THIS DAY.","Remember THIS DAY.","Remember THIS DAY.","","","Q_AUTHORED_CURRENT_POST","Q_BODY","KEEP","canonical post body, no embedded-source evidence"
"563#0","563","KEEP_Q_DIRECTIVE","KEEP_Q_DIRECTIVE","Think MEMO.","Think MEMO.","Think MEMO.","Think MEMO.","","","Q_AUTHORED_CURRENT_POST","Q_BODY","KEEP","canonical post body, no embedded-source evidence"
"563#1","563","KEEP_Q_DIRECTIVE","KEEP_Q_DIRECTIVE","LEARN!","LEARN!","LEARN!","LEARN!","","","Q_AUTHORED_CURRENT_POST","Q_BODY","KEEP","canonical post body, no embedded-source evidence"
"563#2","563","KEEP_Q_DIRECTIVE","KEEP_Q_DIRECTIVE","STAY STRONG.","STAY STRONG.","STAY STRONG.","STAY STRONG.","","","Q_AUTHORED_CURRENT_POST","Q_BODY","KEEP","canonical post body, no embedded-source evidence"
"563#3","563","KEEP_Q_DIRECTIVE","KEEP_Q_DIRECTIVE","STAY TOGETHER.","STAY TOGETHER.","STAY TOGETHER.","STAY TOGETHER.","","","Q_AUTHORED_CURRENT_POST","Q_BODY","KEEP","canonical post body, no embedded-source evidence"
"563#4","563","KEEP_Q_DIRECTIVE","KEEP_Q_DIRECTIVE","FIGHT, FIGHT, FIGHT.","FIGHT, FIGHT, FIGHT.","FIGHT, FIGHT, FIGHT.","FIGHT, FIGHT, FIGHT.","","","Q_AUTHORED_CURRENT_POST","Q_BODY","KEEP","canonical post body, no embedded-source evidence"
"564#0","564","KEEP_Q_DIRECTIVE","KEEP_Q_DIRECTIVE","Fight, Fight, Fight.","Fight, Fight, Fight.","Fight, Fight, Fight.","Fight, Fight, Fight.","","","Q_AUTHORED_CURRENT_POST","Q_BODY","KEEP","canonical post body, no embedded-source evidence"
"566#0","566","KEEP_Q_DIRECTIVE","KEEP_Q_DIRECTIVE","Read the #Memo.","Read the #Memo.","Read the #Memo.","Read the #Memo.","","","Q_AUTHORED_CURRENT_POST","Q_BODY","KEEP","canonical post body, no embedded-source evidence"
"566#1","566","KEEP_Q_DIRECTIVE","REMOVE_PREDICTION_NOT_DIRECTIVE","Release coming.","","Release coming.","Release coming.","","","Q_AUTHORED_CURRENT_POST","Q_BODY","REMOVE_FROM_DIRECTIVES","""Release"" is the subject noun and ""coming"" the predicate — a status announcement about a forthcoming document, not an instruction to release anything. Confirmed by the line after it, ""Final clearance underway."", which is the same declarative register. The actual directive in this drop is ""Read the #Memo."" on the line above."
"566#2","566","KEEP_Q_DIRECTIVE","KEEP_Q_DIRECTIVE","Make sure to learn Russian.","Make sure to learn Russian.","Make sure to learn Russian.","Make sure to learn Russian.","","","Q_AUTHORED_CURRENT_POST","Q_BODY","KEEP","canonical post body, no embedded-source evidence"
"568#0","568","KEEP_Q_DIRECTIVE","KEEP_Q_DIRECTIVE","TRUST.","TRUST.","TRUST.","TRUST.","","","Q_AUTHORED_CURRENT_POST","Q_BODY","KEEP","canonical post body, no embedded-source evidence"
"570#0","570","KEEP_Q_DIRECTIVE","KEEP_Q_DIRECTIVE","Cut funding to Mil","Cut funding to Mil","Cut funding to Mil","Cut funding to Mil","","","Q_AUTHORED_CURRENT_POST","Q_BODY","KEEP","canonical post body, no embedded-source evidence"
"570#1","570","KEEP_Q_DIRECTIVE","KEEP_Q_DIRECTIVE","Launch 'good guy' takedown (internal remove) - Valerie Jarrett (sniffer)","Launch 'good guy' takedown (internal remove) - Valerie Jarrett (sniffer)","Launch 'good guy' takedown (internal remove) - Valerie Jarrett (sniffer)","Launch 'good guy' takedown (internal remove) - Valerie Jarrett (sniffer)","","","Q_AUTHORED_CURRENT_POST","Q_BODY","KEEP","canonical post body, no embedded-source evidence"
"570#2","570","KEEP_Q_DIRECTIVE","KEEP_Q_DIRECTIVE","Open border (flood illegals: D win) ISIS/MS13 fund/install (fear, targeting/removal, domestic-assets etc.)","Open border (flood illegals: D win) ISIS/MS13 fund/install (fear, targeting/removal, domestic-assets etc.)","Open border (flood illegals: D win) ISIS/MS13 fund/install (fear, targeting/removal, domestic-assets etc.)","Open border (flood illegals: D win) ISIS/MS13 fund/install (fear, targeting/removal, domestic-assets etc.)","","","Q_AUTHORED_CURRENT_POST","Q_BODY","KEEP","canonical post body, no embedded-source evidence"
"570#3","570","KEEP_Q_DIRECTIVE","KEEP_Q_DIRECTIVE","Open borders","Open borders","Open borders","Open borders","","","Q_AUTHORED_CURRENT_POST","Q_BODY","KEEP","canonical post body, no embedded-source evidence"
"570#4","570","KEEP_Q_DIRECTIVE","KEEP_Q_DIRECTIVE","Fight, Fight, Fight.","Fight, Fight, Fight.","Fight, Fight, Fight.","Fight, Fight, Fight.","","","Q_AUTHORED_CURRENT_POST","Q_BODY","KEEP","canonical post body, no embedded-source evidence"
"571#0","571","KEEP_Q_DIRECTIVE","KEEP_Q_DIRECTIVE","FEAR the STORM.","FEAR the STORM.","FEAR the STORM.","FEAR the STORM.","","","Q_AUTHORED_CURRENT_POST","Q_BODY","KEEP","canonical post body, no embedded-source evidence"
"577#0","577","KEEP_Q_DIRECTIVE","KEEP_Q_DIRECTIVE","Expand your thinking.","Expand your thinking.","Expand your thinking.","Expand your thinking.","","","Q_AUTHORED_CURRENT_POST","Q_BODY","KEEP","canonical post body, no embedded-source evidence"
"585#0","585","KEEP_Q_DIRECTIVE","KEEP_Q_DIRECTIVE","TRUST Adm R.","TRUST Adm R.","TRUST Adm R.","TRUST Adm R.","","","Q_AUTHORED_CURRENT_POST","Q_BODY","KEEP","canonical post body, no embedded-source evidence"
"586#0","586","KEEP_Q_DIRECTIVE","KEEP_Q_DIRECTIVE","Be careful what you wish for.","Be careful what you wish for.","Be careful what you wish for.","Be careful what you wish for.","","","Q_AUTHORED_CURRENT_POST","Q_BODY","KEEP","canonical post body, no embedded-source evidence"
"586#1","586","KEEP_Q_DIRECTIVE","KEEP_Q_DIRECTIVE","Think logically.","Think logically.","Think logically.","Think logically.","","","Q_AUTHORED_CURRENT_POST","Q_BODY","KEEP","canonical post body, no embedded-source evidence"
"586#2","586","KEEP_Q_DIRECTIVE","KEEP_Q_DIRECTIVE","Forget the Russia set up [1 of 22].","Forget the Russia set up [1 of 22].","Forget the Russia set up [1 of 22].","Forget the Russia set up [1 of 22].","","","Q_AUTHORED_CURRENT_POST","Q_BODY","KEEP","canonical post body, no embedded-source evidence"
"586#3","586","KEEP_DIRECTIVE_AND_RELIGIOUS_THEME","KEEP_DIRECTIVE_AND_RELIGIOUS_THEME","If you are religious, PRAY.","If you are religious, PRAY.","If you are religious, PRAY.","If you are religious, PRAY.","","Religion & Spirituality","Q_AUTHORED_CURRENT_POST","Q_BODY","KEEP","canonical post body, no embedded-source evidence"
"587#0","587","KEEP_DIRECTIVE_AND_RELIGIOUS_THEME","KEEP_DIRECTIVE_AND_RELIGIOUS_THEME","PRAY.","PRAY.","PRAY.","PRAY.","","Religion & Spirituality","Q_AUTHORED_CURRENT_POST","Q_BODY","KEEP","canonical post body, no embedded-source evidence"
"59#0","59","KEEP_Q_DIRECTIVE","KEEP_Q_DIRECTIVE","Remember, information is everything, the flow of information is no longer controlled by the MSM but by you/others.","Remember, information is everything, the flow of information is no longer controlled by the MSM but by you/others.","Remember, information is everything, the flow of information is no longer controlled by the MSM but by you/others.","Remember, information is everything, the flow of information is no longer controlled by the MSM but by you/others.","","","Q_AUTHORED_CURRENT_POST","Q_BODY","KEEP","long sentence inside a drop whose dominant register is Q — prose shape alone is not a quotation"
"59#1","59","KEEP_Q_DIRECTIVE","KEEP_Q_DIRECTIVE","Combine all posts and analyze.","Combine all posts and analyze.","Combine all posts and analyze.","Combine all posts and analyze.","","","Q_AUTHORED_CURRENT_POST","Q_BODY","KEEP","canonical post body, no embedded-source evidence"
"592#0","592","KEEP_Q_DIRECTIVE","KEEP_Q_DIRECTIVE","Archive.","Archive.","Archive.","Archive.","","","Q_AUTHORED_CURRENT_POST","Q_BODY","KEEP","canonical post body, no embedded-source evidence"
"592#1","592","KEEP_Q_DIRECTIVE","KEEP_Q_DIRECTIVE","Eyes on.","Eyes on.","Eyes on.","Eyes on.","","","Q_AUTHORED_CURRENT_POST","Q_BODY","KEEP","canonical post body, no embedded-source evidence"
"599#0","599","KEEP_Q_DIRECTIVE","KEEP_Q_DIRECTIVE","Do not glorify us.","Do not glorify us.","Do not glorify us.","Do not glorify us.","","","Q_AUTHORED_CURRENT_POST","Q_BODY","KEEP","canonical post body, no embedded-source evidence"
"6#0","6","KEEP_Q_DIRECTIVE","KEEP_Q_DIRECTIVE","Follow Huma tomorrow.","Follow Huma tomorrow.","Follow Huma tomorrow.","Follow Huma tomorrow.","","","Q_AUTHORED_CURRENT_POST","Q_BODY","KEEP","canonical post body, no embedded-source evidence"
"6#1","6","KEEP_Q_DIRECTIVE","KEEP_Q_DIRECTIVE","Focus on Military Intelligence/ State Secrets and why might that be used vs any three letter agency","Focus on Military Intelligence/ State Secrets and why might that be used vs any three letter agency","Focus on Military Intelligence/ State Secrets and why might that be used vs any three letter agency","Focus on Military Intelligence/ State Secrets and why might that be used vs any three letter agency","","","Q_AUTHORED_CURRENT_POST","Q_BODY","KEEP","long sentence inside a drop whose dominant register is Q — prose shape alone is not a quotation"
"6#2","6","KEEP_Q_DIRECTIVE","KEEP_Q_DIRECTIVE","Don't fool yourself into thinking Obama, Soros, Roth's, Clinton's etc have more power present day than POTUS.","Don’t fool yourself into thinking Obama, Soros, Roth’s, Clinton’s etc have more power present day than POTUS.","Don’t fool yourself into thinking Obama, Soros, Roth’s, Clinton’s etc have more power present day than POTUS.","Don’t fool yourself into thinking Obama, Soros, Roth’s, Clinton’s etc have more power present day than POTUS.","","","Q_AUTHORED_CURRENT_POST","Q_BODY","KEEP","long sentence inside a drop whose dominant register is Q — prose shape alone is not a quotation"
"6#3","6","KEEP_Q_DIRECTIVE","KEEP_Q_DIRECTIVE","Follow the money, it's the key.","Follow the money, it’s the key.","Follow the money, it’s the key.","Follow the money, it’s the key.","","","Q_AUTHORED_CURRENT_POST","Q_BODY","KEEP","canonical post body, no embedded-source evidence"
"6#4","6","KEEP_Q_DIRECTIVE","KEEP_Q_DIRECTIVE","Note this doesn't include massive slush funds that are pulled by several high ups.","Note this doesn’t include massive slush funds that are pulled by several high ups.","Note","Note","","","Q_AUTHORED_CURRENT_POST","Q_BODY","KEEP","Same sentence as #5, reposted to the corrected thread. Same ruling."
"6#5","6","KEEP_Q_DIRECTIVE","KEEP_Q_DIRECTIVE","Again, there are a lot more good people than bad so have faith.","Again, there are a lot more good people than bad so have faith.","have faith","have faith","","","Q_AUTHORED_CURRENT_POST","Q_BODY","KEEP","OWNER RULING R3: ""have faith"" is an imperative — an instruction to maintain confidence, belief or morale."
"603#0","603","REMOVE_BLESSING_OR_VALEDICTION","REMOVE_BLESSING_OR_VALEDICTION","GOD BLESS YOU ALL.","","GOD BLESS YOU ALL.","GOD BLESS YOU ALL.","","","Q_AUTHORED_CURRENT_POST","Q_BODY","REMOVE_FROM_DIRECTIVES","blessing or valediction, not a command"
"609#0","609","KEEP_Q_DIRECTIVE","KEEP_Q_DIRECTIVE","Re-read crumbs.","Re-read crumbs.","Re-read crumbs.","Re-read crumbs.","","","Q_AUTHORED_CURRENT_POST","Q_BODY","KEEP","canonical post body, no embedded-source evidence"
"61#0","61","KEEP_Q_DIRECTIVE","KEEP_Q_DIRECTIVE","Please refer back and collect my crumbs.","Please refer back and collect my crumbs.","Please refer back and collect my crumbs.","Please refer back and collect my crumbs.","","","Q_AUTHORED_CURRENT_POST","Q_BODY","KEEP","canonical post body, no embedded-source evidence"
"61#1","61","KEEP_Q_DIRECTIVE","KEEP_Q_DIRECTIVE","Expect outages periodically (infiltrated).","Expect outages periodically (infiltrated).","Expect outages periodically (infiltrated).","Expect outages periodically (infiltrated).","","","Q_AUTHORED_CURRENT_POST","Q_BODY","KEEP","canonical post body, no embedded-source evidence"
"610#0","610","KEEP_Q_DIRECTIVE","KEEP_Q_DIRECTIVE","Read slowly and carefully.","Read slowly and carefully.","Read slowly and carefully.","Read slowly and carefully.","","","Q_AUTHORED_CURRENT_POST","Q_BODY","KEEP","canonical post body, no embedded-source evidence"
"610#1","610","KEEP_Q_DIRECTIVE","KEEP_Q_DIRECTIVE","Continue to track those who are resigning across all platforms.","Continue to track those who are resigning across all platforms.","Continue to track those who are resigning across all platforms.","Continue to track those who are resigning across all platforms.","","","Q_AUTHORED_CURRENT_POST","Q_BODY","KEEP","canonical post body, no embedded-source evidence"
"617#0","617","KEEP_Q_DIRECTIVE","REMOVE_CLAIM_NOT_DIRECTIVE","Select news members / journalists are vital to delivering the message (as are YOU).","","Select news members / journalists are vital to delivering the message (as are YOU).","Select news members / journalists are vital to delivering the message (as are YOU).","","","Q_AUTHORED_CURRENT_POST","Q_BODY","REMOVE_FROM_DIRECTIVES","""Select"" is an adjective modifying ""news members / journalists"", which is the subject of ""are vital"". Q is asserting their importance, not commanding anyone to select them."
"617#1","617","KEEP_Q_DIRECTIVE","KEEP_Q_DIRECTIVE","Imagine if these people were removed.","Imagine if these people were removed.","Imagine if these people were removed.","Imagine if these people were removed.","","","Q_AUTHORED_CURRENT_POST","Q_BODY","KEEP","canonical post body, no embedded-source evidence"
"617#2","617","KEEP_Q_DIRECTIVE","KEEP_Q_DIRECTIVE","Re-read past crumbs re: security.","Re-read past crumbs re: security.","Re-read past crumbs re: security.","Re-read past crumbs re: security.","","","Q_AUTHORED_CURRENT_POST","Q_BODY","KEEP","canonical post body, no embedded-source evidence"
"618#0","618","KEEP_Q_DIRECTIVE","KEEP_Q_DIRECTIVE","Think nuclear stand-off.","Think nuclear stand-off.","Think nuclear stand-off.","Think nuclear stand-off.","","","Q_AUTHORED_CURRENT_POST","Q_BODY","KEEP","canonical post body, no embedded-source evidence"
"619#0","619","KEEP_Q_DIRECTIVE","KEEP_Q_DIRECTIVE","Note the last drops on the other board.","Note the last drops on the other board.","Note the last drops on the other board.","Note the last drops on the other board.","","","Q_AUTHORED_CURRENT_POST","Q_BODY","KEEP","canonical post body, no embedded-source evidence"
"619#1","619","KEEP_Q_DIRECTIVE","KEEP_Q_DIRECTIVE","Think logically.","Think logically.","Think logically.","Think logically.","","","Q_AUTHORED_CURRENT_POST","Q_BODY","KEEP","canonical post body, no embedded-source evidence"
"619#2","619","KEEP_Q_DIRECTIVE","KEEP_Q_DIRECTIVE","Refer to past crumbs.","Refer to past crumbs.","Refer to past crumbs.","Refer to past crumbs.","","","Q_AUTHORED_CURRENT_POST","Q_BODY","KEEP","canonical post body, no embedded-source evidence"
"621#0","621","KEEP_Q_DIRECTIVE","KEEP_Q_DIRECTIVE","Let that sink in.","Let that sink in.","Let that sink in.","Let that sink in.","","","Q_AUTHORED_CURRENT_POST","Q_BODY","KEEP","canonical post body, no embedded-source evidence"
"622#0","622","KEEP_Q_DIRECTIVE","KEEP_Q_DIRECTIVE","Time to play, Dopey.","Time to play, Dopey.","Time to play, Dopey.","Time to play, Dopey.","","","Q_AUTHORED_CURRENT_POST","Q_BODY","KEEP","canonical post body, no embedded-source evidence"
"623#0","623","KEEP_Q_DIRECTIVE","KEEP_Q_DIRECTIVE","Think others.","Think others.","Think others.","Think others.","","","Q_AUTHORED_CURRENT_POST","Q_BODY","KEEP","canonical post body, no embedded-source evidence"
"63#0","63","KEEP_Q_DIRECTIVE","KEEP_Q_DIRECTIVE","Make no mistake, you are on the losing side.","Make no mistake, you are on the losing side.","Make no mistake, you are on the losing side.","Make no mistake, you are on the losing side.","","","Q_AUTHORED_CURRENT_POST","Q_BODY","KEEP","canonical post body, no embedded-source evidence"
"630#0","630","KEEP_Q_DIRECTIVE","KEEP_Q_DIRECTIVE","Set the TRUTH FREE.","Set the TRUTH FREE.","Set the TRUTH FREE.","Set the TRUTH FREE.","","","Q_AUTHORED_CURRENT_POST","Q_BODY","KEEP","canonical post body, no embedded-source evidence"
"631#0","631","KEEP_Q_DIRECTIVE","KEEP_Q_DIRECTIVE","Watch the news.","Watch the news.","Watch the news.","Watch the news.","","","Q_AUTHORED_CURRENT_POST","Q_BODY","KEEP","canonical post body, no embedded-source evidence"
"631#1","631","KEEP_Q_DIRECTIVE","KEEP_Q_DIRECTIVE","Stop taking the sleeping pill.","Stop taking the sleeping pill.","Stop taking the sleeping pill.","Stop taking the sleeping pill.","","","Q_AUTHORED_CURRENT_POST","Q_BODY","KEEP","canonical post body, no embedded-source evidence"
"632#0","632","KEEP_Q_DIRECTIVE","KEEP_Q_DIRECTIVE","TRUST THE MISSION.","TRUST THE MISSION.","TRUST THE MISSION.","TRUST THE MISSION.","","","Q_AUTHORED_CURRENT_POST","Q_BODY","KEEP","canonical post body, no embedded-source evidence"
"636#0","636","KEEP_Q_DIRECTIVE","KEEP_Q_DIRECTIVE","Re-read past drops.","Re-read past drops.","Re-read past drops.","Re-read past drops.","","","Q_AUTHORED_CURRENT_POST","Q_BODY","KEEP","canonical post body, no embedded-source evidence"
"639#0","639","KEEP_Q_DIRECTIVE","KEEP_Q_DIRECTIVE","Reconcile.","Reconcile.","Reconcile.","Reconcile.","","","Q_AUTHORED_CURRENT_POST","Q_BODY","KEEP","canonical post body, no embedded-source evidence"
"64#0","64","KEEP_Q_DIRECTIVE","KEEP_Q_DIRECTIVE","Watch the news outlets.","Watch the news outlets.","Watch the news outlets.","Watch the news outlets.","","","Q_AUTHORED_CURRENT_POST","Q_BODY","KEEP","canonical post body, no embedded-source evidence"
"64#1","64","KEEP_Q_DIRECTIVE","KEEP_Q_DIRECTIVE","Do not panic.","Do not panic.","Do not panic.","Do not panic.","","","Q_AUTHORED_CURRENT_POST","Q_BODY","KEEP","canonical post body, no embedded-source evidence"
"641#0","641","KEEP_Q_DIRECTIVE","KEEP_Q_DIRECTIVE","Define heel.","Define heel.","Define heel.","Define heel.","","","Q_AUTHORED_CURRENT_POST","Q_BODY","KEEP","canonical post body, no embedded-source evidence"
"651#0","651","KEEP_Q_DIRECTIVE","KEEP_Q_DIRECTIVE","Expect more.","Expect more.","Expect more.","Expect more.","","","Q_AUTHORED_CURRENT_POST","Q_BODY","KEEP","canonical post body, no embedded-source evidence"
"652#0","652","KEEP_Q_DIRECTIVE","KEEP_Q_DIRECTIVE","Put together.","Put together.","Put together.","Put together.","","","Q_AUTHORED_CURRENT_POST","Q_BODY","KEEP","canonical post body, no embedded-source evidence"
"652#1","652","KEEP_Q_DIRECTIVE","KEEP_Q_DIRECTIVE","Re_read EO's.","Re_read EO’s.","Re_read EO’s.","Re_read EO’s.","","","Q_AUTHORED_CURRENT_POST","Q_BODY","KEEP","canonical post body, no embedded-source evidence"
"656#0","656","KEEP_Q_DIRECTIVE","KEEP_Q_DIRECTIVE","Learn.","Learn.","Learn.","Learn.","","","Q_AUTHORED_CURRENT_POST","Q_BODY","KEEP","canonical post body, no embedded-source evidence"
"66#0","66","KEEP_Q_DIRECTIVE","KEEP_Q_DIRECTIVE","Let's be real clear.","Let's be real clear.","Let's be real clear.","Let's be real clear.","","","Q_AUTHORED_CURRENT_POST","Q_BODY","KEEP","canonical post body, no embedded-source evidence"
"662#0","662","KEEP_Q_DIRECTIVE","KEEP_Q_DIRECTIVE","Re_read crumbs.","Re_read crumbs.","Re_read crumbs.","Re_read crumbs.","","","Q_AUTHORED_CURRENT_POST","Q_BODY","KEEP","canonical post body, no embedded-source evidence"
"666#0","666","KEEP_Q_DIRECTIVE","KEEP_Q_DIRECTIVE","Watch the news.","Watch the news.","Watch the news.","Watch the news.","","","Q_AUTHORED_CURRENT_POST","Q_BODY","KEEP","canonical post body, no embedded-source evidence"
"666#1","666","KEEP_Q_DIRECTIVE","KEEP_Q_DIRECTIVE","Think Mirror.","Think Mirror.","Think Mirror.","Think Mirror.","","","Q_AUTHORED_CURRENT_POST","Q_BODY","KEEP","canonical post body, no embedded-source evidence"
"666#2","666","KEEP_Q_DIRECTIVE","KEEP_Q_DIRECTIVE","FOLLOW THE LIGHT.","FOLLOW THE LIGHT.","FOLLOW THE LIGHT.","FOLLOW THE LIGHT.","","","Q_AUTHORED_CURRENT_POST","Q_BODY","KEEP","canonical post body, no embedded-source evidence"
"668#0","668","KEEP_Q_DIRECTIVE","KEEP_Q_DIRECTIVE","Imagine THIS.","Imagine THIS.","Imagine THIS.","Imagine THIS.","","","Q_AUTHORED_CURRENT_POST","Q_BODY","KEEP","canonical post body, no embedded-source evidence"
"668#1","668","KEEP_Q_DIRECTIVE","KEEP_Q_DIRECTIVE","TRUST THE PLAN.","TRUST THE PLAN.","TRUST THE PLAN.","TRUST THE PLAN.","","","Q_AUTHORED_CURRENT_POST","Q_BODY","KEEP","canonical post body, no embedded-source evidence"
"668#2","668","KEEP_Q_DIRECTIVE","KEEP_Q_DIRECTIVE","STAY STRONG.","STAY STRONG.","STAY STRONG.","STAY STRONG.","","","Q_AUTHORED_CURRENT_POST","Q_BODY","KEEP","canonical post body, no embedded-source evidence"
"668#3","668","KEEP_Q_DIRECTIVE","KEEP_Q_DIRECTIVE","HAVE FAITH.","HAVE FAITH.","have faith","have faith","","","Q_AUTHORED_CURRENT_POST","Q_BODY","KEEP","OWNER RULING R3: ""have faith"" is an imperative — an instruction to maintain confidence, belief or morale."
"67#0","67","KEEP_Q_DIRECTIVE","KEEP_Q_DIRECTIVE","Watch the news.","Watch the news.","Watch the news.","Watch the news.","","","Q_AUTHORED_CURRENT_POST","Q_BODY","KEEP","canonical post body, no embedded-source evidence"
"67#1","67","KEEP_Q_DIRECTIVE","KEEP_Q_DIRECTIVE","Have faith.","Have faith.","have faith","have faith","","","Q_AUTHORED_CURRENT_POST","Q_BODY","KEEP","OWNER RULING R3: ""have faith"" is an imperative — an instruction to maintain confidence, belief or morale."
"672#0","672","KEEP_Q_DIRECTIVE","KEEP_Q_DIRECTIVE","Find the roll.","Find the roll.","Find the roll.","Find the roll.","","","Q_AUTHORED_CURRENT_POST","Q_BODY","KEEP","canonical post body, no embedded-source evidence"
"672#1","672","KEEP_Q_DIRECTIVE","KEEP_Q_DIRECTIVE","Find the 4th.","Find the 4th.","Find the 4th.","Find the 4th.","","","Q_AUTHORED_CURRENT_POST","Q_BODY","KEEP","canonical post body, no embedded-source evidence"
"672#2","672","KEEP_Q_DIRECTIVE","KEEP_Q_DIRECTIVE","Find the film.","Find the film.","Find the film.","Find the film.","","","Q_AUTHORED_CURRENT_POST","Q_BODY","KEEP","canonical post body, no embedded-source evidence"
"672#3","672","KEEP_Q_DIRECTIVE","KEEP_Q_DIRECTIVE","Spread.","Spread.","Spread.","Spread.","","","Q_AUTHORED_CURRENT_POST","Q_BODY","KEEP","canonical post body, no embedded-source evidence"
"672#4","672","KEEP_Q_DIRECTIVE","KEEP_Q_DIRECTIVE","Source _ archive offline.","Source _ archive offline.","Source _ archive offline.","Source _ archive offline.","","","Q_AUTHORED_CURRENT_POST","Q_BODY","KEEP","canonical post body, no embedded-source evidence"
"672#5","672","KEEP_Q_DIRECTIVE","KEEP_Q_DIRECTIVE","Enhance.","Enhance.","Enhance.","Enhance.","","","Q_AUTHORED_CURRENT_POST","Q_BODY","KEEP","canonical post body, no embedded-source evidence"
"673#0","673","KEEP_Q_DIRECTIVE","KEEP_Q_DIRECTIVE","Find 1 of 4.","Find 1 of 4.","Find 1 of 4.","Find 1 of 4.","","","Q_AUTHORED_CURRENT_POST","Q_BODY","KEEP","canonical post body, no embedded-source evidence"
"673#1","673","KEEP_Q_DIRECTIVE","KEEP_Q_DIRECTIVE","Save offline.","Save offline.","Save offline.","Save offline.","","","Q_AUTHORED_CURRENT_POST","Q_BODY","KEEP","canonical post body, no embedded-source evidence"
"673#2","673","KEEP_Q_DIRECTIVE","KEEP_Q_DIRECTIVE","No edits.","No edits.","No edits.","No edits.","","","Q_AUTHORED_CURRENT_POST","Q_BODY","KEEP","canonical post body, no embedded-source evidence"
"675#0","675","KEEP_Q_DIRECTIVE","KEEP_Q_DIRECTIVE","Build timeline.","Build timeline.","Build timeline.","Build timeline.","","","Q_AUTHORED_CURRENT_POST","Q_BODY","KEEP","canonical post body, no embedded-source evidence"
"678#0","678","KEEP_Q_DIRECTIVE","KEEP_Q_DIRECTIVE","Re_read crumbs re: CS WH submission.","Re_read crumbs re: CS WH submission.","Re_read crumbs re: CS WH submission.","Re_read crumbs re: CS WH submission.","","","Q_AUTHORED_CURRENT_POST","Q_BODY","KEEP","canonical post body, no embedded-source evidence"
"68#0","68","KEEP_Q_DIRECTIVE","KEEP_Q_DIRECTIVE","Follow HUMA.","Follow HUMA.","Follow HUMA.","Follow HUMA.","","","Q_AUTHORED_CURRENT_POST","Q_BODY","KEEP","canonical post body, no embedded-source evidence"
"688#0","688","KEEP_Q_DIRECTIVE","KEEP_Q_DIRECTIVE","Focus on substance around outside of window.","Focus on substance around outside of window.","Focus on substance around outside of window.","Focus on substance around outside of window.","","","Q_AUTHORED_CURRENT_POST","Q_BODY","KEEP","canonical post body, no embedded-source evidence"
"689#0","689","KEEP_Q_DIRECTIVE","KEEP_Q_DIRECTIVE","Re_read recent drop re: U1/informant.","Re_read recent drop re: U1/informant.","Re_read recent drop re: U1/informant.","Re_read recent drop re: U1/informant.","","","Q_AUTHORED_CURRENT_POST","Q_BODY","KEEP","canonical post body, no embedded-source evidence"
"690#0","690","KEEP_Q_DIRECTIVE","KEEP_Q_DIRECTIVE","Have faith.","Have faith.","have faith","have faith","","","Q_AUTHORED_CURRENT_POST","Q_BODY","KEEP","OWNER RULING R3: ""have faith"" is an imperative — an instruction to maintain confidence, belief or morale."
"691#0","691","KEEP_Q_DIRECTIVE","KEEP_Q_DIRECTIVE","Trust the plan.","Trust the plan.","Trust the plan.","Trust the plan.","","","Q_AUTHORED_CURRENT_POST","Q_BODY","KEEP","canonical post body, no embedded-source evidence"
"692#0","692","KEEP_Q_DIRECTIVE","KEEP_Q_DIRECTIVE","Think intel.","Think intel.","Think intel.","Think intel.","","","Q_AUTHORED_CURRENT_POST","Q_BODY","KEEP","canonical post body, no embedded-source evidence"
"693#0","693","KEEP_Q_DIRECTIVE","KEEP_Q_DIRECTIVE","Make sure the list of resignations remains updated.","Make sure the list of resignations remains updated.","Make sure the list of resignations remains updated.","Make sure the list of resignations remains updated.","","","Q_AUTHORED_CURRENT_POST","Q_BODY","KEEP","canonical post body, no embedded-source evidence"
"7#0","7","KEEP_Q_DIRECTIVE","KEEP_Q_DIRECTIVE","Put simply, Obama ultimately OK'd by using the non govt email addy to communicate w/ Clinton.","Put simply, Obama ultimately OK’d by using the non govt email addy to communicate w/ Clinton.","Put simply, Obama ultimately OK’d by using the non govt email addy to communicate w/ Clinton.","Put simply, Obama ultimately OK’d by using the non govt email addy to communicate w/ Clinton.","","","Q_AUTHORED_CURRENT_POST","Q_BODY","KEEP","canonical post body, no embedded-source evidence"
"7#1","7","KEEP_Q_DIRECTIVE","KEEP_Q_DIRECTIVE","Remember he lied about knowing but that ultimately came out in the dump.","Remember he lied about knowing but that ultimately came out in the dump.","Remember he lied about knowing but that ultimately came out in the dump.","Remember he lied about knowing but that ultimately came out in the dump.","","","Q_AUTHORED_CURRENT_POST","Q_BODY","KEEP","canonical post body, no embedded-source evidence"
"70#0","70","KEEP_Q_DIRECTIVE","KEEP_Q_DIRECTIVE","Have faith.","Have faith.","have faith","have faith","","","Q_AUTHORED_CURRENT_POST","Q_BODY","KEEP","OWNER RULING R3: ""have faith"" is an imperative — an instruction to maintain confidence, belief or morale."
"70#1","70","KEEP_Q_DIRECTIVE","KEEP_Q_DIRECTIVE","Remember, disinformation is real.","Remember, disinformation is real.","Remember, disinformation is real.","Remember, disinformation is real.","","","Q_AUTHORED_CURRENT_POST","Q_BODY","KEEP","canonical post body, no embedded-source evidence"
"70#2","70","REMOVE_BLESSING_OR_VALEDICTION","REMOVE_BLESSING_OR_VALEDICTION","God bless.","","God bless.","God bless.","","","Q_AUTHORED_CURRENT_POST","Q_BODY","REMOVE_FROM_DIRECTIVES","blessing or valediction, not a command"
"71#0","71","KEEP_Q_DIRECTIVE","KEEP_Q_DIRECTIVE","Follow HUMA.","Follow HUMA.","Follow HUMA.","Follow HUMA.","","","Q_AUTHORED_CURRENT_POST","Q_BODY","KEEP","canonical post body, no embedded-source evidence"
"71#1","71","KEEP_Q_DIRECTIVE","KEEP_Q_DIRECTIVE","Define cash laundering.","Define cash laundering.","Define cash laundering.","Define cash laundering.","","","Q_AUTHORED_CURRENT_POST","Q_BODY","KEEP","canonical post body, no embedded-source evidence"
"71#2","71","KEEP_Q_DIRECTIVE","KEEP_Q_DIRECTIVE","Follow the money.","Follow the money.","Follow the money.","Follow the money.","","","Q_AUTHORED_CURRENT_POST","Q_BODY","KEEP","canonical post body, no embedded-source evidence"
"711#0","711","KEEP_Q_DIRECTIVE","KEEP_Q_DIRECTIVE","Eyes on.","Eyes on.","Eyes on.","Eyes on.","","","Q_AUTHORED_CURRENT_POST","Q_BODY","KEEP","canonical post body, no embedded-source evidence"
"713#0","713","KEEP_DIRECTIVE_AND_RELIGIOUS_THEME","KEEP_DIRECTIVE_AND_RELIGIOUS_THEME","PRAY.","PRAY.","PRAY.","PRAY.","","Religion & Spirituality","Q_AUTHORED_CURRENT_POST","Q_BODY","KEEP","canonical post body, no embedded-source evidence"
"714#0","714","KEEP_Q_DIRECTIVE","KEEP_Q_DIRECTIVE","Save the best for last.","Save the best for last.","Save the best for last.","Save the best for last.","","","Q_AUTHORED_CURRENT_POST","Q_BODY","KEEP","canonical post body, no embedded-source evidence"
"717#0","717","KEEP_Q_DIRECTIVE","KEEP_Q_DIRECTIVE","Expand your thinking.","Expand your thinking.","Expand your thinking.","Expand your thinking.","","","Q_AUTHORED_CURRENT_POST","Q_BODY","KEEP","canonical post body, no embedded-source evidence"
"718#0","718","KEEP_Q_DIRECTIVE","KEEP_Q_DIRECTIVE","Find the passenger list.","Find the passenger list.","Find the passenger list.","Find the passenger list.","","","Q_AUTHORED_CURRENT_POST","Q_BODY","KEEP","canonical post body, no embedded-source evidence"
"718#1","718","KEEP_Q_DIRECTIVE","KEEP_Q_DIRECTIVE","Think logically.","Think logically.","Think logically.","Think logically.","","","Q_AUTHORED_CURRENT_POST","Q_BODY","KEEP","canonical post body, no embedded-source evidence"
"720#0","720","KEEP_Q_DIRECTIVE","KEEP_Q_DIRECTIVE","Think magic.","Think magic.","Think magic.","Think magic.","","","Q_AUTHORED_CURRENT_POST","Q_BODY","KEEP","canonical post body, no embedded-source evidence"
"720#1","720","KEEP_Q_DIRECTIVE","KEEP_Q_DIRECTIVE","Re_read past crumbs.","Re_read past crumbs.","Re_read past crumbs.","Re_read past crumbs.","","","Q_AUTHORED_CURRENT_POST","Q_BODY","KEEP","canonical post body, no embedded-source evidence"
"722#0","722","KEEP_Q_DIRECTIVE","KEEP_Q_DIRECTIVE","Think BDT NYC 'attempt' & Barlow.","Think BDT NYC ‘attempt’ & Barlow.","Think BDT NYC ‘attempt’ & Barlow.","Think BDT NYC ‘attempt’ & Barlow.","","","Q_AUTHORED_CURRENT_POST","Q_BODY","KEEP","canonical post body, no embedded-source evidence"
"722#1","722","KEEP_Q_DIRECTIVE","KEEP_Q_DIRECTIVE","Expand your thinking.","Expand your thinking.","Expand your thinking.","Expand your thinking.","","","Q_AUTHORED_CURRENT_POST","Q_BODY","KEEP","canonical post body, no embedded-source evidence"
"724#0","724","KEEP_Q_DIRECTIVE","KEEP_Q_DIRECTIVE","Note ""The Hunt For"" was dropped.","Note ""The Hunt For"" was dropped.","Note","Note","","","Q_AUTHORED_CURRENT_POST","Q_BODY","KEEP","Imperative ""Note"" with an elided ""that"". The quoted words are a title being pointed at, not a pasted source. Followed by ""Details matter."""
"725#0","725","KEEP_Q_DIRECTIVE","KEEP_Q_DIRECTIVE","Ask yourself, why is NK participating in the O-games this year?","Ask yourself, why is NK participating in the O-games this year?","Ask yourself, why is NK participating in the O-games this year?","Ask yourself, why is NK participating in the O-games this year?","","","Q_AUTHORED_CURRENT_POST","Q_BODY","KEEP","canonical post body, no embedded-source evidence"
"725#1","725","KEEP_Q_DIRECTIVE","KEEP_Q_DIRECTIVE","Ask yourself, why is the 'sister' w/ Pence?","Ask yourself, why is the 'sister' w/ Pence?","Ask yourself, why is the 'sister' w/ Pence?","Ask yourself, why is the 'sister' w/ Pence?","","","Q_AUTHORED_CURRENT_POST","Q_BODY","KEEP","canonical post body, no embedded-source evidence"
"725#2","725","KEEP_Q_DIRECTIVE","KEEP_Q_DIRECTIVE","Ask yourself, if controlled, how might you protect yourself and look for a way out?","Ask yourself, if controlled, how might you protect yourself and look for a way out?","Ask yourself, if controlled, how might you protect yourself and look for a way out?","Ask yourself, if controlled, how might you protect yourself and look for a way out?","","","Q_AUTHORED_CURRENT_POST","Q_BODY","KEEP","canonical post body, no embedded-source evidence"
"725#3","725","KEEP_Q_DIRECTIVE","KEEP_Q_DIRECTIVE","Ask yourself, what is a distraction?","Ask yourself, what is a distraction?","Ask yourself, what is a distraction?","Ask yourself, what is a distraction?","","","Q_AUTHORED_CURRENT_POST","Q_BODY","KEEP","canonical post body, no embedded-source evidence"
"725#4","725","KEEP_Q_DIRECTIVE","KEEP_Q_DIRECTIVE","Ask yourself, why did Korea come together as a country v N&S?","Ask yourself, why did Korea come together as a country v N&S?","Ask yourself, why did Korea come together as a country v N&S?","Ask yourself, why did Korea come together as a country v N&S?","","","Q_AUTHORED_CURRENT_POST","Q_BODY","KEEP","long sentence inside a drop whose dominant register is Q — prose shape alone is not a quotation"
"725#5","725","KEEP_Q_DIRECTIVE","KEEP_Q_DIRECTIVE","Ask yourself, what occurred in Asia (ref pics) just prior to the O-games?","Ask yourself, what occurred in Asia (ref pics) just prior to the O-games?","Ask yourself, what occurred in Asia (ref pics) just prior to the O-games?","Ask yourself, what occurred in Asia (ref pics) just prior to the O-games?","","","Q_AUTHORED_CURRENT_POST","Q_BODY","KEEP","long sentence inside a drop whose dominant register is Q — prose shape alone is not a quotation"
"725#6","725","KEEP_Q_DIRECTIVE","KEEP_Q_DIRECTIVE","Ask yourself, what does FREED mean?","Ask yourself, what does FREED mean?","Ask yourself, what does FREED mean?","Ask yourself, what does FREED mean?","","","Q_AUTHORED_CURRENT_POST","Q_BODY","KEEP","canonical post body, no embedded-source evidence"
"725#7","725","KEEP_Q_DIRECTIVE","KEEP_Q_DIRECTIVE","Ask yourself, do we want a WAR?","Ask yourself, do we want a WAR?","Ask yourself, do we want a WAR?","Ask yourself, do we want a WAR?","","","Q_AUTHORED_CURRENT_POST","Q_BODY","KEEP","canonical post body, no embedded-source evidence"
"725#8","725","KEEP_Q_DIRECTIVE","KEEP_Q_DIRECTIVE","Ask yourself, who is trying to start a WAR?","Ask yourself, who is trying to start a WAR?","Ask yourself, who is trying to start a WAR?","Ask yourself, who is trying to start a WAR?","","","Q_AUTHORED_CURRENT_POST","Q_BODY","KEEP","canonical post body, no embedded-source evidence"
"725#9","725","KEEP_Q_DIRECTIVE","KEEP_Q_DIRECTIVE","Ask yourself, if a missile was launched by rogue actors, what would be the purpose?","Ask yourself, if a missile was launched by rogue actors, what would be the purpose?","Ask yourself, if a missile was launched by rogue actors, what would be the purpose?","Ask yourself, if a missile was launched by rogue actors, what would be the purpose?","","","Q_AUTHORED_CURRENT_POST","Q_BODY","KEEP","canonical post body, no embedded-source evidence"
"725#10","725","KEEP_Q_DIRECTIVE","KEEP_Q_DIRECTIVE","Ask yourself, what would/should immediately start a WAR?","Ask yourself, what would/should immediately start a WAR?","Ask yourself, what would/should immediately start a WAR?","Ask yourself, what would/should immediately start a WAR?","","","Q_AUTHORED_CURRENT_POST","Q_BODY","KEEP","canonical post body, no embedded-source evidence"
"725#11","725","KEEP_Q_DIRECTIVE","KEEP_Q_DIRECTIVE","Ask yourself, would the PUBLIC understand the following statement: ""Rogue actors (Clowns/US former heads of State) initiated a missile launch in order to 'force' the US into a WAR/conflict against X?""","Ask yourself, would the PUBLIC understand the following statement: ""Rogue actors (Clowns/US former heads of State) initiated a missile launch in order to 'force' the US into a WAR/conflict against X?""","Ask yourself, would the PUBLIC understand the following statement: ""Rogue actors (Clowns/US former heads of State) initiated a missile launch in order to 'force' the US into a WAR/conflict against X?""","Ask yourself, would the PUBLIC understand the following statement: ""Rogue actors (Clowns/US former heads of State) initiated a missile launch in order to 'force' the US into a WAR/conflict against X?""","","","Q_AUTHORED_CURRENT_POST","Q_BODY","KEEP","canonical post body, no embedded-source evidence"
"725#12","725","KEEP_Q_DIRECTIVE","KEEP_Q_DIRECTIVE","Be the autists we know you are.","Be the autists we know you are.","Be the autists we know you are.","Be the autists we know you are.","","","Q_AUTHORED_CURRENT_POST","Q_BODY","KEEP","canonical post body, no embedded-source evidence"
"728#0","728","KEEP_Q_DIRECTIVE","KEEP_Q_DIRECTIVE","Drop ""Truth To Power""","Drop ""Truth To Power""","Drop ""Truth To Power""","Drop ""Truth To Power""","","","Q_AUTHORED_CURRENT_POST","Q_BODY","KEEP","canonical post body, no embedded-source evidence"
"728#1","728","KEEP_Q_DIRECTIVE","KEEP_Q_DIRECTIVE","Learn.","Learn.","Learn.","Learn.","","","Q_AUTHORED_CURRENT_POST","Q_BODY","KEEP","canonical post body, no embedded-source evidence"
"729#0","729","KEEP_Q_DIRECTIVE","KEEP_Q_DIRECTIVE","Learn.","Learn.","Learn.","Learn.","","","Q_AUTHORED_CURRENT_POST","Q_BODY","KEEP","canonical post body, no embedded-source evidence"
"730#0","730","KEEP_Q_DIRECTIVE","KEEP_Q_DIRECTIVE","Learn.","Learn.","Learn.","Learn.","","","Q_AUTHORED_CURRENT_POST","Q_BODY","KEEP","canonical post body, no embedded-source evidence"
"730#1","730","KEEP_Q_DIRECTIVE","KEEP_Q_DIRECTIVE","LEARN!!!!","LEARN!!!!","LEARN!!!!","LEARN!!!!","","","Q_AUTHORED_CURRENT_POST","Q_BODY","KEEP","canonical post body, no embedded-source evidence"
"731#0","731","KEEP_Q_DIRECTIVE","KEEP_Q_DIRECTIVE","Drop ""Truth To Power""","Drop ""Truth To Power""","Drop ""Truth To Power""","Drop ""Truth To Power""","","","Q_AUTHORED_CURRENT_POST","Q_BODY","KEEP","canonical post body, no embedded-source evidence"
"731#1","731","KEEP_Q_DIRECTIVE","KEEP_Q_DIRECTIVE","Learn.","Learn.","Learn.","Learn.","","","Q_AUTHORED_CURRENT_POST","Q_BODY","KEEP","canonical post body, no embedded-source evidence"
"731#2","731","KEEP_Q_DIRECTIVE","KEEP_Q_DIRECTIVE","Learn.","Learn.","Learn.","Learn.","","","Q_AUTHORED_CURRENT_POST","Q_BODY","KEEP","canonical post body, no embedded-source evidence"
"731#3","731","KEEP_Q_DIRECTIVE","KEEP_Q_DIRECTIVE","Learn.","Learn.","Learn.","Learn.","","","Q_AUTHORED_CURRENT_POST","Q_BODY","KEEP","canonical post body, no embedded-source evidence"
"731#4","731","KEEP_Q_DIRECTIVE","KEEP_Q_DIRECTIVE","LEARN!!!!","LEARN!!!!","LEARN!!!!","LEARN!!!!","","","Q_AUTHORED_CURRENT_POST","Q_BODY","KEEP","canonical post body, no embedded-source evidence"
"732#0","732","KEEP_Q_DIRECTIVE","KEEP_Q_DIRECTIVE","Wonder if his so-called illness/condition will flare up.","Wonder if his so-called illness/condition will flare up.","Wonder if his so-called illness/condition will flare up.","Wonder if his so-called illness/condition will flare up.","","","Q_AUTHORED_CURRENT_POST","Q_BODY","KEEP","canonical post body, no embedded-source evidence"
"732#1","732","KEEP_Q_DIRECTIVE","KEEP_Q_DIRECTIVE","Define money laundering.","Define money laundering.","Define money laundering.","Define money laundering.","","","Q_AUTHORED_CURRENT_POST","Q_BODY","KEEP","canonical post body, no embedded-source evidence"
"732#2","732","KEEP_Q_DIRECTIVE","KEEP_Q_DIRECTIVE","Define the word 'Traitor'.","Define the word 'Traitor'.","Define the word 'Traitor'.","Define the word 'Traitor'.","","","Q_AUTHORED_CURRENT_POST","Q_BODY","KEEP","canonical post body, no embedded-source evidence"
"735#0","735","KEEP_Q_DIRECTIVE","KEEP_Q_DIRECTIVE","Release prior to cover up.","Release prior to cover up.","Release prior to cover up.","Release prior to cover up.","","","Q_AUTHORED_CURRENT_POST","Q_BODY","KEEP","canonical post body, no embedded-source evidence"
"737#0","737","REMOVE_BLESSING_OR_VALEDICTION","REMOVE_BLESSING_OR_VALEDICTION","Godspeed.","","Godspeed.","Godspeed.","","","Q_AUTHORED_CURRENT_POST","Q_BODY","REMOVE_FROM_DIRECTIVES","blessing or valediction, not a command"
"738#0","738","REMOVE_QUOTED_OR_THIRD_PARTY","REMOVE_QUOTED_OR_THIRD_PARTY","Understand one simple fact - the US is connected to the rest of the world.","","Understand one simple fact - the US is connected to the rest of the world.","Understand one simple fact - the US is connected to the rest of the world.","","","QUOTED_OR_EMBEDDED","QUOTED_THIRD_PARTY","REMOVE_FROM_DIRECTIVES","pasted passage directly beneath a source link or pointer"
"739#0","739","KEEP_Q_DIRECTIVE","KEEP_Q_DIRECTIVE","Do not read into this spelling/structure error.","Do not read into this spelling/structure error.","Do not read into this spelling/structure error.","Do not read into this spelling/structure error.","","","Q_AUTHORED_CURRENT_POST","Q_BODY","KEEP","canonical post body, no embedded-source evidence"
"74#0","74","REMOVE_BLESSING_OR_VALEDICTION","REMOVE_BLESSING_OR_VALEDICTION","God bless.","","God bless.","God bless.","","","Q_AUTHORED_CURRENT_POST","Q_BODY","REMOVE_FROM_DIRECTIVES","blessing or valediction, not a command"
"742#0","742","KEEP_Q_DIRECTIVE","KEEP_Q_DIRECTIVE","Investigate those in front of the camera who scream the loudest.","Investigate those in front of the camera who scream the loudest.","Investigate those in front of the camera who scream the loudest.","Investigate those in front of the camera who scream the loudest.","","","Q_AUTHORED_CURRENT_POST","Q_BODY","KEEP","canonical post body, no embedded-source evidence"
"743#0","743","KEEP_Q_DIRECTIVE","KEEP_Q_DIRECTIVE","Investigate those in front of the camera who scream the loudest.","Investigate those in front of the camera who scream the loudest.","Investigate those in front of the camera who scream the loudest.","Investigate those in front of the camera who scream the loudest.","","","Q_AUTHORED_CURRENT_POST","Q_BODY","KEEP","canonical post body, no embedded-source evidence"
"744#0","744","KEEP_Q_DIRECTIVE","KEEP_Q_DIRECTIVE","Find the link.","Find the link.","Find the link.","Find the link.","","","Q_AUTHORED_CURRENT_POST","Q_BODY","KEEP","canonical post body, no embedded-source evidence"
"744#1","744","KEEP_Q_DIRECTIVE","KEEP_Q_DIRECTIVE","Look around.","Look around.","Look around.","Look around.","","","Q_AUTHORED_CURRENT_POST","Q_BODY","KEEP","canonical post body, no embedded-source evidence"
"745#0","745","KEEP_Q_DIRECTIVE","KEEP_Q_DIRECTIVE","Learn.","Learn.","Learn.","Learn.","","","Q_AUTHORED_CURRENT_POST","Q_BODY","KEEP","canonical post body, no embedded-source evidence"
"747#0","747","KEEP_Q_DIRECTIVE","KEEP_Q_DIRECTIVE","Learn the hidden symbolism.http:// www.encyclopedia.com/humanities/applied-and-social-sciences-magazines/slave-gardens","Learn the hidden symbolism.http:// www.encyclopedia.com/humanities/applied-and-social-sciences-magazines/slave-gardens","Learn the hidden symbolism.http:// www.encyclopedia.com/humanities/applied-and-social-sciences-magazines/slave-gardens","Learn the hidden symbolism.http:// www.encyclopedia.com/humanities/applied-and-social-sciences-magazines/slave-gardens","","","Q_AUTHORED_CURRENT_POST","Q_BODY","KEEP","canonical post body, no embedded-source evidence"
"748#0","748","KEEP_Q_DIRECTIVE","KEEP_Q_DIRECTIVE","Think children.","Think children.","Think children.","Think children.","","","Q_AUTHORED_CURRENT_POST","Q_BODY","KEEP","canonical post body, no embedded-source evidence"
"748#1","748","KEEP_Q_DIRECTIVE","KEEP_Q_DIRECTIVE","Think slaves.","Think slaves.","Think slaves.","Think slaves.","","","Q_AUTHORED_CURRENT_POST","Q_BODY","KEEP","canonical post body, no embedded-source evidence"
"748#2","748","KEEP_Q_DIRECTIVE","KEEP_Q_DIRECTIVE","Think sheep.","Think sheep.","Think sheep.","Think sheep.","","","Q_AUTHORED_CURRENT_POST","Q_BODY","KEEP","canonical post body, no embedded-source evidence"
"749#0","749","KEEP_Q_DIRECTIVE","KEEP_Q_DIRECTIVE","Wonder where they derived that idea from.","Wonder where they derived that idea from.","Wonder where they derived that idea from.","Wonder where they derived that idea from.","","","Q_AUTHORED_CURRENT_POST","Q_BODY","KEEP","canonical post body, no embedded-source evidence"
"753#0","753","KEEP_Q_DIRECTIVE","KEEP_Q_DIRECTIVE","Think image drop.","Think image drop.","Think image drop.","Think image drop.","","","Q_AUTHORED_CURRENT_POST","Q_BODY","KEEP","canonical post body, no embedded-source evidence"
"753#1","753","KEEP_Q_DIRECTIVE","KEEP_Q_DIRECTIVE","Think OP.","Think OP.","Think OP.","Think OP.","","","Q_AUTHORED_CURRENT_POST","Q_BODY","KEEP","canonical post body, no embedded-source evidence"
"753#2","753","KEEP_Q_DIRECTIVE","KEEP_Q_DIRECTIVE","Think United.","Think United.","Think United.","Think United.","","","Q_AUTHORED_CURRENT_POST","Q_BODY","KEEP","canonical post body, no embedded-source evidence"
"756#0","756","KEEP_Q_DIRECTIVE","KEEP_Q_DIRECTIVE","ACTIVATE CODE: [0 0000 018739 7-ZjG]","ACTIVATE CODE: [0 0000 018739 7-ZjG]","ACTIVATE CODE: [0 0000 018739 7-ZjG]","ACTIVATE CODE: [0 0000 018739 7-ZjG]","","","Q_AUTHORED_CURRENT_POST","Q_BODY","KEEP","canonical post body, no embedded-source evidence"
"759#0","759","KEEP_Q_DIRECTIVE","KEEP_Q_DIRECTIVE","Make no mistake, they will all PAY THE PRICE.","Make no mistake, they will all PAY THE PRICE.","Make no mistake, they will all PAY THE PRICE.","Make no mistake, they will all PAY THE PRICE.","","","Q_AUTHORED_CURRENT_POST","Q_BODY","KEEP","canonical post body, no embedded-source evidence"
"76#0","76","KEEP_Q_DIRECTIVE","KEEP_Q_DIRECTIVE","Have faith.","Have faith.","have faith","have faith","","","Q_AUTHORED_CURRENT_POST","Q_BODY","KEEP","OWNER RULING R3: ""have faith"" is an imperative — an instruction to maintain confidence, belief or morale."
"76#1","76","KEEP_Q_DIRECTIVE","KEEP_Q_DIRECTIVE","Remember, disinformation is real.","Remember, disinformation is real.","Remember, disinformation is real.","Remember, disinformation is real.","","","Q_AUTHORED_CURRENT_POST","Q_BODY","KEEP","canonical post body, no embedded-source evidence"
"76#2","76","REMOVE_BLESSING_OR_VALEDICTION","REMOVE_BLESSING_OR_VALEDICTION","God bless.","","God bless.","God bless.","","","Q_AUTHORED_CURRENT_POST","Q_BODY","REMOVE_FROM_DIRECTIVES","blessing or valediction, not a command"
"760#0","760","KEEP_Q_DIRECTIVE","KEEP_Q_DIRECTIVE","Re_read crumbs re: SecureDrop.","Re_read crumbs re: SecureDrop.","Re_read crumbs re: SecureDrop.","Re_read crumbs re: SecureDrop.","","","Q_AUTHORED_CURRENT_POST","Q_BODY","KEEP","canonical post body, no embedded-source evidence"
"762#0","762","KEEP_Q_DIRECTIVE","KEEP_Q_DIRECTIVE","Watch the news re: new drugs coming out [flu/dirt/next?].","Watch the news re: new drugs coming out [flu/dirt/next?].","Watch","Watch","","","Q_AUTHORED_CURRENT_POST","Q_BODY","KEEP","""Watch"" is imperative with ""the news"" as direct object. ""coming out"" modifies the drugs, not the sentence's mood. The preceding line ""They are ALWAYS watching."" uses watch as a declarative — this one does not."
"764#0","764","KEEP_Q_DIRECTIVE","KEEP_Q_DIRECTIVE","Continue to build the MAP.","Continue to build the MAP.","Continue to build the MAP.","Continue to build the MAP.","","","Q_AUTHORED_CURRENT_POST","Q_BODY","KEEP","canonical post body, no embedded-source evidence"
"764#1","764","KEEP_Q_DIRECTIVE","KEEP_Q_DIRECTIVE","MAP provides the KEY.","MAP provides the KEY.","MAP provides the KEY.","MAP provides the KEY.","","","Q_AUTHORED_CURRENT_POST","Q_BODY","KEEP","canonical post body, no embedded-source evidence"
"764#2","764","KEEP_Q_DIRECTIVE","KEEP_Q_DIRECTIVE","Trust the plan.","Trust the plan.","Trust the plan.","Trust the plan.","","","Q_AUTHORED_CURRENT_POST","Q_BODY","KEEP","canonical post body, no embedded-source evidence"
"765#0","765","KEEP_Q_DIRECTIVE","KEEP_Q_DIRECTIVE","Watch the water.","Watch the water.","Watch the water.","Watch the water.","","","Q_AUTHORED_CURRENT_POST","Q_BODY","KEEP","canonical post body, no embedded-source evidence"
"767#0","767","KEEP_Q_DIRECTIVE","KEEP_Q_DIRECTIVE","Do not give in - fight, fight, fight.","Do not give in - fight, fight, fight.","Do not give in - fight, fight, fight.","Do not give in - fight, fight, fight.","","","Q_AUTHORED_CURRENT_POST","Q_BODY","KEEP","canonical post body, no embedded-source evidence"
"767#1","767","REMOVE_BLESSING_OR_VALEDICTION","REMOVE_BLESSING_OR_VALEDICTION","GOD BLESS, Q","","GOD BLESS,","GOD BLESS,","","","Q_AUTHORED_CURRENT_POST","Q_BODY","REMOVE_FROM_DIRECTIVES","blessing/valediction, Q signature cut into its own span (rule 7)"
"768#0","768","KEEP_Q_DIRECTIVE","KEEP_Q_DIRECTIVE","Re_read crumbs re: ""conspiracy"" / MSM coverage.","Re_read crumbs re: ""conspiracy"" / MSM coverage.","Re_read crumbs re: ""conspiracy"" / MSM coverage.","Re_read crumbs re: ""conspiracy"" / MSM coverage.","","","Q_AUTHORED_CURRENT_POST","Q_BODY","KEEP","canonical post body, no embedded-source evidence"
"77#0","77","KEEP_Q_DIRECTIVE","KEEP_Q_DIRECTIVE","Follow HUMA.","Follow HUMA.","Follow HUMA.","Follow HUMA.","","","Q_AUTHORED_CURRENT_POST","Q_BODY","KEEP","canonical post body, no embedded-source evidence"
"77#1","77","KEEP_Q_DIRECTIVE","KEEP_Q_DIRECTIVE","Define cash laundering.","Define cash laundering.","Define cash laundering.","Define cash laundering.","","","Q_AUTHORED_CURRENT_POST","Q_BODY","KEEP","canonical post body, no embedded-source evidence"
"77#2","77","KEEP_Q_DIRECTIVE","KEEP_Q_DIRECTIVE","Follow the money.","Follow the money.","Follow the money.","Follow the money.","","","Q_AUTHORED_CURRENT_POST","Q_BODY","KEEP","canonical post body, no embedded-source evidence"
"772#0","772","KEEP_Q_DIRECTIVE","KEEP_Q_DIRECTIVE","Read very carefully.","Read very carefully.","Read very carefully.","Read very carefully.","","","Q_AUTHORED_CURRENT_POST","Q_BODY","KEEP","canonical post body, no embedded-source evidence"
"773#0","773","KEEP_Q_DIRECTIVE","KEEP_Q_DIRECTIVE","Be the autists we know you are.","Be the autists we know you are.","Be the autists we know you are.","Be the autists we know you are.","","","Q_AUTHORED_CURRENT_POST","Q_BODY","KEEP","canonical post body, no embedded-source evidence"
"775#0","775","KEEP_Q_DIRECTIVE","KEEP_Q_DIRECTIVE","Learn.","Learn.","Learn.","Learn.","","","Q_AUTHORED_CURRENT_POST","Q_BODY","KEEP","canonical post body, no embedded-source evidence"
"777#0","777","KEEP_Q_DIRECTIVE","KEEP_Q_DIRECTIVE","Expand your thinking past cures.","Expand your thinking past cures.","Expand your thinking past cures.","Expand your thinking past cures.","","","Q_AUTHORED_CURRENT_POST","Q_BODY","KEEP","canonical post body, no embedded-source evidence"
"777#1","777","KEEP_Q_DIRECTIVE","KEEP_Q_DIRECTIVE","Think Google [new Pixel phone].","Think Google [new Pixel phone].","Think Google [new Pixel phone].","Think Google [new Pixel phone].","","","Q_AUTHORED_CURRENT_POST","Q_BODY","KEEP","canonical post body, no embedded-source evidence"
"777#2","777","KEEP_Q_DIRECTIVE","KEEP_Q_DIRECTIVE","ARCHIVE EVERYTHING OFFLINE.","ARCHIVE EVERYTHING OFFLINE.","ARCHIVE EVERYTHING OFFLINE.","ARCHIVE EVERYTHING OFFLINE.","","","Q_AUTHORED_CURRENT_POST","Q_BODY","KEEP","canonical post body, no embedded-source evidence"
"777#3","777","KEEP_Q_DIRECTIVE","KEEP_Q_DIRECTIVE","Think Apple [vs.","Think Apple [vs. Samsung].","Think Apple [vs.","Think Apple [vs.","","","Q_AUTHORED_CURRENT_POST","Q_BODY","KEEP_AND_EXPAND_TO_FULL_SENTENCE","canonical post body, no embedded-source evidence"
"777#4","777","KEEP_Q_DIRECTIVE","KEEP_Q_DIRECTIVE","We can guide but you must organically uncover the TRUTH.","We can guide but you must organically uncover the TRUTH.","We can guide but you must organically uncover the TRUTH.","We can guide but you must organically uncover the TRUTH.","","","Q_AUTHORED_CURRENT_POST","Q_BODY","KEEP","canonical post body, no embedded-source evidence"
"778#0","778","KEEP_Q_DIRECTIVE","KEEP_Q_DIRECTIVE","USE LOGIC.","USE LOGIC.","USE LOGIC.","USE LOGIC.","","","Q_AUTHORED_CURRENT_POST","Q_BODY","KEEP","canonical post body, no embedded-source evidence"
"778#1","778","KEEP_Q_DIRECTIVE","KEEP_Q_DIRECTIVE","TRUST THE PLAN.","TRUST THE PLAN.","TRUST THE PLAN.","TRUST THE PLAN.","","","Q_AUTHORED_CURRENT_POST","Q_BODY","KEEP","canonical post body, no embedded-source evidence"
"778#2","778","KEEP_Q_DIRECTIVE","KEEP_Q_DIRECTIVE","LEARN AND SPREAD.","LEARN AND SPREAD.","LEARN AND SPREAD.","LEARN AND SPREAD.","","","Q_AUTHORED_CURRENT_POST","Q_BODY","KEEP","canonical post body, no embedded-source evidence"
"778#3","778","KEEP_Q_DIRECTIVE","KEEP_Q_DIRECTIVE","BUILD PROOFS.","BUILD PROOFS.","BUILD PROOFS.","BUILD PROOFS.","","","Q_AUTHORED_CURRENT_POST","Q_BODY","KEEP","canonical post body, no embedded-source evidence"
"778#4","778","KEEP_Q_DIRECTIVE","KEEP_Q_DIRECTIVE","STAY SAFE THIS WEEK.","STAY SAFE THIS WEEK.","STAY SAFE THIS WEEK.","STAY SAFE THIS WEEK.","","","Q_AUTHORED_CURRENT_POST","Q_BODY","KEEP","canonical post body, no embedded-source evidence"
"78#0","78","REMOVE_BLESSING_OR_VALEDICTION","REMOVE_BLESSING_OR_VALEDICTION","God bless.","","God bless.","God bless.","","","Q_AUTHORED_CURRENT_POST","Q_BODY","REMOVE_FROM_DIRECTIVES","blessing or valediction, not a command"
"783#0","783","KEEP_Q_DIRECTIVE","KEEP_Q_DIRECTIVE","Think shell.","Think shell.","Think shell.","Think shell.","","","Q_AUTHORED_CURRENT_POST","Q_BODY","KEEP","canonical post body, no embedded-source evidence"
"786#0","786","KEEP_Q_DIRECTIVE","KEEP_Q_DIRECTIVE","Re_read crumbs.","Re_read crumbs.","Re_read crumbs.","Re_read crumbs.","","","Q_AUTHORED_CURRENT_POST","Q_BODY","KEEP","canonical post body, no embedded-source evidence"
"786#1","786","KEEP_Q_DIRECTIVE","KEEP_Q_DIRECTIVE","Follow the money.","Follow the money.","Follow the money.","Follow the money.","","","Q_AUTHORED_CURRENT_POST","Q_BODY","KEEP","canonical post body, no embedded-source evidence"
"786#2","786","KEEP_Q_DIRECTIVE","KEEP_Q_DIRECTIVE","TRUST THE PLAN.","TRUST THE PLAN.","TRUST THE PLAN.","TRUST THE PLAN.","","","Q_AUTHORED_CURRENT_POST","Q_BODY","KEEP","canonical post body, no embedded-source evidence"
"787#0","787","KEEP_Q_DIRECTIVE","KEEP_Q_DIRECTIVE","TRUST SESSIONS.","TRUST SESSIONS.","TRUST SESSIONS.","TRUST SESSIONS.","","","Q_AUTHORED_CURRENT_POST","Q_BODY","KEEP","canonical post body, no embedded-source evidence"
"787#1","787","KEEP_Q_DIRECTIVE","KEEP_Q_DIRECTIVE","TRUST WRAY.","TRUST WRAY.","TRUST WRAY.","TRUST WRAY.","","","Q_AUTHORED_CURRENT_POST","Q_BODY","KEEP","canonical post body, no embedded-source evidence"
"79#0","79","KEEP_Q_DIRECTIVE","KEEP_Q_DIRECTIVE","Stay organized.","Stay organized.","Stay organized.","Stay organized.","","","Q_AUTHORED_CURRENT_POST","Q_BODY","KEEP","canonical post body, no embedded-source evidence"
"79#1","79","KEEP_Q_DIRECTIVE","KEEP_Q_DIRECTIVE","Add above points to graphic.","Add above points to graphic.","Add above points to graphic.","Add above points to graphic.","","","Q_AUTHORED_CURRENT_POST","Q_BODY","KEEP","canonical post body, no embedded-source evidence"
"790#0","790","KEEP_Q_DIRECTIVE","KEEP_Q_DIRECTIVE","DEFINE THE END?","DEFINE THE END?","DEFINE THE END?","DEFINE THE END?","","","Q_AUTHORED_CURRENT_POST","Q_BODY","KEEP","canonical post body, no embedded-source evidence"
"793#0","793","REMOVE_BLESSING_OR_VALEDICTION","REMOVE_BLESSING_OR_VALEDICTION","GO WITH GOD.","","GO WITH GOD.","GO WITH GOD.","","","Q_AUTHORED_CURRENT_POST","Q_BODY","REMOVE_FROM_DIRECTIVES","blessing or valediction, not a command"
"794#0","794","KEEP_Q_DIRECTIVE","KEEP_Q_DIRECTIVE","CLEAN ACTION APPROVED.","CLEAN ACTION APPROVED.","CLEAN ACTION APPROVED.","CLEAN ACTION APPROVED.","","","Q_AUTHORED_CURRENT_POST","Q_BODY","KEEP","canonical post body, no embedded-source evidence"
"797#0","797","KEEP_Q_DIRECTIVE","KEEP_Q_DIRECTIVE","Stay tuned.","Stay tuned.","Stay tuned.","Stay tuned.","","","Q_AUTHORED_CURRENT_POST","Q_BODY","KEEP","canonical post body, no embedded-source evidence"
"798#0","798","KEEP_Q_DIRECTIVE","KEEP_Q_DIRECTIVE","Protect code went live.","Protect code went live.","Protect code went live.","Protect code went live.","","","Q_AUTHORED_CURRENT_POST","Q_BODY","KEEP","canonical post body, no embedded-source evidence"
"799#0","799","KEEP_Q_DIRECTIVE","KEEP_Q_DIRECTIVE","Stay tuned.","Stay tuned.","Stay tuned.","Stay tuned.","","","Q_AUTHORED_CURRENT_POST","Q_BODY","KEEP","canonical post body, no embedded-source evidence"
"80#0","80","KEEP_Q_DIRECTIVE","KEEP_Q_DIRECTIVE","We need to get organized.","We need to get organized.","We need to get organized.","We need to get organized.","","","Q_AUTHORED_CURRENT_POST","Q_BODY","KEEP","canonical post body, no embedded-source evidence"
"80#1","80","KEEP_Q_DIRECTIVE","KEEP_Q_DIRECTIVE","Let's start w/ Alice & Wonderland.","Let's start w/ Alice & Wonderland.","Let's start w/ Alice & Wonderland.","Let's start w/ Alice & Wonderland.","","","Q_AUTHORED_CURRENT_POST","Q_BODY","KEEP","canonical post body, no embedded-source evidence"
"812#0","812","KEEP_Q_DIRECTIVE","KEEP_Q_DIRECTIVE","Question everything.","Question everything.","Question everything.","Question everything.","","","Q_AUTHORED_CURRENT_POST","Q_BODY","KEEP","canonical post body, no embedded-source evidence"
"812#1","812","KEEP_Q_DIRECTIVE","KEEP_Q_DIRECTIVE","Keep talking.","Keep talking.","Keep talking.","Keep talking.","","","Q_AUTHORED_CURRENT_POST","Q_BODY","KEEP","canonical post body, no embedded-source evidence"
"812#2","812","KEEP_Q_DIRECTIVE","KEEP_Q_DIRECTIVE","Stand up.","Stand up.","Stand up.","Stand up.","","","Q_AUTHORED_CURRENT_POST","Q_BODY","KEEP","canonical post body, no embedded-source evidence"
"812#3","812","KEEP_Q_DIRECTIVE","KEEP_Q_DIRECTIVE","Fight fight fight.","Fight fight fight.","Fight fight fight.","Fight fight fight.","","","Q_AUTHORED_CURRENT_POST","Q_BODY","KEEP","canonical post body, no embedded-source evidence"
"812#4","812","KEEP_Q_DIRECTIVE","KEEP_Q_DIRECTIVE","Help them wake up.","Help them wake up.","Help them wake up.","Help them wake up.","","","Q_AUTHORED_CURRENT_POST","Q_BODY","KEEP","canonical post body, no embedded-source evidence"
"814#0","814","KEEP_Q_DIRECTIVE","KEEP_Q_DIRECTIVE","Watch the speech.","Watch the speech.","Watch the speech.","Watch the speech.","","","Q_AUTHORED_CURRENT_POST","Q_BODY","KEEP","canonical post body, no embedded-source evidence"
"816#0","816","KEEP_Q_DIRECTIVE","KEEP_Q_DIRECTIVE","Follow the money.","Follow the money.","Follow the money.","Follow the money.","","","Q_AUTHORED_CURRENT_POST","Q_BODY","KEEP","canonical post body, no embedded-source evidence"
"817#0","817","KEEP_Q_DIRECTIVE","KEEP_Q_DIRECTIVE","Take a wild guess.","Take a wild guess.","Take a wild guess.","Take a wild guess.","","","Q_AUTHORED_CURRENT_POST","Q_BODY","KEEP","canonical post body, no embedded-source evidence"
"817#1","817","KEEP_Q_DIRECTIVE","KEEP_Q_DIRECTIVE","Analyze shooter (pawn).","Analyze shooter (pawn).","Analyze shooter (pawn).","Analyze shooter (pawn).","","","Q_AUTHORED_CURRENT_POST","Q_BODY","KEEP","canonical post body, no embedded-source evidence"
"819#0","819","KEEP_Q_DIRECTIVE","KEEP_Q_DIRECTIVE","Expand your thinking.","Expand your thinking.","Expand your thinking.","Expand your thinking.","","","Q_AUTHORED_CURRENT_POST","Q_BODY","KEEP","canonical post body, no embedded-source evidence"
"82#0","82","KEEP_Q_DIRECTIVE","KEEP_Q_DIRECTIVE","Let's start w/ Alice & Wonderland.","Let's start w/ Alice & Wonderland.","Let's start w/ Alice & Wonderland.","Let's start w/ Alice & Wonderland.","","","Q_AUTHORED_CURRENT_POST","Q_BODY","KEEP","canonical post body, no embedded-source evidence"
"823#0","823","KEEP_Q_DIRECTIVE","KEEP_Q_DIRECTIVE","Check code line 1183.","Check code line 1183.","Check code line 1183.","Check code line 1183.","","","Q_AUTHORED_CURRENT_POST","Q_BODY","KEEP","canonical post body, no embedded-source evidence"
"828#0","828","KEEP_Q_DIRECTIVE","KEEP_Q_DIRECTIVE","Stay TOGETHER.","Stay TOGETHER.","Stay TOGETHER.","Stay TOGETHER.","","","Q_AUTHORED_CURRENT_POST","Q_BODY","KEEP","canonical post body, no embedded-source evidence"
"828#1","828","KEEP_Q_DIRECTIVE","KEEP_Q_DIRECTIVE","Be STRONG.","Be STRONG.","Be STRONG.","Be STRONG.","","","Q_AUTHORED_CURRENT_POST","Q_BODY","KEEP","canonical post body, no embedded-source evidence"
"828#2","828","KEEP_Q_DIRECTIVE","KEEP_Q_DIRECTIVE","Get ORGANIZED.","Get ORGANIZED.","Get ORGANIZED.","Get ORGANIZED.","","","Q_AUTHORED_CURRENT_POST","Q_BODY","KEEP","canonical post body, no embedded-source evidence"
"828#3","828","KEEP_Q_DIRECTIVE","KEEP_Q_DIRECTIVE","Be HEARD.","Be HEARD.","Be HEARD.","Be HEARD.","","","Q_AUTHORED_CURRENT_POST","Q_BODY","KEEP","canonical post body, no embedded-source evidence"
"828#4","828","KEEP_Q_DIRECTIVE","KEEP_Q_DIRECTIVE","FIGHT the censorship.","FIGHT the censorship.","FIGHT the censorship.","FIGHT the censorship.","","","Q_AUTHORED_CURRENT_POST","Q_BODY","KEEP","canonical post body, no embedded-source evidence"
"828#5","828","KEEP_Q_DIRECTIVE","KEEP_Q_DIRECTIVE","MAKE NOISE.","MAKE NOISE.","MAKE NOISE.","MAKE NOISE.","","","Q_AUTHORED_CURRENT_POST","Q_BODY","KEEP","canonical post body, no embedded-source evidence"
"828#6","828","KEEP_Q_DIRECTIVE","KEEP_Q_DIRECTIVE","MAKE IT RAIN.","MAKE IT RAIN.","MAKE IT RAIN.","MAKE IT RAIN.","","","Q_AUTHORED_CURRENT_POST","Q_BODY","KEEP","canonical post body, no embedded-source evidence"
"829#0","829","KEEP_Q_DIRECTIVE","KEEP_Q_DIRECTIVE","Bring the thunder.","Bring the thunder.","Bring the thunder.","Bring the thunder.","","","Q_AUTHORED_CURRENT_POST","Q_BODY","KEEP","canonical post body, no embedded-source evidence"
"830#0","830","KEEP_Q_DIRECTIVE","KEEP_Q_DIRECTIVE","Define false flag?","Define false flag?","Define false flag?","Define false flag?","","","Q_AUTHORED_CURRENT_POST","Q_BODY","KEEP","canonical post body, no embedded-source evidence"
"831#0","831","KEEP_Q_DIRECTIVE","KEEP_Q_DIRECTIVE","Learn.","Learn.","Learn.","Learn.","","","Q_AUTHORED_CURRENT_POST","Q_BODY","KEEP","canonical post body, no embedded-source evidence"
"832#0","832","KEEP_Q_DIRECTIVE","KEEP_Q_DIRECTIVE","Watch the news this week.","Watch the news this week.","Watch the news this week.","Watch the news this week.","","","Q_AUTHORED_CURRENT_POST","Q_BODY","KEEP","canonical post body, no embedded-source evidence"
"833#0","833","KEEP_Q_DIRECTIVE","KEEP_Q_DIRECTIVE","REMEMBER, WE ARE WINNING, DO NOT TRUST WHAT YOU READ.","REMEMBER, WE ARE WINNING, DO NOT TRUST WHAT YOU READ.","REMEMBER, WE ARE WINNING, DO NOT TRUST WHAT YOU READ.","REMEMBER, WE ARE WINNING, DO NOT TRUST WHAT YOU READ.","","","Q_AUTHORED_CURRENT_POST","Q_BODY","KEEP","canonical post body, no embedded-source evidence"
"834#0","834","KEEP_Q_DIRECTIVE","KEEP_Q_DIRECTIVE","Enjoy the show.","Enjoy the show.","Enjoy the show.","Enjoy the show.","","","Q_AUTHORED_CURRENT_POST","Q_BODY","KEEP","canonical post body, no embedded-source evidence"
"836#0","836","KEEP_Q_DIRECTIVE","KEEP_Q_DIRECTIVE","Expand your thinking.","Expand your thinking.","Expand your thinking.","Expand your thinking.","","","Q_AUTHORED_CURRENT_POST","Q_BODY","KEEP","canonical post body, no embedded-source evidence"
"836#1","836","KEEP_Q_DIRECTIVE","KEEP_Q_DIRECTIVE","Think.","Think.","Think.","Think.","","","Q_AUTHORED_CURRENT_POST","Q_BODY","KEEP","canonical post body, no embedded-source evidence"
"836#2","836","KEEP_Q_DIRECTIVE","KEEP_Q_DIRECTIVE","Learn.","Learn.","Learn.","Learn.","","","Q_AUTHORED_CURRENT_POST","Q_BODY","KEEP","canonical post body, no embedded-source evidence"
"837#0","837","KEEP_Q_DIRECTIVE","KEEP_Q_DIRECTIVE","Listen carefully.","Listen carefully.","Listen carefully.","Listen carefully.","","","Q_AUTHORED_CURRENT_POST","Q_BODY","KEEP","canonical post body, no embedded-source evidence"
"837#1","837","REMOVE_BLESSING_OR_VALEDICTION","REMOVE_BLESSING_OR_VALEDICTION","GOD BLESS YOU ALL.","","GOD BLESS YOU ALL.","GOD BLESS YOU ALL.","","","Q_AUTHORED_CURRENT_POST","Q_BODY","REMOVE_FROM_DIRECTIVES","blessing or valediction, not a command"
"837#2","837","KEEP_Q_DIRECTIVE","KEEP_Q_DIRECTIVE","TRUST.","TRUST.","TRUST.","TRUST.","","","Q_AUTHORED_CURRENT_POST","Q_BODY","KEEP","canonical post body, no embedded-source evidence"
"839#0","839","KEEP_Q_DIRECTIVE","KEEP_Q_DIRECTIVE","Do not blindly believe.","Do not blindly believe.","Do not blindly believe.","Do not blindly believe.","","","Q_AUTHORED_CURRENT_POST","Q_BODY","KEEP","canonical post body, no embedded-source evidence"
"839#1","839","KEEP_Q_DIRECTIVE","KEEP_Q_DIRECTIVE","ORGANIZE.","ORGANIZE.","ORGANIZE.","ORGANIZE.","","","Q_AUTHORED_CURRENT_POST","Q_BODY","KEEP","canonical post body, no embedded-source evidence"
"839#2","839","KEEP_Q_DIRECTIVE","KEEP_Q_DIRECTIVE","Watch the news this week.","Watch the news this week.","Watch the news this week.","Watch the news this week.","","","Q_AUTHORED_CURRENT_POST","Q_BODY","KEEP","canonical post body, no embedded-source evidence"
"839#3","839","KEEP_Q_DIRECTIVE","KEEP_Q_DIRECTIVE","CHALLENGE.","CHALLENGE.","CHALLENGE.","CHALLENGE.","","","Q_AUTHORED_CURRENT_POST","Q_BODY","KEEP","canonical post body, no embedded-source evidence"
"839#4","839","KEEP_Q_DIRECTIVE","KEEP_Q_DIRECTIVE","FIGHT.","FIGHT.","FIGHT.","FIGHT.","","","Q_AUTHORED_CURRENT_POST","Q_BODY","KEEP","canonical post body, no embedded-source evidence"
"84#0","84","KEEP_Q_DIRECTIVE","KEEP_Q_DIRECTIVE","Please add crumbs above in new complete graphic.","Please add crumbs above in new complete graphic.","Please add crumbs above in new complete graphic.","Please add crumbs above in new complete graphic.","","","Q_AUTHORED_CURRENT_POST","Q_BODY","KEEP","canonical post body, no embedded-source evidence"
"842#0","842","KEEP_Q_DIRECTIVE","KEEP_Q_DIRECTIVE","Careful who you follow.","Careful who you follow.","Careful who you follow.","Careful who you follow.","","","Q_AUTHORED_CURRENT_POST","Q_BODY","KEEP","canonical post body, no embedded-source evidence"
"846#0","846","KEEP_Q_DIRECTIVE","KEEP_Q_DIRECTIVE","Water.","Water.","Water.","Water.","","","Q_AUTHORED_CURRENT_POST","Q_BODY","KEEP","canonical post body, no embedded-source evidence"
"847#0","847","KEEP_Q_DIRECTIVE","KEEP_Q_DIRECTIVE","WATCH the water.","WATCH the water.","WATCH the water.","WATCH the water.","","","Q_AUTHORED_CURRENT_POST","Q_BODY","KEEP","canonical post body, no embedded-source evidence"
"850#0","850","KEEP_Q_DIRECTIVE","KEEP_Q_DIRECTIVE","Learn double meanings.","Learn double meanings.","Learn double meanings.","Learn double meanings.","","","Q_AUTHORED_CURRENT_POST","Q_BODY","KEEP","canonical post body, no embedded-source evidence"
"850#1","850","KEEP_Q_DIRECTIVE","KEEP_Q_DIRECTIVE","Expand your thinking.","Expand your thinking.","Expand your thinking.","Expand your thinking.","","","Q_AUTHORED_CURRENT_POST","Q_BODY","KEEP","canonical post body, no embedded-source evidence"
"851#0","851","KEEP_Q_DIRECTIVE","KEEP_Q_DIRECTIVE","Learn.","Learn.","Learn.","Learn.","","","Q_AUTHORED_CURRENT_POST","Q_BODY","KEEP","canonical post body, no embedded-source evidence"
"852#0","852","KEEP_Q_DIRECTIVE","KEEP_Q_DIRECTIVE","Expand your thinking.","Expand your thinking.","Expand your thinking.","Expand your thinking.","","","Q_AUTHORED_CURRENT_POST","Q_BODY","KEEP","canonical post body, no embedded-source evidence"
"854#0","854","KEEP_Q_DIRECTIVE","KEEP_Q_DIRECTIVE","Re_read re: stage.","Re_read re: stage.","Re_read re: stage.","Re_read re: stage.","","","Q_AUTHORED_CURRENT_POST","Q_BODY","KEEP","canonical post body, no embedded-source evidence"
"854#1","854","KEEP_Q_DIRECTIVE","KEEP_Q_DIRECTIVE","WE must work TOGETHER.","WE must work TOGETHER.","WE must work TOGETHER.","WE must work TOGETHER.","","","Q_AUTHORED_CURRENT_POST","Q_BODY","KEEP","canonical post body, no embedded-source evidence"
"854#2","854","KEEP_Q_DIRECTIVE","KEEP_Q_DIRECTIVE","YOU must organize and BE HEARD.","YOU must organize and BE HEARD.","YOU must organize and BE HEARD.","YOU must organize and BE HEARD.","","","Q_AUTHORED_CURRENT_POST","Q_BODY","KEEP","canonical post body, no embedded-source evidence"
"856#0","856","KEEP_Q_DIRECTIVE","KEEP_Q_DIRECTIVE","Ask yourself, why?","Ask yourself, why?","Ask yourself, why?","Ask yourself, why?","","","Q_AUTHORED_CURRENT_POST","Q_BODY","KEEP","canonical post body, no embedded-source evidence"
"856#1","856","REMOVE_BLESSING_OR_VALEDICTION","REMOVE_BLESSING_OR_VALEDICTION","God bless our brave men & women in uniform.","","God bless our brave men & women in uniform.","God bless our brave men & women in uniform.","","","Q_AUTHORED_CURRENT_POST","Q_BODY","REMOVE_FROM_DIRECTIVES","blessing or valediction, not a command"
"858#0","858","KEEP_Q_DIRECTIVE","KEEP_Q_DIRECTIVE","Trust the plan.","Trust the plan.","Trust the plan.","Trust the plan.","","","Q_AUTHORED_CURRENT_POST","Q_BODY","KEEP","canonical post body, no embedded-source evidence"
"859#0","859","KEEP_Q_DIRECTIVE","KEEP_Q_DIRECTIVE","Wait for Russia/China reports.","Wait for Russia/China reports.","Wait for Russia/China reports.","Wait for Russia/China reports.","","","Q_AUTHORED_CURRENT_POST","Q_BODY","KEEP","canonical post body, no embedded-source evidence"
"859#1","859","KEEP_Q_DIRECTIVE","KEEP_Q_DIRECTIVE","Strike 99999999.","Strike 99999999.","Strike 99999999.","Strike 99999999.","","","Q_AUTHORED_CURRENT_POST","Q_BODY","KEEP","canonical post body, no embedded-source evidence"
"86#0","86","KEEP_Q_DIRECTIVE","KEEP_Q_DIRECTIVE","Correct reference.","Correct reference.","Correct reference.","Correct reference.","","","Q_AUTHORED_CURRENT_POST","Q_BODY","KEEP","canonical post body, no embedded-source evidence"
"86#1","86","KEEP_Q_DIRECTIVE","KEEP_Q_DIRECTIVE","Study.","Study.","Study.","Study.","","","Q_AUTHORED_CURRENT_POST","Q_BODY","KEEP","canonical post body, no embedded-source evidence"
"861#0","861","KEEP_Q_DIRECTIVE","KEEP_Q_DIRECTIVE","Keep digging Anon.","Keep digging Anon.","Keep digging Anon.","Keep digging Anon.","","","Q_AUTHORED_CURRENT_POST","Q_BODY","KEEP","canonical post body, no embedded-source evidence"
"862#0","862","KEEP_Q_DIRECTIVE","KEEP_Q_DIRECTIVE","Use logic!","Use logic!","Use logic!","Use logic!","","","Q_AUTHORED_CURRENT_POST","Q_BODY","KEEP","canonical post body, no embedded-source evidence"
"862#1","862","KEEP_Q_DIRECTIVE","KEEP_Q_DIRECTIVE","Trust the PLAN.","Trust the PLAN.","Trust the PLAN.","Trust the PLAN.","","","Q_AUTHORED_CURRENT_POST","Q_BODY","KEEP","canonical post body, no embedded-source evidence"
"863#0","863","KEEP_Q_DIRECTIVE","KEEP_Q_DIRECTIVE","Trust the PLAN.","Trust the PLAN.","Trust the PLAN.","Trust the PLAN.","","","Q_AUTHORED_CURRENT_POST","Q_BODY","KEEP","canonical post body, no embedded-source evidence"
"864#0","864","KEEP_Q_DIRECTIVE","KEEP_Q_DIRECTIVE","Wait & see.","Wait & see.","Wait & see.","Wait & see.","","","Q_AUTHORED_CURRENT_POST","Q_BODY","KEEP","canonical post body, no embedded-source evidence"
"864#1","864","KEEP_Q_DIRECTIVE","KEEP_Q_DIRECTIVE","Re_read drops - you have more than you know.","Re_read drops - you have more than you know.","Re_read drops - you have more than you know.","Re_read drops - you have more than you know.","","","Q_AUTHORED_CURRENT_POST","Q_BODY","KEEP","canonical post body, no embedded-source evidence"
"866#0","866","KEEP_Q_DIRECTIVE","KEEP_Q_DIRECTIVE","Track donations.","Track donations.","Track donations.","Track donations.","","","Q_AUTHORED_CURRENT_POST","Q_BODY","KEEP","canonical post body, no embedded-source evidence"
"866#1","866","KEEP_Q_DIRECTIVE","KEEP_Q_DIRECTIVE","Cross against location relative to Haiti.","Cross against location relative to Haiti.","Cross against location relative to Haiti.","Cross against location relative to Haiti.","","","Q_AUTHORED_CURRENT_POST","Q_BODY","KEEP","canonical post body, no embedded-source evidence"
"866#2","866","KEEP_Q_DIRECTIVE","KEEP_Q_DIRECTIVE","Think logically.","Think logically.","Think logically.","Think logically.","","","Q_AUTHORED_CURRENT_POST","Q_BODY","KEEP","canonical post body, no embedded-source evidence"
"869#0","869","KEEP_Q_DIRECTIVE","KEEP_Q_DIRECTIVE","Find @Snowden","Find @Snowden","Find @Snowden","Find @Snowden","","","Q_AUTHORED_CURRENT_POST","Q_BODY","KEEP","canonical post body, no embedded-source evidence"
"873#0","873","KEEP_Q_DIRECTIVE","KEEP_Q_DIRECTIVE","Use logic.","Use logic.","Use logic.","Use logic.","","","Q_AUTHORED_CURRENT_POST","Q_BODY","KEEP","canonical post body, no embedded-source evidence"
"874#0","874","KEEP_Q_DIRECTIVE","KEEP_Q_DIRECTIVE","Use logic.","Use logic.","Use logic.","Use logic.","","","Q_AUTHORED_CURRENT_POST","Q_BODY","KEEP","canonical post body, no embedded-source evidence"
"875#0","875","KEEP_Q_DIRECTIVE","KEEP_Q_DIRECTIVE","Learn.","Learn.","Learn.","Learn.","","","Q_AUTHORED_CURRENT_POST","Q_BODY","KEEP","canonical post body, no embedded-source evidence"
"877#0","877","KEEP_Q_DIRECTIVE","KEEP_Q_DIRECTIVE","Learn.","Learn.","Learn.","Learn.","","","Q_AUTHORED_CURRENT_POST","Q_BODY","KEEP","canonical post body, no embedded-source evidence"
"879#0","879","KEEP_Q_DIRECTIVE","KEEP_Q_DIRECTIVE","Buckle up.","Buckle up.","Buckle up.","Buckle up.","","","Q_AUTHORED_CURRENT_POST","Q_BODY","KEEP","canonical post body, no embedded-source evidence"
"884#0","884","KEEP_Q_DIRECTIVE","KEEP_Q_DIRECTIVE","PLAY THE GAME WITH US.","PLAY THE GAME WITH US.","PLAY THE GAME WITH US.","PLAY THE GAME WITH US.","","","Q_AUTHORED_CURRENT_POST","Q_BODY","KEEP","canonical post body, no embedded-source evidence"
"885#0","885","KEEP_Q_DIRECTIVE","KEEP_Q_DIRECTIVE","Learn to play the game.","Learn to play the game.","Learn to play the game.","Learn to play the game.","","","Q_AUTHORED_CURRENT_POST","Q_BODY","KEEP","canonical post body, no embedded-source evidence"
"886#0","886","KEEP_Q_DIRECTIVE","KEEP_Q_DIRECTIVE","Think back _ NK pic(s).","Think back _ NK pic(s).","Think back _ NK pic(s).","Think back _ NK pic(s).","","","Q_AUTHORED_CURRENT_POST","Q_BODY","KEEP","canonical post body, no embedded-source evidence"
"889#0","889","KEEP_Q_DIRECTIVE","KEEP_Q_DIRECTIVE","Think FORBIDDEN CITY.","Think FORBIDDEN CITY.","Think FORBIDDEN CITY.","Think FORBIDDEN CITY.","","","Q_AUTHORED_CURRENT_POST","Q_BODY","KEEP","canonical post body, no embedded-source evidence"
"889#1","889","KEEP_Q_DIRECTIVE","KEEP_Q_DIRECTIVE","Do not glorify us.","Do not glorify us.","Do not glorify us.","Do not glorify us.","","","Q_AUTHORED_CURRENT_POST","Q_BODY","KEEP","canonical post body, no embedded-source evidence"
"891#0","891","KEEP_Q_DIRECTIVE","KEEP_Q_DIRECTIVE","Break the MSM.","Break the MSM.","Break the MSM.","Break the MSM.","","","Q_AUTHORED_CURRENT_POST","Q_BODY","KEEP","canonical post body, no embedded-source evidence"
"895#0","895","KEEP_Q_DIRECTIVE","KEEP_Q_DIRECTIVE","Don't drop the soap.","Don’t drop the soap.","Don’t drop the soap.","Don’t drop the soap.","","","Q_AUTHORED_CURRENT_POST","Q_BODY","KEEP","canonical post body, no embedded-source evidence"
"897#0","897","KEEP_Q_DIRECTIVE","KEEP_Q_DIRECTIVE","Track inside sales/divestitures.","Track inside sales/divestitures.","Track inside sales/divestitures.","Track inside sales/divestitures.","","","Q_AUTHORED_CURRENT_POST","Q_BODY","KEEP","canonical post body, no embedded-source evidence"
"897#1","897","KEEP_Q_DIRECTIVE","KEEP_Q_DIRECTIVE","Watch the sell-off/liquidity events.","Watch the sell-off/liquidity events.","Watch the sell-off/liquidity events.","Watch the sell-off/liquidity events.","","","Q_AUTHORED_CURRENT_POST","Q_BODY","KEEP","canonical post body, no embedded-source evidence"
"898#0","898","KEEP_Q_DIRECTIVE","KEEP_Q_DIRECTIVE","Think.","Think.","Think.","Think.","","","Q_AUTHORED_CURRENT_POST","Q_BODY","KEEP","canonical post body, no embedded-source evidence"
"899#0","899","KEEP_Q_DIRECTIVE","KEEP_Q_DIRECTIVE","Expand your thinking.","Expand your thinking.","Expand your thinking.","Expand your thinking.","","","Q_AUTHORED_CURRENT_POST","Q_BODY","KEEP","canonical post body, no embedded-source evidence"
"900#0","900","KEEP_Q_DIRECTIVE","KEEP_Q_DIRECTIVE","Look at his family.","Look at his family.","Look at his family.","Look at his family.","","","Q_AUTHORED_CURRENT_POST","Q_BODY","KEEP","canonical post body, no embedded-source evidence"
"900#1","900","KEEP_Q_DIRECTIVE","KEEP_Q_DIRECTIVE","Look at their positions.","Look at their positions.","Look at their positions.","Look at their positions.","","","Q_AUTHORED_CURRENT_POST","Q_BODY","KEEP","canonical post body, no embedded-source evidence"
"902#0","902","REMOVE_BLESSING_OR_VALEDICTION","REMOVE_BLESSING_OR_VALEDICTION","Godspeed.","","Godspeed.","Godspeed.","","","Q_AUTHORED_CURRENT_POST","Q_BODY","REMOVE_FROM_DIRECTIVES","blessing or valediction, not a command"
"906#0","906","KEEP_Q_DIRECTIVE","KEEP_Q_DIRECTIVE","Re_read re: Australia.","Re_read re: Australia.","Re_read re: Australia.","Re_read re: Australia.","","","Q_AUTHORED_CURRENT_POST","Q_BODY","KEEP","canonical post body, no embedded-source evidence"
"909#0","909","KEEP_Q_DIRECTIVE","KEEP_Q_DIRECTIVE","Review Congressional investigation.","Review Congressional investigation.","Review Congressional investigation.","Review Congressional investigation.","","","Q_AUTHORED_CURRENT_POST","Q_BODY","KEEP","canonical post body, no embedded-source evidence"
"909#1","909","KEEP_Q_DIRECTIVE","KEEP_Q_DIRECTIVE","Re_read drops PP.","Re_read drops PP.","Re_read drops PP.","Re_read drops PP.","","","Q_AUTHORED_CURRENT_POST","Q_BODY","KEEP","canonical post body, no embedded-source evidence"
"91#0","91","KEEP_Q_DIRECTIVE","KEEP_Q_DIRECTIVE","Put simply, Obama ultimately OK'd by using the non govt email addy to communicate w/ Clinton.","Put simply, Obama ultimately OK’d by using the non govt email addy to communicate w/ Clinton.","Put simply, Obama ultimately OK’d by using the non govt email addy to communicate w/ Clinton.","Put simply, Obama ultimately OK’d by using the non govt email addy to communicate w/ Clinton.","","","Q_AUTHORED_CURRENT_POST","Q_BODY","KEEP","long sentence inside a drop whose dominant register is Q — prose shape alone is not a quotation"
"91#1","91","KEEP_Q_DIRECTIVE","KEEP_Q_DIRECTIVE","Remember he lied about knowing but that ultimately came out in the dump.","Remember he lied about knowing but that ultimately came out in the dump.","Remember he lied about knowing but that ultimately came out in the dump.","Remember he lied about knowing but that ultimately came out in the dump.","","","Q_AUTHORED_CURRENT_POST","Q_BODY","KEEP","long sentence inside a drop whose dominant register is Q — prose shape alone is not a quotation"
"910#0","910","KEEP_Q_DIRECTIVE","KEEP_Q_DIRECTIVE","Do not focus on the call details.","Do not focus on the call details.","Do not focus on the call details.","Do not focus on the call details.","","","Q_AUTHORED_CURRENT_POST","Q_BODY","KEEP","canonical post body, no embedded-source evidence"
"918#0","918","KEEP_Q_DIRECTIVE","KEEP_Q_DIRECTIVE","Wait until you learn who has been talking to you here.","Wait until you learn who has been talking to you here.","Wait until you learn who has been talking to you here.","Wait until you learn who has been talking to you here.","","","Q_AUTHORED_CURRENT_POST","Q_BODY","KEEP","canonical post body, no embedded-source evidence"
"919#0","919","KEEP_Q_DIRECTIVE","KEEP_Q_DIRECTIVE","Stop falling for FAKE NEWS.","Stop falling for FAKE NEWS.","Stop falling for FAKE NEWS.","Stop falling for FAKE NEWS.","","","Q_AUTHORED_CURRENT_POST","Q_BODY","KEEP","canonical post body, no embedded-source evidence"
"92#0","92","KEEP_Q_DIRECTIVE","KEEP_Q_DIRECTIVE","Trace AF1 that entire day.","Trace AF1 that entire day.","Trace AF1 that entire day.","Trace AF1 that entire day.","","","Q_AUTHORED_CURRENT_POST","Q_BODY","KEEP","canonical post body, no embedded-source evidence"
"92#1","92","KEEP_Q_DIRECTIVE","KEEP_Q_DIRECTIVE","Speculate.","Speculate.","Speculate.","Speculate.","","","Q_AUTHORED_CURRENT_POST","Q_BODY","KEEP","canonical post body, no embedded-source evidence"
"921#0","921","KEEP_Q_DIRECTIVE","KEEP_Q_DIRECTIVE","Re_read drops re: Podesta / Huma.","Re_read drops re: Podesta / Huma.","Re_read drops re: Podesta / Huma.","Re_read drops re: Podesta / Huma.","","","Q_AUTHORED_CURRENT_POST","Q_BODY","KEEP","canonical post body, no embedded-source evidence"
"922#0","922","KEEP_Q_DIRECTIVE","KEEP_Q_DIRECTIVE","Keep the resignation list updated.","Keep the resignation list updated.","Keep the resignation list updated.","Keep the resignation list updated.","","","Q_AUTHORED_CURRENT_POST","Q_BODY","KEEP","canonical post body, no embedded-source evidence"
"922#1","922","KEEP_Q_DIRECTIVE","KEEP_Q_DIRECTIVE","Keep the graphics updated.","Keep the graphics updated.","Keep the graphics updated.","Keep the graphics updated.","","","Q_AUTHORED_CURRENT_POST","Q_BODY","KEEP","canonical post body, no embedded-source evidence"
"923#0","923","KEEP_Q_DIRECTIVE","KEEP_Q_DIRECTIVE","Find the loudest voices.","Find the loudest voices.","Find the loudest voices.","Find the loudest voices.","","","Q_AUTHORED_CURRENT_POST","Q_BODY","KEEP","canonical post body, no embedded-source evidence"
"924#0","924","KEEP_Q_DIRECTIVE","KEEP_Q_DIRECTIVE","Follow Maria.","Follow Maria.","Follow Maria.","Follow Maria.","","","Q_AUTHORED_CURRENT_POST","Q_BODY","KEEP","canonical post body, no embedded-source evidence"
"926#0","926","KEEP_Q_DIRECTIVE","KEEP_Q_DIRECTIVE","Don't analyze.","Don’t analyze.","Don’t analyze.","Don’t analyze.","","","Q_AUTHORED_CURRENT_POST","Q_BODY","KEEP","canonical post body, no embedded-source evidence"
"934#0","934","KEEP_Q_DIRECTIVE","KEEP_Q_DIRECTIVE","Keep your……","Keep your……","Keep your……","Keep your……","","","Q_AUTHORED_CURRENT_POST","Q_BODY","KEEP","canonical post body, no embedded-source evidence"
"936#0","936","KEEP_Q_DIRECTIVE","KEEP_Q_DIRECTIVE","DISARM.","DISARM.","DISARM.","DISARM.","","","Q_AUTHORED_CURRENT_POST","Q_BODY","KEEP","canonical post body, no embedded-source evidence"
"937#0","937","KEEP_Q_DIRECTIVE","KEEP_Q_DIRECTIVE","Trust the plan.","Trust the plan.","Trust the plan.","Trust the plan.","","","Q_AUTHORED_CURRENT_POST","Q_BODY","KEEP","canonical post body, no embedded-source evidence"
"937#1","937","KEEP_Q_DIRECTIVE","KEEP_Q_DIRECTIVE","Trust there are more good than bad.","Trust there are more good than bad.","Trust","Trust","","","Q_AUTHORED_CURRENT_POST","Q_BODY","KEEP","""Trust"" is the imperative verb with an elided ""that"". Directly follows ""Trust the plan."", the same verb in the same mood. Contrast #1358, where Trust is a noun."
"937#2","937","KEEP_Q_DIRECTIVE","KEEP_Q_DIRECTIVE","Watch the speech.","Watch the speech.","Watch the speech.","Watch the speech.","","","Q_AUTHORED_CURRENT_POST","Q_BODY","KEEP","canonical post body, no embedded-source evidence"
"937#3","937","REMOVE_BLESSING_OR_VALEDICTION","REMOVE_BLESSING_OR_VALEDICTION","God bless.","","God bless.","God bless.","","","Q_AUTHORED_CURRENT_POST","Q_BODY","REMOVE_FROM_DIRECTIVES","blessing or valediction, not a command"
"938#0","938","KEEP_Q_DIRECTIVE","KEEP_Q_DIRECTIVE","Think subgroup.","Think subgroup.","Think subgroup.","Think subgroup.","","","Q_AUTHORED_CURRENT_POST","Q_BODY","KEEP","canonical post body, no embedded-source evidence"
"94#0","94","KEEP_Q_DIRECTIVE","KEEP_Q_DIRECTIVE","Review my other threads.","Review my other threads.","Review my other threads.","Review my other threads.","","","Q_AUTHORED_CURRENT_POST","Q_BODY","KEEP","canonical post body, no embedded-source evidence"
"94#1","94","KEEP_Q_DIRECTIVE","KEEP_Q_DIRECTIVE","Watch the cookie quickly crumble.","Watch the cookie quickly crumble.","Watch the cookie quickly crumble.","Watch the cookie quickly crumble.","","","Q_AUTHORED_CURRENT_POST","Q_BODY","KEEP","canonical post body, no embedded-source evidence"
"947#0","947","KEEP_Q_DIRECTIVE","KEEP_Q_DIRECTIVE","Track.","Track.","Track.","Track.","","","Q_AUTHORED_CURRENT_POST","Q_BODY","KEEP","canonical post body, no embedded-source evidence"
"948#0","948","KEEP_Q_DIRECTIVE","KEEP_Q_DIRECTIVE","Enjoy the show.","Enjoy the show.","Enjoy the show.","Enjoy the show.","","","Q_AUTHORED_CURRENT_POST","Q_BODY","KEEP","canonical post body, no embedded-source evidence"
"948#1","948","KEEP_Q_DIRECTIVE","KEEP_Q_DIRECTIVE","Bring the rain!","Bring the rain!","Bring the rain!","Bring the rain!","","","Q_AUTHORED_CURRENT_POST","Q_BODY","KEEP","canonical post body, no embedded-source evidence"
"949#0","949","KEEP_Q_DIRECTIVE","KEEP_Q_DIRECTIVE","Trust the plan.","Trust the plan.","Trust the plan.","Trust the plan.","","","Q_AUTHORED_CURRENT_POST","Q_BODY","KEEP","canonical post body, no embedded-source evidence"
"95#0","95","KEEP_Q_DIRECTIVE","KEEP_Q_DIRECTIVE","Keep digging and keep organizing the info into graphics (critical).","Keep digging and keep organizing the info into graphics (critical).","Keep digging and keep organizing the info into graphics (critical).","Keep digging and keep organizing the info into graphics (critical).","","","Q_AUTHORED_CURRENT_POST","Q_BODY","KEEP","canonical post body, no embedded-source evidence"
"95#1","95","REMOVE_BLESSING_OR_VALEDICTION","REMOVE_BLESSING_OR_VALEDICTION","God bless.","","God bless.","God bless.","","","Q_AUTHORED_CURRENT_POST","Q_BODY","REMOVE_FROM_DIRECTIVES","blessing or valediction, not a command"
"950#0","950","KEEP_Q_DIRECTIVE","KEEP_Q_DIRECTIVE","TRUST KANSAS.","TRUST KANSAS.","TRUST KANSAS.","TRUST KANSAS.","","","Q_AUTHORED_CURRENT_POST","Q_BODY","KEEP","canonical post body, no embedded-source evidence"
"956#0","956","KEEP_Q_DIRECTIVE","KEEP_Q_DIRECTIVE","Enjoy the show.","Enjoy the show.","Enjoy the show.","Enjoy the show.","","","Q_AUTHORED_CURRENT_POST","Q_BODY","KEEP","canonical post body, no embedded-source evidence"
"959#0","959","KEEP_Q_DIRECTIVE","KEEP_Q_DIRECTIVE","Learn chess.","Learn chess.","Learn chess.","Learn chess.","","","Q_AUTHORED_CURRENT_POST","Q_BODY","KEEP","canonical post body, no embedded-source evidence"
"96#0","96","REMOVE_BLESSING_OR_VALEDICTION","REMOVE_BLESSING_OR_VALEDICTION","God bless, Patriots.","","God bless, Patriots.","God bless, Patriots.","","","Q_AUTHORED_CURRENT_POST","Q_BODY","REMOVE_FROM_DIRECTIVES","blessing or valediction, not a command"
"960#0","960","KEEP_Q_DIRECTIVE","KEEP_Q_DIRECTIVE","Enjoy the show.","Enjoy the show.","Enjoy the show.","Enjoy the show.","","","Q_AUTHORED_CURRENT_POST","Q_BODY","KEEP","canonical post body, no embedded-source evidence"
"960#1","960","KEEP_Q_DIRECTIVE","KEEP_Q_DIRECTIVE","Expect a lot more.","Expect a lot more.","Expect a lot more.","Expect a lot more.","","","Q_AUTHORED_CURRENT_POST","Q_BODY","KEEP","canonical post body, no embedded-source evidence"
"964#0","964","KEEP_Q_DIRECTIVE","KEEP_Q_DIRECTIVE","Think logically.","Think logically.","Think logically.","Think logically.","","","Q_AUTHORED_CURRENT_POST","Q_BODY","KEEP","canonical post body, no embedded-source evidence"
"964#1","964","KEEP_Q_DIRECTIVE","KEEP_Q_DIRECTIVE","Track the 'FAMILY' - IMPORTANT.","Track the 'FAMILY' - IMPORTANT.","Track the 'FAMILY' - IMPORTANT.","Track the 'FAMILY' - IMPORTANT.","","","Q_AUTHORED_CURRENT_POST","Q_BODY","KEEP","canonical post body, no embedded-source evidence"
"964#2","964","KEEP_Q_DIRECTIVE","KEEP_Q_DIRECTIVE","Think COLD WAR.","Think COLD WAR.","Think COLD WAR.","Think COLD WAR.","","","Q_AUTHORED_CURRENT_POST","Q_BODY","KEEP","canonical post body, no embedded-source evidence"
"964#3","964","KEEP_Q_DIRECTIVE","KEEP_Q_DIRECTIVE","Think KGB.","Think KGB.","Think KGB.","Think KGB.","","","Q_AUTHORED_CURRENT_POST","Q_BODY","KEEP","canonical post body, no embedded-source evidence"
"964#4","964","KEEP_Q_DIRECTIVE","KEEP_Q_DIRECTIVE","Follow the FAMILY.","Follow the FAMILY.","Follow the FAMILY.","Follow the FAMILY.","","","Q_AUTHORED_CURRENT_POST","Q_BODY","KEEP","canonical post body, no embedded-source evidence"
"964#5","964","KEEP_Q_DIRECTIVE","KEEP_Q_DIRECTIVE","Follow resignations [Business/Gov't].","Follow resignations [Business/Gov't].","Follow resignations [Business/Gov't].","Follow resignations [Business/Gov't].","","","Q_AUTHORED_CURRENT_POST","Q_BODY","KEEP","canonical post body, no embedded-source evidence"
"964#6","964","KEEP_Q_DIRECTIVE","KEEP_Q_DIRECTIVE","RE_READ ALL.","RE_READ ALL.","RE_READ ALL.","RE_READ ALL.","","","Q_AUTHORED_CURRENT_POST","Q_BODY","KEEP","canonical post body, no embedded-source evidence"
"964#7","964","KEEP_Q_DIRECTIVE","KEEP_Q_DIRECTIVE","BUCKLE UP.","BUCKLE UP.","BUCKLE UP.","BUCKLE UP.","","","Q_AUTHORED_CURRENT_POST","Q_BODY","KEEP","canonical post body, no embedded-source evidence"
"965#0","965","KEEP_Q_DIRECTIVE","KEEP_Q_DIRECTIVE","STAY STRONG!","STAY STRONG!","STAY STRONG!","STAY STRONG!","","","Q_AUTHORED_CURRENT_POST","Q_BODY","KEEP","canonical post body, no embedded-source evidence"
"965#1","965","KEEP_Q_DIRECTIVE","KEEP_Q_DIRECTIVE","STAY TOGETHER!","STAY TOGETHER!","STAY TOGETHER!","STAY TOGETHER!","","","Q_AUTHORED_CURRENT_POST","Q_BODY","KEEP","canonical post body, no embedded-source evidence"
"965#2","965","KEEP_Q_DIRECTIVE","KEEP_Q_DIRECTIVE","ENJOY THE SHOW.","ENJOY THE SHOW.","ENJOY THE SHOW.","ENJOY THE SHOW.","","","Q_AUTHORED_CURRENT_POST","Q_BODY","KEEP","canonical post body, no embedded-source evidence"
"968#0","968","KEEP_Q_DIRECTIVE","KEEP_Q_DIRECTIVE","Clean.","Clean.","Clean.","Clean.","","","Q_AUTHORED_CURRENT_POST","Q_BODY","KEEP","canonical post body, no embedded-source evidence"
"969#0","969","KEEP_Q_DIRECTIVE","KEEP_Q_DIRECTIVE","TRUST THE PLAN.","TRUST THE PLAN.","TRUST THE PLAN.","TRUST THE PLAN.","","","Q_AUTHORED_CURRENT_POST","Q_BODY","KEEP","canonical post body, no embedded-source evidence"
"97#0","97","KEEP_Q_DIRECTIVE","KEEP_Q_DIRECTIVE","Define.","Define.","Define.","Define.","","","Q_AUTHORED_CURRENT_POST","Q_BODY","KEEP","canonical post body, no embedded-source evidence"
"97#1","97","KEEP_Q_DIRECTIVE","KEEP_Q_DIRECTIVE","Define hostage.","Define hostage.","Define hostage.","Define hostage.","","","Q_AUTHORED_CURRENT_POST","Q_BODY","KEEP","canonical post body, no embedded-source evidence"
"97#2","97","KEEP_Q_DIRECTIVE","KEEP_Q_DIRECTIVE","Define leverage.","Define leverage.","Define leverage.","Define leverage.","","","Q_AUTHORED_CURRENT_POST","Q_BODY","KEEP","canonical post body, no embedded-source evidence"
"97#3","97","KEEP_Q_DIRECTIVE","KEEP_Q_DIRECTIVE","Set up.","Set up.","Set up.","Set up.","","","Q_AUTHORED_CURRENT_POST","Q_BODY","KEEP","canonical post body, no embedded-source evidence"
"97#4","97","KEEP_Q_DIRECTIVE","KEEP_Q_DIRECTIVE","Paint the picture.","Paint the picture.","Paint the picture.","Paint the picture.","","","Q_AUTHORED_CURRENT_POST","Q_BODY","KEEP","canonical post body, no embedded-source evidence"
"97#5","97","KEEP_Q_DIRECTIVE","KEEP_Q_DIRECTIVE","Review post happenings.","Review post happenings.","Review post happenings.","Review post happenings.","","","Q_AUTHORED_CURRENT_POST","Q_BODY","KEEP","canonical post body, no embedded-source evidence"
"97#6","97","KEEP_Q_DIRECTIVE","KEEP_Q_DIRECTIVE","Re-read complete crumb graphic (confirmed good).","Re-read complete crumb graphic (confirmed good).","Re-read complete crumb graphic (confirmed good).","Re-read complete crumb graphic (confirmed good).","","","Q_AUTHORED_CURRENT_POST","Q_BODY","KEEP","canonical post body, no embedded-source evidence"
"971#0","971","KEEP_Q_DIRECTIVE","KEEP_Q_DIRECTIVE","Trust the plan.","Trust the plan.","Trust the plan.","Trust the plan.","","","Q_AUTHORED_CURRENT_POST","Q_BODY","KEEP","canonical post body, no embedded-source evidence"
"972#0","972","KEEP_Q_DIRECTIVE","KEEP_Q_DIRECTIVE","Think outside the box.","Think outside the box.","Think outside the box.","Think outside the box.","","","Q_AUTHORED_CURRENT_POST","Q_BODY","KEEP","canonical post body, no embedded-source evidence"
"972#1","972","KEEP_Q_DIRECTIVE","KEEP_Q_DIRECTIVE","Post Facebook NEWS.","Post Facebook NEWS.","Post Facebook NEWS.","Post Facebook NEWS.","","","Q_AUTHORED_CURRENT_POST","Q_BODY","KEEP","canonical post body, no embedded-source evidence"
"972#2","972","KEEP_Q_DIRECTIVE","KEEP_Q_DIRECTIVE","Use logic.","Use logic.","Use logic.","Use logic.","","","Q_AUTHORED_CURRENT_POST","Q_BODY","KEEP","canonical post body, no embedded-source evidence"
"973#0","973","KEEP_Q_DIRECTIVE","KEEP_Q_DIRECTIVE","Time to complete 1-2.","Time to complete 1-2.","Time to complete 1-2.","Time to complete 1-2.","","","Q_AUTHORED_CURRENT_POST","Q_BODY","KEEP","canonical post body, no embedded-source evidence"
"976#0","976","KEEP_Q_DIRECTIVE","KEEP_Q_DIRECTIVE","Wonder who leaked this.","Wonder who leaked this.","Wonder who leaked this.","Wonder who leaked this.","","","Q_AUTHORED_CURRENT_POST","Q_BODY","KEEP","canonical post body, no embedded-source evidence"
"98#0","98","KEEP_Q_DIRECTIVE","KEEP_Q_DIRECTIVE","Review each sentence post happenings.","Review each sentence post happenings.","Review each sentence post happenings.","Review each sentence post happenings.","","","Q_AUTHORED_CURRENT_POST","Q_BODY","KEEP","canonical post body, no embedded-source evidence"
"98#1","98","KEEP_Q_DIRECTIVE","KEEP_Q_DIRECTIVE","Please update and continue to log.","Please update and continue to log.","Please update and continue to log.","Please update and continue to log.","","","Q_AUTHORED_CURRENT_POST","Q_BODY","KEEP","canonical post body, no embedded-source evidence"
"981#0","981","KEEP_Q_DIRECTIVE","KEEP_Q_DIRECTIVE","Sleep well, Patriot.","Sleep well, Patriot.","Sleep well, Patriot.","Sleep well, Patriot.","","","Q_AUTHORED_CURRENT_POST","Q_BODY","KEEP","canonical post body, no embedded-source evidence"
"986#0","986","KEEP_Q_DIRECTIVE","KEEP_Q_DIRECTIVE","Think logically.","Think logically.","Think logically.","Think logically.","","","Q_AUTHORED_CURRENT_POST","Q_BODY","KEEP","canonical post body, no embedded-source evidence"
"987#0","987","KEEP_Q_DIRECTIVE","KEEP_Q_DIRECTIVE","Watch the EO's.","Watch the EO’s.","Watch the EO’s.","Watch the EO’s.","","","Q_AUTHORED_CURRENT_POST","Q_BODY","KEEP","canonical post body, no embedded-source evidence"
"99#0","99","KEEP_Q_DIRECTIVE","KEEP_Q_DIRECTIVE","Define.","Define.","Define.","Define.","","","Q_AUTHORED_CURRENT_POST","Q_BODY","KEEP","canonical post body, no embedded-source evidence"
"99#1","99","KEEP_Q_DIRECTIVE","KEEP_Q_DIRECTIVE","Follow the money.","Follow the money.","Follow the money.","Follow the money.","","","Q_AUTHORED_CURRENT_POST","Q_BODY","KEEP","canonical post body, no embedded-source evidence"
"99#2","99","KEEP_Q_DIRECTIVE","KEEP_Q_DIRECTIVE","Open season on puppets.","Open season on puppets.","Open season on puppets.","Open season on puppets.","","","Q_AUTHORED_CURRENT_POST","Q_BODY","KEEP","canonical post body, no embedded-source evidence"
"992#0","992","KEEP_Q_DIRECTIVE","KEEP_Q_DIRECTIVE","STAY TOGETHER.","STAY TOGETHER.","STAY TOGETHER.","STAY TOGETHER.","","","Q_AUTHORED_CURRENT_POST","Q_BODY","KEEP","canonical post body, no embedded-source evidence"
"993#0","993","KEEP_Q_DIRECTIVE","KEEP_Q_DIRECTIVE","Follow Bolton.","Follow Bolton.","Follow Bolton.","Follow Bolton.","","","Q_AUTHORED_CURRENT_POST","Q_BODY","KEEP","canonical post body, no embedded-source evidence"
"993#1","993","KEEP_Q_DIRECTIVE","KEEP_Q_DIRECTIVE","Clean.","Clean.","Clean.","Clean.","","","Q_AUTHORED_CURRENT_POST","Q_BODY","KEEP","canonical post body, no embedded-source evidence"
"993#2","993","KEEP_Q_DIRECTIVE","KEEP_Q_DIRECTIVE","Learn how to archive offline.","Learn how to archive offline.","Learn how to archive offline.","Learn how to archive offline.","","","Q_AUTHORED_CURRENT_POST","Q_BODY","KEEP","canonical post body, no embedded-source evidence"
"995#0","995","KEEP_Q_DIRECTIVE","KEEP_Q_DIRECTIVE","Keep watching the news.","Keep watching the news.","Keep watching the news.","Keep watching the news.","","","Q_AUTHORED_CURRENT_POST","Q_BODY","KEEP","canonical post body, no embedded-source evidence"
"996#0","996","KEEP_Q_DIRECTIVE","KEEP_Q_DIRECTIVE","Trace the background of the shooter.","Trace the background of the shooter.","Trace the background of the shooter.","Trace the background of the shooter.","","","Q_AUTHORED_CURRENT_POST","Q_BODY","KEEP","canonical post body, no embedded-source evidence"
"996#1","996","KEEP_Q_DIRECTIVE","KEEP_Q_DIRECTIVE","Focus on Father.","Focus on Father.","Focus on Father.","Focus on Father.","","","Q_AUTHORED_CURRENT_POST","Q_BODY","KEEP","canonical post body, no embedded-source evidence"