postNum,line,completeText,oldProvenance,newProvenance,sourceType,structure,confidence,referencedPostNum,direction,reason,affectedConsumers
"1","0",">>147005381","Q_AUTHORED_CURRENT_POST","QUOTED_OR_EMBEDDED","QUOTED_ANONYMOUS_POST","BOARD_POINTER","HIGH","","OLD_Q_BODY_TO_NEW_QUOTED","board back-reference pointer","Directives|Claims|Entities|Themes"
"10","0","Remember, the FBI, and MI, have an open investigation into the CF. Why did Comey drop this? Who was the FBI director during the Haiti crisis? How many kids disappeared? How much money sent to CF under disguise of H relief went to H? What countries donated big money to CF and why? How much was owed by accepting? When she lost how would this be repaid? What did Obama do with cash just prior to leaving office? Repayment to those who donated for favors/access? Dig!!!!!","QUOTED_OR_EMBEDDED (sustained prose block — pasted or quoted passage)","AMBIGUOUS_MULTIPLE_MATCHES","UNKNOWN","PROSE","LOW","","AMBIGUOUS_MULTIPLE_MATCHES","whole-post prose in early board format with no signature, pointer, quote mark or register anchor — ownership not structurally established","Directives|Questions|Entities|Themes"
"10","1","Again, good people were forced into bed with this evil under personal and family threats. Could you live with yourself helping to cover up such evil despicable acts if given a safe way out? These people worship Satan _ some openly show it.","QUOTED_OR_EMBEDDED (sustained prose block — pasted or quoted passage)","AMBIGUOUS_MULTIPLE_MATCHES","UNKNOWN","PROSE","LOW","","AMBIGUOUS_MULTIPLE_MATCHES","whole-post prose in early board format with no signature, pointer, quote mark or register anchor — ownership not structurally established","Directives|Questions|Entities|Themes"
"1000","0",">>885005","Q_AUTHORED_CURRENT_POST","QUOTED_OR_EMBEDDED","QUOTED_PRIOR_Q_POST","BOARD_POINTER","HIGH","999","OLD_Q_BODY_TO_NEW_QUOTED","board back-reference pointer",""
"1002","0",">>885429","Q_AUTHORED_CURRENT_POST","QUOTED_OR_EMBEDDED","QUOTED_ANONYMOUS_POST","BOARD_POINTER","HIGH","","OLD_Q_BODY_TO_NEW_QUOTED","board back-reference pointer","Claims|Emphasis|Entities|Themes"
"1006","0",">>885992","Q_AUTHORED_CURRENT_POST","QUOTED_OR_EMBEDDED","QUOTED_PRIOR_Q_POST","BOARD_POINTER","HIGH","1005","OLD_Q_BODY_TO_NEW_QUOTED","board back-reference pointer","Directives|Emphasis|Entities"
"1009","0",">>893904","Q_AUTHORED_CURRENT_POST","QUOTED_OR_EMBEDDED","QUOTED_PRIOR_Q_POST","BOARD_POINTER","HIGH","1008","OLD_Q_BODY_TO_NEW_QUOTED","board back-reference pointer","Questions|Claims|Emphasis|Entities|Themes"
"101","0",">>148147343","Q_AUTHORED_CURRENT_POST","QUOTED_OR_EMBEDDED","QUOTED_ANONYMOUS_POST","BOARD_POINTER","HIGH","","OLD_Q_BODY_TO_NEW_QUOTED","board back-reference pointer",""
"1010","0",">>894110","Q_AUTHORED_CURRENT_POST","QUOTED_OR_EMBEDDED","QUOTED_PRIOR_Q_POST","BOARD_POINTER","HIGH","1009","OLD_Q_BODY_TO_NEW_QUOTED","board back-reference pointer","Directives|Claims|Codes|Emphasis|Entities|Themes"
"1011","0",">>894401","Q_AUTHORED_CURRENT_POST","QUOTED_OR_EMBEDDED","QUOTED_PRIOR_Q_POST","BOARD_POINTER","HIGH","1010","OLD_Q_BODY_TO_NEW_QUOTED","board back-reference pointer","Questions|Claims|Emphasis|Entities"
"1012","0",">>894467","Q_AUTHORED_CURRENT_POST","QUOTED_OR_EMBEDDED","QUOTED_PRIOR_Q_POST","BOARD_POINTER","HIGH","1011","OLD_Q_BODY_TO_NEW_QUOTED","board back-reference pointer","Claims|Entities|Themes"
"1012","1","""Our thoughts and prayers are with the four U.S. Marines from the 3rd Marine Aircraft Wing who lost their lives in yesterday’s Southern California helicopter crash. We pray for their families, and our great @USMC""","Q_AUTHORED_CURRENT_POST","QUOTED_OR_EMBEDDED","QUOTED_THIRD_PARTY","PROSE","HIGH","","OLD_Q_BODY_TO_NEW_QUOTED","self-contained quotation: one line opening and closing on quotation marks, paragraph length","Claims|Entities|Themes"
"1013","0",">>894571","Q_AUTHORED_CURRENT_POST","QUOTED_OR_EMBEDDED","QUOTED_PRIOR_Q_POST","BOARD_POINTER","HIGH","1012","OLD_Q_BODY_TO_NEW_QUOTED","board back-reference pointer","Claims|Emphasis|Entities"
"1014","0",">>894658","Q_AUTHORED_CURRENT_POST","QUOTED_OR_EMBEDDED","QUOTED_PRIOR_Q_POST","BOARD_POINTER","HIGH","1013","OLD_Q_BODY_TO_NEW_QUOTED","board back-reference pointer","Claims|Emphasis|Entities"
"1016","0",">>896069","Q_AUTHORED_CURRENT_POST","QUOTED_OR_EMBEDDED","QUOTED_PRIOR_Q_POST","BOARD_POINTER","HIGH","1015","OLD_Q_BODY_TO_NEW_QUOTED","board back-reference pointer","Directives|Emphasis|Entities"
"1017","0",">>896184","Q_AUTHORED_CURRENT_POST","QUOTED_OR_EMBEDDED","QUOTED_PRIOR_Q_POST","BOARD_POINTER","HIGH","1016","OLD_Q_BODY_TO_NEW_QUOTED","board back-reference pointer","Emphasis|Entities"
"1018","0",">>896290","Q_AUTHORED_CURRENT_POST","QUOTED_OR_EMBEDDED","QUOTED_ANONYMOUS_POST","BOARD_POINTER","HIGH","","OLD_Q_BODY_TO_NEW_QUOTED","board back-reference pointer","Directives"
"1019","0",">>896475","Q_AUTHORED_CURRENT_POST","QUOTED_OR_EMBEDDED","QUOTED_ANONYMOUS_POST","BOARD_POINTER","HIGH","","OLD_Q_BODY_TO_NEW_QUOTED","board back-reference pointer","Directives|Emphasis|Themes"
"1020","0",">>896546","Q_AUTHORED_CURRENT_POST","QUOTED_OR_EMBEDDED","QUOTED_ANONYMOUS_POST","BOARD_POINTER","HIGH","","OLD_Q_BODY_TO_NEW_QUOTED","board back-reference pointer","Directives|Claims|Entities"
"1023","0",">>897173","Q_AUTHORED_CURRENT_POST","QUOTED_OR_EMBEDDED","QUOTED_ANONYMOUS_POST","BOARD_POINTER","HIGH","","OLD_Q_BODY_TO_NEW_QUOTED","board back-reference pointer","Questions"
"1026","0",">>899237","Q_AUTHORED_CURRENT_POST","QUOTED_OR_EMBEDDED","QUOTED_ANONYMOUS_POST","BOARD_POINTER","HIGH","","OLD_Q_BODY_TO_NEW_QUOTED","board back-reference pointer",""
"103","0",">>148151281","Q_AUTHORED_CURRENT_POST","QUOTED_OR_EMBEDDED","QUOTED_ANONYMOUS_POST","BOARD_POINTER","HIGH","","OLD_Q_BODY_TO_NEW_QUOTED","board back-reference pointer","Directives|Claims|Entities|Themes"
"1031","0",">>914092","Q_AUTHORED_CURRENT_POST","QUOTED_OR_EMBEDDED","QUOTED_ANONYMOUS_POST","BOARD_POINTER","HIGH","","OLD_Q_BODY_TO_NEW_QUOTED","board back-reference pointer",""
"1033","0",">>914474","Q_AUTHORED_CURRENT_POST","QUOTED_OR_EMBEDDED","QUOTED_ANONYMOUS_POST","BOARD_POINTER","HIGH","","OLD_Q_BODY_TO_NEW_QUOTED","board back-reference pointer","Questions"
"1034","0",">>914510","Q_AUTHORED_CURRENT_POST","QUOTED_OR_EMBEDDED","QUOTED_PRIOR_Q_POST","BOARD_POINTER","HIGH","1033","OLD_Q_BODY_TO_NEW_QUOTED","board back-reference pointer","Directives|Questions|Claims|Entities"
"1035","0",">>914582","Q_AUTHORED_CURRENT_POST","QUOTED_OR_EMBEDDED","QUOTED_ANONYMOUS_POST","BOARD_POINTER","HIGH","","OLD_Q_BODY_TO_NEW_QUOTED","board back-reference pointer",""
"1038","0",">>916218","Q_AUTHORED_CURRENT_POST","QUOTED_OR_EMBEDDED","QUOTED_PRIOR_Q_POST","BOARD_POINTER","HIGH","1037","OLD_Q_BODY_TO_NEW_QUOTED","board back-reference pointer","Claims"
"1040","0",">>919423","Q_AUTHORED_CURRENT_POST","QUOTED_OR_EMBEDDED","QUOTED_PRIOR_Q_POST","BOARD_POINTER","HIGH","1039","OLD_Q_BODY_TO_NEW_QUOTED","board back-reference pointer","Questions|Entities"
"1041","0",">>919456","Q_AUTHORED_CURRENT_POST","QUOTED_OR_EMBEDDED","QUOTED_PRIOR_Q_POST","BOARD_POINTER","HIGH","1040","OLD_Q_BODY_TO_NEW_QUOTED","board back-reference pointer","Entities|Themes"
"1042","0",">>921715","Q_AUTHORED_CURRENT_POST","QUOTED_OR_EMBEDDED","QUOTED_ANONYMOUS_POST","BOARD_POINTER","HIGH","","OLD_Q_BODY_TO_NEW_QUOTED","board back-reference pointer",""
"1043","0",">>922075","Q_AUTHORED_CURRENT_POST","QUOTED_OR_EMBEDDED","QUOTED_ANONYMOUS_POST","BOARD_POINTER","HIGH","","OLD_Q_BODY_TO_NEW_QUOTED","board back-reference pointer","Emphasis|Entities"
"1044","0",">>922142","Q_AUTHORED_CURRENT_POST","QUOTED_OR_EMBEDDED","QUOTED_PRIOR_Q_POST","BOARD_POINTER","HIGH","1043","OLD_Q_BODY_TO_NEW_QUOTED","board back-reference pointer","Claims|Entities|Themes"
"1045","0",">>922280","Q_AUTHORED_CURRENT_POST","QUOTED_OR_EMBEDDED","QUOTED_ANONYMOUS_POST","BOARD_POINTER","HIGH","","OLD_Q_BODY_TO_NEW_QUOTED","board back-reference pointer","Emphasis"
"1046","0",">>922343","Q_AUTHORED_CURRENT_POST","QUOTED_OR_EMBEDDED","QUOTED_PRIOR_Q_POST","BOARD_POINTER","HIGH","1045","OLD_Q_BODY_TO_NEW_QUOTED","board back-reference pointer","Directives|Claims"
"1047","0",">>922559","Q_AUTHORED_CURRENT_POST","QUOTED_OR_EMBEDDED","QUOTED_ANONYMOUS_POST","BOARD_POINTER","HIGH","","OLD_Q_BODY_TO_NEW_QUOTED","board back-reference pointer","Questions|Claims|Entities"
"1048","0",">>922596","Q_AUTHORED_CURRENT_POST","QUOTED_OR_EMBEDDED","QUOTED_PRIOR_Q_POST","BOARD_POINTER","HIGH","1047","OLD_Q_BODY_TO_NEW_QUOTED","board back-reference pointer","Directives|Claims|Entities|Themes"
"1049","0",">>922685","Q_AUTHORED_CURRENT_POST","QUOTED_OR_EMBEDDED","QUOTED_PRIOR_Q_POST","BOARD_POINTER","HIGH","1048","OLD_Q_BODY_TO_NEW_QUOTED","board back-reference pointer","Directives|Questions|Emphasis|Entities"
"1050","0",">>922843","Q_AUTHORED_CURRENT_POST","QUOTED_OR_EMBEDDED","QUOTED_ANONYMOUS_POST","BOARD_POINTER","HIGH","","OLD_Q_BODY_TO_NEW_QUOTED","board back-reference pointer","Directives|Entities"
"1051","0",">>923567","Q_AUTHORED_CURRENT_POST","QUOTED_OR_EMBEDDED","QUOTED_ANONYMOUS_POST","BOARD_POINTER","HIGH","","OLD_Q_BODY_TO_NEW_QUOTED","board back-reference pointer","Claims|Emphasis|Entities|Themes"
"1052","0",">>924151","Q_AUTHORED_CURRENT_POST","QUOTED_OR_EMBEDDED","QUOTED_ANONYMOUS_POST","BOARD_POINTER","HIGH","","OLD_Q_BODY_TO_NEW_QUOTED","board back-reference pointer","Directives|Claims"
"1053","0",">>924357","Q_AUTHORED_CURRENT_POST","QUOTED_OR_EMBEDDED","QUOTED_ANONYMOUS_POST","BOARD_POINTER","HIGH","","OLD_Q_BODY_TO_NEW_QUOTED","board back-reference pointer","Questions|Claims"
"1054","0",">>924792","Q_AUTHORED_CURRENT_POST","QUOTED_OR_EMBEDDED","QUOTED_ANONYMOUS_POST","BOARD_POINTER","HIGH","","OLD_Q_BODY_TO_NEW_QUOTED","board back-reference pointer","Directives|Questions|Claims|Entities"
"1055","0",">>924953","Q_AUTHORED_CURRENT_POST","QUOTED_OR_EMBEDDED","QUOTED_ANONYMOUS_POST","BOARD_POINTER","HIGH","","OLD_Q_BODY_TO_NEW_QUOTED","board back-reference pointer","Directives|Questions|Claims|Entities"
"1056","0",">>925189","Q_AUTHORED_CURRENT_POST","QUOTED_OR_EMBEDDED","QUOTED_ANONYMOUS_POST","BOARD_POINTER","HIGH","","OLD_Q_BODY_TO_NEW_QUOTED","board back-reference pointer","Directives|Questions|Emphasis|Entities"
"1057","0",">>925311","Q_AUTHORED_CURRENT_POST","QUOTED_OR_EMBEDDED","QUOTED_ANONYMOUS_POST","BOARD_POINTER","HIGH","","OLD_Q_BODY_TO_NEW_QUOTED","board back-reference pointer","Directives|Entities|Themes"
"1058","0",">>925762","Q_AUTHORED_CURRENT_POST","QUOTED_OR_EMBEDDED","QUOTED_ANONYMOUS_POST","BOARD_POINTER","HIGH","","OLD_Q_BODY_TO_NEW_QUOTED","board back-reference pointer",""
"1059","0",">>926634","Q_AUTHORED_CURRENT_POST","QUOTED_OR_EMBEDDED","QUOTED_ANONYMOUS_POST","BOARD_POINTER","HIGH","","OLD_Q_BODY_TO_NEW_QUOTED","board back-reference pointer",""
"106","0",">>148154996","Q_AUTHORED_CURRENT_POST","QUOTED_OR_EMBEDDED","QUOTED_ANONYMOUS_POST","BOARD_POINTER","HIGH","","OLD_Q_BODY_TO_NEW_QUOTED","board back-reference pointer","Directives|Claims|Entities|Themes"
"1060","0",">>926685","Q_AUTHORED_CURRENT_POST","QUOTED_OR_EMBEDDED","QUOTED_ANONYMOUS_POST","BOARD_POINTER","HIGH","","OLD_Q_BODY_TO_NEW_QUOTED","board back-reference pointer",""
"1062","0",">>928525","Q_AUTHORED_CURRENT_POST","QUOTED_OR_EMBEDDED","QUOTED_ANONYMOUS_POST","BOARD_POINTER","HIGH","","OLD_Q_BODY_TO_NEW_QUOTED","board back-reference pointer",""
"1064","0",">>931003","Q_AUTHORED_CURRENT_POST","QUOTED_OR_EMBEDDED","QUOTED_ANONYMOUS_POST","BOARD_POINTER","HIGH","","OLD_Q_BODY_TO_NEW_QUOTED","board back-reference pointer",""
"1064","1",">>875265","Q_AUTHORED_CURRENT_POST","QUOTED_OR_EMBEDDED","QUOTED_PRIOR_Q_POST","BOARD_POINTER","HIGH","988","OLD_Q_BODY_TO_NEW_QUOTED","board back-reference pointer",""
"107","1","May God also grant all of us the wisdom to ask what concrete steps we can take to reduce the violence and weaponry in our midst.","QUOTED_OR_EMBEDDED (sustained prose block — pasted or quoted passage)","Q_AUTHORED_CURRENT_POST","Q_BODY","PROSE","HIGH","","OLD_QUOTED_TO_NEW_Q_BODY","long sentence inside a drop whose dominant register is Q — prose shape alone is not a quotation","Directives|Questions|Entities|Themes"
"107","2","Note when we just sent the go orders and when this Tweet went live.","QUOTED_OR_EMBEDDED (sustained prose block — pasted or quoted passage)","Q_AUTHORED_CURRENT_POST","Q_BODY","PROSE","HIGH","","OLD_QUOTED_TO_NEW_Q_BODY","long sentence inside a drop whose dominant register is Q — prose shape alone is not a quotation","Directives|Questions|Entities|Themes"
"1070","0",">>936346","Q_AUTHORED_CURRENT_POST","QUOTED_OR_EMBEDDED","QUOTED_ANONYMOUS_POST","BOARD_POINTER","HIGH","","OLD_Q_BODY_TO_NEW_QUOTED","board back-reference pointer","Claims|Themes"
"1071","0",">>936472","Q_AUTHORED_CURRENT_POST","QUOTED_OR_EMBEDDED","QUOTED_PRIOR_Q_POST","BOARD_POINTER","HIGH","1070","OLD_Q_BODY_TO_NEW_QUOTED","board back-reference pointer",""
"1072","0",">>936517","Q_AUTHORED_CURRENT_POST","QUOTED_OR_EMBEDDED","QUOTED_PRIOR_Q_POST","BOARD_POINTER","HIGH","1071","OLD_Q_BODY_TO_NEW_QUOTED","board back-reference pointer","Claims|Emphasis"
"1075","0",">>938332","Q_AUTHORED_CURRENT_POST","QUOTED_OR_EMBEDDED","QUOTED_ANONYMOUS_POST","BOARD_POINTER","HIGH","","OLD_Q_BODY_TO_NEW_QUOTED","board back-reference pointer","Directives|Questions|Entities|Themes"
"1076","0",">>938366","Q_AUTHORED_CURRENT_POST","QUOTED_OR_EMBEDDED","QUOTED_ANONYMOUS_POST","BOARD_POINTER","HIGH","","OLD_Q_BODY_TO_NEW_QUOTED","board back-reference pointer","Entities"
"1078","0",">>946456","Q_AUTHORED_CURRENT_POST","QUOTED_OR_EMBEDDED","QUOTED_PRIOR_Q_POST","BOARD_POINTER","HIGH","1077","OLD_Q_BODY_TO_NEW_QUOTED","board back-reference pointer","Directives"
"1079","0",">>946546","Q_AUTHORED_CURRENT_POST","QUOTED_OR_EMBEDDED","QUOTED_PRIOR_Q_POST","BOARD_POINTER","HIGH","1078","OLD_Q_BODY_TO_NEW_QUOTED","board back-reference pointer","Directives|Entities"
"108","0",">>148155375","Q_AUTHORED_CURRENT_POST","QUOTED_OR_EMBEDDED","QUOTED_ANONYMOUS_POST","BOARD_POINTER","HIGH","","OLD_Q_BODY_TO_NEW_QUOTED","board back-reference pointer","Directives|Questions|Claims|Entities|Themes"
"1081","0",">>950959","Q_AUTHORED_CURRENT_POST","QUOTED_OR_EMBEDDED","QUOTED_ANONYMOUS_POST","BOARD_POINTER","HIGH","","OLD_Q_BODY_TO_NEW_QUOTED","board back-reference pointer","Directives|Questions|Claims|Emphasis|Entities"
"1083","0",">>952914","Q_AUTHORED_CURRENT_POST","QUOTED_OR_EMBEDDED","QUOTED_PRIOR_Q_POST","BOARD_POINTER","HIGH","1082","OLD_Q_BODY_TO_NEW_QUOTED","board back-reference pointer","Emphasis"
"1084","0",">>953050","Q_AUTHORED_CURRENT_POST","QUOTED_OR_EMBEDDED","QUOTED_ANONYMOUS_POST","BOARD_POINTER","HIGH","","OLD_Q_BODY_TO_NEW_QUOTED","board back-reference pointer","Entities"
"1086","0",">>954786","Q_AUTHORED_CURRENT_POST","QUOTED_OR_EMBEDDED","QUOTED_PRIOR_Q_POST","BOARD_POINTER","HIGH","1085","OLD_Q_BODY_TO_NEW_QUOTED","board back-reference pointer","Questions|Entities"
"1087","0",">>954819","Q_AUTHORED_CURRENT_POST","QUOTED_OR_EMBEDDED","QUOTED_PRIOR_Q_POST","BOARD_POINTER","HIGH","1086","OLD_Q_BODY_TO_NEW_QUOTED","board back-reference pointer","Claims"
"1088","0",">>955555","Q_AUTHORED_CURRENT_POST","QUOTED_OR_EMBEDDED","QUOTED_ANONYMOUS_POST","BOARD_POINTER","HIGH","","OLD_Q_BODY_TO_NEW_QUOTED","board back-reference pointer","Questions"
"1089","0",">>955641","Q_AUTHORED_CURRENT_POST","QUOTED_OR_EMBEDDED","QUOTED_ANONYMOUS_POST","BOARD_POINTER","HIGH","","OLD_Q_BODY_TO_NEW_QUOTED","board back-reference pointer",""
"109","0",">>148156518","Q_AUTHORED_CURRENT_POST","QUOTED_OR_EMBEDDED","QUOTED_ANONYMOUS_POST","BOARD_POINTER","HIGH","","OLD_Q_BODY_TO_NEW_QUOTED","board back-reference pointer","Themes"
"1090","0",">>955656","Q_AUTHORED_CURRENT_POST","QUOTED_OR_EMBEDDED","QUOTED_PRIOR_Q_POST","BOARD_POINTER","HIGH","1089","OLD_Q_BODY_TO_NEW_QUOTED","board back-reference pointer","Directives|Questions|Claims|Emphasis|Entities|Themes"
"1091","0",">>955760","Q_AUTHORED_CURRENT_POST","QUOTED_OR_EMBEDDED","QUOTED_PRIOR_Q_POST","BOARD_POINTER","HIGH","1090","OLD_Q_BODY_TO_NEW_QUOTED","board back-reference pointer","Directives|Questions|Entities"
"1092","0",">>955898","Q_AUTHORED_CURRENT_POST","QUOTED_OR_EMBEDDED","QUOTED_ANONYMOUS_POST","BOARD_POINTER","HIGH","","OLD_Q_BODY_TO_NEW_QUOTED","board back-reference pointer","Claims|Entities"
"1095","0",">>958218","Q_AUTHORED_CURRENT_POST","QUOTED_OR_EMBEDDED","QUOTED_ANONYMOUS_POST","BOARD_POINTER","HIGH","","OLD_Q_BODY_TO_NEW_QUOTED","board back-reference pointer",""
"1096","0",">>958537","Q_AUTHORED_CURRENT_POST","QUOTED_OR_EMBEDDED","QUOTED_ANONYMOUS_POST","BOARD_POINTER","HIGH","","OLD_Q_BODY_TO_NEW_QUOTED","board back-reference pointer",""
"1097","0",">>958580","Q_AUTHORED_CURRENT_POST","QUOTED_OR_EMBEDDED","QUOTED_ANONYMOUS_POST","BOARD_POINTER","HIGH","","OLD_Q_BODY_TO_NEW_QUOTED","board back-reference pointer","Directives|Questions|Emphasis|Entities"
"1098","0",">>958655","Q_AUTHORED_CURRENT_POST","QUOTED_OR_EMBEDDED","QUOTED_PRIOR_Q_POST","BOARD_POINTER","HIGH","1097","OLD_Q_BODY_TO_NEW_QUOTED","board back-reference pointer","Directives|Questions|Claims|Entities"
"1099","0",">>958888","Q_AUTHORED_CURRENT_POST","QUOTED_OR_EMBEDDED","QUOTED_PRIOR_Q_POST","BOARD_POINTER","HIGH","1098","OLD_Q_BODY_TO_NEW_QUOTED","board back-reference pointer",""
"1101","0",">>966637","Q_AUTHORED_CURRENT_POST","QUOTED_OR_EMBEDDED","QUOTED_PRIOR_Q_POST","BOARD_POINTER","HIGH","1100","OLD_Q_BODY_TO_NEW_QUOTED","board back-reference pointer","Directives"
"1102","0",">>966637","Q_AUTHORED_CURRENT_POST","QUOTED_OR_EMBEDDED","QUOTED_PRIOR_Q_POST","BOARD_POINTER","HIGH","1100","OLD_Q_BODY_TO_NEW_QUOTED","board back-reference pointer","Directives|Questions|Claims|Emphasis|Entities|Themes"
"1103","0",">>967123","Q_AUTHORED_CURRENT_POST","QUOTED_OR_EMBEDDED","QUOTED_ANONYMOUS_POST","BOARD_POINTER","HIGH","","OLD_Q_BODY_TO_NEW_QUOTED","board back-reference pointer","Claims|Emphasis|Entities"
"1104","0",">>967224","Q_AUTHORED_CURRENT_POST","QUOTED_OR_EMBEDDED","QUOTED_ANONYMOUS_POST","BOARD_POINTER","HIGH","","OLD_Q_BODY_TO_NEW_QUOTED","board back-reference pointer","Directives|Claims|Entities|Themes"
"1107","0",">>967809","Q_AUTHORED_CURRENT_POST","QUOTED_OR_EMBEDDED","QUOTED_ANONYMOUS_POST","BOARD_POINTER","HIGH","","OLD_Q_BODY_TO_NEW_QUOTED","board back-reference pointer","Claims|Emphasis"
"1111","0",">>973097","Q_AUTHORED_CURRENT_POST","QUOTED_OR_EMBEDDED","QUOTED_ANONYMOUS_POST","BOARD_POINTER","HIGH","","OLD_Q_BODY_TO_NEW_QUOTED","board back-reference pointer","Questions|Claims|Emphasis|Entities|Themes"
"1112","0",">>973390","Q_AUTHORED_CURRENT_POST","QUOTED_OR_EMBEDDED","QUOTED_ANONYMOUS_POST","BOARD_POINTER","HIGH","","OLD_Q_BODY_TO_NEW_QUOTED","board back-reference pointer","Claims"
"1113","0",">>973608","Q_AUTHORED_CURRENT_POST","QUOTED_OR_EMBEDDED","QUOTED_ANONYMOUS_POST","BOARD_POINTER","HIGH","","OLD_Q_BODY_TO_NEW_QUOTED","board back-reference pointer","Directives"
"1114","0",">>974444","Q_AUTHORED_CURRENT_POST","QUOTED_OR_EMBEDDED","QUOTED_ANONYMOUS_POST","BOARD_POINTER","HIGH","","OLD_Q_BODY_TO_NEW_QUOTED","board back-reference pointer",""
"1117","0",">>977691","Q_AUTHORED_CURRENT_POST","QUOTED_OR_EMBEDDED","QUOTED_PRIOR_Q_POST","BOARD_POINTER","HIGH","1116","OLD_Q_BODY_TO_NEW_QUOTED","board back-reference pointer",""
"1118","0",">>978080","Q_AUTHORED_CURRENT_POST","QUOTED_OR_EMBEDDED","QUOTED_ANONYMOUS_POST","BOARD_POINTER","HIGH","","OLD_Q_BODY_TO_NEW_QUOTED","board back-reference pointer",""
"1119","0",">>978366","Q_AUTHORED_CURRENT_POST","QUOTED_OR_EMBEDDED","QUOTED_ANONYMOUS_POST","BOARD_POINTER","HIGH","","OLD_Q_BODY_TO_NEW_QUOTED","board back-reference pointer",""
"1122","0",">>979093","Q_AUTHORED_CURRENT_POST","QUOTED_OR_EMBEDDED","QUOTED_PRIOR_Q_POST","BOARD_POINTER","HIGH","1121","OLD_Q_BODY_TO_NEW_QUOTED","board back-reference pointer","Directives|Emphasis|Entities"
"1126","0",">>1002643","Q_AUTHORED_CURRENT_POST","QUOTED_OR_EMBEDDED","QUOTED_PRIOR_Q_POST","BOARD_POINTER","HIGH","1125","OLD_Q_BODY_TO_NEW_QUOTED","board back-reference pointer","Claims|Codes"
"1127","0",">>1002693","Q_AUTHORED_CURRENT_POST","QUOTED_OR_EMBEDDED","QUOTED_PRIOR_Q_POST","BOARD_POINTER","HIGH","1126","OLD_Q_BODY_TO_NEW_QUOTED","board back-reference pointer","Directives|Questions|Claims|Entities"
"1128","0",">>1002786","Q_AUTHORED_CURRENT_POST","QUOTED_OR_EMBEDDED","QUOTED_ANONYMOUS_POST","BOARD_POINTER","HIGH","","OLD_Q_BODY_TO_NEW_QUOTED","board back-reference pointer",""
"1130","0",">>1003248","Q_AUTHORED_CURRENT_POST","QUOTED_OR_EMBEDDED","QUOTED_ANONYMOUS_POST","BOARD_POINTER","HIGH","","OLD_Q_BODY_TO_NEW_QUOTED","board back-reference pointer","Claims|Entities"
"1135","0",">>1008463","Q_AUTHORED_CURRENT_POST","QUOTED_OR_EMBEDDED","QUOTED_PRIOR_Q_POST","BOARD_POINTER","HIGH","1134","OLD_Q_BODY_TO_NEW_QUOTED","board back-reference pointer","Entities"
"1136","0",">>1008534","Q_AUTHORED_CURRENT_POST","QUOTED_OR_EMBEDDED","QUOTED_ANONYMOUS_POST","BOARD_POINTER","HIGH","","OLD_Q_BODY_TO_NEW_QUOTED","board back-reference pointer","Entities"
"1137","0",">>1008670","Q_AUTHORED_CURRENT_POST","QUOTED_OR_EMBEDDED","QUOTED_ANONYMOUS_POST","BOARD_POINTER","HIGH","","OLD_Q_BODY_TO_NEW_QUOTED","board back-reference pointer","Entities"
"1139","0",">>1008970","Q_AUTHORED_CURRENT_POST","QUOTED_OR_EMBEDDED","QUOTED_ANONYMOUS_POST","BOARD_POINTER","HIGH","","OLD_Q_BODY_TO_NEW_QUOTED","board back-reference pointer","Claims"
"1141","0",">>1015000","Q_AUTHORED_CURRENT_POST","QUOTED_OR_EMBEDDED","QUOTED_PRIOR_Q_POST","BOARD_POINTER","HIGH","1140","OLD_Q_BODY_TO_NEW_QUOTED","board back-reference pointer",""
"1143","0",">>1015398","Q_AUTHORED_CURRENT_POST","QUOTED_OR_EMBEDDED","QUOTED_ANONYMOUS_POST","BOARD_POINTER","HIGH","","OLD_Q_BODY_TO_NEW_QUOTED","board back-reference pointer",""
"1148","0",">>1055826","Q_AUTHORED_CURRENT_POST","QUOTED_OR_EMBEDDED","QUOTED_PRIOR_Q_POST","BOARD_POINTER","HIGH","1147","OLD_Q_BODY_TO_NEW_QUOTED","board back-reference pointer","Questions|Claims|Entities|Themes"
"1149","0",">>1055967","Q_AUTHORED_CURRENT_POST","QUOTED_OR_EMBEDDED","QUOTED_ANONYMOUS_POST","BOARD_POINTER","HIGH","","OLD_Q_BODY_TO_NEW_QUOTED","board back-reference pointer","Directives|Claims|Entities"
"115","0",">>148186000","Q_AUTHORED_CURRENT_POST","QUOTED_OR_EMBEDDED","QUOTED_ANONYMOUS_POST","BOARD_POINTER","HIGH","","OLD_Q_BODY_TO_NEW_QUOTED","board back-reference pointer","Emphasis"
"1150","0",">>1056025","Q_AUTHORED_CURRENT_POST","QUOTED_OR_EMBEDDED","QUOTED_PRIOR_Q_POST","BOARD_POINTER","HIGH","1149","OLD_Q_BODY_TO_NEW_QUOTED","board back-reference pointer","Questions"
"1152","0",">>1056562","Q_AUTHORED_CURRENT_POST","QUOTED_OR_EMBEDDED","QUOTED_ANONYMOUS_POST","BOARD_POINTER","HIGH","","OLD_Q_BODY_TO_NEW_QUOTED","board back-reference pointer","Entities"
"1153","0",">>1056766","Q_AUTHORED_CURRENT_POST","QUOTED_OR_EMBEDDED","QUOTED_ANONYMOUS_POST","BOARD_POINTER","HIGH","","OLD_Q_BODY_TO_NEW_QUOTED","board back-reference pointer","Entities|Themes"
"1154","0",">>1057113","Q_AUTHORED_CURRENT_POST","QUOTED_OR_EMBEDDED","QUOTED_ANONYMOUS_POST","BOARD_POINTER","HIGH","","OLD_Q_BODY_TO_NEW_QUOTED","board back-reference pointer","Claims|Emphasis|Entities"
"1155","0",">>1057113","Q_AUTHORED_CURRENT_POST","QUOTED_OR_EMBEDDED","QUOTED_ANONYMOUS_POST","BOARD_POINTER","HIGH","","OLD_Q_BODY_TO_NEW_QUOTED","board back-reference pointer","Directives|Questions|Claims|Entities|Themes"
"1156","0",">>1057393","Q_AUTHORED_CURRENT_POST","QUOTED_OR_EMBEDDED","QUOTED_ANONYMOUS_POST","BOARD_POINTER","HIGH","","OLD_Q_BODY_TO_NEW_QUOTED","board back-reference pointer",""
"1157","0",">>1057442","Q_AUTHORED_CURRENT_POST","QUOTED_OR_EMBEDDED","QUOTED_ANONYMOUS_POST","BOARD_POINTER","HIGH","","OLD_Q_BODY_TO_NEW_QUOTED","board back-reference pointer","Questions|Claims|Entities"
"1159","0",">>1057770","Q_AUTHORED_CURRENT_POST","QUOTED_OR_EMBEDDED","QUOTED_PRIOR_Q_POST","BOARD_POINTER","HIGH","1158","OLD_Q_BODY_TO_NEW_QUOTED","board back-reference pointer",""
"1162","0",">>1058722","Q_AUTHORED_CURRENT_POST","QUOTED_OR_EMBEDDED","QUOTED_PRIOR_Q_POST","BOARD_POINTER","HIGH","1161","OLD_Q_BODY_TO_NEW_QUOTED","board back-reference pointer","Claims|Themes"
"1163","0",">>1058536","Q_AUTHORED_CURRENT_POST","QUOTED_OR_EMBEDDED","QUOTED_ANONYMOUS_POST","BOARD_POINTER","HIGH","","OLD_Q_BODY_TO_NEW_QUOTED","board back-reference pointer","Emphasis|Entities"
"1164","4","Not Public: Five Eyes UK/AUS POTUS targeting using pushed RUS decoy meetings / campaign insertions.","QUOTED_OR_EMBEDDED (sustained prose block — pasted or quoted passage)","Q_AUTHORED_CURRENT_POST","Q_BODY","PROSE","HIGH","","OLD_QUOTED_TO_NEW_Q_BODY","long sentence inside a drop whose dominant register is Q — prose shape alone is not a quotation","Directives|Claims|Entities|Themes"
"1164","5","Hussein HRC LL Brennan Clapper NAT SEC WH SIT RM OP UK AUS assist/set up.","QUOTED_OR_EMBEDDED (sustained prose block — pasted or quoted passage)","Q_AUTHORED_CURRENT_POST","Q_BODY","PROSE","HIGH","","OLD_QUOTED_TO_NEW_Q_BODY","long sentence inside a drop whose dominant register is Q — prose shape alone is not a quotation","Directives|Claims|Entities|Themes"
"1165","0",">>1062355","Q_AUTHORED_CURRENT_POST","QUOTED_OR_EMBEDDED","QUOTED_ANONYMOUS_POST","BOARD_POINTER","HIGH","","OLD_Q_BODY_TO_NEW_QUOTED","board back-reference pointer","Claims"
"1166","0",">>1063675","Q_AUTHORED_CURRENT_POST","QUOTED_OR_EMBEDDED","QUOTED_ANONYMOUS_POST","BOARD_POINTER","HIGH","","OLD_Q_BODY_TO_NEW_QUOTED","board back-reference pointer",""
"1167","0",">>1064287","Q_AUTHORED_CURRENT_POST","QUOTED_OR_EMBEDDED","QUOTED_ANONYMOUS_POST","BOARD_POINTER","HIGH","","OLD_Q_BODY_TO_NEW_QUOTED","board back-reference pointer","Questions|Entities"
"1171","0",">>1074781","Q_AUTHORED_CURRENT_POST","QUOTED_OR_EMBEDDED","QUOTED_ANONYMOUS_POST","BOARD_POINTER","HIGH","","OLD_Q_BODY_TO_NEW_QUOTED","board back-reference pointer","Entities|Themes"
"1172","0",">>1074952","Q_AUTHORED_CURRENT_POST","QUOTED_OR_EMBEDDED","QUOTED_ANONYMOUS_POST","BOARD_POINTER","HIGH","","OLD_Q_BODY_TO_NEW_QUOTED","board back-reference pointer","Entities"
"1173","0",">>1074950","Q_AUTHORED_CURRENT_POST","QUOTED_OR_EMBEDDED","QUOTED_ANONYMOUS_POST","BOARD_POINTER","HIGH","","OLD_Q_BODY_TO_NEW_QUOTED","board back-reference pointer","Themes"
"1174","0",">>1080066","Q_AUTHORED_CURRENT_POST","QUOTED_OR_EMBEDDED","QUOTED_ANONYMOUS_POST","BOARD_POINTER","HIGH","","OLD_Q_BODY_TO_NEW_QUOTED","board back-reference pointer","Questions|Claims"
"1175","0",">>1080429","Q_AUTHORED_CURRENT_POST","QUOTED_OR_EMBEDDED","QUOTED_PRIOR_Q_POST","BOARD_POINTER","HIGH","1174","OLD_Q_BODY_TO_NEW_QUOTED","board back-reference pointer",""
"1176","0",">>1095595","Q_AUTHORED_CURRENT_POST","QUOTED_OR_EMBEDDED","QUOTED_ANONYMOUS_POST","BOARD_POINTER","HIGH","","OLD_Q_BODY_TO_NEW_QUOTED","board back-reference pointer","Directives|Questions|Claims|Emphasis|Entities|Themes"
"1177","0",">>1095664","Q_AUTHORED_CURRENT_POST","QUOTED_OR_EMBEDDED","QUOTED_ANONYMOUS_POST","BOARD_POINTER","HIGH","","OLD_Q_BODY_TO_NEW_QUOTED","board back-reference pointer",""
"1178","0",">>1096535","Q_AUTHORED_CURRENT_POST","QUOTED_OR_EMBEDDED","QUOTED_ANONYMOUS_POST","BOARD_POINTER","HIGH","","OLD_Q_BODY_TO_NEW_QUOTED","board back-reference pointer","Claims"
"1181","0",">>1105041","Q_AUTHORED_CURRENT_POST","QUOTED_OR_EMBEDDED","QUOTED_PRIOR_Q_POST","BOARD_POINTER","HIGH","1180","OLD_Q_BODY_TO_NEW_QUOTED","board back-reference pointer","Directives|Questions|Claims"
"1182","0",">>1105115","Q_AUTHORED_CURRENT_POST","QUOTED_OR_EMBEDDED","QUOTED_PRIOR_Q_POST","BOARD_POINTER","HIGH","1181","OLD_Q_BODY_TO_NEW_QUOTED","board back-reference pointer","Directives|Emphasis|Themes"
"1183","0",">>1105264","Q_AUTHORED_CURRENT_POST","QUOTED_OR_EMBEDDED","QUOTED_PRIOR_Q_POST","BOARD_POINTER","HIGH","1182","OLD_Q_BODY_TO_NEW_QUOTED","board back-reference pointer","Directives|Questions|Emphasis|Entities|Themes"
"1185","0",">>1106719","Q_AUTHORED_CURRENT_POST","QUOTED_OR_EMBEDDED","QUOTED_PRIOR_Q_POST","BOARD_POINTER","HIGH","1184","OLD_Q_BODY_TO_NEW_QUOTED","board back-reference pointer",""
"1186","0",">>1106719","Q_AUTHORED_CURRENT_POST","QUOTED_OR_EMBEDDED","QUOTED_PRIOR_Q_POST","BOARD_POINTER","HIGH","1184","OLD_Q_BODY_TO_NEW_QUOTED","board back-reference pointer","Directives|Questions|Claims|Emphasis|Entities|Themes"
"1187","0",">>1106974","Q_AUTHORED_CURRENT_POST","QUOTED_OR_EMBEDDED","QUOTED_ANONYMOUS_POST","BOARD_POINTER","HIGH","","OLD_Q_BODY_TO_NEW_QUOTED","board back-reference pointer","Directives|Questions|Themes"
"1189","0",">>1107717","Q_AUTHORED_CURRENT_POST","QUOTED_OR_EMBEDDED","QUOTED_ANONYMOUS_POST","BOARD_POINTER","HIGH","","OLD_Q_BODY_TO_NEW_QUOTED","board back-reference pointer","Questions"
"1190","0",">>1107523","Q_AUTHORED_CURRENT_POST","QUOTED_OR_EMBEDDED","QUOTED_ANONYMOUS_POST","BOARD_POINTER","HIGH","","OLD_Q_BODY_TO_NEW_QUOTED","board back-reference pointer","Directives|Questions|Claims|Emphasis|Entities"
"1191","0",">>1108831","Q_AUTHORED_CURRENT_POST","QUOTED_OR_EMBEDDED","QUOTED_ANONYMOUS_POST","BOARD_POINTER","HIGH","","OLD_Q_BODY_TO_NEW_QUOTED","board back-reference pointer","Questions"
"1193","0",">>1108920","Q_AUTHORED_CURRENT_POST","QUOTED_OR_EMBEDDED","QUOTED_ANONYMOUS_POST","BOARD_POINTER","HIGH","","OLD_Q_BODY_TO_NEW_QUOTED","board back-reference pointer","Claims"
"1194","0",">>1108947","Q_AUTHORED_CURRENT_POST","QUOTED_OR_EMBEDDED","QUOTED_ANONYMOUS_POST","BOARD_POINTER","HIGH","","OLD_Q_BODY_TO_NEW_QUOTED","board back-reference pointer",""
"1195","0",">>1108927","Q_AUTHORED_CURRENT_POST","QUOTED_OR_EMBEDDED","QUOTED_ANONYMOUS_POST","BOARD_POINTER","HIGH","","OLD_Q_BODY_TO_NEW_QUOTED","board back-reference pointer","Questions|Emphasis|Entities"
"1196","0",">>1109132","Q_AUTHORED_CURRENT_POST","QUOTED_OR_EMBEDDED","QUOTED_ANONYMOUS_POST","BOARD_POINTER","HIGH","","OLD_Q_BODY_TO_NEW_QUOTED","board back-reference pointer",""
"1197","0",">>1109176","Q_AUTHORED_CURRENT_POST","QUOTED_OR_EMBEDDED","QUOTED_ANONYMOUS_POST","BOARD_POINTER","HIGH","","OLD_Q_BODY_TO_NEW_QUOTED","board back-reference pointer","Directives|Claims|Themes"
"12","0","Military Intelligence ref above is the absolute biggest inside drop this board will ever receive.","QUOTED_OR_EMBEDDED (sustained prose block — pasted or quoted passage)","AMBIGUOUS_MULTIPLE_MATCHES","UNKNOWN","PROSE","LOW","","AMBIGUOUS_MULTIPLE_MATCHES","whole-post prose in early board format with no signature, pointer, quote mark or register anchor — ownership not structurally established","Questions"
"12","1","Now think about why Antifa plays right into the plan? Always ahead. Good guys are winning.","QUOTED_OR_EMBEDDED (sustained prose block — pasted or quoted passage)","AMBIGUOUS_MULTIPLE_MATCHES","UNKNOWN","PROSE","LOW","","AMBIGUOUS_MULTIPLE_MATCHES","whole-post prose in early board format with no signature, pointer, quote mark or register anchor — ownership not structurally established","Questions"
"1200","0",">>1116269","Q_AUTHORED_CURRENT_POST","QUOTED_OR_EMBEDDED","QUOTED_ANONYMOUS_POST","BOARD_POINTER","HIGH","","OLD_Q_BODY_TO_NEW_QUOTED","board back-reference pointer","Questions"
"1200","2",">>1116276","Q_AUTHORED_CURRENT_POST","QUOTED_OR_EMBEDDED","QUOTED_ANONYMOUS_POST","BOARD_POINTER","HIGH","","OLD_Q_BODY_TO_NEW_QUOTED","board back-reference pointer","Questions"
"1201","0",">>1116307","Q_AUTHORED_CURRENT_POST","QUOTED_OR_EMBEDDED","QUOTED_ANONYMOUS_POST","BOARD_POINTER","HIGH","","OLD_Q_BODY_TO_NEW_QUOTED","board back-reference pointer","Entities"
"1204","0",">>1121283","Q_AUTHORED_CURRENT_POST","QUOTED_OR_EMBEDDED","QUOTED_ANONYMOUS_POST","BOARD_POINTER","HIGH","","OLD_Q_BODY_TO_NEW_QUOTED","board back-reference pointer","Questions"
"1207","0",">>1122226","Q_AUTHORED_CURRENT_POST","QUOTED_OR_EMBEDDED","QUOTED_ANONYMOUS_POST","BOARD_POINTER","HIGH","","OLD_Q_BODY_TO_NEW_QUOTED","board back-reference pointer",""
"1208","0",">>1122741","Q_AUTHORED_CURRENT_POST","QUOTED_OR_EMBEDDED","QUOTED_ANONYMOUS_POST","BOARD_POINTER","HIGH","","OLD_Q_BODY_TO_NEW_QUOTED","board back-reference pointer","Directives|Entities"
"1209","0",">>1122995","Q_AUTHORED_CURRENT_POST","QUOTED_OR_EMBEDDED","QUOTED_PRIOR_Q_POST","BOARD_POINTER","HIGH","1208","OLD_Q_BODY_TO_NEW_QUOTED","board back-reference pointer","Directives"
"1210","0",">>1123074","Q_AUTHORED_CURRENT_POST","QUOTED_OR_EMBEDDED","QUOTED_PRIOR_Q_POST","BOARD_POINTER","HIGH","1209","OLD_Q_BODY_TO_NEW_QUOTED","board back-reference pointer","Questions"
"1211","0",">>1123269","Q_AUTHORED_CURRENT_POST","QUOTED_OR_EMBEDDED","QUOTED_PRIOR_Q_POST","BOARD_POINTER","HIGH","1210","OLD_Q_BODY_TO_NEW_QUOTED","board back-reference pointer","Entities"
"1212","0",">>1123388","Q_AUTHORED_CURRENT_POST","QUOTED_OR_EMBEDDED","QUOTED_PRIOR_Q_POST","BOARD_POINTER","HIGH","1211","OLD_Q_BODY_TO_NEW_QUOTED","board back-reference pointer","Questions|Entities"
"1213","0",">>1123519","Q_AUTHORED_CURRENT_POST","QUOTED_OR_EMBEDDED","QUOTED_ANONYMOUS_POST","BOARD_POINTER","HIGH","","OLD_Q_BODY_TO_NEW_QUOTED","board back-reference pointer","Directives"
"1214","0",">>1123617","Q_AUTHORED_CURRENT_POST","QUOTED_OR_EMBEDDED","QUOTED_ANONYMOUS_POST","BOARD_POINTER","HIGH","","OLD_Q_BODY_TO_NEW_QUOTED","board back-reference pointer","Questions|Claims|Entities"
"1215","0",">>1124212","Q_AUTHORED_CURRENT_POST","QUOTED_OR_EMBEDDED","QUOTED_ANONYMOUS_POST","BOARD_POINTER","HIGH","","OLD_Q_BODY_TO_NEW_QUOTED","board back-reference pointer","Claims"
"1216","0",">>1124637","Q_AUTHORED_CURRENT_POST","QUOTED_OR_EMBEDDED","QUOTED_ANONYMOUS_POST","BOARD_POINTER","HIGH","","OLD_Q_BODY_TO_NEW_QUOTED","board back-reference pointer","Claims"
"1218","0",">>1130125","Q_AUTHORED_CURRENT_POST","QUOTED_OR_EMBEDDED","QUOTED_ANONYMOUS_POST","BOARD_POINTER","HIGH","","OLD_Q_BODY_TO_NEW_QUOTED","board back-reference pointer","Directives|Codes|Themes"
"1219","0",">>1130171","Q_AUTHORED_CURRENT_POST","QUOTED_OR_EMBEDDED","QUOTED_PRIOR_Q_POST","BOARD_POINTER","HIGH","1218","OLD_Q_BODY_TO_NEW_QUOTED","board back-reference pointer","Directives|Entities|Themes"
"1222","0",">>1131247","Q_AUTHORED_CURRENT_POST","QUOTED_OR_EMBEDDED","QUOTED_ANONYMOUS_POST","BOARD_POINTER","HIGH","","OLD_Q_BODY_TO_NEW_QUOTED","board back-reference pointer","Directives|Claims|Entities"
"1223","0",">>1131254","Q_AUTHORED_CURRENT_POST","QUOTED_OR_EMBEDDED","QUOTED_PRIOR_Q_POST","BOARD_POINTER","HIGH","1222","OLD_Q_BODY_TO_NEW_QUOTED","board back-reference pointer","Directives|Claims|Entities"
"1224","0",">>1131287","Q_AUTHORED_CURRENT_POST","QUOTED_OR_EMBEDDED","QUOTED_ANONYMOUS_POST","BOARD_POINTER","HIGH","","OLD_Q_BODY_TO_NEW_QUOTED","board back-reference pointer","Directives|Questions|Emphasis|Entities"
"1226","0",">>1131741","Q_AUTHORED_CURRENT_POST","QUOTED_OR_EMBEDDED","QUOTED_PRIOR_Q_POST","BOARD_POINTER","HIGH","1225","OLD_Q_BODY_TO_NEW_QUOTED","board back-reference pointer","Questions|Claims|Emphasis|Entities"
"1227","0",">>1131935","Q_AUTHORED_CURRENT_POST","QUOTED_OR_EMBEDDED","QUOTED_ANONYMOUS_POST","BOARD_POINTER","HIGH","","OLD_Q_BODY_TO_NEW_QUOTED","board back-reference pointer","Claims|Themes"
"1228","0",">>1131959","Q_AUTHORED_CURRENT_POST","QUOTED_OR_EMBEDDED","QUOTED_ANONYMOUS_POST","BOARD_POINTER","HIGH","","OLD_Q_BODY_TO_NEW_QUOTED","board back-reference pointer","Directives"
"1229","0",">>1133099","Q_AUTHORED_CURRENT_POST","QUOTED_OR_EMBEDDED","QUOTED_ANONYMOUS_POST","BOARD_POINTER","HIGH","","OLD_Q_BODY_TO_NEW_QUOTED","board back-reference pointer","Directives|Questions|Claims|Entities"
"1230","0",">>1133204","Q_AUTHORED_CURRENT_POST","QUOTED_OR_EMBEDDED","QUOTED_ANONYMOUS_POST","BOARD_POINTER","HIGH","","OLD_Q_BODY_TO_NEW_QUOTED","board back-reference pointer","Claims"
"1232","0",">>1133332","Q_AUTHORED_CURRENT_POST","QUOTED_OR_EMBEDDED","QUOTED_PRIOR_Q_POST","BOARD_POINTER","HIGH","1231","OLD_Q_BODY_TO_NEW_QUOTED","board back-reference pointer","Directives|Questions|Themes"
"1233","0",">>1133796","Q_AUTHORED_CURRENT_POST","QUOTED_OR_EMBEDDED","QUOTED_ANONYMOUS_POST","BOARD_POINTER","HIGH","","OLD_Q_BODY_TO_NEW_QUOTED","board back-reference pointer","Questions|Entities|Themes"
"1234","0",">>1133925","Q_AUTHORED_CURRENT_POST","QUOTED_OR_EMBEDDED","QUOTED_ANONYMOUS_POST","BOARD_POINTER","HIGH","","OLD_Q_BODY_TO_NEW_QUOTED","board back-reference pointer","Entities"
"1236","0",">>1140510","Q_AUTHORED_CURRENT_POST","QUOTED_OR_EMBEDDED","QUOTED_ANONYMOUS_POST","BOARD_POINTER","HIGH","","OLD_Q_BODY_TO_NEW_QUOTED","board back-reference pointer",""
"1237","0","“The process of settlement is a ‘Civilization-Jihadist Process’ with all the word means. The Ikhwan [Muslim Brotherhood] must understand that their work in America is a kind of grand jihad in eliminating and destroying the Western civilization from within and ‘sabotaging’ its miserable house by their hands and the hands of the believers…”","Q_AUTHORED_CURRENT_POST","QUOTED_OR_EMBEDDED","QUOTED_THIRD_PARTY","PROSE","HIGH","","OLD_Q_BODY_TO_NEW_QUOTED","self-contained quotation: one line opening and closing on quotation marks, paragraph length","Claims|Codes|Entities|Themes"
"1243","0",">>1158014","Q_AUTHORED_CURRENT_POST","QUOTED_OR_EMBEDDED","QUOTED_PRIOR_Q_POST","BOARD_POINTER","HIGH","1242","OLD_Q_BODY_TO_NEW_QUOTED","board back-reference pointer","Questions|Claims|Entities"
"1244","0",">>1158228","Q_AUTHORED_CURRENT_POST","QUOTED_OR_EMBEDDED","QUOTED_ANONYMOUS_POST","BOARD_POINTER","HIGH","","OLD_Q_BODY_TO_NEW_QUOTED","board back-reference pointer","Claims|Entities"
"1245","0",">>1158519","Q_AUTHORED_CURRENT_POST","QUOTED_OR_EMBEDDED","QUOTED_PRIOR_Q_POST","BOARD_POINTER","HIGH","1244","OLD_Q_BODY_TO_NEW_QUOTED","board back-reference pointer","Directives|Questions|Claims|Entities|Themes"
"1246","0",">>1158720","Q_AUTHORED_CURRENT_POST","QUOTED_OR_EMBEDDED","QUOTED_ANONYMOUS_POST","BOARD_POINTER","HIGH","","OLD_Q_BODY_TO_NEW_QUOTED","board back-reference pointer",""
"1247","0",">>1158853","Q_AUTHORED_CURRENT_POST","QUOTED_OR_EMBEDDED","QUOTED_PRIOR_Q_POST","BOARD_POINTER","HIGH","1246","OLD_Q_BODY_TO_NEW_QUOTED","board back-reference pointer",""
"1248","0",">>1159032","Q_AUTHORED_CURRENT_POST","QUOTED_OR_EMBEDDED","QUOTED_PRIOR_Q_POST","BOARD_POINTER","HIGH","1247","OLD_Q_BODY_TO_NEW_QUOTED","board back-reference pointer","Directives|Questions|Claims|Entities"
"1249","0",">>1159198","Q_AUTHORED_CURRENT_POST","QUOTED_OR_EMBEDDED","QUOTED_PRIOR_Q_POST","BOARD_POINTER","HIGH","1248","OLD_Q_BODY_TO_NEW_QUOTED","board back-reference pointer","Directives|Questions|Claims|Emphasis|Entities"
"1250","0",">>1159482","Q_AUTHORED_CURRENT_POST","QUOTED_OR_EMBEDDED","QUOTED_PRIOR_Q_POST","BOARD_POINTER","HIGH","1249","OLD_Q_BODY_TO_NEW_QUOTED","board back-reference pointer","Directives|Questions|Claims|Emphasis|Entities|Themes"
"1255","0",">>1169112","Q_AUTHORED_CURRENT_POST","QUOTED_OR_EMBEDDED","QUOTED_ANONYMOUS_POST","BOARD_POINTER","HIGH","","OLD_Q_BODY_TO_NEW_QUOTED","board back-reference pointer","Claims|Codes|Entities|Themes"
"1256","0",">>1169138","Q_AUTHORED_CURRENT_POST","QUOTED_OR_EMBEDDED","QUOTED_PRIOR_Q_POST","BOARD_POINTER","HIGH","1255","OLD_Q_BODY_TO_NEW_QUOTED","board back-reference pointer","Questions|Entities"
"1257","0",">>1169241","Q_AUTHORED_CURRENT_POST","QUOTED_OR_EMBEDDED","QUOTED_PRIOR_Q_POST","BOARD_POINTER","HIGH","1256","OLD_Q_BODY_TO_NEW_QUOTED","board back-reference pointer",""
"1258","0",">>1169290","Q_AUTHORED_CURRENT_POST","QUOTED_OR_EMBEDDED","QUOTED_ANONYMOUS_POST","BOARD_POINTER","HIGH","","OLD_Q_BODY_TO_NEW_QUOTED","board back-reference pointer","Directives|Questions|Claims"
"1259","0",">>1169348","Q_AUTHORED_CURRENT_POST","QUOTED_OR_EMBEDDED","QUOTED_ANONYMOUS_POST","BOARD_POINTER","HIGH","","OLD_Q_BODY_TO_NEW_QUOTED","board back-reference pointer","Claims|Emphasis|Themes"
"1260","0",">>1173221","Q_AUTHORED_CURRENT_POST","QUOTED_OR_EMBEDDED","QUOTED_ANONYMOUS_POST","BOARD_POINTER","HIGH","","OLD_Q_BODY_TO_NEW_QUOTED","board back-reference pointer","Questions"
"1262","0",">>1180390","Q_AUTHORED_CURRENT_POST","QUOTED_OR_EMBEDDED","QUOTED_ANONYMOUS_POST","BOARD_POINTER","HIGH","","OLD_Q_BODY_TO_NEW_QUOTED","board back-reference pointer","Directives|Questions|Entities"
"1263","0",">>1180433","Q_AUTHORED_CURRENT_POST","QUOTED_OR_EMBEDDED","QUOTED_PRIOR_Q_POST","BOARD_POINTER","HIGH","1262","OLD_Q_BODY_TO_NEW_QUOTED","board back-reference pointer","Directives|Questions|Entities"
"1264","0",">>1180605","Q_AUTHORED_CURRENT_POST","QUOTED_OR_EMBEDDED","QUOTED_PRIOR_Q_POST","BOARD_POINTER","HIGH","1263","OLD_Q_BODY_TO_NEW_QUOTED","board back-reference pointer","Directives|Claims"
"1264","1",">>1180604","Q_AUTHORED_CURRENT_POST","QUOTED_OR_EMBEDDED","QUOTED_ANONYMOUS_POST","BOARD_POINTER","HIGH","","OLD_Q_BODY_TO_NEW_QUOTED","board back-reference pointer","Directives|Claims"
"1265","0",">>1180770","Q_AUTHORED_CURRENT_POST","QUOTED_OR_EMBEDDED","QUOTED_PRIOR_Q_POST","BOARD_POINTER","HIGH","1264","OLD_Q_BODY_TO_NEW_QUOTED","board back-reference pointer","Directives|Questions|Claims|Codes|Emphasis|Entities|Themes"
"1266","0",">>1181185","Q_AUTHORED_CURRENT_POST","QUOTED_OR_EMBEDDED","QUOTED_PRIOR_Q_POST","BOARD_POINTER","HIGH","1265","OLD_Q_BODY_TO_NEW_QUOTED","board back-reference pointer","Directives|Questions|Claims|Entities|Themes"
"1267","0",">>1181379","Q_AUTHORED_CURRENT_POST","QUOTED_OR_EMBEDDED","QUOTED_PRIOR_Q_POST","BOARD_POINTER","HIGH","1266","OLD_Q_BODY_TO_NEW_QUOTED","board back-reference pointer",""
"1270","0",">>1186910","Q_AUTHORED_CURRENT_POST","QUOTED_OR_EMBEDDED","QUOTED_ANONYMOUS_POST","BOARD_POINTER","HIGH","","OLD_Q_BODY_TO_NEW_QUOTED","board back-reference pointer","Claims"
"1271","0",">>1187000","Q_AUTHORED_CURRENT_POST","QUOTED_OR_EMBEDDED","QUOTED_PRIOR_Q_POST","BOARD_POINTER","HIGH","1270","OLD_Q_BODY_TO_NEW_QUOTED","board back-reference pointer","Directives"
"1273","0",">>1187631","Q_AUTHORED_CURRENT_POST","QUOTED_OR_EMBEDDED","QUOTED_PRIOR_Q_POST","BOARD_POINTER","HIGH","1272","OLD_Q_BODY_TO_NEW_QUOTED","board back-reference pointer","Directives|Questions|Claims|Entities|Themes"
"1274","0",">>1189008","Q_AUTHORED_CURRENT_POST","QUOTED_OR_EMBEDDED","QUOTED_ANONYMOUS_POST","BOARD_POINTER","HIGH","","OLD_Q_BODY_TO_NEW_QUOTED","board back-reference pointer","Questions"
"1276","0",">>1197573","Q_AUTHORED_CURRENT_POST","QUOTED_OR_EMBEDDED","QUOTED_ANONYMOUS_POST","BOARD_POINTER","HIGH","","OLD_Q_BODY_TO_NEW_QUOTED","board back-reference pointer","Directives|Questions|Entities|Themes"
"1277","0",">>1198778","Q_AUTHORED_CURRENT_POST","QUOTED_OR_EMBEDDED","QUOTED_ANONYMOUS_POST","BOARD_POINTER","HIGH","","OLD_Q_BODY_TO_NEW_QUOTED","board back-reference pointer","Codes|Emphasis|Entities"
"1279","0",">>1203096","Q_AUTHORED_CURRENT_POST","QUOTED_OR_EMBEDDED","QUOTED_ANONYMOUS_POST","BOARD_POINTER","HIGH","","OLD_Q_BODY_TO_NEW_QUOTED","board back-reference pointer","Directives|Questions|Claims|Codes|Emphasis|Entities|Themes"
"1281","0",">>1211294","Q_AUTHORED_CURRENT_POST","QUOTED_OR_EMBEDDED","QUOTED_PRIOR_Q_POST","BOARD_POINTER","HIGH","1280","OLD_Q_BODY_TO_NEW_QUOTED","board back-reference pointer","Directives|Questions|Entities"
"1282","0",">>1211493","Q_AUTHORED_CURRENT_POST","QUOTED_OR_EMBEDDED","QUOTED_ANONYMOUS_POST","BOARD_POINTER","HIGH","","OLD_Q_BODY_TO_NEW_QUOTED","board back-reference pointer","Directives|Questions|Claims|Entities"
"1283","0",">>1211560","Q_AUTHORED_CURRENT_POST","QUOTED_OR_EMBEDDED","QUOTED_PRIOR_Q_POST","BOARD_POINTER","HIGH","1282","OLD_Q_BODY_TO_NEW_QUOTED","board back-reference pointer","Directives|Questions|Entities|Themes"
"1284","0",">>1211682","Q_AUTHORED_CURRENT_POST","QUOTED_OR_EMBEDDED","QUOTED_PRIOR_Q_POST","BOARD_POINTER","HIGH","1283","OLD_Q_BODY_TO_NEW_QUOTED","board back-reference pointer","Directives|Claims|Entities"
"1288","5","Bill Priestap, Head of Counterintelligence and Strzok’s boss - Cooperating witness [power removed].","QUOTED_OR_EMBEDDED (sustained prose block — pasted or quoted passage)","Q_AUTHORED_CURRENT_POST","Q_BODY","PROSE","HIGH","","OLD_QUOTED_TO_NEW_Q_BODY","long sentence inside a drop whose dominant register is Q — prose shape alone is not a quotation","Directives|Questions|Claims|Codes|Emphasis|Entities|Themes"
"1288","6","Peter Strzok, Deputy Assistant Director of the Counterintelligence - cooperating witness [power removed].","QUOTED_OR_EMBEDDED (sustained prose block — pasted or quoted passage)","Q_AUTHORED_CURRENT_POST","Q_BODY","PROSE","HIGH","","OLD_QUOTED_TO_NEW_Q_BODY","long sentence inside a drop whose dominant register is Q — prose shape alone is not a quotation","Directives|Questions|Claims|Codes|Emphasis|Entities|Themes"
"1288","7","Lisa Page, attorney with the FBI's Office of the General Counsel - cooperating witness [power removed].","QUOTED_OR_EMBEDDED (sustained prose block — pasted or quoted passage)","Q_AUTHORED_CURRENT_POST","Q_BODY","PROSE","HIGH","","OLD_QUOTED_TO_NEW_Q_BODY","long sentence inside a drop whose dominant register is Q — prose shape alone is not a quotation","Directives|Questions|Claims|Codes|Emphasis|Entities|Themes"
"1290","0",">>1218316","Q_AUTHORED_CURRENT_POST","QUOTED_OR_EMBEDDED","QUOTED_ANONYMOUS_POST","BOARD_POINTER","HIGH","","OLD_Q_BODY_TO_NEW_QUOTED","board back-reference pointer","Questions|Claims|Entities|Themes"
"1291","0",">>1218465","Q_AUTHORED_CURRENT_POST","QUOTED_OR_EMBEDDED","QUOTED_ANONYMOUS_POST","BOARD_POINTER","HIGH","","OLD_Q_BODY_TO_NEW_QUOTED","board back-reference pointer","Directives|Questions|Claims|Entities|Themes"
"1292","0",">>1228489","Q_AUTHORED_CURRENT_POST","QUOTED_OR_EMBEDDED","QUOTED_ANONYMOUS_POST","BOARD_POINTER","HIGH","","OLD_Q_BODY_TO_NEW_QUOTED","board back-reference pointer","Questions|Claims|Emphasis"
"1293","0",">>1228588","Q_AUTHORED_CURRENT_POST","QUOTED_OR_EMBEDDED","QUOTED_PRIOR_Q_POST","BOARD_POINTER","HIGH","1292","OLD_Q_BODY_TO_NEW_QUOTED","board back-reference pointer",""
"1294","0",">>1228857","Q_AUTHORED_CURRENT_POST","QUOTED_OR_EMBEDDED","QUOTED_ANONYMOUS_POST","BOARD_POINTER","HIGH","","OLD_Q_BODY_TO_NEW_QUOTED","board back-reference pointer","Directives|Emphasis|Entities|Themes"
"1296","0",">>1233458","Q_AUTHORED_CURRENT_POST","QUOTED_OR_EMBEDDED","QUOTED_PRIOR_Q_POST","BOARD_POINTER","HIGH","1295","OLD_Q_BODY_TO_NEW_QUOTED","board back-reference pointer","Claims|Emphasis|Entities|Themes"
"1297","0",">>1233553","Q_AUTHORED_CURRENT_POST","QUOTED_OR_EMBEDDED","QUOTED_PRIOR_Q_POST","BOARD_POINTER","HIGH","1296","OLD_Q_BODY_TO_NEW_QUOTED","board back-reference pointer","Directives|Claims|Emphasis|Entities|Themes"
"1298","0",">>1241774","Q_AUTHORED_CURRENT_POST","QUOTED_OR_EMBEDDED","QUOTED_ANONYMOUS_POST","BOARD_POINTER","HIGH","","OLD_Q_BODY_TO_NEW_QUOTED","board back-reference pointer","Directives|Questions|Emphasis|Entities"
"1298","1",">>1241803","Q_AUTHORED_CURRENT_POST","QUOTED_OR_EMBEDDED","QUOTED_ANONYMOUS_POST","BOARD_POINTER","HIGH","","OLD_Q_BODY_TO_NEW_QUOTED","board back-reference pointer","Directives|Questions|Emphasis|Entities"
"1298","4",">>1241803","Q_AUTHORED_CURRENT_POST","QUOTED_OR_EMBEDDED","QUOTED_ANONYMOUS_POST","BOARD_POINTER","HIGH","","OLD_Q_BODY_TO_NEW_QUOTED","board back-reference pointer","Directives|Questions|Emphasis|Entities"
"1299","0",">>1242682","Q_AUTHORED_CURRENT_POST","QUOTED_OR_EMBEDDED","QUOTED_ANONYMOUS_POST","BOARD_POINTER","HIGH","","OLD_Q_BODY_TO_NEW_QUOTED","board back-reference pointer",""
"1301","0",">>1243510","Q_AUTHORED_CURRENT_POST","QUOTED_OR_EMBEDDED","QUOTED_PRIOR_Q_POST","BOARD_POINTER","HIGH","1300","OLD_Q_BODY_TO_NEW_QUOTED","board back-reference pointer","Directives|Entities"
"1302","0",">>1243593","Q_AUTHORED_CURRENT_POST","QUOTED_OR_EMBEDDED","QUOTED_ANONYMOUS_POST","BOARD_POINTER","HIGH","","OLD_Q_BODY_TO_NEW_QUOTED","board back-reference pointer",""
"1303","0",">>1243759","Q_AUTHORED_CURRENT_POST","QUOTED_OR_EMBEDDED","QUOTED_ANONYMOUS_POST","BOARD_POINTER","HIGH","","OLD_Q_BODY_TO_NEW_QUOTED","board back-reference pointer",""
"1316","9","David Laufman, Chief of the Justice Department’s Counterintelligence and Export Control Section [NAT SEC - HRC email invest] - FIRED/FORCE","QUOTED_OR_EMBEDDED (sustained prose block — pasted or quoted passage)","Q_AUTHORED_CURRENT_POST","Q_BODY","PROSE","HIGH","","OLD_QUOTED_TO_NEW_Q_BODY","long sentence inside a drop whose dominant register is Q — prose shape alone is not a quotation","Directives|Questions|Claims|Codes|Emphasis|Entities|Themes"
"1316","10","John Carlin, Assistant Attorney General – Head of DOJ’s National Security Division - FIRED/FORCE","QUOTED_OR_EMBEDDED (sustained prose block — pasted or quoted passage)","Q_AUTHORED_CURRENT_POST","Q_BODY","PROSE","HIGH","","OLD_QUOTED_TO_NEW_Q_BODY","long sentence inside a drop whose dominant register is Q — prose shape alone is not a quotation","Directives|Questions|Claims|Codes|Emphasis|Entities|Themes"
"1318","52","""Horowitz oversees a nationwide workforce of more than 450 special agents, auditors, inspectors, attorneys, and support staff whose mission is to detect and deter waste, fraud, abuse, and misconduct in DOJ programs and personnel, and to promote economy and efficiency in Department operations.""","Q_AUTHORED_CURRENT_POST","QUOTED_OR_EMBEDDED","QUOTED_THIRD_PARTY","PROSE","HIGH","","OLD_Q_BODY_TO_NEW_QUOTED","self-contained quotation: one line opening and closing on quotation marks, paragraph length","Directives|Questions|Claims|Codes|Emphasis|Entities|Themes"
"132","0",">>148872136","Q_AUTHORED_CURRENT_POST","QUOTED_OR_EMBEDDED","QUOTED_ANONYMOUS_POST","BOARD_POINTER","HIGH","","OLD_Q_BODY_TO_NEW_QUOTED","board back-reference pointer","Directives"
"1324","0",">>1342085","Q_AUTHORED_CURRENT_POST","QUOTED_OR_EMBEDDED","QUOTED_ANONYMOUS_POST","BOARD_POINTER","HIGH","","OLD_Q_BODY_TO_NEW_QUOTED","board back-reference pointer",""
"1328","1","1. a person who loves, supports, and defends his or her country and its interests with devotion.","QUOTED_OR_EMBEDDED (numbered definition)","Q_AUTHORED_CURRENT_POST","Q_BODY","PROSE","HIGH","","OLD_QUOTED_TO_NEW_Q_BODY","long sentence inside a drop whose dominant register is Q — prose shape alone is not a quotation","Directives|Claims|Codes|Emphasis|Entities|Themes"
"1328","2","2. a person who regards himself or herself as a defender, especially of individual rights, against presumed interference by the federal government.","QUOTED_OR_EMBEDDED (numbered definition (continuation))","Q_AUTHORED_CURRENT_POST","Q_BODY","PROSE","HIGH","","OLD_QUOTED_TO_NEW_Q_BODY","long sentence inside a drop whose dominant register is Q — prose shape alone is not a quotation","Directives|Claims|Codes|Emphasis|Entities|Themes"
"1328","3","Traitor.","QUOTED_OR_EMBEDDED (numbered definition (continuation))","Q_AUTHORED_CURRENT_POST","Q_BODY","PROSE","HIGH","","OLD_QUOTED_TO_NEW_Q_BODY","canonical post body, no embedded-source evidence","Directives|Claims|Codes|Emphasis|Entities|Themes"
"1328","4","1. a person who betrays another, a cause, or any trust [FOCUS].","QUOTED_OR_EMBEDDED (numbered definition (continuation))","Q_AUTHORED_CURRENT_POST","Q_BODY","PROSE","HIGH","","OLD_QUOTED_TO_NEW_Q_BODY","long sentence inside a drop whose dominant register is Q — prose shape alone is not a quotation","Directives|Claims|Codes|Emphasis|Entities|Themes"
"1328","5","2. a person who commits treason by betraying his or her country.","QUOTED_OR_EMBEDDED (numbered definition (continuation))","Q_AUTHORED_CURRENT_POST","Q_BODY","PROSE","HIGH","","OLD_QUOTED_TO_NEW_Q_BODY","long sentence inside a drop whose dominant register is Q — prose shape alone is not a quotation","Directives|Claims|Codes|Emphasis|Entities|Themes"
"1328","6","They want you DIVIDED.","QUOTED_OR_EMBEDDED (numbered definition (continuation))","Q_AUTHORED_CURRENT_POST","Q_BODY","PROSE","HIGH","","OLD_QUOTED_TO_NEW_Q_BODY","canonical post body, no embedded-source evidence","Directives|Claims|Codes|Emphasis|Entities|Themes"
"1328","7","DIVIDED you are WEAK.","QUOTED_OR_EMBEDDED (numbered definition (continuation))","Q_AUTHORED_CURRENT_POST","Q_BODY","PROSE","HIGH","","OLD_QUOTED_TO_NEW_Q_BODY","canonical post body, no embedded-source evidence","Directives|Claims|Codes|Emphasis|Entities|Themes"
"1328","8","TOGETHER you are STRONG.","QUOTED_OR_EMBEDDED (numbered definition (continuation))","Q_AUTHORED_CURRENT_POST","Q_BODY","PROSE","HIGH","","OLD_QUOTED_TO_NEW_Q_BODY","canonical post body, no embedded-source evidence","Directives|Claims|Codes|Emphasis|Entities|Themes"
"1328","9","There was no attempt to DIVIDE.","QUOTED_OR_EMBEDDED (numbered definition (continuation))","Q_AUTHORED_CURRENT_POST","Q_BODY","PROSE","HIGH","","OLD_QUOTED_TO_NEW_Q_BODY","canonical post body, no embedded-source evidence","Directives|Claims|Codes|Emphasis|Entities|Themes"
"1328","10","There was however a strategic move to REVEAL.","QUOTED_OR_EMBEDDED (numbered definition (continuation))","Q_AUTHORED_CURRENT_POST","Q_BODY","PROSE","HIGH","","OLD_QUOTED_TO_NEW_Q_BODY","canonical post body, no embedded-source evidence","Directives|Claims|Codes|Emphasis|Entities|Themes"
"1335","0",">>1366601","Q_AUTHORED_CURRENT_POST","QUOTED_OR_EMBEDDED","QUOTED_ANONYMOUS_POST","BOARD_POINTER","HIGH","","OLD_Q_BODY_TO_NEW_QUOTED","board back-reference pointer","Directives|Questions|Emphasis"
"1338","0",">>1368028","Q_AUTHORED_CURRENT_POST","QUOTED_OR_EMBEDDED","QUOTED_ANONYMOUS_POST","BOARD_POINTER","HIGH","","OLD_Q_BODY_TO_NEW_QUOTED","board back-reference pointer",""
"1341","0",">>1383888","Q_AUTHORED_CURRENT_POST","QUOTED_OR_EMBEDDED","QUOTED_ANONYMOUS_POST","BOARD_POINTER","HIGH","","OLD_Q_BODY_TO_NEW_QUOTED","board back-reference pointer","Directives|Entities"
"1346","0",">>1391298","Q_AUTHORED_CURRENT_POST","QUOTED_OR_EMBEDDED","QUOTED_PRIOR_Q_POST","BOARD_POINTER","HIGH","1345","OLD_Q_BODY_TO_NEW_QUOTED","board back-reference pointer","Directives|Questions|Claims|Entities|Themes"
"1347","0",">>1391341","Q_AUTHORED_CURRENT_POST","QUOTED_OR_EMBEDDED","QUOTED_ANONYMOUS_POST","BOARD_POINTER","HIGH","","OLD_Q_BODY_TO_NEW_QUOTED","board back-reference pointer","Directives|Claims|Themes"
"1348","0",">>1391351","Q_AUTHORED_CURRENT_POST","QUOTED_OR_EMBEDDED","QUOTED_ANONYMOUS_POST","BOARD_POINTER","HIGH","","OLD_Q_BODY_TO_NEW_QUOTED","board back-reference pointer","Questions|Entities|Themes"
"1349","0",">>1391481","Q_AUTHORED_CURRENT_POST","QUOTED_OR_EMBEDDED","QUOTED_ANONYMOUS_POST","BOARD_POINTER","HIGH","","OLD_Q_BODY_TO_NEW_QUOTED","board back-reference pointer","Directives|Entities|Themes"
"1351","2","“An indictment is a formal accusation against one or more defendants, charging them with one or more crimes. In the federal criminal system, the indictment is the principal method by which a prosecutor initiates criminal proceedings.”","Q_AUTHORED_CURRENT_POST","QUOTED_OR_EMBEDDED","QUOTED_THIRD_PARTY","PROSE","HIGH","","OLD_Q_BODY_TO_NEW_QUOTED","self-contained quotation: one line opening and closing on quotation marks, paragraph length","Directives|Questions|Claims|Codes|Emphasis|Entities|Themes"
"1353","0",">>1393269","Q_AUTHORED_CURRENT_POST","QUOTED_OR_EMBEDDED","QUOTED_ANONYMOUS_POST","BOARD_POINTER","HIGH","","OLD_Q_BODY_TO_NEW_QUOTED","board back-reference pointer","Themes"
"1354","0",">>1393295","Q_AUTHORED_CURRENT_POST","QUOTED_OR_EMBEDDED","QUOTED_PRIOR_Q_POST","BOARD_POINTER","HIGH","1352","OLD_Q_BODY_TO_NEW_QUOTED","board back-reference pointer",""
"1355","0",">>1393313","Q_AUTHORED_CURRENT_POST","QUOTED_OR_EMBEDDED","QUOTED_ANONYMOUS_POST","BOARD_POINTER","HIGH","","OLD_Q_BODY_TO_NEW_QUOTED","board back-reference pointer","Directives|Questions|Codes|Entities"
"1356","0",">>1393351","Q_AUTHORED_CURRENT_POST","QUOTED_OR_EMBEDDED","QUOTED_ANONYMOUS_POST","BOARD_POINTER","HIGH","","OLD_Q_BODY_TO_NEW_QUOTED","board back-reference pointer",""
"1357","0",">>1393485","Q_AUTHORED_CURRENT_POST","QUOTED_OR_EMBEDDED","QUOTED_ANONYMOUS_POST","BOARD_POINTER","HIGH","","OLD_Q_BODY_TO_NEW_QUOTED","board back-reference pointer","Directives|Questions"
"1359","0","“A group representing German trade interests said the US decision to withdraw from the deal will hit German companies and urged the EU to protect their interests. Trade between Germany and Iran reached 3.4 billion euros ($4 billion) last year, according to BGA, another foreign trade association.”","Q_AUTHORED_CURRENT_POST","QUOTED_OR_EMBEDDED","QUOTED_THIRD_PARTY","PROSE","HIGH","","OLD_Q_BODY_TO_NEW_QUOTED","self-contained quotation: one line opening and closing on quotation marks, paragraph length","Directives|Questions|Claims|Codes|Emphasis|Entities|Themes"
"1365","0",">>1413017","Q_AUTHORED_CURRENT_POST","QUOTED_OR_EMBEDDED","QUOTED_PRIOR_Q_POST","BOARD_POINTER","HIGH","1364","OLD_Q_BODY_TO_NEW_QUOTED","board back-reference pointer",""
"1366","0",">>1413137","Q_AUTHORED_CURRENT_POST","QUOTED_OR_EMBEDDED","QUOTED_ANONYMOUS_POST","BOARD_POINTER","HIGH","","OLD_Q_BODY_TO_NEW_QUOTED","board back-reference pointer",""
"1369","2","https://soundcloud.com/breitbart/breitbart-news-daily-erik-prince-november-4-2016","QUOTED_OR_EMBEDDED (founding document (continuation))","Q_AUTHORED_CURRENT_POST","Q_BODY","URL_LINE","HIGH","","OLD_QUOTED_TO_NEW_Q_BODY","bare URL line, cut from the adjacent sentence","Entities"
"1369","3","]SESSIONS[","QUOTED_OR_EMBEDDED (founding document (continuation))","Q_AUTHORED_CURRENT_POST","Q_BODY","PROSE","HIGH","","OLD_QUOTED_TO_NEW_Q_BODY","canonical post body, no embedded-source evidence","Entities"
"1369","4","We Fight!","QUOTED_OR_EMBEDDED (founding document (continuation))","Q_AUTHORED_CURRENT_POST","Q_BODY","PROSE","HIGH","","OLD_QUOTED_TO_NEW_Q_BODY","canonical post body, no embedded-source evidence","Entities"
"1371","0",">>1416216","Q_AUTHORED_CURRENT_POST","QUOTED_OR_EMBEDDED","QUOTED_ANONYMOUS_POST","BOARD_POINTER","HIGH","","OLD_Q_BODY_TO_NEW_QUOTED","board back-reference pointer","Directives|Questions|Claims|Codes|Entities"
"1373","0",">>1419500","Q_AUTHORED_CURRENT_POST","QUOTED_OR_EMBEDDED","QUOTED_ANONYMOUS_POST","BOARD_POINTER","HIGH","","OLD_Q_BODY_TO_NEW_QUOTED","board back-reference pointer","Claims|Emphasis"
"1374","0",">>1419514","Q_AUTHORED_CURRENT_POST","QUOTED_OR_EMBEDDED","QUOTED_ANONYMOUS_POST","BOARD_POINTER","HIGH","","OLD_Q_BODY_TO_NEW_QUOTED","board back-reference pointer","Questions|Claims"
"1377","0",">>1419965","Q_AUTHORED_CURRENT_POST","QUOTED_OR_EMBEDDED","QUOTED_ANONYMOUS_POST","BOARD_POINTER","HIGH","","OLD_Q_BODY_TO_NEW_QUOTED","board back-reference pointer","Directives|Questions|Entities"
"1379","0",">>1428282","Q_AUTHORED_CURRENT_POST","QUOTED_OR_EMBEDDED","QUOTED_ANONYMOUS_POST","BOARD_POINTER","HIGH","","OLD_Q_BODY_TO_NEW_QUOTED","board back-reference pointer","Claims|Codes|Emphasis|Entities"
"1379","1",">>1428260","Q_AUTHORED_CURRENT_POST","QUOTED_OR_EMBEDDED","QUOTED_ANONYMOUS_POST","BOARD_POINTER","HIGH","","OLD_Q_BODY_TO_NEW_QUOTED","board back-reference pointer","Claims|Codes|Emphasis|Entities"
"1382","0",">>1432926","Q_AUTHORED_CURRENT_POST","QUOTED_OR_EMBEDDED","QUOTED_ANONYMOUS_POST","BOARD_POINTER","HIGH","","OLD_Q_BODY_TO_NEW_QUOTED","board back-reference pointer","Entities"
"1383","0",">>1432955","Q_AUTHORED_CURRENT_POST","QUOTED_OR_EMBEDDED","QUOTED_ANONYMOUS_POST","BOARD_POINTER","HIGH","","OLD_Q_BODY_TO_NEW_QUOTED","board back-reference pointer",""
"1384","0",">>1432956","Q_AUTHORED_CURRENT_POST","QUOTED_OR_EMBEDDED","QUOTED_ANONYMOUS_POST","BOARD_POINTER","HIGH","","OLD_Q_BODY_TO_NEW_QUOTED","board back-reference pointer","Themes"
"1386","0",">>1434062","Q_AUTHORED_CURRENT_POST","QUOTED_OR_EMBEDDED","QUOTED_ANONYMOUS_POST","BOARD_POINTER","HIGH","","OLD_Q_BODY_TO_NEW_QUOTED","board back-reference pointer","Questions|Claims"
"1387","0",">>1434153","Q_AUTHORED_CURRENT_POST","QUOTED_OR_EMBEDDED","QUOTED_PRIOR_Q_POST","BOARD_POINTER","HIGH","1386","OLD_Q_BODY_TO_NEW_QUOTED","board back-reference pointer","Questions"
"1390","0",">>1438387","Q_AUTHORED_CURRENT_POST","QUOTED_OR_EMBEDDED","QUOTED_ANONYMOUS_POST","BOARD_POINTER","HIGH","","OLD_Q_BODY_TO_NEW_QUOTED","board back-reference pointer",""
"1392","0",">>1439204","Q_AUTHORED_CURRENT_POST","QUOTED_OR_EMBEDDED","QUOTED_ANONYMOUS_POST","BOARD_POINTER","HIGH","","OLD_Q_BODY_TO_NEW_QUOTED","board back-reference pointer",""
"1393","0",">>1439389","Q_AUTHORED_CURRENT_POST","QUOTED_OR_EMBEDDED","QUOTED_ANONYMOUS_POST","BOARD_POINTER","HIGH","","OLD_Q_BODY_TO_NEW_QUOTED","board back-reference pointer","Themes"
"1394","0",">>1439507","Q_AUTHORED_CURRENT_POST","QUOTED_OR_EMBEDDED","QUOTED_ANONYMOUS_POST","BOARD_POINTER","HIGH","","OLD_Q_BODY_TO_NEW_QUOTED","board back-reference pointer","Directives"
"1395","0",">>1439665","Q_AUTHORED_CURRENT_POST","QUOTED_OR_EMBEDDED","QUOTED_ANONYMOUS_POST","BOARD_POINTER","HIGH","","OLD_Q_BODY_TO_NEW_QUOTED","board back-reference pointer","Questions|Claims"
"1399","0",">>1444632","Q_AUTHORED_CURRENT_POST","QUOTED_OR_EMBEDDED","QUOTED_ANONYMOUS_POST","BOARD_POINTER","HIGH","","OLD_Q_BODY_TO_NEW_QUOTED","board back-reference pointer","Questions"
"1400","0",">>1444682","Q_AUTHORED_CURRENT_POST","QUOTED_OR_EMBEDDED","QUOTED_PRIOR_Q_POST","BOARD_POINTER","HIGH","1399","OLD_Q_BODY_TO_NEW_QUOTED","board back-reference pointer","Directives|Questions"
"1401","0",">>1444808","Q_AUTHORED_CURRENT_POST","QUOTED_OR_EMBEDDED","QUOTED_PRIOR_Q_POST","BOARD_POINTER","HIGH","1400","OLD_Q_BODY_TO_NEW_QUOTED","board back-reference pointer","Directives|Entities|Themes"
"1402","0",">>1444934","Q_AUTHORED_CURRENT_POST","QUOTED_OR_EMBEDDED","QUOTED_PRIOR_Q_POST","BOARD_POINTER","HIGH","1401","OLD_Q_BODY_TO_NEW_QUOTED","board back-reference pointer","Directives|Questions|Claims|Emphasis|Entities|Themes"
"1403","0",">>1445248","Q_AUTHORED_CURRENT_POST","QUOTED_OR_EMBEDDED","QUOTED_ANONYMOUS_POST","BOARD_POINTER","HIGH","","OLD_Q_BODY_TO_NEW_QUOTED","board back-reference pointer",""
"1406","0",">>1448140","Q_AUTHORED_CURRENT_POST","QUOTED_OR_EMBEDDED","QUOTED_PRIOR_Q_POST","BOARD_POINTER","HIGH","1405","OLD_Q_BODY_TO_NEW_QUOTED","board back-reference pointer",""
"1407","0",">>1448152","Q_AUTHORED_CURRENT_POST","QUOTED_OR_EMBEDDED","QUOTED_PRIOR_Q_POST","BOARD_POINTER","HIGH","1406","OLD_Q_BODY_TO_NEW_QUOTED","board back-reference pointer","Directives|Questions"
"1408","0",">>1448466","Q_AUTHORED_CURRENT_POST","QUOTED_OR_EMBEDDED","QUOTED_ANONYMOUS_POST","BOARD_POINTER","HIGH","","OLD_Q_BODY_TO_NEW_QUOTED","board back-reference pointer","Claims|Themes"
"1409","0",">>1448537","Q_AUTHORED_CURRENT_POST","QUOTED_OR_EMBEDDED","QUOTED_PRIOR_Q_POST","BOARD_POINTER","HIGH","1408","OLD_Q_BODY_TO_NEW_QUOTED","board back-reference pointer",""
"1410","0",">>1448660","Q_AUTHORED_CURRENT_POST","QUOTED_OR_EMBEDDED","QUOTED_PRIOR_Q_POST","BOARD_POINTER","HIGH","1409","OLD_Q_BODY_TO_NEW_QUOTED","board back-reference pointer",""
"1415","0",">>1472035","Q_AUTHORED_CURRENT_POST","QUOTED_OR_EMBEDDED","QUOTED_ANONYMOUS_POST","BOARD_POINTER","HIGH","","OLD_Q_BODY_TO_NEW_QUOTED","board back-reference pointer","Directives|Claims|Themes"
"1418","0",">>1472472","Q_AUTHORED_CURRENT_POST","QUOTED_OR_EMBEDDED","QUOTED_ANONYMOUS_POST","BOARD_POINTER","HIGH","","OLD_Q_BODY_TO_NEW_QUOTED","board back-reference pointer","Questions"
"1419","0",">>1472580","Q_AUTHORED_CURRENT_POST","QUOTED_OR_EMBEDDED","QUOTED_ANONYMOUS_POST","BOARD_POINTER","HIGH","","OLD_Q_BODY_TO_NEW_QUOTED","board back-reference pointer",""
"1420","0",">>1472647","Q_AUTHORED_CURRENT_POST","QUOTED_OR_EMBEDDED","QUOTED_PRIOR_Q_POST","BOARD_POINTER","HIGH","1419","OLD_Q_BODY_TO_NEW_QUOTED","board back-reference pointer","Claims|Codes|Emphasis|Entities"
"1425","0",">>1482048","Q_AUTHORED_CURRENT_POST","QUOTED_OR_EMBEDDED","QUOTED_ANONYMOUS_POST","BOARD_POINTER","HIGH","","OLD_Q_BODY_TO_NEW_QUOTED","board back-reference pointer","Directives|Claims|Codes|Emphasis|Themes"
"1428","0",">>1483003","Q_AUTHORED_CURRENT_POST","QUOTED_OR_EMBEDDED","QUOTED_ANONYMOUS_POST","BOARD_POINTER","HIGH","","OLD_Q_BODY_TO_NEW_QUOTED","board back-reference pointer","Emphasis"
"143","0",">>149123755","Q_AUTHORED_CURRENT_POST","QUOTED_OR_EMBEDDED","QUOTED_ANONYMOUS_POST","BOARD_POINTER","HIGH","","OLD_Q_BODY_TO_NEW_QUOTED","board back-reference pointer","Directives|Claims|Emphasis"
"1432","0","""Finally, be strong in the Lord and in his mighty power. Put on the full armor of God so that you can take your stand against the devil’s schemes. For our struggle is not against flesh and blood, but against the rulers, against the authorities, against the powers of this dark world and against the spiritual forces of evil in the heavenly realms. Therefore put on the full armor of God, so that when the day of evil comes, you may be able to stand your ground, and after you have done everything, to stand. Stand firm then, with the belt of truth buckled around your waist, with the breastplate of righteousness in place, and with your feet fitted with the readiness that comes from the gospel of peace. In addition to all this, take up the shield of faith, with which you can extinguish all the flaming arrows of the evil one. Take the helmet of salvation and the sword of the Spirit, which is the word of God. And pray in the Spirit on all occasions with all kinds of prayers and requests. With this in mind, be alert and always keep on praying for all the saints.""","Q_AUTHORED_CURRENT_POST","QUOTED_OR_EMBEDDED","QUOTED_SCRIPTURE","PROSE","HIGH","","OLD_Q_BODY_TO_NEW_QUOTED","reproduced scripture","Directives|Claims|Entities|Themes"
"1432","1","– Ephesians 6:10-18","Q_AUTHORED_CURRENT_POST","QUOTED_OR_EMBEDDED","QUOTED_SCRIPTURE","PROSE","HIGH","","OLD_Q_BODY_TO_NEW_QUOTED","reproduced scripture (continuation)","Directives|Claims|Entities|Themes"
"1432","4","– 1 Cor 13:4-13","QUOTED_OR_EMBEDDED (scripture (continuation))","Q_AUTHORED_CURRENT_POST","Q_BODY","PROSE","HIGH","","OLD_QUOTED_TO_NEW_Q_BODY","canonical post body, no embedded-source evidence","Directives|Claims|Entities|Themes"
"1433","15","""The succession question is actually a bit complicated. By default, under an obscure statute known as the the Vacancies Reform Act of 1998, Brand’s temporary successor as the “acting” associate attorney general is her principal deputy, Jesse Panuccio. That same statute would also allow the president to choose someone else to serve as the “acting” AAG on a temporary basis for up to 210 days; the pool of individuals from which the president could draw in this case includes individuals already holding Senate-confirmed positions elsewhere in the executive branch (like EPA administrator Scott Pruitt) or senior civil service lawyers in the Justice Department, specifically.""","Q_AUTHORED_CURRENT_POST","QUOTED_OR_EMBEDDED","QUOTED_THIRD_PARTY","PROSE","HIGH","","OLD_Q_BODY_TO_NEW_QUOTED","self-contained quotation: one line opening and closing on quotation marks, paragraph length","Directives|Questions|Claims|Codes|Emphasis|Entities|Themes"
"1435","0",">>1506500","Q_AUTHORED_CURRENT_POST","QUOTED_OR_EMBEDDED","QUOTED_ANONYMOUS_POST","BOARD_POINTER","HIGH","","OLD_Q_BODY_TO_NEW_QUOTED","board back-reference pointer","Directives|Claims|Entities|Themes"
"1436","0",">>1506817","Q_AUTHORED_CURRENT_POST","QUOTED_OR_EMBEDDED","QUOTED_ANONYMOUS_POST","BOARD_POINTER","HIGH","","OLD_Q_BODY_TO_NEW_QUOTED","board back-reference pointer",""
"1438","0",">>1508060","Q_AUTHORED_CURRENT_POST","QUOTED_OR_EMBEDDED","QUOTED_ANONYMOUS_POST","BOARD_POINTER","HIGH","","OLD_Q_BODY_TO_NEW_QUOTED","board back-reference pointer","Questions|Codes|Emphasis"
"1442","0",">>1693990","Q_AUTHORED_CURRENT_POST","QUOTED_OR_EMBEDDED","QUOTED_ANONYMOUS_POST","BOARD_POINTER","HIGH","","OLD_Q_BODY_TO_NEW_QUOTED","board back-reference pointer","Entities"
"1447","0",">>1694833","Q_AUTHORED_CURRENT_POST","QUOTED_OR_EMBEDDED","QUOTED_ANONYMOUS_POST","BOARD_POINTER","HIGH","","OLD_Q_BODY_TO_NEW_QUOTED","board back-reference pointer",""
"1450","0",">>1699199","Q_AUTHORED_CURRENT_POST","QUOTED_OR_EMBEDDED","QUOTED_ANONYMOUS_POST","BOARD_POINTER","HIGH","","OLD_Q_BODY_TO_NEW_QUOTED","board back-reference pointer","Directives|Questions|Claims|Emphasis|Entities"
"1452","0",">>1699750","Q_AUTHORED_CURRENT_POST","QUOTED_OR_EMBEDDED","QUOTED_ANONYMOUS_POST","BOARD_POINTER","HIGH","","OLD_Q_BODY_TO_NEW_QUOTED","board back-reference pointer","Claims|Entities"
"1453","0",">>1699813","Q_AUTHORED_CURRENT_POST","QUOTED_OR_EMBEDDED","QUOTED_ANONYMOUS_POST","BOARD_POINTER","HIGH","","OLD_Q_BODY_TO_NEW_QUOTED","board back-reference pointer","Directives|Questions|Claims|Codes|Emphasis|Entities|Themes"
"1454","1","Leaders of EU only care about protecting flow of MONEY - NOT the safety and security of their people/world.","QUOTED_OR_EMBEDDED (sustained prose block — pasted or quoted passage)","Q_AUTHORED_CURRENT_POST","Q_BODY","PROSE","HIGH","","OLD_QUOTED_TO_NEW_Q_BODY","long sentence inside a drop whose dominant register is Q — prose shape alone is not a quotation","Questions|Claims|Emphasis|Entities|Themes"
"1454","2","IRAN deal orchestrated for the sole purpose of lifting sanctions (blockade) to allow access of foreign businesses for individual & co-wide enrichment. SCAM!!!","QUOTED_OR_EMBEDDED (sustained prose block — pasted or quoted passage)","Q_AUTHORED_CURRENT_POST","Q_BODY","PROSE","HIGH","","OLD_QUOTED_TO_NEW_Q_BODY","long sentence inside a drop whose dominant register is Q — prose shape alone is not a quotation","Questions|Claims|Emphasis|Entities|Themes"
"1456","0",">>1700690","Q_AUTHORED_CURRENT_POST","QUOTED_OR_EMBEDDED","QUOTED_ANONYMOUS_POST","BOARD_POINTER","HIGH","","OLD_Q_BODY_TO_NEW_QUOTED","board back-reference pointer","Directives|Questions|Claims|Codes|Emphasis|Entities"
"1458","0",">>1701838","Q_AUTHORED_CURRENT_POST","QUOTED_OR_EMBEDDED","QUOTED_PRIOR_Q_POST","BOARD_POINTER","HIGH","1457","OLD_Q_BODY_TO_NEW_QUOTED","board back-reference pointer","Claims|Entities|Themes"
"1458","1","""Asked about the letter, however, a DOJ official said Rosenstein is currently “representing the United States in a brief unrelated visit to a foreign nation, one of America’s key intelligence partners,” indicating he would plan on responding during the previously scheduled briefing on Thursday.""","Q_AUTHORED_CURRENT_POST","QUOTED_OR_EMBEDDED","QUOTED_THIRD_PARTY","PROSE","HIGH","","OLD_Q_BODY_TO_NEW_QUOTED","self-contained quotation: one line opening and closing on quotation marks, paragraph length","Claims|Entities|Themes"
"1459","0",">>1701934","Q_AUTHORED_CURRENT_POST","QUOTED_OR_EMBEDDED","QUOTED_PRIOR_Q_POST","BOARD_POINTER","HIGH","1458","OLD_Q_BODY_TO_NEW_QUOTED","board back-reference pointer",""
"1460","0",">>1702926","Q_AUTHORED_CURRENT_POST","QUOTED_OR_EMBEDDED","QUOTED_ANONYMOUS_POST","BOARD_POINTER","HIGH","","OLD_Q_BODY_TO_NEW_QUOTED","board back-reference pointer","Directives|Questions|Claims"
"1461","0",">>1703606","Q_AUTHORED_CURRENT_POST","QUOTED_OR_EMBEDDED","QUOTED_ANONYMOUS_POST","BOARD_POINTER","HIGH","","OLD_Q_BODY_TO_NEW_QUOTED","board back-reference pointer","Questions|Claims|Entities"
"1462","0",">>1703935","Q_AUTHORED_CURRENT_POST","QUOTED_OR_EMBEDDED","QUOTED_ANONYMOUS_POST","BOARD_POINTER","HIGH","","OLD_Q_BODY_TO_NEW_QUOTED","board back-reference pointer","Questions|Claims|Emphasis|Entities"
"1463","0",">>1704039","Q_AUTHORED_CURRENT_POST","QUOTED_OR_EMBEDDED","QUOTED_ANONYMOUS_POST","BOARD_POINTER","HIGH","","OLD_Q_BODY_TO_NEW_QUOTED","board back-reference pointer","Entities"
"1466","0",">>1714630","Q_AUTHORED_CURRENT_POST","QUOTED_OR_EMBEDDED","QUOTED_ANONYMOUS_POST","BOARD_POINTER","HIGH","","OLD_Q_BODY_TO_NEW_QUOTED","board back-reference pointer",""
"1467","0",">>1714675","Q_AUTHORED_CURRENT_POST","QUOTED_OR_EMBEDDED","QUOTED_PRIOR_Q_POST","BOARD_POINTER","HIGH","1466","OLD_Q_BODY_TO_NEW_QUOTED","board back-reference pointer","Entities"
"1468","0",">>1714785","Q_AUTHORED_CURRENT_POST","QUOTED_OR_EMBEDDED","QUOTED_ANONYMOUS_POST","BOARD_POINTER","HIGH","","OLD_Q_BODY_TO_NEW_QUOTED","board back-reference pointer",""
"1469","0",">>1714826","Q_AUTHORED_CURRENT_POST","QUOTED_OR_EMBEDDED","QUOTED_ANONYMOUS_POST","BOARD_POINTER","HIGH","","OLD_Q_BODY_TO_NEW_QUOTED","board back-reference pointer",""
"147","0",">>149152383","Q_AUTHORED_CURRENT_POST","QUOTED_OR_EMBEDDED","QUOTED_PRIOR_Q_POST","BOARD_POINTER","HIGH","146","OLD_Q_BODY_TO_NEW_QUOTED","board back-reference pointer","Questions|Claims|Entities|Themes"
"1470","0",">>1714982","Q_AUTHORED_CURRENT_POST","QUOTED_OR_EMBEDDED","QUOTED_ANONYMOUS_POST","BOARD_POINTER","HIGH","","OLD_Q_BODY_TO_NEW_QUOTED","board back-reference pointer","Questions|Claims|Codes|Emphasis|Entities|Themes"
"1471","0",">>1715083","Q_AUTHORED_CURRENT_POST","QUOTED_OR_EMBEDDED","QUOTED_ANONYMOUS_POST","BOARD_POINTER","HIGH","","OLD_Q_BODY_TO_NEW_QUOTED","board back-reference pointer","Directives|Questions|Claims|Entities"
"1477","0",">>1718351","Q_AUTHORED_CURRENT_POST","QUOTED_OR_EMBEDDED","QUOTED_ANONYMOUS_POST","BOARD_POINTER","HIGH","","OLD_Q_BODY_TO_NEW_QUOTED","board back-reference pointer",""
"1478","0",">>1718708","Q_AUTHORED_CURRENT_POST","QUOTED_OR_EMBEDDED","QUOTED_ANONYMOUS_POST","BOARD_POINTER","HIGH","","OLD_Q_BODY_TO_NEW_QUOTED","board back-reference pointer","Claims|Emphasis|Entities"
"1479","0",">>1718830","Q_AUTHORED_CURRENT_POST","QUOTED_OR_EMBEDDED","QUOTED_PRIOR_Q_POST","BOARD_POINTER","HIGH","1478","OLD_Q_BODY_TO_NEW_QUOTED","board back-reference pointer","Directives|Questions"
"1482","0",">>1722473","Q_AUTHORED_CURRENT_POST","QUOTED_OR_EMBEDDED","QUOTED_PRIOR_Q_POST","BOARD_POINTER","HIGH","1481","OLD_Q_BODY_TO_NEW_QUOTED","board back-reference pointer","Entities"
"1483","0",">>1723305","Q_AUTHORED_CURRENT_POST","QUOTED_OR_EMBEDDED","QUOTED_ANONYMOUS_POST","BOARD_POINTER","HIGH","","OLD_Q_BODY_TO_NEW_QUOTED","board back-reference pointer","Questions|Emphasis|Entities|Themes"
"1484","0",">>1723395","Q_AUTHORED_CURRENT_POST","QUOTED_OR_EMBEDDED","QUOTED_ANONYMOUS_POST","BOARD_POINTER","HIGH","","OLD_Q_BODY_TO_NEW_QUOTED","board back-reference pointer","Questions|Entities|Themes"
"1486","0",">>1723756","Q_AUTHORED_CURRENT_POST","QUOTED_OR_EMBEDDED","QUOTED_ANONYMOUS_POST","BOARD_POINTER","HIGH","","OLD_Q_BODY_TO_NEW_QUOTED","board back-reference pointer","Questions"
"1487","0",">>1723855","Q_AUTHORED_CURRENT_POST","QUOTED_OR_EMBEDDED","QUOTED_ANONYMOUS_POST","BOARD_POINTER","HIGH","","OLD_Q_BODY_TO_NEW_QUOTED","board back-reference pointer","Directives|Claims|Themes"
"1488","0",">>1723986","Q_AUTHORED_CURRENT_POST","QUOTED_OR_EMBEDDED","QUOTED_ANONYMOUS_POST","BOARD_POINTER","HIGH","","OLD_Q_BODY_TO_NEW_QUOTED","board back-reference pointer",""
"1491","0",">>1730584","Q_AUTHORED_CURRENT_POST","QUOTED_OR_EMBEDDED","QUOTED_PRIOR_Q_POST","BOARD_POINTER","HIGH","1490","OLD_Q_BODY_TO_NEW_QUOTED","board back-reference pointer","Questions|Entities|Themes"
"1492","0",">>1731991","Q_AUTHORED_CURRENT_POST","QUOTED_OR_EMBEDDED","QUOTED_ANONYMOUS_POST","BOARD_POINTER","HIGH","","OLD_Q_BODY_TO_NEW_QUOTED","board back-reference pointer","Directives|Questions|Claims|Entities|Themes"
"1493","0",">>1732221","Q_AUTHORED_CURRENT_POST","QUOTED_OR_EMBEDDED","QUOTED_PRIOR_Q_POST","BOARD_POINTER","HIGH","1492","OLD_Q_BODY_TO_NEW_QUOTED","board back-reference pointer","Claims|Entities|Themes"
"1494","0",">>1732221","Q_AUTHORED_CURRENT_POST","QUOTED_OR_EMBEDDED","QUOTED_PRIOR_Q_POST","BOARD_POINTER","HIGH","1492","OLD_Q_BODY_TO_NEW_QUOTED","board back-reference pointer","Directives|Questions|Claims|Emphasis|Entities|Themes"
"1497","0",">>1739449","Q_AUTHORED_CURRENT_POST","QUOTED_OR_EMBEDDED","QUOTED_PRIOR_Q_POST","BOARD_POINTER","HIGH","1496","OLD_Q_BODY_TO_NEW_QUOTED","board back-reference pointer","Entities"
"1501","0",">>1762746","Q_AUTHORED_CURRENT_POST","QUOTED_OR_EMBEDDED","QUOTED_PRIOR_Q_POST","BOARD_POINTER","HIGH","1500","OLD_Q_BODY_TO_NEW_QUOTED","board back-reference pointer",""
"1502","0",">>1762748","Q_AUTHORED_CURRENT_POST","QUOTED_OR_EMBEDDED","QUOTED_PRIOR_Q_POST","BOARD_POINTER","HIGH","1501","OLD_Q_BODY_TO_NEW_QUOTED","board back-reference pointer",""
"1503","0",">>1762874","Q_AUTHORED_CURRENT_POST","QUOTED_OR_EMBEDDED","QUOTED_ANONYMOUS_POST","BOARD_POINTER","HIGH","","OLD_Q_BODY_TO_NEW_QUOTED","board back-reference pointer","Directives"
"1504","0",">>1762921","Q_AUTHORED_CURRENT_POST","QUOTED_OR_EMBEDDED","QUOTED_ANONYMOUS_POST","BOARD_POINTER","HIGH","","OLD_Q_BODY_TO_NEW_QUOTED","board back-reference pointer","Directives|Questions|Claims|Entities|Themes"
"1505","0",">>1763093","Q_AUTHORED_CURRENT_POST","QUOTED_OR_EMBEDDED","QUOTED_ANONYMOUS_POST","BOARD_POINTER","HIGH","","OLD_Q_BODY_TO_NEW_QUOTED","board back-reference pointer","Directives|Claims"
"1506","0",">>1763343","Q_AUTHORED_CURRENT_POST","QUOTED_OR_EMBEDDED","QUOTED_ANONYMOUS_POST","BOARD_POINTER","HIGH","","OLD_Q_BODY_TO_NEW_QUOTED","board back-reference pointer","Directives|Questions|Entities"
"1507","0",">>1763411","Q_AUTHORED_CURRENT_POST","QUOTED_OR_EMBEDDED","QUOTED_ANONYMOUS_POST","BOARD_POINTER","HIGH","","OLD_Q_BODY_TO_NEW_QUOTED","board back-reference pointer","Questions|Entities"
"1508","0",">>1764437","Q_AUTHORED_CURRENT_POST","QUOTED_OR_EMBEDDED","QUOTED_ANONYMOUS_POST","BOARD_POINTER","HIGH","","OLD_Q_BODY_TO_NEW_QUOTED","board back-reference pointer",""
"1509","0",">>1764453","Q_AUTHORED_CURRENT_POST","QUOTED_OR_EMBEDDED","QUOTED_ANONYMOUS_POST","BOARD_POINTER","HIGH","","OLD_Q_BODY_TO_NEW_QUOTED","board back-reference pointer","Directives|Questions|Entities|Themes"
"1510","0",">>1764595","Q_AUTHORED_CURRENT_POST","QUOTED_OR_EMBEDDED","QUOTED_PRIOR_Q_POST","BOARD_POINTER","HIGH","1509","OLD_Q_BODY_TO_NEW_QUOTED","board back-reference pointer","Directives|Questions|Claims|Emphasis|Entities|Themes"
"1511","0",">>1764782","Q_AUTHORED_CURRENT_POST","QUOTED_OR_EMBEDDED","QUOTED_ANONYMOUS_POST","BOARD_POINTER","HIGH","","OLD_Q_BODY_TO_NEW_QUOTED","board back-reference pointer","Directives"
"1512","0",">>1764829","Q_AUTHORED_CURRENT_POST","QUOTED_OR_EMBEDDED","QUOTED_PRIOR_Q_POST","BOARD_POINTER","HIGH","1510","OLD_Q_BODY_TO_NEW_QUOTED","board back-reference pointer","Directives|Claims|Entities|Themes"
"1514","0",">>1768697","Q_AUTHORED_CURRENT_POST","QUOTED_OR_EMBEDDED","QUOTED_ANONYMOUS_POST","BOARD_POINTER","HIGH","","OLD_Q_BODY_TO_NEW_QUOTED","board back-reference pointer",""
"1516","0",">>1769202","Q_AUTHORED_CURRENT_POST","QUOTED_OR_EMBEDDED","QUOTED_PRIOR_Q_POST","BOARD_POINTER","HIGH","1515","OLD_Q_BODY_TO_NEW_QUOTED","board back-reference pointer","Questions|Claims|Emphasis|Entities"
"1517","0",">>1769691","Q_AUTHORED_CURRENT_POST","QUOTED_OR_EMBEDDED","QUOTED_ANONYMOUS_POST","BOARD_POINTER","HIGH","","OLD_Q_BODY_TO_NEW_QUOTED","board back-reference pointer","Directives|Questions|Claims|Entities|Themes"
"1518","0",">>1769812","Q_AUTHORED_CURRENT_POST","QUOTED_OR_EMBEDDED","QUOTED_ANONYMOUS_POST","BOARD_POINTER","HIGH","","OLD_Q_BODY_TO_NEW_QUOTED","board back-reference pointer","Claims|Themes"
"1519","0",">>1769896","Q_AUTHORED_CURRENT_POST","QUOTED_OR_EMBEDDED","QUOTED_ANONYMOUS_POST","BOARD_POINTER","HIGH","","OLD_Q_BODY_TO_NEW_QUOTED","board back-reference pointer","Claims|Themes"
"152","0",">>149402286","Q_AUTHORED_CURRENT_POST","QUOTED_OR_EMBEDDED","QUOTED_ANONYMOUS_POST","BOARD_POINTER","HIGH","","OLD_Q_BODY_TO_NEW_QUOTED","board back-reference pointer","Questions"
"1521","0",">>1784355","Q_AUTHORED_CURRENT_POST","QUOTED_OR_EMBEDDED","QUOTED_ANONYMOUS_POST","BOARD_POINTER","HIGH","","OLD_Q_BODY_TO_NEW_QUOTED","board back-reference pointer",""
"1522","0",">>1784394","Q_AUTHORED_CURRENT_POST","QUOTED_OR_EMBEDDED","QUOTED_ANONYMOUS_POST","BOARD_POINTER","HIGH","","OLD_Q_BODY_TO_NEW_QUOTED","board back-reference pointer","Questions|Claims|Entities|Themes"
"1523","0",">>1762746","Q_AUTHORED_CURRENT_POST","QUOTED_OR_EMBEDDED","QUOTED_PRIOR_Q_POST","BOARD_POINTER","HIGH","1500","OLD_Q_BODY_TO_NEW_QUOTED","board back-reference pointer",""
"1524","0",">>1784493","Q_AUTHORED_CURRENT_POST","QUOTED_OR_EMBEDDED","QUOTED_ANONYMOUS_POST","BOARD_POINTER","HIGH","","OLD_Q_BODY_TO_NEW_QUOTED","board back-reference pointer","Directives"
"1526","0",">>1784660","Q_AUTHORED_CURRENT_POST","QUOTED_OR_EMBEDDED","QUOTED_ANONYMOUS_POST","BOARD_POINTER","HIGH","","OLD_Q_BODY_TO_NEW_QUOTED","board back-reference pointer","Entities|Themes"
"1527","0",">>1784823","Q_AUTHORED_CURRENT_POST","QUOTED_OR_EMBEDDED","QUOTED_ANONYMOUS_POST","BOARD_POINTER","HIGH","","OLD_Q_BODY_TO_NEW_QUOTED","board back-reference pointer",""
"153","8","Perhaps he could not stomach the thought of children being kidnapped, drugged, and raped while leaders/law enforcement of the world turn a blind eye.","QUOTED_OR_EMBEDDED (sustained prose block — pasted or quoted passage)","Q_AUTHORED_CURRENT_POST","Q_BODY","PROSE","HIGH","","OLD_QUOTED_TO_NEW_Q_BODY","long sentence inside a drop whose dominant register is Q — prose shape alone is not a quotation","Directives|Questions|Claims|Entities|Themes"
"153","9","Perhaps he was tired of seeing how certain races/countries were being constantly abused and kept in need/poor/and suffering all for a specific purpose.","QUOTED_OR_EMBEDDED (sustained prose block — pasted or quoted passage)","Q_AUTHORED_CURRENT_POST","Q_BODY","PROSE","HIGH","","OLD_QUOTED_TO_NEW_Q_BODY","long sentence inside a drop whose dominant register is Q — prose shape alone is not a quotation","Directives|Questions|Claims|Entities|Themes"
"1530","0",">>1785535","Q_AUTHORED_CURRENT_POST","QUOTED_OR_EMBEDDED","QUOTED_ANONYMOUS_POST","BOARD_POINTER","HIGH","","OLD_Q_BODY_TO_NEW_QUOTED","board back-reference pointer",""
"1531","0",">>1785584","Q_AUTHORED_CURRENT_POST","QUOTED_OR_EMBEDDED","QUOTED_ANONYMOUS_POST","BOARD_POINTER","HIGH","","OLD_Q_BODY_TO_NEW_QUOTED","board back-reference pointer","Questions"
"1533","0",">>1790063","Q_AUTHORED_CURRENT_POST","QUOTED_OR_EMBEDDED","QUOTED_ANONYMOUS_POST","BOARD_POINTER","HIGH","","OLD_Q_BODY_TO_NEW_QUOTED","board back-reference pointer","Questions|Claims|Entities"
"1534","0",">>1790105","Q_AUTHORED_CURRENT_POST","QUOTED_OR_EMBEDDED","QUOTED_PRIOR_Q_POST","BOARD_POINTER","HIGH","1533","OLD_Q_BODY_TO_NEW_QUOTED","board back-reference pointer","Directives|Questions|Claims|Codes|Entities|Themes"
"1535","0",">>1790261","Q_AUTHORED_CURRENT_POST","QUOTED_OR_EMBEDDED","QUOTED_ANONYMOUS_POST","BOARD_POINTER","HIGH","","OLD_Q_BODY_TO_NEW_QUOTED","board back-reference pointer","Directives|Emphasis|Entities|Themes"
"1536","0",">>1790916","Q_AUTHORED_CURRENT_POST","QUOTED_OR_EMBEDDED","QUOTED_ANONYMOUS_POST","BOARD_POINTER","HIGH","","OLD_Q_BODY_TO_NEW_QUOTED","board back-reference pointer",""
"1537","0",">>1791066","Q_AUTHORED_CURRENT_POST","QUOTED_OR_EMBEDDED","QUOTED_ANONYMOUS_POST","BOARD_POINTER","HIGH","","OLD_Q_BODY_TO_NEW_QUOTED","board back-reference pointer","Claims"
"1541","0",">>1794556","Q_AUTHORED_CURRENT_POST","QUOTED_OR_EMBEDDED","QUOTED_PRIOR_Q_POST","BOARD_POINTER","HIGH","1540","OLD_Q_BODY_TO_NEW_QUOTED","board back-reference pointer",""
"1545","0",">>1795201","Q_AUTHORED_CURRENT_POST","QUOTED_OR_EMBEDDED","QUOTED_ANONYMOUS_POST","BOARD_POINTER","HIGH","","OLD_Q_BODY_TO_NEW_QUOTED","board back-reference pointer","Themes"
"1547","0",">>1798338","Q_AUTHORED_CURRENT_POST","QUOTED_OR_EMBEDDED","QUOTED_ANONYMOUS_POST","BOARD_POINTER","HIGH","","OLD_Q_BODY_TO_NEW_QUOTED","board back-reference pointer","Questions|Codes|Emphasis|Themes"
"1550","0",">>1803191","Q_AUTHORED_CURRENT_POST","QUOTED_OR_EMBEDDED","QUOTED_ANONYMOUS_POST","BOARD_POINTER","HIGH","","OLD_Q_BODY_TO_NEW_QUOTED","board back-reference pointer","Entities"
"1552","0",">>1804036","Q_AUTHORED_CURRENT_POST","QUOTED_OR_EMBEDDED","QUOTED_ANONYMOUS_POST","BOARD_POINTER","HIGH","","OLD_Q_BODY_TO_NEW_QUOTED","board back-reference pointer","Questions|Claims|Codes|Emphasis|Entities|Themes"
"1553","0","“Attorney General Jeff Sessions has also said U.S. Attorney John Huber is investigating claims of FBI and DOJ misconduct related to these actions, noting that Huber would be “conducting his work from outside the Washington D.C. area and “in cooperation” with Horowitz.”","Q_AUTHORED_CURRENT_POST","QUOTED_OR_EMBEDDED","QUOTED_THIRD_PARTY","PROSE","HIGH","","OLD_Q_BODY_TO_NEW_QUOTED","self-contained quotation: one line opening and closing on quotation marks, paragraph length","Questions|Claims|Codes|Emphasis|Entities|Themes"
"1554","0",">>1805065","Q_AUTHORED_CURRENT_POST","QUOTED_OR_EMBEDDED","QUOTED_ANONYMOUS_POST","BOARD_POINTER","HIGH","","OLD_Q_BODY_TO_NEW_QUOTED","board back-reference pointer",""
"1557","0",">>1807979","Q_AUTHORED_CURRENT_POST","QUOTED_OR_EMBEDDED","QUOTED_ANONYMOUS_POST","BOARD_POINTER","HIGH","","OLD_Q_BODY_TO_NEW_QUOTED","board back-reference pointer","Directives|Questions|Claims"
"1561","0",">>1814299","Q_AUTHORED_CURRENT_POST","QUOTED_OR_EMBEDDED","QUOTED_ANONYMOUS_POST","BOARD_POINTER","HIGH","","OLD_Q_BODY_TO_NEW_QUOTED","board back-reference pointer","Questions"
"1562","0",">>1814421","Q_AUTHORED_CURRENT_POST","QUOTED_OR_EMBEDDED","QUOTED_PRIOR_Q_POST","BOARD_POINTER","HIGH","1561","OLD_Q_BODY_TO_NEW_QUOTED","board back-reference pointer","Questions"
"1565","0",">>1821067","Q_AUTHORED_CURRENT_POST","QUOTED_OR_EMBEDDED","QUOTED_ANONYMOUS_POST","BOARD_POINTER","HIGH","","OLD_Q_BODY_TO_NEW_QUOTED","board back-reference pointer",""
"1567","0",">>1822727","Q_AUTHORED_CURRENT_POST","QUOTED_OR_EMBEDDED","QUOTED_ANONYMOUS_POST","BOARD_POINTER","HIGH","","OLD_Q_BODY_TO_NEW_QUOTED","board back-reference pointer","Entities"
"1568","0",">>1822797","Q_AUTHORED_CURRENT_POST","QUOTED_OR_EMBEDDED","QUOTED_PRIOR_Q_POST","BOARD_POINTER","HIGH","1567","OLD_Q_BODY_TO_NEW_QUOTED","board back-reference pointer","Questions|Codes|Entities"
"1569","0",">>1823342","Q_AUTHORED_CURRENT_POST","QUOTED_OR_EMBEDDED","QUOTED_ANONYMOUS_POST","BOARD_POINTER","HIGH","","OLD_Q_BODY_TO_NEW_QUOTED","board back-reference pointer","Directives|Entities|Themes"
"1571","0",">>1828481","Q_AUTHORED_CURRENT_POST","QUOTED_OR_EMBEDDED","QUOTED_PRIOR_Q_POST","BOARD_POINTER","HIGH","1570","OLD_Q_BODY_TO_NEW_QUOTED","board back-reference pointer",""
"1572","0",">>1828594","Q_AUTHORED_CURRENT_POST","QUOTED_OR_EMBEDDED","QUOTED_ANONYMOUS_POST","BOARD_POINTER","HIGH","","OLD_Q_BODY_TO_NEW_QUOTED","board back-reference pointer",""
"1577","0",">>1836621","Q_AUTHORED_CURRENT_POST","QUOTED_OR_EMBEDDED","QUOTED_ANONYMOUS_POST","BOARD_POINTER","HIGH","","OLD_Q_BODY_TO_NEW_QUOTED","board back-reference pointer","Themes"
"1578","0",">>1837019","Q_AUTHORED_CURRENT_POST","QUOTED_OR_EMBEDDED","QUOTED_PRIOR_Q_POST","BOARD_POINTER","HIGH","1577","OLD_Q_BODY_TO_NEW_QUOTED","board back-reference pointer","Directives"
"1580","0",">>1838246","Q_AUTHORED_CURRENT_POST","QUOTED_OR_EMBEDDED","QUOTED_PRIOR_Q_POST","BOARD_POINTER","HIGH","1579","OLD_Q_BODY_TO_NEW_QUOTED","board back-reference pointer","Questions"
"1583","0",">>1842592","Q_AUTHORED_CURRENT_POST","QUOTED_OR_EMBEDDED","QUOTED_ANONYMOUS_POST","BOARD_POINTER","HIGH","","OLD_Q_BODY_TO_NEW_QUOTED","board back-reference pointer","Directives|Questions|Entities|Themes"
"1584","0",">>1842655","Q_AUTHORED_CURRENT_POST","QUOTED_OR_EMBEDDED","QUOTED_PRIOR_Q_POST","BOARD_POINTER","HIGH","1583","OLD_Q_BODY_TO_NEW_QUOTED","board back-reference pointer","Directives|Questions"
"1585","0",">>1842740","Q_AUTHORED_CURRENT_POST","QUOTED_OR_EMBEDDED","QUOTED_PRIOR_Q_POST","BOARD_POINTER","HIGH","1584","OLD_Q_BODY_TO_NEW_QUOTED","board back-reference pointer","Directives|Claims|Emphasis|Themes"
"1586","0",">>1843055","Q_AUTHORED_CURRENT_POST","QUOTED_OR_EMBEDDED","QUOTED_PRIOR_Q_POST","BOARD_POINTER","HIGH","1585","OLD_Q_BODY_TO_NEW_QUOTED","board back-reference pointer","Emphasis"
"1588","0",">>1915774","Q_AUTHORED_CURRENT_POST","QUOTED_OR_EMBEDDED","QUOTED_ANONYMOUS_POST","BOARD_POINTER","HIGH","","OLD_Q_BODY_TO_NEW_QUOTED","board back-reference pointer","Directives|Questions|Claims|Entities"
"1589","0",">>1915880","Q_AUTHORED_CURRENT_POST","QUOTED_OR_EMBEDDED","QUOTED_PRIOR_Q_POST","BOARD_POINTER","HIGH","1588","OLD_Q_BODY_TO_NEW_QUOTED","board back-reference pointer","Directives|Questions|Claims|Codes|Emphasis|Entities|Themes"
"159","0",">>150169787","Q_AUTHORED_CURRENT_POST","QUOTED_OR_EMBEDDED","QUOTED_ANONYMOUS_POST","BOARD_POINTER","HIGH","","OLD_Q_BODY_TO_NEW_QUOTED","board back-reference pointer",""
"1590","0",">>1916176","Q_AUTHORED_CURRENT_POST","QUOTED_OR_EMBEDDED","QUOTED_ANONYMOUS_POST","BOARD_POINTER","HIGH","","OLD_Q_BODY_TO_NEW_QUOTED","board back-reference pointer",""
"1591","0",">>1916245","Q_AUTHORED_CURRENT_POST","QUOTED_OR_EMBEDDED","QUOTED_ANONYMOUS_POST","BOARD_POINTER","HIGH","","OLD_Q_BODY_TO_NEW_QUOTED","board back-reference pointer","Directives|Questions|Claims|Emphasis|Entities"
"1593","0",">>1917343","Q_AUTHORED_CURRENT_POST","QUOTED_OR_EMBEDDED","QUOTED_PRIOR_Q_POST","BOARD_POINTER","HIGH","1592","OLD_Q_BODY_TO_NEW_QUOTED","board back-reference pointer",""
"1597","0",">>1918879","Q_AUTHORED_CURRENT_POST","QUOTED_OR_EMBEDDED","QUOTED_PRIOR_Q_POST","BOARD_POINTER","HIGH","1596","OLD_Q_BODY_TO_NEW_QUOTED","board back-reference pointer",""
"1598","0",">>1918887","Q_AUTHORED_CURRENT_POST","QUOTED_OR_EMBEDDED","QUOTED_PRIOR_Q_POST","BOARD_POINTER","HIGH","1597","OLD_Q_BODY_TO_NEW_QUOTED","board back-reference pointer",""
"1599","0",">>1918913","Q_AUTHORED_CURRENT_POST","QUOTED_OR_EMBEDDED","QUOTED_ANONYMOUS_POST","BOARD_POINTER","HIGH","","OLD_Q_BODY_TO_NEW_QUOTED","board back-reference pointer","Directives|Questions"
"160","0",">>150169796","Q_AUTHORED_CURRENT_POST","QUOTED_OR_EMBEDDED","QUOTED_ANONYMOUS_POST","BOARD_POINTER","HIGH","","OLD_Q_BODY_TO_NEW_QUOTED","board back-reference pointer","Emphasis"
"1602","0",">>1925226","Q_AUTHORED_CURRENT_POST","QUOTED_OR_EMBEDDED","QUOTED_ANONYMOUS_POST","BOARD_POINTER","HIGH","","OLD_Q_BODY_TO_NEW_QUOTED","board back-reference pointer","Directives|Questions|Claims|Emphasis|Entities|Themes"
"1603","0",">>1925332","Q_AUTHORED_CURRENT_POST","QUOTED_OR_EMBEDDED","QUOTED_PRIOR_Q_POST","BOARD_POINTER","HIGH","1602","OLD_Q_BODY_TO_NEW_QUOTED","board back-reference pointer","Directives|Questions|Claims|Codes|Emphasis|Entities|Themes"
"1603","8","The age of taxing our citizens across the World while entry to our markets is FREE is OVER.","QUOTED_OR_EMBEDDED (sustained prose block — pasted or quoted passage)","Q_AUTHORED_CURRENT_POST","Q_BODY","PROSE","HIGH","","OLD_QUOTED_TO_NEW_Q_BODY","long sentence inside a drop whose dominant register is Q — prose shape alone is not a quotation","Directives|Questions|Claims|Codes|Emphasis|Entities|Themes"
"1603","9","The WORLD will UNITE in this cause (G v E/R v W).","QUOTED_OR_EMBEDDED (sustained prose block — pasted or quoted passage)","Q_AUTHORED_CURRENT_POST","Q_BODY","PROSE","HIGH","","OLD_QUOTED_TO_NEW_Q_BODY","long sentence inside a drop whose dominant register is Q — prose shape alone is not a quotation","Directives|Questions|Claims|Codes|Emphasis|Entities|Themes"
"1605","1","PS ""While emotional over the election, I conduct myself w/ upmost integrity w/o bias while undertaking any such investigation, especially a high-profile case against the POTUS.""","QUOTED_OR_EMBEDDED (sustained prose block — pasted or quoted passage)","Q_AUTHORED_CURRENT_POST","Q_BODY","PROSE","HIGH","","OLD_QUOTED_TO_NEW_Q_BODY","long sentence inside a drop whose dominant register is Q — prose shape alone is not a quotation","Questions|Claims|Emphasis|Entities|Themes"
"1605","2","PS ""In hindsight, it was a bad idea to openly discuss my feelings, but, in no way did those feelings impact my ability to conduct a fair and proper investigation - we followed where the ""facts"" took us.""","QUOTED_OR_EMBEDDED (sustained prose block — pasted or quoted passage)","Q_AUTHORED_CURRENT_POST","Q_BODY","PROSE","HIGH","","OLD_QUOTED_TO_NEW_Q_BODY","long sentence inside a drop whose dominant register is Q — prose shape alone is not a quotation","Questions|Claims|Emphasis|Entities|Themes"
"1607","0",">>1926855","Q_AUTHORED_CURRENT_POST","QUOTED_OR_EMBEDDED","QUOTED_ANONYMOUS_POST","BOARD_POINTER","HIGH","","OLD_Q_BODY_TO_NEW_QUOTED","board back-reference pointer","Directives|Entities"
"1609","8","POTUS tax reform (more take home money) - not good enough - IMPEACH.","QUOTED_OR_EMBEDDED (sustained prose block — pasted or quoted passage)","Q_AUTHORED_CURRENT_POST","Q_BODY","PROSE","HIGH","","OLD_QUOTED_TO_NEW_Q_BODY","long sentence inside a drop whose dominant register is Q — prose shape alone is not a quotation","Directives|Questions|Claims|Emphasis|Entities|Themes"
"1609","9","POTUS save the world from NK - not good enough - IMPEACH.","QUOTED_OR_EMBEDDED (sustained prose block — pasted or quoted passage)","Q_AUTHORED_CURRENT_POST","Q_BODY","PROSE","HIGH","","OLD_QUOTED_TO_NEW_Q_BODY","long sentence inside a drop whose dominant register is Q — prose shape alone is not a quotation","Directives|Questions|Claims|Emphasis|Entities|Themes"
"161","0",">>150170782","Q_AUTHORED_CURRENT_POST","QUOTED_OR_EMBEDDED","QUOTED_ANONYMOUS_POST","BOARD_POINTER","HIGH","","OLD_Q_BODY_TO_NEW_QUOTED","board back-reference pointer","Claims"
"1610","0",">>1929392","Q_AUTHORED_CURRENT_POST","QUOTED_OR_EMBEDDED","QUOTED_PRIOR_Q_POST","BOARD_POINTER","HIGH","1609","OLD_Q_BODY_TO_NEW_QUOTED","board back-reference pointer","Directives"
"1612","0",">>1931405","Q_AUTHORED_CURRENT_POST","QUOTED_OR_EMBEDDED","QUOTED_ANONYMOUS_POST","BOARD_POINTER","HIGH","","OLD_Q_BODY_TO_NEW_QUOTED","board back-reference pointer","Claims"
"1613","0",">>1931388","Q_AUTHORED_CURRENT_POST","QUOTED_OR_EMBEDDED","QUOTED_PRIOR_Q_POST","BOARD_POINTER","HIGH","1611","OLD_Q_BODY_TO_NEW_QUOTED","board back-reference pointer","Directives|Questions|Emphasis|Entities"
"1618","0",">>1940568","Q_AUTHORED_CURRENT_POST","QUOTED_OR_EMBEDDED","QUOTED_ANONYMOUS_POST","BOARD_POINTER","HIGH","","OLD_Q_BODY_TO_NEW_QUOTED","board back-reference pointer","Directives|Entities|Themes"
"1620","0",">>1940664","Q_AUTHORED_CURRENT_POST","QUOTED_OR_EMBEDDED","QUOTED_ANONYMOUS_POST","BOARD_POINTER","HIGH","","OLD_Q_BODY_TO_NEW_QUOTED","board back-reference pointer","Directives|Questions"
"1624","0",">>1942629","Q_AUTHORED_CURRENT_POST","QUOTED_OR_EMBEDDED","QUOTED_ANONYMOUS_POST","BOARD_POINTER","HIGH","","OLD_Q_BODY_TO_NEW_QUOTED","board back-reference pointer","Claims|Emphasis"
"1626","0",">>1945408","Q_AUTHORED_CURRENT_POST","QUOTED_OR_EMBEDDED","QUOTED_ANONYMOUS_POST","BOARD_POINTER","HIGH","","OLD_Q_BODY_TO_NEW_QUOTED","board back-reference pointer","Claims|Entities|Themes"
"1627","0",">>1945594","Q_AUTHORED_CURRENT_POST","QUOTED_OR_EMBEDDED","QUOTED_ANONYMOUS_POST","BOARD_POINTER","HIGH","","OLD_Q_BODY_TO_NEW_QUOTED","board back-reference pointer","Claims|Entities"
"1628","0",">>1945685","Q_AUTHORED_CURRENT_POST","QUOTED_OR_EMBEDDED","QUOTED_ANONYMOUS_POST","BOARD_POINTER","HIGH","","OLD_Q_BODY_TO_NEW_QUOTED","board back-reference pointer","Questions|Claims|Entities"
"1630","0",">>1946203","Q_AUTHORED_CURRENT_POST","QUOTED_OR_EMBEDDED","QUOTED_PRIOR_Q_POST","BOARD_POINTER","HIGH","1629","OLD_Q_BODY_TO_NEW_QUOTED","board back-reference pointer","Questions|Entities|Themes"
"1631","0",">>1946381","Q_AUTHORED_CURRENT_POST","QUOTED_OR_EMBEDDED","QUOTED_ANONYMOUS_POST","BOARD_POINTER","HIGH","","OLD_Q_BODY_TO_NEW_QUOTED","board back-reference pointer",""
"1632","0",">>1947578","Q_AUTHORED_CURRENT_POST","QUOTED_OR_EMBEDDED","QUOTED_ANONYMOUS_POST","BOARD_POINTER","HIGH","","OLD_Q_BODY_TO_NEW_QUOTED","board back-reference pointer","Questions|Claims|Themes"
"1633","0",">>1949195","Q_AUTHORED_CURRENT_POST","QUOTED_OR_EMBEDDED","QUOTED_ANONYMOUS_POST","BOARD_POINTER","HIGH","","OLD_Q_BODY_TO_NEW_QUOTED","board back-reference pointer","Directives|Questions|Claims|Entities|Themes"
"1635","0",">>1949789","Q_AUTHORED_CURRENT_POST","QUOTED_OR_EMBEDDED","QUOTED_ANONYMOUS_POST","BOARD_POINTER","HIGH","","OLD_Q_BODY_TO_NEW_QUOTED","board back-reference pointer",""
"1636","0",">>1949870","Q_AUTHORED_CURRENT_POST","QUOTED_OR_EMBEDDED","QUOTED_ANONYMOUS_POST","BOARD_POINTER","HIGH","","OLD_Q_BODY_TO_NEW_QUOTED","board back-reference pointer","Directives|Questions|Claims|Entities"
"1637","0",">>1950123","Q_AUTHORED_CURRENT_POST","QUOTED_OR_EMBEDDED","QUOTED_ANONYMOUS_POST","BOARD_POINTER","HIGH","","OLD_Q_BODY_TO_NEW_QUOTED","board back-reference pointer","Directives|Questions|Claims|Codes|Emphasis|Entities|Themes"
"1638","0",">>1950237","Q_AUTHORED_CURRENT_POST","QUOTED_OR_EMBEDDED","QUOTED_ANONYMOUS_POST","BOARD_POINTER","HIGH","","OLD_Q_BODY_TO_NEW_QUOTED","board back-reference pointer","Directives|Claims|Themes"
"1640","3",">>1950617","Q_AUTHORED_CURRENT_POST","QUOTED_OR_EMBEDDED","QUOTED_ANONYMOUS_POST","BOARD_POINTER","HIGH","","OLD_Q_BODY_TO_NEW_QUOTED","board back-reference pointer",""
"1643","0",">>1952489","Q_AUTHORED_CURRENT_POST","QUOTED_OR_EMBEDDED","QUOTED_ANONYMOUS_POST","BOARD_POINTER","HIGH","","OLD_Q_BODY_TO_NEW_QUOTED","board back-reference pointer","Questions|Claims|Entities|Themes"
"1644","0",">>1952748","Q_AUTHORED_CURRENT_POST","QUOTED_OR_EMBEDDED","QUOTED_ANONYMOUS_POST","BOARD_POINTER","HIGH","","OLD_Q_BODY_TO_NEW_QUOTED","board back-reference pointer","Directives|Questions|Claims|Emphasis|Entities|Themes"
"1648","0",">>1973514","Q_AUTHORED_CURRENT_POST","QUOTED_OR_EMBEDDED","QUOTED_PRIOR_Q_POST","BOARD_POINTER","HIGH","1647","OLD_Q_BODY_TO_NEW_QUOTED","board back-reference pointer","Directives|Questions"
"1649","0",">>1973567","Q_AUTHORED_CURRENT_POST","QUOTED_OR_EMBEDDED","QUOTED_ANONYMOUS_POST","BOARD_POINTER","HIGH","","OLD_Q_BODY_TO_NEW_QUOTED","board back-reference pointer","Directives|Claims|Entities"
"165","24","POTUS advised by SS to terminate use of Twitter due to new website tracking policy (cookies) amongst other spyware not disclosed (risk) – 1st time they failed (re-read).","QUOTED_OR_EMBEDDED (sustained prose block — pasted or quoted passage)","Q_AUTHORED_CURRENT_POST","Q_BODY","PROSE","HIGH","","OLD_QUOTED_TO_NEW_Q_BODY","long sentence inside a drop whose dominant register is Q — prose shape alone is not a quotation","Directives|Questions|Claims|Emphasis|Entities|Themes"
"165","25","POTUS silenced on Twitter due to new policy (re: SS / risk).","QUOTED_OR_EMBEDDED (sustained prose block — pasted or quoted passage)","Q_AUTHORED_CURRENT_POST","Q_BODY","PROSE","HIGH","","OLD_QUOTED_TO_NEW_Q_BODY","long sentence inside a drop whose dominant register is Q — prose shape alone is not a quotation","Directives|Questions|Claims|Emphasis|Entities|Themes"
"1650","0",">>1973737","Q_AUTHORED_CURRENT_POST","QUOTED_OR_EMBEDDED","QUOTED_ANONYMOUS_POST","BOARD_POINTER","HIGH","","OLD_Q_BODY_TO_NEW_QUOTED","board back-reference pointer","Entities"
"1652","0","“ICE executes its mission through the enforcement of more than 400 federal statutes, and focuses on smart immigration enforcement, preventing terrorism and combating the illegal movement of people and trade.”","Q_AUTHORED_CURRENT_POST","QUOTED_OR_EMBEDDED","QUOTED_THIRD_PARTY","PROSE","HIGH","","OLD_Q_BODY_TO_NEW_QUOTED","self-contained quotation: one line opening and closing on quotation marks, paragraph length","Questions"
"1654","0",">>1983633","Q_AUTHORED_CURRENT_POST","QUOTED_OR_EMBEDDED","QUOTED_ANONYMOUS_POST","BOARD_POINTER","HIGH","","OLD_Q_BODY_TO_NEW_QUOTED","board back-reference pointer","Claims|Emphasis"
"1655","0",">>1983663","Q_AUTHORED_CURRENT_POST","QUOTED_OR_EMBEDDED","QUOTED_ANONYMOUS_POST","BOARD_POINTER","HIGH","","OLD_Q_BODY_TO_NEW_QUOTED","board back-reference pointer","Claims"
"1656","0",">>1983724","Q_AUTHORED_CURRENT_POST","QUOTED_OR_EMBEDDED","QUOTED_PRIOR_Q_POST","BOARD_POINTER","HIGH","1655","OLD_Q_BODY_TO_NEW_QUOTED","board back-reference pointer","Directives|Claims|Entities"
"1659","0",">>1986043","Q_AUTHORED_CURRENT_POST","QUOTED_OR_EMBEDDED","QUOTED_PRIOR_Q_POST","BOARD_POINTER","HIGH","1658","OLD_Q_BODY_TO_NEW_QUOTED","board back-reference pointer","Directives|Questions|Claims|Entities|Themes"
"166","25","POTUS advised by SS to terminate use of Twitter due to new website tracking policy (cookies) amongst other spyware not disclosed (risk) – 1st time they failed (re-read).","QUOTED_OR_EMBEDDED (sustained prose block — pasted or quoted passage)","Q_AUTHORED_CURRENT_POST","Q_BODY","PROSE","HIGH","","OLD_QUOTED_TO_NEW_Q_BODY","long sentence inside a drop whose dominant register is Q — prose shape alone is not a quotation","Directives|Questions|Claims|Emphasis|Entities|Themes"
"166","26","POTUS silenced on Twitter due to new policy (re: SS / risk).","QUOTED_OR_EMBEDDED (sustained prose block — pasted or quoted passage)","Q_AUTHORED_CURRENT_POST","Q_BODY","PROSE","HIGH","","OLD_QUOTED_TO_NEW_Q_BODY","long sentence inside a drop whose dominant register is Q — prose shape alone is not a quotation","Directives|Questions|Claims|Emphasis|Entities|Themes"
"1660","0",">>1986153","Q_AUTHORED_CURRENT_POST","QUOTED_OR_EMBEDDED","QUOTED_PRIOR_Q_POST","BOARD_POINTER","HIGH","1659","OLD_Q_BODY_TO_NEW_QUOTED","board back-reference pointer","Directives|Questions|Emphasis|Entities|Themes"
"1661","0",">>1986489","Q_AUTHORED_CURRENT_POST","QUOTED_OR_EMBEDDED","QUOTED_ANONYMOUS_POST","BOARD_POINTER","HIGH","","OLD_Q_BODY_TO_NEW_QUOTED","board back-reference pointer","Directives|Questions|Entities|Themes"
"1667","0",">>2007869","Q_AUTHORED_CURRENT_POST","QUOTED_OR_EMBEDDED","QUOTED_PRIOR_Q_POST","BOARD_POINTER","HIGH","1666","OLD_Q_BODY_TO_NEW_QUOTED","board back-reference pointer","Entities"
"1668","0",">>2007869","Q_AUTHORED_CURRENT_POST","QUOTED_OR_EMBEDDED","QUOTED_PRIOR_Q_POST","BOARD_POINTER","HIGH","1667","OLD_Q_BODY_TO_NEW_QUOTED","board back-reference pointer",""
"1668","1",">>2007911","Q_AUTHORED_CURRENT_POST","QUOTED_OR_EMBEDDED","QUOTED_PRIOR_Q_POST","BOARD_POINTER","HIGH","1667","OLD_Q_BODY_TO_NEW_QUOTED","board back-reference pointer",""
"1671","0",">>2011499","Q_AUTHORED_CURRENT_POST","QUOTED_OR_EMBEDDED","QUOTED_ANONYMOUS_POST","BOARD_POINTER","HIGH","","OLD_Q_BODY_TO_NEW_QUOTED","board back-reference pointer","Directives|Questions|Claims|Entities|Themes"
"1673","0",">>2013625","Q_AUTHORED_CURRENT_POST","QUOTED_OR_EMBEDDED","QUOTED_ANONYMOUS_POST","BOARD_POINTER","HIGH","","OLD_Q_BODY_TO_NEW_QUOTED","board back-reference pointer","Themes"
"1675","0",">>2016766","Q_AUTHORED_CURRENT_POST","QUOTED_OR_EMBEDDED","QUOTED_ANONYMOUS_POST","BOARD_POINTER","HIGH","","OLD_Q_BODY_TO_NEW_QUOTED","board back-reference pointer",""
"1676","0","""For years, Schools worked alongside another Justice Department mainstay, David Margolis, who was known as the ""Yoda"" of the department. When Margolis died, DOJ brass asked Schools to come back to Washington to try to fill those shoes.""","Q_AUTHORED_CURRENT_POST","QUOTED_OR_EMBEDDED","QUOTED_THIRD_PARTY","PROSE","HIGH","","OLD_Q_BODY_TO_NEW_QUOTED","self-contained quotation: one line opening and closing on quotation marks, paragraph length","Questions|Claims|Emphasis|Entities|Themes"
"1677","0",">>2020544","Q_AUTHORED_CURRENT_POST","QUOTED_OR_EMBEDDED","QUOTED_ANONYMOUS_POST","BOARD_POINTER","HIGH","","OLD_Q_BODY_TO_NEW_QUOTED","board back-reference pointer","Questions|Claims|Entities"
"1677","1",">>2019832","Q_AUTHORED_CURRENT_POST","QUOTED_OR_EMBEDDED","QUOTED_ANONYMOUS_POST","BOARD_POINTER","HIGH","","OLD_Q_BODY_TO_NEW_QUOTED","board back-reference pointer","Questions|Claims|Entities"
"1677","2",">>2019981","Q_AUTHORED_CURRENT_POST","QUOTED_OR_EMBEDDED","QUOTED_ANONYMOUS_POST","BOARD_POINTER","HIGH","","OLD_Q_BODY_TO_NEW_QUOTED","board back-reference pointer","Questions|Claims|Entities"
"1678","0",">>2022233","Q_AUTHORED_CURRENT_POST","QUOTED_OR_EMBEDDED","QUOTED_ANONYMOUS_POST","BOARD_POINTER","HIGH","","OLD_Q_BODY_TO_NEW_QUOTED","board back-reference pointer","Directives|Claims|Entities"
"168","0",">>150214567","Q_AUTHORED_CURRENT_POST","QUOTED_OR_EMBEDDED","QUOTED_ANONYMOUS_POST","BOARD_POINTER","HIGH","","OLD_Q_BODY_TO_NEW_QUOTED","board back-reference pointer","Directives|Claims|Themes"
"1680","0",">>2022584","Q_AUTHORED_CURRENT_POST","QUOTED_OR_EMBEDDED","QUOTED_PRIOR_Q_POST","BOARD_POINTER","HIGH","1679","OLD_Q_BODY_TO_NEW_QUOTED","board back-reference pointer","Questions"
"1685","0",">>2263659","Q_AUTHORED_CURRENT_POST","QUOTED_OR_EMBEDDED","QUOTED_PRIOR_Q_POST","BOARD_POINTER","HIGH","1684","OLD_Q_BODY_TO_NEW_QUOTED","board back-reference pointer","Questions|Codes"
"1688","0",">>2264981","Q_AUTHORED_CURRENT_POST","QUOTED_OR_EMBEDDED","QUOTED_ANONYMOUS_POST","BOARD_POINTER","HIGH","","OLD_Q_BODY_TO_NEW_QUOTED","board back-reference pointer","Directives|Questions|Claims|Codes|Emphasis|Entities|Themes"
"1689","0",">>2265154","Q_AUTHORED_CURRENT_POST","QUOTED_OR_EMBEDDED","QUOTED_ANONYMOUS_POST","BOARD_POINTER","HIGH","","OLD_Q_BODY_TO_NEW_QUOTED","board back-reference pointer","Claims"
"169","0",">>150214997","Q_AUTHORED_CURRENT_POST","QUOTED_OR_EMBEDDED","QUOTED_ANONYMOUS_POST","BOARD_POINTER","HIGH","","OLD_Q_BODY_TO_NEW_QUOTED","board back-reference pointer","Emphasis"
"1696","0",">>2279471","Q_AUTHORED_CURRENT_POST","QUOTED_OR_EMBEDDED","QUOTED_ANONYMOUS_POST","BOARD_POINTER","HIGH","","OLD_Q_BODY_TO_NEW_QUOTED","board back-reference pointer","Entities"
"1697","0",">>2279498","Q_AUTHORED_CURRENT_POST","QUOTED_OR_EMBEDDED","QUOTED_ANONYMOUS_POST","BOARD_POINTER","HIGH","","OLD_Q_BODY_TO_NEW_QUOTED","board back-reference pointer",""
"1699","0",">>2281677","Q_AUTHORED_CURRENT_POST","QUOTED_OR_EMBEDDED","QUOTED_PRIOR_Q_POST","BOARD_POINTER","HIGH","1698","OLD_Q_BODY_TO_NEW_QUOTED","board back-reference pointer","Themes"
"1701","0",">>2282049","Q_AUTHORED_CURRENT_POST","QUOTED_OR_EMBEDDED","QUOTED_PRIOR_Q_POST","BOARD_POINTER","HIGH","1700","OLD_Q_BODY_TO_NEW_QUOTED","board back-reference pointer",""
"1702","6",">RUSSIA DELAY IN MEETING PUTIN (DC).","QUOTED_OR_EMBEDDED (greentext excerpt)","Q_AUTHORED_CURRENT_POST","Q_BODY","PROSE","MEDIUM","","OLD_QUOTED_TO_NEW_Q_BODY","greentext arrow with no matching quoted source — Q's own bullet","Directives|Questions|Claims|Entities|Themes"
"1704","0",">>2286869","Q_AUTHORED_CURRENT_POST","QUOTED_OR_EMBEDDED","QUOTED_ANONYMOUS_POST","BOARD_POINTER","HIGH","","OLD_Q_BODY_TO_NEW_QUOTED","board back-reference pointer",""
"1705","0",">>2286943","Q_AUTHORED_CURRENT_POST","QUOTED_OR_EMBEDDED","QUOTED_ANONYMOUS_POST","BOARD_POINTER","HIGH","","OLD_Q_BODY_TO_NEW_QUOTED","board back-reference pointer",""
"1705","1",">>2286944","Q_AUTHORED_CURRENT_POST","QUOTED_OR_EMBEDDED","QUOTED_ANONYMOUS_POST","BOARD_POINTER","HIGH","","OLD_Q_BODY_TO_NEW_QUOTED","board back-reference pointer",""
"1707","0",">>2287225","Q_AUTHORED_CURRENT_POST","QUOTED_OR_EMBEDDED","QUOTED_ANONYMOUS_POST","BOARD_POINTER","HIGH","","OLD_Q_BODY_TO_NEW_QUOTED","board back-reference pointer","Questions|Entities"
"1708","0",">>2287348","Q_AUTHORED_CURRENT_POST","QUOTED_OR_EMBEDDED","QUOTED_PRIOR_Q_POST","BOARD_POINTER","HIGH","1707","OLD_Q_BODY_TO_NEW_QUOTED","board back-reference pointer","Directives|Questions|Emphasis|Entities|Themes"
"1708","1",">>2287348","Q_AUTHORED_CURRENT_POST","QUOTED_OR_EMBEDDED","QUOTED_PRIOR_Q_POST","BOARD_POINTER","HIGH","1707","OLD_Q_BODY_TO_NEW_QUOTED","board back-reference pointer","Directives|Questions|Emphasis|Entities|Themes"
"1709","0",">>2287764","Q_AUTHORED_CURRENT_POST","QUOTED_OR_EMBEDDED","QUOTED_ANONYMOUS_POST","BOARD_POINTER","HIGH","","OLD_Q_BODY_TO_NEW_QUOTED","board back-reference pointer","Emphasis"
"1712","0","Put to death, therefore, whatever belongs to your earthly nature: sexual immorality, impurity, lust, evil desires and greed, which is idolatry. 6 Because of these, the wrath of God is coming.","Q_AUTHORED_CURRENT_POST","QUOTED_OR_EMBEDDED","QUOTED_SCRIPTURE","PROSE","HIGH","","OLD_Q_BODY_TO_NEW_QUOTED","reproduced scripture","Directives|Claims|Entities|Themes"
"1712","1","-Colossians 3:5","Q_AUTHORED_CURRENT_POST","QUOTED_OR_EMBEDDED","QUOTED_SCRIPTURE","PROSE","HIGH","","OLD_Q_BODY_TO_NEW_QUOTED","reproduced scripture (continuation)","Directives|Claims|Entities|Themes"
"1713","0",">>2298369","Q_AUTHORED_CURRENT_POST","QUOTED_OR_EMBEDDED","QUOTED_ANONYMOUS_POST","BOARD_POINTER","HIGH","","OLD_Q_BODY_TO_NEW_QUOTED","board back-reference pointer","Questions|Claims|Emphasis"
"1714","0",">>2298410","Q_AUTHORED_CURRENT_POST","QUOTED_OR_EMBEDDED","QUOTED_ANONYMOUS_POST","BOARD_POINTER","HIGH","","OLD_Q_BODY_TO_NEW_QUOTED","board back-reference pointer","Questions"
"1715","0",">>2298430","Q_AUTHORED_CURRENT_POST","QUOTED_OR_EMBEDDED","QUOTED_PRIOR_Q_POST","BOARD_POINTER","HIGH","1714","OLD_Q_BODY_TO_NEW_QUOTED","board back-reference pointer","Claims|Entities"
"1721","0",">>2310449","Q_AUTHORED_CURRENT_POST","QUOTED_OR_EMBEDDED","QUOTED_PRIOR_Q_POST","BOARD_POINTER","HIGH","1720","OLD_Q_BODY_TO_NEW_QUOTED","board back-reference pointer","Directives|Claims"
"1722","0",">>2310523","Q_AUTHORED_CURRENT_POST","QUOTED_OR_EMBEDDED","QUOTED_PRIOR_Q_POST","BOARD_POINTER","HIGH","1721","OLD_Q_BODY_TO_NEW_QUOTED","board back-reference pointer",""
"1723","0",">>2310672","Q_AUTHORED_CURRENT_POST","QUOTED_OR_EMBEDDED","QUOTED_PRIOR_Q_POST","BOARD_POINTER","HIGH","1722","OLD_Q_BODY_TO_NEW_QUOTED","board back-reference pointer","Claims|Codes|Entities"
"1724","0",">>2310720","Q_AUTHORED_CURRENT_POST","QUOTED_OR_EMBEDDED","QUOTED_PRIOR_Q_POST","BOARD_POINTER","HIGH","1723","OLD_Q_BODY_TO_NEW_QUOTED","board back-reference pointer","Directives|Questions|Codes|Entities|Themes"
"1725","0",">>2310904","Q_AUTHORED_CURRENT_POST","QUOTED_OR_EMBEDDED","QUOTED_PRIOR_Q_POST","BOARD_POINTER","HIGH","1724","OLD_Q_BODY_TO_NEW_QUOTED","board back-reference pointer",""
"1727","0",">>2311235","Q_AUTHORED_CURRENT_POST","QUOTED_OR_EMBEDDED","QUOTED_ANONYMOUS_POST","BOARD_POINTER","HIGH","","OLD_Q_BODY_TO_NEW_QUOTED","board back-reference pointer",""
"1729","0",">>2311869","Q_AUTHORED_CURRENT_POST","QUOTED_OR_EMBEDDED","QUOTED_ANONYMOUS_POST","BOARD_POINTER","HIGH","","OLD_Q_BODY_TO_NEW_QUOTED","board back-reference pointer",""
"1730","0",">>2311906","Q_AUTHORED_CURRENT_POST","QUOTED_OR_EMBEDDED","QUOTED_ANONYMOUS_POST","BOARD_POINTER","HIGH","","OLD_Q_BODY_TO_NEW_QUOTED","board back-reference pointer",""
"1731","0",">>2311980","Q_AUTHORED_CURRENT_POST","QUOTED_OR_EMBEDDED","QUOTED_ANONYMOUS_POST","BOARD_POINTER","HIGH","","OLD_Q_BODY_TO_NEW_QUOTED","board back-reference pointer","Questions|Claims"
"1732","0",">>2312021","Q_AUTHORED_CURRENT_POST","QUOTED_OR_EMBEDDED","QUOTED_PRIOR_Q_POST","BOARD_POINTER","HIGH","1731","OLD_Q_BODY_TO_NEW_QUOTED","board back-reference pointer","Claims"
"1742","0",">>2325302","Q_AUTHORED_CURRENT_POST","QUOTED_OR_EMBEDDED","QUOTED_ANONYMOUS_POST","BOARD_POINTER","HIGH","","OLD_Q_BODY_TO_NEW_QUOTED","board back-reference pointer","Directives|Questions|Claims|Emphasis|Entities"
"1743","0",">>2325405","Q_AUTHORED_CURRENT_POST","QUOTED_OR_EMBEDDED","QUOTED_ANONYMOUS_POST","BOARD_POINTER","HIGH","","OLD_Q_BODY_TO_NEW_QUOTED","board back-reference pointer","Directives|Questions|Entities|Themes"
"1744","0",">>2326190","Q_AUTHORED_CURRENT_POST","QUOTED_OR_EMBEDDED","QUOTED_ANONYMOUS_POST","BOARD_POINTER","HIGH","","OLD_Q_BODY_TO_NEW_QUOTED","board back-reference pointer",""
"1745","0",">>2326287","Q_AUTHORED_CURRENT_POST","QUOTED_OR_EMBEDDED","QUOTED_ANONYMOUS_POST","BOARD_POINTER","HIGH","","OLD_Q_BODY_TO_NEW_QUOTED","board back-reference pointer","Claims|Emphasis|Entities|Themes"
"1746","0",">>2326502","Q_AUTHORED_CURRENT_POST","QUOTED_OR_EMBEDDED","QUOTED_PRIOR_Q_POST","BOARD_POINTER","HIGH","1745","OLD_Q_BODY_TO_NEW_QUOTED","board back-reference pointer","Directives|Questions|Claims|Entities|Themes"
"1747","0",">>2326757","Q_AUTHORED_CURRENT_POST","QUOTED_OR_EMBEDDED","QUOTED_PRIOR_Q_POST","BOARD_POINTER","HIGH","1746","OLD_Q_BODY_TO_NEW_QUOTED","board back-reference pointer",""
"1749","2",">GOOD v EVIL","QUOTED_OR_EMBEDDED (greentext excerpt)","Q_AUTHORED_CURRENT_POST","Q_BODY","PROSE","MEDIUM","","OLD_QUOTED_TO_NEW_Q_BODY","greentext arrow with no matching quoted source — Q's own bullet","Claims|Emphasis|Entities|Themes"
"1749","3",">RIGHT v WRONG","QUOTED_OR_EMBEDDED (greentext excerpt)","Q_AUTHORED_CURRENT_POST","Q_BODY","PROSE","MEDIUM","","OLD_QUOTED_TO_NEW_Q_BODY","greentext arrow with no matching quoted source — Q's own bullet","Claims|Emphasis|Entities|Themes"
"1749","4",">HUMANITY","QUOTED_OR_EMBEDDED (greentext excerpt)","Q_AUTHORED_CURRENT_POST","Q_BODY","PROSE","MEDIUM","","OLD_QUOTED_TO_NEW_Q_BODY","greentext arrow with no matching quoted source — Q's own bullet","Claims|Emphasis|Entities|Themes"
"1749","5",">POWER OVER ANOTHER PERSON IS NOT OK","QUOTED_OR_EMBEDDED (greentext excerpt)","Q_AUTHORED_CURRENT_POST","Q_BODY","PROSE","MEDIUM","","OLD_QUOTED_TO_NEW_Q_BODY","greentext arrow with no matching quoted source — Q's own bullet","Claims|Emphasis|Entities|Themes"
"1751","0",">>2338977","Q_AUTHORED_CURRENT_POST","QUOTED_OR_EMBEDDED","QUOTED_PRIOR_Q_POST","BOARD_POINTER","HIGH","1750","OLD_Q_BODY_TO_NEW_QUOTED","board back-reference pointer","Directives|Claims|Emphasis|Entities|Themes"
"1755","0",">>2340789","Q_AUTHORED_CURRENT_POST","QUOTED_OR_EMBEDDED","QUOTED_ANONYMOUS_POST","BOARD_POINTER","HIGH","","OLD_Q_BODY_TO_NEW_QUOTED","board back-reference pointer","Claims"
"1756","0",">>2340923","Q_AUTHORED_CURRENT_POST","QUOTED_OR_EMBEDDED","QUOTED_ANONYMOUS_POST","BOARD_POINTER","HIGH","","OLD_Q_BODY_TO_NEW_QUOTED","board back-reference pointer","Codes|Themes"
"1758","0",">>2342603","Q_AUTHORED_CURRENT_POST","QUOTED_OR_EMBEDDED","QUOTED_ANONYMOUS_POST","BOARD_POINTER","HIGH","","OLD_Q_BODY_TO_NEW_QUOTED","board back-reference pointer","Claims"
"1759","0",">>2342716","Q_AUTHORED_CURRENT_POST","QUOTED_OR_EMBEDDED","QUOTED_ANONYMOUS_POST","BOARD_POINTER","HIGH","","OLD_Q_BODY_TO_NEW_QUOTED","board back-reference pointer",""
"1760","0",">>2342903","Q_AUTHORED_CURRENT_POST","QUOTED_OR_EMBEDDED","QUOTED_ANONYMOUS_POST","BOARD_POINTER","HIGH","","OLD_Q_BODY_TO_NEW_QUOTED","board back-reference pointer",""
"1764","1",">Nicholas Rasmussen (IMPORTANT name to remember)","QUOTED_OR_EMBEDDED (greentext excerpt)","Q_AUTHORED_CURRENT_POST","Q_BODY","PROSE","MEDIUM","","OLD_QUOTED_TO_NEW_Q_BODY","greentext arrow with no matching quoted source — Q's own bullet","Directives|Questions|Claims|Emphasis|Entities|Themes"
"1764","2",">Former Director of NCTC","QUOTED_OR_EMBEDDED (greentext excerpt)","Q_AUTHORED_CURRENT_POST","Q_BODY","PROSE","MEDIUM","","OLD_QUOTED_TO_NEW_Q_BODY","greentext arrow with no matching quoted source — Q's own bullet","Directives|Questions|Claims|Emphasis|Entities|Themes"
"1764","12",">Defense Intelligence Liaison to British Intelligence in London","QUOTED_OR_EMBEDDED (greentext excerpt)","Q_AUTHORED_CURRENT_POST","Q_BODY","PROSE","MEDIUM","","OLD_QUOTED_TO_NEW_Q_BODY","greentext arrow with no matching quoted source — Q's own bullet","Directives|Questions|Claims|Emphasis|Entities|Themes"
"1764","17",">CIA's station chief London, UK","QUOTED_OR_EMBEDDED (greentext excerpt)","Q_AUTHORED_CURRENT_POST","Q_BODY","PROSE","MEDIUM","","OLD_QUOTED_TO_NEW_Q_BODY","greentext arrow with no matching quoted source — Q's own bullet","Directives|Questions|Claims|Emphasis|Entities|Themes"
"1764","18","""Furthermore, Haspel is seen as a Russia expert and a close ally of Britain’s MI6, having being London station chief from 2014 to 2017.""","Q_AUTHORED_CURRENT_POST","QUOTED_OR_EMBEDDED","QUOTED_THIRD_PARTY","PROSE","HIGH","","OLD_Q_BODY_TO_NEW_QUOTED","self-contained quotation: one line opening and closing on quotation marks, paragraph length","Directives|Questions|Claims|Emphasis|Entities|Themes"
"1765","0",">>2360166","Q_AUTHORED_CURRENT_POST","QUOTED_OR_EMBEDDED","QUOTED_ANONYMOUS_POST","BOARD_POINTER","HIGH","","OLD_Q_BODY_TO_NEW_QUOTED","board back-reference pointer","Questions|Claims|Codes|Emphasis|Entities"
"1768","0",">>2362960","Q_AUTHORED_CURRENT_POST","QUOTED_OR_EMBEDDED","QUOTED_ANONYMOUS_POST","BOARD_POINTER","HIGH","","OLD_Q_BODY_TO_NEW_QUOTED","board back-reference pointer",""
"1769","0",">>2362968","Q_AUTHORED_CURRENT_POST","QUOTED_OR_EMBEDDED","QUOTED_PRIOR_Q_POST","BOARD_POINTER","HIGH","1768","OLD_Q_BODY_TO_NEW_QUOTED","board back-reference pointer","Directives|Claims|Emphasis|Entities|Themes"
"1771","0",">>2363457","Q_AUTHORED_CURRENT_POST","QUOTED_OR_EMBEDDED","QUOTED_ANONYMOUS_POST","BOARD_POINTER","HIGH","","OLD_Q_BODY_TO_NEW_QUOTED","board back-reference pointer","Questions"
"1773","0",">>2367152","Q_AUTHORED_CURRENT_POST","QUOTED_OR_EMBEDDED","QUOTED_ANONYMOUS_POST","BOARD_POINTER","HIGH","","OLD_Q_BODY_TO_NEW_QUOTED","board back-reference pointer","Directives|Entities"
"1774","4",">https://www.politico.com/story/2018/04/03/mueller-paul-manafort-probe-rosenstein-approves-497701","QUOTED_OR_EMBEDDED (greentext excerpt)","Q_AUTHORED_CURRENT_POST","Q_BODY","PROSE","MEDIUM","","OLD_QUOTED_TO_NEW_Q_BODY","greentext arrow with no matching quoted source — Q's own bullet","Questions|Codes|Emphasis|Entities|Themes"
"1777","1","Please post your pic/vid as POTUS specifically pointed at you moments ago.","QUOTED_OR_EMBEDDED (sustained prose block — pasted or quoted passage)","Q_AUTHORED_CURRENT_POST","Q_BODY","PROSE","HIGH","","OLD_QUOTED_TO_NEW_Q_BODY","long sentence inside a drop whose dominant register is Q — prose shape alone is not a quotation","Directives|Claims|Entities"
"1777","2","We will scrub the web to find the source no matter where posted.","QUOTED_OR_EMBEDDED (sustained prose block — pasted or quoted passage)","Q_AUTHORED_CURRENT_POST","Q_BODY","PROSE","HIGH","","OLD_QUOTED_TO_NEW_Q_BODY","long sentence inside a drop whose dominant register is Q — prose shape alone is not a quotation","Directives|Claims|Entities"
"1778","0",">>2378523","Q_AUTHORED_CURRENT_POST","QUOTED_OR_EMBEDDED","QUOTED_ANONYMOUS_POST","BOARD_POINTER","HIGH","","OLD_Q_BODY_TO_NEW_QUOTED","board back-reference pointer",""
"1778","1",">>2378713","Q_AUTHORED_CURRENT_POST","QUOTED_OR_EMBEDDED","QUOTED_ANONYMOUS_POST","BOARD_POINTER","HIGH","","OLD_Q_BODY_TO_NEW_QUOTED","board back-reference pointer",""
"1779","0",">>2380269","Q_AUTHORED_CURRENT_POST","QUOTED_OR_EMBEDDED","QUOTED_ANONYMOUS_POST","BOARD_POINTER","HIGH","","OLD_Q_BODY_TO_NEW_QUOTED","board back-reference pointer","Entities"
"1781","0",">>2381898","Q_AUTHORED_CURRENT_POST","QUOTED_OR_EMBEDDED","QUOTED_ANONYMOUS_POST","BOARD_POINTER","HIGH","","OLD_Q_BODY_TO_NEW_QUOTED","board back-reference pointer","Entities"
"1782","0",">>2381963","Q_AUTHORED_CURRENT_POST","QUOTED_OR_EMBEDDED","QUOTED_ANONYMOUS_POST","BOARD_POINTER","HIGH","","OLD_Q_BODY_TO_NEW_QUOTED","board back-reference pointer","Directives|Entities"
"1783","0",">>2382201","Q_AUTHORED_CURRENT_POST","QUOTED_OR_EMBEDDED","QUOTED_ANONYMOUS_POST","BOARD_POINTER","HIGH","","OLD_Q_BODY_TO_NEW_QUOTED","board back-reference pointer","Directives|Claims|Entities|Themes"
"1784","0",">>2381934","Q_AUTHORED_CURRENT_POST","QUOTED_OR_EMBEDDED","QUOTED_ANONYMOUS_POST","BOARD_POINTER","HIGH","","OLD_Q_BODY_TO_NEW_QUOTED","board back-reference pointer","Emphasis|Entities|Themes"
"1786","0",">>2391684","Q_AUTHORED_CURRENT_POST","QUOTED_OR_EMBEDDED","QUOTED_PRIOR_Q_POST","BOARD_POINTER","HIGH","1785","OLD_Q_BODY_TO_NEW_QUOTED","board back-reference pointer","Directives|Claims|Themes"
"1787","0",">>2391787","Q_AUTHORED_CURRENT_POST","QUOTED_OR_EMBEDDED","QUOTED_ANONYMOUS_POST","BOARD_POINTER","HIGH","","OLD_Q_BODY_TO_NEW_QUOTED","board back-reference pointer","Directives|Questions|Codes|Emphasis"
"1787","4",">>2391804","Q_AUTHORED_CURRENT_POST","QUOTED_OR_EMBEDDED","QUOTED_ANONYMOUS_POST","BOARD_POINTER","HIGH","","OLD_Q_BODY_TO_NEW_QUOTED","board back-reference pointer","Directives|Questions|Codes|Emphasis"
"1788","0",">>2392766","Q_AUTHORED_CURRENT_POST","QUOTED_OR_EMBEDDED","QUOTED_ANONYMOUS_POST","BOARD_POINTER","HIGH","","OLD_Q_BODY_TO_NEW_QUOTED","board back-reference pointer","Questions|Codes|Entities"
"1791","0",">>2395142","Q_AUTHORED_CURRENT_POST","QUOTED_OR_EMBEDDED","QUOTED_PRIOR_Q_POST","BOARD_POINTER","HIGH","1790","OLD_Q_BODY_TO_NEW_QUOTED","board back-reference pointer","Questions|Entities|Themes"
"1793","0",">>2397147","Q_AUTHORED_CURRENT_POST","QUOTED_OR_EMBEDDED","QUOTED_ANONYMOUS_POST","BOARD_POINTER","HIGH","","OLD_Q_BODY_TO_NEW_QUOTED","board back-reference pointer","Questions|Claims|Entities"
"1795","0",">>2405745","Q_AUTHORED_CURRENT_POST","QUOTED_OR_EMBEDDED","QUOTED_PRIOR_Q_POST","BOARD_POINTER","HIGH","1794","OLD_Q_BODY_TO_NEW_QUOTED","board back-reference pointer",""
"1796","3",">POTUS’ twitter comments","QUOTED_OR_EMBEDDED (greentext excerpt)","Q_AUTHORED_CURRENT_POST","Q_BODY","PROSE","MEDIUM","","OLD_QUOTED_TO_NEW_Q_BODY","greentext arrow with no matching quoted source — Q's own bullet","Directives|Questions|Claims|Emphasis|Entities|Themes"
"1798","0",">>2413389","Q_AUTHORED_CURRENT_POST","QUOTED_OR_EMBEDDED","QUOTED_ANONYMOUS_POST","BOARD_POINTER","HIGH","","OLD_Q_BODY_TO_NEW_QUOTED","board back-reference pointer",""
"180","0",">>150400127","Q_AUTHORED_CURRENT_POST","QUOTED_OR_EMBEDDED","QUOTED_ANONYMOUS_POST","BOARD_POINTER","HIGH","","OLD_Q_BODY_TO_NEW_QUOTED","board back-reference pointer","Questions|Entities"
"1801","0",">>2422143","Q_AUTHORED_CURRENT_POST","QUOTED_OR_EMBEDDED","QUOTED_ANONYMOUS_POST","BOARD_POINTER","HIGH","","OLD_Q_BODY_TO_NEW_QUOTED","board back-reference pointer",""
"1804","0",">>2425560","Q_AUTHORED_CURRENT_POST","QUOTED_OR_EMBEDDED","QUOTED_ANONYMOUS_POST","BOARD_POINTER","HIGH","","OLD_Q_BODY_TO_NEW_QUOTED","board back-reference pointer","Directives|Questions|Claims|Entities"
"1805","0",">>2425988","Q_AUTHORED_CURRENT_POST","QUOTED_OR_EMBEDDED","QUOTED_PRIOR_Q_POST","BOARD_POINTER","HIGH","1804","OLD_Q_BODY_TO_NEW_QUOTED","board back-reference pointer","Directives|Claims|Emphasis"
"181","0",">>150403252","Q_AUTHORED_CURRENT_POST","QUOTED_OR_EMBEDDED","QUOTED_ANONYMOUS_POST","BOARD_POINTER","HIGH","","OLD_Q_BODY_TO_NEW_QUOTED","board back-reference pointer","Directives|Claims|Entities|Themes"
"1810","0",">>2434543","Q_AUTHORED_CURRENT_POST","QUOTED_OR_EMBEDDED","QUOTED_ANONYMOUS_POST","BOARD_POINTER","HIGH","","OLD_Q_BODY_TO_NEW_QUOTED","board back-reference pointer","Questions"
"1810","1",">>2434558","Q_AUTHORED_CURRENT_POST","QUOTED_OR_EMBEDDED","QUOTED_ANONYMOUS_POST","BOARD_POINTER","HIGH","","OLD_Q_BODY_TO_NEW_QUOTED","board back-reference pointer","Questions"
"1811","0",">>2434705","Q_AUTHORED_CURRENT_POST","QUOTED_OR_EMBEDDED","QUOTED_PRIOR_Q_POST","BOARD_POINTER","HIGH","1810","OLD_Q_BODY_TO_NEW_QUOTED","board back-reference pointer","Questions"
"1812","0",">>2434941","Q_AUTHORED_CURRENT_POST","QUOTED_OR_EMBEDDED","QUOTED_ANONYMOUS_POST","BOARD_POINTER","HIGH","","OLD_Q_BODY_TO_NEW_QUOTED","board back-reference pointer","Directives|Questions|Codes|Emphasis|Entities"
"182","0",">>150404273","Q_AUTHORED_CURRENT_POST","QUOTED_OR_EMBEDDED","QUOTED_ANONYMOUS_POST","BOARD_POINTER","HIGH","","OLD_Q_BODY_TO_NEW_QUOTED","board back-reference pointer","Questions"
"1822","2","1.	a secret plan by a group to do something unlawful or harmful.","QUOTED_OR_EMBEDDED (numbered definition)","Q_AUTHORED_CURRENT_POST","Q_BODY","PROSE","HIGH","","OLD_QUOTED_TO_NEW_Q_BODY","canonical post body, no embedded-source evidence","Directives|Questions|Claims|Codes|Emphasis|Entities|Themes"
"1822","3","""a conspiracy to destroy the government""","QUOTED_OR_EMBEDDED (numbered definition (continuation))","Q_AUTHORED_CURRENT_POST","Q_BODY","PROSE","HIGH","","OLD_QUOTED_TO_NEW_Q_BODY","canonical post body, no embedded-source evidence","Directives|Questions|Claims|Codes|Emphasis|Entities|Themes"
"1822","4","2.	the action of plotting or conspiring.","QUOTED_OR_EMBEDDED (numbered definition (continuation))","Q_AUTHORED_CURRENT_POST","Q_BODY","PROSE","HIGH","","OLD_QUOTED_TO_NEW_Q_BODY","canonical post body, no embedded-source evidence","Directives|Questions|Claims|Codes|Emphasis|Entities|Themes"
"1822","5","""they were cleared of conspiracy to pervert the course of justice""","QUOTED_OR_EMBEDDED (numbered definition (continuation))","Q_AUTHORED_CURRENT_POST","Q_BODY","PROSE","HIGH","","OLD_QUOTED_TO_NEW_Q_BODY","canonical post body, no embedded-source evidence","Directives|Questions|Claims|Codes|Emphasis|Entities|Themes"
"1825","0",">>122","Q_AUTHORED_CURRENT_POST","QUOTED_OR_EMBEDDED","QUOTED_PRIOR_Q_POST","BOARD_POINTER","HIGH","1823","OLD_Q_BODY_TO_NEW_QUOTED","board back-reference pointer","Directives|Codes|Themes"
"1827","0",">>2530206","Q_AUTHORED_CURRENT_POST","QUOTED_OR_EMBEDDED","QUOTED_ANONYMOUS_POST","BOARD_POINTER","HIGH","","OLD_Q_BODY_TO_NEW_QUOTED","board back-reference pointer","Questions|Claims"
"1828","17","Hussein (3) NAT SEC ORDERS OFFICIAL (POTUS CAN DECLAS)(Bottom-to-top (see now))(FBI/DOJ to expand fast)","QUOTED_OR_EMBEDDED (sustained prose block — pasted or quoted passage)","Q_AUTHORED_CURRENT_POST","Q_BODY","PROSE","HIGH","","OLD_QUOTED_TO_NEW_Q_BODY","long sentence inside a drop whose dominant register is Q — prose shape alone is not a quotation","Questions|Claims|Codes|Entities|Themes"
"1828","18","FISA apps FALSE activate domestic spy campaign (UK assist - feed to C_A (cannot operate domestically)(JB)","QUOTED_OR_EMBEDDED (sustained prose block — pasted or quoted passage)","Q_AUTHORED_CURRENT_POST","Q_BODY","PROSE","HIGH","","OLD_QUOTED_TO_NEW_Q_BODY","long sentence inside a drop whose dominant register is Q — prose shape alone is not a quotation","Questions|Claims|Codes|Entities|Themes"
"1829","0",">>126","Q_AUTHORED_CURRENT_POST","QUOTED_OR_EMBEDDED","QUOTED_PRIOR_Q_POST","BOARD_POINTER","HIGH","1828","OLD_Q_BODY_TO_NEW_QUOTED","board back-reference pointer","Directives|Questions|Emphasis|Entities|Themes"
"183","0",">>150405114","Q_AUTHORED_CURRENT_POST","QUOTED_OR_EMBEDDED","QUOTED_ANONYMOUS_POST","BOARD_POINTER","HIGH","","OLD_Q_BODY_TO_NEW_QUOTED","board back-reference pointer",""
"1832","0",">>2538860","Q_AUTHORED_CURRENT_POST","QUOTED_OR_EMBEDDED","QUOTED_ANONYMOUS_POST","BOARD_POINTER","HIGH","","OLD_Q_BODY_TO_NEW_QUOTED","board back-reference pointer","Directives|Questions|Claims|Emphasis|Entities|Themes"
"1844","0",">>138","Q_AUTHORED_CURRENT_POST","QUOTED_OR_EMBEDDED","QUOTED_PRIOR_Q_POST","BOARD_POINTER","HIGH","1841","OLD_Q_BODY_TO_NEW_QUOTED","board back-reference pointer","Questions|Codes|Entities"
"1846","0",">>2556646","Q_AUTHORED_CURRENT_POST","QUOTED_OR_EMBEDDED","QUOTED_PRIOR_Q_POST","BOARD_POINTER","HIGH","1845","OLD_Q_BODY_TO_NEW_QUOTED","board back-reference pointer","Codes|Emphasis|Entities"
"1852","0",">>2559940","Q_AUTHORED_CURRENT_POST","QUOTED_OR_EMBEDDED","QUOTED_ANONYMOUS_POST","BOARD_POINTER","HIGH","","OLD_Q_BODY_TO_NEW_QUOTED","board back-reference pointer",""
"1854","0",">>2563815","Q_AUTHORED_CURRENT_POST","QUOTED_OR_EMBEDDED","QUOTED_ANONYMOUS_POST","BOARD_POINTER","HIGH","","OLD_Q_BODY_TO_NEW_QUOTED","board back-reference pointer","Questions"
"1857","0",">>2569957","Q_AUTHORED_CURRENT_POST","QUOTED_OR_EMBEDDED","QUOTED_ANONYMOUS_POST","BOARD_POINTER","HIGH","","OLD_Q_BODY_TO_NEW_QUOTED","board back-reference pointer",""
"1858","0",">>2570066","Q_AUTHORED_CURRENT_POST","QUOTED_OR_EMBEDDED","QUOTED_ANONYMOUS_POST","BOARD_POINTER","HIGH","","OLD_Q_BODY_TO_NEW_QUOTED","board back-reference pointer","Claims|Emphasis|Themes"
"1859","0",">>2569956","Q_AUTHORED_CURRENT_POST","QUOTED_OR_EMBEDDED","QUOTED_ANONYMOUS_POST","BOARD_POINTER","HIGH","","OLD_Q_BODY_TO_NEW_QUOTED","board back-reference pointer","Questions|Claims|Emphasis|Entities|Themes"
"1861","0",">>147","Q_AUTHORED_CURRENT_POST","QUOTED_OR_EMBEDDED","QUOTED_PRIOR_Q_POST","BOARD_POINTER","HIGH","1860","OLD_Q_BODY_TO_NEW_QUOTED","board back-reference pointer","Questions"
"1862","12","What does WRAY know and when will he release to the PUBLIC?","Q_AUTHORED_CURRENT_POST","QUOTED_OR_EMBEDDED","QUOTED_THIRD_PARTY","PROSE","HIGH","","OLD_Q_BODY_TO_NEW_QUOTED","pasted passage directly beneath a source link or pointer","Directives|Questions|Claims|Codes|Emphasis|Entities|Themes"
"1862","13","Does such violence (extremism) justify NG deployment in the future ahead of 'planned' public releases?","Q_AUTHORED_CURRENT_POST","QUOTED_OR_EMBEDDED","QUOTED_THIRD_PARTY","PROSE","HIGH","","OLD_Q_BODY_TO_NEW_QUOTED","pasted passage directly beneath a source link or pointer","Directives|Questions|Claims|Codes|Emphasis|Entities|Themes"
"1865","0",">>2599082","Q_AUTHORED_CURRENT_POST","QUOTED_OR_EMBEDDED","QUOTED_ANONYMOUS_POST","BOARD_POINTER","HIGH","","OLD_Q_BODY_TO_NEW_QUOTED","board back-reference pointer","Questions|Claims|Entities"
"1866","0",">>2599779","Q_AUTHORED_CURRENT_POST","QUOTED_OR_EMBEDDED","QUOTED_ANONYMOUS_POST","BOARD_POINTER","HIGH","","OLD_Q_BODY_TO_NEW_QUOTED","board back-reference pointer","Directives|Questions|Claims|Codes|Emphasis|Entities"
"1867","0",">>2599937","Q_AUTHORED_CURRENT_POST","QUOTED_OR_EMBEDDED","QUOTED_PRIOR_Q_POST","BOARD_POINTER","HIGH","1866","OLD_Q_BODY_TO_NEW_QUOTED","board back-reference pointer","Directives|Claims|Emphasis|Themes"
"1868","0",">>2600020","Q_AUTHORED_CURRENT_POST","QUOTED_OR_EMBEDDED","QUOTED_ANONYMOUS_POST","BOARD_POINTER","HIGH","","OLD_Q_BODY_TO_NEW_QUOTED","board back-reference pointer","Directives|Questions|Codes|Entities"
"1869","0",">>2600205","Q_AUTHORED_CURRENT_POST","QUOTED_OR_EMBEDDED","QUOTED_ANONYMOUS_POST","BOARD_POINTER","HIGH","","OLD_Q_BODY_TO_NEW_QUOTED","board back-reference pointer","Directives|Questions|Codes|Emphasis"
"187","0",">>150414073","Q_AUTHORED_CURRENT_POST","QUOTED_OR_EMBEDDED","QUOTED_ANONYMOUS_POST","BOARD_POINTER","HIGH","","OLD_Q_BODY_TO_NEW_QUOTED","board back-reference pointer",""
"1870","0",">>2600476","Q_AUTHORED_CURRENT_POST","QUOTED_OR_EMBEDDED","QUOTED_ANONYMOUS_POST","BOARD_POINTER","HIGH","","OLD_Q_BODY_TO_NEW_QUOTED","board back-reference pointer","Directives|Questions|Claims|Codes|Emphasis|Entities"
"1872","0",">>2601052","Q_AUTHORED_CURRENT_POST","QUOTED_OR_EMBEDDED","QUOTED_ANONYMOUS_POST","BOARD_POINTER","HIGH","","OLD_Q_BODY_TO_NEW_QUOTED","board back-reference pointer","Directives|Questions|Codes|Emphasis"
"1873","0",">>2601331","Q_AUTHORED_CURRENT_POST","QUOTED_OR_EMBEDDED","QUOTED_PRIOR_Q_POST","BOARD_POINTER","HIGH","1872","OLD_Q_BODY_TO_NEW_QUOTED","board back-reference pointer","Directives|Questions|Claims|Entities"
"1874","0",">>2601407","Q_AUTHORED_CURRENT_POST","QUOTED_OR_EMBEDDED","QUOTED_PRIOR_Q_POST","BOARD_POINTER","HIGH","1873","OLD_Q_BODY_TO_NEW_QUOTED","board back-reference pointer","Codes|Entities"
"1875","0",">>2601488","Q_AUTHORED_CURRENT_POST","QUOTED_OR_EMBEDDED","QUOTED_ANONYMOUS_POST","BOARD_POINTER","HIGH","","OLD_Q_BODY_TO_NEW_QUOTED","board back-reference pointer",""
"1877","0",">>2602749","Q_AUTHORED_CURRENT_POST","QUOTED_OR_EMBEDDED","QUOTED_PRIOR_Q_POST","BOARD_POINTER","HIGH","1876","OLD_Q_BODY_TO_NEW_QUOTED","board back-reference pointer","Questions|Claims|Codes|Emphasis|Entities|Themes"
"188","0",">>150415097","Q_AUTHORED_CURRENT_POST","QUOTED_OR_EMBEDDED","QUOTED_ANONYMOUS_POST","BOARD_POINTER","HIGH","","OLD_Q_BODY_TO_NEW_QUOTED","board back-reference pointer",""
"1881","0",">>152","Q_AUTHORED_CURRENT_POST","QUOTED_OR_EMBEDDED","QUOTED_PRIOR_Q_POST","BOARD_POINTER","HIGH","1880","OLD_Q_BODY_TO_NEW_QUOTED","board back-reference pointer","Questions|Claims|Codes|Entities"
"1881","1","""This is far from a ‘vigilante group’; leading the team is ex-Department of Homeland Security special agent Tim Ballard, perhaps America’s foremost human trafficking expert. ""The problem in Haiti is an international crisis,” Ballard explains. “With so many children displaced or orphaned during the recent earthquake and hurricane, recruiters moved quickly to sweep these children up. And the worst part of it all is that in many cases the clients are the foreigners who’ve come here to help, the NGO workers and the so-called humanitarians.”","Q_AUTHORED_CURRENT_POST","QUOTED_OR_EMBEDDED","QUOTED_THIRD_PARTY","PROSE","HIGH","","OLD_Q_BODY_TO_NEW_QUOTED","self-contained quotation: one line opening and closing on quotation marks, paragraph length","Questions|Claims|Codes|Entities"
"1886","0","""For now we see only a reflection as in a mirror; then we shall see face to face. Now I know in part; then I shall know fully, even as I am fully known.""","Q_AUTHORED_CURRENT_POST","QUOTED_OR_EMBEDDED","QUOTED_SCRIPTURE","PROSE","HIGH","","OLD_Q_BODY_TO_NEW_QUOTED","reproduced scripture","Directives|Claims|Entities|Themes"
"1886","1","– Corinthians 13:4-13","Q_AUTHORED_CURRENT_POST","QUOTED_OR_EMBEDDED","QUOTED_SCRIPTURE","PROSE","HIGH","","OLD_Q_BODY_TO_NEW_QUOTED","reproduced scripture (continuation)","Directives|Claims|Entities|Themes"
"1886","3","""Finally, be strong in the Lord and in his mighty power. Put on the full armor of God so that you can take your stand against the devil’s schemes. For our struggle is not against flesh and blood, but against the rulers, against the authorities, against the powers of this dark world and against the spiritual forces of evil in the heavenly realms. Therefore put on the full armor of God, so that when the day of evil comes, you may be able to stand your ground, and after you have done everything, to stand. Stand firm then, with the belt of truth buckled around your waist, with the breastplate of righteousness in place, and with your feet fitted with the readiness that comes from the gospel of peace. In addition to all this, take up the shield of faith, with which you can extinguish all the flaming arrows of the evil one. Take the helmet of salvation and the sword of the Spirit, which is the word of God. And pray in the Spirit on all occasions with all kinds of prayers and requests. With this in mind, be alert and always keep on praying for all the saints.""","Q_AUTHORED_CURRENT_POST","QUOTED_OR_EMBEDDED","QUOTED_SCRIPTURE","PROSE","HIGH","","OLD_Q_BODY_TO_NEW_QUOTED","reproduced scripture","Directives|Claims|Entities|Themes"
"1886","4","– Ephesians 6:10-18","Q_AUTHORED_CURRENT_POST","QUOTED_OR_EMBEDDED","QUOTED_SCRIPTURE","PROSE","HIGH","","OLD_Q_BODY_TO_NEW_QUOTED","reproduced scripture (continuation)","Directives|Claims|Entities|Themes"
"1887","0",">>2613023","Q_AUTHORED_CURRENT_POST","QUOTED_OR_EMBEDDED","QUOTED_ANONYMOUS_POST","BOARD_POINTER","HIGH","","OLD_Q_BODY_TO_NEW_QUOTED","board back-reference pointer","Directives|Questions|Codes|Emphasis|Entities|Themes"
"1888","0",">>2613853","Q_AUTHORED_CURRENT_POST","QUOTED_OR_EMBEDDED","QUOTED_ANONYMOUS_POST","BOARD_POINTER","HIGH","","OLD_Q_BODY_TO_NEW_QUOTED","board back-reference pointer","Questions|Claims|Emphasis|Entities"
"1890","0",">>159","Q_AUTHORED_CURRENT_POST","QUOTED_OR_EMBEDDED","QUOTED_PRIOR_Q_POST","BOARD_POINTER","HIGH","1889","OLD_Q_BODY_TO_NEW_QUOTED","board back-reference pointer",""
"1893","0",">>2616942","Q_AUTHORED_CURRENT_POST","QUOTED_OR_EMBEDDED","QUOTED_ANONYMOUS_POST","BOARD_POINTER","HIGH","","OLD_Q_BODY_TO_NEW_QUOTED","board back-reference pointer","Questions|Emphasis|Entities"
"1894","0",">>2617206","Q_AUTHORED_CURRENT_POST","QUOTED_OR_EMBEDDED","QUOTED_PRIOR_Q_POST","BOARD_POINTER","HIGH","1893","OLD_Q_BODY_TO_NEW_QUOTED","board back-reference pointer","Questions"
"1895","0",">>2617413","Q_AUTHORED_CURRENT_POST","QUOTED_OR_EMBEDDED","QUOTED_ANONYMOUS_POST","BOARD_POINTER","HIGH","","OLD_Q_BODY_TO_NEW_QUOTED","board back-reference pointer","Directives|Questions|Claims|Emphasis"
"1896","0",">>2617535","Q_AUTHORED_CURRENT_POST","QUOTED_OR_EMBEDDED","QUOTED_ANONYMOUS_POST","BOARD_POINTER","HIGH","","OLD_Q_BODY_TO_NEW_QUOTED","board back-reference pointer",""
"1897","0",">>2617554","Q_AUTHORED_CURRENT_POST","QUOTED_OR_EMBEDDED","QUOTED_PRIOR_Q_POST","BOARD_POINTER","HIGH","1896","OLD_Q_BODY_TO_NEW_QUOTED","board back-reference pointer","Directives|Claims"
"1898","0",">>2617647","Q_AUTHORED_CURRENT_POST","QUOTED_OR_EMBEDDED","QUOTED_ANONYMOUS_POST","BOARD_POINTER","HIGH","","OLD_Q_BODY_TO_NEW_QUOTED","board back-reference pointer","Directives|Questions"
"1899","0",">>2617682","Q_AUTHORED_CURRENT_POST","QUOTED_OR_EMBEDDED","QUOTED_PRIOR_Q_POST","BOARD_POINTER","HIGH","1898","OLD_Q_BODY_TO_NEW_QUOTED","board back-reference pointer","Directives|Entities"
"1899","1",">>2617709","Q_AUTHORED_CURRENT_POST","QUOTED_OR_EMBEDDED","QUOTED_ANONYMOUS_POST","BOARD_POINTER","HIGH","","OLD_Q_BODY_TO_NEW_QUOTED","board back-reference pointer","Directives|Entities"
"19","11","The network which controls this false narrative which in turns keeps the black pop under control is being dismantled.","QUOTED_OR_EMBEDDED (sustained prose block — pasted or quoted passage)","Q_AUTHORED_CURRENT_POST","Q_BODY","PROSE","HIGH","","OLD_QUOTED_TO_NEW_Q_BODY","long sentence inside a drop whose dominant register is Q — prose shape alone is not a quotation","Directives|Questions|Claims|Entities|Themes"
"19","12","False local and national black leaders will be exposed next as shills for the D party.","QUOTED_OR_EMBEDDED (sustained prose block — pasted or quoted passage)","Q_AUTHORED_CURRENT_POST","Q_BODY","PROSE","HIGH","","OLD_QUOTED_TO_NEW_Q_BODY","long sentence inside a drop whose dominant register is Q — prose shape alone is not a quotation","Directives|Questions|Claims|Entities|Themes"
"1900","0",">>2617739","Q_AUTHORED_CURRENT_POST","QUOTED_OR_EMBEDDED","QUOTED_ANONYMOUS_POST","BOARD_POINTER","HIGH","","OLD_Q_BODY_TO_NEW_QUOTED","board back-reference pointer",""
"1901","0",">>2617744","Q_AUTHORED_CURRENT_POST","QUOTED_OR_EMBEDDED","QUOTED_ANONYMOUS_POST","BOARD_POINTER","HIGH","","OLD_Q_BODY_TO_NEW_QUOTED","board back-reference pointer","Questions"
"1902","0",">>2617755","Q_AUTHORED_CURRENT_POST","QUOTED_OR_EMBEDDED","QUOTED_PRIOR_Q_POST","BOARD_POINTER","HIGH","1901","OLD_Q_BODY_TO_NEW_QUOTED","board back-reference pointer","Directives|Questions|Claims|Entities"
"1903","0",">>2617982","Q_AUTHORED_CURRENT_POST","QUOTED_OR_EMBEDDED","QUOTED_ANONYMOUS_POST","BOARD_POINTER","HIGH","","OLD_Q_BODY_TO_NEW_QUOTED","board back-reference pointer",""
"1904","0",">>2618489","Q_AUTHORED_CURRENT_POST","QUOTED_OR_EMBEDDED","QUOTED_ANONYMOUS_POST","BOARD_POINTER","HIGH","","OLD_Q_BODY_TO_NEW_QUOTED","board back-reference pointer",""
"1906","0",">>2627990","Q_AUTHORED_CURRENT_POST","QUOTED_OR_EMBEDDED","QUOTED_ANONYMOUS_POST","BOARD_POINTER","HIGH","","OLD_Q_BODY_TO_NEW_QUOTED","board back-reference pointer",""
"1907","0",">>2628080","Q_AUTHORED_CURRENT_POST","QUOTED_OR_EMBEDDED","QUOTED_ANONYMOUS_POST","BOARD_POINTER","HIGH","","OLD_Q_BODY_TO_NEW_QUOTED","board back-reference pointer","Questions|Claims"
"1909","0",">>2627887","Q_AUTHORED_CURRENT_POST","QUOTED_OR_EMBEDDED","QUOTED_PRIOR_Q_POST","BOARD_POINTER","HIGH","1905","OLD_Q_BODY_TO_NEW_QUOTED","board back-reference pointer","Claims"
"191","0",">>150434251","Q_AUTHORED_CURRENT_POST","QUOTED_OR_EMBEDDED","QUOTED_ANONYMOUS_POST","BOARD_POINTER","HIGH","","OLD_Q_BODY_TO_NEW_QUOTED","board back-reference pointer",""
"1911","0",">>2628758","Q_AUTHORED_CURRENT_POST","QUOTED_OR_EMBEDDED","QUOTED_ANONYMOUS_POST","BOARD_POINTER","HIGH","","OLD_Q_BODY_TO_NEW_QUOTED","board back-reference pointer","Directives|Claims|Entities|Themes"
"1911","5",">>2628768","Q_AUTHORED_CURRENT_POST","QUOTED_OR_EMBEDDED","QUOTED_ANONYMOUS_POST","BOARD_POINTER","HIGH","","OLD_Q_BODY_TO_NEW_QUOTED","board back-reference pointer","Directives|Claims|Entities|Themes"
"1911","7","It should be clear based on prev drop re: game comms why ES was included.","QUOTED_OR_EMBEDDED (sustained prose block — pasted or quoted passage)","Q_AUTHORED_CURRENT_POST","Q_BODY","PROSE","HIGH","","OLD_QUOTED_TO_NEW_Q_BODY","long sentence inside a drop whose dominant register is Q — prose shape alone is not a quotation","Directives|Claims|Entities|Themes"
"1911","8","It should be clear that 'ES' was used in both (GOOG + @Snowden) drops to est a link.","QUOTED_OR_EMBEDDED (sustained prose block — pasted or quoted passage)","Q_AUTHORED_CURRENT_POST","Q_BODY","PROSE","HIGH","","OLD_QUOTED_TO_NEW_Q_BODY","long sentence inside a drop whose dominant register is Q — prose shape alone is not a quotation","Directives|Claims|Entities|Themes"
"1912","3","""……………untethered to department standards……………concerned dedicated resources in-place are not adequate to shelter against the PDB in which several agencies contribute…………""","Q_AUTHORED_CURRENT_POST","QUOTED_OR_EMBEDDED","QUOTED_THIRD_PARTY","PROSE","HIGH","","OLD_Q_BODY_TO_NEW_QUOTED","self-contained quotation: one line opening and closing on quotation marks, paragraph length","Directives|Questions|Claims|Entities"
"1914","0",">>2630212","Q_AUTHORED_CURRENT_POST","QUOTED_OR_EMBEDDED","QUOTED_ANONYMOUS_POST","BOARD_POINTER","HIGH","","OLD_Q_BODY_TO_NEW_QUOTED","board back-reference pointer",""
"1918","0",">>2633258","Q_AUTHORED_CURRENT_POST","QUOTED_OR_EMBEDDED","QUOTED_ANONYMOUS_POST","BOARD_POINTER","HIGH","","OLD_Q_BODY_TO_NEW_QUOTED","board back-reference pointer","Claims|Emphasis|Entities|Themes"
"1919","0",">>2633643","Q_AUTHORED_CURRENT_POST","QUOTED_OR_EMBEDDED","QUOTED_PRIOR_Q_POST","BOARD_POINTER","HIGH","1918","OLD_Q_BODY_TO_NEW_QUOTED","board back-reference pointer","Directives|Claims|Emphasis|Themes"
"1920","0",">>2633829","Q_AUTHORED_CURRENT_POST","QUOTED_OR_EMBEDDED","QUOTED_ANONYMOUS_POST","BOARD_POINTER","HIGH","","OLD_Q_BODY_TO_NEW_QUOTED","board back-reference pointer","Questions"
"1920","1",">>2633830","Q_AUTHORED_CURRENT_POST","QUOTED_OR_EMBEDDED","QUOTED_ANONYMOUS_POST","BOARD_POINTER","HIGH","","OLD_Q_BODY_TO_NEW_QUOTED","board back-reference pointer","Questions"
"1921","0",">>2634140","Q_AUTHORED_CURRENT_POST","QUOTED_OR_EMBEDDED","QUOTED_ANONYMOUS_POST","BOARD_POINTER","HIGH","","OLD_Q_BODY_TO_NEW_QUOTED","board back-reference pointer","Questions|Entities"
"1923","0",">>2634794","Q_AUTHORED_CURRENT_POST","QUOTED_OR_EMBEDDED","QUOTED_ANONYMOUS_POST","BOARD_POINTER","HIGH","","OLD_Q_BODY_TO_NEW_QUOTED","board back-reference pointer","Themes"
"1924","0",">>2634937","Q_AUTHORED_CURRENT_POST","QUOTED_OR_EMBEDDED","QUOTED_PRIOR_Q_POST","BOARD_POINTER","HIGH","1923","OLD_Q_BODY_TO_NEW_QUOTED","board back-reference pointer","Claims|Entities"
"1925","0",">>2635778","Q_AUTHORED_CURRENT_POST","QUOTED_OR_EMBEDDED","QUOTED_ANONYMOUS_POST","BOARD_POINTER","HIGH","","OLD_Q_BODY_TO_NEW_QUOTED","board back-reference pointer","Directives"
"1927","6","""I therefore determine that serious human rights abuse and corruption around the world constitute an unusual and extraordinary threat to the national security, foreign policy, and economy of the United States, and I hereby declare a national emergency to deal with that threat.""","Q_AUTHORED_CURRENT_POST","QUOTED_OR_EMBEDDED","QUOTED_THIRD_PARTY","PROSE","HIGH","","OLD_Q_BODY_TO_NEW_QUOTED","self-contained quotation: one line opening and closing on quotation marks, paragraph length","Directives|Questions|Claims|Codes|Emphasis|Entities|Themes"
"1927","10","""Sec. 12.  In accordance with Article 33 of the UCMJ, as amended by section 5204 of the MJA, the Secretary of Defense, in consultation with the Secretary of Homeland Security, will issue nonbinding guidance regarding factors that commanders, convening authorities, staff judge advocates, and judge advocates should take into account when exercising their duties with respect to the disposition of charges and specifications in the interest of justice and discipline under Articles 30 and 34 of the UCMJ. That guidance will take into account, with appropriate consideration of military requirements, the principles contained in official guidance of the Attorney General to attorneys for the Federal Government with respect to the disposition of Federal criminal cases in accordance with the principle of fair and evenhanded administration of Federal criminal law.""","Q_AUTHORED_CURRENT_POST","QUOTED_OR_EMBEDDED","QUOTED_THIRD_PARTY","PROSE","HIGH","","OLD_Q_BODY_TO_NEW_QUOTED","self-contained quotation: one line opening and closing on quotation marks, paragraph length","Directives|Questions|Claims|Codes|Emphasis|Entities|Themes"
"1930","0",">>2674099","Q_AUTHORED_CURRENT_POST","QUOTED_OR_EMBEDDED","QUOTED_ANONYMOUS_POST","BOARD_POINTER","HIGH","","OLD_Q_BODY_TO_NEW_QUOTED","board back-reference pointer",""
"1935","1","""…raise troubling questions about Halper, who was believed to have worked with the CIA and part of the matrix of players in the bureau’s ‘CrossFire Hurricane’ investigation into Trump’s 2016 presidential campaign. Halper, who assisted the FBI in the Russia investigation, appears to also have significant ties to the Russian government, as well as sources connected directly to President Vladimir Putin.""","Q_AUTHORED_CURRENT_POST","QUOTED_OR_EMBEDDED","QUOTED_THIRD_PARTY","PROSE","HIGH","","OLD_Q_BODY_TO_NEW_QUOTED","self-contained quotation: one line opening and closing on quotation marks, paragraph length","Directives|Questions|Claims|Codes|Entities|Themes"
"1936","0",">>2758706","Q_AUTHORED_CURRENT_POST","QUOTED_OR_EMBEDDED","QUOTED_PRIOR_Q_POST","BOARD_POINTER","HIGH","1935","OLD_Q_BODY_TO_NEW_QUOTED","board back-reference pointer","Directives|Claims"
"1938","0",">>2761427","Q_AUTHORED_CURRENT_POST","QUOTED_OR_EMBEDDED","QUOTED_ANONYMOUS_POST","BOARD_POINTER","HIGH","","OLD_Q_BODY_TO_NEW_QUOTED","board back-reference pointer",""
"1939","0",">>2761474","Q_AUTHORED_CURRENT_POST","QUOTED_OR_EMBEDDED","QUOTED_PRIOR_Q_POST","BOARD_POINTER","HIGH","1938","OLD_Q_BODY_TO_NEW_QUOTED","board back-reference pointer","Questions|Claims|Codes|Emphasis|Entities|Themes"
"1939","23","""This is the case with Halper, who is now proven to be a spy, possibly with (Australian Ambassador) Alexander Downer” who her husband met with in London.""","Q_AUTHORED_CURRENT_POST","QUOTED_OR_EMBEDDED","QUOTED_THIRD_PARTY","PROSE","HIGH","","OLD_Q_BODY_TO_NEW_QUOTED","self-contained quotation: one line opening and closing on quotation marks, paragraph length","Questions|Claims|Codes|Emphasis|Entities|Themes"
"1940","0",">>2761932","Q_AUTHORED_CURRENT_POST","QUOTED_OR_EMBEDDED","QUOTED_PRIOR_Q_POST","BOARD_POINTER","HIGH","1939","OLD_Q_BODY_TO_NEW_QUOTED","board back-reference pointer",""
"1945","0",">>2767120","Q_AUTHORED_CURRENT_POST","QUOTED_OR_EMBEDDED","QUOTED_PRIOR_Q_POST","BOARD_POINTER","HIGH","1944","OLD_Q_BODY_TO_NEW_QUOTED","board back-reference pointer","Directives|Questions|Claims|Codes|Entities|Themes"
"1950","1","""The Holy See is the universal government of the Catholic Church and operates from Vatican City State, a sovereign, independent territory. The Pope is the ruler of both Vatican City State and the Holy See. The Holy See, as the supreme body of government of the Catholic Church, is a sovereign juridical entity under international law.""","Q_AUTHORED_CURRENT_POST","QUOTED_OR_EMBEDDED","QUOTED_THIRD_PARTY","PROSE","HIGH","","OLD_Q_BODY_TO_NEW_QUOTED","self-contained quotation: one line opening and closing on quotation marks, paragraph length","Questions|Claims|Entities|Themes"
"1951","0",">>2769783","Q_AUTHORED_CURRENT_POST","QUOTED_OR_EMBEDDED","QUOTED_ANONYMOUS_POST","BOARD_POINTER","HIGH","","OLD_Q_BODY_TO_NEW_QUOTED","board back-reference pointer",""
"1952","0",">>2770076","Q_AUTHORED_CURRENT_POST","QUOTED_OR_EMBEDDED","QUOTED_ANONYMOUS_POST","BOARD_POINTER","HIGH","","OLD_Q_BODY_TO_NEW_QUOTED","board back-reference pointer","Claims"
"1953","0",">>2770117","Q_AUTHORED_CURRENT_POST","QUOTED_OR_EMBEDDED","QUOTED_PRIOR_Q_POST","BOARD_POINTER","HIGH","1952","OLD_Q_BODY_TO_NEW_QUOTED","board back-reference pointer","Directives|Questions|Claims|Emphasis|Entities"
"1954","0",">>2770319","Q_AUTHORED_CURRENT_POST","QUOTED_OR_EMBEDDED","QUOTED_ANONYMOUS_POST","BOARD_POINTER","HIGH","","OLD_Q_BODY_TO_NEW_QUOTED","board back-reference pointer",""
"1955","0",">>2770515","Q_AUTHORED_CURRENT_POST","QUOTED_OR_EMBEDDED","QUOTED_ANONYMOUS_POST","BOARD_POINTER","HIGH","","OLD_Q_BODY_TO_NEW_QUOTED","board back-reference pointer","Directives|Questions|Claims|Emphasis|Entities|Themes"
"1956","0",">>2770654","Q_AUTHORED_CURRENT_POST","QUOTED_OR_EMBEDDED","QUOTED_ANONYMOUS_POST","BOARD_POINTER","HIGH","","OLD_Q_BODY_TO_NEW_QUOTED","board back-reference pointer","Directives|Claims|Emphasis"
"1957","0",">>2770816","Q_AUTHORED_CURRENT_POST","QUOTED_OR_EMBEDDED","QUOTED_PRIOR_Q_POST","BOARD_POINTER","HIGH","1956","OLD_Q_BODY_TO_NEW_QUOTED","board back-reference pointer","Directives|Emphasis|Entities|Themes"
"196","0",">>150510227","Q_AUTHORED_CURRENT_POST","QUOTED_OR_EMBEDDED","QUOTED_ANONYMOUS_POST","BOARD_POINTER","HIGH","","OLD_Q_BODY_TO_NEW_QUOTED","board back-reference pointer",""
"1960","0",">>2771818","Q_AUTHORED_CURRENT_POST","QUOTED_OR_EMBEDDED","QUOTED_PRIOR_Q_POST","BOARD_POINTER","HIGH","1959","OLD_Q_BODY_TO_NEW_QUOTED","board back-reference pointer","Directives|Emphasis|Entities|Themes"
"1961","0",">>2772236","Q_AUTHORED_CURRENT_POST","QUOTED_OR_EMBEDDED","QUOTED_ANONYMOUS_POST","BOARD_POINTER","HIGH","","OLD_Q_BODY_TO_NEW_QUOTED","board back-reference pointer","Directives|Claims|Emphasis|Entities|Themes"
"1962","0",">>2772439","Q_AUTHORED_CURRENT_POST","QUOTED_OR_EMBEDDED","QUOTED_ANONYMOUS_POST","BOARD_POINTER","HIGH","","OLD_Q_BODY_TO_NEW_QUOTED","board back-reference pointer",""
"1963","0",">>2772476","Q_AUTHORED_CURRENT_POST","QUOTED_OR_EMBEDDED","QUOTED_PRIOR_Q_POST","BOARD_POINTER","HIGH","1962","OLD_Q_BODY_TO_NEW_QUOTED","board back-reference pointer","Questions|Entities|Themes"
"1964","0",">>2772799","Q_AUTHORED_CURRENT_POST","QUOTED_OR_EMBEDDED","QUOTED_ANONYMOUS_POST","BOARD_POINTER","HIGH","","OLD_Q_BODY_TO_NEW_QUOTED","board back-reference pointer","Directives|Claims|Emphasis|Entities"
"1964","3","Patriots are dying to defend this great country and the FREEDOM she provides.","QUOTED_OR_EMBEDDED (sustained prose block — pasted or quoted passage)","Q_AUTHORED_CURRENT_POST","Q_BODY","PROSE","HIGH","","OLD_QUOTED_TO_NEW_Q_BODY","long sentence inside a drop whose dominant register is Q — prose shape alone is not a quotation","Directives|Claims|Emphasis|Entities"
"1964","4","Children are being kidnapped, tortured, raped, and sacrificed in the name of PURE EVIL.","QUOTED_OR_EMBEDDED (sustained prose block — pasted or quoted passage)","Q_AUTHORED_CURRENT_POST","Q_BODY","PROSE","HIGH","","OLD_QUOTED_TO_NEW_Q_BODY","long sentence inside a drop whose dominant register is Q — prose shape alone is not a quotation","Directives|Claims|Emphasis|Entities"
"1965","0",">>2773113","Q_AUTHORED_CURRENT_POST","QUOTED_OR_EMBEDDED","QUOTED_ANONYMOUS_POST","BOARD_POINTER","HIGH","","OLD_Q_BODY_TO_NEW_QUOTED","board back-reference pointer","Claims|Emphasis|Themes"
"1966","0",">>2773199","Q_AUTHORED_CURRENT_POST","QUOTED_OR_EMBEDDED","QUOTED_ANONYMOUS_POST","BOARD_POINTER","HIGH","","OLD_Q_BODY_TO_NEW_QUOTED","board back-reference pointer",""
"1967","0",">>2773222","Q_AUTHORED_CURRENT_POST","QUOTED_OR_EMBEDDED","QUOTED_ANONYMOUS_POST","BOARD_POINTER","HIGH","","OLD_Q_BODY_TO_NEW_QUOTED","board back-reference pointer","Directives"
"1968","0",">>2773150","Q_AUTHORED_CURRENT_POST","QUOTED_OR_EMBEDDED","QUOTED_ANONYMOUS_POST","BOARD_POINTER","HIGH","","OLD_Q_BODY_TO_NEW_QUOTED","board back-reference pointer","Directives|Questions"
"1969","0",">>2773295","Q_AUTHORED_CURRENT_POST","QUOTED_OR_EMBEDDED","QUOTED_ANONYMOUS_POST","BOARD_POINTER","HIGH","","OLD_Q_BODY_TO_NEW_QUOTED","board back-reference pointer","Questions|Claims|Emphasis|Entities|Themes"
"1970","0",">>2773700","Q_AUTHORED_CURRENT_POST","QUOTED_OR_EMBEDDED","QUOTED_ANONYMOUS_POST","BOARD_POINTER","HIGH","","OLD_Q_BODY_TO_NEW_QUOTED","board back-reference pointer",""
"1971","0",">>2773710","Q_AUTHORED_CURRENT_POST","QUOTED_OR_EMBEDDED","QUOTED_ANONYMOUS_POST","BOARD_POINTER","HIGH","","OLD_Q_BODY_TO_NEW_QUOTED","board back-reference pointer","Questions|Themes"
"1978","0",">>2779059","Q_AUTHORED_CURRENT_POST","QUOTED_OR_EMBEDDED","QUOTED_PRIOR_Q_POST","BOARD_POINTER","HIGH","1977","OLD_Q_BODY_TO_NEW_QUOTED","board back-reference pointer","Questions|Codes|Emphasis|Entities|Themes"
"1979","0",">>2779165","Q_AUTHORED_CURRENT_POST","QUOTED_OR_EMBEDDED","QUOTED_PRIOR_Q_POST","BOARD_POINTER","HIGH","1978","OLD_Q_BODY_TO_NEW_QUOTED","board back-reference pointer","Directives|Questions|Themes"
"1980","0",">>2779241","Q_AUTHORED_CURRENT_POST","QUOTED_OR_EMBEDDED","QUOTED_PRIOR_Q_POST","BOARD_POINTER","HIGH","1979","OLD_Q_BODY_TO_NEW_QUOTED","board back-reference pointer","Directives|Claims|Emphasis"
"1981","0",">>2779165","Q_AUTHORED_CURRENT_POST","QUOTED_OR_EMBEDDED","QUOTED_PRIOR_Q_POST","BOARD_POINTER","HIGH","1978","OLD_Q_BODY_TO_NEW_QUOTED","board back-reference pointer","Questions|Claims|Entities|Themes"
"1983","0",">>2783014","Q_AUTHORED_CURRENT_POST","QUOTED_OR_EMBEDDED","QUOTED_PRIOR_Q_POST","BOARD_POINTER","HIGH","1982","OLD_Q_BODY_TO_NEW_QUOTED","board back-reference pointer","Directives|Questions|Codes|Emphasis|Entities"
"1984","0",">>2783116","Q_AUTHORED_CURRENT_POST","QUOTED_OR_EMBEDDED","QUOTED_ANONYMOUS_POST","BOARD_POINTER","HIGH","","OLD_Q_BODY_TO_NEW_QUOTED","board back-reference pointer",""
"1987","0",">>2784197","Q_AUTHORED_CURRENT_POST","QUOTED_OR_EMBEDDED","QUOTED_PRIOR_Q_POST","BOARD_POINTER","HIGH","1986","OLD_Q_BODY_TO_NEW_QUOTED","board back-reference pointer","Directives|Questions|Codes|Entities|Themes"
"1988","0",">>2784450","Q_AUTHORED_CURRENT_POST","QUOTED_OR_EMBEDDED","QUOTED_ANONYMOUS_POST","BOARD_POINTER","HIGH","","OLD_Q_BODY_TO_NEW_QUOTED","board back-reference pointer","Questions|Claims|Codes|Emphasis|Entities|Themes"
"1989","0",">>2784812","Q_AUTHORED_CURRENT_POST","QUOTED_OR_EMBEDDED","QUOTED_ANONYMOUS_POST","BOARD_POINTER","HIGH","","OLD_Q_BODY_TO_NEW_QUOTED","board back-reference pointer",""
"1990","10","Ohr FD-302 02/08/17 (interview date 02/06/17) - POTUS / JC / IG","QUOTED_OR_EMBEDDED (sustained prose block — pasted or quoted passage)","Q_AUTHORED_CURRENT_POST","Q_BODY","PROSE","HIGH","","OLD_QUOTED_TO_NEW_Q_BODY","long sentence inside a drop whose dominant register is Q — prose shape alone is not a quotation","Claims|Codes|Emphasis|Entities|Themes"
"1990","11","Ohr FD-302 02/15/17 (interview date 02/14/17) - POTUS / JC / IG","QUOTED_OR_EMBEDDED (sustained prose block — pasted or quoted passage)","Q_AUTHORED_CURRENT_POST","Q_BODY","PROSE","HIGH","","OLD_QUOTED_TO_NEW_Q_BODY","long sentence inside a drop whose dominant register is Q — prose shape alone is not a quotation","Claims|Codes|Emphasis|Entities|Themes"
"1995","0",">>2789525","Q_AUTHORED_CURRENT_POST","QUOTED_OR_EMBEDDED","QUOTED_ANONYMOUS_POST","BOARD_POINTER","HIGH","","OLD_Q_BODY_TO_NEW_QUOTED","board back-reference pointer","Questions"
"1996","0",">>2789612","Q_AUTHORED_CURRENT_POST","QUOTED_OR_EMBEDDED","QUOTED_PRIOR_Q_POST","BOARD_POINTER","HIGH","1995","OLD_Q_BODY_TO_NEW_QUOTED","board back-reference pointer",""
"1998","0",">>2797703","Q_AUTHORED_CURRENT_POST","QUOTED_OR_EMBEDDED","QUOTED_PRIOR_Q_POST","BOARD_POINTER","HIGH","1997","OLD_Q_BODY_TO_NEW_QUOTED","board back-reference pointer","Directives|Claims|Codes|Emphasis|Themes"
"1999","0",">>2797858","Q_AUTHORED_CURRENT_POST","QUOTED_OR_EMBEDDED","QUOTED_PRIOR_Q_POST","BOARD_POINTER","HIGH","1998","OLD_Q_BODY_TO_NEW_QUOTED","board back-reference pointer","Claims|Emphasis"
"2000","0",">>2797853","Q_AUTHORED_CURRENT_POST","QUOTED_OR_EMBEDDED","QUOTED_ANONYMOUS_POST","BOARD_POINTER","HIGH","","OLD_Q_BODY_TO_NEW_QUOTED","board back-reference pointer","Directives|Questions|Entities"
"2001","0",">>2798105","Q_AUTHORED_CURRENT_POST","QUOTED_OR_EMBEDDED","QUOTED_ANONYMOUS_POST","BOARD_POINTER","HIGH","","OLD_Q_BODY_TO_NEW_QUOTED","board back-reference pointer","Claims|Emphasis"
"2002","0",">>2798230","Q_AUTHORED_CURRENT_POST","QUOTED_OR_EMBEDDED","QUOTED_ANONYMOUS_POST","BOARD_POINTER","HIGH","","OLD_Q_BODY_TO_NEW_QUOTED","board back-reference pointer","Themes"
"2003","0",">>2798428","Q_AUTHORED_CURRENT_POST","QUOTED_OR_EMBEDDED","QUOTED_ANONYMOUS_POST","BOARD_POINTER","HIGH","","OLD_Q_BODY_TO_NEW_QUOTED","board back-reference pointer","Claims|Emphasis|Themes"
"2003","1",">>2798428","Q_AUTHORED_CURRENT_POST","QUOTED_OR_EMBEDDED","QUOTED_ANONYMOUS_POST","BOARD_POINTER","HIGH","","OLD_Q_BODY_TO_NEW_QUOTED","board back-reference pointer","Claims|Emphasis|Themes"
"2006","0",">>2802222","Q_AUTHORED_CURRENT_POST","QUOTED_OR_EMBEDDED","QUOTED_ANONYMOUS_POST","BOARD_POINTER","HIGH","","OLD_Q_BODY_TO_NEW_QUOTED","board back-reference pointer","Claims|Entities|Themes"
"2007","0",">>2802984","Q_AUTHORED_CURRENT_POST","QUOTED_OR_EMBEDDED","QUOTED_ANONYMOUS_POST","BOARD_POINTER","HIGH","","OLD_Q_BODY_TO_NEW_QUOTED","board back-reference pointer","Questions|Claims|Codes|Emphasis|Entities|Themes"
"2008","0",">>2803371","Q_AUTHORED_CURRENT_POST","QUOTED_OR_EMBEDDED","QUOTED_PRIOR_Q_POST","BOARD_POINTER","HIGH","2007","OLD_Q_BODY_TO_NEW_QUOTED","board back-reference pointer","Claims|Codes|Emphasis|Entities|Themes"
"201","0",">>150523213","Q_AUTHORED_CURRENT_POST","QUOTED_OR_EMBEDDED","QUOTED_ANONYMOUS_POST","BOARD_POINTER","HIGH","","OLD_Q_BODY_TO_NEW_QUOTED","board back-reference pointer",""
"2010","0",">>2804728","Q_AUTHORED_CURRENT_POST","QUOTED_OR_EMBEDDED","QUOTED_PRIOR_Q_POST","BOARD_POINTER","HIGH","2009","OLD_Q_BODY_TO_NEW_QUOTED","board back-reference pointer","Entities"
"2011","0",">>2804815","Q_AUTHORED_CURRENT_POST","QUOTED_OR_EMBEDDED","QUOTED_PRIOR_Q_POST","BOARD_POINTER","HIGH","2010","OLD_Q_BODY_TO_NEW_QUOTED","board back-reference pointer","Claims|Entities"
"2012","0",">>2804843","Q_AUTHORED_CURRENT_POST","QUOTED_OR_EMBEDDED","QUOTED_PRIOR_Q_POST","BOARD_POINTER","HIGH","2011","OLD_Q_BODY_TO_NEW_QUOTED","board back-reference pointer","Directives|Claims|Entities"
"2013","0",">>2804887","Q_AUTHORED_CURRENT_POST","QUOTED_OR_EMBEDDED","QUOTED_PRIOR_Q_POST","BOARD_POINTER","HIGH","2012","OLD_Q_BODY_TO_NEW_QUOTED","board back-reference pointer","Claims|Codes"
"2014","0",">>2805130","Q_AUTHORED_CURRENT_POST","QUOTED_OR_EMBEDDED","QUOTED_PRIOR_Q_POST","BOARD_POINTER","HIGH","2013","OLD_Q_BODY_TO_NEW_QUOTED","board back-reference pointer","Questions"
"2015","0",">>2805156","Q_AUTHORED_CURRENT_POST","QUOTED_OR_EMBEDDED","QUOTED_PRIOR_Q_POST","BOARD_POINTER","HIGH","2014","OLD_Q_BODY_TO_NEW_QUOTED","board back-reference pointer","Claims|Emphasis"
"2016","0",">>2805214","Q_AUTHORED_CURRENT_POST","QUOTED_OR_EMBEDDED","QUOTED_PRIOR_Q_POST","BOARD_POINTER","HIGH","2015","OLD_Q_BODY_TO_NEW_QUOTED","board back-reference pointer","Claims|Emphasis"
"2017","0",">>2805260","Q_AUTHORED_CURRENT_POST","QUOTED_OR_EMBEDDED","QUOTED_PRIOR_Q_POST","BOARD_POINTER","HIGH","2016","OLD_Q_BODY_TO_NEW_QUOTED","board back-reference pointer","Questions"
"2018","0",">>2805410","Q_AUTHORED_CURRENT_POST","QUOTED_OR_EMBEDDED","QUOTED_ANONYMOUS_POST","BOARD_POINTER","HIGH","","OLD_Q_BODY_TO_NEW_QUOTED","board back-reference pointer","Claims"
"2020","0",">>2806653","Q_AUTHORED_CURRENT_POST","QUOTED_OR_EMBEDDED","QUOTED_ANONYMOUS_POST","BOARD_POINTER","HIGH","","OLD_Q_BODY_TO_NEW_QUOTED","board back-reference pointer","Claims"
"2022","0",">>2807174","Q_AUTHORED_CURRENT_POST","QUOTED_OR_EMBEDDED","QUOTED_PRIOR_Q_POST","BOARD_POINTER","HIGH","2021","OLD_Q_BODY_TO_NEW_QUOTED","board back-reference pointer","Emphasis"
"2023","0",">>2809340","Q_AUTHORED_CURRENT_POST","QUOTED_OR_EMBEDDED","QUOTED_ANONYMOUS_POST","BOARD_POINTER","HIGH","","OLD_Q_BODY_TO_NEW_QUOTED","board back-reference pointer",""
"2024","0",">>2809998","Q_AUTHORED_CURRENT_POST","QUOTED_OR_EMBEDDED","QUOTED_ANONYMOUS_POST","BOARD_POINTER","HIGH","","OLD_Q_BODY_TO_NEW_QUOTED","board back-reference pointer","Claims|Emphasis"
"2026","0",">>2811253","Q_AUTHORED_CURRENT_POST","QUOTED_OR_EMBEDDED","QUOTED_PRIOR_Q_POST","BOARD_POINTER","HIGH","2025","OLD_Q_BODY_TO_NEW_QUOTED","board back-reference pointer",""
"2028","0",">>2816069","Q_AUTHORED_CURRENT_POST","QUOTED_OR_EMBEDDED","QUOTED_ANONYMOUS_POST","BOARD_POINTER","HIGH","","OLD_Q_BODY_TO_NEW_QUOTED","board back-reference pointer","Claims"
"2030","0",">>2817197","Q_AUTHORED_CURRENT_POST","QUOTED_OR_EMBEDDED","QUOTED_PRIOR_Q_POST","BOARD_POINTER","HIGH","2029","OLD_Q_BODY_TO_NEW_QUOTED","board back-reference pointer","Directives|Questions|Claims|Codes|Entities|Themes"
"2031","0",">>2817463","Q_AUTHORED_CURRENT_POST","QUOTED_OR_EMBEDDED","QUOTED_ANONYMOUS_POST","BOARD_POINTER","HIGH","","OLD_Q_BODY_TO_NEW_QUOTED","board back-reference pointer",""
"2032","0",">>2817461","Q_AUTHORED_CURRENT_POST","QUOTED_OR_EMBEDDED","QUOTED_PRIOR_Q_POST","BOARD_POINTER","HIGH","2030","OLD_Q_BODY_TO_NEW_QUOTED","board back-reference pointer","Directives|Questions|Claims|Codes|Emphasis|Entities|Themes"
"2034","0",">>2818389","Q_AUTHORED_CURRENT_POST","QUOTED_OR_EMBEDDED","QUOTED_PRIOR_Q_POST","BOARD_POINTER","HIGH","2033","OLD_Q_BODY_TO_NEW_QUOTED","board back-reference pointer",""
"2037","0",">>2819745","Q_AUTHORED_CURRENT_POST","QUOTED_OR_EMBEDDED","QUOTED_PRIOR_Q_POST","BOARD_POINTER","HIGH","2036","OLD_Q_BODY_TO_NEW_QUOTED","board back-reference pointer","Directives|Questions|Claims|Codes|Emphasis|Entities|Themes"
"2038","0",">>2820100","Q_AUTHORED_CURRENT_POST","QUOTED_OR_EMBEDDED","QUOTED_PRIOR_Q_POST","BOARD_POINTER","HIGH","2037","OLD_Q_BODY_TO_NEW_QUOTED","board back-reference pointer","Directives|Questions|Claims|Themes"
"204","0",">>150559263","Q_AUTHORED_CURRENT_POST","QUOTED_OR_EMBEDDED","QUOTED_ANONYMOUS_POST","BOARD_POINTER","HIGH","","OLD_Q_BODY_TO_NEW_QUOTED","board back-reference pointer","Claims"
"2040","0",">>2820665","Q_AUTHORED_CURRENT_POST","QUOTED_OR_EMBEDDED","QUOTED_ANONYMOUS_POST","BOARD_POINTER","HIGH","","OLD_Q_BODY_TO_NEW_QUOTED","board back-reference pointer","Emphasis|Entities|Themes"
"2047","0",">>2826578","Q_AUTHORED_CURRENT_POST","QUOTED_OR_EMBEDDED","QUOTED_PRIOR_Q_POST","BOARD_POINTER","HIGH","2046","OLD_Q_BODY_TO_NEW_QUOTED","board back-reference pointer",""
"205","0",">>150559502","Q_AUTHORED_CURRENT_POST","QUOTED_OR_EMBEDDED","QUOTED_ANONYMOUS_POST","BOARD_POINTER","HIGH","","OLD_Q_BODY_TO_NEW_QUOTED","board back-reference pointer","Directives|Questions|Claims"
"2050","0",">>2827163","Q_AUTHORED_CURRENT_POST","QUOTED_OR_EMBEDDED","QUOTED_PRIOR_Q_POST","BOARD_POINTER","HIGH","2049","OLD_Q_BODY_TO_NEW_QUOTED","board back-reference pointer","Claims|Entities|Themes"
"2051","0",">>2827754","Q_AUTHORED_CURRENT_POST","QUOTED_OR_EMBEDDED","QUOTED_ANONYMOUS_POST","BOARD_POINTER","HIGH","","OLD_Q_BODY_TO_NEW_QUOTED","board back-reference pointer","Claims|Emphasis"
"2058","0",">>2846457","Q_AUTHORED_CURRENT_POST","QUOTED_OR_EMBEDDED","QUOTED_PRIOR_Q_POST","BOARD_POINTER","HIGH","2057","OLD_Q_BODY_TO_NEW_QUOTED","board back-reference pointer","Questions|Emphasis|Entities"
"2061","0",">>2847730","Q_AUTHORED_CURRENT_POST","QUOTED_OR_EMBEDDED","QUOTED_PRIOR_Q_POST","BOARD_POINTER","HIGH","2060","OLD_Q_BODY_TO_NEW_QUOTED","board back-reference pointer","Claims|Codes|Entities|Themes"
"2062","0",">>2847844","Q_AUTHORED_CURRENT_POST","QUOTED_OR_EMBEDDED","QUOTED_PRIOR_Q_POST","BOARD_POINTER","HIGH","2061","OLD_Q_BODY_TO_NEW_QUOTED","board back-reference pointer","Directives|Questions|Themes"
"2063","0",">>2847946","Q_AUTHORED_CURRENT_POST","QUOTED_OR_EMBEDDED","QUOTED_PRIOR_Q_POST","BOARD_POINTER","HIGH","2062","OLD_Q_BODY_TO_NEW_QUOTED","board back-reference pointer","Directives|Questions|Codes|Emphasis|Entities"
"2065","0",">>2848894","Q_AUTHORED_CURRENT_POST","QUOTED_OR_EMBEDDED","QUOTED_ANONYMOUS_POST","BOARD_POINTER","HIGH","","OLD_Q_BODY_TO_NEW_QUOTED","board back-reference pointer",""
"2066","0",">>2848974","Q_AUTHORED_CURRENT_POST","QUOTED_OR_EMBEDDED","QUOTED_ANONYMOUS_POST","BOARD_POINTER","HIGH","","OLD_Q_BODY_TO_NEW_QUOTED","board back-reference pointer",""
"2068","0",">>2863368","Q_AUTHORED_CURRENT_POST","QUOTED_OR_EMBEDDED","QUOTED_ANONYMOUS_POST","BOARD_POINTER","HIGH","","OLD_Q_BODY_TO_NEW_QUOTED","board back-reference pointer","Claims"
"2070","19","David Laufman, Chief of the Justice Department’s Counterintelligence and Export Control Section [NAT SEC - HRC email invest] - FIRED/FORCE","QUOTED_OR_EMBEDDED (sustained prose block — pasted or quoted passage)","Q_AUTHORED_CURRENT_POST","Q_BODY","PROSE","HIGH","","OLD_QUOTED_TO_NEW_Q_BODY","long sentence inside a drop whose dominant register is Q — prose shape alone is not a quotation","Questions|Claims|Codes|Emphasis|Entities|Themes"
"2070","20","John Carlin, Assistant Attorney General – Head of DOJ’s National Security Division - FIRED/FORCED","QUOTED_OR_EMBEDDED (sustained prose block — pasted or quoted passage)","Q_AUTHORED_CURRENT_POST","Q_BODY","PROSE","HIGH","","OLD_QUOTED_TO_NEW_Q_BODY","long sentence inside a drop whose dominant register is Q — prose shape alone is not a quotation","Questions|Claims|Codes|Emphasis|Entities|Themes"
"2070","22","Mary McCord, Acting Assistant Attorney General – Acting Head of DOJ’s National Security Division - FIRED/FORCED","QUOTED_OR_EMBEDDED (sustained prose block — pasted or quoted passage)","Q_AUTHORED_CURRENT_POST","Q_BODY","PROSE","HIGH","","OLD_QUOTED_TO_NEW_Q_BODY","long sentence inside a drop whose dominant register is Q — prose shape alone is not a quotation","Questions|Claims|Codes|Emphasis|Entities|Themes"
"2070","23","Bruce Ohr, Associate Deputy Attorney General – Demoted 2x - cooperating witness [power removed] - TERMINATION IMMINENT","QUOTED_OR_EMBEDDED (sustained prose block — pasted or quoted passage)","Q_AUTHORED_CURRENT_POST","Q_BODY","PROSE","HIGH","","OLD_QUOTED_TO_NEW_Q_BODY","long sentence inside a drop whose dominant register is Q — prose shape alone is not a quotation","Questions|Claims|Codes|Emphasis|Entities|Themes"
"2070","24","Rachel Brand, Associate Attorney General – No. 3 official behind Deputy AG Rosenstein - FIRED/FORCED","QUOTED_OR_EMBEDDED (sustained prose block — pasted or quoted passage)","Q_AUTHORED_CURRENT_POST","Q_BODY","PROSE","HIGH","","OLD_QUOTED_TO_NEW_Q_BODY","long sentence inside a drop whose dominant register is Q — prose shape alone is not a quotation","Questions|Claims|Codes|Emphasis|Entities|Themes"
"2072","0",">>173","Q_AUTHORED_CURRENT_POST","QUOTED_OR_EMBEDDED","QUOTED_PRIOR_Q_POST","BOARD_POINTER","HIGH","2070","OLD_Q_BODY_TO_NEW_QUOTED","board back-reference pointer","Directives|Questions|Claims|Codes|Emphasis|Entities|Themes"
"2073","0",">>2866631","Q_AUTHORED_CURRENT_POST","QUOTED_OR_EMBEDDED","QUOTED_ANONYMOUS_POST","BOARD_POINTER","HIGH","","OLD_Q_BODY_TO_NEW_QUOTED","board back-reference pointer",""
"2074","0",">>2866697","Q_AUTHORED_CURRENT_POST","QUOTED_OR_EMBEDDED","QUOTED_ANONYMOUS_POST","BOARD_POINTER","HIGH","","OLD_Q_BODY_TO_NEW_QUOTED","board back-reference pointer",""
"2075","4","""Twitter denies the 'current' adoption of 'shadowbanning' re: political viewpoints etc…..no discrimination etc…..pride ourselves re: no censorship etc……open and transparent etc…..""","Q_AUTHORED_CURRENT_POST","QUOTED_OR_EMBEDDED","QUOTED_THIRD_PARTY","PROSE","HIGH","","OLD_Q_BODY_TO_NEW_QUOTED","self-contained quotation: one line opening and closing on quotation marks, paragraph length","Questions|Claims|Codes|Emphasis|Entities|Themes"
"2075","5",">Twitter re_engages 'shadowbanning' across entire platform….","QUOTED_OR_EMBEDDED (greentext excerpt)","Q_AUTHORED_CURRENT_POST","Q_BODY","PROSE","MEDIUM","","OLD_QUOTED_TO_NEW_Q_BODY","greentext arrow with no matching quoted source — Q's own bullet","Questions|Claims|Codes|Emphasis|Entities|Themes"
"2083","0",">>180","Q_AUTHORED_CURRENT_POST","QUOTED_OR_EMBEDDED","QUOTED_PRIOR_Q_POST","BOARD_POINTER","HIGH","2080","OLD_Q_BODY_TO_NEW_QUOTED","board back-reference pointer","Questions"
"2086","0",">>2881180","Q_AUTHORED_CURRENT_POST","QUOTED_OR_EMBEDDED","QUOTED_ANONYMOUS_POST","BOARD_POINTER","HIGH","","OLD_Q_BODY_TO_NEW_QUOTED","board back-reference pointer","Questions|Claims"
"2088","0",">>177","Q_AUTHORED_CURRENT_POST","QUOTED_OR_EMBEDDED","QUOTED_PRIOR_Q_POST","BOARD_POINTER","HIGH","2077","OLD_Q_BODY_TO_NEW_QUOTED","board back-reference pointer",""
"2089","0",">>2887228","Q_AUTHORED_CURRENT_POST","QUOTED_OR_EMBEDDED","QUOTED_ANONYMOUS_POST","BOARD_POINTER","HIGH","","OLD_Q_BODY_TO_NEW_QUOTED","board back-reference pointer","Directives|Questions|Codes|Emphasis|Themes"
"2090","0",">>99","Q_AUTHORED_CURRENT_POST","QUOTED_OR_EMBEDDED","QUOTED_PRIOR_Q_POST","BOARD_POINTER","HIGH","99","OLD_Q_BODY_TO_NEW_QUOTED","board back-reference pointer","Questions|Claims|Codes|Entities"
"2093","0",">>190","Q_AUTHORED_CURRENT_POST","QUOTED_OR_EMBEDDED","QUOTED_PRIOR_Q_POST","BOARD_POINTER","HIGH","2092","OLD_Q_BODY_TO_NEW_QUOTED","board back-reference pointer","Questions|Themes"
"2097","0",">>2905624","Q_AUTHORED_CURRENT_POST","QUOTED_OR_EMBEDDED","QUOTED_ANONYMOUS_POST","BOARD_POINTER","HIGH","","OLD_Q_BODY_TO_NEW_QUOTED","board back-reference pointer","Directives|Questions|Claims|Codes|Entities|Themes"
"2098","0",">>2904064","Q_AUTHORED_CURRENT_POST","QUOTED_OR_EMBEDDED","QUOTED_ANONYMOUS_POST","BOARD_POINTER","HIGH","","OLD_Q_BODY_TO_NEW_QUOTED","board back-reference pointer","Directives|Questions"
"2099","0",">>2907383","Q_AUTHORED_CURRENT_POST","QUOTED_OR_EMBEDDED","QUOTED_ANONYMOUS_POST","BOARD_POINTER","HIGH","","OLD_Q_BODY_TO_NEW_QUOTED","board back-reference pointer",""
"210","0",">>150562774","Q_AUTHORED_CURRENT_POST","QUOTED_OR_EMBEDDED","QUOTED_ANONYMOUS_POST","BOARD_POINTER","HIGH","","OLD_Q_BODY_TO_NEW_QUOTED","board back-reference pointer",""
"2101","0",">>2908303","Q_AUTHORED_CURRENT_POST","QUOTED_OR_EMBEDDED","QUOTED_ANONYMOUS_POST","BOARD_POINTER","HIGH","","OLD_Q_BODY_TO_NEW_QUOTED","board back-reference pointer","Directives|Questions|Claims|Emphasis"
"2102","0",">>2908723","Q_AUTHORED_CURRENT_POST","QUOTED_OR_EMBEDDED","QUOTED_ANONYMOUS_POST","BOARD_POINTER","HIGH","","OLD_Q_BODY_TO_NEW_QUOTED","board back-reference pointer","Directives|Questions|Claims|Codes|Entities"
"2104","0",">>2909503","Q_AUTHORED_CURRENT_POST","QUOTED_OR_EMBEDDED","QUOTED_ANONYMOUS_POST","BOARD_POINTER","HIGH","","OLD_Q_BODY_TO_NEW_QUOTED","board back-reference pointer","Directives|Questions|Claims|Entities"
"2104","2","""Jerome Corsi who I outed as a Mossad asset/agent in a 1997 sting operation in London. Corsi and Piper Jaffray broker Brad Ahmundson were integral to a fraud that took Minnesota investors for $1 million that the FBI refused to properly investigate. Instead, agents sought to portray me as responsible. Corsi is named as the author of several best-selling Israeli psy-ops books, including Unfit for Command (2004), Atomic Iran (2005), Minutemen (2006), The Obama Nation (2008).""","Q_AUTHORED_CURRENT_POST","QUOTED_OR_EMBEDDED","QUOTED_THIRD_PARTY","PROSE","HIGH","","OLD_Q_BODY_TO_NEW_QUOTED","self-contained quotation: one line opening and closing on quotation marks, paragraph length","Directives|Questions|Claims|Entities"
"2112","0",">>2925016","Q_AUTHORED_CURRENT_POST","QUOTED_OR_EMBEDDED","QUOTED_ANONYMOUS_POST","BOARD_POINTER","HIGH","","OLD_Q_BODY_TO_NEW_QUOTED","board back-reference pointer","Questions|Entities|Themes"
"2113","0",">>2925189","Q_AUTHORED_CURRENT_POST","QUOTED_OR_EMBEDDED","QUOTED_PRIOR_Q_POST","BOARD_POINTER","HIGH","2112","OLD_Q_BODY_TO_NEW_QUOTED","board back-reference pointer","Directives|Questions|Claims|Entities"
"2114","0",">>2925398","Q_AUTHORED_CURRENT_POST","QUOTED_OR_EMBEDDED","QUOTED_PRIOR_Q_POST","BOARD_POINTER","HIGH","2113","OLD_Q_BODY_TO_NEW_QUOTED","board back-reference pointer","Questions|Claims|Codes|Emphasis|Entities|Themes"
"2115","0",">>2925488","Q_AUTHORED_CURRENT_POST","QUOTED_OR_EMBEDDED","QUOTED_ANONYMOUS_POST","BOARD_POINTER","HIGH","","OLD_Q_BODY_TO_NEW_QUOTED","board back-reference pointer","Directives|Claims|Emphasis|Entities|Themes"
"2116","0",">>2925758","Q_AUTHORED_CURRENT_POST","QUOTED_OR_EMBEDDED","QUOTED_ANONYMOUS_POST","BOARD_POINTER","HIGH","","OLD_Q_BODY_TO_NEW_QUOTED","board back-reference pointer","Claims|Entities|Themes"
"2117","0",">>2925844","Q_AUTHORED_CURRENT_POST","QUOTED_OR_EMBEDDED","QUOTED_ANONYMOUS_POST","BOARD_POINTER","HIGH","","OLD_Q_BODY_TO_NEW_QUOTED","board back-reference pointer","Questions|Entities|Themes"
"2118","0",">>2926085","Q_AUTHORED_CURRENT_POST","QUOTED_OR_EMBEDDED","QUOTED_ANONYMOUS_POST","BOARD_POINTER","HIGH","","OLD_Q_BODY_TO_NEW_QUOTED","board back-reference pointer","Claims|Codes|Emphasis|Entities"
"2119","3","There was a time when our history (heritage) was taught with PRIDE and RESPECT.","QUOTED_OR_EMBEDDED (sustained prose block — pasted or quoted passage)","Q_AUTHORED_CURRENT_POST","Q_BODY","PROSE","HIGH","","OLD_QUOTED_TO_NEW_Q_BODY","long sentence inside a drop whose dominant register is Q — prose shape alone is not a quotation","Questions|Claims|Emphasis|Entities|Themes"
"2119","4","There was a time when respect was given to those who serve(d), bled, and died to protect and defend our GOD GIVEN FREEDOM.","QUOTED_OR_EMBEDDED (sustained prose block — pasted or quoted passage)","Q_AUTHORED_CURRENT_POST","Q_BODY","PROSE","HIGH","","OLD_QUOTED_TO_NEW_Q_BODY","long sentence inside a drop whose dominant register is Q — prose shape alone is not a quotation","Questions|Claims|Emphasis|Entities|Themes"
"2119","6","There was a time when these UNITED STATES OF AMERICA, ONE NATION UNDER GOD, was UNITED.","QUOTED_OR_EMBEDDED (sustained prose block — pasted or quoted passage)","Q_AUTHORED_CURRENT_POST","Q_BODY","PROSE","HIGH","","OLD_QUOTED_TO_NEW_Q_BODY","long sentence inside a drop whose dominant register is Q — prose shape alone is not a quotation","Questions|Claims|Emphasis|Entities|Themes"
"2119","7","There was a time when these UNITED STATES OF AMERICA, ONE NATION UNDER GOD, was UNITED UNDER ONE FLAG.","QUOTED_OR_EMBEDDED (sustained prose block — pasted or quoted passage)","Q_AUTHORED_CURRENT_POST","Q_BODY","PROSE","HIGH","","OLD_QUOTED_TO_NEW_Q_BODY","long sentence inside a drop whose dominant register is Q — prose shape alone is not a quotation","Questions|Claims|Emphasis|Entities|Themes"
"2119","10","There was a time when, WE, THE PEOPLE, were UNITED and STRONG.","QUOTED_OR_EMBEDDED (sustained prose block — pasted or quoted passage)","Q_AUTHORED_CURRENT_POST","Q_BODY","PROSE","HIGH","","OLD_QUOTED_TO_NEW_Q_BODY","long sentence inside a drop whose dominant register is Q — prose shape alone is not a quotation","Questions|Claims|Emphasis|Entities|Themes"
"212","0",">>150564270","Q_AUTHORED_CURRENT_POST","QUOTED_OR_EMBEDDED","QUOTED_ANONYMOUS_POST","BOARD_POINTER","HIGH","","OLD_Q_BODY_TO_NEW_QUOTED","board back-reference pointer","Questions"
"2121","0",">>2947705","Q_AUTHORED_CURRENT_POST","QUOTED_OR_EMBEDDED","QUOTED_ANONYMOUS_POST","BOARD_POINTER","HIGH","","OLD_Q_BODY_TO_NEW_QUOTED","board back-reference pointer",""
"2122","0",">>2947825","Q_AUTHORED_CURRENT_POST","QUOTED_OR_EMBEDDED","QUOTED_PRIOR_Q_POST","BOARD_POINTER","HIGH","2121","OLD_Q_BODY_TO_NEW_QUOTED","board back-reference pointer","Claims|Emphasis|Entities"
"2123","0",">>2950600","Q_AUTHORED_CURRENT_POST","QUOTED_OR_EMBEDDED","QUOTED_ANONYMOUS_POST","BOARD_POINTER","HIGH","","OLD_Q_BODY_TO_NEW_QUOTED","board back-reference pointer","Directives|Questions|Claims|Codes|Emphasis|Entities|Themes"
"2124","0",">>2950820","Q_AUTHORED_CURRENT_POST","QUOTED_OR_EMBEDDED","QUOTED_PRIOR_Q_POST","BOARD_POINTER","HIGH","2123","OLD_Q_BODY_TO_NEW_QUOTED","board back-reference pointer",""
"2125","0",">>2950871","Q_AUTHORED_CURRENT_POST","QUOTED_OR_EMBEDDED","QUOTED_ANONYMOUS_POST","BOARD_POINTER","HIGH","","OLD_Q_BODY_TO_NEW_QUOTED","board back-reference pointer",""
"2126","0",">>2950906","Q_AUTHORED_CURRENT_POST","QUOTED_OR_EMBEDDED","QUOTED_ANONYMOUS_POST","BOARD_POINTER","HIGH","","OLD_Q_BODY_TO_NEW_QUOTED","board back-reference pointer","Directives|Questions|Claims|Codes|Entities|Themes"
"2131","0",">>208","Q_AUTHORED_CURRENT_POST","QUOTED_OR_EMBEDDED","QUOTED_PRIOR_Q_POST","BOARD_POINTER","HIGH","2130","OLD_Q_BODY_TO_NEW_QUOTED","board back-reference pointer","Codes"
"2133","0",">>2962342","Q_AUTHORED_CURRENT_POST","QUOTED_OR_EMBEDDED","QUOTED_ANONYMOUS_POST","BOARD_POINTER","HIGH","","OLD_Q_BODY_TO_NEW_QUOTED","board back-reference pointer",""
"2134","0",">>2962827","Q_AUTHORED_CURRENT_POST","QUOTED_OR_EMBEDDED","QUOTED_ANONYMOUS_POST","BOARD_POINTER","HIGH","","OLD_Q_BODY_TO_NEW_QUOTED","board back-reference pointer",""
"2135","4","""Review of the new documents raises grave concerns regarding an apparent systemic culture of media leaking by high-ranking officials at the FBI and DOJ related to ongoing investigations.""","Q_AUTHORED_CURRENT_POST","QUOTED_OR_EMBEDDED","QUOTED_THIRD_PARTY","PROSE","HIGH","","OLD_Q_BODY_TO_NEW_QUOTED","self-contained quotation: one line opening and closing on quotation marks, paragraph length","Directives|Questions|Claims|Codes|Emphasis|Entities|Themes"
"2137","0",">>2963466","Q_AUTHORED_CURRENT_POST","QUOTED_OR_EMBEDDED","QUOTED_ANONYMOUS_POST","BOARD_POINTER","HIGH","","OLD_Q_BODY_TO_NEW_QUOTED","board back-reference pointer",""
"2138","0",">>2963562","Q_AUTHORED_CURRENT_POST","QUOTED_OR_EMBEDDED","QUOTED_ANONYMOUS_POST","BOARD_POINTER","HIGH","","OLD_Q_BODY_TO_NEW_QUOTED","board back-reference pointer","Themes"
"2139","0",">>2964015","Q_AUTHORED_CURRENT_POST","QUOTED_OR_EMBEDDED","QUOTED_ANONYMOUS_POST","BOARD_POINTER","HIGH","","OLD_Q_BODY_TO_NEW_QUOTED","board back-reference pointer","Directives|Codes"
"2140","0",">>2964144","Q_AUTHORED_CURRENT_POST","QUOTED_OR_EMBEDDED","QUOTED_ANONYMOUS_POST","BOARD_POINTER","HIGH","","OLD_Q_BODY_TO_NEW_QUOTED","board back-reference pointer","Claims|Codes|Emphasis|Themes"
"2141","0",">>2964303","Q_AUTHORED_CURRENT_POST","QUOTED_OR_EMBEDDED","QUOTED_ANONYMOUS_POST","BOARD_POINTER","HIGH","","OLD_Q_BODY_TO_NEW_QUOTED","board back-reference pointer","Directives|Themes"
"2142","0",">>2964345","Q_AUTHORED_CURRENT_POST","QUOTED_OR_EMBEDDED","QUOTED_ANONYMOUS_POST","BOARD_POINTER","HIGH","","OLD_Q_BODY_TO_NEW_QUOTED","board back-reference pointer","Claims|Emphasis|Entities"
"2142","2",">>2964367","Q_AUTHORED_CURRENT_POST","QUOTED_OR_EMBEDDED","QUOTED_ANONYMOUS_POST","BOARD_POINTER","HIGH","","OLD_Q_BODY_TO_NEW_QUOTED","board back-reference pointer","Claims|Emphasis|Entities"
"2143","0",">>2964423","Q_AUTHORED_CURRENT_POST","QUOTED_OR_EMBEDDED","QUOTED_ANONYMOUS_POST","BOARD_POINTER","HIGH","","OLD_Q_BODY_TO_NEW_QUOTED","board back-reference pointer",""
"2144","0",">>2964559","Q_AUTHORED_CURRENT_POST","QUOTED_OR_EMBEDDED","QUOTED_ANONYMOUS_POST","BOARD_POINTER","HIGH","","OLD_Q_BODY_TO_NEW_QUOTED","board back-reference pointer","Questions"
"2144","2",">>2964624","Q_AUTHORED_CURRENT_POST","QUOTED_OR_EMBEDDED","QUOTED_ANONYMOUS_POST","BOARD_POINTER","HIGH","","OLD_Q_BODY_TO_NEW_QUOTED","board back-reference pointer","Questions"
"2147","0",">>2965895","Q_AUTHORED_CURRENT_POST","QUOTED_OR_EMBEDDED","QUOTED_PRIOR_Q_POST","BOARD_POINTER","HIGH","2146","OLD_Q_BODY_TO_NEW_QUOTED","board back-reference pointer","Directives|Themes"
"2148","0",">>2965953","Q_AUTHORED_CURRENT_POST","QUOTED_OR_EMBEDDED","QUOTED_PRIOR_Q_POST","BOARD_POINTER","HIGH","2147","OLD_Q_BODY_TO_NEW_QUOTED","board back-reference pointer","Claims|Emphasis"
"2168","0",">>2994458","Q_AUTHORED_CURRENT_POST","QUOTED_OR_EMBEDDED","QUOTED_ANONYMOUS_POST","BOARD_POINTER","HIGH","","OLD_Q_BODY_TO_NEW_QUOTED","board back-reference pointer","Questions|Claims|Codes|Emphasis|Entities"
"2169","0",">>2995106","Q_AUTHORED_CURRENT_POST","QUOTED_OR_EMBEDDED","QUOTED_ANONYMOUS_POST","BOARD_POINTER","HIGH","","OLD_Q_BODY_TO_NEW_QUOTED","board back-reference pointer","Themes"
"2169","2",">>2995190","Q_AUTHORED_CURRENT_POST","QUOTED_OR_EMBEDDED","QUOTED_ANONYMOUS_POST","BOARD_POINTER","HIGH","","OLD_Q_BODY_TO_NEW_QUOTED","board back-reference pointer","Themes"
"217","0",">>150569615","Q_AUTHORED_CURRENT_POST","QUOTED_OR_EMBEDDED","QUOTED_ANONYMOUS_POST","BOARD_POINTER","HIGH","","OLD_Q_BODY_TO_NEW_QUOTED","board back-reference pointer","Entities"
"218","0",">>150569907","Q_AUTHORED_CURRENT_POST","QUOTED_OR_EMBEDDED","QUOTED_ANONYMOUS_POST","BOARD_POINTER","HIGH","","OLD_Q_BODY_TO_NEW_QUOTED","board back-reference pointer",""
"2180","13","1. a person who betrays another, a cause, or any trust.","QUOTED_OR_EMBEDDED (numbered definition)","Q_AUTHORED_CURRENT_POST","Q_BODY","PROSE","HIGH","","OLD_QUOTED_TO_NEW_Q_BODY","canonical post body, no embedded-source evidence","Directives|Questions|Claims|Codes|Entities|Themes"
"2180","14","2. a person who commits treason by betraying his or her country.","QUOTED_OR_EMBEDDED (numbered definition (continuation))","Q_AUTHORED_CURRENT_POST","Q_BODY","PROSE","HIGH","","OLD_QUOTED_TO_NEW_Q_BODY","canonical post body, no embedded-source evidence","Directives|Questions|Claims|Codes|Entities|Themes"
"2180","15","Synonym = Renegade","QUOTED_OR_EMBEDDED (numbered definition (continuation))","Q_AUTHORED_CURRENT_POST","Q_BODY","PROSE","HIGH","","OLD_QUOTED_TO_NEW_Q_BODY","canonical post body, no embedded-source evidence","Directives|Questions|Claims|Codes|Entities|Themes"
"2180","16","What was the USSS codename for HUSSEIN?","QUOTED_OR_EMBEDDED (numbered definition (continuation))","Q_AUTHORED_CURRENT_POST","Q_BODY","PROSE","HIGH","","OLD_QUOTED_TO_NEW_Q_BODY","canonical post body, no embedded-source evidence","Directives|Questions|Claims|Codes|Entities|Themes"
"2181","0",">>242","Q_AUTHORED_CURRENT_POST","QUOTED_OR_EMBEDDED","QUOTED_PRIOR_Q_POST","BOARD_POINTER","HIGH","242","OLD_Q_BODY_TO_NEW_QUOTED","board back-reference pointer","Questions|Entities|Themes"
"2182","0",">>3045858","Q_AUTHORED_CURRENT_POST","QUOTED_OR_EMBEDDED","QUOTED_ANONYMOUS_POST","BOARD_POINTER","HIGH","","OLD_Q_BODY_TO_NEW_QUOTED","board back-reference pointer","Entities"
"2183","0",">>3045932","Q_AUTHORED_CURRENT_POST","QUOTED_OR_EMBEDDED","QUOTED_ANONYMOUS_POST","BOARD_POINTER","HIGH","","OLD_Q_BODY_TO_NEW_QUOTED","board back-reference pointer",""
"2184","0",">>3045943","Q_AUTHORED_CURRENT_POST","QUOTED_OR_EMBEDDED","QUOTED_PRIOR_Q_POST","BOARD_POINTER","HIGH","2183","OLD_Q_BODY_TO_NEW_QUOTED","board back-reference pointer","Directives|Questions|Claims|Emphasis|Entities|Themes"
"2186","0",">>3046027","Q_AUTHORED_CURRENT_POST","QUOTED_OR_EMBEDDED","QUOTED_PRIOR_Q_POST","BOARD_POINTER","HIGH","2184","OLD_Q_BODY_TO_NEW_QUOTED","board back-reference pointer","Directives|Claims|Emphasis|Entities|Themes"
"2190","0",">>3061664","Q_AUTHORED_CURRENT_POST","QUOTED_OR_EMBEDDED","QUOTED_ANONYMOUS_POST","BOARD_POINTER","HIGH","","OLD_Q_BODY_TO_NEW_QUOTED","board back-reference pointer","Directives|Emphasis|Themes"
"2192","0",">>3061810","Q_AUTHORED_CURRENT_POST","QUOTED_OR_EMBEDDED","QUOTED_ANONYMOUS_POST","BOARD_POINTER","HIGH","","OLD_Q_BODY_TO_NEW_QUOTED","board back-reference pointer","Claims"
"2195","0",">>3062563","Q_AUTHORED_CURRENT_POST","QUOTED_OR_EMBEDDED","QUOTED_ANONYMOUS_POST","BOARD_POINTER","HIGH","","OLD_Q_BODY_TO_NEW_QUOTED","board back-reference pointer","Questions"
"2198","0",">>235","Q_AUTHORED_CURRENT_POST","QUOTED_OR_EMBEDDED","QUOTED_PRIOR_Q_POST","BOARD_POINTER","HIGH","235","OLD_Q_BODY_TO_NEW_QUOTED","board back-reference pointer","Claims|Themes"
"2211","4","“Since 2015, he has simultaneously served as the Chair of the Council of the Inspectors General on Integrity and Efficiency (CIGIE), an organization comprised of all 73 federal Inspectors General.”","Q_AUTHORED_CURRENT_POST","QUOTED_OR_EMBEDDED","QUOTED_THIRD_PARTY","PROSE","HIGH","","OLD_Q_BODY_TO_NEW_QUOTED","self-contained quotation: one line opening and closing on quotation marks, paragraph length","Directives|Questions|Claims|Codes|Emphasis|Entities|Themes"
"2217","0",">>3093289","Q_AUTHORED_CURRENT_POST","QUOTED_OR_EMBEDDED","QUOTED_ANONYMOUS_POST","BOARD_POINTER","HIGH","","OLD_Q_BODY_TO_NEW_QUOTED","board back-reference pointer","Entities|Themes"
"2218","0",">>3093293","Q_AUTHORED_CURRENT_POST","QUOTED_OR_EMBEDDED","QUOTED_ANONYMOUS_POST","BOARD_POINTER","HIGH","","OLD_Q_BODY_TO_NEW_QUOTED","board back-reference pointer","Entities"
"2219","0",">>3093306","Q_AUTHORED_CURRENT_POST","QUOTED_OR_EMBEDDED","QUOTED_ANONYMOUS_POST","BOARD_POINTER","HIGH","","OLD_Q_BODY_TO_NEW_QUOTED","board back-reference pointer","Directives|Questions|Claims|Emphasis"
"222","0",">>150682213","Q_AUTHORED_CURRENT_POST","QUOTED_OR_EMBEDDED","QUOTED_ANONYMOUS_POST","BOARD_POINTER","HIGH","","OLD_Q_BODY_TO_NEW_QUOTED","board back-reference pointer",""
"2221","0",">>3093795","Q_AUTHORED_CURRENT_POST","QUOTED_OR_EMBEDDED","QUOTED_ANONYMOUS_POST","BOARD_POINTER","HIGH","","OLD_Q_BODY_TO_NEW_QUOTED","board back-reference pointer",""
"2222","0",">>3093831","Q_AUTHORED_CURRENT_POST","QUOTED_OR_EMBEDDED","QUOTED_ANONYMOUS_POST","BOARD_POINTER","HIGH","","OLD_Q_BODY_TO_NEW_QUOTED","board back-reference pointer","Directives"
"2223","0",">>3093917","Q_AUTHORED_CURRENT_POST","QUOTED_OR_EMBEDDED","QUOTED_ANONYMOUS_POST","BOARD_POINTER","HIGH","","OLD_Q_BODY_TO_NEW_QUOTED","board back-reference pointer","Claims|Codes|Entities"
"2225","0",">>3094804","Q_AUTHORED_CURRENT_POST","QUOTED_OR_EMBEDDED","QUOTED_ANONYMOUS_POST","BOARD_POINTER","HIGH","","OLD_Q_BODY_TO_NEW_QUOTED","board back-reference pointer","Claims"
"2226","0",">>3094846","Q_AUTHORED_CURRENT_POST","QUOTED_OR_EMBEDDED","QUOTED_ANONYMOUS_POST","BOARD_POINTER","HIGH","","OLD_Q_BODY_TO_NEW_QUOTED","board back-reference pointer",""
"2227","0",">>221","Q_AUTHORED_CURRENT_POST","QUOTED_OR_EMBEDDED","QUOTED_PRIOR_Q_POST","BOARD_POINTER","HIGH","221","OLD_Q_BODY_TO_NEW_QUOTED","board back-reference pointer","Codes"
"2228","0",">>3106571","Q_AUTHORED_CURRENT_POST","QUOTED_OR_EMBEDDED","QUOTED_ANONYMOUS_POST","BOARD_POINTER","HIGH","","OLD_Q_BODY_TO_NEW_QUOTED","board back-reference pointer","Questions|Themes"
"2229","0",">>3106656","Q_AUTHORED_CURRENT_POST","QUOTED_OR_EMBEDDED","QUOTED_ANONYMOUS_POST","BOARD_POINTER","HIGH","","OLD_Q_BODY_TO_NEW_QUOTED","board back-reference pointer","Themes"
"2230","0",">>3106680","Q_AUTHORED_CURRENT_POST","QUOTED_OR_EMBEDDED","QUOTED_ANONYMOUS_POST","BOARD_POINTER","HIGH","","OLD_Q_BODY_TO_NEW_QUOTED","board back-reference pointer","Directives|Questions|Entities|Themes"
"2231","0",">>3106763","Q_AUTHORED_CURRENT_POST","QUOTED_OR_EMBEDDED","QUOTED_ANONYMOUS_POST","BOARD_POINTER","HIGH","","OLD_Q_BODY_TO_NEW_QUOTED","board back-reference pointer","Directives|Questions|Themes"
"2232","0",">>3106797","Q_AUTHORED_CURRENT_POST","QUOTED_OR_EMBEDDED","QUOTED_ANONYMOUS_POST","BOARD_POINTER","HIGH","","OLD_Q_BODY_TO_NEW_QUOTED","board back-reference pointer","Questions|Emphasis"
"2233","0",">>3106697","Q_AUTHORED_CURRENT_POST","QUOTED_OR_EMBEDDED","QUOTED_ANONYMOUS_POST","BOARD_POINTER","HIGH","","OLD_Q_BODY_TO_NEW_QUOTED","board back-reference pointer","Themes"
"2234","0",">>3106936","Q_AUTHORED_CURRENT_POST","QUOTED_OR_EMBEDDED","QUOTED_ANONYMOUS_POST","BOARD_POINTER","HIGH","","OLD_Q_BODY_TO_NEW_QUOTED","board back-reference pointer","Directives|Claims|Emphasis"
"2235","0",">>3107152","Q_AUTHORED_CURRENT_POST","QUOTED_OR_EMBEDDED","QUOTED_ANONYMOUS_POST","BOARD_POINTER","HIGH","","OLD_Q_BODY_TO_NEW_QUOTED","board back-reference pointer","Directives|Claims|Entities|Themes"
"224","0",">>150697054","Q_AUTHORED_CURRENT_POST","QUOTED_OR_EMBEDDED","QUOTED_ANONYMOUS_POST","BOARD_POINTER","HIGH","","OLD_Q_BODY_TO_NEW_QUOTED","board back-reference pointer","Directives|Questions|Claims"
"2243","0",">>3115286","Q_AUTHORED_CURRENT_POST","QUOTED_OR_EMBEDDED","QUOTED_ANONYMOUS_POST","BOARD_POINTER","HIGH","","OLD_Q_BODY_TO_NEW_QUOTED","board back-reference pointer","Codes|Entities"
"2244","0",">>274","Q_AUTHORED_CURRENT_POST","QUOTED_OR_EMBEDDED","QUOTED_PRIOR_Q_POST","BOARD_POINTER","HIGH","274","OLD_Q_BODY_TO_NEW_QUOTED","board back-reference pointer",""
"2246","0",">>3117830","Q_AUTHORED_CURRENT_POST","QUOTED_OR_EMBEDDED","QUOTED_ANONYMOUS_POST","BOARD_POINTER","HIGH","","OLD_Q_BODY_TO_NEW_QUOTED","board back-reference pointer","Themes"
"2247","0",">>3118079","Q_AUTHORED_CURRENT_POST","QUOTED_OR_EMBEDDED","QUOTED_ANONYMOUS_POST","BOARD_POINTER","HIGH","","OLD_Q_BODY_TO_NEW_QUOTED","board back-reference pointer",""
"2249","0",">>3121219","Q_AUTHORED_CURRENT_POST","QUOTED_OR_EMBEDDED","QUOTED_ANONYMOUS_POST","BOARD_POINTER","HIGH","","OLD_Q_BODY_TO_NEW_QUOTED","board back-reference pointer","Directives|Questions|Emphasis"
"225","0",">>150698169","Q_AUTHORED_CURRENT_POST","QUOTED_OR_EMBEDDED","QUOTED_ANONYMOUS_POST","BOARD_POINTER","HIGH","","OLD_Q_BODY_TO_NEW_QUOTED","board back-reference pointer","Directives|Questions|Claims|Themes"
"2250","2","""…this victory is even more frightening because the district is 73 percent African-American and Hispanic.""","Q_AUTHORED_CURRENT_POST","QUOTED_OR_EMBEDDED","QUOTED_THIRD_PARTY","PROSE","HIGH","","OLD_Q_BODY_TO_NEW_QUOTED","pasted passage opening on a quotation mark","Directives|Claims"
"2255","0",">>3124058","Q_AUTHORED_CURRENT_POST","QUOTED_OR_EMBEDDED","QUOTED_ANONYMOUS_POST","BOARD_POINTER","HIGH","","OLD_Q_BODY_TO_NEW_QUOTED","board back-reference pointer","Directives|Codes|Emphasis|Entities"
"2258","2","Senate Democratic Leader Chuck Schumer quickly warned Trump against seizing on the report as a reason to dismiss Rosenstein.","QUOTED_OR_EMBEDDED (sustained prose block — pasted or quoted passage)","Q_AUTHORED_CURRENT_POST","Q_BODY","PROSE","HIGH","","OLD_QUOTED_TO_NEW_Q_BODY","long sentence inside a drop whose dominant register is Q — prose shape alone is not a quotation","Questions|Entities"
"2265","0",">>3128846","Q_AUTHORED_CURRENT_POST","QUOTED_OR_EMBEDDED","QUOTED_ANONYMOUS_POST","BOARD_POINTER","HIGH","","OLD_Q_BODY_TO_NEW_QUOTED","board back-reference pointer","Directives|Questions|Codes|Entities"
"2266","0",">>3129085","Q_AUTHORED_CURRENT_POST","QUOTED_OR_EMBEDDED","QUOTED_ANONYMOUS_POST","BOARD_POINTER","HIGH","","OLD_Q_BODY_TO_NEW_QUOTED","board back-reference pointer",""
"2268","0",">>3130421","Q_AUTHORED_CURRENT_POST","QUOTED_OR_EMBEDDED","QUOTED_ANONYMOUS_POST","BOARD_POINTER","HIGH","","OLD_Q_BODY_TO_NEW_QUOTED","board back-reference pointer","Entities"
"2269","0",">>3131408","Q_AUTHORED_CURRENT_POST","QUOTED_OR_EMBEDDED","QUOTED_ANONYMOUS_POST","BOARD_POINTER","HIGH","","OLD_Q_BODY_TO_NEW_QUOTED","board back-reference pointer","Directives|Emphasis|Entities"
"2270","0",">>3131643","Q_AUTHORED_CURRENT_POST","QUOTED_OR_EMBEDDED","QUOTED_PRIOR_Q_POST","BOARD_POINTER","HIGH","2269","OLD_Q_BODY_TO_NEW_QUOTED","board back-reference pointer","Claims|Entities"
"2271","0",">>3131764","Q_AUTHORED_CURRENT_POST","QUOTED_OR_EMBEDDED","QUOTED_PRIOR_Q_POST","BOARD_POINTER","HIGH","2270","OLD_Q_BODY_TO_NEW_QUOTED","board back-reference pointer","Claims"
"2273","0",">>281","Q_AUTHORED_CURRENT_POST","QUOTED_OR_EMBEDDED","QUOTED_PRIOR_Q_POST","BOARD_POINTER","HIGH","281","OLD_Q_BODY_TO_NEW_QUOTED","board back-reference pointer","Directives|Claims|Codes|Emphasis|Entities|Themes"
"2275","0",">>293","Q_AUTHORED_CURRENT_POST","QUOTED_OR_EMBEDDED","QUOTED_PRIOR_Q_POST","BOARD_POINTER","HIGH","293","OLD_Q_BODY_TO_NEW_QUOTED","board back-reference pointer","Questions|Codes|Entities|Themes"
"2279","0",">>3219273","Q_AUTHORED_CURRENT_POST","QUOTED_OR_EMBEDDED","QUOTED_ANONYMOUS_POST","BOARD_POINTER","HIGH","","OLD_Q_BODY_TO_NEW_QUOTED","board back-reference pointer","Claims"
"2282","0",">>300","Q_AUTHORED_CURRENT_POST","QUOTED_OR_EMBEDDED","QUOTED_PRIOR_Q_POST","BOARD_POINTER","HIGH","300","OLD_Q_BODY_TO_NEW_QUOTED","board back-reference pointer",""
"2287","0",">>3224486","Q_AUTHORED_CURRENT_POST","QUOTED_OR_EMBEDDED","QUOTED_PRIOR_Q_POST","BOARD_POINTER","HIGH","2286","OLD_Q_BODY_TO_NEW_QUOTED","board back-reference pointer","Directives|Questions|Emphasis|Themes"
"2288","0",">>3224714","Q_AUTHORED_CURRENT_POST","QUOTED_OR_EMBEDDED","QUOTED_PRIOR_Q_POST","BOARD_POINTER","HIGH","2287","OLD_Q_BODY_TO_NEW_QUOTED","board back-reference pointer","Questions|Codes|Themes"
"2289","0",">>3224849","Q_AUTHORED_CURRENT_POST","QUOTED_OR_EMBEDDED","QUOTED_ANONYMOUS_POST","BOARD_POINTER","HIGH","","OLD_Q_BODY_TO_NEW_QUOTED","board back-reference pointer","Claims"
"2290","0",">>3225050","Q_AUTHORED_CURRENT_POST","QUOTED_OR_EMBEDDED","QUOTED_ANONYMOUS_POST","BOARD_POINTER","HIGH","","OLD_Q_BODY_TO_NEW_QUOTED","board back-reference pointer","Claims|Themes"
"2292","0",">>3225317","Q_AUTHORED_CURRENT_POST","QUOTED_OR_EMBEDDED","QUOTED_PRIOR_Q_POST","BOARD_POINTER","HIGH","2291","OLD_Q_BODY_TO_NEW_QUOTED","board back-reference pointer","Directives|Questions|Entities"
"2293","0",">>3225498","Q_AUTHORED_CURRENT_POST","QUOTED_OR_EMBEDDED","QUOTED_ANONYMOUS_POST","BOARD_POINTER","HIGH","","OLD_Q_BODY_TO_NEW_QUOTED","board back-reference pointer",""
"2295","0",">>3225317","Q_AUTHORED_CURRENT_POST","QUOTED_OR_EMBEDDED","QUOTED_PRIOR_Q_POST","BOARD_POINTER","HIGH","2291","OLD_Q_BODY_TO_NEW_QUOTED","board back-reference pointer","Directives|Questions|Codes|Emphasis|Entities|Themes"
"23","5","They knew our agencies would grow in power so much so they could/can hold the executive hostage or engage with bad actors.","QUOTED_OR_EMBEDDED (sustained prose block — pasted or quoted passage)","Q_AUTHORED_CURRENT_POST","Q_BODY","PROSE","HIGH","","OLD_QUOTED_TO_NEW_Q_BODY","long sentence inside a drop whose dominant register is Q — prose shape alone is not a quotation","Directives|Questions|Claims|Entities|Themes"
"23","6","Trump nominated someone new to direct every agency but one. He controls the top.","QUOTED_OR_EMBEDDED (sustained prose block — pasted or quoted passage)","Q_AUTHORED_CURRENT_POST","Q_BODY","PROSE","HIGH","","OLD_QUOTED_TO_NEW_Q_BODY","long sentence inside a drop whose dominant register is Q — prose shape alone is not a quotation","Directives|Questions|Claims|Entities|Themes"
"2305","0",">>3281924","Q_AUTHORED_CURRENT_POST","QUOTED_OR_EMBEDDED","QUOTED_ANONYMOUS_POST","BOARD_POINTER","HIGH","","OLD_Q_BODY_TO_NEW_QUOTED","board back-reference pointer","Directives|Questions|Claims|Codes|Emphasis|Entities|Themes"
"2306","0",">>3282114","Q_AUTHORED_CURRENT_POST","QUOTED_OR_EMBEDDED","QUOTED_ANONYMOUS_POST","BOARD_POINTER","HIGH","","OLD_Q_BODY_TO_NEW_QUOTED","board back-reference pointer","Directives|Questions|Claims|Codes|Emphasis|Entities|Themes"
"2309","0",">>3283955","Q_AUTHORED_CURRENT_POST","QUOTED_OR_EMBEDDED","QUOTED_ANONYMOUS_POST","BOARD_POINTER","HIGH","","OLD_Q_BODY_TO_NEW_QUOTED","board back-reference pointer","Directives|Questions|Claims|Entities"
"2310","0",">>3284775","Q_AUTHORED_CURRENT_POST","QUOTED_OR_EMBEDDED","QUOTED_ANONYMOUS_POST","BOARD_POINTER","HIGH","","OLD_Q_BODY_TO_NEW_QUOTED","board back-reference pointer",""
"2311","0",">>3284952","Q_AUTHORED_CURRENT_POST","QUOTED_OR_EMBEDDED","QUOTED_ANONYMOUS_POST","BOARD_POINTER","HIGH","","OLD_Q_BODY_TO_NEW_QUOTED","board back-reference pointer",""
"2312","0",">>3285173","Q_AUTHORED_CURRENT_POST","QUOTED_OR_EMBEDDED","QUOTED_ANONYMOUS_POST","BOARD_POINTER","HIGH","","OLD_Q_BODY_TO_NEW_QUOTED","board back-reference pointer","Directives|Entities|Themes"
"2313","0",">>3285327","Q_AUTHORED_CURRENT_POST","QUOTED_OR_EMBEDDED","QUOTED_ANONYMOUS_POST","BOARD_POINTER","HIGH","","OLD_Q_BODY_TO_NEW_QUOTED","board back-reference pointer","Claims|Themes"
"2314","0",">>3285666","Q_AUTHORED_CURRENT_POST","QUOTED_OR_EMBEDDED","QUOTED_ANONYMOUS_POST","BOARD_POINTER","HIGH","","OLD_Q_BODY_TO_NEW_QUOTED","board back-reference pointer","Directives|Claims|Entities|Themes"
"2323","0",">>267","Q_AUTHORED_CURRENT_POST","QUOTED_OR_EMBEDDED","QUOTED_PRIOR_Q_POST","BOARD_POINTER","HIGH","267","OLD_Q_BODY_TO_NEW_QUOTED","board back-reference pointer","Questions|Codes|Entities|Themes"
"2324","0",">>324","Q_AUTHORED_CURRENT_POST","QUOTED_OR_EMBEDDED","QUOTED_PRIOR_Q_POST","BOARD_POINTER","HIGH","324","OLD_Q_BODY_TO_NEW_QUOTED","board back-reference pointer","Directives|Questions|Codes|Entities|Themes"
"2324","1","James Baker closed door testimony today + previous to IG / GJ statements > sealed > timed re: Sessions subpoena tomorrow?","Q_AUTHORED_CURRENT_POST","QUOTED_OR_EMBEDDED","QUOTED_THIRD_PARTY","PROSE","HIGH","","OLD_Q_BODY_TO_NEW_QUOTED","pasted passage directly beneath a source link or pointer","Directives|Questions|Codes|Entities|Themes"
"2324","2","If Sessions is recused from Russia probe [prevented rec of related docs / info / etc] how can Sessions learn [RR] conflicts re: Russia probe?","Q_AUTHORED_CURRENT_POST","QUOTED_OR_EMBEDDED","QUOTED_THIRD_PARTY","PROSE","HIGH","","OLD_Q_BODY_TO_NEW_QUOTED","pasted passage directly beneath a source link or pointer","Directives|Questions|Codes|Entities|Themes"
"2326","0",">>324","Q_AUTHORED_CURRENT_POST","QUOTED_OR_EMBEDDED","QUOTED_PRIOR_Q_POST","BOARD_POINTER","HIGH","324","OLD_Q_BODY_TO_NEW_QUOTED","board back-reference pointer","Directives|Questions|Codes|Emphasis|Entities|Themes"
"2328","0",">>3323661","Q_AUTHORED_CURRENT_POST","QUOTED_OR_EMBEDDED","QUOTED_ANONYMOUS_POST","BOARD_POINTER","HIGH","","OLD_Q_BODY_TO_NEW_QUOTED","board back-reference pointer","Questions|Themes"
"2329","0",">>3323746","Q_AUTHORED_CURRENT_POST","QUOTED_OR_EMBEDDED","QUOTED_ANONYMOUS_POST","BOARD_POINTER","HIGH","","OLD_Q_BODY_TO_NEW_QUOTED","board back-reference pointer","Claims|Emphasis|Themes"
"2329","3",">>3323750","Q_AUTHORED_CURRENT_POST","QUOTED_OR_EMBEDDED","QUOTED_ANONYMOUS_POST","BOARD_POINTER","HIGH","","OLD_Q_BODY_TO_NEW_QUOTED","board back-reference pointer","Claims|Emphasis|Themes"
"2331","0",">>329","Q_AUTHORED_CURRENT_POST","QUOTED_OR_EMBEDDED","QUOTED_PRIOR_Q_POST","BOARD_POINTER","HIGH","329","OLD_Q_BODY_TO_NEW_QUOTED","board back-reference pointer","Questions|Claims|Codes|Entities|Themes"
"2331","2","""Former FBI general counsel James Baker met during the 2016 season with at least one attorney from Perkins Coie, the Democratic National Committee’s private law firm.""","Q_AUTHORED_CURRENT_POST","QUOTED_OR_EMBEDDED","QUOTED_THIRD_PARTY","PROSE","HIGH","","OLD_Q_BODY_TO_NEW_QUOTED","self-contained quotation: one line opening and closing on quotation marks, paragraph length","Questions|Claims|Codes|Entities|Themes"
"2332","0",">>330","Q_AUTHORED_CURRENT_POST","QUOTED_OR_EMBEDDED","QUOTED_PRIOR_Q_POST","BOARD_POINTER","HIGH","330","OLD_Q_BODY_TO_NEW_QUOTED","board back-reference pointer","Directives|Questions|Claims|Codes|Emphasis|Entities"
"2332","8","https://www.cnn.com/2018/10/03/uk/uk-russia-cyber-attacks-intl/index.html","QUOTED_OR_EMBEDDED (inside a multi-line quotation)","Q_AUTHORED_CURRENT_POST","Q_BODY","URL_LINE","HIGH","","OLD_QUOTED_TO_NEW_Q_BODY","bare URL line, cut from the adjacent sentence","Directives|Questions|Claims|Codes|Emphasis|Entities"
"2334","0",">>3331878","Q_AUTHORED_CURRENT_POST","QUOTED_OR_EMBEDDED","QUOTED_ANONYMOUS_POST","BOARD_POINTER","HIGH","","OLD_Q_BODY_TO_NEW_QUOTED","board back-reference pointer","Questions|Claims|Codes"
"2336","0",">>333","Q_AUTHORED_CURRENT_POST","QUOTED_OR_EMBEDDED","QUOTED_PRIOR_Q_POST","BOARD_POINTER","HIGH","333","OLD_Q_BODY_TO_NEW_QUOTED","board back-reference pointer",""
"2343","0",">>3337425","Q_AUTHORED_CURRENT_POST","QUOTED_OR_EMBEDDED","QUOTED_PRIOR_Q_POST","BOARD_POINTER","HIGH","2342","OLD_Q_BODY_TO_NEW_QUOTED","board back-reference pointer","Questions"
"2344","0",">>3337502","Q_AUTHORED_CURRENT_POST","QUOTED_OR_EMBEDDED","QUOTED_PRIOR_Q_POST","BOARD_POINTER","HIGH","2343","OLD_Q_BODY_TO_NEW_QUOTED","board back-reference pointer","Questions|Themes"
"2349","0",">>343","Q_AUTHORED_CURRENT_POST","QUOTED_OR_EMBEDDED","QUOTED_PRIOR_Q_POST","BOARD_POINTER","HIGH","343","OLD_Q_BODY_TO_NEW_QUOTED","board back-reference pointer","Questions|Codes|Themes"
"2350","0",">>344","Q_AUTHORED_CURRENT_POST","QUOTED_OR_EMBEDDED","QUOTED_PRIOR_Q_POST","BOARD_POINTER","HIGH","344","OLD_Q_BODY_TO_NEW_QUOTED","board back-reference pointer","Directives|Questions|Claims|Codes|Emphasis|Entities|Themes"
"2355","0",">>3367982","Q_AUTHORED_CURRENT_POST","QUOTED_OR_EMBEDDED","QUOTED_ANONYMOUS_POST","BOARD_POINTER","HIGH","","OLD_Q_BODY_TO_NEW_QUOTED","board back-reference pointer","Directives|Claims|Emphasis|Entities|Themes"
"2356","0",">>298","Q_AUTHORED_CURRENT_POST","QUOTED_OR_EMBEDDED","QUOTED_PRIOR_Q_POST","BOARD_POINTER","HIGH","298","OLD_Q_BODY_TO_NEW_QUOTED","board back-reference pointer","Claims|Entities"
"2358","0",">>306","Q_AUTHORED_CURRENT_POST","QUOTED_OR_EMBEDDED","QUOTED_PRIOR_Q_POST","BOARD_POINTER","HIGH","306","OLD_Q_BODY_TO_NEW_QUOTED","board back-reference pointer","Directives|Questions|Claims|Codes|Emphasis|Entities|Themes"
"2365","3",">Coleman told us that he could not recall this briefing with Comey.","QUOTED_OR_EMBEDDED (greentext excerpt)","Q_AUTHORED_CURRENT_POST","Q_BODY","PROSE","MEDIUM","","OLD_QUOTED_TO_NEW_Q_BODY","greentext arrow with no matching quoted source — Q's own bullet","Claims|Codes|Emphasis|Entities"
"2365","4",">Coleman’s notes from October 4 contained the following entry:","QUOTED_OR_EMBEDDED (greentext excerpt)","Q_AUTHORED_CURRENT_POST","Q_BODY","PROSE","MEDIUM","","OLD_QUOTED_TO_NEW_Q_BODY","greentext arrow with no matching quoted source — Q's own bullet","Claims|Codes|Emphasis|Entities"
"2365","12",">We asked Coleman about these notes and he told us that, given their placement in his notebook, the notes would most likely represent information he was briefed on first thing in the morning by his subordinates in the +++Criminal Investigative Division+++.","QUOTED_OR_EMBEDDED (greentext excerpt)","Q_AUTHORED_CURRENT_POST","Q_BODY","PROSE","MEDIUM","","OLD_QUOTED_TO_NEW_Q_BODY","greentext arrow with no matching quoted source — Q's own bullet","Claims|Codes|Emphasis|Entities"
"2365","13",">Comey told us that he did not recall the briefing by Coleman reflected in his calendar.","QUOTED_OR_EMBEDDED (greentext excerpt)","Q_AUTHORED_CURRENT_POST","Q_BODY","PROSE","MEDIUM","","OLD_QUOTED_TO_NEW_Q_BODY","greentext arrow with no matching quoted source — Q's own bullet","Claims|Codes|Emphasis|Entities"
"2365","14",">We asked Comey if this briefing could have been the time in early October that he recalled being told about the connection between Midyear and the Weiner investigation. Comey stated:","QUOTED_OR_EMBEDDED (greentext excerpt)","Q_AUTHORED_CURRENT_POST","Q_BODY","PROSE","MEDIUM","","OLD_QUOTED_TO_NEW_Q_BODY","greentext arrow with no matching quoted source — Q's own bullet","Claims|Codes|Emphasis|Entities"
"2365","15","""It’s possible, possible this is what is knocking around in the back of my head, but I really, see I know the frailty of memory from having done a lot of this work, at least in my memory it’s much more of an informal than a meeting about it, but it’s possible.""","Q_AUTHORED_CURRENT_POST","QUOTED_OR_EMBEDDED","QUOTED_THIRD_PARTY","PROSE","HIGH","","OLD_Q_BODY_TO_NEW_QUOTED","self-contained quotation: one line opening and closing on quotation marks, paragraph length","Claims|Codes|Emphasis|Entities"
"2365","16",">We showed Coleman’s notes from October 4 to Comey. Comey did not recall being briefed on the information contained in the notes.","QUOTED_OR_EMBEDDED (greentext excerpt)","Q_AUTHORED_CURRENT_POST","Q_BODY","PROSE","MEDIUM","","OLD_QUOTED_TO_NEW_Q_BODY","greentext arrow with no matching quoted source — Q's own bullet","Claims|Codes|Emphasis|Entities"
"2367","0",">>293","Q_AUTHORED_CURRENT_POST","QUOTED_OR_EMBEDDED","QUOTED_PRIOR_Q_POST","BOARD_POINTER","HIGH","293","OLD_Q_BODY_TO_NEW_QUOTED","board back-reference pointer","Directives|Claims|Emphasis|Entities|Themes"
"2368","0",">>306","Q_AUTHORED_CURRENT_POST","QUOTED_OR_EMBEDDED","QUOTED_PRIOR_Q_POST","BOARD_POINTER","HIGH","306","OLD_Q_BODY_TO_NEW_QUOTED","board back-reference pointer","Directives|Questions|Claims|Codes|Emphasis|Entities|Themes"
"2371","0",">>357","Q_AUTHORED_CURRENT_POST","QUOTED_OR_EMBEDDED","QUOTED_PRIOR_Q_POST","BOARD_POINTER","HIGH","357","OLD_Q_BODY_TO_NEW_QUOTED","board back-reference pointer","Claims|Codes|Emphasis"
"2375","0",">>3398290","Q_AUTHORED_CURRENT_POST","QUOTED_OR_EMBEDDED","QUOTED_ANONYMOUS_POST","BOARD_POINTER","HIGH","","OLD_Q_BODY_TO_NEW_QUOTED","board back-reference pointer","Directives|Questions|Entities"
"2378","0",">>297","Q_AUTHORED_CURRENT_POST","QUOTED_OR_EMBEDDED","QUOTED_PRIOR_Q_POST","BOARD_POINTER","HIGH","297","OLD_Q_BODY_TO_NEW_QUOTED","board back-reference pointer","Directives|Questions|Claims|Codes|Entities|Themes"
"2380","0",">>3219413","Q_AUTHORED_CURRENT_POST","QUOTED_OR_EMBEDDED","QUOTED_ANONYMOUS_POST","BOARD_POINTER","HIGH","","OLD_Q_BODY_TO_NEW_QUOTED","board back-reference pointer","Questions|Entities"
"2381","2","We understand that there is extreme fatigue and frustration re: the wheels of justice [slow].","QUOTED_OR_EMBEDDED (sustained prose block — pasted or quoted passage)","Q_AUTHORED_CURRENT_POST","Q_BODY","PROSE","HIGH","","OLD_QUOTED_TO_NEW_Q_BODY","long sentence inside a drop whose dominant register is Q — prose shape alone is not a quotation","Directives|Questions|Claims|Codes|Emphasis|Entities|Themes"
"2381","3","Exclude emotion and personal desire, instead use logic and critical thinking based on situational awareness [undo a lifetime of evil & corruption [infestation] in the span of less than 2 years w/ a corrupt DOJ & FBI in place?].","QUOTED_OR_EMBEDDED (sustained prose block — pasted or quoted passage)","Q_AUTHORED_CURRENT_POST","Q_BODY","PROSE","HIGH","","OLD_QUOTED_TO_NEW_Q_BODY","long sentence inside a drop whose dominant register is Q — prose shape alone is not a quotation","Directives|Questions|Claims|Codes|Emphasis|Entities|Themes"
"2381","16","David Laufman, Chief of the Justice Department’s Counterintelligence and Export Control Section [NAT SEC - HRC email invest] - FIRED/FORCE","QUOTED_OR_EMBEDDED (sustained prose block — pasted or quoted passage)","Q_AUTHORED_CURRENT_POST","Q_BODY","PROSE","HIGH","","OLD_QUOTED_TO_NEW_Q_BODY","long sentence inside a drop whose dominant register is Q — prose shape alone is not a quotation","Directives|Questions|Claims|Codes|Emphasis|Entities|Themes"
"2381","17","John Carlin, Assistant Attorney General – Head of DOJ’s National Security Division - FIRED/FORCED","QUOTED_OR_EMBEDDED (sustained prose block — pasted or quoted passage)","Q_AUTHORED_CURRENT_POST","Q_BODY","PROSE","HIGH","","OLD_QUOTED_TO_NEW_Q_BODY","long sentence inside a drop whose dominant register is Q — prose shape alone is not a quotation","Directives|Questions|Claims|Codes|Emphasis|Entities|Themes"
"2381","19","Mary McCord, Acting Assistant Attorney General – Acting Head of DOJ’s National Security Division - FIRED/FORCED","QUOTED_OR_EMBEDDED (sustained prose block — pasted or quoted passage)","Q_AUTHORED_CURRENT_POST","Q_BODY","PROSE","HIGH","","OLD_QUOTED_TO_NEW_Q_BODY","long sentence inside a drop whose dominant register is Q — prose shape alone is not a quotation","Directives|Questions|Claims|Codes|Emphasis|Entities|Themes"
"2381","20","Bruce Ohr, Associate Deputy Attorney General – Demoted 2x - cooperating witness [power removed] - TERMINATION IMMINENT","QUOTED_OR_EMBEDDED (sustained prose block — pasted or quoted passage)","Q_AUTHORED_CURRENT_POST","Q_BODY","PROSE","HIGH","","OLD_QUOTED_TO_NEW_Q_BODY","long sentence inside a drop whose dominant register is Q — prose shape alone is not a quotation","Directives|Questions|Claims|Codes|Emphasis|Entities|Themes"
"2381","21","Rachel Brand, Associate Attorney General – No. 3 official behind Deputy AG Rosenstein - FIRED/FORCED","QUOTED_OR_EMBEDDED (sustained prose block — pasted or quoted passage)","Q_AUTHORED_CURRENT_POST","Q_BODY","PROSE","HIGH","","OLD_QUOTED_TO_NEW_Q_BODY","long sentence inside a drop whose dominant register is Q — prose shape alone is not a quotation","Directives|Questions|Claims|Codes|Emphasis|Entities|Themes"
"2384","0",">>375","Q_AUTHORED_CURRENT_POST","QUOTED_OR_EMBEDDED","QUOTED_PRIOR_Q_POST","BOARD_POINTER","HIGH","375","OLD_Q_BODY_TO_NEW_QUOTED","board back-reference pointer","Questions|Emphasis|Entities"
"2387","0",">>3701031","Q_AUTHORED_CURRENT_POST","QUOTED_OR_EMBEDDED","QUOTED_ANONYMOUS_POST","BOARD_POINTER","HIGH","","OLD_Q_BODY_TO_NEW_QUOTED","board back-reference pointer","Directives|Questions|Claims|Emphasis"
"2393","0",">>383","Q_AUTHORED_CURRENT_POST","QUOTED_OR_EMBEDDED","QUOTED_PRIOR_Q_POST","BOARD_POINTER","HIGH","383","OLD_Q_BODY_TO_NEW_QUOTED","board back-reference pointer","Directives|Entities|Themes"
"2401","1","When you can't discredit this movement using logic and facts, you resort to comparing it to ART?","Q_AUTHORED_CURRENT_POST","QUOTED_OR_EMBEDDED","QUOTED_THIRD_PARTY","PROSE","HIGH","","OLD_Q_BODY_TO_NEW_QUOTED","pasted passage directly beneath a source link or pointer","Questions|Codes|Emphasis|Entities|Themes"
"2401","2","How many articles has the WASH POST released attacking the 'Q' movement?","Q_AUTHORED_CURRENT_POST","QUOTED_OR_EMBEDDED","QUOTED_THIRD_PARTY","PROSE","HIGH","","OLD_Q_BODY_TO_NEW_QUOTED","pasted passage directly beneath a source link or pointer","Questions|Codes|Emphasis|Entities|Themes"
"2403","6","""Finally, be strong in the Lord and in his mighty power. Put on the full armor of God so that you can take your stand against the devil’s schemes. For our struggle is not against flesh and blood, but against the rulers, against the authorities, against the powers of this dark world and against the spiritual forces of evil in the heavenly realms. Therefore put on the full armor of God, so that when the day of evil comes, you may be able to stand your ground, and after you have done everything, to stand. Stand firm then, with the belt of truth buckled around your waist, with the breastplate of righteousness in place, and with your feet fitted with the readiness that comes from the gospel of peace. In addition to all this, take up the shield of faith, with which you can extinguish all the flaming arrows of the evil one. Take the helmet of salvation and the sword of the Spirit, which is the word of God. And pray in the Spirit on all occasions with all kinds of prayers and requests. With this in mind, be alert and always keep on praying for all the saints.""","Q_AUTHORED_CURRENT_POST","QUOTED_OR_EMBEDDED","QUOTED_SCRIPTURE","PROSE","HIGH","","OLD_Q_BODY_TO_NEW_QUOTED","reproduced scripture","Directives|Questions|Claims|Emphasis|Entities|Themes"
"2403","7","– Ephesians 6:10-18","Q_AUTHORED_CURRENT_POST","QUOTED_OR_EMBEDDED","QUOTED_SCRIPTURE","PROSE","HIGH","","OLD_Q_BODY_TO_NEW_QUOTED","reproduced scripture (continuation)","Directives|Questions|Claims|Emphasis|Entities|Themes"
"2403","9","– Declaration of Independence","QUOTED_OR_EMBEDDED (founding document (continuation))","Q_AUTHORED_CURRENT_POST","Q_BODY","PROSE","HIGH","","OLD_QUOTED_TO_NEW_Q_BODY","canonical post body, no embedded-source evidence","Directives|Questions|Claims|Emphasis|Entities|Themes"
"2403","10","We Will Do Our Job to Protect the Vote.","QUOTED_OR_EMBEDDED (founding document (continuation))","Q_AUTHORED_CURRENT_POST","Q_BODY","PROSE","HIGH","","OLD_QUOTED_TO_NEW_Q_BODY","canonical post body, no embedded-source evidence","Directives|Questions|Claims|Emphasis|Entities|Themes"
"2403","11","Will You Do Yours?","QUOTED_OR_EMBEDDED (founding document (continuation))","Q_AUTHORED_CURRENT_POST","Q_BODY","PROSE","HIGH","","OLD_QUOTED_TO_NEW_Q_BODY","canonical post body, no embedded-source evidence","Directives|Questions|Claims|Emphasis|Entities|Themes"
"2403","12","Will You Answer the Call?","QUOTED_OR_EMBEDDED (founding document (continuation))","Q_AUTHORED_CURRENT_POST","Q_BODY","PROSE","HIGH","","OLD_QUOTED_TO_NEW_Q_BODY","canonical post body, no embedded-source evidence","Directives|Questions|Claims|Emphasis|Entities|Themes"
"2416","1","If you witness members of ANTIFA or any other people or organizations stationed at 'key' voter locations making threats or attempting to use scare tactics [voter intimidation] please contact local authorities immediately and report the incident(s).","QUOTED_OR_EMBEDDED (sustained prose block — pasted or quoted passage)","Q_AUTHORED_CURRENT_POST","Q_BODY","PROSE","HIGH","","OLD_QUOTED_TO_NEW_Q_BODY","long sentence inside a drop whose dominant register is Q — prose shape alone is not a quotation","Directives|Claims|Codes|Emphasis|Entities"
"2416","2","Internal comms suggest preparations are being made and organized to conduct a 29+ location push [battleground locations].","QUOTED_OR_EMBEDDED (sustained prose block — pasted or quoted passage)","Q_AUTHORED_CURRENT_POST","Q_BODY","PROSE","HIGH","","OLD_QUOTED_TO_NEW_Q_BODY","long sentence inside a drop whose dominant register is Q — prose shape alone is not a quotation","Directives|Claims|Codes|Emphasis|Entities"
"2416","5","Uniformed and Non-Uniformed personnel will be stationed across the country in an effort to safeguard the public.","QUOTED_OR_EMBEDDED (sustained prose block — pasted or quoted passage)","Q_AUTHORED_CURRENT_POST","Q_BODY","PROSE","HIGH","","OLD_QUOTED_TO_NEW_Q_BODY","long sentence inside a drop whose dominant register is Q — prose shape alone is not a quotation","Directives|Claims|Codes|Emphasis|Entities"
"2416","6","If you witness anything out of the ordinary with regards to staff, officials, machinery & equipment failures and/or malfunctions, unusual 'grouping' [buses dropping off people w/ guide and/or instructor], voter prevention [blocking], or other suspicious activity please contact local authorities immediately and report the incident(s).","QUOTED_OR_EMBEDDED (sustained prose block — pasted or quoted passage)","Q_AUTHORED_CURRENT_POST","Q_BODY","PROSE","HIGH","","OLD_QUOTED_TO_NEW_Q_BODY","long sentence inside a drop whose dominant register is Q — prose shape alone is not a quotation","Directives|Claims|Codes|Emphasis|Entities"
"2421","0",">>3744948","Q_AUTHORED_CURRENT_POST","QUOTED_OR_EMBEDDED","QUOTED_ANONYMOUS_POST","BOARD_POINTER","HIGH","","OLD_Q_BODY_TO_NEW_QUOTED","board back-reference pointer","Questions|Emphasis|Themes"
"2423","0",">>3745801","Q_AUTHORED_CURRENT_POST","QUOTED_OR_EMBEDDED","QUOTED_ANONYMOUS_POST","BOARD_POINTER","HIGH","","OLD_Q_BODY_TO_NEW_QUOTED","board back-reference pointer","Claims|Emphasis|Themes"
"2424","0",">>3745849","Q_AUTHORED_CURRENT_POST","QUOTED_OR_EMBEDDED","QUOTED_ANONYMOUS_POST","BOARD_POINTER","HIGH","","OLD_Q_BODY_TO_NEW_QUOTED","board back-reference pointer","Questions|Claims|Emphasis|Entities"
"2427","0",">>3747094","Q_AUTHORED_CURRENT_POST","QUOTED_OR_EMBEDDED","QUOTED_ANONYMOUS_POST","BOARD_POINTER","HIGH","","OLD_Q_BODY_TO_NEW_QUOTED","board back-reference pointer","Claims|Themes"
"2431","3","There was a time when our history (heritage) was taught with PRIDE and RESPECT.","QUOTED_OR_EMBEDDED (sustained prose block — pasted or quoted passage)","Q_AUTHORED_CURRENT_POST","Q_BODY","PROSE","HIGH","","OLD_QUOTED_TO_NEW_Q_BODY","long sentence inside a drop whose dominant register is Q — prose shape alone is not a quotation","Questions|Claims|Emphasis|Entities|Themes"
"2431","4","There was a time when respect was given to those who serve(d), bled, and died to protect and defend our GOD GIVEN FREEDOM.","QUOTED_OR_EMBEDDED (sustained prose block — pasted or quoted passage)","Q_AUTHORED_CURRENT_POST","Q_BODY","PROSE","HIGH","","OLD_QUOTED_TO_NEW_Q_BODY","long sentence inside a drop whose dominant register is Q — prose shape alone is not a quotation","Questions|Claims|Emphasis|Entities|Themes"
"2431","6","There was a time when these UNITED STATES OF AMERICA, ONE NATION UNDER GOD, was UNITED.","QUOTED_OR_EMBEDDED (sustained prose block — pasted or quoted passage)","Q_AUTHORED_CURRENT_POST","Q_BODY","PROSE","HIGH","","OLD_QUOTED_TO_NEW_Q_BODY","long sentence inside a drop whose dominant register is Q — prose shape alone is not a quotation","Questions|Claims|Emphasis|Entities|Themes"
"2431","7","There was a time when these UNITED STATES OF AMERICA, ONE NATION UNDER GOD, was UNITED UNDER ONE FLAG.","QUOTED_OR_EMBEDDED (sustained prose block — pasted or quoted passage)","Q_AUTHORED_CURRENT_POST","Q_BODY","PROSE","HIGH","","OLD_QUOTED_TO_NEW_Q_BODY","long sentence inside a drop whose dominant register is Q — prose shape alone is not a quotation","Questions|Claims|Emphasis|Entities|Themes"
"2431","10","There was a time when, WE, THE PEOPLE, were UNITED and STRONG.","QUOTED_OR_EMBEDDED (sustained prose block — pasted or quoted passage)","Q_AUTHORED_CURRENT_POST","Q_BODY","PROSE","HIGH","","OLD_QUOTED_TO_NEW_Q_BODY","long sentence inside a drop whose dominant register is Q — prose shape alone is not a quotation","Questions|Claims|Emphasis|Entities|Themes"
"2431","11","I pledge allegiance to the Flag of the United States of America, and to the Republic for which it stands, one Nation under God, indivisible, with liberty and justice for all.","QUOTED_OR_EMBEDDED (sustained prose block — pasted or quoted passage)","Q_AUTHORED_CURRENT_POST","Q_BODY","PROSE","HIGH","","OLD_QUOTED_TO_NEW_Q_BODY","long sentence inside a drop whose dominant register is Q — prose shape alone is not a quotation","Questions|Claims|Emphasis|Entities|Themes"
"2431","21","""Be on your guard; stand firm in the faith; be courageous; be strong.""","Q_AUTHORED_CURRENT_POST","QUOTED_OR_EMBEDDED","QUOTED_SCRIPTURE","PROSE","HIGH","","OLD_Q_BODY_TO_NEW_QUOTED","reproduced scripture","Questions|Claims|Emphasis|Entities|Themes"
"2431","22","– 1 Corinthians 16:13","Q_AUTHORED_CURRENT_POST","QUOTED_OR_EMBEDDED","QUOTED_SCRIPTURE","PROSE","HIGH","","OLD_Q_BODY_TO_NEW_QUOTED","reproduced scripture (continuation)","Questions|Claims|Emphasis|Entities|Themes"
"2432","0",">>3754053","Q_AUTHORED_CURRENT_POST","QUOTED_OR_EMBEDDED","QUOTED_ANONYMOUS_POST","BOARD_POINTER","HIGH","","OLD_Q_BODY_TO_NEW_QUOTED","board back-reference pointer","Claims|Entities|Themes"
"2433","0",">>3754138","Q_AUTHORED_CURRENT_POST","QUOTED_OR_EMBEDDED","QUOTED_ANONYMOUS_POST","BOARD_POINTER","HIGH","","OLD_Q_BODY_TO_NEW_QUOTED","board back-reference pointer","Claims"
"2434","0",">>3754247","Q_AUTHORED_CURRENT_POST","QUOTED_OR_EMBEDDED","QUOTED_ANONYMOUS_POST","BOARD_POINTER","HIGH","","OLD_Q_BODY_TO_NEW_QUOTED","board back-reference pointer","Directives|Entities"
"2436","2","We are all bound by a feeling deep inside, a feeling that cannot be publicly expressed for fear of ridicule, a feeling that challenges the mainstream (narrative), against that which we are told to accept and dare not question, put simply, that people are being abused by those in power and time is running out.","QUOTED_OR_EMBEDDED (sustained prose block — pasted or quoted passage)","Q_AUTHORED_CURRENT_POST","Q_BODY","PROSE","HIGH","","OLD_QUOTED_TO_NEW_Q_BODY","long sentence inside a drop whose dominant register is Q — prose shape alone is not a quotation","Directives|Claims|Emphasis|Entities|Themes"
"2436","3","Remember the battles of Lexington and Concord - ""Give Me Liberty or Give Me Death!""","QUOTED_OR_EMBEDDED (sustained prose block — pasted or quoted passage)","Q_AUTHORED_CURRENT_POST","Q_BODY","PROSE","HIGH","","OLD_QUOTED_TO_NEW_Q_BODY","long sentence inside a drop whose dominant register is Q — prose shape alone is not a quotation","Directives|Claims|Emphasis|Entities|Themes"
"2436","4","For far too long we have been silent and allowed our bands of strength, that we once formed to defend FREEDOM and LIBERTY, to deteriorate.","QUOTED_OR_EMBEDDED (sustained prose block — pasted or quoted passage)","Q_AUTHORED_CURRENT_POST","Q_BODY","PROSE","HIGH","","OLD_QUOTED_TO_NEW_Q_BODY","long sentence inside a drop whose dominant register is Q — prose shape alone is not a quotation","Directives|Claims|Emphasis|Entities|Themes"
"2448","0",">>3782992","Q_AUTHORED_CURRENT_POST","QUOTED_OR_EMBEDDED","QUOTED_ANONYMOUS_POST","BOARD_POINTER","HIGH","","OLD_Q_BODY_TO_NEW_QUOTED","board back-reference pointer","Directives|Questions|Claims|Codes|Emphasis|Entities|Themes"
"2449","0",">>3783759","Q_AUTHORED_CURRENT_POST","QUOTED_OR_EMBEDDED","QUOTED_ANONYMOUS_POST","BOARD_POINTER","HIGH","","OLD_Q_BODY_TO_NEW_QUOTED","board back-reference pointer","Claims|Themes"
"2453","0",">>428","Q_AUTHORED_CURRENT_POST","QUOTED_OR_EMBEDDED","QUOTED_PRIOR_Q_POST","BOARD_POINTER","HIGH","428","OLD_Q_BODY_TO_NEW_QUOTED","board back-reference pointer","Directives|Questions|Claims|Entities|Themes"
"2454","0",">>3787701","Q_AUTHORED_CURRENT_POST","QUOTED_OR_EMBEDDED","QUOTED_ANONYMOUS_POST","BOARD_POINTER","HIGH","","OLD_Q_BODY_TO_NEW_QUOTED","board back-reference pointer","Questions|Themes"
"2455","0",">>3788121","Q_AUTHORED_CURRENT_POST","QUOTED_OR_EMBEDDED","QUOTED_ANONYMOUS_POST","BOARD_POINTER","HIGH","","OLD_Q_BODY_TO_NEW_QUOTED","board back-reference pointer","Claims|Entities"
"2462","4",">Role of GOODLATTE?","QUOTED_OR_EMBEDDED (greentext excerpt)","Q_AUTHORED_CURRENT_POST","Q_BODY","PROSE","MEDIUM","","OLD_QUOTED_TO_NEW_Q_BODY","greentext arrow with no matching quoted source — Q's own bullet","Questions|Claims|Codes|Emphasis|Entities|Themes"
"2462","5",">Role of GOWDY?","QUOTED_OR_EMBEDDED (greentext excerpt)","Q_AUTHORED_CURRENT_POST","Q_BODY","PROSE","MEDIUM","","OLD_QUOTED_TO_NEW_Q_BODY","greentext arrow with no matching quoted source — Q's own bullet","Questions|Claims|Codes|Emphasis|Entities|Themes"
"2462","6",">Role of SESSIONS?","QUOTED_OR_EMBEDDED (greentext excerpt)","Q_AUTHORED_CURRENT_POST","Q_BODY","PROSE","MEDIUM","","OLD_QUOTED_TO_NEW_Q_BODY","greentext arrow with no matching quoted source — Q's own bullet","Questions|Claims|Codes|Emphasis|Entities|Themes"
"2462","7",">GOODLATTE, GOWDY, and SESSIONS *ALL* RESIGNED","QUOTED_OR_EMBEDDED (greentext excerpt)","Q_AUTHORED_CURRENT_POST","Q_BODY","PROSE","MEDIUM","","OLD_QUOTED_TO_NEW_Q_BODY","greentext arrow with no matching quoted source — Q's own bullet","Questions|Claims|Codes|Emphasis|Entities|Themes"
"2462","8",">GOODLATTE, GOWDY, and SESSIONS *ALL* RESIGNED.","QUOTED_OR_EMBEDDED (greentext excerpt)","Q_AUTHORED_CURRENT_POST","Q_BODY","PROSE","MEDIUM","","OLD_QUOTED_TO_NEW_Q_BODY","greentext arrow with no matching quoted source — Q's own bullet","Questions|Claims|Codes|Emphasis|Entities|Themes"
"2462","9",">Who did SESSIONS appoint in NOV 2017?","QUOTED_OR_EMBEDDED (greentext excerpt)","Q_AUTHORED_CURRENT_POST","Q_BODY","PROSE","MEDIUM","","OLD_QUOTED_TO_NEW_Q_BODY","greentext arrow with no matching quoted source — Q's own bullet","Questions|Claims|Codes|Emphasis|Entities|Themes"
"2462","11",">Who is HUBER?","QUOTED_OR_EMBEDDED (greentext excerpt)","Q_AUTHORED_CURRENT_POST","Q_BODY","PROSE","MEDIUM","","OLD_QUOTED_TO_NEW_Q_BODY","greentext arrow with no matching quoted source — Q's own bullet","Questions|Claims|Codes|Emphasis|Entities|Themes"
"2462","12",">Who RE_CONFIRMED HUBER?","QUOTED_OR_EMBEDDED (greentext excerpt)","Q_AUTHORED_CURRENT_POST","Q_BODY","PROSE","MEDIUM","","OLD_QUOTED_TO_NEW_Q_BODY","greentext arrow with no matching quoted source — Q's own bullet","Questions|Claims|Codes|Emphasis|Entities|Themes"
"2462","13",">WHO ORIGINALLY APPOINTED HUBER?","QUOTED_OR_EMBEDDED (greentext excerpt)","Q_AUTHORED_CURRENT_POST","Q_BODY","PROSE","MEDIUM","","OLD_QUOTED_TO_NEW_Q_BODY","greentext arrow with no matching quoted source — Q's own bullet","Questions|Claims|Codes|Emphasis|Entities|Themes"
"2462","14",">IMPORTANCE OF PARTISAN OPTICS?","QUOTED_OR_EMBEDDED (greentext excerpt)","Q_AUTHORED_CURRENT_POST","Q_BODY","PROSE","MEDIUM","","OLD_QUOTED_TO_NEW_Q_BODY","greentext arrow with no matching quoted source — Q's own bullet","Questions|Claims|Codes|Emphasis|Entities|Themes"
"2462","15",">Mandate charged to HUBER?","QUOTED_OR_EMBEDDED (greentext excerpt)","Q_AUTHORED_CURRENT_POST","Q_BODY","PROSE","MEDIUM","","OLD_QUOTED_TO_NEW_Q_BODY","greentext arrow with no matching quoted source — Q's own bullet","Questions|Claims|Codes|Emphasis|Entities|Themes"
"2462","16",">Resources provided to HUBER?","QUOTED_OR_EMBEDDED (greentext excerpt)","Q_AUTHORED_CURRENT_POST","Q_BODY","PROSE","MEDIUM","","OLD_QUOTED_TO_NEW_Q_BODY","greentext arrow with no matching quoted source — Q's own bullet","Questions|Claims|Codes|Emphasis|Entities|Themes"
"2462","17",">Who is HOROWITZ?","QUOTED_OR_EMBEDDED (greentext excerpt)","Q_AUTHORED_CURRENT_POST","Q_BODY","PROSE","MEDIUM","","OLD_QUOTED_TO_NEW_Q_BODY","greentext arrow with no matching quoted source — Q's own bullet","Questions|Claims|Codes|Emphasis|Entities|Themes"
"2462","18",">Mandate charged to HOROWITZ?","QUOTED_OR_EMBEDDED (greentext excerpt)","Q_AUTHORED_CURRENT_POST","Q_BODY","PROSE","MEDIUM","","OLD_QUOTED_TO_NEW_Q_BODY","greentext arrow with no matching quoted source — Q's own bullet","Questions|Claims|Codes|Emphasis|Entities|Themes"
"2462","19",">Resources provided to HOROWITZ?","QUOTED_OR_EMBEDDED (greentext excerpt)","Q_AUTHORED_CURRENT_POST","Q_BODY","PROSE","MEDIUM","","OLD_QUOTED_TO_NEW_Q_BODY","greentext arrow with no matching quoted source — Q's own bullet","Questions|Claims|Codes|Emphasis|Entities|Themes"
"2462","20",">Who was SESSIONS' CHIEF OF STAFF?","QUOTED_OR_EMBEDDED (greentext excerpt)","Q_AUTHORED_CURRENT_POST","Q_BODY","PROSE","MEDIUM","","OLD_QUOTED_TO_NEW_Q_BODY","greentext arrow with no matching quoted source — Q's own bullet","Questions|Claims|Codes|Emphasis|Entities|Themes"
"2462","21",">What were the responsibilities of WHITAKER?","QUOTED_OR_EMBEDDED (greentext excerpt)","Q_AUTHORED_CURRENT_POST","Q_BODY","PROSE","MEDIUM","","OLD_QUOTED_TO_NEW_Q_BODY","greentext arrow with no matching quoted source — Q's own bullet","Questions|Claims|Codes|Emphasis|Entities|Themes"
"2462","22",">WHAT IS THE ROLE OF A CHIEF OF STAFF?","QUOTED_OR_EMBEDDED (greentext excerpt)","Q_AUTHORED_CURRENT_POST","Q_BODY","PROSE","MEDIUM","","OLD_QUOTED_TO_NEW_Q_BODY","greentext arrow with no matching quoted source — Q's own bullet","Questions|Claims|Codes|Emphasis|Entities|Themes"
"2462","23",">SHADOW PLAYERS ARE THE DEADLIEST [STEALTH]","QUOTED_OR_EMBEDDED (greentext excerpt)","Q_AUTHORED_CURRENT_POST","Q_BODY","PROSE","MEDIUM","","OLD_QUOTED_TO_NEW_Q_BODY","greentext arrow with no matching quoted source — Q's own bullet","Questions|Claims|Codes|Emphasis|Entities|Themes"
"2462","24",">What is the advantage of having a ‘temp’ (‘acting’) in a leadership position?","QUOTED_OR_EMBEDDED (greentext excerpt)","Q_AUTHORED_CURRENT_POST","Q_BODY","PROSE","MEDIUM","","OLD_QUOTED_TO_NEW_Q_BODY","greentext arrow with no matching quoted source — Q's own bullet","Questions|Claims|Codes|Emphasis|Entities|Themes"
"2462","27",">Laser designator(s) locked on target(s)","QUOTED_OR_EMBEDDED (greentext excerpt)","Q_AUTHORED_CURRENT_POST","Q_BODY","PROSE","MEDIUM","","OLD_QUOTED_TO_NEW_Q_BODY","greentext arrow with no matching quoted source — Q's own bullet","Questions|Claims|Codes|Emphasis|Entities|Themes"
"2462","28",">Who was assigned directly to SESSIONS by POTUS?","QUOTED_OR_EMBEDDED (greentext excerpt)","Q_AUTHORED_CURRENT_POST","Q_BODY","PROSE","MEDIUM","","OLD_QUOTED_TO_NEW_Q_BODY","greentext arrow with no matching quoted source — Q's own bullet","Questions|Claims|Codes|Emphasis|Entities|Themes"
"2462","29",">Mandate charged to Ezra Cohen-Watnick [Defense Intelligence Agency]?","QUOTED_OR_EMBEDDED (greentext excerpt)","Q_AUTHORED_CURRENT_POST","Q_BODY","PROSE","MEDIUM","","OLD_QUOTED_TO_NEW_Q_BODY","greentext arrow with no matching quoted source — Q's own bullet","Questions|Claims|Codes|Emphasis|Entities|Themes"
"2462","30",">NAT SEC ADVISOR TO SESSIONS [counterintelligence and counterterrorism]?","QUOTED_OR_EMBEDDED (greentext excerpt)","Q_AUTHORED_CURRENT_POST","Q_BODY","PROSE","MEDIUM","","OLD_QUOTED_TO_NEW_Q_BODY","greentext arrow with no matching quoted source — Q's own bullet","Questions|Claims|Codes|Emphasis|Entities|Themes"
"2462","31",">Who briefed NUNES on classified intel re: HUSSEIN spy campaign v. POTUS?","QUOTED_OR_EMBEDDED (greentext excerpt)","Q_AUTHORED_CURRENT_POST","Q_BODY","PROSE","MEDIUM","","OLD_QUOTED_TO_NEW_Q_BODY","greentext arrow with no matching quoted source — Q's own bullet","Questions|Claims|Codes|Emphasis|Entities|Themes"
"2462","33",">Who briefed Goodlatte & Gowdy on classified intel re: DOJ & FBI?","QUOTED_OR_EMBEDDED (greentext excerpt)","Q_AUTHORED_CURRENT_POST","Q_BODY","PROSE","MEDIUM","","OLD_QUOTED_TO_NEW_Q_BODY","greentext arrow with no matching quoted source — Q's own bullet","Questions|Claims|Codes|Emphasis|Entities|Themes"
"2462","35",">THE WORLD IS WATCHING.","QUOTED_OR_EMBEDDED (greentext excerpt)","Q_AUTHORED_CURRENT_POST","Q_BODY","PROSE","MEDIUM","","OLD_QUOTED_TO_NEW_Q_BODY","greentext arrow with no matching quoted source — Q's own bullet","Questions|Claims|Codes|Emphasis|Entities|Themes"
"2463","0",">>384","Q_AUTHORED_CURRENT_POST","QUOTED_OR_EMBEDDED","QUOTED_PRIOR_Q_POST","BOARD_POINTER","HIGH","384","OLD_Q_BODY_TO_NEW_QUOTED","board back-reference pointer","Questions|Codes|Entities|Themes"
"2467","3",">Amount of fires in CA past 12-months?","QUOTED_OR_EMBEDDED (greentext excerpt)","Q_AUTHORED_CURRENT_POST","Q_BODY","PROSE","MEDIUM","","OLD_QUOTED_TO_NEW_Q_BODY","greentext arrow with no matching quoted source — Q's own bullet","Directives|Questions|Codes|Entities"
"2467","4",">Amount of fires in CA past 10-years?","QUOTED_OR_EMBEDDED (greentext excerpt)","Q_AUTHORED_CURRENT_POST","Q_BODY","PROSE","MEDIUM","","OLD_QUOTED_TO_NEW_Q_BODY","greentext arrow with no matching quoted source — Q's own bullet","Directives|Questions|Codes|Entities"
"2467","5",">Date FED funding cut off from CA as result of violation(s) of Sanctuary State/City?","QUOTED_OR_EMBEDDED (greentext excerpt)","Q_AUTHORED_CURRENT_POST","Q_BODY","PROSE","MEDIUM","","OLD_QUOTED_TO_NEW_Q_BODY","greentext arrow with no matching quoted source — Q's own bullet","Directives|Questions|Codes|Entities"
"2467","6",">CA budget cuts past 12-months re: Fire & Prevention?","QUOTED_OR_EMBEDDED (greentext excerpt)","Q_AUTHORED_CURRENT_POST","Q_BODY","PROSE","MEDIUM","","OLD_QUOTED_TO_NEW_Q_BODY","greentext arrow with no matching quoted source — Q's own bullet","Directives|Questions|Codes|Entities"
"2468","2",">Spicer","QUOTED_OR_EMBEDDED (greentext excerpt)","Q_AUTHORED_CURRENT_POST","Q_BODY","PROSE","MEDIUM","","OLD_QUOTED_TO_NEW_Q_BODY","greentext arrow with no matching quoted source — Q's own bullet","Directives|Questions|Claims|Codes|Emphasis|Entities|Themes"
"2468","3",">Priebus","QUOTED_OR_EMBEDDED (greentext excerpt)","Q_AUTHORED_CURRENT_POST","Q_BODY","PROSE","MEDIUM","","OLD_QUOTED_TO_NEW_Q_BODY","greentext arrow with no matching quoted source — Q's own bullet","Directives|Questions|Claims|Codes|Emphasis|Entities|Themes"
"2494","5","This election was not about fixing the economy, trade, borders, military, protecting our children etc. all so another corrupt politician or 'insider' can simply undo it [band-aid].","QUOTED_OR_EMBEDDED (sustained prose block — pasted or quoted passage)","Q_AUTHORED_CURRENT_POST","Q_BODY","PROSE","HIGH","","OLD_QUOTED_TO_NEW_Q_BODY","long sentence inside a drop whose dominant register is Q — prose shape alone is not a quotation","Claims|Codes|Emphasis|Entities|Themes"
"2494","6","This was not simply another 4-year election, but, a crossroads in the history of our civilization that will determine whether or not, WE, THE PEOPLE, reclaim control over our gov't.","QUOTED_OR_EMBEDDED (sustained prose block — pasted or quoted passage)","Q_AUTHORED_CURRENT_POST","Q_BODY","PROSE","HIGH","","OLD_QUOTED_TO_NEW_Q_BODY","long sentence inside a drop whose dominant register is Q — prose shape alone is not a quotation","Claims|Codes|Emphasis|Entities|Themes"
"2498","0",">>3980302","Q_AUTHORED_CURRENT_POST","QUOTED_OR_EMBEDDED","QUOTED_PRIOR_Q_POST","BOARD_POINTER","HIGH","2497","OLD_Q_BODY_TO_NEW_QUOTED","board back-reference pointer","Directives|Questions|Claims|Entities|Themes"
"25","1","Return to comments re: Pelosi and John M (some of us refuse to say his last name for a reason).","QUOTED_OR_EMBEDDED (sustained prose block — pasted or quoted passage)","Q_AUTHORED_CURRENT_POST","Q_BODY","PROSE","HIGH","","OLD_QUOTED_TO_NEW_Q_BODY","long sentence inside a drop whose dominant register is Q — prose shape alone is not a quotation","Directives|Claims|Entities|Themes"
"25","2","This all has meaning - everything stated. Big picture stuff - few positions allow for this direct knowledge.","QUOTED_OR_EMBEDDED (sustained prose block — pasted or quoted passage)","Q_AUTHORED_CURRENT_POST","Q_BODY","PROSE","HIGH","","OLD_QUOTED_TO_NEW_Q_BODY","long sentence inside a drop whose dominant register is Q — prose shape alone is not a quotation","Directives|Claims|Entities|Themes"
"2500","0",">>4029281","Q_AUTHORED_CURRENT_POST","QUOTED_OR_EMBEDDED","QUOTED_PRIOR_Q_POST","BOARD_POINTER","HIGH","2499","OLD_Q_BODY_TO_NEW_QUOTED","board back-reference pointer","Directives|Questions|Claims|Codes|Emphasis|Entities|Themes"
"2506","0",">>4092062","Q_AUTHORED_CURRENT_POST","QUOTED_OR_EMBEDDED","QUOTED_PRIOR_Q_POST","BOARD_POINTER","HIGH","2505","OLD_Q_BODY_TO_NEW_QUOTED","board back-reference pointer","Entities"
"2507","0",">>4092294","Q_AUTHORED_CURRENT_POST","QUOTED_OR_EMBEDDED","QUOTED_ANONYMOUS_POST","BOARD_POINTER","HIGH","","OLD_Q_BODY_TO_NEW_QUOTED","board back-reference pointer","Directives|Questions|Claims|Codes|Entities"
"2509","0",">>4092602","Q_AUTHORED_CURRENT_POST","QUOTED_OR_EMBEDDED","QUOTED_ANONYMOUS_POST","BOARD_POINTER","HIGH","","OLD_Q_BODY_TO_NEW_QUOTED","board back-reference pointer","Directives|Questions|Themes"
"2510","0",">>4092826","Q_AUTHORED_CURRENT_POST","QUOTED_OR_EMBEDDED","QUOTED_PRIOR_Q_POST","BOARD_POINTER","HIGH","2509","OLD_Q_BODY_TO_NEW_QUOTED","board back-reference pointer","Directives|Questions|Codes|Themes"
"2512","0",">>4093224","Q_AUTHORED_CURRENT_POST","QUOTED_OR_EMBEDDED","QUOTED_ANONYMOUS_POST","BOARD_POINTER","HIGH","","OLD_Q_BODY_TO_NEW_QUOTED","board back-reference pointer","Entities"
"2513","0",">>4093335","Q_AUTHORED_CURRENT_POST","QUOTED_OR_EMBEDDED","QUOTED_PRIOR_Q_POST","BOARD_POINTER","HIGH","2512","OLD_Q_BODY_TO_NEW_QUOTED","board back-reference pointer","Questions|Claims|Emphasis|Entities"
"2514","0",">>4093483","Q_AUTHORED_CURRENT_POST","QUOTED_OR_EMBEDDED","QUOTED_ANONYMOUS_POST","BOARD_POINTER","HIGH","","OLD_Q_BODY_TO_NEW_QUOTED","board back-reference pointer","Directives"
"2515","0",">>4093626","Q_AUTHORED_CURRENT_POST","QUOTED_OR_EMBEDDED","QUOTED_ANONYMOUS_POST","BOARD_POINTER","HIGH","","OLD_Q_BODY_TO_NEW_QUOTED","board back-reference pointer",""
"2517","0",">>4094206","Q_AUTHORED_CURRENT_POST","QUOTED_OR_EMBEDDED","QUOTED_PRIOR_Q_POST","BOARD_POINTER","HIGH","2516","OLD_Q_BODY_TO_NEW_QUOTED","board back-reference pointer",""
"2518","0",">>4094556","Q_AUTHORED_CURRENT_POST","QUOTED_OR_EMBEDDED","QUOTED_ANONYMOUS_POST","BOARD_POINTER","HIGH","","OLD_Q_BODY_TO_NEW_QUOTED","board back-reference pointer",""
"2519","0",">>4094606","Q_AUTHORED_CURRENT_POST","QUOTED_OR_EMBEDDED","QUOTED_ANONYMOUS_POST","BOARD_POINTER","HIGH","","OLD_Q_BODY_TO_NEW_QUOTED","board back-reference pointer","Questions|Entities"
"2520","0",">>4094697","Q_AUTHORED_CURRENT_POST","QUOTED_OR_EMBEDDED","QUOTED_PRIOR_Q_POST","BOARD_POINTER","HIGH","2519","OLD_Q_BODY_TO_NEW_QUOTED","board back-reference pointer","Entities"
"2521","0",">>4094729","Q_AUTHORED_CURRENT_POST","QUOTED_OR_EMBEDDED","QUOTED_ANONYMOUS_POST","BOARD_POINTER","HIGH","","OLD_Q_BODY_TO_NEW_QUOTED","board back-reference pointer","Emphasis|Entities"
"2524","0",">>4115084","Q_AUTHORED_CURRENT_POST","QUOTED_OR_EMBEDDED","QUOTED_ANONYMOUS_POST","BOARD_POINTER","HIGH","","OLD_Q_BODY_TO_NEW_QUOTED","board back-reference pointer","Directives|Questions|Claims|Codes|Entities|Themes"
"2525","0",">>4115161","Q_AUTHORED_CURRENT_POST","QUOTED_OR_EMBEDDED","QUOTED_PRIOR_Q_POST","BOARD_POINTER","HIGH","2524","OLD_Q_BODY_TO_NEW_QUOTED","board back-reference pointer","Questions|Claims|Codes|Emphasis|Entities|Themes"
"2527","0",">>4117309","Q_AUTHORED_CURRENT_POST","QUOTED_OR_EMBEDDED","QUOTED_ANONYMOUS_POST","BOARD_POINTER","HIGH","","OLD_Q_BODY_TO_NEW_QUOTED","board back-reference pointer","Directives|Questions|Claims|Codes"
"253","0",">>34409","Q_AUTHORED_CURRENT_POST","QUOTED_OR_EMBEDDED","QUOTED_ANONYMOUS_POST","BOARD_POINTER","HIGH","","OLD_Q_BODY_TO_NEW_QUOTED","board back-reference pointer",""
"2531","0",">>4118906","Q_AUTHORED_CURRENT_POST","QUOTED_OR_EMBEDDED","QUOTED_ANONYMOUS_POST","BOARD_POINTER","HIGH","","OLD_Q_BODY_TO_NEW_QUOTED","board back-reference pointer","Questions|Claims|Codes|Entities|Themes"
"2532","0",">>4119124","Q_AUTHORED_CURRENT_POST","QUOTED_OR_EMBEDDED","QUOTED_ANONYMOUS_POST","BOARD_POINTER","HIGH","","OLD_Q_BODY_TO_NEW_QUOTED","board back-reference pointer","Questions"
"2534","0",">>4119614","Q_AUTHORED_CURRENT_POST","QUOTED_OR_EMBEDDED","QUOTED_PRIOR_Q_POST","BOARD_POINTER","HIGH","2533","OLD_Q_BODY_TO_NEW_QUOTED","board back-reference pointer","Directives|Questions|Claims|Emphasis|Entities|Themes"
"254","0",">>34447","Q_AUTHORED_CURRENT_POST","QUOTED_OR_EMBEDDED","QUOTED_PRIOR_Q_POST","BOARD_POINTER","HIGH","253","OLD_Q_BODY_TO_NEW_QUOTED","board back-reference pointer","Directives|Questions|Entities"
"2546","0",">>4134817","Q_AUTHORED_CURRENT_POST","QUOTED_OR_EMBEDDED","QUOTED_ANONYMOUS_POST","BOARD_POINTER","HIGH","","OLD_Q_BODY_TO_NEW_QUOTED","board back-reference pointer","Directives|Questions|Claims|Emphasis|Entities|Themes"
"2553","0",">>4166910","Q_AUTHORED_CURRENT_POST","QUOTED_OR_EMBEDDED","QUOTED_ANONYMOUS_POST","BOARD_POINTER","HIGH","","OLD_Q_BODY_TO_NEW_QUOTED","board back-reference pointer","Claims|Emphasis|Themes"
"2555","0",">>4168720","Q_AUTHORED_CURRENT_POST","QUOTED_OR_EMBEDDED","QUOTED_PRIOR_Q_POST","BOARD_POINTER","HIGH","2554","OLD_Q_BODY_TO_NEW_QUOTED","board back-reference pointer","Questions|Codes|Entities"
"2561","0",">>4186896","Q_AUTHORED_CURRENT_POST","QUOTED_OR_EMBEDDED","QUOTED_PRIOR_Q_POST","BOARD_POINTER","HIGH","2560","OLD_Q_BODY_TO_NEW_QUOTED","board back-reference pointer","Questions|Claims|Codes|Entities|Themes"
"2564","0",">>4198635","Q_AUTHORED_CURRENT_POST","QUOTED_OR_EMBEDDED","QUOTED_ANONYMOUS_POST","BOARD_POINTER","HIGH","","OLD_Q_BODY_TO_NEW_QUOTED","board back-reference pointer","Claims|Emphasis"
"2567","8",">Add multiple layers of 'coincidences' which mathematically proves legitimacy (standard deviation)<","QUOTED_OR_EMBEDDED (greentext excerpt)","Q_AUTHORED_CURRENT_POST","Q_BODY","PROSE","MEDIUM","","OLD_QUOTED_TO_NEW_Q_BODY","greentext arrow with no matching quoted source — Q's own bullet","Directives|Questions|Codes|Emphasis|Entities|Themes"
"257","0",">>34602","Q_AUTHORED_CURRENT_POST","QUOTED_OR_EMBEDDED","QUOTED_ANONYMOUS_POST","BOARD_POINTER","HIGH","","OLD_Q_BODY_TO_NEW_QUOTED","board back-reference pointer",""
"2570","0",">>4241823","Q_AUTHORED_CURRENT_POST","QUOTED_OR_EMBEDDED","QUOTED_ANONYMOUS_POST","BOARD_POINTER","HIGH","","OLD_Q_BODY_TO_NEW_QUOTED","board back-reference pointer","Entities"
"2573","0","""The times are too grave, the challenge too urgent, and the stakes too high — to permit the customary passions of political debate. We are not here to curse the darkness, but to light the candle that can guide us through that darkness to a safe and sane future.""","Q_AUTHORED_CURRENT_POST","QUOTED_OR_EMBEDDED","QUOTED_THIRD_PARTY","PROSE","HIGH","","OLD_Q_BODY_TO_NEW_QUOTED","self-contained quotation: one line opening and closing on quotation marks, paragraph length","Claims|Entities"
"2577","0",">>4249648","Q_AUTHORED_CURRENT_POST","QUOTED_OR_EMBEDDED","QUOTED_ANONYMOUS_POST","BOARD_POINTER","HIGH","","OLD_Q_BODY_TO_NEW_QUOTED","board back-reference pointer",""
"2578","2","Sometimes 'intrusions' are a necessary event in order to safeguard chain of custody [post OIG WB status + doc handover protocols].","QUOTED_OR_EMBEDDED (sustained prose block — pasted or quoted passage)","Q_AUTHORED_CURRENT_POST","Q_BODY","PROSE","HIGH","","OLD_QUOTED_TO_NEW_Q_BODY","long sentence inside a drop whose dominant register is Q — prose shape alone is not a quotation","Directives|Claims|Codes|Emphasis|Entities|Themes"
"2578","3","Active criminal investigations of this magnitude must be handled w/ extreme care.","QUOTED_OR_EMBEDDED (sustained prose block — pasted or quoted passage)","Q_AUTHORED_CURRENT_POST","Q_BODY","PROSE","HIGH","","OLD_QUOTED_TO_NEW_Q_BODY","long sentence inside a drop whose dominant register is Q — prose shape alone is not a quotation","Directives|Claims|Codes|Emphasis|Entities|Themes"
"258","0",">>34663","Q_AUTHORED_CURRENT_POST","QUOTED_OR_EMBEDDED","QUOTED_ANONYMOUS_POST","BOARD_POINTER","HIGH","","OLD_Q_BODY_TO_NEW_QUOTED","board back-reference pointer","Directives|Questions|Claims|Entities|Themes"
"2580","0",">>4256557","Q_AUTHORED_CURRENT_POST","QUOTED_OR_EMBEDDED","QUOTED_ANONYMOUS_POST","BOARD_POINTER","HIGH","","OLD_Q_BODY_TO_NEW_QUOTED","board back-reference pointer",""
"2581","0",">>4250950","Q_AUTHORED_CURRENT_POST","QUOTED_OR_EMBEDDED","QUOTED_PRIOR_Q_POST","BOARD_POINTER","HIGH","2578","OLD_Q_BODY_TO_NEW_QUOTED","board back-reference pointer","Directives|Questions|Claims|Emphasis|Entities|Themes"
"2582","0",">>4257129","Q_AUTHORED_CURRENT_POST","QUOTED_OR_EMBEDDED","QUOTED_ANONYMOUS_POST","BOARD_POINTER","HIGH","","OLD_Q_BODY_TO_NEW_QUOTED","board back-reference pointer","Directives|Questions|Claims|Codes|Emphasis|Entities|Themes"
"2582","3","Learn the Constitution re: vested powers of POTUS re: matters of NAT SEC.","QUOTED_OR_EMBEDDED (sustained prose block — pasted or quoted passage)","Q_AUTHORED_CURRENT_POST","Q_BODY","PROSE","HIGH","","OLD_QUOTED_TO_NEW_Q_BODY","long sentence inside a drop whose dominant register is Q — prose shape alone is not a quotation","Directives|Questions|Claims|Codes|Emphasis|Entities|Themes"
"2582","4","This was planned and forecasted as the 'border funding' solution from the beginning.","QUOTED_OR_EMBEDDED (sustained prose block — pasted or quoted passage)","Q_AUTHORED_CURRENT_POST","Q_BODY","PROSE","HIGH","","OLD_QUOTED_TO_NEW_Q_BODY","long sentence inside a drop whose dominant register is Q — prose shape alone is not a quotation","Directives|Questions|Claims|Codes|Emphasis|Entities|Themes"
"2587","0",">>4266938","Q_AUTHORED_CURRENT_POST","QUOTED_OR_EMBEDDED","QUOTED_ANONYMOUS_POST","BOARD_POINTER","HIGH","","OLD_Q_BODY_TO_NEW_QUOTED","board back-reference pointer","Directives|Questions|Entities|Themes"
"2588","0",">>4267057","Q_AUTHORED_CURRENT_POST","QUOTED_OR_EMBEDDED","QUOTED_PRIOR_Q_POST","BOARD_POINTER","HIGH","2587","OLD_Q_BODY_TO_NEW_QUOTED","board back-reference pointer","Directives|Codes|Entities"
"2592","0",">>4272217","Q_AUTHORED_CURRENT_POST","QUOTED_OR_EMBEDDED","QUOTED_PRIOR_Q_POST","BOARD_POINTER","HIGH","2591","OLD_Q_BODY_TO_NEW_QUOTED","board back-reference pointer","Questions"
"2594","0",">>4272374","Q_AUTHORED_CURRENT_POST","QUOTED_OR_EMBEDDED","QUOTED_ANONYMOUS_POST","BOARD_POINTER","HIGH","","OLD_Q_BODY_TO_NEW_QUOTED","board back-reference pointer","Directives|Questions|Codes"
"2597","0",">>4273309","Q_AUTHORED_CURRENT_POST","QUOTED_OR_EMBEDDED","QUOTED_ANONYMOUS_POST","BOARD_POINTER","HIGH","","OLD_Q_BODY_TO_NEW_QUOTED","board back-reference pointer","Claims"
"2598","0",">>4274344","Q_AUTHORED_CURRENT_POST","QUOTED_OR_EMBEDDED","QUOTED_ANONYMOUS_POST","BOARD_POINTER","HIGH","","OLD_Q_BODY_TO_NEW_QUOTED","board back-reference pointer","Claims|Emphasis"
"2599","0",">>4274486","Q_AUTHORED_CURRENT_POST","QUOTED_OR_EMBEDDED","QUOTED_ANONYMOUS_POST","BOARD_POINTER","HIGH","","OLD_Q_BODY_TO_NEW_QUOTED","board back-reference pointer","Directives|Questions|Claims|Emphasis|Entities|Themes"
"2602","0",">>4278801","Q_AUTHORED_CURRENT_POST","QUOTED_OR_EMBEDDED","QUOTED_ANONYMOUS_POST","BOARD_POINTER","HIGH","","OLD_Q_BODY_TO_NEW_QUOTED","board back-reference pointer","Claims|Themes"
"2603","0",">>4278743","Q_AUTHORED_CURRENT_POST","QUOTED_OR_EMBEDDED","QUOTED_PRIOR_Q_POST","BOARD_POINTER","HIGH","2601","OLD_Q_BODY_TO_NEW_QUOTED","board back-reference pointer","Questions|Entities|Themes"
"2604","0",">>4278980","Q_AUTHORED_CURRENT_POST","QUOTED_OR_EMBEDDED","QUOTED_ANONYMOUS_POST","BOARD_POINTER","HIGH","","OLD_Q_BODY_TO_NEW_QUOTED","board back-reference pointer","Directives|Questions|Claims|Codes|Emphasis|Entities|Themes"
"2606","0",">>4280192","Q_AUTHORED_CURRENT_POST","QUOTED_OR_EMBEDDED","QUOTED_ANONYMOUS_POST","BOARD_POINTER","HIGH","","OLD_Q_BODY_TO_NEW_QUOTED","board back-reference pointer","Claims"
"2607","0",">>4280193","Q_AUTHORED_CURRENT_POST","QUOTED_OR_EMBEDDED","QUOTED_ANONYMOUS_POST","BOARD_POINTER","HIGH","","OLD_Q_BODY_TO_NEW_QUOTED","board back-reference pointer",""
"2608","0",">>4280212","Q_AUTHORED_CURRENT_POST","QUOTED_OR_EMBEDDED","QUOTED_ANONYMOUS_POST","BOARD_POINTER","HIGH","","OLD_Q_BODY_TO_NEW_QUOTED","board back-reference pointer","Emphasis"
"2609","0",">>4280228","Q_AUTHORED_CURRENT_POST","QUOTED_OR_EMBEDDED","QUOTED_ANONYMOUS_POST","BOARD_POINTER","HIGH","","OLD_Q_BODY_TO_NEW_QUOTED","board back-reference pointer",""
"2610","0",">>4280236","Q_AUTHORED_CURRENT_POST","QUOTED_OR_EMBEDDED","QUOTED_ANONYMOUS_POST","BOARD_POINTER","HIGH","","OLD_Q_BODY_TO_NEW_QUOTED","board back-reference pointer","Themes"
"2611","0",">>4280260","Q_AUTHORED_CURRENT_POST","QUOTED_OR_EMBEDDED","QUOTED_ANONYMOUS_POST","BOARD_POINTER","HIGH","","OLD_Q_BODY_TO_NEW_QUOTED","board back-reference pointer",""
"2612","0",">>4280453","Q_AUTHORED_CURRENT_POST","QUOTED_OR_EMBEDDED","QUOTED_ANONYMOUS_POST","BOARD_POINTER","HIGH","","OLD_Q_BODY_TO_NEW_QUOTED","board back-reference pointer","Entities"
"2613","0",">>4280423","Q_AUTHORED_CURRENT_POST","QUOTED_OR_EMBEDDED","QUOTED_ANONYMOUS_POST","BOARD_POINTER","HIGH","","OLD_Q_BODY_TO_NEW_QUOTED","board back-reference pointer",""
"2614","0",">>4280575","Q_AUTHORED_CURRENT_POST","QUOTED_OR_EMBEDDED","QUOTED_ANONYMOUS_POST","BOARD_POINTER","HIGH","","OLD_Q_BODY_TO_NEW_QUOTED","board back-reference pointer",""
"2615","0",">>4280617","Q_AUTHORED_CURRENT_POST","QUOTED_OR_EMBEDDED","QUOTED_ANONYMOUS_POST","BOARD_POINTER","HIGH","","OLD_Q_BODY_TO_NEW_QUOTED","board back-reference pointer","Claims"
"2616","0",">>4280688","Q_AUTHORED_CURRENT_POST","QUOTED_OR_EMBEDDED","QUOTED_ANONYMOUS_POST","BOARD_POINTER","HIGH","","OLD_Q_BODY_TO_NEW_QUOTED","board back-reference pointer",""
"2617","0",">>4280746","Q_AUTHORED_CURRENT_POST","QUOTED_OR_EMBEDDED","QUOTED_ANONYMOUS_POST","BOARD_POINTER","HIGH","","OLD_Q_BODY_TO_NEW_QUOTED","board back-reference pointer","Entities|Themes"
"2618","0",">>4280653","Q_AUTHORED_CURRENT_POST","QUOTED_OR_EMBEDDED","QUOTED_ANONYMOUS_POST","BOARD_POINTER","HIGH","","OLD_Q_BODY_TO_NEW_QUOTED","board back-reference pointer",""
"2619","0",">>4280876","Q_AUTHORED_CURRENT_POST","QUOTED_OR_EMBEDDED","QUOTED_ANONYMOUS_POST","BOARD_POINTER","HIGH","","OLD_Q_BODY_TO_NEW_QUOTED","board back-reference pointer","Emphasis|Entities"
"2620","0",">>4281121","Q_AUTHORED_CURRENT_POST","QUOTED_OR_EMBEDDED","QUOTED_ANONYMOUS_POST","BOARD_POINTER","HIGH","","OLD_Q_BODY_TO_NEW_QUOTED","board back-reference pointer","Claims|Entities|Themes"
"2621","0",">>4281387","Q_AUTHORED_CURRENT_POST","QUOTED_OR_EMBEDDED","QUOTED_ANONYMOUS_POST","BOARD_POINTER","HIGH","","OLD_Q_BODY_TO_NEW_QUOTED","board back-reference pointer","Claims"
"2622","0",">>4281479","Q_AUTHORED_CURRENT_POST","QUOTED_OR_EMBEDDED","QUOTED_ANONYMOUS_POST","BOARD_POINTER","HIGH","","OLD_Q_BODY_TO_NEW_QUOTED","board back-reference pointer",""
"2623","0",">>4281583","Q_AUTHORED_CURRENT_POST","QUOTED_OR_EMBEDDED","QUOTED_ANONYMOUS_POST","BOARD_POINTER","HIGH","","OLD_Q_BODY_TO_NEW_QUOTED","board back-reference pointer","Directives"
"2624","0",">>4281684","Q_AUTHORED_CURRENT_POST","QUOTED_OR_EMBEDDED","QUOTED_ANONYMOUS_POST","BOARD_POINTER","HIGH","","OLD_Q_BODY_TO_NEW_QUOTED","board back-reference pointer","Emphasis|Themes"
"2627","0",">>4381127","Q_AUTHORED_CURRENT_POST","QUOTED_OR_EMBEDDED","QUOTED_PRIOR_Q_POST","BOARD_POINTER","HIGH","2626","OLD_Q_BODY_TO_NEW_QUOTED","board back-reference pointer","Questions|Claims|Entities|Themes"
"2634","0",">>4392645","Q_AUTHORED_CURRENT_POST","QUOTED_OR_EMBEDDED","QUOTED_ANONYMOUS_POST","BOARD_POINTER","HIGH","","OLD_Q_BODY_TO_NEW_QUOTED","board back-reference pointer",""
"2646","0",">>4610613","Q_AUTHORED_CURRENT_POST","QUOTED_OR_EMBEDDED","QUOTED_PRIOR_Q_POST","BOARD_POINTER","HIGH","2645","OLD_Q_BODY_TO_NEW_QUOTED","board back-reference pointer","Directives|Questions|Claims|Emphasis|Entities|Themes"
"2647","0",">>4614558","Q_AUTHORED_CURRENT_POST","QUOTED_OR_EMBEDDED","QUOTED_ANONYMOUS_POST","BOARD_POINTER","HIGH","","OLD_Q_BODY_TO_NEW_QUOTED","board back-reference pointer","Directives|Questions|Claims|Codes|Entities|Themes"
"2650","0",">>4617213","Q_AUTHORED_CURRENT_POST","QUOTED_OR_EMBEDDED","QUOTED_ANONYMOUS_POST","BOARD_POINTER","HIGH","","OLD_Q_BODY_TO_NEW_QUOTED","board back-reference pointer","Questions|Emphasis"
"2652","0",">>4617970","Q_AUTHORED_CURRENT_POST","QUOTED_OR_EMBEDDED","QUOTED_ANONYMOUS_POST","BOARD_POINTER","HIGH","","OLD_Q_BODY_TO_NEW_QUOTED","board back-reference pointer",""
"2653","6",">Called for the sex-integration of prisons and reformatories so that conditions of imprisonment, security and housing could be equal. She explained, “If the grand design of such institutions is to prepare inmates for return to the community as persons equipped to benefit from and contribute to civil society, then perpetuation of single-sex institutions should be rejected.” (Page 101)","QUOTED_OR_EMBEDDED (greentext excerpt)","Q_AUTHORED_CURRENT_POST","Q_BODY","PROSE","MEDIUM","","OLD_QUOTED_TO_NEW_Q_BODY","greentext arrow with no matching quoted source — Q's own bullet","Directives|Questions|Claims|Codes|Emphasis|Entities|Themes"
"2653","7",">Called for the sex-integration of Boy Scouts and Girl Scouts because they “perpetuate stereotyped sex roles.” (Page 145)","QUOTED_OR_EMBEDDED (greentext excerpt)","Q_AUTHORED_CURRENT_POST","Q_BODY","PROSE","MEDIUM","","OLD_QUOTED_TO_NEW_Q_BODY","greentext arrow with no matching quoted source — Q's own bullet","Directives|Questions|Claims|Codes|Emphasis|Entities|Themes"
"2653","8",">Insisted on sex-integrating “college fraternity and sorority chapters” and replacing them with “college social societies.” (Page 169)","QUOTED_OR_EMBEDDED (greentext excerpt)","Q_AUTHORED_CURRENT_POST","Q_BODY","PROSE","MEDIUM","","OLD_QUOTED_TO_NEW_Q_BODY","greentext arrow with no matching quoted source — Q's own bullet","Directives|Questions|Claims|Codes|Emphasis|Entities|Themes"
"2653","9",">Cast constitutional doubt on the legality of “Mother’s Day and Father’s Day as separate holidays.” (Page 146)","QUOTED_OR_EMBEDDED (greentext excerpt)","Q_AUTHORED_CURRENT_POST","Q_BODY","PROSE","MEDIUM","","OLD_QUOTED_TO_NEW_Q_BODY","greentext arrow with no matching quoted source — Q's own bullet","Directives|Questions|Claims|Codes|Emphasis|Entities|Themes"
"2653","10",">Called for reducing the age of consent for sexual acts to people who are “less than 12 years old.” (Page 102)","QUOTED_OR_EMBEDDED (greentext excerpt)","Q_AUTHORED_CURRENT_POST","Q_BODY","PROSE","MEDIUM","","OLD_QUOTED_TO_NEW_Q_BODY","greentext arrow with no matching quoted source — Q's own bullet","Directives|Questions|Claims|Codes|Emphasis|Entities|Themes"
"2653","11",">Asserted that laws against “bigamists, persons cohabiting with more than one woman, and women cohabiting with a bigamist” are unconstitutional. (Page 195)","QUOTED_OR_EMBEDDED (greentext excerpt)","Q_AUTHORED_CURRENT_POST","Q_BODY","PROSE","MEDIUM","","OLD_QUOTED_TO_NEW_Q_BODY","greentext arrow with no matching quoted source — Q's own bullet","Directives|Questions|Claims|Codes|Emphasis|Entities|Themes"
"2653","12",">Objected to laws against prostitution because “prostitution, as a consensual act between adults, is arguably within the zone of privacy protected by recent constitutional decisions.” (Page 97)","QUOTED_OR_EMBEDDED (greentext excerpt)","Q_AUTHORED_CURRENT_POST","Q_BODY","PROSE","MEDIUM","","OLD_QUOTED_TO_NEW_Q_BODY","greentext arrow with no matching quoted source — Q's own bullet","Directives|Questions|Claims|Codes|Emphasis|Entities|Themes"
"2653","13",">Ginsburg wrote that the Mann Act (which punishes those who engage in interstate sex traffic of women and girls) is “offensive.” Such acts should be considered “within the zone of privacy.” (Page 98)","QUOTED_OR_EMBEDDED (greentext excerpt)","Q_AUTHORED_CURRENT_POST","Q_BODY","PROSE","MEDIUM","","OLD_QUOTED_TO_NEW_Q_BODY","greentext arrow with no matching quoted source — Q's own bullet","Directives|Questions|Claims|Codes|Emphasis|Entities|Themes"
"2653","14",">Demanded that we “firmly reject draft or combat exemption for women,” stating “women must be subject to the draft if men are.” But, she added, “the need for affirmative action and for transition measures is particularly strong in the uniformed services.” (Page 218)","QUOTED_OR_EMBEDDED (greentext excerpt)","Q_AUTHORED_CURRENT_POST","Q_BODY","PROSE","MEDIUM","","OLD_QUOTED_TO_NEW_Q_BODY","greentext arrow with no matching quoted source — Q's own bullet","Directives|Questions|Claims|Codes|Emphasis|Entities|Themes"
"2653","15",">An indefatigable censor, Ginsburg listed hundreds of “sexist” words that must be eliminated from all statutes. Among words she found offensive were: man, woman, manmade, mankind, husband, wife, mother, father, sister, brother, son, daughter, serviceman, longshoreman, postmaster, watchman, seamanship, and “to man” (a vessel). (Pages 15-16)","QUOTED_OR_EMBEDDED (greentext excerpt)","Q_AUTHORED_CURRENT_POST","Q_BODY","PROSE","MEDIUM","","OLD_QUOTED_TO_NEW_Q_BODY","greentext arrow with no matching quoted source — Q's own bullet","Directives|Questions|Claims|Codes|Emphasis|Entities|Themes"
"2653","16",">Wanted he, she, him, her, his, and hers to be dropped down the memory hole. They must be replaced by he/she, her/him, and hers/his, and federal statutes must use the bad grammar of “plural constructions to avoid third person singular pronouns.” (Page 52-53)","QUOTED_OR_EMBEDDED (greentext excerpt)","Q_AUTHORED_CURRENT_POST","Q_BODY","PROSE","MEDIUM","","OLD_QUOTED_TO_NEW_Q_BODY","greentext arrow with no matching quoted source — Q's own bullet","Directives|Questions|Claims|Codes|Emphasis|Entities|Themes"
"2653","17",">Condemned the Supreme Court’s ruling in Harris v. McRae and claimed that taxpayer-funded abortions should be a constitutional right.","QUOTED_OR_EMBEDDED (greentext excerpt)","Q_AUTHORED_CURRENT_POST","Q_BODY","PROSE","MEDIUM","","OLD_QUOTED_TO_NEW_Q_BODY","greentext arrow with no matching quoted source — Q's own bullet","Directives|Questions|Claims|Codes|Emphasis|Entities|Themes"
"2660","0",">>4616371","Q_AUTHORED_CURRENT_POST","QUOTED_OR_EMBEDDED","QUOTED_PRIOR_Q_POST","BOARD_POINTER","HIGH","2648","OLD_Q_BODY_TO_NEW_QUOTED","board back-reference pointer","Directives|Claims|Entities"
"2664","7",">New narrative created","QUOTED_OR_EMBEDDED (greentext excerpt)","Q_AUTHORED_CURRENT_POST","Q_BODY","PROSE","MEDIUM","","OLD_QUOTED_TO_NEW_Q_BODY","greentext arrow with no matching quoted source — Q's own bullet","Directives|Questions|Claims"
"2664","8",">Refusal to provide coverage of successes","QUOTED_OR_EMBEDDED (greentext excerpt)","Q_AUTHORED_CURRENT_POST","Q_BODY","PROSE","MEDIUM","","OLD_QUOTED_TO_NEW_Q_BODY","greentext arrow with no matching quoted source — Q's own bullet","Directives|Questions|Claims"
"2665","0",">>4643371","Q_AUTHORED_CURRENT_POST","QUOTED_OR_EMBEDDED","QUOTED_ANONYMOUS_POST","BOARD_POINTER","HIGH","","OLD_Q_BODY_TO_NEW_QUOTED","board back-reference pointer","Questions|Claims"
"2667","0",">>4644100","Q_AUTHORED_CURRENT_POST","QUOTED_OR_EMBEDDED","QUOTED_ANONYMOUS_POST","BOARD_POINTER","HIGH","","OLD_Q_BODY_TO_NEW_QUOTED","board back-reference pointer","Questions|Entities"
"2677","0",">>5094289","Q_AUTHORED_CURRENT_POST","QUOTED_OR_EMBEDDED","QUOTED_ANONYMOUS_POST","BOARD_POINTER","HIGH","","OLD_Q_BODY_TO_NEW_QUOTED","board back-reference pointer","Directives"
"268","0",">>38396","Q_AUTHORED_CURRENT_POST","QUOTED_OR_EMBEDDED","QUOTED_ANONYMOUS_POST","BOARD_POINTER","HIGH","","OLD_Q_BODY_TO_NEW_QUOTED","board back-reference pointer","Themes"
"2682","38","They want to keep you poor and in need of government assistance.","QUOTED_OR_EMBEDDED (sustained prose block — pasted or quoted passage)","Q_AUTHORED_CURRENT_POST","Q_BODY","PROSE","HIGH","","OLD_QUOTED_TO_NEW_Q_BODY","long sentence inside a drop whose dominant register is Q — prose shape alone is not a quotation","Directives|Questions|Claims|Codes|Emphasis|Entities|Themes"
"2682","39","Bigger the gov’t, the more CONTROL they have, the more POWER they possess.","QUOTED_OR_EMBEDDED (sustained prose block — pasted or quoted passage)","Q_AUTHORED_CURRENT_POST","Q_BODY","PROSE","HIGH","","OLD_QUOTED_TO_NEW_Q_BODY","long sentence inside a drop whose dominant register is Q — prose shape alone is not a quotation","Directives|Questions|Claims|Codes|Emphasis|Entities|Themes"
"2682","47","Transparency is the only way to PROVE TO THE PUBLIC that everything SOLD TO YOU as TRUTH was nothing but a FAKE NARRATIVE DESIGNED TO KEEP, YOU, THE PEOPLE, POWERLESS, AND KEEP THEM, IN CONTROL [I.E. IN POWER].","QUOTED_OR_EMBEDDED (sustained prose block — pasted or quoted passage)","Q_AUTHORED_CURRENT_POST","Q_BODY","PROSE","HIGH","","OLD_QUOTED_TO_NEW_Q_BODY","long sentence inside a drop whose dominant register is Q — prose shape alone is not a quotation","Directives|Questions|Claims|Codes|Emphasis|Entities|Themes"
"2682","48","FAKE NEWS’ [propaganda arm of the Democrat machine] sole responsibility is to prevent the TRUTH from ever being disseminated to the masses.","QUOTED_OR_EMBEDDED (sustained prose block — pasted or quoted passage)","Q_AUTHORED_CURRENT_POST","Q_BODY","PROSE","HIGH","","OLD_QUOTED_TO_NEW_Q_BODY","long sentence inside a drop whose dominant register is Q — prose shape alone is not a quotation","Directives|Questions|Claims|Codes|Emphasis|Entities|Themes"
"2682","51","Prosecution is the only way forward re: save & defend the rule of law.","QUOTED_OR_EMBEDDED (sustained prose block — pasted or quoted passage)","Q_AUTHORED_CURRENT_POST","Q_BODY","PROSE","HIGH","","OLD_QUOTED_TO_NEW_Q_BODY","long sentence inside a drop whose dominant register is Q — prose shape alone is not a quotation","Directives|Questions|Claims|Codes|Emphasis|Entities|Themes"
"2682","52","Prosecution and Transparency is the only way to save our way of life.","QUOTED_OR_EMBEDDED (sustained prose block — pasted or quoted passage)","Q_AUTHORED_CURRENT_POST","Q_BODY","PROSE","HIGH","","OLD_QUOTED_TO_NEW_Q_BODY","long sentence inside a drop whose dominant register is Q — prose shape alone is not a quotation","Directives|Questions|Claims|Codes|Emphasis|Entities|Themes"
"2683","7",">Police turned against its own citizens","QUOTED_OR_EMBEDDED (greentext excerpt)","Q_AUTHORED_CURRENT_POST","Q_BODY","PROSE","MEDIUM","","OLD_QUOTED_TO_NEW_Q_BODY","greentext arrow with no matching quoted source — Q's own bullet","Directives|Questions|Claims|Entities|Themes"
"2683","8",">Citizens turned against its own police","QUOTED_OR_EMBEDDED (greentext excerpt)","Q_AUTHORED_CURRENT_POST","Q_BODY","PROSE","MEDIUM","","OLD_QUOTED_TO_NEW_Q_BODY","greentext arrow with no matching quoted source — Q's own bullet","Directives|Questions|Claims|Entities|Themes"
"2683","9",">People v People","QUOTED_OR_EMBEDDED (greentext excerpt)","Q_AUTHORED_CURRENT_POST","Q_BODY","PROSE","MEDIUM","","OLD_QUOTED_TO_NEW_Q_BODY","greentext arrow with no matching quoted source — Q's own bullet","Directives|Questions|Claims|Entities|Themes"
"2687","0",">>5117187","Q_AUTHORED_CURRENT_POST","QUOTED_OR_EMBEDDED","QUOTED_ANONYMOUS_POST","BOARD_POINTER","HIGH","","OLD_Q_BODY_TO_NEW_QUOTED","board back-reference pointer","Questions|Emphasis|Entities|Themes"
"2687","1","Why does the FAKE NEWS media continue to attack a so-called 'conspiracy'?","Q_AUTHORED_CURRENT_POST","QUOTED_OR_EMBEDDED","QUOTED_THIRD_PARTY","PROSE","HIGH","","OLD_Q_BODY_TO_NEW_QUOTED","pasted passage directly beneath a source link or pointer","Questions|Emphasis|Entities|Themes"
"2687","2","Did you know there's been 1,000+ articles written about this movement by the FAKE NEWS media machine?","Q_AUTHORED_CURRENT_POST","QUOTED_OR_EMBEDDED","QUOTED_THIRD_PARTY","PROSE","HIGH","","OLD_Q_BODY_TO_NEW_QUOTED","pasted passage directly beneath a source link or pointer","Questions|Emphasis|Entities|Themes"
"2688","0",">>5117543","Q_AUTHORED_CURRENT_POST","QUOTED_OR_EMBEDDED","QUOTED_ANONYMOUS_POST","BOARD_POINTER","HIGH","","OLD_Q_BODY_TO_NEW_QUOTED","board back-reference pointer","Claims|Themes"
"2688","1",">>5117590","Q_AUTHORED_CURRENT_POST","QUOTED_OR_EMBEDDED","QUOTED_ANONYMOUS_POST","BOARD_POINTER","HIGH","","OLD_Q_BODY_TO_NEW_QUOTED","board back-reference pointer","Claims|Themes"
"2689","4",">Non-Cit votes by county","QUOTED_OR_EMBEDDED (greentext excerpt)","Q_AUTHORED_CURRENT_POST","Q_BODY","PROSE","MEDIUM","","OLD_QUOTED_TO_NEW_Q_BODY","greentext arrow with no matching quoted source — Q's own bullet","Directives|Questions|Claims|Codes|Emphasis|Entities|Themes"
"2689","5",">Non-Cit promo by county","QUOTED_OR_EMBEDDED (greentext excerpt)","Q_AUTHORED_CURRENT_POST","Q_BODY","PROSE","MEDIUM","","OLD_QUOTED_TO_NEW_Q_BODY","greentext arrow with no matching quoted source — Q's own bullet","Directives|Questions|Claims|Codes|Emphasis|Entities|Themes"
"2689","6",">Non-Cit org by county","QUOTED_OR_EMBEDDED (greentext excerpt)","Q_AUTHORED_CURRENT_POST","Q_BODY","PROSE","MEDIUM","","OLD_QUOTED_TO_NEW_Q_BODY","greentext arrow with no matching quoted source — Q's own bullet","Directives|Questions|Claims|Codes|Emphasis|Entities|Themes"
"2689","7",">Targeted districts breakdown by 'Non-Cit' data acc","QUOTED_OR_EMBEDDED (greentext excerpt)","Q_AUTHORED_CURRENT_POST","Q_BODY","PROSE","MEDIUM","","OLD_QUOTED_TO_NEW_Q_BODY","greentext arrow with no matching quoted source — Q's own bullet","Directives|Questions|Claims|Codes|Emphasis|Entities|Themes"
"2689","8",">Voter irregularities [internal]","QUOTED_OR_EMBEDDED (greentext excerpt)","Q_AUTHORED_CURRENT_POST","Q_BODY","PROSE","MEDIUM","","OLD_QUOTED_TO_NEW_Q_BODY","greentext arrow with no matching quoted source — Q's own bullet","Directives|Questions|Claims|Codes|Emphasis|Entities|Themes"
"2689","9",">(-2) Laws enacted in battleground areas as test for 2020 (voter roll screening/review of non_votes (D) > ballot pop > track for sign > submit late for count) - vote swing figures + rule of law (new standard of no show vote SC 2019 scope case?)","QUOTED_OR_EMBEDDED (greentext excerpt)","Q_AUTHORED_CURRENT_POST","Q_BODY","PROSE","MEDIUM","","OLD_QUOTED_TO_NEW_Q_BODY","greentext arrow with no matching quoted source — Q's own bullet","Directives|Questions|Claims|Codes|Emphasis|Entities|Themes"
"2689","29","Will the DOJ support the push instead of file legal challenges as [LL] did in the past?","Q_AUTHORED_CURRENT_POST","QUOTED_OR_EMBEDDED","QUOTED_THIRD_PARTY","PROSE","HIGH","","OLD_Q_BODY_TO_NEW_QUOTED","pasted passage directly beneath a source link or pointer","Directives|Questions|Claims|Codes|Emphasis|Entities|Themes"
"2689","30","If the SC ruled in 2008 that VOTER ID laws do not impact/harm or prevent 'minorities' from voting, how could the U.S. 4th Circuit Court rule opposite?","Q_AUTHORED_CURRENT_POST","QUOTED_OR_EMBEDDED","QUOTED_THIRD_PARTY","PROSE","HIGH","","OLD_Q_BODY_TO_NEW_QUOTED","pasted passage directly beneath a source link or pointer","Directives|Questions|Claims|Codes|Emphasis|Entities|Themes"
"2690","0",">>5123210","Q_AUTHORED_CURRENT_POST","QUOTED_OR_EMBEDDED","QUOTED_PRIOR_Q_POST","BOARD_POINTER","HIGH","2689","OLD_Q_BODY_TO_NEW_QUOTED","board back-reference pointer",""
"2693","4","Step Three: Justify the 'SPECIAL COUNSEL' and MILLIONS OF TAXPAYER DOLLARS SPENT as necessary to protect the public and our election process against an imaginary, made-up, non-existent threat (which really is) designed to protect the illegal activities of many elected officials.","QUOTED_OR_EMBEDDED (sustained prose block — pasted or quoted passage)","Q_AUTHORED_CURRENT_POST","Q_BODY","PROSE","HIGH","","OLD_QUOTED_TO_NEW_Q_BODY","long sentence inside a drop whose dominant register is Q — prose shape alone is not a quotation","Directives|Claims|Emphasis|Entities|Themes"
"2693","5","Step Four: Open 'new' Fake & False investigations as CHAIRMAN of the House Intel Comm to retain disinformation campaign designed to keep liberal/D Americans onboard to regain POWER & PREVENT prosecution - Executive Time!","QUOTED_OR_EMBEDDED (sustained prose block — pasted or quoted passage)","Q_AUTHORED_CURRENT_POST","Q_BODY","PROSE","HIGH","","OLD_QUOTED_TO_NEW_Q_BODY","long sentence inside a drop whose dominant register is Q — prose shape alone is not a quotation","Directives|Claims|Emphasis|Entities|Themes"
"2694","0",">>5127462","Q_AUTHORED_CURRENT_POST","QUOTED_OR_EMBEDDED","QUOTED_PRIOR_Q_POST","BOARD_POINTER","HIGH","2693","OLD_Q_BODY_TO_NEW_QUOTED","board back-reference pointer","Claims|Codes|Emphasis|Entities|Themes"
"2695","0",">>5134144","Q_AUTHORED_CURRENT_POST","QUOTED_OR_EMBEDDED","QUOTED_ANONYMOUS_POST","BOARD_POINTER","HIGH","","OLD_Q_BODY_TO_NEW_QUOTED","board back-reference pointer","Questions|Claims|Emphasis|Entities|Themes"
"2696","0",">>5134529","Q_AUTHORED_CURRENT_POST","QUOTED_OR_EMBEDDED","QUOTED_ANONYMOUS_POST","BOARD_POINTER","HIGH","","OLD_Q_BODY_TO_NEW_QUOTED","board back-reference pointer","Claims|Entities|Themes"
"2698","0",">>5139710","Q_AUTHORED_CURRENT_POST","QUOTED_OR_EMBEDDED","QUOTED_PRIOR_Q_POST","BOARD_POINTER","HIGH","2697","OLD_Q_BODY_TO_NEW_QUOTED","board back-reference pointer","Claims|Codes|Emphasis"
"2700","11","Transparency and Prosecution is the only way forward to save our Republic and safeguard such criminal and treasonous acts from occurring again.","QUOTED_OR_EMBEDDED (sustained prose block — pasted or quoted passage)","Q_AUTHORED_CURRENT_POST","Q_BODY","PROSE","HIGH","","OLD_QUOTED_TO_NEW_Q_BODY","long sentence inside a drop whose dominant register is Q — prose shape alone is not a quotation","Questions|Claims|Entities|Themes"
"2700","12","While some want to quietly remove those responsible and go about our business (save face on the World Stage), those in control, understand, this band-aid will simply not work.","QUOTED_OR_EMBEDDED (sustained prose block — pasted or quoted passage)","Q_AUTHORED_CURRENT_POST","Q_BODY","PROSE","HIGH","","OLD_QUOTED_TO_NEW_Q_BODY","long sentence inside a drop whose dominant register is Q — prose shape alone is not a quotation","Questions|Claims|Entities|Themes"
"2700","13","Nobody should be above the law (no matter how massive the spider-web is (entangled)).","QUOTED_OR_EMBEDDED (sustained prose block — pasted or quoted passage)","Q_AUTHORED_CURRENT_POST","Q_BODY","PROSE","HIGH","","OLD_QUOTED_TO_NEW_Q_BODY","long sentence inside a drop whose dominant register is Q — prose shape alone is not a quotation","Questions|Claims|Entities|Themes"
"2701","0",">>5141012","Q_AUTHORED_CURRENT_POST","QUOTED_OR_EMBEDDED","QUOTED_ANONYMOUS_POST","BOARD_POINTER","HIGH","","OLD_Q_BODY_TO_NEW_QUOTED","board back-reference pointer","Questions|Themes"
"2702","0",">>5141130","Q_AUTHORED_CURRENT_POST","QUOTED_OR_EMBEDDED","QUOTED_ANONYMOUS_POST","BOARD_POINTER","HIGH","","OLD_Q_BODY_TO_NEW_QUOTED","board back-reference pointer","Themes"
"2703","0",">>5141276","Q_AUTHORED_CURRENT_POST","QUOTED_OR_EMBEDDED","QUOTED_ANONYMOUS_POST","BOARD_POINTER","HIGH","","OLD_Q_BODY_TO_NEW_QUOTED","board back-reference pointer","Claims|Emphasis"
"2704","0",">>5141323","Q_AUTHORED_CURRENT_POST","QUOTED_OR_EMBEDDED","QUOTED_PRIOR_Q_POST","BOARD_POINTER","HIGH","2703","OLD_Q_BODY_TO_NEW_QUOTED","board back-reference pointer",""
"2705","0",">>5141350","Q_AUTHORED_CURRENT_POST","QUOTED_OR_EMBEDDED","QUOTED_PRIOR_Q_POST","BOARD_POINTER","HIGH","2704","OLD_Q_BODY_TO_NEW_QUOTED","board back-reference pointer","Claims"
"2708","0",">>5167220","Q_AUTHORED_CURRENT_POST","QUOTED_OR_EMBEDDED","QUOTED_PRIOR_Q_POST","BOARD_POINTER","HIGH","2707","OLD_Q_BODY_TO_NEW_QUOTED","board back-reference pointer","Codes"
"271","0",">>38503","Q_AUTHORED_CURRENT_POST","QUOTED_OR_EMBEDDED","QUOTED_ANONYMOUS_POST","BOARD_POINTER","HIGH","","OLD_Q_BODY_TO_NEW_QUOTED","board back-reference pointer",""
"2712","0",">>5176128","Q_AUTHORED_CURRENT_POST","QUOTED_OR_EMBEDDED","QUOTED_ANONYMOUS_POST","BOARD_POINTER","HIGH","","OLD_Q_BODY_TO_NEW_QUOTED","board back-reference pointer","Directives|Questions|Entities|Themes"
"2713","0",">>5176247","Q_AUTHORED_CURRENT_POST","QUOTED_OR_EMBEDDED","QUOTED_ANONYMOUS_POST","BOARD_POINTER","HIGH","","OLD_Q_BODY_TO_NEW_QUOTED","board back-reference pointer","Claims"
"2715","0",">>5176626","Q_AUTHORED_CURRENT_POST","QUOTED_OR_EMBEDDED","QUOTED_ANONYMOUS_POST","BOARD_POINTER","HIGH","","OLD_Q_BODY_TO_NEW_QUOTED","board back-reference pointer","Directives|Questions|Emphasis|Entities|Themes"
"2716","0",">>5176841","Q_AUTHORED_CURRENT_POST","QUOTED_OR_EMBEDDED","QUOTED_PRIOR_Q_POST","BOARD_POINTER","HIGH","2715","OLD_Q_BODY_TO_NEW_QUOTED","board back-reference pointer",""
"272","0",">>38504","Q_AUTHORED_CURRENT_POST","QUOTED_OR_EMBEDDED","QUOTED_ANONYMOUS_POST","BOARD_POINTER","HIGH","","OLD_Q_BODY_TO_NEW_QUOTED","board back-reference pointer","Questions"
"2720","0",">>5177926","Q_AUTHORED_CURRENT_POST","QUOTED_OR_EMBEDDED","QUOTED_ANONYMOUS_POST","BOARD_POINTER","HIGH","","OLD_Q_BODY_TO_NEW_QUOTED","board back-reference pointer",""
"2727","0",">>5185578","Q_AUTHORED_CURRENT_POST","QUOTED_OR_EMBEDDED","QUOTED_ANONYMOUS_POST","BOARD_POINTER","HIGH","","OLD_Q_BODY_TO_NEW_QUOTED","board back-reference pointer","Questions|Themes"
"2728","0",">>5185721","Q_AUTHORED_CURRENT_POST","QUOTED_OR_EMBEDDED","QUOTED_ANONYMOUS_POST","BOARD_POINTER","HIGH","","OLD_Q_BODY_TO_NEW_QUOTED","board back-reference pointer","Claims"
"2730","0",">>5186193","Q_AUTHORED_CURRENT_POST","QUOTED_OR_EMBEDDED","QUOTED_ANONYMOUS_POST","BOARD_POINTER","HIGH","","OLD_Q_BODY_TO_NEW_QUOTED","board back-reference pointer","Claims|Entities|Themes"
"2734","0",">>5187870","Q_AUTHORED_CURRENT_POST","QUOTED_OR_EMBEDDED","QUOTED_ANONYMOUS_POST","BOARD_POINTER","HIGH","","OLD_Q_BODY_TO_NEW_QUOTED","board back-reference pointer","Questions"
"2736","0",">>5188784","Q_AUTHORED_CURRENT_POST","QUOTED_OR_EMBEDDED","QUOTED_ANONYMOUS_POST","BOARD_POINTER","HIGH","","OLD_Q_BODY_TO_NEW_QUOTED","board back-reference pointer",""
"2740","0",">>5208844","Q_AUTHORED_CURRENT_POST","QUOTED_OR_EMBEDDED","QUOTED_ANONYMOUS_POST","BOARD_POINTER","HIGH","","OLD_Q_BODY_TO_NEW_QUOTED","board back-reference pointer","Questions|Claims|Codes|Entities|Themes"
"2743","1","How do you know when the media is biased and pushing a knowingly false (fake) narrative?","Q_AUTHORED_CURRENT_POST","QUOTED_OR_EMBEDDED","QUOTED_THIRD_PARTY","PROSE","HIGH","","OLD_Q_BODY_TO_NEW_QUOTED","pasted passage directly beneath a source link or pointer","Questions|Claims|Entities|Themes"
"2743","2","Disinformation campaign designed to buy ‘them’ more time by attempting to ‘con’ enough people in order to remove the duly elected POTUS in order to ‘save’ themselves from prosecution.","Q_AUTHORED_CURRENT_POST","QUOTED_OR_EMBEDDED","QUOTED_THIRD_PARTY","PROSE","HIGH","","OLD_Q_BODY_TO_NEW_QUOTED","pasted passage directly beneath a source link or pointer","Questions|Claims|Entities|Themes"
"2746","0",">>5217756","Q_AUTHORED_CURRENT_POST","QUOTED_OR_EMBEDDED","QUOTED_ANONYMOUS_POST","BOARD_POINTER","HIGH","","OLD_Q_BODY_TO_NEW_QUOTED","board back-reference pointer","Questions|Claims|Entities"
"2748","0",">>5218953","Q_AUTHORED_CURRENT_POST","QUOTED_OR_EMBEDDED","QUOTED_ANONYMOUS_POST","BOARD_POINTER","HIGH","","OLD_Q_BODY_TO_NEW_QUOTED","board back-reference pointer",""
"2749","0",">>5219066","Q_AUTHORED_CURRENT_POST","QUOTED_OR_EMBEDDED","QUOTED_ANONYMOUS_POST","BOARD_POINTER","HIGH","","OLD_Q_BODY_TO_NEW_QUOTED","board back-reference pointer","Directives"
"2750","0",">>5219185","Q_AUTHORED_CURRENT_POST","QUOTED_OR_EMBEDDED","QUOTED_ANONYMOUS_POST","BOARD_POINTER","HIGH","","OLD_Q_BODY_TO_NEW_QUOTED","board back-reference pointer",""
"2751","0",">>5219261","Q_AUTHORED_CURRENT_POST","QUOTED_OR_EMBEDDED","QUOTED_ANONYMOUS_POST","BOARD_POINTER","HIGH","","OLD_Q_BODY_TO_NEW_QUOTED","board back-reference pointer","Claims|Themes"
"2752","0",">>5219376","Q_AUTHORED_CURRENT_POST","QUOTED_OR_EMBEDDED","QUOTED_ANONYMOUS_POST","BOARD_POINTER","HIGH","","OLD_Q_BODY_TO_NEW_QUOTED","board back-reference pointer","Claims"
"2755","0",">>5224931","Q_AUTHORED_CURRENT_POST","QUOTED_OR_EMBEDDED","QUOTED_PRIOR_Q_POST","BOARD_POINTER","HIGH","2754","OLD_Q_BODY_TO_NEW_QUOTED","board back-reference pointer",""
"2756","0",">>5224943","Q_AUTHORED_CURRENT_POST","QUOTED_OR_EMBEDDED","QUOTED_ANONYMOUS_POST","BOARD_POINTER","HIGH","","OLD_Q_BODY_TO_NEW_QUOTED","board back-reference pointer","Questions|Claims"
"2757","0",">>5225094","Q_AUTHORED_CURRENT_POST","QUOTED_OR_EMBEDDED","QUOTED_PRIOR_Q_POST","BOARD_POINTER","HIGH","2756","OLD_Q_BODY_TO_NEW_QUOTED","board back-reference pointer","Directives|Emphasis"
"2758","0",">>5225105","Q_AUTHORED_CURRENT_POST","QUOTED_OR_EMBEDDED","QUOTED_ANONYMOUS_POST","BOARD_POINTER","HIGH","","OLD_Q_BODY_TO_NEW_QUOTED","board back-reference pointer","Questions"
"2759","0",">>5225131","Q_AUTHORED_CURRENT_POST","QUOTED_OR_EMBEDDED","QUOTED_ANONYMOUS_POST","BOARD_POINTER","HIGH","","OLD_Q_BODY_TO_NEW_QUOTED","board back-reference pointer",""
"2760","0",">>5225271","Q_AUTHORED_CURRENT_POST","QUOTED_OR_EMBEDDED","QUOTED_ANONYMOUS_POST","BOARD_POINTER","HIGH","","OLD_Q_BODY_TO_NEW_QUOTED","board back-reference pointer","Claims"
"2761","0",">>5225342","Q_AUTHORED_CURRENT_POST","QUOTED_OR_EMBEDDED","QUOTED_ANONYMOUS_POST","BOARD_POINTER","HIGH","","OLD_Q_BODY_TO_NEW_QUOTED","board back-reference pointer","Entities"
"2762","0",">>5225482","Q_AUTHORED_CURRENT_POST","QUOTED_OR_EMBEDDED","QUOTED_ANONYMOUS_POST","BOARD_POINTER","HIGH","","OLD_Q_BODY_TO_NEW_QUOTED","board back-reference pointer","Directives|Questions"
"2763","0",">>5225562","Q_AUTHORED_CURRENT_POST","QUOTED_OR_EMBEDDED","QUOTED_ANONYMOUS_POST","BOARD_POINTER","HIGH","","OLD_Q_BODY_TO_NEW_QUOTED","board back-reference pointer",""
"2764","0",">>5225833","Q_AUTHORED_CURRENT_POST","QUOTED_OR_EMBEDDED","QUOTED_ANONYMOUS_POST","BOARD_POINTER","HIGH","","OLD_Q_BODY_TO_NEW_QUOTED","board back-reference pointer","Claims|Entities"
"2769","0",">>5228903","Q_AUTHORED_CURRENT_POST","QUOTED_OR_EMBEDDED","QUOTED_PRIOR_Q_POST","BOARD_POINTER","HIGH","2768","OLD_Q_BODY_TO_NEW_QUOTED","board back-reference pointer",""
"2772","0",">>5230378","Q_AUTHORED_CURRENT_POST","QUOTED_OR_EMBEDDED","QUOTED_ANONYMOUS_POST","BOARD_POINTER","HIGH","","OLD_Q_BODY_TO_NEW_QUOTED","board back-reference pointer","Directives|Claims|Emphasis"
"2773","0",">>5230665","Q_AUTHORED_CURRENT_POST","QUOTED_OR_EMBEDDED","QUOTED_ANONYMOUS_POST","BOARD_POINTER","HIGH","","OLD_Q_BODY_TO_NEW_QUOTED","board back-reference pointer","Questions"
"2775","0",">>5231025","Q_AUTHORED_CURRENT_POST","QUOTED_OR_EMBEDDED","QUOTED_ANONYMOUS_POST","BOARD_POINTER","HIGH","","OLD_Q_BODY_TO_NEW_QUOTED","board back-reference pointer","Emphasis|Entities"
"2776","5","“Mandate was clear - verify and investigate reports of possible foreign collusion between President & Russia.” “What justification existed to effectively launch a massive domestic / foreign surv campaign against the President (pres elect / president) and members of his transition / campaign team?”","Q_AUTHORED_CURRENT_POST","QUOTED_OR_EMBEDDED","QUOTED_THIRD_PARTY","PROSE","HIGH","","OLD_Q_BODY_TO_NEW_QUOTED","self-contained quotation: one line opening and closing on quotation marks, paragraph length","Questions|Claims|Emphasis|Entities|Themes"
"2776","9","“Was the Steele report a ‘trusted and verified’ report per Intel to continue especially considering the funding party was the opposition party?”","Q_AUTHORED_CURRENT_POST","QUOTED_OR_EMBEDDED","QUOTED_THIRD_PARTY","PROSE","HIGH","","OLD_Q_BODY_TO_NEW_QUOTED","self-contained quotation: one line opening and closing on quotation marks, paragraph length","Questions|Claims|Emphasis|Entities|Themes"
"2776","15","“No.” “We believe there was urgency placed on the auth given the gravity and timeline of events that those involved negated to populate fully.”","Q_AUTHORED_CURRENT_POST","QUOTED_OR_EMBEDDED","QUOTED_THIRD_PARTY","PROSE","HIGH","","OLD_Q_BODY_TO_NEW_QUOTED","self-contained quotation: one line opening and closing on quotation marks, paragraph length","Questions|Claims|Emphasis|Entities|Themes"
"2776","20","“What justification did you have to effectively expand the mandate, not report that expansion to Congress, in order to seek a crime outside of R collusion?” “What specific reasoning and/or facts existed to justify the appointment of a SC to begin with per the law?” “Why did you recommend to Sessions that he should recuse?” “Why wasn’t the mandate / budget and regular updates provided to Congress upon request?” “Why is everything kept confidential and under inappropriate classification?” “Was the purpose of investigating to find a crime vs investigate evidence of a crime?”","Q_AUTHORED_CURRENT_POST","QUOTED_OR_EMBEDDED","QUOTED_THIRD_PARTY","PROSE","HIGH","","OLD_Q_BODY_TO_NEW_QUOTED","self-contained quotation: one line opening and closing on quotation marks, paragraph length","Questions|Claims|Emphasis|Entities|Themes"
"2777","0",">>5234560","Q_AUTHORED_CURRENT_POST","QUOTED_OR_EMBEDDED","QUOTED_PRIOR_Q_POST","BOARD_POINTER","HIGH","2776","OLD_Q_BODY_TO_NEW_QUOTED","board back-reference pointer","Directives"
"2778","0",">>5234560","Q_AUTHORED_CURRENT_POST","QUOTED_OR_EMBEDDED","QUOTED_PRIOR_Q_POST","BOARD_POINTER","HIGH","2776","OLD_Q_BODY_TO_NEW_QUOTED","board back-reference pointer","Questions|Claims|Emphasis"
"2780","0",">>5237651","Q_AUTHORED_CURRENT_POST","QUOTED_OR_EMBEDDED","QUOTED_ANONYMOUS_POST","BOARD_POINTER","HIGH","","OLD_Q_BODY_TO_NEW_QUOTED","board back-reference pointer","Claims"
"2785","0",">>5242466","Q_AUTHORED_CURRENT_POST","QUOTED_OR_EMBEDDED","QUOTED_ANONYMOUS_POST","BOARD_POINTER","HIGH","","OLD_Q_BODY_TO_NEW_QUOTED","board back-reference pointer","Directives|Claims|Emphasis|Themes"
"2787","0",">>5244054","Q_AUTHORED_CURRENT_POST","QUOTED_OR_EMBEDDED","QUOTED_ANONYMOUS_POST","BOARD_POINTER","HIGH","","OLD_Q_BODY_TO_NEW_QUOTED","board back-reference pointer","Directives|Questions|Codes|Emphasis|Entities|Themes"
"2788","24","When you don't have facts to support your arguments (present logical reasoning), you must resort to the above tactics.","QUOTED_OR_EMBEDDED (sustained prose block — pasted or quoted passage)","Q_AUTHORED_CURRENT_POST","Q_BODY","PROSE","HIGH","","OLD_QUOTED_TO_NEW_Q_BODY","long sentence inside a drop whose dominant register is Q — prose shape alone is not a quotation","Directives|Questions|Claims|Codes|Emphasis|Entities|Themes"
"2788","25","The NARRATIVE is designed to keep people in a constant state of 'FEAR' thereby forcing 'ANGER', 'RAGE', 'VIOLENCE'.","QUOTED_OR_EMBEDDED (sustained prose block — pasted or quoted passage)","Q_AUTHORED_CURRENT_POST","Q_BODY","PROSE","HIGH","","OLD_QUOTED_TO_NEW_Q_BODY","long sentence inside a drop whose dominant register is Q — prose shape alone is not a quotation","Directives|Questions|Claims|Codes|Emphasis|Entities|Themes"
"279","1",">>45476","Q_AUTHORED_CURRENT_POST","QUOTED_OR_EMBEDDED","QUOTED_ANONYMOUS_POST","BOARD_POINTER","HIGH","","OLD_Q_BODY_TO_NEW_QUOTED","board back-reference pointer","Questions|Entities|Themes"
"2791","0",">>5245512","Q_AUTHORED_CURRENT_POST","QUOTED_OR_EMBEDDED","QUOTED_ANONYMOUS_POST","BOARD_POINTER","HIGH","","OLD_Q_BODY_TO_NEW_QUOTED","board back-reference pointer","Claims"
"2793","0","Chatter uptick re: how to effectively prevent cross-talk re: anti-narrative across all social media/online platforms.","QUOTED_OR_EMBEDDED (sustained prose block — pasted or quoted passage)","Q_AUTHORED_CURRENT_POST","Q_BODY","PROSE","HIGH","","OLD_QUOTED_TO_NEW_Q_BODY","long sentence inside a drop whose dominant register is Q — prose shape alone is not a quotation","Directives|Questions|Claims|Codes|Emphasis|Entities|Themes"
"2793","1","Ability to prevent cross-talk narrows comms only to FAKE NEWS which provides for more control over what is released to inform the public.","QUOTED_OR_EMBEDDED (sustained prose block — pasted or quoted passage)","Q_AUTHORED_CURRENT_POST","Q_BODY","PROSE","HIGH","","OLD_QUOTED_TO_NEW_Q_BODY","long sentence inside a drop whose dominant register is Q — prose shape alone is not a quotation","Directives|Questions|Claims|Codes|Emphasis|Entities|Themes"
"2793","2","A series of scenarios is currently being conducted ['game the sys'] to test response, risk, and calc results.","QUOTED_OR_EMBEDDED (sustained prose block — pasted or quoted passage)","Q_AUTHORED_CURRENT_POST","Q_BODY","PROSE","HIGH","","OLD_QUOTED_TO_NEW_Q_BODY","long sentence inside a drop whose dominant register is Q — prose shape alone is not a quotation","Directives|Questions|Claims|Codes|Emphasis|Entities|Themes"
"2794","0",">>5247847","Q_AUTHORED_CURRENT_POST","QUOTED_OR_EMBEDDED","QUOTED_ANONYMOUS_POST","BOARD_POINTER","HIGH","","OLD_Q_BODY_TO_NEW_QUOTED","board back-reference pointer","Entities"
"2795","0",">>5247912","Q_AUTHORED_CURRENT_POST","QUOTED_OR_EMBEDDED","QUOTED_ANONYMOUS_POST","BOARD_POINTER","HIGH","","OLD_Q_BODY_TO_NEW_QUOTED","board back-reference pointer","Claims"
"2796","0",">>5248019","Q_AUTHORED_CURRENT_POST","QUOTED_OR_EMBEDDED","QUOTED_ANONYMOUS_POST","BOARD_POINTER","HIGH","","OLD_Q_BODY_TO_NEW_QUOTED","board back-reference pointer",""
"2797","0",">>5248193","Q_AUTHORED_CURRENT_POST","QUOTED_OR_EMBEDDED","QUOTED_ANONYMOUS_POST","BOARD_POINTER","HIGH","","OLD_Q_BODY_TO_NEW_QUOTED","board back-reference pointer",""
"2797","1",">>5248213","Q_AUTHORED_CURRENT_POST","QUOTED_OR_EMBEDDED","QUOTED_ANONYMOUS_POST","BOARD_POINTER","HIGH","","OLD_Q_BODY_TO_NEW_QUOTED","board back-reference pointer",""
"2798","0",">>5248631","Q_AUTHORED_CURRENT_POST","QUOTED_OR_EMBEDDED","QUOTED_PRIOR_Q_POST","BOARD_POINTER","HIGH","2797","OLD_Q_BODY_TO_NEW_QUOTED","board back-reference pointer",""
"2799","0",">>5248785","Q_AUTHORED_CURRENT_POST","QUOTED_OR_EMBEDDED","QUOTED_ANONYMOUS_POST","BOARD_POINTER","HIGH","","OLD_Q_BODY_TO_NEW_QUOTED","board back-reference pointer","Questions"
"28","0",">>147450119","Q_AUTHORED_CURRENT_POST","QUOTED_OR_EMBEDDED","QUOTED_ANONYMOUS_POST","BOARD_POINTER","HIGH","","OLD_Q_BODY_TO_NEW_QUOTED","board back-reference pointer","Directives"
"2800","0",">>5248831","Q_AUTHORED_CURRENT_POST","QUOTED_OR_EMBEDDED","QUOTED_ANONYMOUS_POST","BOARD_POINTER","HIGH","","OLD_Q_BODY_TO_NEW_QUOTED","board back-reference pointer",""
"2804","0",">>5257078","Q_AUTHORED_CURRENT_POST","QUOTED_OR_EMBEDDED","QUOTED_PRIOR_Q_POST","BOARD_POINTER","HIGH","2803","OLD_Q_BODY_TO_NEW_QUOTED","board back-reference pointer","Codes|Emphasis|Entities|Themes"
"2805","0",">>5257446","Q_AUTHORED_CURRENT_POST","QUOTED_OR_EMBEDDED","QUOTED_PRIOR_Q_POST","BOARD_POINTER","HIGH","2804","OLD_Q_BODY_TO_NEW_QUOTED","board back-reference pointer","Questions|Entities|Themes"
"2810","0",">>5265751 (/pb)","Q_AUTHORED_CURRENT_POST","QUOTED_OR_EMBEDDED","QUOTED_ANONYMOUS_POST","BOARD_POINTER","HIGH","","OLD_Q_BODY_TO_NEW_QUOTED","board back-reference pointer","Directives|Claims|Entities|Themes"
"2811","0",">>5266411","Q_AUTHORED_CURRENT_POST","QUOTED_OR_EMBEDDED","QUOTED_ANONYMOUS_POST","BOARD_POINTER","HIGH","","OLD_Q_BODY_TO_NEW_QUOTED","board back-reference pointer","Questions|Emphasis"
"2815","0",">>5271150","Q_AUTHORED_CURRENT_POST","QUOTED_OR_EMBEDDED","QUOTED_PRIOR_Q_POST","BOARD_POINTER","HIGH","2814","OLD_Q_BODY_TO_NEW_QUOTED","board back-reference pointer","Emphasis"
"2817","0",">>5271917","Q_AUTHORED_CURRENT_POST","QUOTED_OR_EMBEDDED","QUOTED_ANONYMOUS_POST","BOARD_POINTER","HIGH","","OLD_Q_BODY_TO_NEW_QUOTED","board back-reference pointer","Claims"
"282","0",">>45563","Q_AUTHORED_CURRENT_POST","QUOTED_OR_EMBEDDED","QUOTED_ANONYMOUS_POST","BOARD_POINTER","HIGH","","OLD_Q_BODY_TO_NEW_QUOTED","board back-reference pointer",""
"2821","0",">>5272527 (/pb)","Q_AUTHORED_CURRENT_POST","QUOTED_OR_EMBEDDED","QUOTED_ANONYMOUS_POST","BOARD_POINTER","HIGH","","OLD_Q_BODY_TO_NEW_QUOTED","board back-reference pointer","Claims|Themes"
"2823","0",">>5276189","Q_AUTHORED_CURRENT_POST","QUOTED_OR_EMBEDDED","QUOTED_ANONYMOUS_POST","BOARD_POINTER","HIGH","","OLD_Q_BODY_TO_NEW_QUOTED","board back-reference pointer","Claims"
"2824","0",">>5276210","Q_AUTHORED_CURRENT_POST","QUOTED_OR_EMBEDDED","QUOTED_ANONYMOUS_POST","BOARD_POINTER","HIGH","","OLD_Q_BODY_TO_NEW_QUOTED","board back-reference pointer",""
"2826","0",">>5282631","Q_AUTHORED_CURRENT_POST","QUOTED_OR_EMBEDDED","QUOTED_ANONYMOUS_POST","BOARD_POINTER","HIGH","","OLD_Q_BODY_TO_NEW_QUOTED","board back-reference pointer","Questions|Claims|Emphasis|Themes"
"2829","0",">>5283173","Q_AUTHORED_CURRENT_POST","QUOTED_OR_EMBEDDED","QUOTED_ANONYMOUS_POST","BOARD_POINTER","HIGH","","OLD_Q_BODY_TO_NEW_QUOTED","board back-reference pointer",""
"283","0",">>45569","Q_AUTHORED_CURRENT_POST","QUOTED_OR_EMBEDDED","QUOTED_ANONYMOUS_POST","BOARD_POINTER","HIGH","","OLD_Q_BODY_TO_NEW_QUOTED","board back-reference pointer","Directives|Questions|Entities"
"2835","0",">>5286402","Q_AUTHORED_CURRENT_POST","QUOTED_OR_EMBEDDED","QUOTED_ANONYMOUS_POST","BOARD_POINTER","HIGH","","OLD_Q_BODY_TO_NEW_QUOTED","board back-reference pointer","Questions"
"2836","0",">>5286620","Q_AUTHORED_CURRENT_POST","QUOTED_OR_EMBEDDED","QUOTED_ANONYMOUS_POST","BOARD_POINTER","HIGH","","OLD_Q_BODY_TO_NEW_QUOTED","board back-reference pointer","Questions"
"2840","0",">>5293564","Q_AUTHORED_CURRENT_POST","QUOTED_OR_EMBEDDED","QUOTED_ANONYMOUS_POST","BOARD_POINTER","HIGH","","OLD_Q_BODY_TO_NEW_QUOTED","board back-reference pointer","Claims|Emphasis|Entities"
"2841","0",">>5293706","Q_AUTHORED_CURRENT_POST","QUOTED_OR_EMBEDDED","QUOTED_PRIOR_Q_POST","BOARD_POINTER","HIGH","2840","OLD_Q_BODY_TO_NEW_QUOTED","board back-reference pointer","Entities|Themes"
"2843","0",">>5294864 (/pb)","Q_AUTHORED_CURRENT_POST","QUOTED_OR_EMBEDDED","QUOTED_ANONYMOUS_POST","BOARD_POINTER","HIGH","","OLD_Q_BODY_TO_NEW_QUOTED","board back-reference pointer","Claims|Codes|Entities"
"2844","12","noun","QUOTED_OR_EMBEDDED (dictionary entry)","Q_AUTHORED_CURRENT_POST","Q_BODY","PROSE","HIGH","","OLD_QUOTED_TO_NEW_Q_BODY","canonical post body, no embedded-source evidence","Directives|Questions|Claims|Codes|Emphasis|Entities|Themes"
"2844","13","1. a person who deserts and betrays an organization, country, or set of principles.","QUOTED_OR_EMBEDDED (dictionary entry (continuation))","Q_AUTHORED_CURRENT_POST","Q_BODY","PROSE","HIGH","","OLD_QUOTED_TO_NEW_Q_BODY","canonical post body, no embedded-source evidence","Directives|Questions|Claims|Codes|Emphasis|Entities|Themes"
"2844","14","synonyms:	traitor, defector, deserter, turncoat, betrayer","QUOTED_OR_EMBEDDED (dictionary entry (continuation))","Q_AUTHORED_CURRENT_POST","Q_BODY","PROSE","HIGH","","OLD_QUOTED_TO_NEW_Q_BODY","canonical post body, no embedded-source evidence","Directives|Questions|Claims|Codes|Emphasis|Entities|Themes"
"2845","0",">>5303949","Q_AUTHORED_CURRENT_POST","QUOTED_OR_EMBEDDED","QUOTED_ANONYMOUS_POST","BOARD_POINTER","HIGH","","OLD_Q_BODY_TO_NEW_QUOTED","board back-reference pointer","Claims"
"2850","0",">>5308748","Q_AUTHORED_CURRENT_POST","QUOTED_OR_EMBEDDED","QUOTED_PRIOR_Q_POST","BOARD_POINTER","HIGH","2849","OLD_Q_BODY_TO_NEW_QUOTED","board back-reference pointer","Questions|Entities"
"2854","16","""If you are living in one of the 49 other states, you should learn from the lesson that is California.  If you are living in California, there is always the lesson of how Michigan came to be governed by a more centrist government.  Of course, that came after the failure of the prior government. For now, however, for all its concern for sustainable foods and products, California is on a high-speed rail to unsustainability.""","Q_AUTHORED_CURRENT_POST","QUOTED_OR_EMBEDDED","QUOTED_THIRD_PARTY","PROSE","HIGH","","OLD_Q_BODY_TO_NEW_QUOTED","self-contained quotation: one line opening and closing on quotation marks, paragraph length","Questions|Claims|Entities"
"2861","0",">>5320696","Q_AUTHORED_CURRENT_POST","QUOTED_OR_EMBEDDED","QUOTED_PRIOR_Q_POST","BOARD_POINTER","HIGH","2860","OLD_Q_BODY_TO_NEW_QUOTED","board back-reference pointer","Directives|Claims|Codes|Entities"
"2863","0",">>5325292","Q_AUTHORED_CURRENT_POST","QUOTED_OR_EMBEDDED","QUOTED_ANONYMOUS_POST","BOARD_POINTER","HIGH","","OLD_Q_BODY_TO_NEW_QUOTED","board back-reference pointer","Questions"
"2864","0",">>5325320","Q_AUTHORED_CURRENT_POST","QUOTED_OR_EMBEDDED","QUOTED_PRIOR_Q_POST","BOARD_POINTER","HIGH","2863","OLD_Q_BODY_TO_NEW_QUOTED","board back-reference pointer","Claims|Entities"
"2866","0",">>5325789 (/pb)","Q_AUTHORED_CURRENT_POST","QUOTED_OR_EMBEDDED","QUOTED_ANONYMOUS_POST","BOARD_POINTER","HIGH","","OLD_Q_BODY_TO_NEW_QUOTED","board back-reference pointer","Directives|Entities"
"2869","0",">>5327581","Q_AUTHORED_CURRENT_POST","QUOTED_OR_EMBEDDED","QUOTED_ANONYMOUS_POST","BOARD_POINTER","HIGH","","OLD_Q_BODY_TO_NEW_QUOTED","board back-reference pointer","Questions|Entities"
"287","0",">>46647","Q_AUTHORED_CURRENT_POST","QUOTED_OR_EMBEDDED","QUOTED_ANONYMOUS_POST","BOARD_POINTER","HIGH","","OLD_Q_BODY_TO_NEW_QUOTED","board back-reference pointer","Claims"
"2870","0",">>5327780","Q_AUTHORED_CURRENT_POST","QUOTED_OR_EMBEDDED","QUOTED_ANONYMOUS_POST","BOARD_POINTER","HIGH","","OLD_Q_BODY_TO_NEW_QUOTED","board back-reference pointer","Entities"
"2871","0",">>5327889","Q_AUTHORED_CURRENT_POST","QUOTED_OR_EMBEDDED","QUOTED_ANONYMOUS_POST","BOARD_POINTER","HIGH","","OLD_Q_BODY_TO_NEW_QUOTED","board back-reference pointer",""
"2872","0",">>5328018","Q_AUTHORED_CURRENT_POST","QUOTED_OR_EMBEDDED","QUOTED_ANONYMOUS_POST","BOARD_POINTER","HIGH","","OLD_Q_BODY_TO_NEW_QUOTED","board back-reference pointer","Entities"
"2877","0",">>5333408","Q_AUTHORED_CURRENT_POST","QUOTED_OR_EMBEDDED","QUOTED_PRIOR_Q_POST","BOARD_POINTER","HIGH","2876","OLD_Q_BODY_TO_NEW_QUOTED","board back-reference pointer","Directives"
"2878","0",">>5333408","Q_AUTHORED_CURRENT_POST","QUOTED_OR_EMBEDDED","QUOTED_PRIOR_Q_POST","BOARD_POINTER","HIGH","2876","OLD_Q_BODY_TO_NEW_QUOTED","board back-reference pointer","Directives|Codes|Entities"
"2879","0",">>5333867","Q_AUTHORED_CURRENT_POST","QUOTED_OR_EMBEDDED","QUOTED_ANONYMOUS_POST","BOARD_POINTER","HIGH","","OLD_Q_BODY_TO_NEW_QUOTED","board back-reference pointer","Entities"
"2881","0",">>5336136","Q_AUTHORED_CURRENT_POST","QUOTED_OR_EMBEDDED","QUOTED_PRIOR_Q_POST","BOARD_POINTER","HIGH","2880","OLD_Q_BODY_TO_NEW_QUOTED","board back-reference pointer","Claims|Emphasis|Entities|Themes"
"2882","0",">>5336224","Q_AUTHORED_CURRENT_POST","QUOTED_OR_EMBEDDED","QUOTED_ANONYMOUS_POST","BOARD_POINTER","HIGH","","OLD_Q_BODY_TO_NEW_QUOTED","board back-reference pointer","Questions|Claims"
"2890","0",">>5379582","Q_AUTHORED_CURRENT_POST","QUOTED_OR_EMBEDDED","QUOTED_ANONYMOUS_POST","BOARD_POINTER","HIGH","","OLD_Q_BODY_TO_NEW_QUOTED","board back-reference pointer","Claims"
"2891","0",">>5379729","Q_AUTHORED_CURRENT_POST","QUOTED_OR_EMBEDDED","QUOTED_ANONYMOUS_POST","BOARD_POINTER","HIGH","","OLD_Q_BODY_TO_NEW_QUOTED","board back-reference pointer",""
"2893","0",">>5380232","Q_AUTHORED_CURRENT_POST","QUOTED_OR_EMBEDDED","QUOTED_ANONYMOUS_POST","BOARD_POINTER","HIGH","","OLD_Q_BODY_TO_NEW_QUOTED","board back-reference pointer","Directives|Questions|Claims|Emphasis"
"2897","0",">>5385640","Q_AUTHORED_CURRENT_POST","QUOTED_OR_EMBEDDED","QUOTED_ANONYMOUS_POST","BOARD_POINTER","HIGH","","OLD_Q_BODY_TO_NEW_QUOTED","board back-reference pointer","Directives|Questions|Claims|Entities"
"29","2","The child abductions for satanic rituals (ie Haiti and other 3rd world countries) are paused (not terminated until players in custody).","QUOTED_OR_EMBEDDED (sustained prose block — pasted or quoted passage)","AMBIGUOUS_MULTIPLE_MATCHES","UNKNOWN","PROSE","LOW","","AMBIGUOUS_MULTIPLE_MATCHES","whole-post prose in early board format with no signature, pointer, quote mark or register anchor — ownership not structurally established","Questions|Claims|Entities|Themes"
"29","3","We pray every single day for God’s guidance and direction as we are truly up against pure evil.","QUOTED_OR_EMBEDDED (sustained prose block — pasted or quoted passage)","AMBIGUOUS_MULTIPLE_MATCHES","UNKNOWN","PROSE","LOW","","AMBIGUOUS_MULTIPLE_MATCHES","whole-post prose in early board format with no signature, pointer, quote mark or register anchor — ownership not structurally established","Questions|Claims|Entities|Themes"
"2901","3","Treason & sedition at the highest levels of office throughout many departments [F + D].","QUOTED_OR_EMBEDDED (sustained prose block — pasted or quoted passage)","Q_AUTHORED_CURRENT_POST","Q_BODY","PROSE","HIGH","","OLD_QUOTED_TO_NEW_Q_BODY","long sentence inside a drop whose dominant register is Q — prose shape alone is not a quotation","Questions|Claims|Codes|Entities|Themes"
"2901","4","Propaganda arm [FAKE NEWS MEDIA] of the D party in full attack mode (no facts, only statements).","QUOTED_OR_EMBEDDED (sustained prose block — pasted or quoted passage)","Q_AUTHORED_CURRENT_POST","Q_BODY","PROSE","HIGH","","OLD_QUOTED_TO_NEW_Q_BODY","long sentence inside a drop whose dominant register is Q — prose shape alone is not a quotation","Questions|Claims|Codes|Entities|Themes"
"2901","5","Propaganda arm [FAKE NEWS MEDIA] of the D party prevent-limit 'sheep (you)' from learning the TRUTH.","QUOTED_OR_EMBEDDED (sustained prose block — pasted or quoted passage)","Q_AUTHORED_CURRENT_POST","Q_BODY","PROSE","HIGH","","OLD_QUOTED_TO_NEW_Q_BODY","long sentence inside a drop whose dominant register is Q — prose shape alone is not a quotation","Questions|Claims|Codes|Entities|Themes"
"2901","6","Propaganda arm [FAKE NEWS MEDIA] of the D party retain-control of NARRATIVE (control over you).","QUOTED_OR_EMBEDDED (sustained prose block — pasted or quoted passage)","Q_AUTHORED_CURRENT_POST","Q_BODY","PROSE","HIGH","","OLD_QUOTED_TO_NEW_Q_BODY","long sentence inside a drop whose dominant register is Q — prose shape alone is not a quotation","Questions|Claims|Codes|Entities|Themes"
"2903","0",">>5401939","Q_AUTHORED_CURRENT_POST","QUOTED_OR_EMBEDDED","QUOTED_ANONYMOUS_POST","BOARD_POINTER","HIGH","","OLD_Q_BODY_TO_NEW_QUOTED","board back-reference pointer","Codes|Emphasis"
"2904","1","Finally, be strong in the Lord and in his mighty power. Put on the full armor of God, so that you can take your stand against the devil’s schemes. For our struggle is not against flesh and blood, but against the rulers, against the authorities, against the powers of this dark world and against the spiritual forces of evil in the heavenly realms. Therefore put on the full armor of God, so that when the day of evil comes, you may be able to stand your ground, and after you have done everything, to stand. Stand firm then, with the belt of truth buckled around your waist, with the breastplate of righteousness in place, and with your feet fitted with the readiness that comes from the gospel of peace. In addition to all this, take up the shield of faith, with which you can extinguish all the flaming arrows of the evil one. Take the helmet of salvation and the sword of the Spirit, which is the word of God. And pray in the Spirit on all occasions with all kinds of prayers and requests. With this in mind, be alert and always keep on praying for all the Lord’s people.","Q_AUTHORED_CURRENT_POST","QUOTED_OR_EMBEDDED","QUOTED_SCRIPTURE","PROSE","HIGH","","OLD_Q_BODY_TO_NEW_QUOTED","reproduced scripture","Directives|Claims|Entities|Themes"
"2905","0",">>5406506","Q_AUTHORED_CURRENT_POST","QUOTED_OR_EMBEDDED","QUOTED_ANONYMOUS_POST","BOARD_POINTER","HIGH","","OLD_Q_BODY_TO_NEW_QUOTED","board back-reference pointer",""
"2906","0",">>5407826","Q_AUTHORED_CURRENT_POST","QUOTED_OR_EMBEDDED","QUOTED_ANONYMOUS_POST","BOARD_POINTER","HIGH","","OLD_Q_BODY_TO_NEW_QUOTED","board back-reference pointer","Questions|Themes"
"2916","0",">>5471283 (/pb)","Q_AUTHORED_CURRENT_POST","QUOTED_OR_EMBEDDED","QUOTED_ANONYMOUS_POST","BOARD_POINTER","HIGH","","OLD_Q_BODY_TO_NEW_QUOTED","board back-reference pointer","Claims"
"2917","0",">>5471677","Q_AUTHORED_CURRENT_POST","QUOTED_OR_EMBEDDED","QUOTED_ANONYMOUS_POST","BOARD_POINTER","HIGH","","OLD_Q_BODY_TO_NEW_QUOTED","board back-reference pointer","Questions|Claims|Emphasis|Themes"
"292","0",">>50813","Q_AUTHORED_CURRENT_POST","QUOTED_OR_EMBEDDED","QUOTED_ANONYMOUS_POST","BOARD_POINTER","HIGH","","OLD_Q_BODY_TO_NEW_QUOTED","board back-reference pointer","Emphasis"
"292","1",">>50813","Q_AUTHORED_CURRENT_POST","QUOTED_OR_EMBEDDED","QUOTED_ANONYMOUS_POST","BOARD_POINTER","HIGH","","OLD_Q_BODY_TO_NEW_QUOTED","board back-reference pointer","Emphasis"
"2920","0",">>5476324","Q_AUTHORED_CURRENT_POST","QUOTED_OR_EMBEDDED","QUOTED_PRIOR_Q_POST","BOARD_POINTER","HIGH","2919","OLD_Q_BODY_TO_NEW_QUOTED","board back-reference pointer",""
"2921","0",">>5476370","Q_AUTHORED_CURRENT_POST","QUOTED_OR_EMBEDDED","QUOTED_PRIOR_Q_POST","BOARD_POINTER","HIGH","2920","OLD_Q_BODY_TO_NEW_QUOTED","board back-reference pointer",""
"2922","0",">>5476411","Q_AUTHORED_CURRENT_POST","QUOTED_OR_EMBEDDED","QUOTED_ANONYMOUS_POST","BOARD_POINTER","HIGH","","OLD_Q_BODY_TO_NEW_QUOTED","board back-reference pointer",""
"2923","0",">>5476441","Q_AUTHORED_CURRENT_POST","QUOTED_OR_EMBEDDED","QUOTED_ANONYMOUS_POST","BOARD_POINTER","HIGH","","OLD_Q_BODY_TO_NEW_QUOTED","board back-reference pointer",""
"2924","0",">>5476450","Q_AUTHORED_CURRENT_POST","QUOTED_OR_EMBEDDED","QUOTED_ANONYMOUS_POST","BOARD_POINTER","HIGH","","OLD_Q_BODY_TO_NEW_QUOTED","board back-reference pointer",""
"2925","0",">>5476474","Q_AUTHORED_CURRENT_POST","QUOTED_OR_EMBEDDED","QUOTED_ANONYMOUS_POST","BOARD_POINTER","HIGH","","OLD_Q_BODY_TO_NEW_QUOTED","board back-reference pointer",""
"2926","0",">>5476615","Q_AUTHORED_CURRENT_POST","QUOTED_OR_EMBEDDED","QUOTED_ANONYMOUS_POST","BOARD_POINTER","HIGH","","OLD_Q_BODY_TO_NEW_QUOTED","board back-reference pointer","Claims|Emphasis|Themes"
"2927","0",">>5476676","Q_AUTHORED_CURRENT_POST","QUOTED_OR_EMBEDDED","QUOTED_ANONYMOUS_POST","BOARD_POINTER","HIGH","","OLD_Q_BODY_TO_NEW_QUOTED","board back-reference pointer","Directives|Questions|Entities|Themes"
"2928","0",">>5476681","Q_AUTHORED_CURRENT_POST","QUOTED_OR_EMBEDDED","QUOTED_ANONYMOUS_POST","BOARD_POINTER","HIGH","","OLD_Q_BODY_TO_NEW_QUOTED","board back-reference pointer",""
"2929","0",">>5476642","Q_AUTHORED_CURRENT_POST","QUOTED_OR_EMBEDDED","QUOTED_PRIOR_Q_POST","BOARD_POINTER","HIGH","2926","OLD_Q_BODY_TO_NEW_QUOTED","board back-reference pointer","Directives|Questions|Claims"
"2931","0",">>5477043","Q_AUTHORED_CURRENT_POST","QUOTED_OR_EMBEDDED","QUOTED_ANONYMOUS_POST","BOARD_POINTER","HIGH","","OLD_Q_BODY_TO_NEW_QUOTED","board back-reference pointer","Directives|Emphasis|Entities"
"2932","0",">>5477029","Q_AUTHORED_CURRENT_POST","QUOTED_OR_EMBEDDED","QUOTED_ANONYMOUS_POST","BOARD_POINTER","HIGH","","OLD_Q_BODY_TO_NEW_QUOTED","board back-reference pointer","Themes"
"2933","0",">>5477001","Q_AUTHORED_CURRENT_POST","QUOTED_OR_EMBEDDED","QUOTED_ANONYMOUS_POST","BOARD_POINTER","HIGH","","OLD_Q_BODY_TO_NEW_QUOTED","board back-reference pointer",""
"2940","0",">>5486062","Q_AUTHORED_CURRENT_POST","QUOTED_OR_EMBEDDED","QUOTED_ANONYMOUS_POST","BOARD_POINTER","HIGH","","OLD_Q_BODY_TO_NEW_QUOTED","board back-reference pointer","Directives|Claims|Codes|Entities|Themes"
"2943","8","Because no evidence exists(ed) and/or was found by SC/Mueller, was scope #2 enacted in an attempt to go outside of the 'intended engagement'?","Q_AUTHORED_CURRENT_POST","QUOTED_OR_EMBEDDED","QUOTED_THIRD_PARTY","PROSE","HIGH","","OLD_Q_BODY_TO_NEW_QUOTED","pasted passage directly beneath a source link or pointer","Questions|Claims|Codes|Entities|Themes"
"2943","10","Why is scope #2 classified only to AG/DAG and a select few others (read at terminal only)?","Q_AUTHORED_CURRENT_POST","QUOTED_OR_EMBEDDED","QUOTED_THIRD_PARTY","PROSE","HIGH","","OLD_Q_BODY_TO_NEW_QUOTED","pasted passage directly beneath a source link or pointer","Questions|Claims|Codes|Entities|Themes"
"2943","11","If 'evidence' exists(ed), why did R+D members of the Senate conclude NO DIRECT EVIDENCE EXISTS …………..?","Q_AUTHORED_CURRENT_POST","QUOTED_OR_EMBEDDED","QUOTED_THIRD_PARTY","PROSE","HIGH","","OLD_Q_BODY_TO_NEW_QUOTED","pasted passage directly beneath a source link or pointer","Questions|Claims|Codes|Entities|Themes"
"2943","13","If 'evidence' exists(ed), as per your statement released today, again, why did the SENATE (R's + D's) JUST CONCLUDE NO EVIDENCE EXISTS?","Q_AUTHORED_CURRENT_POST","QUOTED_OR_EMBEDDED","QUOTED_THIRD_PARTY","PROSE","HIGH","","OLD_Q_BODY_TO_NEW_QUOTED","pasted passage directly beneath a source link or pointer","Questions|Claims|Codes|Entities|Themes"
"2943","14","When will Americans wake up to the [D] party con that is continually pushed without facts, without support, and supported and further pushed by the media arm of the [D] party [FAKE NEWS MEDIA]?","Q_AUTHORED_CURRENT_POST","QUOTED_OR_EMBEDDED","QUOTED_THIRD_PARTY","PROSE","HIGH","","OLD_Q_BODY_TO_NEW_QUOTED","pasted passage directly beneath a source link or pointer","Questions|Claims|Codes|Entities|Themes"
"2943","15","Reading the comments on these Tweets further demonstrates the seriousness of media brainwashing in our Country whereby statements are considered fact w/o the need to provide proof.","Q_AUTHORED_CURRENT_POST","QUOTED_OR_EMBEDDED","QUOTED_THIRD_PARTY","PROSE","HIGH","","OLD_Q_BODY_TO_NEW_QUOTED","pasted passage directly beneath a source link or pointer","Questions|Claims|Codes|Entities|Themes"
"2944","0",">>5488642","Q_AUTHORED_CURRENT_POST","QUOTED_OR_EMBEDDED","QUOTED_ANONYMOUS_POST","BOARD_POINTER","HIGH","","OLD_Q_BODY_TO_NEW_QUOTED","board back-reference pointer",""
"2945","1","You should update your T-banner pic to properly reflect the crowd size when the event actually started.","Q_AUTHORED_CURRENT_POST","QUOTED_OR_EMBEDDED","QUOTED_THIRD_PARTY","PROSE","HIGH","","OLD_Q_BODY_TO_NEW_QUOTED","pasted passage directly beneath a source link or pointer","Directives|Questions|Claims|Emphasis|Entities"
"2945","2","Have you ever witnessed a public all-out attack by the opposition party against the President of the United States?","Q_AUTHORED_CURRENT_POST","QUOTED_OR_EMBEDDED","QUOTED_THIRD_PARTY","PROSE","HIGH","","OLD_Q_BODY_TO_NEW_QUOTED","pasted passage directly beneath a source link or pointer","Directives|Questions|Claims|Emphasis|Entities"
"2945","3","Those who would normally hide in the shadows are forced into the LIGHT.","Q_AUTHORED_CURRENT_POST","QUOTED_OR_EMBEDDED","QUOTED_THIRD_PARTY","PROSE","HIGH","","OLD_Q_BODY_TO_NEW_QUOTED","pasted passage directly beneath a source link or pointer","Directives|Questions|Claims|Emphasis|Entities"
"2947","0",">>5489637","Q_AUTHORED_CURRENT_POST","QUOTED_OR_EMBEDDED","QUOTED_ANONYMOUS_POST","BOARD_POINTER","HIGH","","OLD_Q_BODY_TO_NEW_QUOTED","board back-reference pointer","Questions"
"2948","0",">>5489614 (/pb)","Q_AUTHORED_CURRENT_POST","QUOTED_OR_EMBEDDED","QUOTED_ANONYMOUS_POST","BOARD_POINTER","HIGH","","OLD_Q_BODY_TO_NEW_QUOTED","board back-reference pointer","Questions|Claims|Codes"
"2949","0",">>5489783","Q_AUTHORED_CURRENT_POST","QUOTED_OR_EMBEDDED","QUOTED_ANONYMOUS_POST","BOARD_POINTER","HIGH","","OLD_Q_BODY_TO_NEW_QUOTED","board back-reference pointer",""
"2950","0",">>5489943","Q_AUTHORED_CURRENT_POST","QUOTED_OR_EMBEDDED","QUOTED_ANONYMOUS_POST","BOARD_POINTER","HIGH","","OLD_Q_BODY_TO_NEW_QUOTED","board back-reference pointer","Claims"
"2955","0",">>5502835","Q_AUTHORED_CURRENT_POST","QUOTED_OR_EMBEDDED","QUOTED_ANONYMOUS_POST","BOARD_POINTER","HIGH","","OLD_Q_BODY_TO_NEW_QUOTED","board back-reference pointer","Questions|Claims|Entities|Themes"
"2956","0",">>5503240","Q_AUTHORED_CURRENT_POST","QUOTED_OR_EMBEDDED","QUOTED_ANONYMOUS_POST","BOARD_POINTER","HIGH","","OLD_Q_BODY_TO_NEW_QUOTED","board back-reference pointer","Claims|Entities"
"2957","0",">>5503398","Q_AUTHORED_CURRENT_POST","QUOTED_OR_EMBEDDED","QUOTED_ANONYMOUS_POST","BOARD_POINTER","HIGH","","OLD_Q_BODY_TO_NEW_QUOTED","board back-reference pointer","Emphasis|Entities"
"2958","0",">>5503585","Q_AUTHORED_CURRENT_POST","QUOTED_OR_EMBEDDED","QUOTED_ANONYMOUS_POST","BOARD_POINTER","HIGH","","OLD_Q_BODY_TO_NEW_QUOTED","board back-reference pointer","Directives|Questions"
"2961","0",">>5505069 (/pb)","Q_AUTHORED_CURRENT_POST","QUOTED_OR_EMBEDDED","QUOTED_ANONYMOUS_POST","BOARD_POINTER","HIGH","","OLD_Q_BODY_TO_NEW_QUOTED","board back-reference pointer","Questions|Themes"
"2963","0",">>5508181","Q_AUTHORED_CURRENT_POST","QUOTED_OR_EMBEDDED","QUOTED_PRIOR_Q_POST","BOARD_POINTER","HIGH","2962","OLD_Q_BODY_TO_NEW_QUOTED","board back-reference pointer","Directives"
"2964","0",">>5508196","Q_AUTHORED_CURRENT_POST","QUOTED_OR_EMBEDDED","QUOTED_PRIOR_Q_POST","BOARD_POINTER","HIGH","2963","OLD_Q_BODY_TO_NEW_QUOTED","board back-reference pointer","Directives|Codes"
"2971","4","noun","QUOTED_OR_EMBEDDED (dictionary entry)","Q_AUTHORED_CURRENT_POST","Q_BODY","PROSE","HIGH","","OLD_QUOTED_TO_NEW_Q_BODY","canonical post body, no embedded-source evidence","Directives|Questions|Codes"
"2971","5","1. the available body of facts or information indicating whether a belief or proposition is true or valid.","QUOTED_OR_EMBEDDED (dictionary entry (continuation))","Q_AUTHORED_CURRENT_POST","Q_BODY","PROSE","HIGH","","OLD_QUOTED_TO_NEW_Q_BODY","canonical post body, no embedded-source evidence","Directives|Questions|Codes"
"2971","6","""the study finds little evidence of overt discrimination""","QUOTED_OR_EMBEDDED (dictionary entry (continuation))","Q_AUTHORED_CURRENT_POST","Q_BODY","PROSE","HIGH","","OLD_QUOTED_TO_NEW_Q_BODY","canonical post body, no embedded-source evidence","Directives|Questions|Codes"
"2971","7","synonyms:	[proof], confirmation, verification, substantiation, corroboration, affirmation, authentication, attestation, documentation; Define 'proof'.","QUOTED_OR_EMBEDDED (dictionary entry (continuation))","Q_AUTHORED_CURRENT_POST","Q_BODY","PROSE","HIGH","","OLD_QUOTED_TO_NEW_Q_BODY","canonical post body, no embedded-source evidence","Directives|Questions|Codes"
"2971","8","noun","QUOTED_OR_EMBEDDED (dictionary entry (continuation))","Q_AUTHORED_CURRENT_POST","Q_BODY","PROSE","HIGH","","OLD_QUOTED_TO_NEW_Q_BODY","canonical post body, no embedded-source evidence","Directives|Questions|Codes"
"2971","9","1. [evidence] or argument establishing or helping to establish a fact or the truth of a statement.","QUOTED_OR_EMBEDDED (dictionary entry (continuation))","Q_AUTHORED_CURRENT_POST","Q_BODY","PROSE","HIGH","","OLD_QUOTED_TO_NEW_Q_BODY","canonical post body, no embedded-source evidence","Directives|Questions|Codes"
"2971","10","""you will be asked to give proof of your identity""","QUOTED_OR_EMBEDDED (dictionary entry (continuation))","Q_AUTHORED_CURRENT_POST","Q_BODY","PROSE","HIGH","","OLD_QUOTED_TO_NEW_Q_BODY","canonical post body, no embedded-source evidence","Directives|Questions|Codes"
"2971","11","synonyms:	evidence, verification, corroboration, authentication, confirmation, certification, validation, attestation, demonstration, substantiation, witness, testament;","QUOTED_OR_EMBEDDED (dictionary entry (continuation))","Q_AUTHORED_CURRENT_POST","Q_BODY","PROSE","HIGH","","OLD_QUOTED_TO_NEW_Q_BODY","canonical post body, no embedded-source evidence","Directives|Questions|Codes"
"2971","12","PROOF = EVIDENCE?","QUOTED_OR_EMBEDDED (dictionary entry (continuation))","Q_AUTHORED_CURRENT_POST","Q_BODY","PROSE","HIGH","","OLD_QUOTED_TO_NEW_Q_BODY","canonical post body, no embedded-source evidence","Directives|Questions|Codes"
"2971","13","Listen to the clip again re: proof & evidence.","QUOTED_OR_EMBEDDED (dictionary entry (continuation))","Q_AUTHORED_CURRENT_POST","Q_BODY","PROSE","HIGH","","OLD_QUOTED_TO_NEW_Q_BODY","canonical post body, no embedded-source evidence","Directives|Questions|Codes"
"2971","14","Define 'brainwashing'.","QUOTED_OR_EMBEDDED (dictionary entry (continuation))","Q_AUTHORED_CURRENT_POST","Q_BODY","PROSE","HIGH","","OLD_QUOTED_TO_NEW_Q_BODY","canonical post body, no embedded-source evidence","Directives|Questions|Codes"
"2971","15","The TRUTH is RIGHT IN FRONT OF YOU.","QUOTED_OR_EMBEDDED (dictionary entry (continuation))","Q_AUTHORED_CURRENT_POST","Q_BODY","PROSE","HIGH","","OLD_QUOTED_TO_NEW_Q_BODY","canonical post body, no embedded-source evidence","Directives|Questions|Codes"
"2971","16","Think for yourself!","QUOTED_OR_EMBEDDED (dictionary entry (continuation))","Q_AUTHORED_CURRENT_POST","Q_BODY","PROSE","HIGH","","OLD_QUOTED_TO_NEW_Q_BODY","canonical post body, no embedded-source evidence","Directives|Questions|Codes"
"2972","0",">>5523731","Q_AUTHORED_CURRENT_POST","QUOTED_OR_EMBEDDED","QUOTED_ANONYMOUS_POST","BOARD_POINTER","HIGH","","OLD_Q_BODY_TO_NEW_QUOTED","board back-reference pointer","Directives|Questions|Codes"
"2973","2","""They range from domestic terrorism to court-authorized wiretaps of criminal organizations to child pedophiles and those who would exploit our children. Criminal aliens. Big fraud schemes.""","Q_AUTHORED_CURRENT_POST","QUOTED_OR_EMBEDDED","QUOTED_THIRD_PARTY","PROSE","HIGH","","OLD_Q_BODY_TO_NEW_QUOTED","self-contained quotation: one line opening and closing on quotation marks, paragraph length","Directives|Questions|Claims|Entities|Themes"
"2974","0",">>5523830","Q_AUTHORED_CURRENT_POST","QUOTED_OR_EMBEDDED","QUOTED_ANONYMOUS_POST","BOARD_POINTER","HIGH","","OLD_Q_BODY_TO_NEW_QUOTED","board back-reference pointer",""
"2977","0",">>5524789","Q_AUTHORED_CURRENT_POST","QUOTED_OR_EMBEDDED","QUOTED_PRIOR_Q_POST","BOARD_POINTER","HIGH","2976","OLD_Q_BODY_TO_NEW_QUOTED","board back-reference pointer","Emphasis"
"2979","0",">>5525463","Q_AUTHORED_CURRENT_POST","QUOTED_OR_EMBEDDED","QUOTED_ANONYMOUS_POST","BOARD_POINTER","HIGH","","OLD_Q_BODY_TO_NEW_QUOTED","board back-reference pointer","Entities"
"2983","0",">>5538127","Q_AUTHORED_CURRENT_POST","QUOTED_OR_EMBEDDED","QUOTED_ANONYMOUS_POST","BOARD_POINTER","HIGH","","OLD_Q_BODY_TO_NEW_QUOTED","board back-reference pointer","Questions|Entities|Themes"
"2987","2",">Return Power Back to the People","QUOTED_OR_EMBEDDED (greentext excerpt)","Q_AUTHORED_CURRENT_POST","Q_BODY","PROSE","MEDIUM","","OLD_QUOTED_TO_NEW_Q_BODY","greentext arrow with no matching quoted source — Q's own bullet","Directives|Claims|Emphasis|Entities|Themes"
"2987","3",">Truth, Transparency, and Equal Justice Under the Law.","QUOTED_OR_EMBEDDED (greentext excerpt)","Q_AUTHORED_CURRENT_POST","Q_BODY","PROSE","MEDIUM","","OLD_QUOTED_TO_NEW_Q_BODY","greentext arrow with no matching quoted source — Q's own bullet","Directives|Claims|Emphasis|Entities|Themes"
"2987","6","United We Stand.","QUOTED_OR_EMBEDDED (founding document (continuation))","Q_AUTHORED_CURRENT_POST","Q_BODY","PROSE","HIGH","","OLD_QUOTED_TO_NEW_Q_BODY","canonical post body, no embedded-source evidence","Directives|Claims|Emphasis|Entities|Themes"
"2987","7","July 4, 2019.","QUOTED_OR_EMBEDDED (founding document (continuation))","Q_AUTHORED_CURRENT_POST","Q_BODY","PROSE","HIGH","","OLD_QUOTED_TO_NEW_Q_BODY","canonical post body, no embedded-source evidence","Directives|Claims|Emphasis|Entities|Themes"
"2990","0",">>5550547","Q_AUTHORED_CURRENT_POST","QUOTED_OR_EMBEDDED","QUOTED_PRIOR_Q_POST","BOARD_POINTER","HIGH","2989","OLD_Q_BODY_TO_NEW_QUOTED","board back-reference pointer","Directives|Questions|Codes|Entities|Themes"
"2991","0",">>5550786","Q_AUTHORED_CURRENT_POST","QUOTED_OR_EMBEDDED","QUOTED_PRIOR_Q_POST","BOARD_POINTER","HIGH","2990","OLD_Q_BODY_TO_NEW_QUOTED","board back-reference pointer","Claims|Codes"
"2995","0",">>5551830","Q_AUTHORED_CURRENT_POST","QUOTED_OR_EMBEDDED","QUOTED_ANONYMOUS_POST","BOARD_POINTER","HIGH","","OLD_Q_BODY_TO_NEW_QUOTED","board back-reference pointer","Questions"
"2996","0",">>5552800","Q_AUTHORED_CURRENT_POST","QUOTED_OR_EMBEDDED","QUOTED_ANONYMOUS_POST","BOARD_POINTER","HIGH","","OLD_Q_BODY_TO_NEW_QUOTED","board back-reference pointer","Questions|Claims|Emphasis|Themes"
"2998","0",">>5565314 (/pb)","Q_AUTHORED_CURRENT_POST","QUOTED_OR_EMBEDDED","QUOTED_ANONYMOUS_POST","BOARD_POINTER","HIGH","","OLD_Q_BODY_TO_NEW_QUOTED","board back-reference pointer","Directives|Claims"
"3","1","It finally came out that Rod/Bob were key players in the Uranium scandal.","QUOTED_OR_EMBEDDED (sustained prose block — pasted or quoted passage)","Q_AUTHORED_CURRENT_POST","Q_BODY","PROSE","HIGH","","OLD_QUOTED_TO_NEW_Q_BODY","long sentence inside a drop whose dominant register is Q — prose shape alone is not a quotation","Directives|Questions|Claims|Entities|Themes"
"3","2","Don’t you think POTUS would be tweeting about removal given clear conflict.","QUOTED_OR_EMBEDDED (sustained prose block — pasted or quoted passage)","Q_AUTHORED_CURRENT_POST","Q_BODY","PROSE","HIGH","","OLD_QUOTED_TO_NEW_Q_BODY","long sentence inside a drop whose dominant register is Q — prose shape alone is not a quotation","Directives|Questions|Claims|Entities|Themes"
"30","5","I can hint and point but cannot give too many highly classified data points.","QUOTED_OR_EMBEDDED (sustained prose block — pasted or quoted passage)","Q_AUTHORED_CURRENT_POST","Q_BODY","PROSE","HIGH","","OLD_QUOTED_TO_NEW_Q_BODY","long sentence inside a drop whose dominant register is Q — prose shape alone is not a quotation","Directives|Questions|Claims|Entities"
"30","6","These keywords and questions are framed to reduce sniffer programs that continually absorb and analyze data then pushed to z terminals for eval. Think xkeysc on steroids.","QUOTED_OR_EMBEDDED (sustained prose block — pasted or quoted passage)","Q_AUTHORED_CURRENT_POST","Q_BODY","PROSE","HIGH","","OLD_QUOTED_TO_NEW_Q_BODY","long sentence inside a drop whose dominant register is Q — prose shape alone is not a quotation","Directives|Questions|Claims|Entities"
"3004","18",">clear vision for the @DOJ","QUOTED_OR_EMBEDDED (greentext excerpt)","Q_AUTHORED_CURRENT_POST","Q_BODY","PROSE","MEDIUM","","OLD_QUOTED_TO_NEW_Q_BODY","greentext arrow with no matching quoted source — Q's own bullet","Directives|Questions|Codes|Entities|Themes"
"3004","19",">hold offenders accountable","QUOTED_OR_EMBEDDED (greentext excerpt)","Q_AUTHORED_CURRENT_POST","Q_BODY","PROSE","MEDIUM","","OLD_QUOTED_TO_NEW_Q_BODY","greentext arrow with no matching quoted source — Q's own bullet","Directives|Questions|Codes|Entities|Themes"
"3004","20",">advance the rule of law.","QUOTED_OR_EMBEDDED (greentext excerpt)","Q_AUTHORED_CURRENT_POST","Q_BODY","PROSE","MEDIUM","","OLD_QUOTED_TO_NEW_Q_BODY","greentext arrow with no matching quoted source — Q's own bullet","Directives|Questions|Codes|Entities|Themes"
"3006","12","What happens when people wake up to the fact that FB is a cover for LifeLog [DARPA]?","Q_AUTHORED_CURRENT_POST","QUOTED_OR_EMBEDDED","QUOTED_THIRD_PARTY","PROSE","HIGH","","OLD_Q_BODY_TO_NEW_QUOTED","pasted passage directly beneath a source link or pointer","Directives|Questions|Claims|Codes|Emphasis|Entities|Themes"
"3006","13","What happens when people discover all RT data [inputs + listening/camera/GPS meta] is being harvested and made accessible to Langley?","Q_AUTHORED_CURRENT_POST","QUOTED_OR_EMBEDDED","QUOTED_THIRD_PARTY","PROSE","HIGH","","OLD_Q_BODY_TO_NEW_QUOTED","pasted passage directly beneath a source link or pointer","Directives|Questions|Claims|Codes|Emphasis|Entities|Themes"
"3008","0",">>5594428","Q_AUTHORED_CURRENT_POST","QUOTED_OR_EMBEDDED","QUOTED_ANONYMOUS_POST","BOARD_POINTER","HIGH","","OLD_Q_BODY_TO_NEW_QUOTED","board back-reference pointer","Questions"
"3009","0",">>5594529","Q_AUTHORED_CURRENT_POST","QUOTED_OR_EMBEDDED","QUOTED_ANONYMOUS_POST","BOARD_POINTER","HIGH","","OLD_Q_BODY_TO_NEW_QUOTED","board back-reference pointer",""
"3014","0",">>5596800","Q_AUTHORED_CURRENT_POST","QUOTED_OR_EMBEDDED","QUOTED_ANONYMOUS_POST","BOARD_POINTER","HIGH","","OLD_Q_BODY_TO_NEW_QUOTED","board back-reference pointer","Directives|Questions|Claims|Emphasis|Themes"
"3015","2","“The fact that they only ‘found’ it the same week Matthew Whitaker was heading for the exit makes it hard to see DOJ’s previous denial as anything but a deliberate attempt to conceal…….""","Q_AUTHORED_CURRENT_POST","QUOTED_OR_EMBEDDED","QUOTED_THIRD_PARTY","PROSE","HIGH","","OLD_Q_BODY_TO_NEW_QUOTED","self-contained quotation: one line opening and closing on quotation marks, paragraph length","Questions|Claims|Entities|Themes"
"3015","3","""Sessions and Whitaker shouldn’t escape accountability by skipping town."" — SCARAMUCCI MODEL?","Q_AUTHORED_CURRENT_POST","QUOTED_OR_EMBEDDED","QUOTED_THIRD_PARTY","PROSE","HIGH","","OLD_Q_BODY_TO_NEW_QUOTED","pasted passage opening on a quotation mark","Questions|Claims|Entities|Themes"
"3022","0",">>5617724","Q_AUTHORED_CURRENT_POST","QUOTED_OR_EMBEDDED","QUOTED_PRIOR_Q_POST","BOARD_POINTER","HIGH","3021","OLD_Q_BODY_TO_NEW_QUOTED","board back-reference pointer","Directives|Questions|Emphasis|Entities"
"3023","0",">>5617930","Q_AUTHORED_CURRENT_POST","QUOTED_OR_EMBEDDED","QUOTED_PRIOR_Q_POST","BOARD_POINTER","HIGH","3022","OLD_Q_BODY_TO_NEW_QUOTED","board back-reference pointer","Questions|Codes|Entities"
"3027","0",">>5627658","Q_AUTHORED_CURRENT_POST","QUOTED_OR_EMBEDDED","QUOTED_ANONYMOUS_POST","BOARD_POINTER","HIGH","","OLD_Q_BODY_TO_NEW_QUOTED","board back-reference pointer","Questions|Claims|Codes|Entities"
"3032","0",">>5631220","Q_AUTHORED_CURRENT_POST","QUOTED_OR_EMBEDDED","QUOTED_PRIOR_Q_POST","BOARD_POINTER","HIGH","3031","OLD_Q_BODY_TO_NEW_QUOTED","board back-reference pointer","Codes|Entities"
"3038","0",">Decide for yourself (be free from outside opinion).","QUOTED_OR_EMBEDDED (greentext excerpt)","Q_AUTHORED_CURRENT_POST","Q_BODY","PROSE","MEDIUM","","OLD_QUOTED_TO_NEW_Q_BODY","greentext arrow with no matching quoted source — Q's own bullet","Directives|Questions|Claims|Emphasis|Themes"
"3038","1",">Decide for yourself (be objective in your conclusions).","QUOTED_OR_EMBEDDED (greentext excerpt)","Q_AUTHORED_CURRENT_POST","Q_BODY","PROSE","MEDIUM","","OLD_QUOTED_TO_NEW_Q_BODY","greentext arrow with no matching quoted source — Q's own bullet","Directives|Questions|Claims|Emphasis|Themes"
"3038","2",">Decide for yourself (be true in your own beliefs).","QUOTED_OR_EMBEDDED (greentext excerpt)","Q_AUTHORED_CURRENT_POST","Q_BODY","PROSE","MEDIUM","","OLD_QUOTED_TO_NEW_Q_BODY","greentext arrow with no matching quoted source — Q's own bullet","Directives|Questions|Claims|Emphasis|Themes"
"3038","3",">Decide for yourself (be open to following the facts).","QUOTED_OR_EMBEDDED (greentext excerpt)","Q_AUTHORED_CURRENT_POST","Q_BODY","PROSE","MEDIUM","","OLD_QUOTED_TO_NEW_Q_BODY","greentext arrow with no matching quoted source — Q's own bullet","Directives|Questions|Claims|Emphasis|Themes"
"3038","4",">Decide for yourself (be strong in defending your beliefs).","QUOTED_OR_EMBEDDED (greentext excerpt)","Q_AUTHORED_CURRENT_POST","Q_BODY","PROSE","MEDIUM","","OLD_QUOTED_TO_NEW_Q_BODY","greentext arrow with no matching quoted source — Q's own bullet","Directives|Questions|Claims|Emphasis|Themes"
"3038","5",">Decide for yourself (be resistant to blindly accepting fact-less statements).","QUOTED_OR_EMBEDDED (greentext excerpt)","Q_AUTHORED_CURRENT_POST","Q_BODY","PROSE","MEDIUM","","OLD_QUOTED_TO_NEW_Q_BODY","greentext arrow with no matching quoted source — Q's own bullet","Directives|Questions|Claims|Emphasis|Themes"
"3038","6",">Decide for yourself (be free)","QUOTED_OR_EMBEDDED (greentext excerpt)","Q_AUTHORED_CURRENT_POST","Q_BODY","PROSE","MEDIUM","","OLD_QUOTED_TO_NEW_Q_BODY","greentext arrow with no matching quoted source — Q's own bullet","Directives|Questions|Claims|Emphasis|Themes"
"3038","15","The Great Awakening ('Freedom of Thought’), was designed and created not only as a backchannel to the public (away from the longstanding ‘mind’ control of the corrupt & heavily biased media) to endure future events through transparency and regeneration of individual thought (breaking the chains of ‘group-think’), but, more importantly, aid in the construction of a vehicle (a ‘ship’) that provides the scattered (‘free thinkers’) with a ‘starter’ new social-networking platform which allows for freedom of thought, expression, and patriotism or national pride (the feeling of love, devotion and sense of attachment to a homeland and alliance with other citizens who share the same sentiment).","QUOTED_OR_EMBEDDED (sustained prose block — pasted or quoted passage)","Q_AUTHORED_CURRENT_POST","Q_BODY","PROSE","HIGH","","OLD_QUOTED_TO_NEW_Q_BODY","long sentence inside a drop whose dominant register is Q — prose shape alone is not a quotation","Directives|Questions|Claims|Emphasis|Themes"
"3038","16","When ‘non-dogmatic’ information becomes FREE & TRANSPARENT it becomes a threat to those who attempt to control the narrative and/or the stable.","QUOTED_OR_EMBEDDED (sustained prose block — pasted or quoted passage)","Q_AUTHORED_CURRENT_POST","Q_BODY","PROSE","HIGH","","OLD_QUOTED_TO_NEW_Q_BODY","long sentence inside a drop whose dominant register is Q — prose shape alone is not a quotation","Directives|Questions|Claims|Emphasis|Themes"
"3038","17","When you are awake, you stand on the outside of the stable (‘group-think’ collective), and have ‘free thought’.","QUOTED_OR_EMBEDDED (sustained prose block — pasted or quoted passage)","Q_AUTHORED_CURRENT_POST","Q_BODY","PROSE","HIGH","","OLD_QUOTED_TO_NEW_Q_BODY","long sentence inside a drop whose dominant register is Q — prose shape alone is not a quotation","Directives|Questions|Claims|Emphasis|Themes"
"3038","18","""Free thought"" is a philosophical viewpoint which holds that positions regarding truth should be formed on the basis of logic, reason, and empiricism, rather than authority, tradition, revelation, or dogma.","QUOTED_OR_EMBEDDED (sustained prose block — pasted or quoted passage)","Q_AUTHORED_CURRENT_POST","Q_BODY","PROSE","HIGH","","OLD_QUOTED_TO_NEW_Q_BODY","long sentence inside a drop whose dominant register is Q — prose shape alone is not a quotation","Directives|Questions|Claims|Emphasis|Themes"
"3046","0",">>5654980","Q_AUTHORED_CURRENT_POST","QUOTED_OR_EMBEDDED","QUOTED_PRIOR_Q_POST","BOARD_POINTER","HIGH","3045","OLD_Q_BODY_TO_NEW_QUOTED","board back-reference pointer",""
"3052","0",">>5669639","Q_AUTHORED_CURRENT_POST","QUOTED_OR_EMBEDDED","QUOTED_ANONYMOUS_POST","BOARD_POINTER","HIGH","","OLD_Q_BODY_TO_NEW_QUOTED","board back-reference pointer","Claims"
"3056","0",">>5680242","Q_AUTHORED_CURRENT_POST","QUOTED_OR_EMBEDDED","QUOTED_ANONYMOUS_POST","BOARD_POINTER","HIGH","","OLD_Q_BODY_TO_NEW_QUOTED","board back-reference pointer","Directives|Claims|Entities|Themes"
"3059","1","""IN ALL MY YEARS, IN ALL MY LIFE, I NEVER WOULD HAVE THOUGHT [                                                              ] BE POSSIBLE WITHIN THE HALLS OF THESE PRESTIGIOUS FEDERAL AGENCIES.""","Q_AUTHORED_CURRENT_POST","QUOTED_OR_EMBEDDED","QUOTED_THIRD_PARTY","PROSE","HIGH","","OLD_Q_BODY_TO_NEW_QUOTED","self-contained quotation: one line opening and closing on quotation marks, paragraph length","Questions|Claims|Codes|Emphasis|Entities"
"3060","0",">>5680891","Q_AUTHORED_CURRENT_POST","QUOTED_OR_EMBEDDED","QUOTED_PRIOR_Q_POST","BOARD_POINTER","HIGH","3059","OLD_Q_BODY_TO_NEW_QUOTED","board back-reference pointer","Claims|Emphasis|Themes"
"3061","0",">>5681048","Q_AUTHORED_CURRENT_POST","QUOTED_OR_EMBEDDED","QUOTED_ANONYMOUS_POST","BOARD_POINTER","HIGH","","OLD_Q_BODY_TO_NEW_QUOTED","board back-reference pointer",""
"3064","2",">OHR cooperating witness","QUOTED_OR_EMBEDDED (greentext excerpt)","Q_AUTHORED_CURRENT_POST","Q_BODY","PROSE","MEDIUM","","OLD_QUOTED_TO_NEW_Q_BODY","greentext arrow with no matching quoted source — Q's own bullet","Questions|Entities"
"3064","3",">PAGE cooperating witness","QUOTED_OR_EMBEDDED (greentext excerpt)","Q_AUTHORED_CURRENT_POST","Q_BODY","PROSE","MEDIUM","","OLD_QUOTED_TO_NEW_Q_BODY","greentext arrow with no matching quoted source — Q's own bullet","Questions|Entities"
"3064","4",">STRZOK cooperating witness","QUOTED_OR_EMBEDDED (greentext excerpt)","Q_AUTHORED_CURRENT_POST","Q_BODY","PROSE","MEDIUM","","OLD_QUOTED_TO_NEW_Q_BODY","greentext arrow with no matching quoted source — Q's own bullet","Questions|Entities"
"3067","0",">>5683535","Q_AUTHORED_CURRENT_POST","QUOTED_OR_EMBEDDED","QUOTED_ANONYMOUS_POST","BOARD_POINTER","HIGH","","OLD_Q_BODY_TO_NEW_QUOTED","board back-reference pointer","Directives|Questions"
"3068","0",">>5683675","Q_AUTHORED_CURRENT_POST","QUOTED_OR_EMBEDDED","QUOTED_ANONYMOUS_POST","BOARD_POINTER","HIGH","","OLD_Q_BODY_TO_NEW_QUOTED","board back-reference pointer","Themes"
"307","0",">>60150","Q_AUTHORED_CURRENT_POST","QUOTED_OR_EMBEDDED","QUOTED_ANONYMOUS_POST","BOARD_POINTER","HIGH","","OLD_Q_BODY_TO_NEW_QUOTED","board back-reference pointer","Directives"
"3070","0",">>5684007","Q_AUTHORED_CURRENT_POST","QUOTED_OR_EMBEDDED","QUOTED_ANONYMOUS_POST","BOARD_POINTER","HIGH","","OLD_Q_BODY_TO_NEW_QUOTED","board back-reference pointer",""
"3071","2",">ATTACK FOX NEWS TO CONTROL OPPOSITION NARRATIVE","QUOTED_OR_EMBEDDED (greentext excerpt)","Q_AUTHORED_CURRENT_POST","Q_BODY","PROSE","MEDIUM","","OLD_QUOTED_TO_NEW_Q_BODY","greentext arrow with no matching quoted source — Q's own bullet","Directives|Questions|Codes|Entities|Themes"
"3071","4",">VOTE TO ALLOW ‘ILLEGAL’ IMMIGRANTS RIGHT TO VOTE IN ELECTIONS","QUOTED_OR_EMBEDDED (greentext excerpt)","Q_AUTHORED_CURRENT_POST","Q_BODY","PROSE","MEDIUM","","OLD_QUOTED_TO_NEW_Q_BODY","greentext arrow with no matching quoted source — Q's own bullet","Directives|Questions|Codes|Entities|Themes"
"3071","5",">PUSH TALING POINTS RE: VOTER AGE SHOULD DECREASED FROM 18 TO 16","QUOTED_OR_EMBEDDED (greentext excerpt)","Q_AUTHORED_CURRENT_POST","Q_BODY","PROSE","MEDIUM","","OLD_QUOTED_TO_NEW_Q_BODY","greentext arrow with no matching quoted source — Q's own bullet","Directives|Questions|Codes|Entities|Themes"
"3071","6",">NO WALL – OPEN BORDERS – ALL WECLOME = MORE [D] VOTES","QUOTED_OR_EMBEDDED (greentext excerpt)","Q_AUTHORED_CURRENT_POST","Q_BODY","PROSE","MEDIUM","","OLD_QUOTED_TO_NEW_Q_BODY","greentext arrow with no matching quoted source — Q's own bullet","Directives|Questions|Codes|Entities|Themes"
"3071","7",">DENY PROPER COUNTING U.S. CENSUS > AVOID PUBLIC KNOWLEDGE REAL ‘ILLEGAL’ POP TO AVOID VOTER FRAUD % RISK TO ELECTIONS","QUOTED_OR_EMBEDDED (greentext excerpt)","Q_AUTHORED_CURRENT_POST","Q_BODY","PROSE","MEDIUM","","OLD_QUOTED_TO_NEW_Q_BODY","greentext arrow with no matching quoted source — Q's own bullet","Directives|Questions|Codes|Entities|Themes"
"3072","0",">>5684297","Q_AUTHORED_CURRENT_POST","QUOTED_OR_EMBEDDED","QUOTED_PRIOR_Q_POST","BOARD_POINTER","HIGH","3071","OLD_Q_BODY_TO_NEW_QUOTED","board back-reference pointer","Directives"
"3078","0",">>5691475 (/pb)","Q_AUTHORED_CURRENT_POST","QUOTED_OR_EMBEDDED","QUOTED_ANONYMOUS_POST","BOARD_POINTER","HIGH","","OLD_Q_BODY_TO_NEW_QUOTED","board back-reference pointer","Directives"
"3088","0",">>5704197","Q_AUTHORED_CURRENT_POST","QUOTED_OR_EMBEDDED","QUOTED_ANONYMOUS_POST","BOARD_POINTER","HIGH","","OLD_Q_BODY_TO_NEW_QUOTED","board back-reference pointer",""
"3089","0",">>5704151 (/pb)","Q_AUTHORED_CURRENT_POST","QUOTED_OR_EMBEDDED","QUOTED_PRIOR_Q_POST","BOARD_POINTER","HIGH","3087","OLD_Q_BODY_TO_NEW_QUOTED","board back-reference pointer","Questions"
"3089","1","“I have the support of the police, the support of the military, the support of the Bikers for Trump—I have the tough people, but they don’t play it tough—until they go to a certain point, and then it would be very bad, very bad,"" he told Breitbart on Thursday, and then tweeted out the remark.""","Q_AUTHORED_CURRENT_POST","QUOTED_OR_EMBEDDED","QUOTED_THIRD_PARTY","PROSE","HIGH","","OLD_Q_BODY_TO_NEW_QUOTED","self-contained quotation: one line opening and closing on quotation marks, paragraph length","Questions"
"3093","0",">>5705810","Q_AUTHORED_CURRENT_POST","QUOTED_OR_EMBEDDED","QUOTED_PRIOR_Q_POST","BOARD_POINTER","HIGH","3092","OLD_Q_BODY_TO_NEW_QUOTED","board back-reference pointer","Questions|Codes"
"3094","0",">>5706249","Q_AUTHORED_CURRENT_POST","QUOTED_OR_EMBEDDED","QUOTED_ANONYMOUS_POST","BOARD_POINTER","HIGH","","OLD_Q_BODY_TO_NEW_QUOTED","board back-reference pointer","Emphasis"
"3097","0",">>5739531","Q_AUTHORED_CURRENT_POST","QUOTED_OR_EMBEDDED","QUOTED_ANONYMOUS_POST","BOARD_POINTER","HIGH","","OLD_Q_BODY_TO_NEW_QUOTED","board back-reference pointer","Questions"
"3098","0",">>5740687","Q_AUTHORED_CURRENT_POST","QUOTED_OR_EMBEDDED","QUOTED_ANONYMOUS_POST","BOARD_POINTER","HIGH","","OLD_Q_BODY_TO_NEW_QUOTED","board back-reference pointer","Questions"
"3099","0",">>5740813","Q_AUTHORED_CURRENT_POST","QUOTED_OR_EMBEDDED","QUOTED_ANONYMOUS_POST","BOARD_POINTER","HIGH","","OLD_Q_BODY_TO_NEW_QUOTED","board back-reference pointer","Emphasis"
"31","2","That’s part of the reason why some things that tie back to foreign heads of state will remain classified (not all).","QUOTED_OR_EMBEDDED (sustained prose block — pasted or quoted passage)","Q_AUTHORED_CURRENT_POST","Q_BODY","PROSE","HIGH","","OLD_QUOTED_TO_NEW_Q_BODY","long sentence inside a drop whose dominant register is Q — prose shape alone is not a quotation","Directives|Claims|Entities"
"31","3","We are in one of the most critical times of our country. Trump and others are working to balance the we’re doing well for America (for the common person to endorse) while at the same time purify our govt and remove the bad actors who are entrenched. There is so much string pulling and blackmail that we need to cut these off to truly gain the power granted to us by the Patriots and hard working people of this great country.","QUOTED_OR_EMBEDDED (sustained prose block — pasted or quoted passage)","Q_AUTHORED_CURRENT_POST","Q_BODY","PROSE","HIGH","","OLD_QUOTED_TO_NEW_Q_BODY","long sentence inside a drop whose dominant register is Q — prose shape alone is not a quotation","Directives|Claims|Entities"
"310","0",">>60267","Q_AUTHORED_CURRENT_POST","QUOTED_OR_EMBEDDED","QUOTED_ANONYMOUS_POST","BOARD_POINTER","HIGH","","OLD_Q_BODY_TO_NEW_QUOTED","board back-reference pointer","Directives|Questions|Emphasis|Entities|Themes"
"3110","0",">>5745956","Q_AUTHORED_CURRENT_POST","QUOTED_OR_EMBEDDED","QUOTED_PRIOR_Q_POST","BOARD_POINTER","HIGH","3109","OLD_Q_BODY_TO_NEW_QUOTED","board back-reference pointer",""
"312","0",">>60336","Q_AUTHORED_CURRENT_POST","QUOTED_OR_EMBEDDED","QUOTED_PRIOR_Q_POST","BOARD_POINTER","HIGH","311","OLD_Q_BODY_TO_NEW_QUOTED","board back-reference pointer","Directives|Questions|Codes|Entities"
"3124","4","Incorrect interpretations pushed as statements of fact often lead to pitfalls [stranglehold 'choke' tactic used by attackers].","QUOTED_OR_EMBEDDED (sustained prose block — pasted or quoted passage)","Q_AUTHORED_CURRENT_POST","Q_BODY","PROSE","HIGH","","OLD_QUOTED_TO_NEW_Q_BODY","long sentence inside a drop whose dominant register is Q — prose shape alone is not a quotation","Claims|Codes"
"3124","5","Increase in attacks (de-platform, shill infiltration, MSM/Fake MAGA direct, link(s) to terrorism/acts of violence) only demonstrates validity and close proximity to JUSTICE [PAIN].","QUOTED_OR_EMBEDDED (sustained prose block — pasted or quoted passage)","Q_AUTHORED_CURRENT_POST","Q_BODY","PROSE","HIGH","","OLD_QUOTED_TO_NEW_Q_BODY","long sentence inside a drop whose dominant register is Q — prose shape alone is not a quotation","Claims|Codes"
"3129","0",">>5793235","Q_AUTHORED_CURRENT_POST","QUOTED_OR_EMBEDDED","QUOTED_PRIOR_Q_POST","BOARD_POINTER","HIGH","3128","OLD_Q_BODY_TO_NEW_QUOTED","board back-reference pointer","Questions|Claims"
"313","0",">>60346","Q_AUTHORED_CURRENT_POST","QUOTED_OR_EMBEDDED","QUOTED_ANONYMOUS_POST","BOARD_POINTER","HIGH","","OLD_Q_BODY_TO_NEW_QUOTED","board back-reference pointer","Claims"
"3132","2",">Mueller connection?","QUOTED_OR_EMBEDDED (greentext excerpt)","Q_AUTHORED_CURRENT_POST","Q_BODY","PROSE","MEDIUM","","OLD_QUOTED_TO_NEW_Q_BODY","greentext arrow with no matching quoted source — Q's own bullet","Questions|Codes|Entities"
"3132","3",">Comey connection?","QUOTED_OR_EMBEDDED (greentext excerpt)","Q_AUTHORED_CURRENT_POST","Q_BODY","PROSE","MEDIUM","","OLD_QUOTED_TO_NEW_Q_BODY","greentext arrow with no matching quoted source — Q's own bullet","Questions|Codes|Entities"
"3133","0",">>5800566","Q_AUTHORED_CURRENT_POST","QUOTED_OR_EMBEDDED","QUOTED_ANONYMOUS_POST","BOARD_POINTER","HIGH","","OLD_Q_BODY_TO_NEW_QUOTED","board back-reference pointer","Questions|Codes|Entities"
"3134","0",">>5800988","Q_AUTHORED_CURRENT_POST","QUOTED_OR_EMBEDDED","QUOTED_PRIOR_Q_POST","BOARD_POINTER","HIGH","3133","OLD_Q_BODY_TO_NEW_QUOTED","board back-reference pointer","Questions|Entities"
"3135","0",">>5801012","Q_AUTHORED_CURRENT_POST","QUOTED_OR_EMBEDDED","QUOTED_PRIOR_Q_POST","BOARD_POINTER","HIGH","3134","OLD_Q_BODY_TO_NEW_QUOTED","board back-reference pointer","Questions|Claims|Entities|Themes"
"3136","0",">>5801100","Q_AUTHORED_CURRENT_POST","QUOTED_OR_EMBEDDED","QUOTED_ANONYMOUS_POST","BOARD_POINTER","HIGH","","OLD_Q_BODY_TO_NEW_QUOTED","board back-reference pointer","Directives|Claims|Entities|Themes"
"3137","0",">>5801159","Q_AUTHORED_CURRENT_POST","QUOTED_OR_EMBEDDED","QUOTED_ANONYMOUS_POST","BOARD_POINTER","HIGH","","OLD_Q_BODY_TO_NEW_QUOTED","board back-reference pointer","Claims"
"3138","0",">>5801165","Q_AUTHORED_CURRENT_POST","QUOTED_OR_EMBEDDED","QUOTED_ANONYMOUS_POST","BOARD_POINTER","HIGH","","OLD_Q_BODY_TO_NEW_QUOTED","board back-reference pointer",""
"3139","0",">>5801142","Q_AUTHORED_CURRENT_POST","QUOTED_OR_EMBEDDED","QUOTED_ANONYMOUS_POST","BOARD_POINTER","HIGH","","OLD_Q_BODY_TO_NEW_QUOTED","board back-reference pointer",""
"3140","0",">>5801072","Q_AUTHORED_CURRENT_POST","QUOTED_OR_EMBEDDED","QUOTED_ANONYMOUS_POST","BOARD_POINTER","HIGH","","OLD_Q_BODY_TO_NEW_QUOTED","board back-reference pointer","Questions|Entities|Themes"
"3141","0",">>5801384","Q_AUTHORED_CURRENT_POST","QUOTED_OR_EMBEDDED","QUOTED_ANONYMOUS_POST","BOARD_POINTER","HIGH","","OLD_Q_BODY_TO_NEW_QUOTED","board back-reference pointer","Themes"
"3142","0",">>5801432","Q_AUTHORED_CURRENT_POST","QUOTED_OR_EMBEDDED","QUOTED_ANONYMOUS_POST","BOARD_POINTER","HIGH","","OLD_Q_BODY_TO_NEW_QUOTED","board back-reference pointer","Questions"
"3143","0",">>5801399","Q_AUTHORED_CURRENT_POST","QUOTED_OR_EMBEDDED","QUOTED_ANONYMOUS_POST","BOARD_POINTER","HIGH","","OLD_Q_BODY_TO_NEW_QUOTED","board back-reference pointer",""
"3144","0",">>5801385","Q_AUTHORED_CURRENT_POST","QUOTED_OR_EMBEDDED","QUOTED_ANONYMOUS_POST","BOARD_POINTER","HIGH","","OLD_Q_BODY_TO_NEW_QUOTED","board back-reference pointer",""
"3145","0",">>5801371","Q_AUTHORED_CURRENT_POST","QUOTED_OR_EMBEDDED","QUOTED_ANONYMOUS_POST","BOARD_POINTER","HIGH","","OLD_Q_BODY_TO_NEW_QUOTED","board back-reference pointer",""
"3146","0",">>5801368","Q_AUTHORED_CURRENT_POST","QUOTED_OR_EMBEDDED","QUOTED_ANONYMOUS_POST","BOARD_POINTER","HIGH","","OLD_Q_BODY_TO_NEW_QUOTED","board back-reference pointer",""
"3147","0",">>5801355","Q_AUTHORED_CURRENT_POST","QUOTED_OR_EMBEDDED","QUOTED_ANONYMOUS_POST","BOARD_POINTER","HIGH","","OLD_Q_BODY_TO_NEW_QUOTED","board back-reference pointer",""
"3148","0",">>5801344","Q_AUTHORED_CURRENT_POST","QUOTED_OR_EMBEDDED","QUOTED_ANONYMOUS_POST","BOARD_POINTER","HIGH","","OLD_Q_BODY_TO_NEW_QUOTED","board back-reference pointer",""
"3149","0",">>5801561","Q_AUTHORED_CURRENT_POST","QUOTED_OR_EMBEDDED","QUOTED_ANONYMOUS_POST","BOARD_POINTER","HIGH","","OLD_Q_BODY_TO_NEW_QUOTED","board back-reference pointer",""
"315","0",">>60291","Q_AUTHORED_CURRENT_POST","QUOTED_OR_EMBEDDED","QUOTED_PRIOR_Q_POST","BOARD_POINTER","HIGH","310","OLD_Q_BODY_TO_NEW_QUOTED","board back-reference pointer","Questions|Entities|Themes"
"3150","0",">>5801566","Q_AUTHORED_CURRENT_POST","QUOTED_OR_EMBEDDED","QUOTED_ANONYMOUS_POST","BOARD_POINTER","HIGH","","OLD_Q_BODY_TO_NEW_QUOTED","board back-reference pointer",""
"3151","0",">>5801615","Q_AUTHORED_CURRENT_POST","QUOTED_OR_EMBEDDED","QUOTED_ANONYMOUS_POST","BOARD_POINTER","HIGH","","OLD_Q_BODY_TO_NEW_QUOTED","board back-reference pointer",""
"3152","0",">>5801617","Q_AUTHORED_CURRENT_POST","QUOTED_OR_EMBEDDED","QUOTED_ANONYMOUS_POST","BOARD_POINTER","HIGH","","OLD_Q_BODY_TO_NEW_QUOTED","board back-reference pointer","Claims|Entities"
"3153","0",">>5801778","Q_AUTHORED_CURRENT_POST","QUOTED_OR_EMBEDDED","QUOTED_ANONYMOUS_POST","BOARD_POINTER","HIGH","","OLD_Q_BODY_TO_NEW_QUOTED","board back-reference pointer",""
"3154","0",">>5801797 (/pb)","Q_AUTHORED_CURRENT_POST","QUOTED_OR_EMBEDDED","QUOTED_ANONYMOUS_POST","BOARD_POINTER","HIGH","","OLD_Q_BODY_TO_NEW_QUOTED","board back-reference pointer",""
"3155","0",">>5802087","Q_AUTHORED_CURRENT_POST","QUOTED_OR_EMBEDDED","QUOTED_ANONYMOUS_POST","BOARD_POINTER","HIGH","","OLD_Q_BODY_TO_NEW_QUOTED","board back-reference pointer","Directives|Claims|Entities|Themes"
"3159","0",">>5803267","Q_AUTHORED_CURRENT_POST","QUOTED_OR_EMBEDDED","QUOTED_ANONYMOUS_POST","BOARD_POINTER","HIGH","","OLD_Q_BODY_TO_NEW_QUOTED","board back-reference pointer","Questions|Entities"
"316","1",">>60267","Q_AUTHORED_CURRENT_POST","QUOTED_OR_EMBEDDED","QUOTED_ANONYMOUS_POST","BOARD_POINTER","HIGH","","OLD_Q_BODY_TO_NEW_QUOTED","board back-reference pointer","Directives|Questions|Claims|Emphasis|Entities|Themes"
"3162","0",">>5836091","Q_AUTHORED_CURRENT_POST","QUOTED_OR_EMBEDDED","QUOTED_PRIOR_Q_POST","BOARD_POINTER","HIGH","3161","OLD_Q_BODY_TO_NEW_QUOTED","board back-reference pointer","Questions|Themes"
"3163","0",">>5836393","Q_AUTHORED_CURRENT_POST","QUOTED_OR_EMBEDDED","QUOTED_ANONYMOUS_POST","BOARD_POINTER","HIGH","","OLD_Q_BODY_TO_NEW_QUOTED","board back-reference pointer","Questions|Claims|Emphasis|Themes"
"3164","0",">>5836660","Q_AUTHORED_CURRENT_POST","QUOTED_OR_EMBEDDED","QUOTED_ANONYMOUS_POST","BOARD_POINTER","HIGH","","OLD_Q_BODY_TO_NEW_QUOTED","board back-reference pointer",""
"3167","0",">>5842272","Q_AUTHORED_CURRENT_POST","QUOTED_OR_EMBEDDED","QUOTED_ANONYMOUS_POST","BOARD_POINTER","HIGH","","OLD_Q_BODY_TO_NEW_QUOTED","board back-reference pointer","Questions|Claims|Themes"
"3168","0",">>5842610","Q_AUTHORED_CURRENT_POST","QUOTED_OR_EMBEDDED","QUOTED_ANONYMOUS_POST","BOARD_POINTER","HIGH","","OLD_Q_BODY_TO_NEW_QUOTED","board back-reference pointer","Claims|Themes"
"317","0",">>60444","Q_AUTHORED_CURRENT_POST","QUOTED_OR_EMBEDDED","QUOTED_ANONYMOUS_POST","BOARD_POINTER","HIGH","","OLD_Q_BODY_TO_NEW_QUOTED","board back-reference pointer","Directives|Emphasis|Themes"
"3172","0",">>5853115","Q_AUTHORED_CURRENT_POST","QUOTED_OR_EMBEDDED","QUOTED_PRIOR_Q_POST","BOARD_POINTER","HIGH","3171","OLD_Q_BODY_TO_NEW_QUOTED","board back-reference pointer","Directives|Emphasis"
"3173","0",">>5853322","Q_AUTHORED_CURRENT_POST","QUOTED_OR_EMBEDDED","QUOTED_ANONYMOUS_POST","BOARD_POINTER","HIGH","","OLD_Q_BODY_TO_NEW_QUOTED","board back-reference pointer","Questions|Claims"
"3174","0",">>5853578","Q_AUTHORED_CURRENT_POST","QUOTED_OR_EMBEDDED","QUOTED_ANONYMOUS_POST","BOARD_POINTER","HIGH","","OLD_Q_BODY_TO_NEW_QUOTED","board back-reference pointer",""
"3177","0",">>5882614 (/pb)","Q_AUTHORED_CURRENT_POST","QUOTED_OR_EMBEDDED","QUOTED_ANONYMOUS_POST","BOARD_POINTER","HIGH","","OLD_Q_BODY_TO_NEW_QUOTED","board back-reference pointer","Questions|Claims|Codes|Entities|Themes"
"318","0",">>60476","Q_AUTHORED_CURRENT_POST","QUOTED_OR_EMBEDDED","QUOTED_ANONYMOUS_POST","BOARD_POINTER","HIGH","","OLD_Q_BODY_TO_NEW_QUOTED","board back-reference pointer","Claims|Emphasis"
"3188","0",">>5888717","Q_AUTHORED_CURRENT_POST","QUOTED_OR_EMBEDDED","QUOTED_ANONYMOUS_POST","BOARD_POINTER","HIGH","","OLD_Q_BODY_TO_NEW_QUOTED","board back-reference pointer",""
"3189","0",">>5889046","Q_AUTHORED_CURRENT_POST","QUOTED_OR_EMBEDDED","QUOTED_ANONYMOUS_POST","BOARD_POINTER","HIGH","","OLD_Q_BODY_TO_NEW_QUOTED","board back-reference pointer",""
"3194","0",">>5894473 (/pb)","Q_AUTHORED_CURRENT_POST","QUOTED_OR_EMBEDDED","QUOTED_ANONYMOUS_POST","BOARD_POINTER","HIGH","","OLD_Q_BODY_TO_NEW_QUOTED","board back-reference pointer","Entities|Themes"
"3197","0",">>5903522","Q_AUTHORED_CURRENT_POST","QUOTED_OR_EMBEDDED","QUOTED_ANONYMOUS_POST","BOARD_POINTER","HIGH","","OLD_Q_BODY_TO_NEW_QUOTED","board back-reference pointer","Directives|Questions|Claims|Entities|Themes"
"3198","0",">>5903586","Q_AUTHORED_CURRENT_POST","QUOTED_OR_EMBEDDED","QUOTED_PRIOR_Q_POST","BOARD_POINTER","HIGH","3197","OLD_Q_BODY_TO_NEW_QUOTED","board back-reference pointer","Questions|Codes|Entities"
"3200","0",">>5903895","Q_AUTHORED_CURRENT_POST","QUOTED_OR_EMBEDDED","QUOTED_PRIOR_Q_POST","BOARD_POINTER","HIGH","3199","OLD_Q_BODY_TO_NEW_QUOTED","board back-reference pointer","Questions|Claims"
"3203","0",">>5904397","Q_AUTHORED_CURRENT_POST","QUOTED_OR_EMBEDDED","QUOTED_PRIOR_Q_POST","BOARD_POINTER","HIGH","3202","OLD_Q_BODY_TO_NEW_QUOTED","board back-reference pointer","Questions|Claims"
"3204","0",">>5904682","Q_AUTHORED_CURRENT_POST","QUOTED_OR_EMBEDDED","QUOTED_ANONYMOUS_POST","BOARD_POINTER","HIGH","","OLD_Q_BODY_TO_NEW_QUOTED","board back-reference pointer","Questions|Entities"
"3207","0",">>5906554","Q_AUTHORED_CURRENT_POST","QUOTED_OR_EMBEDDED","QUOTED_ANONYMOUS_POST","BOARD_POINTER","HIGH","","OLD_Q_BODY_TO_NEW_QUOTED","board back-reference pointer",""
"3208","0",">>5906685","Q_AUTHORED_CURRENT_POST","QUOTED_OR_EMBEDDED","QUOTED_ANONYMOUS_POST","BOARD_POINTER","HIGH","","OLD_Q_BODY_TO_NEW_QUOTED","board back-reference pointer","Questions|Themes"
"3211","0",">>5908881","Q_AUTHORED_CURRENT_POST","QUOTED_OR_EMBEDDED","QUOTED_ANONYMOUS_POST","BOARD_POINTER","HIGH","","OLD_Q_BODY_TO_NEW_QUOTED","board back-reference pointer","Directives|Questions|Codes|Entities"
"3212","0",">>5909279","Q_AUTHORED_CURRENT_POST","QUOTED_OR_EMBEDDED","QUOTED_ANONYMOUS_POST","BOARD_POINTER","HIGH","","OLD_Q_BODY_TO_NEW_QUOTED","board back-reference pointer","Directives|Emphasis|Entities|Themes"
"3214","0",">>5909352","Q_AUTHORED_CURRENT_POST","QUOTED_OR_EMBEDDED","QUOTED_ANONYMOUS_POST","BOARD_POINTER","HIGH","","OLD_Q_BODY_TO_NEW_QUOTED","board back-reference pointer",""
"3215","0",">>5909428","Q_AUTHORED_CURRENT_POST","QUOTED_OR_EMBEDDED","QUOTED_ANONYMOUS_POST","BOARD_POINTER","HIGH","","OLD_Q_BODY_TO_NEW_QUOTED","board back-reference pointer","Directives|Questions|Claims"
"3217","0",">>5909683","Q_AUTHORED_CURRENT_POST","QUOTED_OR_EMBEDDED","QUOTED_ANONYMOUS_POST","BOARD_POINTER","HIGH","","OLD_Q_BODY_TO_NEW_QUOTED","board back-reference pointer",""
"3219","0",">>5910048","Q_AUTHORED_CURRENT_POST","QUOTED_OR_EMBEDDED","QUOTED_ANONYMOUS_POST","BOARD_POINTER","HIGH","","OLD_Q_BODY_TO_NEW_QUOTED","board back-reference pointer","Emphasis|Entities"
"3221","0",">>5924784","Q_AUTHORED_CURRENT_POST","QUOTED_OR_EMBEDDED","QUOTED_ANONYMOUS_POST","BOARD_POINTER","HIGH","","OLD_Q_BODY_TO_NEW_QUOTED","board back-reference pointer","Claims|Entities|Themes"
"3222","0",">>5925866","Q_AUTHORED_CURRENT_POST","QUOTED_OR_EMBEDDED","QUOTED_ANONYMOUS_POST","BOARD_POINTER","HIGH","","OLD_Q_BODY_TO_NEW_QUOTED","board back-reference pointer","Directives|Questions|Claims|Emphasis|Entities|Themes"
"3222","13",">https://www.irs.gov/individuals/how-do-you-report-suspected-tax-fraud-activity","QUOTED_OR_EMBEDDED (greentext excerpt)","Q_AUTHORED_CURRENT_POST","Q_BODY","PROSE","MEDIUM","","OLD_QUOTED_TO_NEW_Q_BODY","greentext arrow with no matching quoted source — Q's own bullet","Directives|Questions|Claims|Emphasis|Entities|Themes"
"3223","0",">>5926223","Q_AUTHORED_CURRENT_POST","QUOTED_OR_EMBEDDED","QUOTED_ANONYMOUS_POST","BOARD_POINTER","HIGH","","OLD_Q_BODY_TO_NEW_QUOTED","board back-reference pointer","Directives|Claims|Entities"
"3228","0",">>5929545","Q_AUTHORED_CURRENT_POST","QUOTED_OR_EMBEDDED","QUOTED_ANONYMOUS_POST","BOARD_POINTER","HIGH","","OLD_Q_BODY_TO_NEW_QUOTED","board back-reference pointer",""
"3229","0",">>5929491","Q_AUTHORED_CURRENT_POST","QUOTED_OR_EMBEDDED","QUOTED_ANONYMOUS_POST","BOARD_POINTER","HIGH","","OLD_Q_BODY_TO_NEW_QUOTED","board back-reference pointer","Codes"
"323","0",">>63621","Q_AUTHORED_CURRENT_POST","QUOTED_OR_EMBEDDED","QUOTED_ANONYMOUS_POST","BOARD_POINTER","HIGH","","OLD_Q_BODY_TO_NEW_QUOTED","board back-reference pointer","Directives|Claims|Entities|Themes"
"3231","0",">>5930421","Q_AUTHORED_CURRENT_POST","QUOTED_OR_EMBEDDED","QUOTED_ANONYMOUS_POST","BOARD_POINTER","HIGH","","OLD_Q_BODY_TO_NEW_QUOTED","board back-reference pointer","Directives|Codes"
"3232","0",">>5930471","Q_AUTHORED_CURRENT_POST","QUOTED_OR_EMBEDDED","QUOTED_PRIOR_Q_POST","BOARD_POINTER","HIGH","3231","OLD_Q_BODY_TO_NEW_QUOTED","board back-reference pointer","Directives|Codes"
"3234","0",">>5930977","Q_AUTHORED_CURRENT_POST","QUOTED_OR_EMBEDDED","QUOTED_PRIOR_Q_POST","BOARD_POINTER","HIGH","3233","OLD_Q_BODY_TO_NEW_QUOTED","board back-reference pointer","Directives|Questions"
"3235","0",">>5931148","Q_AUTHORED_CURRENT_POST","QUOTED_OR_EMBEDDED","QUOTED_ANONYMOUS_POST","BOARD_POINTER","HIGH","","OLD_Q_BODY_TO_NEW_QUOTED","board back-reference pointer",""
"3237","2",">It shall be done","QUOTED_OR_EMBEDDED (greentext excerpt)","Q_AUTHORED_CURRENT_POST","Q_BODY","PROSE","MEDIUM","","OLD_QUOTED_TO_NEW_Q_BODY","greentext arrow with no matching quoted source — Q's own bullet","Questions|Entities|Themes"
"3238","0",">>5935306","Q_AUTHORED_CURRENT_POST","QUOTED_OR_EMBEDDED","QUOTED_ANONYMOUS_POST","BOARD_POINTER","HIGH","","OLD_Q_BODY_TO_NEW_QUOTED","board back-reference pointer",""
"3240","0",">>5935846","Q_AUTHORED_CURRENT_POST","QUOTED_OR_EMBEDDED","QUOTED_ANONYMOUS_POST","BOARD_POINTER","HIGH","","OLD_Q_BODY_TO_NEW_QUOTED","board back-reference pointer","Claims|Emphasis"
"3245","0",">>5943322","Q_AUTHORED_CURRENT_POST","QUOTED_OR_EMBEDDED","QUOTED_ANONYMOUS_POST","BOARD_POINTER","HIGH","","OLD_Q_BODY_TO_NEW_QUOTED","board back-reference pointer","Themes"
"3247","0",">>5943598","Q_AUTHORED_CURRENT_POST","QUOTED_OR_EMBEDDED","QUOTED_ANONYMOUS_POST","BOARD_POINTER","HIGH","","OLD_Q_BODY_TO_NEW_QUOTED","board back-reference pointer","Questions"
"3248","0",">>5943535","Q_AUTHORED_CURRENT_POST","QUOTED_OR_EMBEDDED","QUOTED_PRIOR_Q_POST","BOARD_POINTER","HIGH","3246","OLD_Q_BODY_TO_NEW_QUOTED","board back-reference pointer","Directives|Questions|Codes|Entities|Themes"
"3252","0",">>5944351","Q_AUTHORED_CURRENT_POST","QUOTED_OR_EMBEDDED","QUOTED_ANONYMOUS_POST","BOARD_POINTER","HIGH","","OLD_Q_BODY_TO_NEW_QUOTED","board back-reference pointer","Questions"
"3253","0",">>5944467","Q_AUTHORED_CURRENT_POST","QUOTED_OR_EMBEDDED","QUOTED_ANONYMOUS_POST","BOARD_POINTER","HIGH","","OLD_Q_BODY_TO_NEW_QUOTED","board back-reference pointer",""
"3255","2",">It shall be done.","QUOTED_OR_EMBEDDED (greentext excerpt)","Q_AUTHORED_CURRENT_POST","Q_BODY","PROSE","MEDIUM","","OLD_QUOTED_TO_NEW_Q_BODY","greentext arrow with no matching quoted source — Q's own bullet","Entities"
"329","0",">>73904","Q_AUTHORED_CURRENT_POST","QUOTED_OR_EMBEDDED","QUOTED_ANONYMOUS_POST","BOARD_POINTER","HIGH","","OLD_Q_BODY_TO_NEW_QUOTED","board back-reference pointer","Directives|Claims|Themes"
"3303","0",">>5949296","Q_AUTHORED_CURRENT_POST","QUOTED_OR_EMBEDDED","QUOTED_ANONYMOUS_POST","BOARD_POINTER","HIGH","","OLD_Q_BODY_TO_NEW_QUOTED","board back-reference pointer","Directives"
"3306","0",">>5966583","Q_AUTHORED_CURRENT_POST","QUOTED_OR_EMBEDDED","QUOTED_ANONYMOUS_POST","BOARD_POINTER","HIGH","","OLD_Q_BODY_TO_NEW_QUOTED","board back-reference pointer","Directives|Questions|Claims|Themes"
"3307","0",">>5966972","Q_AUTHORED_CURRENT_POST","QUOTED_OR_EMBEDDED","QUOTED_PRIOR_Q_POST","BOARD_POINTER","HIGH","3306","OLD_Q_BODY_TO_NEW_QUOTED","board back-reference pointer","Directives|Questions|Claims|Emphasis"
"331","0",">>74029","Q_AUTHORED_CURRENT_POST","QUOTED_OR_EMBEDDED","QUOTED_ANONYMOUS_POST","BOARD_POINTER","HIGH","","OLD_Q_BODY_TO_NEW_QUOTED","board back-reference pointer",""
"3310","1","Other than POTUS, can you name a group more attacked than ‘Q’ by the FAKE NEWS media.","QUOTED_OR_EMBEDDED (sustained prose block — pasted or quoted passage)","Q_AUTHORED_CURRENT_POST","Q_BODY","PROSE","HIGH","","OLD_QUOTED_TO_NEW_Q_BODY","long sentence inside a drop whose dominant register is Q — prose shape alone is not a quotation","Directives|Questions|Claims|Entities"
"3310","2","Multiple tactics deployed including framing for crimes (think bridge, mob boss, etc etc).","QUOTED_OR_EMBEDDED (sustained prose block — pasted or quoted passage)","Q_AUTHORED_CURRENT_POST","Q_BODY","PROSE","HIGH","","OLD_QUOTED_TO_NEW_Q_BODY","long sentence inside a drop whose dominant register is Q — prose shape alone is not a quotation","Directives|Questions|Claims|Entities"
"3318","0",">>6303277","Q_AUTHORED_CURRENT_POST","QUOTED_OR_EMBEDDED","QUOTED_PRIOR_Q_POST","BOARD_POINTER","HIGH","3317","OLD_Q_BODY_TO_NEW_QUOTED","board back-reference pointer",""
"3319","0",">>6303277","Q_AUTHORED_CURRENT_POST","QUOTED_OR_EMBEDDED","QUOTED_PRIOR_Q_POST","BOARD_POINTER","HIGH","3317","OLD_Q_BODY_TO_NEW_QUOTED","board back-reference pointer","Entities"
"3325","2","noun","QUOTED_OR_EMBEDDED (dictionary entry)","Q_AUTHORED_CURRENT_POST","Q_BODY","PROSE","HIGH","","OLD_QUOTED_TO_NEW_Q_BODY","canonical post body, no embedded-source evidence","Directives|Questions|Codes|Entities"
"3325","3","1. a person who deserts and betrays an organization, country, or set of principles.","QUOTED_OR_EMBEDDED (dictionary entry (continuation))","Q_AUTHORED_CURRENT_POST","Q_BODY","PROSE","HIGH","","OLD_QUOTED_TO_NEW_Q_BODY","canonical post body, no embedded-source evidence","Directives|Questions|Codes|Entities"
"3325","4","synonyms:	traitor, defector, deserter, turncoat, betrayer;","QUOTED_OR_EMBEDDED (dictionary entry (continuation))","Q_AUTHORED_CURRENT_POST","Q_BODY","PROSE","HIGH","","OLD_QUOTED_TO_NEW_Q_BODY","canonical post body, no embedded-source evidence","Directives|Questions|Codes|Entities"
"3325","5","adjective: renegade","QUOTED_OR_EMBEDDED (dictionary entry (continuation))","Q_AUTHORED_CURRENT_POST","Q_BODY","PROSE","HIGH","","OLD_QUOTED_TO_NEW_Q_BODY","canonical post body, no embedded-source evidence","Directives|Questions|Codes|Entities"
"3325","6","1. having treacherously changed allegiance.","QUOTED_OR_EMBEDDED (dictionary entry (continuation))","Q_AUTHORED_CURRENT_POST","Q_BODY","PROSE","HIGH","","OLD_QUOTED_TO_NEW_Q_BODY","canonical post body, no embedded-source evidence","Directives|Questions|Codes|Entities"
"3328","0",">>6335030","Q_AUTHORED_CURRENT_POST","QUOTED_OR_EMBEDDED","QUOTED_ANONYMOUS_POST","BOARD_POINTER","HIGH","","OLD_Q_BODY_TO_NEW_QUOTED","board back-reference pointer","Questions|Codes|Entities|Themes"
"3329","0",">>6335179","Q_AUTHORED_CURRENT_POST","QUOTED_OR_EMBEDDED","QUOTED_ANONYMOUS_POST","BOARD_POINTER","HIGH","","OLD_Q_BODY_TO_NEW_QUOTED","board back-reference pointer","Claims|Codes|Entities"
"3335","0",">>6482812","Q_AUTHORED_CURRENT_POST","QUOTED_OR_EMBEDDED","QUOTED_ANONYMOUS_POST","BOARD_POINTER","HIGH","","OLD_Q_BODY_TO_NEW_QUOTED","board back-reference pointer",""
"3338","0",">>6572130","Q_AUTHORED_CURRENT_POST","QUOTED_OR_EMBEDDED","QUOTED_ANONYMOUS_POST","BOARD_POINTER","HIGH","","OLD_Q_BODY_TO_NEW_QUOTED","board back-reference pointer","Directives|Themes"
"3339","0",">>6572140","Q_AUTHORED_CURRENT_POST","QUOTED_OR_EMBEDDED","QUOTED_ANONYMOUS_POST","BOARD_POINTER","HIGH","","OLD_Q_BODY_TO_NEW_QUOTED","board back-reference pointer","Claims|Entities"
"3340","0",">>6572267","Q_AUTHORED_CURRENT_POST","QUOTED_OR_EMBEDDED","QUOTED_ANONYMOUS_POST","BOARD_POINTER","HIGH","","OLD_Q_BODY_TO_NEW_QUOTED","board back-reference pointer","Claims|Emphasis|Entities|Themes"
"3341","0",">>6572364 (/pb)","Q_AUTHORED_CURRENT_POST","QUOTED_OR_EMBEDDED","QUOTED_ANONYMOUS_POST","BOARD_POINTER","HIGH","","OLD_Q_BODY_TO_NEW_QUOTED","board back-reference pointer","Claims|Emphasis|Entities"
"3342","0",">>6572656","Q_AUTHORED_CURRENT_POST","QUOTED_OR_EMBEDDED","QUOTED_ANONYMOUS_POST","BOARD_POINTER","HIGH","","OLD_Q_BODY_TO_NEW_QUOTED","board back-reference pointer",""
"3343","0",">>6572785","Q_AUTHORED_CURRENT_POST","QUOTED_OR_EMBEDDED","QUOTED_ANONYMOUS_POST","BOARD_POINTER","HIGH","","OLD_Q_BODY_TO_NEW_QUOTED","board back-reference pointer",""
"3344","0",">>6572883","Q_AUTHORED_CURRENT_POST","QUOTED_OR_EMBEDDED","QUOTED_ANONYMOUS_POST","BOARD_POINTER","HIGH","","OLD_Q_BODY_TO_NEW_QUOTED","board back-reference pointer","Codes"
"3354","0",">>6954435","Q_AUTHORED_CURRENT_POST","QUOTED_OR_EMBEDDED","QUOTED_ANONYMOUS_POST","BOARD_POINTER","HIGH","","OLD_Q_BODY_TO_NEW_QUOTED","board back-reference pointer","Questions|Claims|Codes|Emphasis|Entities|Themes"
"3355","0",">>6954455","Q_AUTHORED_CURRENT_POST","QUOTED_OR_EMBEDDED","QUOTED_ANONYMOUS_POST","BOARD_POINTER","HIGH","","OLD_Q_BODY_TO_NEW_QUOTED","board back-reference pointer","Claims"
"3359","0",">>6955098","Q_AUTHORED_CURRENT_POST","QUOTED_OR_EMBEDDED","QUOTED_ANONYMOUS_POST","BOARD_POINTER","HIGH","","OLD_Q_BODY_TO_NEW_QUOTED","board back-reference pointer","Emphasis|Themes"
"336","0",">>85627","Q_AUTHORED_CURRENT_POST","QUOTED_OR_EMBEDDED","QUOTED_ANONYMOUS_POST","BOARD_POINTER","HIGH","","OLD_Q_BODY_TO_NEW_QUOTED","board back-reference pointer","Directives|Questions|Claims|Entities|Themes"
"3361","0",">>6955485","Q_AUTHORED_CURRENT_POST","QUOTED_OR_EMBEDDED","QUOTED_PRIOR_Q_POST","BOARD_POINTER","HIGH","3360","OLD_Q_BODY_TO_NEW_QUOTED","board back-reference pointer","Questions|Claims|Emphasis"
"3364","0",">>6956101","Q_AUTHORED_CURRENT_POST","QUOTED_OR_EMBEDDED","QUOTED_ANONYMOUS_POST","BOARD_POINTER","HIGH","","OLD_Q_BODY_TO_NEW_QUOTED","board back-reference pointer","Questions|Entities"
"3365","0",">>6956274","Q_AUTHORED_CURRENT_POST","QUOTED_OR_EMBEDDED","QUOTED_ANONYMOUS_POST","BOARD_POINTER","HIGH","","OLD_Q_BODY_TO_NEW_QUOTED","board back-reference pointer",""
"3370","0",">>6958495","Q_AUTHORED_CURRENT_POST","QUOTED_OR_EMBEDDED","QUOTED_ANONYMOUS_POST","BOARD_POINTER","HIGH","","OLD_Q_BODY_TO_NEW_QUOTED","board back-reference pointer","Questions|Claims|Entities"
"3371","0",">>6958589","Q_AUTHORED_CURRENT_POST","QUOTED_OR_EMBEDDED","QUOTED_ANONYMOUS_POST","BOARD_POINTER","HIGH","","OLD_Q_BODY_TO_NEW_QUOTED","board back-reference pointer","Directives|Claims"
"3374","0",">>6958904","Q_AUTHORED_CURRENT_POST","QUOTED_OR_EMBEDDED","QUOTED_ANONYMOUS_POST","BOARD_POINTER","HIGH","","OLD_Q_BODY_TO_NEW_QUOTED","board back-reference pointer","Questions"
"3375","0",">>6958950","Q_AUTHORED_CURRENT_POST","QUOTED_OR_EMBEDDED","QUOTED_ANONYMOUS_POST","BOARD_POINTER","HIGH","","OLD_Q_BODY_TO_NEW_QUOTED","board back-reference pointer","Claims|Emphasis"
"3376","0",">>6958954","Q_AUTHORED_CURRENT_POST","QUOTED_OR_EMBEDDED","QUOTED_ANONYMOUS_POST","BOARD_POINTER","HIGH","","OLD_Q_BODY_TO_NEW_QUOTED","board back-reference pointer",""
"3378","0",">>6959163","Q_AUTHORED_CURRENT_POST","QUOTED_OR_EMBEDDED","QUOTED_ANONYMOUS_POST","BOARD_POINTER","HIGH","","OLD_Q_BODY_TO_NEW_QUOTED","board back-reference pointer",""
"3380","0",">>6959981","Q_AUTHORED_CURRENT_POST","QUOTED_OR_EMBEDDED","QUOTED_PRIOR_Q_POST","BOARD_POINTER","HIGH","3379","OLD_Q_BODY_TO_NEW_QUOTED","board back-reference pointer",""
"3381","2",">Follow the Family","QUOTED_OR_EMBEDDED (greentext excerpt)","Q_AUTHORED_CURRENT_POST","Q_BODY","PROSE","MEDIUM","","OLD_QUOTED_TO_NEW_Q_BODY","greentext arrow with no matching quoted source — Q's own bullet","Directives|Questions|Entities"
"3383","1","Imagine what would happen, if, by law, every US Congressman/woman, US Senator, President etc. was by US law audited every 1-2 years by an independent agency.","Q_AUTHORED_CURRENT_POST","QUOTED_OR_EMBEDDED","QUOTED_THIRD_PARTY","PROSE","HIGH","","OLD_Q_BODY_TO_NEW_QUOTED","pasted passage directly beneath a source link or pointer","Directives|Questions|Claims|Entities|Themes"
"3383","2","Imagine what would happen if those audits extended to all family members of such 'elected' official?","Q_AUTHORED_CURRENT_POST","QUOTED_OR_EMBEDDED","QUOTED_THIRD_PARTY","PROSE","HIGH","","OLD_Q_BODY_TO_NEW_QUOTED","pasted passage directly beneath a source link or pointer","Directives|Questions|Claims|Entities|Themes"
"3383","3","Would D's continue to push for Foreign Aid to other C's vs. the Homeland?","Q_AUTHORED_CURRENT_POST","QUOTED_OR_EMBEDDED","QUOTED_THIRD_PARTY","PROSE","HIGH","","OLD_Q_BODY_TO_NEW_QUOTED","pasted passage directly beneath a source link or pointer","Directives|Questions|Claims|Entities|Themes"
"3386","0",">>6967208","Q_AUTHORED_CURRENT_POST","QUOTED_OR_EMBEDDED","QUOTED_PRIOR_Q_POST","BOARD_POINTER","HIGH","3385","OLD_Q_BODY_TO_NEW_QUOTED","board back-reference pointer","Questions|Claims|Codes|Emphasis|Entities"
"339","0",">>86037","Q_AUTHORED_CURRENT_POST","QUOTED_OR_EMBEDDED","QUOTED_ANONYMOUS_POST","BOARD_POINTER","HIGH","","OLD_Q_BODY_TO_NEW_QUOTED","board back-reference pointer","Emphasis"
"339","1",">>86037","Q_AUTHORED_CURRENT_POST","QUOTED_OR_EMBEDDED","QUOTED_ANONYMOUS_POST","BOARD_POINTER","HIGH","","OLD_Q_BODY_TO_NEW_QUOTED","board back-reference pointer","Emphasis"
"3398","0",">>6973189","Q_AUTHORED_CURRENT_POST","QUOTED_OR_EMBEDDED","QUOTED_PRIOR_Q_POST","BOARD_POINTER","HIGH","3397","OLD_Q_BODY_TO_NEW_QUOTED","board back-reference pointer","Claims"
"340","0",">>92291","Q_AUTHORED_CURRENT_POST","QUOTED_OR_EMBEDDED","QUOTED_ANONYMOUS_POST","BOARD_POINTER","HIGH","","OLD_Q_BODY_TO_NEW_QUOTED","board back-reference pointer","Claims"
"3400","0",">>6976025","Q_AUTHORED_CURRENT_POST","QUOTED_OR_EMBEDDED","QUOTED_ANONYMOUS_POST","BOARD_POINTER","HIGH","","OLD_Q_BODY_TO_NEW_QUOTED","board back-reference pointer",""
"3401","0",">>6976144","Q_AUTHORED_CURRENT_POST","QUOTED_OR_EMBEDDED","QUOTED_ANONYMOUS_POST","BOARD_POINTER","HIGH","","OLD_Q_BODY_TO_NEW_QUOTED","board back-reference pointer","Directives"
"3402","0",">>6976175","Q_AUTHORED_CURRENT_POST","QUOTED_OR_EMBEDDED","QUOTED_ANONYMOUS_POST","BOARD_POINTER","HIGH","","OLD_Q_BODY_TO_NEW_QUOTED","board back-reference pointer","Questions"
"3403","0",">>6976189","Q_AUTHORED_CURRENT_POST","QUOTED_OR_EMBEDDED","QUOTED_ANONYMOUS_POST","BOARD_POINTER","HIGH","","OLD_Q_BODY_TO_NEW_QUOTED","board back-reference pointer",""
"3409","1","Fake News Media’s attempt to truncate size of movement while ‘building up’ size of the opposition.","QUOTED_OR_EMBEDDED (sustained prose block — pasted or quoted passage)","Q_AUTHORED_CURRENT_POST","Q_BODY","PROSE","HIGH","","OLD_QUOTED_TO_NEW_Q_BODY","long sentence inside a drop whose dominant register is Q — prose shape alone is not a quotation","Directives|Questions|Claims|Codes|Emphasis|Entities|Themes"
"3409","2","Inauguration Day to current, attempts to diminish and instill a ‘you are the minority’ mindset (narrative) continues.","QUOTED_OR_EMBEDDED (sustained prose block — pasted or quoted passage)","Q_AUTHORED_CURRENT_POST","Q_BODY","PROSE","HIGH","","OLD_QUOTED_TO_NEW_Q_BODY","long sentence inside a drop whose dominant register is Q — prose shape alone is not a quotation","Directives|Questions|Claims|Codes|Emphasis|Entities|Themes"
"3409","3","People want to believe they are part of the bigger group (size equates to accuracy in most minds)(acceptance)(the ‘right’ side).","QUOTED_OR_EMBEDDED (sustained prose block — pasted or quoted passage)","Q_AUTHORED_CURRENT_POST","Q_BODY","PROSE","HIGH","","OLD_QUOTED_TO_NEW_Q_BODY","long sentence inside a drop whose dominant register is Q — prose shape alone is not a quotation","Directives|Questions|Claims|Codes|Emphasis|Entities|Themes"
"3409","4","One of the primary purposes of POTUS holding a RALLY is to demonstrate the massive appeal, energy, and size of this movement (+ability to correct false reporting and/or highlight achievements, goals, etc.).","QUOTED_OR_EMBEDDED (sustained prose block — pasted or quoted passage)","Q_AUTHORED_CURRENT_POST","Q_BODY","PROSE","HIGH","","OLD_QUOTED_TO_NEW_Q_BODY","long sentence inside a drop whose dominant register is Q — prose shape alone is not a quotation","Directives|Questions|Claims|Codes|Emphasis|Entities|Themes"
"341","0","“Documents from the Obama administration have been transferred to the Barack Obama Presidential Library.  You may send your request to the Obama Library.  However, you should be aware that under the Presidential Records Act, Presidential records remain closed to the public for five years after an administration has left office.”","Q_AUTHORED_CURRENT_POST","QUOTED_OR_EMBEDDED","QUOTED_THIRD_PARTY","PROSE","HIGH","","OLD_Q_BODY_TO_NEW_QUOTED","self-contained quotation: one line opening and closing on quotation marks, paragraph length","Directives|Questions|Claims|Entities|Themes"
"3411","2","They believed they could win [con] public support by controlled assets (media, tech, H-wood…).","QUOTED_OR_EMBEDDED (sustained prose block — pasted or quoted passage)","Q_AUTHORED_CURRENT_POST","Q_BODY","PROSE","HIGH","","OLD_QUOTED_TO_NEW_Q_BODY","long sentence inside a drop whose dominant register is Q — prose shape alone is not a quotation","Claims|Codes|Emphasis|Entities|Themes"
"3411","3","These controlled assets set out to immediately create division through the use of a pre_designed misinformation campaign.","QUOTED_OR_EMBEDDED (sustained prose block — pasted or quoted passage)","Q_AUTHORED_CURRENT_POST","Q_BODY","PROSE","HIGH","","OLD_QUOTED_TO_NEW_Q_BODY","long sentence inside a drop whose dominant register is Q — prose shape alone is not a quotation","Claims|Codes|Emphasis|Entities|Themes"
"3411","4","Groups such as ‘Antifa’ were funded and formed to prevent and/or lessen the appeal for ‘regular’ hard working Americans to gather and express non_narrative viewpoints.","QUOTED_OR_EMBEDDED (sustained prose block — pasted or quoted passage)","Q_AUTHORED_CURRENT_POST","Q_BODY","PROSE","HIGH","","OLD_QUOTED_TO_NEW_Q_BODY","long sentence inside a drop whose dominant register is Q — prose shape alone is not a quotation","Claims|Codes|Emphasis|Entities|Themes"
"3411","5","Control of this ‘projected narrative’ depends primarily on their ability to ‘con’ the masses into thinking they are the majority.","QUOTED_OR_EMBEDDED (sustained prose block — pasted or quoted passage)","Q_AUTHORED_CURRENT_POST","Q_BODY","PROSE","HIGH","","OLD_QUOTED_TO_NEW_Q_BODY","long sentence inside a drop whose dominant register is Q — prose shape alone is not a quotation","Claims|Codes|Emphasis|Entities|Themes"
"3411","6","The mindset of most: If the majority of people believe ‘this’, than ‘this’ must be more true than ‘that’ [CIA_CLAS 1-99_56_Human_Psych_&_Emotional_Distress_IIED].","QUOTED_OR_EMBEDDED (sustained prose block — pasted or quoted passage)","Q_AUTHORED_CURRENT_POST","Q_BODY","PROSE","HIGH","","OLD_QUOTED_TO_NEW_Q_BODY","long sentence inside a drop whose dominant register is Q — prose shape alone is not a quotation","Claims|Codes|Emphasis|Entities|Themes"
"3411","11","You are witnessing the systematic destruction of the OLD GUARD.","QUOTED_OR_EMBEDDED (founding document (continuation))","Q_AUTHORED_CURRENT_POST","Q_BODY","PROSE","HIGH","","OLD_QUOTED_TO_NEW_Q_BODY","canonical post body, no embedded-source evidence","Claims|Codes|Emphasis|Entities|Themes"
"3416","0",">>7003276","Q_AUTHORED_CURRENT_POST","QUOTED_OR_EMBEDDED","QUOTED_ANONYMOUS_POST","BOARD_POINTER","HIGH","","OLD_Q_BODY_TO_NEW_QUOTED","board back-reference pointer",""
"3418","0",">>7004029","Q_AUTHORED_CURRENT_POST","QUOTED_OR_EMBEDDED","QUOTED_PRIOR_Q_POST","BOARD_POINTER","HIGH","3417","OLD_Q_BODY_TO_NEW_QUOTED","board back-reference pointer","Directives|Questions|Entities"
"342","0",">>92647","Q_AUTHORED_CURRENT_POST","QUOTED_OR_EMBEDDED","QUOTED_ANONYMOUS_POST","BOARD_POINTER","HIGH","","OLD_Q_BODY_TO_NEW_QUOTED","board back-reference pointer","Claims"
"343","0",">>92680","Q_AUTHORED_CURRENT_POST","QUOTED_OR_EMBEDDED","QUOTED_ANONYMOUS_POST","BOARD_POINTER","HIGH","","OLD_Q_BODY_TO_NEW_QUOTED","board back-reference pointer",""
"3431","0",">>7039638","Q_AUTHORED_CURRENT_POST","QUOTED_OR_EMBEDDED","QUOTED_ANONYMOUS_POST","BOARD_POINTER","HIGH","","OLD_Q_BODY_TO_NEW_QUOTED","board back-reference pointer","Directives|Questions|Emphasis|Entities"
"3432","0",">>7040039","Q_AUTHORED_CURRENT_POST","QUOTED_OR_EMBEDDED","QUOTED_ANONYMOUS_POST","BOARD_POINTER","HIGH","","OLD_Q_BODY_TO_NEW_QUOTED","board back-reference pointer","Claims|Emphasis|Entities|Themes"
"3438","0",">>7073157","Q_AUTHORED_CURRENT_POST","QUOTED_OR_EMBEDDED","QUOTED_ANONYMOUS_POST","BOARD_POINTER","HIGH","","OLD_Q_BODY_TO_NEW_QUOTED","board back-reference pointer","Emphasis|Themes"
"3440","0",">>7074324","Q_AUTHORED_CURRENT_POST","QUOTED_OR_EMBEDDED","QUOTED_ANONYMOUS_POST","BOARD_POINTER","HIGH","","OLD_Q_BODY_TO_NEW_QUOTED","board back-reference pointer","Questions|Entities|Themes"
"3443","0",">>7076831","Q_AUTHORED_CURRENT_POST","QUOTED_OR_EMBEDDED","QUOTED_ANONYMOUS_POST","BOARD_POINTER","HIGH","","OLD_Q_BODY_TO_NEW_QUOTED","board back-reference pointer","Entities"
"3444","0",">>7076859","Q_AUTHORED_CURRENT_POST","QUOTED_OR_EMBEDDED","QUOTED_ANONYMOUS_POST","BOARD_POINTER","HIGH","","OLD_Q_BODY_TO_NEW_QUOTED","board back-reference pointer","Claims"
"3445","0",">>7076947","Q_AUTHORED_CURRENT_POST","QUOTED_OR_EMBEDDED","QUOTED_ANONYMOUS_POST","BOARD_POINTER","HIGH","","OLD_Q_BODY_TO_NEW_QUOTED","board back-reference pointer","Claims|Entities"
"345","0",">>93181","Q_AUTHORED_CURRENT_POST","QUOTED_OR_EMBEDDED","QUOTED_PRIOR_Q_POST","BOARD_POINTER","HIGH","344","OLD_Q_BODY_TO_NEW_QUOTED","board back-reference pointer","Directives|Questions"
"3453","0",">>7087382","Q_AUTHORED_CURRENT_POST","QUOTED_OR_EMBEDDED","QUOTED_PRIOR_Q_POST","BOARD_POINTER","HIGH","3452","OLD_Q_BODY_TO_NEW_QUOTED","board back-reference pointer","Directives|Emphasis"
"3454","2","""A colorful building that some news reports have called the ""temple"" was actually a gym when Epstein worked out when he was on the island, Scully said, noting in an interview with ABC News that the gym had a memorable feature – a massive framed photo of a topless woman.""","Q_AUTHORED_CURRENT_POST","QUOTED_OR_EMBEDDED","QUOTED_THIRD_PARTY","PROSE","HIGH","","OLD_Q_BODY_TO_NEW_QUOTED","self-contained quotation: one line opening and closing on quotation marks, paragraph length","Directives|Questions|Claims|Emphasis|Entities|Themes"
"3457","0",">>7088006","Q_AUTHORED_CURRENT_POST","QUOTED_OR_EMBEDDED","QUOTED_PRIOR_Q_POST","BOARD_POINTER","HIGH","3456","OLD_Q_BODY_TO_NEW_QUOTED","board back-reference pointer","Questions|Claims"
"3458","1","If AG Barr has access to all classified material, how does [MUELLER] navigate?","Q_AUTHORED_CURRENT_POST","QUOTED_OR_EMBEDDED","QUOTED_THIRD_PARTY","PROSE","HIGH","","OLD_Q_BODY_TO_NEW_QUOTED","pasted passage directly beneath a source link or pointer","Questions|Claims|Codes|Emphasis|Entities|Themes"
"3458","2","If [MUELLER] provides FALSE and/or MISLEADING testimony, will AG Barr be forced to DECLAS all documentation to ensure full public awareness of the TRUTH?","Q_AUTHORED_CURRENT_POST","QUOTED_OR_EMBEDDED","QUOTED_THIRD_PARTY","PROSE","HIGH","","OLD_Q_BODY_TO_NEW_QUOTED","pasted passage directly beneath a source link or pointer","Questions|Claims|Codes|Emphasis|Entities|Themes"
"3458","3","If [MUELLER] defers to the original report but D's / FAKE NEWS push a false narrative 'knowing majority of the public did not watch the actual hearing' will AG Barr be forced to DECLAS all documentation to ensure full public awareness of the TRUTH?","Q_AUTHORED_CURRENT_POST","QUOTED_OR_EMBEDDED","QUOTED_THIRD_PARTY","PROSE","HIGH","","OLD_Q_BODY_TO_NEW_QUOTED","pasted passage directly beneath a source link or pointer","Questions|Claims|Codes|Emphasis|Entities|Themes"
"3462","0",">>7131949","Q_AUTHORED_CURRENT_POST","QUOTED_OR_EMBEDDED","QUOTED_ANONYMOUS_POST","BOARD_POINTER","HIGH","","OLD_Q_BODY_TO_NEW_QUOTED","board back-reference pointer",""
"3467","0",">>7139437","Q_AUTHORED_CURRENT_POST","QUOTED_OR_EMBEDDED","QUOTED_ANONYMOUS_POST","BOARD_POINTER","HIGH","","OLD_Q_BODY_TO_NEW_QUOTED","board back-reference pointer",""
"347","0",">>93267","Q_AUTHORED_CURRENT_POST","QUOTED_OR_EMBEDDED","QUOTED_ANONYMOUS_POST","BOARD_POINTER","HIGH","","OLD_Q_BODY_TO_NEW_QUOTED","board back-reference pointer","Entities"
"3480","0",">>7174147","Q_AUTHORED_CURRENT_POST","QUOTED_OR_EMBEDDED","QUOTED_PRIOR_Q_POST","BOARD_POINTER","HIGH","3479","OLD_Q_BODY_TO_NEW_QUOTED","board back-reference pointer",""
"3482","0",">>7174342","Q_AUTHORED_CURRENT_POST","QUOTED_OR_EMBEDDED","QUOTED_PRIOR_Q_POST","BOARD_POINTER","HIGH","3481","OLD_Q_BODY_TO_NEW_QUOTED","board back-reference pointer",""
"3484","0",">>7174503","Q_AUTHORED_CURRENT_POST","QUOTED_OR_EMBEDDED","QUOTED_PRIOR_Q_POST","BOARD_POINTER","HIGH","3483","OLD_Q_BODY_TO_NEW_QUOTED","board back-reference pointer",""
"3488","0",">>7175039","Q_AUTHORED_CURRENT_POST","QUOTED_OR_EMBEDDED","QUOTED_ANONYMOUS_POST","BOARD_POINTER","HIGH","","OLD_Q_BODY_TO_NEW_QUOTED","board back-reference pointer","Directives|Claims|Codes|Themes"
"3489","0",">>7175109","Q_AUTHORED_CURRENT_POST","QUOTED_OR_EMBEDDED","QUOTED_ANONYMOUS_POST","BOARD_POINTER","HIGH","","OLD_Q_BODY_TO_NEW_QUOTED","board back-reference pointer",""
"3490","0",">>7175228","Q_AUTHORED_CURRENT_POST","QUOTED_OR_EMBEDDED","QUOTED_ANONYMOUS_POST","BOARD_POINTER","HIGH","","OLD_Q_BODY_TO_NEW_QUOTED","board back-reference pointer","Directives|Questions"
"3491","0",">>7175231","Q_AUTHORED_CURRENT_POST","QUOTED_OR_EMBEDDED","QUOTED_ANONYMOUS_POST","BOARD_POINTER","HIGH","","OLD_Q_BODY_TO_NEW_QUOTED","board back-reference pointer","Directives"
"3497","0",">>7182843","Q_AUTHORED_CURRENT_POST","QUOTED_OR_EMBEDDED","QUOTED_ANONYMOUS_POST","BOARD_POINTER","HIGH","","OLD_Q_BODY_TO_NEW_QUOTED","board back-reference pointer",""
"35","4","“For God so loved the world that he gave his one and only Son, that whoever believes in him shall not perish but have eternal life. Love is patient, love is kind.”","Q_AUTHORED_CURRENT_POST","QUOTED_OR_EMBEDDED","QUOTED_THIRD_PARTY","PROSE","HIGH","","OLD_Q_BODY_TO_NEW_QUOTED","self-contained quotation: one line opening and closing on quotation marks, paragraph length","Directives|Claims|Entities|Themes"
"350","13","As a backup, they defined ‘conspiracy’ as crazy/mentally unstable and label anything ‘true’ as such.","QUOTED_OR_EMBEDDED (sustained prose block — pasted or quoted passage)","Q_AUTHORED_CURRENT_POST","Q_BODY","PROSE","HIGH","","OLD_QUOTED_TO_NEW_Q_BODY","long sentence inside a drop whose dominant register is Q — prose shape alone is not a quotation","Directives|Questions|Claims|Emphasis|Entities|Themes"
"350","14","This works given most of what they engage in is pure evil and simply unbelievable (hard to swallow).","QUOTED_OR_EMBEDDED (sustained prose block — pasted or quoted passage)","Q_AUTHORED_CURRENT_POST","Q_BODY","PROSE","HIGH","","OLD_QUOTED_TO_NEW_Q_BODY","long sentence inside a drop whose dominant register is Q — prose shape alone is not a quotation","Directives|Questions|Claims|Emphasis|Entities|Themes"
"350","15","The ‘fix’ has always been in – no matter which party won the election (-JFK (killed)/Reagan(shot)).","QUOTED_OR_EMBEDDED (sustained prose block — pasted or quoted passage)","Q_AUTHORED_CURRENT_POST","Q_BODY","PROSE","HIGH","","OLD_QUOTED_TO_NEW_Q_BODY","long sentence inside a drop whose dominant register is Q — prose shape alone is not a quotation","Directives|Questions|Claims|Emphasis|Entities|Themes"
"350","16","This was always the promise made to those who played the game (willingly or otherwise) (i.e., they would never lose power).","QUOTED_OR_EMBEDDED (sustained prose block — pasted or quoted passage)","Q_AUTHORED_CURRENT_POST","Q_BODY","PROSE","HIGH","","OLD_QUOTED_TO_NEW_Q_BODY","long sentence inside a drop whose dominant register is Q — prose shape alone is not a quotation","Directives|Questions|Claims|Emphasis|Entities|Themes"
"3503","0",">>7192884","Q_AUTHORED_CURRENT_POST","QUOTED_OR_EMBEDDED","QUOTED_ANONYMOUS_POST","BOARD_POINTER","HIGH","","OLD_Q_BODY_TO_NEW_QUOTED","board back-reference pointer","Directives|Claims|Entities|Themes"
"3505","0",">>7194232","Q_AUTHORED_CURRENT_POST","QUOTED_OR_EMBEDDED","QUOTED_ANONYMOUS_POST","BOARD_POINTER","HIGH","","OLD_Q_BODY_TO_NEW_QUOTED","board back-reference pointer","Questions|Entities"
"3506","0",">>7194329","Q_AUTHORED_CURRENT_POST","QUOTED_OR_EMBEDDED","QUOTED_ANONYMOUS_POST","BOARD_POINTER","HIGH","","OLD_Q_BODY_TO_NEW_QUOTED","board back-reference pointer","Claims|Codes|Emphasis"
"3513","0",">>7204972","Q_AUTHORED_CURRENT_POST","QUOTED_OR_EMBEDDED","QUOTED_ANONYMOUS_POST","BOARD_POINTER","HIGH","","OLD_Q_BODY_TO_NEW_QUOTED","board back-reference pointer",""
"3517","0",">>7214979","Q_AUTHORED_CURRENT_POST","QUOTED_OR_EMBEDDED","QUOTED_ANONYMOUS_POST","BOARD_POINTER","HIGH","","OLD_Q_BODY_TO_NEW_QUOTED","board back-reference pointer",""
"3518","0",">>7215015","Q_AUTHORED_CURRENT_POST","QUOTED_OR_EMBEDDED","QUOTED_PRIOR_Q_POST","BOARD_POINTER","HIGH","3517","OLD_Q_BODY_TO_NEW_QUOTED","board back-reference pointer","Directives|Questions"
"3531","0",">>7233832","Q_AUTHORED_CURRENT_POST","QUOTED_OR_EMBEDDED","QUOTED_PRIOR_Q_POST","BOARD_POINTER","HIGH","3530","OLD_Q_BODY_TO_NEW_QUOTED","board back-reference pointer","Claims|Entities"
"3535","0",">>7243655","Q_AUTHORED_CURRENT_POST","QUOTED_OR_EMBEDDED","QUOTED_ANONYMOUS_POST","BOARD_POINTER","HIGH","","OLD_Q_BODY_TO_NEW_QUOTED","board back-reference pointer","Themes"
"3537","0",">>7243889","Q_AUTHORED_CURRENT_POST","QUOTED_OR_EMBEDDED","QUOTED_ANONYMOUS_POST","BOARD_POINTER","HIGH","","OLD_Q_BODY_TO_NEW_QUOTED","board back-reference pointer",""
"3539","0",">>7244956","Q_AUTHORED_CURRENT_POST","QUOTED_OR_EMBEDDED","QUOTED_ANONYMOUS_POST","BOARD_POINTER","HIGH","","OLD_Q_BODY_TO_NEW_QUOTED","board back-reference pointer","Directives|Claims|Emphasis|Entities|Themes"
"354","13","As a backup, they defined ‘conspiracy’ as crazy/mentally unstable and label anything ‘true’ as such.","QUOTED_OR_EMBEDDED (sustained prose block — pasted or quoted passage)","Q_AUTHORED_CURRENT_POST","Q_BODY","PROSE","HIGH","","OLD_QUOTED_TO_NEW_Q_BODY","long sentence inside a drop whose dominant register is Q — prose shape alone is not a quotation","Directives|Questions|Claims|Emphasis|Entities|Themes"
"354","14","This works given most of what they engage in is pure evil and simply unbelievable (hard to swallow).","QUOTED_OR_EMBEDDED (sustained prose block — pasted or quoted passage)","Q_AUTHORED_CURRENT_POST","Q_BODY","PROSE","HIGH","","OLD_QUOTED_TO_NEW_Q_BODY","long sentence inside a drop whose dominant register is Q — prose shape alone is not a quotation","Directives|Questions|Claims|Emphasis|Entities|Themes"
"354","15","The ‘fix’ has always been in – no matter which party won the election (-JFK (killed)/Reagan(shot)).","QUOTED_OR_EMBEDDED (sustained prose block — pasted or quoted passage)","Q_AUTHORED_CURRENT_POST","Q_BODY","PROSE","HIGH","","OLD_QUOTED_TO_NEW_Q_BODY","long sentence inside a drop whose dominant register is Q — prose shape alone is not a quotation","Directives|Questions|Claims|Emphasis|Entities|Themes"
"354","16","This was always the promise made to those who played the game (willingly or otherwise) (i.e., they would never lose power).","QUOTED_OR_EMBEDDED (sustained prose block — pasted or quoted passage)","Q_AUTHORED_CURRENT_POST","Q_BODY","PROSE","HIGH","","OLD_QUOTED_TO_NEW_Q_BODY","long sentence inside a drop whose dominant register is Q — prose shape alone is not a quotation","Directives|Questions|Claims|Emphasis|Entities|Themes"
"3546","0",">>7252787","Q_AUTHORED_CURRENT_POST","QUOTED_OR_EMBEDDED","QUOTED_ANONYMOUS_POST","BOARD_POINTER","HIGH","","OLD_Q_BODY_TO_NEW_QUOTED","board back-reference pointer","Emphasis|Themes"
"3547","0",">>7252871","Q_AUTHORED_CURRENT_POST","QUOTED_OR_EMBEDDED","QUOTED_ANONYMOUS_POST","BOARD_POINTER","HIGH","","OLD_Q_BODY_TO_NEW_QUOTED","board back-reference pointer",""
"355","0",">>11043835","Q_AUTHORED_CURRENT_POST","QUOTED_OR_EMBEDDED","QUOTED_ANONYMOUS_POST","BOARD_POINTER","HIGH","","OLD_Q_BODY_TO_NEW_QUOTED","board back-reference pointer",""
"3552","0",">>7255097","Q_AUTHORED_CURRENT_POST","QUOTED_OR_EMBEDDED","QUOTED_ANONYMOUS_POST","BOARD_POINTER","HIGH","","OLD_Q_BODY_TO_NEW_QUOTED","board back-reference pointer",""
"3554","0",">>7260223","Q_AUTHORED_CURRENT_POST","QUOTED_OR_EMBEDDED","QUOTED_ANONYMOUS_POST","BOARD_POINTER","HIGH","","OLD_Q_BODY_TO_NEW_QUOTED","board back-reference pointer",""
"3558","0",">>7260748","Q_AUTHORED_CURRENT_POST","QUOTED_OR_EMBEDDED","QUOTED_ANONYMOUS_POST","BOARD_POINTER","HIGH","","OLD_Q_BODY_TO_NEW_QUOTED","board back-reference pointer","Questions|Claims|Entities|Themes"
"3558","1","""Trump has periodically called for stricter voter ID laws, which advocates warn could restrict ballot access in low-income communities, students and people of color.""","Q_AUTHORED_CURRENT_POST","QUOTED_OR_EMBEDDED","QUOTED_THIRD_PARTY","PROSE","HIGH","","OLD_Q_BODY_TO_NEW_QUOTED","self-contained quotation: one line opening and closing on quotation marks, paragraph length","Questions|Claims|Entities|Themes"
"3559","0",">>7260840 (/pb)","Q_AUTHORED_CURRENT_POST","QUOTED_OR_EMBEDDED","QUOTED_PRIOR_Q_POST","BOARD_POINTER","HIGH","3557","OLD_Q_BODY_TO_NEW_QUOTED","board back-reference pointer","Directives|Questions|Claims|Codes|Themes"
"3560","0",">>7261053","Q_AUTHORED_CURRENT_POST","QUOTED_OR_EMBEDDED","QUOTED_ANONYMOUS_POST","BOARD_POINTER","HIGH","","OLD_Q_BODY_TO_NEW_QUOTED","board back-reference pointer","Questions"
"3580","2","""What we seek is the reign of law, based upon the consent of the governed and sustained by the organized opinion of mankind.""","Q_AUTHORED_CURRENT_POST","QUOTED_OR_EMBEDDED","QUOTED_THIRD_PARTY","PROSE","HIGH","","OLD_Q_BODY_TO_NEW_QUOTED","self-contained quotation: one line opening and closing on quotation marks, paragraph length","Questions|Claims|Emphasis|Entities"
"3580","4","""Educate and inform the whole mass of people. They are the only sure reliance for the preservation of our liberty.""","Q_AUTHORED_CURRENT_POST","QUOTED_OR_EMBEDDED","QUOTED_THIRD_PARTY","PROSE","HIGH","","OLD_Q_BODY_TO_NEW_QUOTED","self-contained quotation: one line opening and closing on quotation marks, paragraph length","Questions|Claims|Emphasis|Entities"
"3593","1","Finally, be strong in the Lord and in his mighty power. Put on the full armor of God, so that you can take your stand against the devil’s schemes. For our struggle is not against flesh and blood, but against the rulers, against the authorities, against the powers of this dark world and against the spiritual forces of evil in the heavenly realms. Therefore put on the full armor of God, so that when the day of evil comes, you may be able to stand your ground, and after you have done everything, to stand. Stand firm then, with the belt of truth buckled around your waist, with the breastplate of righteousness in place, and with your feet fitted with the readiness that comes from the gospel of peace. In addition to all this, take up the shield of faith, with which you can extinguish all the flaming arrows of the evil one. Take the helmet of salvation and the sword of the Spirit, which is the word of God.","Q_AUTHORED_CURRENT_POST","QUOTED_OR_EMBEDDED","QUOTED_SCRIPTURE","PROSE","HIGH","","OLD_Q_BODY_TO_NEW_QUOTED","reproduced scripture","Directives|Claims|Entities|Themes"
"3594","1","Finally, be strong in the Lord and in his mighty power. Put on the full armor of God, so that you can take your stand against the devil’s schemes. For our struggle is not against flesh and blood, but against the rulers, against the authorities, against the powers of this dark world and against the spiritual forces of evil in the heavenly realms. Therefore put on the full armor of God, so that when the day of evil comes, you may be able to stand your ground, and after you have done everything, to stand. Stand firm then, with the belt of truth buckled around your waist, with the breastplate of righteousness in place, and with your feet fitted with the readiness that comes from the gospel of peace. In addition to all this, take up the shield of faith, with which you can extinguish all the flaming arrows of the evil one. Take the helmet of salvation and the sword of the Spirit, which is the word of God.","Q_AUTHORED_CURRENT_POST","QUOTED_OR_EMBEDDED","QUOTED_SCRIPTURE","PROSE","HIGH","","OLD_Q_BODY_TO_NEW_QUOTED","reproduced scripture","Directives|Claims|Entities|Themes"
"36","20","These are crumbs and you cannot imagine the full and complete picture.","QUOTED_OR_EMBEDDED (sustained prose block — pasted or quoted passage)","Q_AUTHORED_CURRENT_POST","Q_BODY","PROSE","HIGH","","OLD_QUOTED_TO_NEW_Q_BODY","long sentence inside a drop whose dominant register is Q — prose shape alone is not a quotation","Directives|Questions|Claims|Emphasis|Entities|Themes"
"36","21","If Trump failed, if we failed, and HRC assumed control, we as Patriots were prepared to do the unthinkable (this was leaked internally and kept the delegate recount scam and BO from declaring fraud).","QUOTED_OR_EMBEDDED (sustained prose block — pasted or quoted passage)","Q_AUTHORED_CURRENT_POST","Q_BODY","PROSE","HIGH","","OLD_QUOTED_TO_NEW_Q_BODY","long sentence inside a drop whose dominant register is Q — prose shape alone is not a quotation","Directives|Questions|Claims|Emphasis|Entities|Themes"
"36","23","There is simply no other way than to use the military. It’s that corrupt and dirty.","QUOTED_OR_EMBEDDED (sustained prose block — pasted or quoted passage)","Q_AUTHORED_CURRENT_POST","Q_BODY","PROSE","HIGH","","OLD_QUOTED_TO_NEW_Q_BODY","long sentence inside a drop whose dominant register is Q — prose shape alone is not a quotation","Directives|Questions|Claims|Emphasis|Entities|Themes"
"36","24","Please be safe and pray for those in harms way as they continually protect and serve our great country.","QUOTED_OR_EMBEDDED (sustained prose block — pasted or quoted passage)","Q_AUTHORED_CURRENT_POST","Q_BODY","PROSE","HIGH","","OLD_QUOTED_TO_NEW_Q_BODY","long sentence inside a drop whose dominant register is Q — prose shape alone is not a quotation","Directives|Questions|Claims|Emphasis|Entities|Themes"
"360","0",">>11045057","Q_AUTHORED_CURRENT_POST","QUOTED_OR_EMBEDDED","QUOTED_PRIOR_Q_POST","BOARD_POINTER","HIGH","359","OLD_Q_BODY_TO_NEW_QUOTED","board back-reference pointer",""
"3607","1","What happens when the PUBLIC discovers the TRUTH [magnitude] re: [D] party corruption?","Q_AUTHORED_CURRENT_POST","QUOTED_OR_EMBEDDED","QUOTED_THIRD_PARTY","PROSE","HIGH","","OLD_Q_BODY_TO_NEW_QUOTED","pasted passage directly beneath a source link or pointer","Directives|Questions|Codes|Emphasis|Themes"
"3607","2","What happens when the PUBLIC discovers the TRUTH re: [FAKE NEWS] coordination w: [D] party to conceal, shelter, and protect those criminally responsible?","Q_AUTHORED_CURRENT_POST","QUOTED_OR_EMBEDDED","QUOTED_THIRD_PARTY","PROSE","HIGH","","OLD_Q_BODY_TO_NEW_QUOTED","pasted passage directly beneath a source link or pointer","Directives|Questions|Codes|Emphasis|Themes"
"361","0",">>11045061","Q_AUTHORED_CURRENT_POST","QUOTED_OR_EMBEDDED","QUOTED_PRIOR_Q_POST","BOARD_POINTER","HIGH","360","OLD_Q_BODY_TO_NEW_QUOTED","board back-reference pointer",""
"3613","41","When ‘non-dogmatic’ information becomes FREE & TRANSPARENT it becomes a threat to those who attempt to control the narrative and/or stable [livestock kept – sheep].","QUOTED_OR_EMBEDDED (sustained prose block — pasted or quoted passage)","Q_AUTHORED_CURRENT_POST","Q_BODY","PROSE","HIGH","","OLD_QUOTED_TO_NEW_Q_BODY","long sentence inside a drop whose dominant register is Q — prose shape alone is not a quotation","Directives|Questions|Claims|Codes|Emphasis|Entities|Themes"
"3613","42","When you are awake, you stand on the outside of the stable (‘group-think’ collective), and have ‘free thought’.","QUOTED_OR_EMBEDDED (sustained prose block — pasted or quoted passage)","Q_AUTHORED_CURRENT_POST","Q_BODY","PROSE","HIGH","","OLD_QUOTED_TO_NEW_Q_BODY","long sentence inside a drop whose dominant register is Q — prose shape alone is not a quotation","Directives|Questions|Claims|Codes|Emphasis|Entities|Themes"
"3613","43","""Free thought"" is a philosophical viewpoint which holds that positions regarding truth should be formed on the basis of logic, reason, and empiricism, rather than authority, tradition, revelation, or dogma.","QUOTED_OR_EMBEDDED (sustained prose block — pasted or quoted passage)","Q_AUTHORED_CURRENT_POST","Q_BODY","PROSE","HIGH","","OLD_QUOTED_TO_NEW_Q_BODY","long sentence inside a drop whose dominant register is Q — prose shape alone is not a quotation","Directives|Questions|Claims|Codes|Emphasis|Entities|Themes"
"3619","0",">>7359370","Q_AUTHORED_CURRENT_POST","QUOTED_OR_EMBEDDED","QUOTED_ANONYMOUS_POST","BOARD_POINTER","HIGH","","OLD_Q_BODY_TO_NEW_QUOTED","board back-reference pointer","Claims|Codes|Emphasis|Themes"
"3619","1","/pf/ was taken down [cleared of content] just prior to platform TERM [specific reason].","Q_AUTHORED_CURRENT_POST","QUOTED_OR_EMBEDDED","QUOTED_THIRD_PARTY","PROSE","HIGH","","OLD_Q_BODY_TO_NEW_QUOTED","pasted passage directly beneath a source link or pointer","Claims|Codes|Emphasis|Themes"
"3620","0",">>7359408","Q_AUTHORED_CURRENT_POST","QUOTED_OR_EMBEDDED","QUOTED_PRIOR_Q_POST","BOARD_POINTER","HIGH","3619","OLD_Q_BODY_TO_NEW_QUOTED","board back-reference pointer","Directives|Questions"
"3634","3",">DF Chinese spy_insert 20+ years","QUOTED_OR_EMBEDDED (greentext excerpt)","Q_AUTHORED_CURRENT_POST","Q_BODY","PROSE","MEDIUM","","OLD_QUOTED_TO_NEW_Q_BODY","greentext arrow with no matching quoted source — Q's own bullet","Questions|Codes|Entities|Themes"
"3634","5",">Awan IT scandal","QUOTED_OR_EMBEDDED (greentext excerpt)","Q_AUTHORED_CURRENT_POST","Q_BODY","PROSE","MEDIUM","","OLD_QUOTED_TO_NEW_Q_BODY","greentext arrow with no matching quoted source — Q's own bullet","Questions|Codes|Entities|Themes"
"3634","7",">Omar paid [F] agent","QUOTED_OR_EMBEDDED (greentext excerpt)","Q_AUTHORED_CURRENT_POST","Q_BODY","PROSE","MEDIUM","","OLD_QUOTED_TO_NEW_Q_BODY","greentext arrow with no matching quoted source — Q's own bullet","Questions|Codes|Entities|Themes"
"3634","9",">Clinton server > China relay","QUOTED_OR_EMBEDDED (greentext excerpt)","Q_AUTHORED_CURRENT_POST","Q_BODY","PROSE","MEDIUM","","OLD_QUOTED_TO_NEW_Q_BODY","greentext arrow with no matching quoted source — Q's own bullet","Questions|Codes|Entities|Themes"
"3634","11",">[VJ] direct relay > Iran pre/post Iran deal [future marker]","QUOTED_OR_EMBEDDED (greentext excerpt)","Q_AUTHORED_CURRENT_POST","Q_BODY","PROSE","MEDIUM","","OLD_QUOTED_TO_NEW_Q_BODY","greentext arrow with no matching quoted source — Q's own bullet","Questions|Codes|Entities|Themes"
"3634","12",">[Kerry] direct relay > Iran pre/post Iran deal [future marker]","QUOTED_OR_EMBEDDED (greentext excerpt)","Q_AUTHORED_CURRENT_POST","Q_BODY","PROSE","MEDIUM","","OLD_QUOTED_TO_NEW_Q_BODY","greentext arrow with no matching quoted source — Q's own bullet","Questions|Codes|Entities|Themes"
"3638","1","Whoever knowingly or willfully advocates, abets, advises, or teaches the duty, necessity, desirability, or propriety of overthrowing or destroying the government of the United States or the government of any State, Territory, District or Possession thereof, or the government of any political subdivision therein, by force or violence, or by the assassination of any officer of any such government; or","QUOTED_OR_EMBEDDED (sustained prose block — pasted or quoted passage)","AMBIGUOUS_MULTIPLE_MATCHES","UNKNOWN","PROSE","LOW","","AMBIGUOUS_MULTIPLE_MATCHES","whole-post prose in early board format with no signature, pointer, quote mark or register anchor — ownership not structurally established","Entities"
"3638","2","Whoever, with intent to cause the overthrow or destruction of any such government, prints, publishes, edits, issues, circulates, sells, distributes, or publicly displays any written or printed matter advocating, advising, or teaching the duty, necessity, desirability, or propriety of overthrowing or destroying any government in the United States by force or violence, or attempts to do so; or","QUOTED_OR_EMBEDDED (sustained prose block — pasted or quoted passage)","AMBIGUOUS_MULTIPLE_MATCHES","UNKNOWN","PROSE","LOW","","AMBIGUOUS_MULTIPLE_MATCHES","whole-post prose in early board format with no signature, pointer, quote mark or register anchor — ownership not structurally established","Entities"
"3638","3","Whoever organizes or helps or attempts to organize any society, group, or assembly of persons who teach, advocate, or encourage the overthrow or destruction of any such government by force or violence; or becomes or is a member of, or affiliates with, any such society, group, or assembly of persons, knowing the purposes thereof—","QUOTED_OR_EMBEDDED (sustained prose block — pasted or quoted passage)","AMBIGUOUS_MULTIPLE_MATCHES","UNKNOWN","PROSE","LOW","","AMBIGUOUS_MULTIPLE_MATCHES","whole-post prose in early board format with no signature, pointer, quote mark or register anchor — ownership not structurally established","Entities"
"3638","4","Shall be fined under this title or imprisoned not more than twenty years, or both, and shall be ineligible for employment by the United States or any department or agency thereof, for the five years next following his conviction.","QUOTED_OR_EMBEDDED (sustained prose block — pasted or quoted passage)","AMBIGUOUS_MULTIPLE_MATCHES","UNKNOWN","PROSE","LOW","","AMBIGUOUS_MULTIPLE_MATCHES","whole-post prose in early board format with no signature, pointer, quote mark or register anchor — ownership not structurally established","Entities"
"3638","5","If two or more persons conspire to commit any offense named in this section, each shall be fined under this title or imprisoned not more than twenty years, or both, and shall be ineligible for employment by the United States or any department or agency thereof, for the five years next following his conviction.","QUOTED_OR_EMBEDDED (sustained prose block — pasted or quoted passage)","AMBIGUOUS_MULTIPLE_MATCHES","UNKNOWN","PROSE","LOW","","AMBIGUOUS_MULTIPLE_MATCHES","whole-post prose in early board format with no signature, pointer, quote mark or register anchor — ownership not structurally established","Entities"
"3638","6","As used in this section, the terms “organizes” and “organize”, with respect to any society, group, or assembly of persons, include the recruiting of new members, the forming of new units, and the regrouping or expansion of existing clubs, classes, and other units of such society, group, or assembly of persons.","QUOTED_OR_EMBEDDED (sustained prose block — pasted or quoted passage)","AMBIGUOUS_MULTIPLE_MATCHES","UNKNOWN","PROSE","LOW","","AMBIGUOUS_MULTIPLE_MATCHES","whole-post prose in early board format with no signature, pointer, quote mark or register anchor — ownership not structurally established","Entities"
"3647","6",">Determine 'topic(s)' that have emotional pull (connect) on 'vocal' types","QUOTED_OR_EMBEDDED (greentext excerpt)","Q_AUTHORED_CURRENT_POST","Q_BODY","PROSE","MEDIUM","","OLD_QUOTED_TO_NEW_Q_BODY","greentext arrow with no matching quoted source — Q's own bullet","Directives|Questions|Codes|Entities|Themes"
"3647","7",">Create media blitz [scare] campaign ('talking points')('alarmist')","QUOTED_OR_EMBEDDED (greentext excerpt)","Q_AUTHORED_CURRENT_POST","Q_BODY","PROSE","MEDIUM","","OLD_QUOTED_TO_NEW_Q_BODY","greentext arrow with no matching quoted source — Q's own bullet","Directives|Questions|Codes|Entities|Themes"
"3647","8",">Use 'pro-narrative minded' authorities on subject to provide foundation to support","QUOTED_OR_EMBEDDED (greentext excerpt)","Q_AUTHORED_CURRENT_POST","Q_BODY","PROSE","MEDIUM","","OLD_QUOTED_TO_NEW_Q_BODY","greentext arrow with no matching quoted source — Q's own bullet","Directives|Questions|Codes|Entities|Themes"
"3647","9",">Deploy 'circular reporting' and 'group-think' tactics (echo chamber) to artificially raise 'public outcry'","QUOTED_OR_EMBEDDED (greentext excerpt)","Q_AUTHORED_CURRENT_POST","Q_BODY","PROSE","MEDIUM","","OLD_QUOTED_TO_NEW_Q_BODY","greentext arrow with no matching quoted source — Q's own bullet","Directives|Questions|Codes|Entities|Themes"
"3647","10",">Use 'public outcry' to justify billion dollar taxpayer spend","QUOTED_OR_EMBEDDED (greentext excerpt)","Q_AUTHORED_CURRENT_POST","Q_BODY","PROSE","MEDIUM","","OLD_QUOTED_TO_NEW_Q_BODY","greentext arrow with no matching quoted source — Q's own bullet","Directives|Questions|Codes|Entities|Themes"
"3647","11",">Rinse/repeat","QUOTED_OR_EMBEDDED (greentext excerpt)","Q_AUTHORED_CURRENT_POST","Q_BODY","PROSE","MEDIUM","","OLD_QUOTED_TO_NEW_Q_BODY","greentext arrow with no matching quoted source — Q's own bullet","Directives|Questions|Codes|Entities|Themes"
"3656","4","""A well regulated Militia, being necessary to the security of a free State, the right of the people to keep and bear Arms, shall not be infringed.""","Q_AUTHORED_CURRENT_POST","QUOTED_OR_EMBEDDED","QUOTED_THIRD_PARTY","PROSE","HIGH","","OLD_Q_BODY_TO_NEW_QUOTED","self-contained quotation: one line opening and closing on quotation marks, paragraph length","Questions|Codes|Entities"
"366","0",">>121392","Q_AUTHORED_CURRENT_POST","QUOTED_OR_EMBEDDED","QUOTED_ANONYMOUS_POST","BOARD_POINTER","HIGH","","OLD_Q_BODY_TO_NEW_QUOTED","board back-reference pointer",""
"3660","0",">>96","Q_AUTHORED_CURRENT_POST","QUOTED_OR_EMBEDDED","QUOTED_PRIOR_Q_POST","BOARD_POINTER","HIGH","96","OLD_Q_BODY_TO_NEW_QUOTED","board back-reference pointer",""
"3667","0",">>7505194","Q_AUTHORED_CURRENT_POST","QUOTED_OR_EMBEDDED","QUOTED_ANONYMOUS_POST","BOARD_POINTER","HIGH","","OLD_Q_BODY_TO_NEW_QUOTED","board back-reference pointer","Questions|Claims|Emphasis|Entities"
"3669","0",">>7506083","Q_AUTHORED_CURRENT_POST","QUOTED_OR_EMBEDDED","QUOTED_ANONYMOUS_POST","BOARD_POINTER","HIGH","","OLD_Q_BODY_TO_NEW_QUOTED","board back-reference pointer","Questions|Codes|Emphasis|Entities"
"367","0",">>121446","Q_AUTHORED_CURRENT_POST","QUOTED_OR_EMBEDDED","QUOTED_ANONYMOUS_POST","BOARD_POINTER","HIGH","","OLD_Q_BODY_TO_NEW_QUOTED","board back-reference pointer",""
"3674","0",">>7509863","Q_AUTHORED_CURRENT_POST","QUOTED_OR_EMBEDDED","QUOTED_ANONYMOUS_POST","BOARD_POINTER","HIGH","","OLD_Q_BODY_TO_NEW_QUOTED","board back-reference pointer","Questions|Entities|Themes"
"3675","0",">>7510061","Q_AUTHORED_CURRENT_POST","QUOTED_OR_EMBEDDED","QUOTED_ANONYMOUS_POST","BOARD_POINTER","HIGH","","OLD_Q_BODY_TO_NEW_QUOTED","board back-reference pointer",""
"3676","0",">>7510237","Q_AUTHORED_CURRENT_POST","QUOTED_OR_EMBEDDED","QUOTED_ANONYMOUS_POST","BOARD_POINTER","HIGH","","OLD_Q_BODY_TO_NEW_QUOTED","board back-reference pointer",""
"368","0",">>121501","Q_AUTHORED_CURRENT_POST","QUOTED_OR_EMBEDDED","QUOTED_ANONYMOUS_POST","BOARD_POINTER","HIGH","","OLD_Q_BODY_TO_NEW_QUOTED","board back-reference pointer","Claims|Emphasis"
"3683","0",">>7515309","Q_AUTHORED_CURRENT_POST","QUOTED_OR_EMBEDDED","QUOTED_ANONYMOUS_POST","BOARD_POINTER","HIGH","","OLD_Q_BODY_TO_NEW_QUOTED","board back-reference pointer","Directives|Claims|Entities|Themes"
"3683","4","God bless you.","QUOTED_OR_EMBEDDED (scripture (continuation))","Q_AUTHORED_CURRENT_POST","Q_BODY","PROSE","HIGH","","OLD_QUOTED_TO_NEW_Q_BODY","canonical post body, no embedded-source evidence","Directives|Claims|Entities|Themes"
"3683","5","United We Stand.","QUOTED_OR_EMBEDDED (scripture (continuation))","Q_AUTHORED_CURRENT_POST","Q_BODY","PROSE","HIGH","","OLD_QUOTED_TO_NEW_Q_BODY","canonical post body, no embedded-source evidence","Directives|Claims|Entities|Themes"
"3686","0",">>7516470","Q_AUTHORED_CURRENT_POST","QUOTED_OR_EMBEDDED","QUOTED_ANONYMOUS_POST","BOARD_POINTER","HIGH","","OLD_Q_BODY_TO_NEW_QUOTED","board back-reference pointer","Claims"
"3686","1",">>7516476","Q_AUTHORED_CURRENT_POST","QUOTED_OR_EMBEDDED","QUOTED_ANONYMOUS_POST","BOARD_POINTER","HIGH","","OLD_Q_BODY_TO_NEW_QUOTED","board back-reference pointer","Claims"
"3686","2",">>7516480","Q_AUTHORED_CURRENT_POST","QUOTED_OR_EMBEDDED","QUOTED_ANONYMOUS_POST","BOARD_POINTER","HIGH","","OLD_Q_BODY_TO_NEW_QUOTED","board back-reference pointer","Claims"
"3686","3",">>7516469","Q_AUTHORED_CURRENT_POST","QUOTED_OR_EMBEDDED","QUOTED_ANONYMOUS_POST","BOARD_POINTER","HIGH","","OLD_Q_BODY_TO_NEW_QUOTED","board back-reference pointer","Claims"
"3687","0",">>7516470","Q_AUTHORED_CURRENT_POST","QUOTED_OR_EMBEDDED","QUOTED_ANONYMOUS_POST","BOARD_POINTER","HIGH","","OLD_Q_BODY_TO_NEW_QUOTED","board back-reference pointer","Claims"
"3687","1",">>7516476","Q_AUTHORED_CURRENT_POST","QUOTED_OR_EMBEDDED","QUOTED_ANONYMOUS_POST","BOARD_POINTER","HIGH","","OLD_Q_BODY_TO_NEW_QUOTED","board back-reference pointer","Claims"
"3687","2",">>7516480","Q_AUTHORED_CURRENT_POST","QUOTED_OR_EMBEDDED","QUOTED_ANONYMOUS_POST","BOARD_POINTER","HIGH","","OLD_Q_BODY_TO_NEW_QUOTED","board back-reference pointer","Claims"
"3687","3",">>7516469","Q_AUTHORED_CURRENT_POST","QUOTED_OR_EMBEDDED","QUOTED_ANONYMOUS_POST","BOARD_POINTER","HIGH","","OLD_Q_BODY_TO_NEW_QUOTED","board back-reference pointer","Claims"
"3688","0",">>7516554","Q_AUTHORED_CURRENT_POST","QUOTED_OR_EMBEDDED","QUOTED_ANONYMOUS_POST","BOARD_POINTER","HIGH","","OLD_Q_BODY_TO_NEW_QUOTED","board back-reference pointer","Directives|Questions|Entities"
"3689","0",">>7517634","Q_AUTHORED_CURRENT_POST","QUOTED_OR_EMBEDDED","QUOTED_ANONYMOUS_POST","BOARD_POINTER","HIGH","","OLD_Q_BODY_TO_NEW_QUOTED","board back-reference pointer","Questions|Claims|Codes|Emphasis|Entities|Themes"
"369","0",">>121535","Q_AUTHORED_CURRENT_POST","QUOTED_OR_EMBEDDED","QUOTED_ANONYMOUS_POST","BOARD_POINTER","HIGH","","OLD_Q_BODY_TO_NEW_QUOTED","board back-reference pointer","Themes"
"3695","0",">>7526506","Q_AUTHORED_CURRENT_POST","QUOTED_OR_EMBEDDED","QUOTED_ANONYMOUS_POST","BOARD_POINTER","HIGH","","OLD_Q_BODY_TO_NEW_QUOTED","board back-reference pointer",""
"3698","0",">>7527690","Q_AUTHORED_CURRENT_POST","QUOTED_OR_EMBEDDED","QUOTED_ANONYMOUS_POST","BOARD_POINTER","HIGH","","OLD_Q_BODY_TO_NEW_QUOTED","board back-reference pointer",""
"370","0",">>121553","Q_AUTHORED_CURRENT_POST","QUOTED_OR_EMBEDDED","QUOTED_ANONYMOUS_POST","BOARD_POINTER","HIGH","","OLD_Q_BODY_TO_NEW_QUOTED","board back-reference pointer","Claims"
"3702","0",">>7535127","Q_AUTHORED_CURRENT_POST","QUOTED_OR_EMBEDDED","QUOTED_ANONYMOUS_POST","BOARD_POINTER","HIGH","","OLD_Q_BODY_TO_NEW_QUOTED","board back-reference pointer","Questions|Claims|Codes|Emphasis|Entities|Themes"
"3706","0",">>7535884","Q_AUTHORED_CURRENT_POST","QUOTED_OR_EMBEDDED","QUOTED_ANONYMOUS_POST","BOARD_POINTER","HIGH","","OLD_Q_BODY_TO_NEW_QUOTED","board back-reference pointer",""
"3707","0",">>7536020","Q_AUTHORED_CURRENT_POST","QUOTED_OR_EMBEDDED","QUOTED_ANONYMOUS_POST","BOARD_POINTER","HIGH","","OLD_Q_BODY_TO_NEW_QUOTED","board back-reference pointer","Claims|Emphasis|Entities|Themes"
"3708","0",">>7536091","Q_AUTHORED_CURRENT_POST","QUOTED_OR_EMBEDDED","QUOTED_ANONYMOUS_POST","BOARD_POINTER","HIGH","","OLD_Q_BODY_TO_NEW_QUOTED","board back-reference pointer","Questions|Codes"
"3709","0",">>7536145","Q_AUTHORED_CURRENT_POST","QUOTED_OR_EMBEDDED","QUOTED_ANONYMOUS_POST","BOARD_POINTER","HIGH","","OLD_Q_BODY_TO_NEW_QUOTED","board back-reference pointer","Claims"
"3710","0",">>7536259","Q_AUTHORED_CURRENT_POST","QUOTED_OR_EMBEDDED","QUOTED_ANONYMOUS_POST","BOARD_POINTER","HIGH","","OLD_Q_BODY_TO_NEW_QUOTED","board back-reference pointer",""
"3711","0",">>7536263","Q_AUTHORED_CURRENT_POST","QUOTED_OR_EMBEDDED","QUOTED_ANONYMOUS_POST","BOARD_POINTER","HIGH","","OLD_Q_BODY_TO_NEW_QUOTED","board back-reference pointer",""
"3721","42","When ‘non-dogmatic’ information becomes FREE & TRANSPARENT it becomes a threat to those who attempt to control the narrative and/or stable [livestock kept – sheep].","QUOTED_OR_EMBEDDED (sustained prose block — pasted or quoted passage)","Q_AUTHORED_CURRENT_POST","Q_BODY","PROSE","HIGH","","OLD_QUOTED_TO_NEW_Q_BODY","long sentence inside a drop whose dominant register is Q — prose shape alone is not a quotation","Directives|Questions|Claims|Codes|Emphasis|Entities|Themes"
"3721","43","When you are awake, you stand on the outside of the stable (‘group-think’ collective), and have ‘free thought’.","QUOTED_OR_EMBEDDED (sustained prose block — pasted or quoted passage)","Q_AUTHORED_CURRENT_POST","Q_BODY","PROSE","HIGH","","OLD_QUOTED_TO_NEW_Q_BODY","long sentence inside a drop whose dominant register is Q — prose shape alone is not a quotation","Directives|Questions|Claims|Codes|Emphasis|Entities|Themes"
"3721","44","""Free thought"" is a philosophical viewpoint which holds that positions regarding truth should be formed on the basis of logic, reason, and empiricism, rather than authority, tradition, revelation, or dogma.","QUOTED_OR_EMBEDDED (sustained prose block — pasted or quoted passage)","Q_AUTHORED_CURRENT_POST","Q_BODY","PROSE","HIGH","","OLD_QUOTED_TO_NEW_Q_BODY","long sentence inside a drop whose dominant register is Q — prose shape alone is not a quotation","Directives|Questions|Claims|Codes|Emphasis|Entities|Themes"
"3724","8",">Clinton/Hussein illegal FISA","QUOTED_OR_EMBEDDED (greentext excerpt)","Q_AUTHORED_CURRENT_POST","Q_BODY","PROSE","MEDIUM","","OLD_QUOTED_TO_NEW_Q_BODY","greentext arrow with no matching quoted source — Q's own bullet","Claims|Codes|Emphasis|Entities|Themes"
"3724","10",">Mueller","QUOTED_OR_EMBEDDED (greentext excerpt)","Q_AUTHORED_CURRENT_POST","Q_BODY","PROSE","MEDIUM","","OLD_QUOTED_TO_NEW_Q_BODY","greentext arrow with no matching quoted source — Q's own bullet","Claims|Codes|Emphasis|Entities|Themes"
"3724","12",">Impeachment","QUOTED_OR_EMBEDDED (greentext excerpt)","Q_AUTHORED_CURRENT_POST","Q_BODY","PROSE","MEDIUM","","OLD_QUOTED_TO_NEW_Q_BODY","greentext arrow with no matching quoted source — Q's own bullet","Claims|Codes|Emphasis|Entities|Themes"
"3725","0",">>7555466","Q_AUTHORED_CURRENT_POST","QUOTED_OR_EMBEDDED","QUOTED_PRIOR_Q_POST","BOARD_POINTER","HIGH","3724","OLD_Q_BODY_TO_NEW_QUOTED","board back-reference pointer","Questions|Entities|Themes"
"3727","0",">>7556980","Q_AUTHORED_CURRENT_POST","QUOTED_OR_EMBEDDED","QUOTED_ANONYMOUS_POST","BOARD_POINTER","HIGH","","OLD_Q_BODY_TO_NEW_QUOTED","board back-reference pointer","Questions|Codes|Emphasis"
"3728","0",">>7557088","Q_AUTHORED_CURRENT_POST","QUOTED_OR_EMBEDDED","QUOTED_ANONYMOUS_POST","BOARD_POINTER","HIGH","","OLD_Q_BODY_TO_NEW_QUOTED","board back-reference pointer","Directives|Claims|Emphasis|Entities|Themes"
"3732","0",">>7560835","Q_AUTHORED_CURRENT_POST","QUOTED_OR_EMBEDDED","QUOTED_ANONYMOUS_POST","BOARD_POINTER","HIGH","","OLD_Q_BODY_TO_NEW_QUOTED","board back-reference pointer","Questions|Claims"
"3733","0",">>7560920","Q_AUTHORED_CURRENT_POST","QUOTED_OR_EMBEDDED","QUOTED_ANONYMOUS_POST","BOARD_POINTER","HIGH","","OLD_Q_BODY_TO_NEW_QUOTED","board back-reference pointer","Claims"
"3734","0",">>7561023","Q_AUTHORED_CURRENT_POST","QUOTED_OR_EMBEDDED","QUOTED_ANONYMOUS_POST","BOARD_POINTER","HIGH","","OLD_Q_BODY_TO_NEW_QUOTED","board back-reference pointer","Directives|Questions|Claims|Entities|Themes"
"3735","0",">>7561132","Q_AUTHORED_CURRENT_POST","QUOTED_OR_EMBEDDED","QUOTED_PRIOR_Q_POST","BOARD_POINTER","HIGH","3734","OLD_Q_BODY_TO_NEW_QUOTED","board back-reference pointer",""
"3736","0",">>7561162","Q_AUTHORED_CURRENT_POST","QUOTED_OR_EMBEDDED","QUOTED_PRIOR_Q_POST","BOARD_POINTER","HIGH","3735","OLD_Q_BODY_TO_NEW_QUOTED","board back-reference pointer",""
"3747","0",">>7593851","Q_AUTHORED_CURRENT_POST","QUOTED_OR_EMBEDDED","QUOTED_ANONYMOUS_POST","BOARD_POINTER","HIGH","","OLD_Q_BODY_TO_NEW_QUOTED","board back-reference pointer",""
"3752","0",">>7600180","Q_AUTHORED_CURRENT_POST","QUOTED_OR_EMBEDDED","QUOTED_ANONYMOUS_POST","BOARD_POINTER","HIGH","","OLD_Q_BODY_TO_NEW_QUOTED","board back-reference pointer","Directives|Themes"
"3756","0",">>7637926","Q_AUTHORED_CURRENT_POST","QUOTED_OR_EMBEDDED","QUOTED_ANONYMOUS_POST","BOARD_POINTER","HIGH","","OLD_Q_BODY_TO_NEW_QUOTED","board back-reference pointer","Emphasis"
"3757","0",">>7637777","Q_AUTHORED_CURRENT_POST","QUOTED_OR_EMBEDDED","QUOTED_ANONYMOUS_POST","BOARD_POINTER","HIGH","","OLD_Q_BODY_TO_NEW_QUOTED","board back-reference pointer",""
"3759","0",">>7639202","Q_AUTHORED_CURRENT_POST","QUOTED_OR_EMBEDDED","QUOTED_ANONYMOUS_POST","BOARD_POINTER","HIGH","","OLD_Q_BODY_TO_NEW_QUOTED","board back-reference pointer","Questions"
"376","0",">>126928","Q_AUTHORED_CURRENT_POST","QUOTED_OR_EMBEDDED","QUOTED_ANONYMOUS_POST","BOARD_POINTER","HIGH","","OLD_Q_BODY_TO_NEW_QUOTED","board back-reference pointer","Questions"
"3763","0",">>7643247","Q_AUTHORED_CURRENT_POST","QUOTED_OR_EMBEDDED","QUOTED_PRIOR_Q_POST","BOARD_POINTER","HIGH","3762","OLD_Q_BODY_TO_NEW_QUOTED","board back-reference pointer","Questions"
"3764","9",">comp-to-comp","QUOTED_OR_EMBEDDED (greentext excerpt)","Q_AUTHORED_CURRENT_POST","Q_BODY","PROSE","MEDIUM","","OLD_QUOTED_TO_NEW_Q_BODY","greentext arrow with no matching quoted source — Q's own bullet","Questions|Claims|Codes|Emphasis|Entities|Themes"
"3764","10",">person-to-person [1]","QUOTED_OR_EMBEDDED (greentext excerpt)","Q_AUTHORED_CURRENT_POST","Q_BODY","PROSE","MEDIUM","","OLD_QUOTED_TO_NEW_Q_BODY","greentext arrow with no matching quoted source — Q's own bullet","Questions|Claims|Codes|Emphasis|Entities|Themes"
"3764","13",">Feeder [1]","QUOTED_OR_EMBEDDED (greentext excerpt)","Q_AUTHORED_CURRENT_POST","Q_BODY","PROSE","MEDIUM","","OLD_QUOTED_TO_NEW_Q_BODY","greentext arrow with no matching quoted source — Q's own bullet","Questions|Claims|Codes|Emphasis|Entities|Themes"
"3764","14",">Recipient [1]","QUOTED_OR_EMBEDDED (greentext excerpt)","Q_AUTHORED_CURRENT_POST","Q_BODY","PROSE","MEDIUM","","OLD_QUOTED_TO_NEW_Q_BODY","greentext arrow with no matching quoted source — Q's own bullet","Questions|Claims|Codes|Emphasis|Entities|Themes"
"3765","0",">>7643883","Q_AUTHORED_CURRENT_POST","QUOTED_OR_EMBEDDED","QUOTED_ANONYMOUS_POST","BOARD_POINTER","HIGH","","OLD_Q_BODY_TO_NEW_QUOTED","board back-reference pointer",""
"3766","0",">>7643939","Q_AUTHORED_CURRENT_POST","QUOTED_OR_EMBEDDED","QUOTED_ANONYMOUS_POST","BOARD_POINTER","HIGH","","OLD_Q_BODY_TO_NEW_QUOTED","board back-reference pointer",""
"3769","0",">>7653316","Q_AUTHORED_CURRENT_POST","QUOTED_OR_EMBEDDED","QUOTED_PRIOR_Q_POST","BOARD_POINTER","HIGH","3768","OLD_Q_BODY_TO_NEW_QUOTED","board back-reference pointer","Codes"
"377","0",">>126934","Q_AUTHORED_CURRENT_POST","QUOTED_OR_EMBEDDED","QUOTED_ANONYMOUS_POST","BOARD_POINTER","HIGH","","OLD_Q_BODY_TO_NEW_QUOTED","board back-reference pointer","Emphasis"
"3772","0",">>7653597","Q_AUTHORED_CURRENT_POST","QUOTED_OR_EMBEDDED","QUOTED_ANONYMOUS_POST","BOARD_POINTER","HIGH","","OLD_Q_BODY_TO_NEW_QUOTED","board back-reference pointer","Questions|Claims|Codes|Emphasis|Themes"
"3776","0",">>7859255","Q_AUTHORED_CURRENT_POST","QUOTED_OR_EMBEDDED","QUOTED_ANONYMOUS_POST","BOARD_POINTER","HIGH","","OLD_Q_BODY_TO_NEW_QUOTED","board back-reference pointer",""
"378","0",">>126988","Q_AUTHORED_CURRENT_POST","QUOTED_OR_EMBEDDED","QUOTED_ANONYMOUS_POST","BOARD_POINTER","HIGH","","OLD_Q_BODY_TO_NEW_QUOTED","board back-reference pointer","Claims|Themes"
"3781","0",">>7866980","Q_AUTHORED_CURRENT_POST","QUOTED_OR_EMBEDDED","QUOTED_ANONYMOUS_POST","BOARD_POINTER","HIGH","","OLD_Q_BODY_TO_NEW_QUOTED","board back-reference pointer","Claims|Codes|Entities|Themes"
"3785","0",">>7884113","Q_AUTHORED_CURRENT_POST","QUOTED_OR_EMBEDDED","QUOTED_ANONYMOUS_POST","BOARD_POINTER","HIGH","","OLD_Q_BODY_TO_NEW_QUOTED","board back-reference pointer","Questions|Claims|Emphasis|Entities"
"3789","0",">>7889726","Q_AUTHORED_CURRENT_POST","QUOTED_OR_EMBEDDED","QUOTED_PRIOR_Q_POST","BOARD_POINTER","HIGH","3788","OLD_Q_BODY_TO_NEW_QUOTED","board back-reference pointer","Themes"
"379","0",">>126931","Q_AUTHORED_CURRENT_POST","QUOTED_OR_EMBEDDED","QUOTED_ANONYMOUS_POST","BOARD_POINTER","HIGH","","OLD_Q_BODY_TO_NEW_QUOTED","board back-reference pointer",""
"3797","0",">>7942692","Q_AUTHORED_CURRENT_POST","QUOTED_OR_EMBEDDED","QUOTED_ANONYMOUS_POST","BOARD_POINTER","HIGH","","OLD_Q_BODY_TO_NEW_QUOTED","board back-reference pointer","Questions"
"3798","0",">>7942819","Q_AUTHORED_CURRENT_POST","QUOTED_OR_EMBEDDED","QUOTED_ANONYMOUS_POST","BOARD_POINTER","HIGH","","OLD_Q_BODY_TO_NEW_QUOTED","board back-reference pointer","Directives|Questions|Claims|Codes|Emphasis|Entities|Themes"
"380","0",">>127057","Q_AUTHORED_CURRENT_POST","QUOTED_OR_EMBEDDED","QUOTED_ANONYMOUS_POST","BOARD_POINTER","HIGH","","OLD_Q_BODY_TO_NEW_QUOTED","board back-reference pointer",""
"3803","0",">>7944877","Q_AUTHORED_CURRENT_POST","QUOTED_OR_EMBEDDED","QUOTED_ANONYMOUS_POST","BOARD_POINTER","HIGH","","OLD_Q_BODY_TO_NEW_QUOTED","board back-reference pointer",""
"3806","5","“And the rocket's red glare, the bombs bursting in air, gave proof through the night that our flag was still there.”","Q_AUTHORED_CURRENT_POST","QUOTED_OR_EMBEDDED","QUOTED_THIRD_PARTY","PROSE","HIGH","","OLD_Q_BODY_TO_NEW_QUOTED","self-contained quotation: one line opening and closing on quotation marks, paragraph length","Questions|Claims|Codes|Entities|Themes"
"3809","0",">>7965951","Q_AUTHORED_CURRENT_POST","QUOTED_OR_EMBEDDED","QUOTED_ANONYMOUS_POST","BOARD_POINTER","HIGH","","OLD_Q_BODY_TO_NEW_QUOTED","board back-reference pointer","Questions|Claims|Codes|Emphasis|Entities|Themes"
"3812","0",">>7966693","Q_AUTHORED_CURRENT_POST","QUOTED_OR_EMBEDDED","QUOTED_PRIOR_Q_POST","BOARD_POINTER","HIGH","3811","OLD_Q_BODY_TO_NEW_QUOTED","board back-reference pointer","Directives|Questions"
"382","0",">>127237","Q_AUTHORED_CURRENT_POST","QUOTED_OR_EMBEDDED","QUOTED_ANONYMOUS_POST","BOARD_POINTER","HIGH","","OLD_Q_BODY_TO_NEW_QUOTED","board back-reference pointer","Claims|Entities|Themes"
"3822","0",">>7991390","Q_AUTHORED_CURRENT_POST","QUOTED_OR_EMBEDDED","QUOTED_ANONYMOUS_POST","BOARD_POINTER","HIGH","","OLD_Q_BODY_TO_NEW_QUOTED","board back-reference pointer",""
"3827","0",">>8031593","Q_AUTHORED_CURRENT_POST","QUOTED_OR_EMBEDDED","QUOTED_ANONYMOUS_POST","BOARD_POINTER","HIGH","","OLD_Q_BODY_TO_NEW_QUOTED","board back-reference pointer","Claims"
"3829","0",">>8035547","Q_AUTHORED_CURRENT_POST","QUOTED_OR_EMBEDDED","QUOTED_ANONYMOUS_POST","BOARD_POINTER","HIGH","","OLD_Q_BODY_TO_NEW_QUOTED","board back-reference pointer",""
"383","0",">>127305","Q_AUTHORED_CURRENT_POST","QUOTED_OR_EMBEDDED","QUOTED_ANONYMOUS_POST","BOARD_POINTER","HIGH","","OLD_Q_BODY_TO_NEW_QUOTED","board back-reference pointer","Questions|Entities"
"3830","0",">>8035466","Q_AUTHORED_CURRENT_POST","QUOTED_OR_EMBEDDED","QUOTED_ANONYMOUS_POST","BOARD_POINTER","HIGH","","OLD_Q_BODY_TO_NEW_QUOTED","board back-reference pointer",""
"3836","1","Think Hussein 'I'll have more flexibility after the election' hot mic statement to Russian depo re: Q to Hussein re: Putin.","QUOTED_OR_EMBEDDED (sustained prose block — pasted or quoted passage)","Q_AUTHORED_CURRENT_POST","Q_BODY","PROSE","HIGH","","OLD_QUOTED_TO_NEW_Q_BODY","long sentence inside a drop whose dominant register is Q — prose shape alone is not a quotation","Directives|Questions|Codes|Emphasis|Entities|Themes"
"3836","2","Think Hussein WH refusal to send weapons to Ukraine [R Congress push to assist] but instead sent only blankets.","QUOTED_OR_EMBEDDED (sustained prose block — pasted or quoted passage)","Q_AUTHORED_CURRENT_POST","Q_BODY","PROSE","HIGH","","OLD_QUOTED_TO_NEW_Q_BODY","long sentence inside a drop whose dominant register is Q — prose shape alone is not a quotation","Directives|Questions|Codes|Emphasis|Entities|Themes"
"3837","12",">Crimes against Humanity.","QUOTED_OR_EMBEDDED (greentext excerpt)","Q_AUTHORED_CURRENT_POST","Q_BODY","PROSE","MEDIUM","","OLD_QUOTED_TO_NEW_Q_BODY","greentext arrow with no matching quoted source — Q's own bullet","Questions|Claims|Codes|Emphasis|Entities|Themes"
"3837","14",">Financial/Economy","QUOTED_OR_EMBEDDED (greentext excerpt)","Q_AUTHORED_CURRENT_POST","Q_BODY","PROSE","MEDIUM","","OLD_QUOTED_TO_NEW_Q_BODY","greentext arrow with no matching quoted source — Q's own bullet","Questions|Claims|Codes|Emphasis|Entities|Themes"
"3837","15",">Military/Police","QUOTED_OR_EMBEDDED (greentext excerpt)","Q_AUTHORED_CURRENT_POST","Q_BODY","PROSE","MEDIUM","","OLD_QUOTED_TO_NEW_Q_BODY","greentext arrow with no matching quoted source — Q's own bullet","Questions|Claims|Codes|Emphasis|Entities|Themes"
"3837","16",">Division of Citizenry","QUOTED_OR_EMBEDDED (greentext excerpt)","Q_AUTHORED_CURRENT_POST","Q_BODY","PROSE","MEDIUM","","OLD_QUOTED_TO_NEW_Q_BODY","greentext arrow with no matching quoted source — Q's own bullet","Questions|Claims|Codes|Emphasis|Entities|Themes"
"3837","17",">Border Collapse","QUOTED_OR_EMBEDDED (greentext excerpt)","Q_AUTHORED_CURRENT_POST","Q_BODY","PROSE","MEDIUM","","OLD_QUOTED_TO_NEW_Q_BODY","greentext arrow with no matching quoted source — Q's own bullet","Questions|Claims|Codes|Emphasis|Entities|Themes"
"3838","5",">Race","QUOTED_OR_EMBEDDED (greentext excerpt)","Q_AUTHORED_CURRENT_POST","Q_BODY","PROSE","MEDIUM","","OLD_QUOTED_TO_NEW_Q_BODY","greentext arrow with no matching quoted source — Q's own bullet","Claims|Codes|Emphasis|Entities|Themes"
"3838","6",">Religion","QUOTED_OR_EMBEDDED (greentext excerpt)","Q_AUTHORED_CURRENT_POST","Q_BODY","PROSE","MEDIUM","","OLD_QUOTED_TO_NEW_Q_BODY","greentext arrow with no matching quoted source — Q's own bullet","Claims|Codes|Emphasis|Entities|Themes"
"3838","7",">Class","QUOTED_OR_EMBEDDED (greentext excerpt)","Q_AUTHORED_CURRENT_POST","Q_BODY","PROSE","MEDIUM","","OLD_QUOTED_TO_NEW_Q_BODY","greentext arrow with no matching quoted source — Q's own bullet","Claims|Codes|Emphasis|Entities|Themes"
"3838","8",">Political Affiliation","QUOTED_OR_EMBEDDED (greentext excerpt)","Q_AUTHORED_CURRENT_POST","Q_BODY","PROSE","MEDIUM","","OLD_QUOTED_TO_NEW_Q_BODY","greentext arrow with no matching quoted source — Q's own bullet","Claims|Codes|Emphasis|Entities|Themes"
"3838","9",">Gender","QUOTED_OR_EMBEDDED (greentext excerpt)","Q_AUTHORED_CURRENT_POST","Q_BODY","PROSE","MEDIUM","","OLD_QUOTED_TO_NEW_Q_BODY","greentext arrow with no matching quoted source — Q's own bullet","Claims|Codes|Emphasis|Entities|Themes"
"3841","1","If dirty cops ran the investigation into the DNC breach, could an argument be made that it was corrupt?","Q_AUTHORED_CURRENT_POST","QUOTED_OR_EMBEDDED","QUOTED_THIRD_PARTY","PROSE","HIGH","","OLD_Q_BODY_TO_NEW_QUOTED","pasted passage directly beneath a source link or pointer","Questions|Claims|Codes|Emphasis|Entities|Themes"
"3841","2","If dirty cops ran the investigation into election interference, could an argument be made that it was corrupt?","Q_AUTHORED_CURRENT_POST","QUOTED_OR_EMBEDDED","QUOTED_THIRD_PARTY","PROSE","HIGH","","OLD_Q_BODY_TO_NEW_QUOTED","pasted passage directly beneath a source link or pointer","Questions|Claims|Codes|Emphasis|Entities|Themes"
"3841","3","If dirty cops ran the investigation into [HRC] private server/email scandal, could an argument be made that it was corrupt?","Q_AUTHORED_CURRENT_POST","QUOTED_OR_EMBEDDED","QUOTED_THIRD_PARTY","PROSE","HIGH","","OLD_Q_BODY_TO_NEW_QUOTED","pasted passage directly beneath a source link or pointer","Questions|Claims|Codes|Emphasis|Entities|Themes"
"3841","5",">internal DL / release","QUOTED_OR_EMBEDDED (greentext excerpt)","Q_AUTHORED_CURRENT_POST","Q_BODY","PROSE","MEDIUM","","OLD_QUOTED_TO_NEW_Q_BODY","greentext arrow with no matching quoted source — Q's own bullet","Questions|Claims|Codes|Emphasis|Entities|Themes"
"3841","6",">crowdstrike manipulation of source","QUOTED_OR_EMBEDDED (greentext excerpt)","Q_AUTHORED_CURRENT_POST","Q_BODY","PROSE","MEDIUM","","OLD_QUOTED_TO_NEW_Q_BODY","greentext arrow with no matching quoted source — Q's own bullet","Questions|Claims|Codes|Emphasis|Entities|Themes"
"3841","8",">crowdstrike manipulation of source","QUOTED_OR_EMBEDDED (greentext excerpt)","Q_AUTHORED_CURRENT_POST","Q_BODY","PROSE","MEDIUM","","OLD_QUOTED_TO_NEW_Q_BODY","greentext arrow with no matching quoted source — Q's own bullet","Questions|Claims|Codes|Emphasis|Entities|Themes"
"385","0",">>127396","Q_AUTHORED_CURRENT_POST","QUOTED_OR_EMBEDDED","QUOTED_ANONYMOUS_POST","BOARD_POINTER","HIGH","","OLD_Q_BODY_TO_NEW_QUOTED","board back-reference pointer","Directives|Claims"
"3852","0",">>8093005","Q_AUTHORED_CURRENT_POST","QUOTED_OR_EMBEDDED","QUOTED_ANONYMOUS_POST","BOARD_POINTER","HIGH","","OLD_Q_BODY_TO_NEW_QUOTED","board back-reference pointer",""
"3858","42","When ‘non-dogmatic’ information becomes FREE & TRANSPARENT it becomes a threat to those who attempt to control the narrative and/or stable [livestock kept – sheep].","QUOTED_OR_EMBEDDED (sustained prose block — pasted or quoted passage)","Q_AUTHORED_CURRENT_POST","Q_BODY","PROSE","HIGH","","OLD_QUOTED_TO_NEW_Q_BODY","long sentence inside a drop whose dominant register is Q — prose shape alone is not a quotation","Directives|Questions|Claims|Codes|Emphasis|Entities|Themes"
"3858","43","When you are awake, you stand on the outside of the stable (‘group-think’ collective), and have ‘free thought’.","QUOTED_OR_EMBEDDED (sustained prose block — pasted or quoted passage)","Q_AUTHORED_CURRENT_POST","Q_BODY","PROSE","HIGH","","OLD_QUOTED_TO_NEW_Q_BODY","long sentence inside a drop whose dominant register is Q — prose shape alone is not a quotation","Directives|Questions|Claims|Codes|Emphasis|Entities|Themes"
"3858","44","""Free thought"" is a philosophical viewpoint which holds that positions regarding truth should be formed on the basis of logic, reason, and empiricism, rather than authority, tradition, revelation, or dogma.","QUOTED_OR_EMBEDDED (sustained prose block — pasted or quoted passage)","Q_AUTHORED_CURRENT_POST","Q_BODY","PROSE","HIGH","","OLD_QUOTED_TO_NEW_Q_BODY","long sentence inside a drop whose dominant register is Q — prose shape alone is not a quotation","Directives|Questions|Claims|Codes|Emphasis|Entities|Themes"
"386","0",">>127420","Q_AUTHORED_CURRENT_POST","QUOTED_OR_EMBEDDED","QUOTED_ANONYMOUS_POST","BOARD_POINTER","HIGH","","OLD_Q_BODY_TO_NEW_QUOTED","board back-reference pointer","Entities"
"3862","2","1. allow for public dissemination of critical facts [possible unseal(s)-declas] prior to world televised sit down.","QUOTED_OR_EMBEDDED (numbered definition)","Q_AUTHORED_CURRENT_POST","Q_BODY","PROSE","HIGH","","OLD_QUOTED_TO_NEW_Q_BODY","long sentence inside a drop whose dominant register is Q — prose shape alone is not a quotation","Directives|Questions|Codes|Themes"
"3862","3","Sometimes the necessary forum to update the American public is provided by those same people being investigated for….","QUOTED_OR_EMBEDDED (numbered definition (continuation))","Q_AUTHORED_CURRENT_POST","Q_BODY","PROSE","HIGH","","OLD_QUOTED_TO_NEW_Q_BODY","long sentence inside a drop whose dominant register is Q — prose shape alone is not a quotation","Directives|Questions|Codes|Themes"
"3862","4","Release to change strategy?","QUOTED_OR_EMBEDDED (numbered definition (continuation))","Q_AUTHORED_CURRENT_POST","Q_BODY","PROSE","HIGH","","OLD_QUOTED_TO_NEW_Q_BODY","canonical post body, no embedded-source evidence","Directives|Questions|Codes|Themes"
"3862","5","Watch what happens next!","QUOTED_OR_EMBEDDED (numbered definition (continuation))","Q_AUTHORED_CURRENT_POST","Q_BODY","PROSE","HIGH","","OLD_QUOTED_TO_NEW_Q_BODY","canonical post body, no embedded-source evidence","Directives|Questions|Codes|Themes"
"3868","3","""The OPA Supervisor said that he later learned that former President Clinton’s Secret Service detail had contacted Lynch’s FBI security detail and let them know that the former President wanted to meet with Lynch. Although Lynch’s staff was supposed to receive notice of such requests, witnesses told us that they were not informed of the request from former President Clinton.""","Q_AUTHORED_CURRENT_POST","QUOTED_OR_EMBEDDED","QUOTED_THIRD_PARTY","PROSE","HIGH","","OLD_Q_BODY_TO_NEW_QUOTED","self-contained quotation: one line opening and closing on quotation marks, paragraph length","Questions|Claims|Codes|Emphasis|Entities|Themes"
"387","0",">>127411","Q_AUTHORED_CURRENT_POST","QUOTED_OR_EMBEDDED","QUOTED_ANONYMOUS_POST","BOARD_POINTER","HIGH","","OLD_Q_BODY_TO_NEW_QUOTED","board back-reference pointer","Claims"
"3876","0",">>8194659","Q_AUTHORED_CURRENT_POST","QUOTED_OR_EMBEDDED","QUOTED_ANONYMOUS_POST","BOARD_POINTER","HIGH","","OLD_Q_BODY_TO_NEW_QUOTED","board back-reference pointer","Questions|Claims|Codes|Entities|Themes"
"3877","5",">A public awake is their greatest fear<","QUOTED_OR_EMBEDDED (greentext excerpt)","Q_AUTHORED_CURRENT_POST","Q_BODY","PROSE","MEDIUM","","OLD_QUOTED_TO_NEW_Q_BODY","greentext arrow with no matching quoted source — Q's own bullet","Questions|Claims|Themes"
"3879","0",">>8200492","Q_AUTHORED_CURRENT_POST","QUOTED_OR_EMBEDDED","QUOTED_ANONYMOUS_POST","BOARD_POINTER","HIGH","","OLD_Q_BODY_TO_NEW_QUOTED","board back-reference pointer","Questions|Claims|Emphasis|Entities|Themes"
"3880","0",">>8200718","Q_AUTHORED_CURRENT_POST","QUOTED_OR_EMBEDDED","QUOTED_ANONYMOUS_POST","BOARD_POINTER","HIGH","","OLD_Q_BODY_TO_NEW_QUOTED","board back-reference pointer","Directives|Claims|Entities|Themes"
"3883","0",">>8246640","Q_AUTHORED_CURRENT_POST","QUOTED_OR_EMBEDDED","QUOTED_ANONYMOUS_POST","BOARD_POINTER","HIGH","","OLD_Q_BODY_TO_NEW_QUOTED","board back-reference pointer","Themes"
"3888","0",">>8251616","Q_AUTHORED_CURRENT_POST","QUOTED_OR_EMBEDDED","QUOTED_ANONYMOUS_POST","BOARD_POINTER","HIGH","","OLD_Q_BODY_TO_NEW_QUOTED","board back-reference pointer",""
"3889","0",">>8251665","Q_AUTHORED_CURRENT_POST","QUOTED_OR_EMBEDDED","QUOTED_ANONYMOUS_POST","BOARD_POINTER","HIGH","","OLD_Q_BODY_TO_NEW_QUOTED","board back-reference pointer","Directives|Emphasis|Entities|Themes"
"3890","0",">>8251669","Q_AUTHORED_CURRENT_POST","QUOTED_OR_EMBEDDED","QUOTED_ANONYMOUS_POST","BOARD_POINTER","HIGH","","OLD_Q_BODY_TO_NEW_QUOTED","board back-reference pointer","Directives|Entities|Themes"
"3894","0",">>8358859","Q_AUTHORED_CURRENT_POST","QUOTED_OR_EMBEDDED","QUOTED_ANONYMOUS_POST","BOARD_POINTER","HIGH","","OLD_Q_BODY_TO_NEW_QUOTED","board back-reference pointer",""
"3896","10",">End POTUS rally(s)?","QUOTED_OR_EMBEDDED (greentext excerpt)","Q_AUTHORED_CURRENT_POST","Q_BODY","PROSE","MEDIUM","","OLD_QUOTED_TO_NEW_Q_BODY","greentext arrow with no matching quoted source — Q's own bullet","Directives|Questions|Claims|Codes|Emphasis|Entities|Themes"
"3896","11",">End POTUS econ gains?","QUOTED_OR_EMBEDDED (greentext excerpt)","Q_AUTHORED_CURRENT_POST","Q_BODY","PROSE","MEDIUM","","OLD_QUOTED_TO_NEW_Q_BODY","greentext arrow with no matching quoted source — Q's own bullet","Directives|Questions|Claims|Codes|Emphasis|Entities|Themes"
"3896","12",">End POTUS unemployment gains?","QUOTED_OR_EMBEDDED (greentext excerpt)","Q_AUTHORED_CURRENT_POST","Q_BODY","PROSE","MEDIUM","","OLD_QUOTED_TO_NEW_Q_BODY","greentext arrow with no matching quoted source — Q's own bullet","Directives|Questions|Claims|Codes|Emphasis|Entities|Themes"
"3896","13",">End POTUS [A, B, C, D, ……]?","QUOTED_OR_EMBEDDED (greentext excerpt)","Q_AUTHORED_CURRENT_POST","Q_BODY","PROSE","MEDIUM","","OLD_QUOTED_TO_NEW_Q_BODY","greentext arrow with no matching quoted source — Q's own bullet","Directives|Questions|Claims|Codes|Emphasis|Entities|Themes"
"3896","15",">Delay US/China trade negotiations?","QUOTED_OR_EMBEDDED (greentext excerpt)","Q_AUTHORED_CURRENT_POST","Q_BODY","PROSE","MEDIUM","","OLD_QUOTED_TO_NEW_Q_BODY","greentext arrow with no matching quoted source — Q's own bullet","Directives|Questions|Claims|Codes|Emphasis|Entities|Themes"
"3896","17",">Shelter [Biden] public appearances?","QUOTED_OR_EMBEDDED (greentext excerpt)","Q_AUTHORED_CURRENT_POST","Q_BODY","PROSE","MEDIUM","","OLD_QUOTED_TO_NEW_Q_BODY","greentext arrow with no matching quoted source — Q's own bullet","Directives|Questions|Claims|Codes|Emphasis|Entities|Themes"
"3896","18",">Shelter [Biden] debate(s)?","QUOTED_OR_EMBEDDED (greentext excerpt)","Q_AUTHORED_CURRENT_POST","Q_BODY","PROSE","MEDIUM","","OLD_QUOTED_TO_NEW_Q_BODY","greentext arrow with no matching quoted source — Q's own bullet","Directives|Questions|Claims|Codes|Emphasis|Entities|Themes"
"3896","19",">Push new/revised P_2020 > vote by mail? [unsecure]","QUOTED_OR_EMBEDDED (greentext excerpt)","Q_AUTHORED_CURRENT_POST","Q_BODY","PROSE","MEDIUM","","OLD_QUOTED_TO_NEW_Q_BODY","greentext arrow with no matching quoted source — Q's own bullet","Directives|Questions|Claims|Codes|Emphasis|Entities|Themes"
"3896","21",">Push [D] ‘wish list’ [unrelated] items CV Bill [voting amends]?","QUOTED_OR_EMBEDDED (greentext excerpt)","Q_AUTHORED_CURRENT_POST","Q_BODY","PROSE","MEDIUM","","OLD_QUOTED_TO_NEW_Q_BODY","greentext arrow with no matching quoted source — Q's own bullet","Directives|Questions|Claims|Codes|Emphasis|Entities|Themes"
"3896","28",">Why was it critically important impeachment be rushed in the House?","QUOTED_OR_EMBEDDED (greentext excerpt)","Q_AUTHORED_CURRENT_POST","Q_BODY","PROSE","MEDIUM","","OLD_QUOTED_TO_NEW_Q_BODY","greentext arrow with no matching quoted source — Q's own bullet","Directives|Questions|Claims|Codes|Emphasis|Entities|Themes"
"3905","1","1. vote","QUOTED_OR_EMBEDDED (numbered definition)","Q_AUTHORED_CURRENT_POST","Q_BODY","PROSE","HIGH","","OLD_QUOTED_TO_NEW_Q_BODY","canonical post body, no embedded-source evidence","Directives|Questions|Claims|Codes|Emphasis|Entities|Themes"
"3905","2","2. monetary value (tax contribution)","QUOTED_OR_EMBEDDED (numbered definition (continuation))","Q_AUTHORED_CURRENT_POST","Q_BODY","PROSE","HIGH","","OLD_QUOTED_TO_NEW_Q_BODY","canonical post body, no embedded-source evidence","Directives|Questions|Claims|Codes|Emphasis|Entities|Themes"
"3905","3","3.","QUOTED_OR_EMBEDDED (numbered definition (continuation))","Q_AUTHORED_CURRENT_POST","Q_BODY","PROSE","HIGH","","OLD_QUOTED_TO_NEW_Q_BODY","canonical post body, no embedded-source evidence","Directives|Questions|Claims|Codes|Emphasis|Entities|Themes"
"3905","4","Why is 'free thought' ridiculed, challenged, and threatened when a person is opposed to the 'mainstream-narrative'?","QUOTED_OR_EMBEDDED (numbered definition (continuation))","Q_AUTHORED_CURRENT_POST","Q_BODY","PROSE","HIGH","","OLD_QUOTED_TO_NEW_Q_BODY","canonical post body, no embedded-source evidence","Directives|Questions|Claims|Codes|Emphasis|Entities|Themes"
"3905","5","[2] remains fixed (degree allowable by 'economic recession/expansion')","QUOTED_OR_EMBEDDED (numbered definition (continuation))","Q_AUTHORED_CURRENT_POST","Q_BODY","PROSE","HIGH","","OLD_QUOTED_TO_NEW_Q_BODY","canonical post body, no embedded-source evidence","Directives|Questions|Claims|Codes|Emphasis|Entities|Themes"
"3905","6","[1] remains a variable","QUOTED_OR_EMBEDDED (numbered definition (continuation))","Q_AUTHORED_CURRENT_POST","Q_BODY","PROSE","HIGH","","OLD_QUOTED_TO_NEW_Q_BODY","canonical post body, no embedded-source evidence","Directives|Questions|Claims|Codes|Emphasis|Entities|Themes"
"3905","7","[1] dependent on a 'controlled' system of information dissemination","QUOTED_OR_EMBEDDED (numbered definition (continuation))","Q_AUTHORED_CURRENT_POST","Q_BODY","PROSE","HIGH","","OLD_QUOTED_TO_NEW_Q_BODY","canonical post body, no embedded-source evidence","Directives|Questions|Claims|Codes|Emphasis|Entities|Themes"
"3905","8","What happens when 90% of the media is controlled/owned by (6) corporations?","QUOTED_OR_EMBEDDED (numbered definition (continuation))","Q_AUTHORED_CURRENT_POST","Q_BODY","PROSE","HIGH","","OLD_QUOTED_TO_NEW_Q_BODY","long sentence inside a drop whose dominant register is Q — prose shape alone is not a quotation","Directives|Questions|Claims|Codes|Emphasis|Entities|Themes"
"3905","9","What happens when those same corporations are operated and controlled by a political ideology?","QUOTED_OR_EMBEDDED (numbered definition (continuation))","Q_AUTHORED_CURRENT_POST","Q_BODY","PROSE","HIGH","","OLD_QUOTED_TO_NEW_Q_BODY","long sentence inside a drop whose dominant register is Q — prose shape alone is not a quotation","Directives|Questions|Claims|Codes|Emphasis|Entities|Themes"
"3905","10","What happens when the news is no longer free from bias?","QUOTED_OR_EMBEDDED (numbered definition (continuation))","Q_AUTHORED_CURRENT_POST","Q_BODY","PROSE","HIGH","","OLD_QUOTED_TO_NEW_Q_BODY","canonical post body, no embedded-source evidence","Directives|Questions|Claims|Codes|Emphasis|Entities|Themes"
"3905","11","What happens when the news is no longer reliable and independent?","QUOTED_OR_EMBEDDED (numbered definition (continuation))","Q_AUTHORED_CURRENT_POST","Q_BODY","PROSE","HIGH","","OLD_QUOTED_TO_NEW_Q_BODY","canonical post body, no embedded-source evidence","Directives|Questions|Claims|Codes|Emphasis|Entities|Themes"
"3905","12","What happens when the news is no longer trustworthy?","QUOTED_OR_EMBEDDED (numbered definition (continuation))","Q_AUTHORED_CURRENT_POST","Q_BODY","PROSE","HIGH","","OLD_QUOTED_TO_NEW_Q_BODY","canonical post body, no embedded-source evidence","Directives|Questions|Claims|Codes|Emphasis|Entities|Themes"
"3905","13","What happens when the news simply becomes an extension/arm of a political party?","QUOTED_OR_EMBEDDED (numbered definition (continuation))","Q_AUTHORED_CURRENT_POST","Q_BODY","PROSE","HIGH","","OLD_QUOTED_TO_NEW_Q_BODY","canonical post body, no embedded-source evidence","Directives|Questions|Claims|Codes|Emphasis|Entities|Themes"
"3905","49","When ‘non-dogmatic’ information becomes FREE & TRANSPARENT it becomes a threat to those who attempt to control the narrative and/or stable [livestock kept – sheep].","QUOTED_OR_EMBEDDED (sustained prose block — pasted or quoted passage)","Q_AUTHORED_CURRENT_POST","Q_BODY","PROSE","HIGH","","OLD_QUOTED_TO_NEW_Q_BODY","long sentence inside a drop whose dominant register is Q — prose shape alone is not a quotation","Directives|Questions|Claims|Codes|Emphasis|Entities|Themes"
"3905","50","When you are awake, you stand on the outside of the stable (‘group-think’ collective), and have ‘free thought’.","QUOTED_OR_EMBEDDED (sustained prose block — pasted or quoted passage)","Q_AUTHORED_CURRENT_POST","Q_BODY","PROSE","HIGH","","OLD_QUOTED_TO_NEW_Q_BODY","long sentence inside a drop whose dominant register is Q — prose shape alone is not a quotation","Directives|Questions|Claims|Codes|Emphasis|Entities|Themes"
"3905","51","""Free thought"" is a philosophical viewpoint which holds that positions regarding truth should be formed on the basis of logic, reason, and empiricism, rather than authority, tradition, revelation, or dogma.","QUOTED_OR_EMBEDDED (sustained prose block — pasted or quoted passage)","Q_AUTHORED_CURRENT_POST","Q_BODY","PROSE","HIGH","","OLD_QUOTED_TO_NEW_Q_BODY","long sentence inside a drop whose dominant register is Q — prose shape alone is not a quotation","Directives|Questions|Claims|Codes|Emphasis|Entities|Themes"
"3906","0",">Decide for yourself (be free from outside opinion).","QUOTED_OR_EMBEDDED (greentext excerpt)","Q_AUTHORED_CURRENT_POST","Q_BODY","PROSE","MEDIUM","","OLD_QUOTED_TO_NEW_Q_BODY","greentext arrow with no matching quoted source — Q's own bullet","Directives|Questions|Claims|Emphasis|Themes"
"3906","1",">Decide for yourself (be objective in your conclusions).","QUOTED_OR_EMBEDDED (greentext excerpt)","Q_AUTHORED_CURRENT_POST","Q_BODY","PROSE","MEDIUM","","OLD_QUOTED_TO_NEW_Q_BODY","greentext arrow with no matching quoted source — Q's own bullet","Directives|Questions|Claims|Emphasis|Themes"
"3906","2",">Decide for yourself (be true in your own beliefs).","QUOTED_OR_EMBEDDED (greentext excerpt)","Q_AUTHORED_CURRENT_POST","Q_BODY","PROSE","MEDIUM","","OLD_QUOTED_TO_NEW_Q_BODY","greentext arrow with no matching quoted source — Q's own bullet","Directives|Questions|Claims|Emphasis|Themes"
"3906","3",">Decide for yourself (be open to following the facts).","QUOTED_OR_EMBEDDED (greentext excerpt)","Q_AUTHORED_CURRENT_POST","Q_BODY","PROSE","MEDIUM","","OLD_QUOTED_TO_NEW_Q_BODY","greentext arrow with no matching quoted source — Q's own bullet","Directives|Questions|Claims|Emphasis|Themes"
"3906","4",">Decide for yourself (be strong in defending your beliefs).","QUOTED_OR_EMBEDDED (greentext excerpt)","Q_AUTHORED_CURRENT_POST","Q_BODY","PROSE","MEDIUM","","OLD_QUOTED_TO_NEW_Q_BODY","greentext arrow with no matching quoted source — Q's own bullet","Directives|Questions|Claims|Emphasis|Themes"
"3906","5",">Decide for yourself (be resistant to blindly accepting fact-less statements).","QUOTED_OR_EMBEDDED (greentext excerpt)","Q_AUTHORED_CURRENT_POST","Q_BODY","PROSE","MEDIUM","","OLD_QUOTED_TO_NEW_Q_BODY","greentext arrow with no matching quoted source — Q's own bullet","Directives|Questions|Claims|Emphasis|Themes"
"3906","14","The Great Awakening ('Freedom of Thought’), was designed and created not only as a backchannel to the public (away from the longstanding ‘mind’ control of the corrupt & heavily biased media) to endure future events through transparency and regeneration of individual thought (breaking the chains of ‘group-think’), but, more importantly, aid in the construction of a vehicle (a ‘ship’) that provides the scattered (‘free thinkers’) with a ‘starter’ new social-networking platform which allows for freedom of thought, expression, and patriotism or national pride (the feeling of love, devotion and sense of attachment to a homeland and alliance with other citizens who share the same sentiment).","QUOTED_OR_EMBEDDED (sustained prose block — pasted or quoted passage)","Q_AUTHORED_CURRENT_POST","Q_BODY","PROSE","HIGH","","OLD_QUOTED_TO_NEW_Q_BODY","long sentence inside a drop whose dominant register is Q — prose shape alone is not a quotation","Directives|Questions|Claims|Emphasis|Themes"
"3906","15","When ‘non-dogmatic’ information becomes FREE & TRANSPARENT it becomes a threat to those who attempt to control the narrative and/or the stable.","QUOTED_OR_EMBEDDED (sustained prose block — pasted or quoted passage)","Q_AUTHORED_CURRENT_POST","Q_BODY","PROSE","HIGH","","OLD_QUOTED_TO_NEW_Q_BODY","long sentence inside a drop whose dominant register is Q — prose shape alone is not a quotation","Directives|Questions|Claims|Emphasis|Themes"
"3906","16","When you are awake, you stand on the outside of the stable (‘group-think’ collective), and have ‘free thought’.","QUOTED_OR_EMBEDDED (sustained prose block — pasted or quoted passage)","Q_AUTHORED_CURRENT_POST","Q_BODY","PROSE","HIGH","","OLD_QUOTED_TO_NEW_Q_BODY","long sentence inside a drop whose dominant register is Q — prose shape alone is not a quotation","Directives|Questions|Claims|Emphasis|Themes"
"3906","17","""Free thought"" is a philosophical viewpoint which holds that positions regarding truth should be formed on the basis of logic, reason, and empiricism, rather than authority, tradition, revelation, or dogma.","QUOTED_OR_EMBEDDED (sustained prose block — pasted or quoted passage)","Q_AUTHORED_CURRENT_POST","Q_BODY","PROSE","HIGH","","OLD_QUOTED_TO_NEW_Q_BODY","long sentence inside a drop whose dominant register is Q — prose shape alone is not a quotation","Directives|Questions|Claims|Emphasis|Themes"
"3907","2","We are all bound by a feeling deep inside, a feeling that cannot be publicly expressed for fear of ridicule, a feeling that challenges the mainstream (narrative), against that which we are told to accept and dare not question, put simply, that people are being abused by those in power and time is running out.","QUOTED_OR_EMBEDDED (sustained prose block — pasted or quoted passage)","Q_AUTHORED_CURRENT_POST","Q_BODY","PROSE","HIGH","","OLD_QUOTED_TO_NEW_Q_BODY","long sentence inside a drop whose dominant register is Q — prose shape alone is not a quotation","Directives|Claims|Emphasis|Entities|Themes"
"3907","3","Remember the battles of Lexington and Concord - ""Give Me Liberty or Give Me Death!""","QUOTED_OR_EMBEDDED (sustained prose block — pasted or quoted passage)","Q_AUTHORED_CURRENT_POST","Q_BODY","PROSE","HIGH","","OLD_QUOTED_TO_NEW_Q_BODY","long sentence inside a drop whose dominant register is Q — prose shape alone is not a quotation","Directives|Claims|Emphasis|Entities|Themes"
"3907","4","For far too long we have been silent and allowed our bands of strength, that we once formed to defend FREEDOM and LIBERTY, to deteriorate.","QUOTED_OR_EMBEDDED (sustained prose block — pasted or quoted passage)","Q_AUTHORED_CURRENT_POST","Q_BODY","PROSE","HIGH","","OLD_QUOTED_TO_NEW_Q_BODY","long sentence inside a drop whose dominant register is Q — prose shape alone is not a quotation","Directives|Claims|Emphasis|Entities|Themes"
"3909","1","1. https://www.breitbart.com/politics/2020/04/06/gop-gears-up-for-next-relief-fight-democrats-want-the-federal-government-to-take-over-elections/","QUOTED_OR_EMBEDDED (numbered definition)","Q_AUTHORED_CURRENT_POST","Q_BODY","PROSE","HIGH","","OLD_QUOTED_TO_NEW_Q_BODY","canonical post body, no embedded-source evidence","Directives|Questions|Claims|Codes|Emphasis|Entities"
"3909","2","2. https://www.foxnews.com/opinion/coronavirus-elections-wisconsin-democrats-harmeet-dhillon","QUOTED_OR_EMBEDDED (numbered definition (continuation))","Q_AUTHORED_CURRENT_POST","Q_BODY","PROSE","HIGH","","OLD_QUOTED_TO_NEW_Q_BODY","canonical post body, no embedded-source evidence","Directives|Questions|Claims|Codes|Emphasis|Entities"
"3909","3","3. https://twitter.com/realDonaldTrump/status/1247861952736526336","QUOTED_OR_EMBEDDED (numbered definition (continuation))","Q_AUTHORED_CURRENT_POST","Q_BODY","PROSE","HIGH","","OLD_QUOTED_TO_NEW_Q_BODY","canonical post body, no embedded-source evidence","Directives|Questions|Claims|Codes|Emphasis|Entities"
"3909","4","Why did WHO make several strong recommendation NOT TO impose a travel ban?","QUOTED_OR_EMBEDDED (numbered definition (continuation))","Q_AUTHORED_CURRENT_POST","Q_BODY","PROSE","HIGH","","OLD_QUOTED_TO_NEW_Q_BODY","canonical post body, no embedded-source evidence","Directives|Questions|Claims|Codes|Emphasis|Entities"
"3909","5","Why did select [D] govs ban the use of hydroxychloroquine [key]?","QUOTED_OR_EMBEDDED (numbered definition (continuation))","Q_AUTHORED_CURRENT_POST","Q_BODY","PROSE","HIGH","","OLD_QUOTED_TO_NEW_Q_BODY","canonical post body, no embedded-source evidence","Directives|Questions|Claims|Codes|Emphasis|Entities"
"3909","6","Why does FAKE NEWS push anti-hydroxychloroquine [fear tactics re: use]?","QUOTED_OR_EMBEDDED (numbered definition (continuation))","Q_AUTHORED_CURRENT_POST","Q_BODY","PROSE","HIGH","","OLD_QUOTED_TO_NEW_Q_BODY","canonical post body, no embedded-source evidence","Directives|Questions|Claims|Codes|Emphasis|Entities"
"3909","7","Why was impeachment pushed through H fast? [did they count on R’s blocking new witnesses?]","QUOTED_OR_EMBEDDED (numbered definition (continuation))","Q_AUTHORED_CURRENT_POST","Q_BODY","PROSE","HIGH","","OLD_QUOTED_TO_NEW_Q_BODY","canonical post body, no embedded-source evidence","Directives|Questions|Claims|Codes|Emphasis|Entities"
"3909","8","Time sensitive?","QUOTED_OR_EMBEDDED (numbered definition (continuation))","Q_AUTHORED_CURRENT_POST","Q_BODY","PROSE","HIGH","","OLD_QUOTED_TO_NEW_Q_BODY","canonical post body, no embedded-source evidence","Directives|Questions|Claims|Codes|Emphasis|Entities"
"3909","9","Why?","QUOTED_OR_EMBEDDED (numbered definition (continuation))","Q_AUTHORED_CURRENT_POST","Q_BODY","PROSE","HIGH","","OLD_QUOTED_TO_NEW_Q_BODY","canonical post body, no embedded-source evidence","Directives|Questions|Claims|Codes|Emphasis|Entities"
"3909","10","When did [BIDEN] become the front runner?","QUOTED_OR_EMBEDDED (numbered definition (continuation))","Q_AUTHORED_CURRENT_POST","Q_BODY","PROSE","HIGH","","OLD_QUOTED_TO_NEW_Q_BODY","canonical post body, no embedded-source evidence","Directives|Questions|Claims|Codes|Emphasis|Entities"
"3909","11","Why was this critically important?","QUOTED_OR_EMBEDDED (numbered definition (continuation))","Q_AUTHORED_CURRENT_POST","Q_BODY","PROSE","HIGH","","OLD_QUOTED_TO_NEW_Q_BODY","canonical post body, no embedded-source evidence","Directives|Questions|Claims|Codes|Emphasis|Entities"
"3909","12","What happened directly after?","QUOTED_OR_EMBEDDED (numbered definition (continuation))","Q_AUTHORED_CURRENT_POST","Q_BODY","PROSE","HIGH","","OLD_QUOTED_TO_NEW_Q_BODY","canonical post body, no embedded-source evidence","Directives|Questions|Claims|Codes|Emphasis|Entities"
"3909","13","WHO BENEFITS THE MOST?","QUOTED_OR_EMBEDDED (numbered definition (continuation))","Q_AUTHORED_CURRENT_POST","Q_BODY","PROSE","HIGH","","OLD_QUOTED_TO_NEW_Q_BODY","canonical post body, no embedded-source evidence","Directives|Questions|Claims|Codes|Emphasis|Entities"
"3918","1","Difficult to imagine media [D party] attempting to squash all hope of a cure?","Q_AUTHORED_CURRENT_POST","QUOTED_OR_EMBEDDED","QUOTED_THIRD_PARTY","PROSE","HIGH","","OLD_Q_BODY_TO_NEW_QUOTED","pasted passage directly beneath a source link or pointer","Questions|Codes|Entities|Themes"
"3918","2","Difficult to imagine media [D party] wanting public to remain in fear [re COVID-19] up until the election?","Q_AUTHORED_CURRENT_POST","QUOTED_OR_EMBEDDED","QUOTED_THIRD_PARTY","PROSE","HIGH","","OLD_Q_BODY_TO_NEW_QUOTED","pasted passage directly beneath a source link or pointer","Questions|Codes|Entities|Themes"
"3918","3","Difficult to imagine media [D party] willing to sacrifice lives in order to regain power?","Q_AUTHORED_CURRENT_POST","QUOTED_OR_EMBEDDED","QUOTED_THIRD_PARTY","PROSE","HIGH","","OLD_Q_BODY_TO_NEW_QUOTED","pasted passage directly beneath a source link or pointer","Questions|Codes|Entities|Themes"
"392","0",">>128571","Q_AUTHORED_CURRENT_POST","QUOTED_OR_EMBEDDED","QUOTED_ANONYMOUS_POST","BOARD_POINTER","HIGH","","OLD_Q_BODY_TO_NEW_QUOTED","board back-reference pointer","Claims|Codes|Emphasis|Entities|Themes"
"3931","14","""Be on your guard; stand firm in the faith; be courageous; be strong.""","Q_AUTHORED_CURRENT_POST","QUOTED_OR_EMBEDDED","QUOTED_SCRIPTURE","PROSE","HIGH","","OLD_Q_BODY_TO_NEW_QUOTED","reproduced scripture","Claims|Codes|Emphasis|Entities|Themes"
"3932","0",">>8748876","Q_AUTHORED_CURRENT_POST","QUOTED_OR_EMBEDDED","QUOTED_ANONYMOUS_POST","BOARD_POINTER","HIGH","","OLD_Q_BODY_TO_NEW_QUOTED","board back-reference pointer","Questions|Codes|Emphasis|Entities|Themes"
"394","0",">>129558","Q_AUTHORED_CURRENT_POST","QUOTED_OR_EMBEDDED","QUOTED_ANONYMOUS_POST","BOARD_POINTER","HIGH","","OLD_Q_BODY_TO_NEW_QUOTED","board back-reference pointer","Directives|Claims|Entities|Themes"
"396","0",">>130030","Q_AUTHORED_CURRENT_POST","QUOTED_OR_EMBEDDED","QUOTED_PRIOR_Q_POST","BOARD_POINTER","HIGH","395","OLD_Q_BODY_TO_NEW_QUOTED","board back-reference pointer","Claims"
"3965","0",">>8802274","Q_AUTHORED_CURRENT_POST","QUOTED_OR_EMBEDDED","QUOTED_ANONYMOUS_POST","BOARD_POINTER","HIGH","","OLD_Q_BODY_TO_NEW_QUOTED","board back-reference pointer",""
"3966","0",">>8802315","Q_AUTHORED_CURRENT_POST","QUOTED_OR_EMBEDDED","QUOTED_ANONYMOUS_POST","BOARD_POINTER","HIGH","","OLD_Q_BODY_TO_NEW_QUOTED","board back-reference pointer","Directives|Claims|Codes|Emphasis|Entities|Themes"
"3967","0",">>8802404","Q_AUTHORED_CURRENT_POST","QUOTED_OR_EMBEDDED","QUOTED_ANONYMOUS_POST","BOARD_POINTER","HIGH","","OLD_Q_BODY_TO_NEW_QUOTED","board back-reference pointer","Claims|Themes"
"3968","0",">>8802424","Q_AUTHORED_CURRENT_POST","QUOTED_OR_EMBEDDED","QUOTED_ANONYMOUS_POST","BOARD_POINTER","HIGH","","OLD_Q_BODY_TO_NEW_QUOTED","board back-reference pointer","Questions|Codes|Entities"
"3969","0",">>8802592","Q_AUTHORED_CURRENT_POST","QUOTED_OR_EMBEDDED","QUOTED_ANONYMOUS_POST","BOARD_POINTER","HIGH","","OLD_Q_BODY_TO_NEW_QUOTED","board back-reference pointer","Questions|Claims|Entities"
"3970","0",">>8802632","Q_AUTHORED_CURRENT_POST","QUOTED_OR_EMBEDDED","QUOTED_ANONYMOUS_POST","BOARD_POINTER","HIGH","","OLD_Q_BODY_TO_NEW_QUOTED","board back-reference pointer","Directives|Claims|Emphasis|Entities"
"3986","0",">>8833079","Q_AUTHORED_CURRENT_POST","QUOTED_OR_EMBEDDED","QUOTED_ANONYMOUS_POST","BOARD_POINTER","HIGH","","OLD_Q_BODY_TO_NEW_QUOTED","board back-reference pointer","Entities|Themes"
"399","0",">>139380","Q_AUTHORED_CURRENT_POST","QUOTED_OR_EMBEDDED","QUOTED_ANONYMOUS_POST","BOARD_POINTER","HIGH","","OLD_Q_BODY_TO_NEW_QUOTED","board back-reference pointer","Directives|Claims|Themes"
"4","1","POTUS is 100% insulated - any discussion suggesting he’s even a target is false.","QUOTED_OR_EMBEDDED (sustained prose block — pasted or quoted passage)","Q_AUTHORED_CURRENT_POST","Q_BODY","PROSE","HIGH","","OLD_QUOTED_TO_NEW_Q_BODY","long sentence inside a drop whose dominant register is Q — prose shape alone is not a quotation","Directives|Questions|Claims|Entities|Themes"
"4","2","POTUS will not be addressing nation on any of these issues as people begin to be indicted and must remain neutral for pure optical reasons. To suggest this is the plan is false and should be common sense.","QUOTED_OR_EMBEDDED (sustained prose block — pasted or quoted passage)","Q_AUTHORED_CURRENT_POST","Q_BODY","PROSE","HIGH","","OLD_QUOTED_TO_NEW_Q_BODY","long sentence inside a drop whose dominant register is Q — prose shape alone is not a quotation","Directives|Questions|Claims|Entities|Themes"
"4","3","Focus on Military Intellingence/ State Secrets and why might that be used vs any three letter agency","QUOTED_OR_EMBEDDED (sustained prose block — pasted or quoted passage)","Q_AUTHORED_CURRENT_POST","Q_BODY","PROSE","HIGH","","OLD_QUOTED_TO_NEW_Q_BODY","long sentence inside a drop whose dominant register is Q — prose shape alone is not a quotation","Directives|Questions|Claims|Entities|Themes"
"4","6","Again, there are a lot more good people than bad so have faith. This was a hostile takeover from an evil corrupt network of players (not just Democrats).","QUOTED_OR_EMBEDDED (sustained prose block — pasted or quoted passage)","Q_AUTHORED_CURRENT_POST","Q_BODY","PROSE","HIGH","","OLD_QUOTED_TO_NEW_Q_BODY","long sentence inside a drop whose dominant register is Q — prose shape alone is not a quotation","Directives|Questions|Claims|Entities|Themes"
"4","7","Don’t fool yourself into thinking Obama, Soros, Roth’s, Clinton’s etc have more power present day than POTUS.","QUOTED_OR_EMBEDDED (sustained prose block — pasted or quoted passage)","Q_AUTHORED_CURRENT_POST","Q_BODY","PROSE","HIGH","","OLD_QUOTED_TO_NEW_Q_BODY","long sentence inside a drop whose dominant register is Q — prose shape alone is not a quotation","Directives|Questions|Claims|Entities|Themes"
"4005","0",">>8956829","Q_AUTHORED_CURRENT_POST","QUOTED_OR_EMBEDDED","QUOTED_ANONYMOUS_POST","BOARD_POINTER","HIGH","","OLD_Q_BODY_TO_NEW_QUOTED","board back-reference pointer","Directives"
"4008","3",">Irregular warfare is far more varied than conventional conflict: hence the importance of an intellectual framework that is coherent enough to provide guidance, and flexible enough to adapt to circumstances.","QUOTED_OR_EMBEDDED (greentext excerpt)","Q_AUTHORED_CURRENT_POST","Q_BODY","PROSE","MEDIUM","","OLD_QUOTED_TO_NEW_Q_BODY","greentext arrow with no matching quoted source — Q's own bullet","Directives|Questions|Claims|Codes|Entities|Themes"
"4008","4",">American counterinsurgency practice rests on a number of assumptions: that the decisive effort is rarely military (although security is the essential prerequisite for success); that our efforts must be directed to the creation of local and national governmental structures that will serve their populations, and, over time, replace the efforts of foreign partners; that superior knowledge, and in particular, understanding of the ‘human terrain’ is essential; and that we must have the patience to persevere in what will necessarily prove long struggles.","QUOTED_OR_EMBEDDED (greentext excerpt)","Q_AUTHORED_CURRENT_POST","Q_BODY","PROSE","MEDIUM","","OLD_QUOTED_TO_NEW_Q_BODY","greentext arrow with no matching quoted source — Q's own bullet","Directives|Questions|Claims|Codes|Entities|Themes"
"4008","5",">Insurgency, however, can and will flourish in the","QUOTED_OR_EMBEDDED (greentext excerpt)","Q_AUTHORED_CURRENT_POST","Q_BODY","PROSE","MEDIUM","","OLD_QUOTED_TO_NEW_Q_BODY","greentext arrow with no matching quoted source — Q's own bullet","Directives|Questions|Claims|Codes|Entities|Themes"
"4015","0",">>8976305","Q_AUTHORED_CURRENT_POST","QUOTED_OR_EMBEDDED","QUOTED_ANONYMOUS_POST","BOARD_POINTER","HIGH","","OLD_Q_BODY_TO_NEW_QUOTED","board back-reference pointer","Questions|Codes"
"4017","0",">>8976611","Q_AUTHORED_CURRENT_POST","QUOTED_OR_EMBEDDED","QUOTED_PRIOR_Q_POST","BOARD_POINTER","HIGH","4016","OLD_Q_BODY_TO_NEW_QUOTED","board back-reference pointer","Claims|Emphasis"
"4022","0",">>8978368","Q_AUTHORED_CURRENT_POST","QUOTED_OR_EMBEDDED","QUOTED_PRIOR_Q_POST","BOARD_POINTER","HIGH","4021","OLD_Q_BODY_TO_NEW_QUOTED","board back-reference pointer","Themes"
"4040","1",">11,356 COVID-19","QUOTED_OR_EMBEDDED (greentext excerpt)","Q_AUTHORED_CURRENT_POST","Q_BODY","PROSE","MEDIUM","","OLD_QUOTED_TO_NEW_Q_BODY","greentext arrow with no matching quoted source — Q's own bullet","Questions|Claims|Emphasis|Entities|Themes"
"4040","2",">54,217 Pneumonia, Influenza, OR COVID-19","QUOTED_OR_EMBEDDED (greentext excerpt)","Q_AUTHORED_CURRENT_POST","Q_BODY","PROSE","MEDIUM","","OLD_QUOTED_TO_NEW_Q_BODY","greentext arrow with no matching quoted source — Q's own bullet","Questions|Claims|Emphasis|Entities|Themes"
"405","0",">>139840","Q_AUTHORED_CURRENT_POST","QUOTED_OR_EMBEDDED","QUOTED_ANONYMOUS_POST","BOARD_POINTER","HIGH","","OLD_Q_BODY_TO_NEW_QUOTED","board back-reference pointer","Directives"
"4054","0",">>9001438","Q_AUTHORED_CURRENT_POST","QUOTED_OR_EMBEDDED","QUOTED_ANONYMOUS_POST","BOARD_POINTER","HIGH","","OLD_Q_BODY_TO_NEW_QUOTED","board back-reference pointer",""
"408","0",">>142639","Q_AUTHORED_CURRENT_POST","QUOTED_OR_EMBEDDED","QUOTED_PRIOR_Q_POST","BOARD_POINTER","HIGH","407","OLD_Q_BODY_TO_NEW_QUOTED","board back-reference pointer","Questions|Entities"
"4088","1","Why are [D] Govs around the Nation releasing convicted felons [dangerous] early?","Q_AUTHORED_CURRENT_POST","QUOTED_OR_EMBEDDED","QUOTED_THIRD_PARTY","PROSE","HIGH","","OLD_Q_BODY_TO_NEW_QUOTED","pasted passage directly beneath a source link or pointer","Directives|Questions|Codes|Entities|Themes"
"4088","2","Why are [D] Govs around the Nation instructing[ed] law enforcement to arrest those who [challenge] do not comply with lockdown order(s)?","Q_AUTHORED_CURRENT_POST","QUOTED_OR_EMBEDDED","QUOTED_THIRD_PARTY","PROSE","HIGH","","OLD_Q_BODY_TO_NEW_QUOTED","pasted passage directly beneath a source link or pointer","Directives|Questions|Codes|Entities|Themes"
"409","0",">>142811","Q_AUTHORED_CURRENT_POST","QUOTED_OR_EMBEDDED","QUOTED_ANONYMOUS_POST","BOARD_POINTER","HIGH","","OLD_Q_BODY_TO_NEW_QUOTED","board back-reference pointer","Directives|Claims|Themes"
"4094","0",">>9014676","Q_AUTHORED_CURRENT_POST","QUOTED_OR_EMBEDDED","QUOTED_ANONYMOUS_POST","BOARD_POINTER","HIGH","","OLD_Q_BODY_TO_NEW_QUOTED","board back-reference pointer","Questions|Entities|Themes"
"4107","0",">>9033602","Q_AUTHORED_CURRENT_POST","QUOTED_OR_EMBEDDED","QUOTED_ANONYMOUS_POST","BOARD_POINTER","HIGH","","OLD_Q_BODY_TO_NEW_QUOTED","board back-reference pointer",""
"4108","0",">>9033709","Q_AUTHORED_CURRENT_POST","QUOTED_OR_EMBEDDED","QUOTED_ANONYMOUS_POST","BOARD_POINTER","HIGH","","OLD_Q_BODY_TO_NEW_QUOTED","board back-reference pointer",""
"411","0",">>143007","Q_AUTHORED_CURRENT_POST","QUOTED_OR_EMBEDDED","QUOTED_PRIOR_Q_POST","BOARD_POINTER","HIGH","410","OLD_Q_BODY_TO_NEW_QUOTED","board back-reference pointer","Directives"
"4124","0",">>9052050","Q_AUTHORED_CURRENT_POST","QUOTED_OR_EMBEDDED","QUOTED_ANONYMOUS_POST","BOARD_POINTER","HIGH","","OLD_Q_BODY_TO_NEW_QUOTED","board back-reference pointer","Directives|Questions|Codes|Entities"
"414","0",">>143179","Q_AUTHORED_CURRENT_POST","QUOTED_OR_EMBEDDED","QUOTED_ANONYMOUS_POST","BOARD_POINTER","HIGH","","OLD_Q_BODY_TO_NEW_QUOTED","board back-reference pointer","Directives|Claims|Entities|Themes"
"4153","1",">no direct evidence?","QUOTED_OR_EMBEDDED (greentext excerpt)","Q_AUTHORED_CURRENT_POST","Q_BODY","PROSE","MEDIUM","","OLD_QUOTED_TO_NEW_Q_BODY","greentext arrow with no matching quoted source — Q's own bullet","Questions|Claims|Codes|Emphasis|Entities|Themes"
"4153","2",">manipulation of source?","QUOTED_OR_EMBEDDED (greentext excerpt)","Q_AUTHORED_CURRENT_POST","Q_BODY","PROSE","MEDIUM","","OLD_QUOTED_TO_NEW_Q_BODY","greentext arrow with no matching quoted source — Q's own bullet","Questions|Claims|Codes|Emphasis|Entities|Themes"
"4153","3",">comp-to-comp [transfer] speed [hack]?","QUOTED_OR_EMBEDDED (greentext excerpt)","Q_AUTHORED_CURRENT_POST","Q_BODY","PROSE","MEDIUM","","OLD_QUOTED_TO_NEW_Q_BODY","greentext arrow with no matching quoted source — Q's own bullet","Questions|Claims|Codes|Emphasis|Entities|Themes"
"4153","4",">internal DL [terminal 1] speed?","QUOTED_OR_EMBEDDED (greentext excerpt)","Q_AUTHORED_CURRENT_POST","Q_BODY","PROSE","MEDIUM","","OLD_QUOTED_TO_NEW_Q_BODY","greentext arrow with no matching quoted source — Q's own bullet","Questions|Claims|Codes|Emphasis|Entities|Themes"
"4153","5",">hand-to-hand transfer?","QUOTED_OR_EMBEDDED (greentext excerpt)","Q_AUTHORED_CURRENT_POST","Q_BODY","PROSE","MEDIUM","","OLD_QUOTED_TO_NEW_Q_BODY","greentext arrow with no matching quoted source — Q's own bullet","Questions|Claims|Codes|Emphasis|Entities|Themes"
"4153","6",">WL publish v SR 187?","QUOTED_OR_EMBEDDED (greentext excerpt)","Q_AUTHORED_CURRENT_POST","Q_BODY","PROSE","MEDIUM","","OLD_QUOTED_TO_NEW_Q_BODY","greentext arrow with no matching quoted source — Q's own bullet","Questions|Claims|Codes|Emphasis|Entities|Themes"
"4153","7",">MS13 [2] 187 geo-location?","QUOTED_OR_EMBEDDED (greentext excerpt)","Q_AUTHORED_CURRENT_POST","Q_BODY","PROSE","MEDIUM","","OLD_QUOTED_TO_NEW_Q_BODY","greentext arrow with no matching quoted source — Q's own bullet","Questions|Claims|Codes|Emphasis|Entities|Themes"
"4153","8",">MS13 [2] 187 date?","QUOTED_OR_EMBEDDED (greentext excerpt)","Q_AUTHORED_CURRENT_POST","Q_BODY","PROSE","MEDIUM","","OLD_QUOTED_TO_NEW_Q_BODY","greentext arrow with no matching quoted source — Q's own bullet","Questions|Claims|Codes|Emphasis|Entities|Themes"
"4153","9",">MS13 [2] case summary notes?","QUOTED_OR_EMBEDDED (greentext excerpt)","Q_AUTHORED_CURRENT_POST","Q_BODY","PROSE","MEDIUM","","OLD_QUOTED_TO_NEW_Q_BODY","greentext arrow with no matching quoted source — Q's own bullet","Questions|Claims|Codes|Emphasis|Entities|Themes"
"4162","5","""We identified numerous FBI employees at all levels of the organization and with no official reason to be in contact with the media, who were nevertheless in frequent contact with reporters. Some of those media contacts were social in nature too, including drinks and meals after work, going to sporting events and playing golf.""","Q_AUTHORED_CURRENT_POST","QUOTED_OR_EMBEDDED","QUOTED_THIRD_PARTY","PROSE","HIGH","","OLD_Q_BODY_TO_NEW_QUOTED","self-contained quotation: one line opening and closing on quotation marks, paragraph length","Directives|Questions|Claims|Codes|Emphasis|Entities|Themes"
"4163","1",">A.Cooper [CNN]","QUOTED_OR_EMBEDDED (greentext excerpt)","Q_AUTHORED_CURRENT_POST","Q_BODY","PROSE","MEDIUM","","OLD_QUOTED_TO_NEW_Q_BODY","greentext arrow with no matching quoted source — Q's own bullet","Questions|Codes|Entities|Themes"
"4163","2",">","QUOTED_OR_EMBEDDED (greentext excerpt)","Q_AUTHORED_CURRENT_POST","Q_BODY","PROSE","HIGH","","OLD_QUOTED_TO_NEW_Q_BODY","canonical post body, no embedded-source evidence","Questions|Codes|Entities|Themes"
"4163","3",">","QUOTED_OR_EMBEDDED (greentext excerpt)","Q_AUTHORED_CURRENT_POST","Q_BODY","PROSE","HIGH","","OLD_QUOTED_TO_NEW_Q_BODY","canonical post body, no embedded-source evidence","Questions|Codes|Entities|Themes"
"4163","4",">","QUOTED_OR_EMBEDDED (greentext excerpt)","Q_AUTHORED_CURRENT_POST","Q_BODY","PROSE","HIGH","","OLD_QUOTED_TO_NEW_Q_BODY","canonical post body, no embedded-source evidence","Questions|Codes|Entities|Themes"
"4163","5",">","QUOTED_OR_EMBEDDED (greentext excerpt)","Q_AUTHORED_CURRENT_POST","Q_BODY","PROSE","HIGH","","OLD_QUOTED_TO_NEW_Q_BODY","canonical post body, no embedded-source evidence","Questions|Codes|Entities|Themes"
"4163","6",">","QUOTED_OR_EMBEDDED (greentext excerpt)","Q_AUTHORED_CURRENT_POST","Q_BODY","PROSE","HIGH","","OLD_QUOTED_TO_NEW_Q_BODY","canonical post body, no embedded-source evidence","Questions|Codes|Entities|Themes"
"4163","7",">","QUOTED_OR_EMBEDDED (greentext excerpt)","Q_AUTHORED_CURRENT_POST","Q_BODY","PROSE","HIGH","","OLD_QUOTED_TO_NEW_Q_BODY","canonical post body, no embedded-source evidence","Questions|Codes|Entities|Themes"
"4163","8",">","QUOTED_OR_EMBEDDED (greentext excerpt)","Q_AUTHORED_CURRENT_POST","Q_BODY","PROSE","HIGH","","OLD_QUOTED_TO_NEW_Q_BODY","canonical post body, no embedded-source evidence","Questions|Codes|Entities|Themes"
"4163","9",">","QUOTED_OR_EMBEDDED (greentext excerpt)","Q_AUTHORED_CURRENT_POST","Q_BODY","PROSE","HIGH","","OLD_QUOTED_TO_NEW_Q_BODY","canonical post body, no embedded-source evidence","Questions|Codes|Entities|Themes"
"4163","10",">","QUOTED_OR_EMBEDDED (greentext excerpt)","Q_AUTHORED_CURRENT_POST","Q_BODY","PROSE","HIGH","","OLD_QUOTED_TO_NEW_Q_BODY","canonical post body, no embedded-source evidence","Questions|Codes|Entities|Themes"
"4163","11",">","QUOTED_OR_EMBEDDED (greentext excerpt)","Q_AUTHORED_CURRENT_POST","Q_BODY","PROSE","HIGH","","OLD_QUOTED_TO_NEW_Q_BODY","canonical post body, no embedded-source evidence","Questions|Codes|Entities|Themes"
"4163","12",">","QUOTED_OR_EMBEDDED (greentext excerpt)","Q_AUTHORED_CURRENT_POST","Q_BODY","PROSE","HIGH","","OLD_QUOTED_TO_NEW_Q_BODY","canonical post body, no embedded-source evidence","Questions|Codes|Entities|Themes"
"4172","3",">Historic trade deal w/ China signed","QUOTED_OR_EMBEDDED (greentext excerpt)","Q_AUTHORED_CURRENT_POST","Q_BODY","PROSE","MEDIUM","","OLD_QUOTED_TO_NEW_Q_BODY","greentext arrow with no matching quoted source — Q's own bullet","Questions|Claims|Codes|Entities"
"4172","5",">[Held][Timed] impeachment articles are delivered to Senate","QUOTED_OR_EMBEDDED (greentext excerpt)","Q_AUTHORED_CURRENT_POST","Q_BODY","PROSE","MEDIUM","","OLD_QUOTED_TO_NEW_Q_BODY","greentext arrow with no matching quoted source — Q's own bullet","Questions|Claims|Codes|Entities"
"4172","6",">FIRST case of COVID-19 lands in UNITED STATES [Seattle-Tacoma International Airport]","QUOTED_OR_EMBEDDED (greentext excerpt)","Q_AUTHORED_CURRENT_POST","Q_BODY","PROSE","MEDIUM","","OLD_QUOTED_TO_NEW_Q_BODY","greentext arrow with no matching quoted source — Q's own bullet","Questions|Claims|Codes|Entities"
"4178","0",">>9096199 (/pb)","Q_AUTHORED_CURRENT_POST","QUOTED_OR_EMBEDDED","QUOTED_ANONYMOUS_POST","BOARD_POINTER","HIGH","","OLD_Q_BODY_TO_NEW_QUOTED","board back-reference pointer","Claims|Codes"
"419","0",">>145408","Q_AUTHORED_CURRENT_POST","QUOTED_OR_EMBEDDED","QUOTED_PRIOR_Q_POST","BOARD_POINTER","HIGH","418","OLD_Q_BODY_TO_NEW_QUOTED","board back-reference pointer","Claims"
"4199","0",">>9111644 (/pb)","Q_AUTHORED_CURRENT_POST","QUOTED_OR_EMBEDDED","QUOTED_ANONYMOUS_POST","BOARD_POINTER","HIGH","","OLD_Q_BODY_TO_NEW_QUOTED","board back-reference pointer","Themes"
"4200","0",">>9112253","Q_AUTHORED_CURRENT_POST","QUOTED_OR_EMBEDDED","QUOTED_ANONYMOUS_POST","BOARD_POINTER","HIGH","","OLD_Q_BODY_TO_NEW_QUOTED","board back-reference pointer","Questions"
"4204","0",">>9123835","Q_AUTHORED_CURRENT_POST","QUOTED_OR_EMBEDDED","QUOTED_ANONYMOUS_POST","BOARD_POINTER","HIGH","","OLD_Q_BODY_TO_NEW_QUOTED","board back-reference pointer","Emphasis"
"4210","0",">>9129266","Q_AUTHORED_CURRENT_POST","QUOTED_OR_EMBEDDED","QUOTED_ANONYMOUS_POST","BOARD_POINTER","HIGH","","OLD_Q_BODY_TO_NEW_QUOTED","board back-reference pointer","Claims"
"4211","0",">>9129511","Q_AUTHORED_CURRENT_POST","QUOTED_OR_EMBEDDED","QUOTED_ANONYMOUS_POST","BOARD_POINTER","HIGH","","OLD_Q_BODY_TO_NEW_QUOTED","board back-reference pointer","Questions|Claims"
"4212","0",">>9129604","Q_AUTHORED_CURRENT_POST","QUOTED_OR_EMBEDDED","QUOTED_ANONYMOUS_POST","BOARD_POINTER","HIGH","","OLD_Q_BODY_TO_NEW_QUOTED","board back-reference pointer","Directives|Questions"
"4213","0",">>9132268","Q_AUTHORED_CURRENT_POST","QUOTED_OR_EMBEDDED","QUOTED_ANONYMOUS_POST","BOARD_POINTER","HIGH","","OLD_Q_BODY_TO_NEW_QUOTED","board back-reference pointer","Directives|Entities|Themes"
"4214","0",">>9132373","Q_AUTHORED_CURRENT_POST","QUOTED_OR_EMBEDDED","QUOTED_ANONYMOUS_POST","BOARD_POINTER","HIGH","","OLD_Q_BODY_TO_NEW_QUOTED","board back-reference pointer",""
"4224","0",">>9145804","Q_AUTHORED_CURRENT_POST","QUOTED_OR_EMBEDDED","QUOTED_ANONYMOUS_POST","BOARD_POINTER","HIGH","","OLD_Q_BODY_TO_NEW_QUOTED","board back-reference pointer","Questions|Claims|Entities|Themes"
"4229","0",">>9156649","Q_AUTHORED_CURRENT_POST","QUOTED_OR_EMBEDDED","QUOTED_ANONYMOUS_POST","BOARD_POINTER","HIGH","","OLD_Q_BODY_TO_NEW_QUOTED","board back-reference pointer","Claims|Codes|Emphasis|Entities|Themes"
"4230","0",">>9157248","Q_AUTHORED_CURRENT_POST","QUOTED_OR_EMBEDDED","QUOTED_ANONYMOUS_POST","BOARD_POINTER","HIGH","","OLD_Q_BODY_TO_NEW_QUOTED","board back-reference pointer","Claims"
"4232","0",">>9158507","Q_AUTHORED_CURRENT_POST","QUOTED_OR_EMBEDDED","QUOTED_ANONYMOUS_POST","BOARD_POINTER","HIGH","","OLD_Q_BODY_TO_NEW_QUOTED","board back-reference pointer","Directives|Questions|Codes|Entities|Themes"
"4235","1","They [knowingly] unmasked [attached names to] AFTER POTUS won the election of 2016.","QUOTED_OR_EMBEDDED (sustained prose block — pasted or quoted passage)","Q_AUTHORED_CURRENT_POST","Q_BODY","PROSE","HIGH","","OLD_QUOTED_TO_NEW_Q_BODY","long sentence inside a drop whose dominant register is Q — prose shape alone is not a quotation","Questions|Claims|Codes|Emphasis|Entities"
"4235","2","They thought they could prevent the exposure of this information and remain protected.","QUOTED_OR_EMBEDDED (sustained prose block — pasted or quoted passage)","Q_AUTHORED_CURRENT_POST","Q_BODY","PROSE","HIGH","","OLD_QUOTED_TO_NEW_Q_BODY","long sentence inside a drop whose dominant register is Q — prose shape alone is not a quotation","Questions|Claims|Codes|Emphasis|Entities"
"4239","2",">Mail-in-Ballot push [Election]","QUOTED_OR_EMBEDDED (greentext excerpt)","Q_AUTHORED_CURRENT_POST","Q_BODY","PROSE","MEDIUM","","OLD_QUOTED_TO_NEW_Q_BODY","greentext arrow with no matching quoted source — Q's own bullet","Questions|Codes"
"4239","3",">[D] State bailout(s) push","QUOTED_OR_EMBEDDED (greentext excerpt)","Q_AUTHORED_CURRENT_POST","Q_BODY","PROSE","MEDIUM","","OLD_QUOTED_TO_NEW_Q_BODY","greentext arrow with no matching quoted source — Q's own bullet","Questions|Codes"
"4239","4",">Refusal to testify re: fear of COVID-19","QUOTED_OR_EMBEDDED (greentext excerpt)","Q_AUTHORED_CURRENT_POST","Q_BODY","PROSE","MEDIUM","","OLD_QUOTED_TO_NEW_Q_BODY","greentext arrow with no matching quoted source — Q's own bullet","Questions|Codes"
"4241","0",">>9170717","Q_AUTHORED_CURRENT_POST","QUOTED_OR_EMBEDDED","QUOTED_ANONYMOUS_POST","BOARD_POINTER","HIGH","","OLD_Q_BODY_TO_NEW_QUOTED","board back-reference pointer","Directives|Questions|Entities"
"425","0",">>145983","Q_AUTHORED_CURRENT_POST","QUOTED_OR_EMBEDDED","QUOTED_ANONYMOUS_POST","BOARD_POINTER","HIGH","","OLD_Q_BODY_TO_NEW_QUOTED","board back-reference pointer","Directives|Questions|Entities"
"427","0",">>146134","Q_AUTHORED_CURRENT_POST","QUOTED_OR_EMBEDDED","QUOTED_ANONYMOUS_POST","BOARD_POINTER","HIGH","","OLD_Q_BODY_TO_NEW_QUOTED","board back-reference pointer","Questions"
"428","0",">>146142","Q_AUTHORED_CURRENT_POST","QUOTED_OR_EMBEDDED","QUOTED_ANONYMOUS_POST","BOARD_POINTER","HIGH","","OLD_Q_BODY_TO_NEW_QUOTED","board back-reference pointer","Questions|Entities|Themes"
"4289","0",">>9241646 (/pb)","Q_AUTHORED_CURRENT_POST","QUOTED_OR_EMBEDDED","QUOTED_ANONYMOUS_POST","BOARD_POINTER","HIGH","","OLD_Q_BODY_TO_NEW_QUOTED","board back-reference pointer",""
"429","0",">>146206","Q_AUTHORED_CURRENT_POST","QUOTED_OR_EMBEDDED","QUOTED_ANONYMOUS_POST","BOARD_POINTER","HIGH","","OLD_Q_BODY_TO_NEW_QUOTED","board back-reference pointer","Directives|Questions"
"4298","1","Ask and you shall receive.","Q_AUTHORED_CURRENT_POST","QUOTED_OR_EMBEDDED","QUOTED_SCRIPTURE","PROSE","HIGH","","OLD_Q_BODY_TO_NEW_QUOTED","reproduced scripture","Directives|Questions|Entities|Themes"
"430","0",">>146326","Q_AUTHORED_CURRENT_POST","QUOTED_OR_EMBEDDED","QUOTED_ANONYMOUS_POST","BOARD_POINTER","HIGH","","OLD_Q_BODY_TO_NEW_QUOTED","board back-reference pointer","Directives|Questions|Emphasis|Entities|Themes"
"4310","1","“From a national security perspective, Comey said he does have some concerns that incoming NSA Flynn is speaking frequently with Russian Ambassador Kislyak. Comey said that could be an issue as it relates to sharing sensitive information. President Obama asked if Comey was saying that the NSC should not pass sensitive information related to Russia to Flynn. Comey replied ‘potentially.’""","Q_AUTHORED_CURRENT_POST","QUOTED_OR_EMBEDDED","QUOTED_THIRD_PARTY","PROSE","HIGH","","OLD_Q_BODY_TO_NEW_QUOTED","self-contained quotation: one line opening and closing on quotation marks, paragraph length","Questions|Claims|Codes|Emphasis|Entities|Themes"
"4310","12","“The heads of the Pentagon and the nation’s intelligence community have recommended to President Obama that the director of the National Security Agency, Adm. Michael S. Rogers, be removed.The recommendation, delivered to the White House last month, was made by Defense Secretary Ashton B. Carter and Director of National Intelligence James R. Clapper Jr., according to several U.S. officials familiar with the matter.”","Q_AUTHORED_CURRENT_POST","QUOTED_OR_EMBEDDED","QUOTED_THIRD_PARTY","PROSE","HIGH","","OLD_Q_BODY_TO_NEW_QUOTED","self-contained quotation: one line opening and closing on quotation marks, paragraph length","Questions|Claims|Codes|Emphasis|Entities|Themes"
"432","0",">>148634","Q_AUTHORED_CURRENT_POST","QUOTED_OR_EMBEDDED","QUOTED_ANONYMOUS_POST","BOARD_POINTER","HIGH","","OLD_Q_BODY_TO_NEW_QUOTED","board back-reference pointer","Entities"
"4320","0",">>9303076","Q_AUTHORED_CURRENT_POST","QUOTED_OR_EMBEDDED","QUOTED_ANONYMOUS_POST","BOARD_POINTER","HIGH","","OLD_Q_BODY_TO_NEW_QUOTED","board back-reference pointer","Directives|Questions|Claims|Codes|Emphasis|Entities|Themes"
"4321","0",">>9303218","Q_AUTHORED_CURRENT_POST","QUOTED_OR_EMBEDDED","QUOTED_ANONYMOUS_POST","BOARD_POINTER","HIGH","","OLD_Q_BODY_TO_NEW_QUOTED","board back-reference pointer","Claims|Codes|Emphasis"
"4322","0",">>9303304","Q_AUTHORED_CURRENT_POST","QUOTED_OR_EMBEDDED","QUOTED_ANONYMOUS_POST","BOARD_POINTER","HIGH","","OLD_Q_BODY_TO_NEW_QUOTED","board back-reference pointer","Emphasis"
"4326","0",">>9326622","Q_AUTHORED_CURRENT_POST","QUOTED_OR_EMBEDDED","QUOTED_ANONYMOUS_POST","BOARD_POINTER","HIGH","","OLD_Q_BODY_TO_NEW_QUOTED","board back-reference pointer",""
"433","0",">>148729","Q_AUTHORED_CURRENT_POST","QUOTED_OR_EMBEDDED","QUOTED_ANONYMOUS_POST","BOARD_POINTER","HIGH","","OLD_Q_BODY_TO_NEW_QUOTED","board back-reference pointer","Directives|Entities"
"4332","0",">>9332438","Q_AUTHORED_CURRENT_POST","QUOTED_OR_EMBEDDED","QUOTED_ANONYMOUS_POST","BOARD_POINTER","HIGH","","OLD_Q_BODY_TO_NEW_QUOTED","board back-reference pointer",""
"434","0",">>148751","Q_AUTHORED_CURRENT_POST","QUOTED_OR_EMBEDDED","QUOTED_ANONYMOUS_POST","BOARD_POINTER","HIGH","","OLD_Q_BODY_TO_NEW_QUOTED","board back-reference pointer","Directives|Claims|Emphasis|Entities|Themes"
"4353","0",">>9378157","Q_AUTHORED_CURRENT_POST","QUOTED_OR_EMBEDDED","QUOTED_PRIOR_Q_POST","BOARD_POINTER","HIGH","4352","OLD_Q_BODY_TO_NEW_QUOTED","board back-reference pointer","Codes"
"4362","0",">>9394869","Q_AUTHORED_CURRENT_POST","QUOTED_OR_EMBEDDED","QUOTED_ANONYMOUS_POST","BOARD_POINTER","HIGH","","OLD_Q_BODY_TO_NEW_QUOTED","board back-reference pointer",""
"4364","0",">>9395159","Q_AUTHORED_CURRENT_POST","QUOTED_OR_EMBEDDED","QUOTED_ANONYMOUS_POST","BOARD_POINTER","HIGH","","OLD_Q_BODY_TO_NEW_QUOTED","board back-reference pointer",""
"4367","0",">>9398276","Q_AUTHORED_CURRENT_POST","QUOTED_OR_EMBEDDED","QUOTED_ANONYMOUS_POST","BOARD_POINTER","HIGH","","OLD_Q_BODY_TO_NEW_QUOTED","board back-reference pointer","Claims"
"437","0",">>154006","Q_AUTHORED_CURRENT_POST","QUOTED_OR_EMBEDDED","QUOTED_ANONYMOUS_POST","BOARD_POINTER","HIGH","","OLD_Q_BODY_TO_NEW_QUOTED","board back-reference pointer","Questions|Claims|Codes|Emphasis|Entities|Themes"
"4374","0","Be strong in the Lord.","Q_AUTHORED_CURRENT_POST","QUOTED_OR_EMBEDDED","QUOTED_SCRIPTURE","PROSE","HIGH","","OLD_Q_BODY_TO_NEW_QUOTED","reproduced scripture","Directives|Themes"
"4380","0",">>9412961","Q_AUTHORED_CURRENT_POST","QUOTED_OR_EMBEDDED","QUOTED_ANONYMOUS_POST","BOARD_POINTER","HIGH","","OLD_Q_BODY_TO_NEW_QUOTED","board back-reference pointer","Questions|Claims|Codes|Entities|Themes"
"4383","0",">>9414006","Q_AUTHORED_CURRENT_POST","QUOTED_OR_EMBEDDED","QUOTED_ANONYMOUS_POST","BOARD_POINTER","HIGH","","OLD_Q_BODY_TO_NEW_QUOTED","board back-reference pointer","Claims|Codes|Emphasis|Themes"
"4385","3","""Intelligence sources pointed out that indictments have been building for some time, and a close examination of funding revenues remains under the microscope. While Antifa operates as something of a leaderless militant wing, sources closely engaged in the matter said that there are identifiable top brass driving and inciting criminal activity.""","Q_AUTHORED_CURRENT_POST","QUOTED_OR_EMBEDDED","QUOTED_THIRD_PARTY","PROSE","HIGH","","OLD_Q_BODY_TO_NEW_QUOTED","self-contained quotation: one line opening and closing on quotation marks, paragraph length","Questions|Claims|Entities|Themes"
"439","0",">>154372","Q_AUTHORED_CURRENT_POST","QUOTED_OR_EMBEDDED","QUOTED_ANONYMOUS_POST","BOARD_POINTER","HIGH","","OLD_Q_BODY_TO_NEW_QUOTED","board back-reference pointer","Questions|Claims|Codes"
"4390","0","Proverbs 13:9","Q_AUTHORED_CURRENT_POST","QUOTED_OR_EMBEDDED","QUOTED_SCRIPTURE","PROSE","HIGH","","OLD_Q_BODY_TO_NEW_QUOTED","reproduced scripture","Claims|Themes"
"4395","4","""Intelligence sources pointed out that indictments have been building for some time, and a close examination of funding revenues remains under the microscope. While Antifa operates as something of a leaderless militant wing, sources closely engaged in the matter said that there are identifiable top brass driving and inciting criminal activity.""","Q_AUTHORED_CURRENT_POST","QUOTED_OR_EMBEDDED","QUOTED_THIRD_PARTY","PROSE","HIGH","","OLD_Q_BODY_TO_NEW_QUOTED","self-contained quotation: one line opening and closing on quotation marks, paragraph length","Directives|Questions|Claims|Entities|Themes"
"4397","18","Be Strong in the Lord.","Q_AUTHORED_CURRENT_POST","QUOTED_OR_EMBEDDED","QUOTED_SCRIPTURE","PROSE","HIGH","","OLD_Q_BODY_TO_NEW_QUOTED","reproduced scripture","Directives|Claims|Codes|Emphasis|Entities|Themes"
"440","0",">>154429","Q_AUTHORED_CURRENT_POST","QUOTED_OR_EMBEDDED","QUOTED_ANONYMOUS_POST","BOARD_POINTER","HIGH","","OLD_Q_BODY_TO_NEW_QUOTED","board back-reference pointer","Directives|Questions"
"4408","1","The Enlightenment is often associated with its political revolutions and ideals, especially the French Revolution of 1789. The energy created and expressed by the intellectual foment of Enlightenment thinkers contributes to the growing wave of social unrest in France in the eighteenth century. The social unrest comes to a head in the violent political upheaval which sweeps away the traditionally and hierarchically structured ancien régime (the monarchy, the privileges of the nobility, the political power of the Catholic Church). The French revolutionaries meant to establish in place of the ancien régime a new reason-based order instituting the Enlightenment ideals of liberty and equality.","Q_AUTHORED_CURRENT_POST","QUOTED_OR_EMBEDDED","QUOTED_THIRD_PARTY","PROSE","HIGH","","OLD_Q_BODY_TO_NEW_QUOTED","pasted passage directly beneath a source link or pointer","Claims|Entities|Themes"
"4408","2","…enlightenment with the process of undertaking to think for oneself, to employ and rely on one’s own intellectual capacities in determining what to believe and how to act.","Q_AUTHORED_CURRENT_POST","QUOTED_OR_EMBEDDED","QUOTED_THIRD_PARTY","PROSE","HIGH","","OLD_Q_BODY_TO_NEW_QUOTED","pasted passage directly beneath a source link or pointer","Claims|Entities|Themes"
"441","0",">>154477","Q_AUTHORED_CURRENT_POST","QUOTED_OR_EMBEDDED","QUOTED_ANONYMOUS_POST","BOARD_POINTER","HIGH","","OLD_Q_BODY_TO_NEW_QUOTED","board back-reference pointer","Codes"
"4413","3","Those loyal to the Office of the President and the will of the people.","QUOTED_OR_EMBEDDED (sustained prose block — pasted or quoted passage)","Q_AUTHORED_CURRENT_POST","Q_BODY","PROSE","HIGH","","OLD_QUOTED_TO_NEW_Q_BODY","long sentence inside a drop whose dominant register is Q — prose shape alone is not a quotation","Entities|Themes"
"4413","4","Those who swore an oath to protect and defend against all enemies foreign and domestic.","QUOTED_OR_EMBEDDED (sustained prose block — pasted or quoted passage)","Q_AUTHORED_CURRENT_POST","Q_BODY","PROSE","HIGH","","OLD_QUOTED_TO_NEW_Q_BODY","long sentence inside a drop whose dominant register is Q — prose shape alone is not a quotation","Entities|Themes"
"4419","0",">>9478621","Q_AUTHORED_CURRENT_POST","QUOTED_OR_EMBEDDED","QUOTED_ANONYMOUS_POST","BOARD_POINTER","HIGH","","OLD_Q_BODY_TO_NEW_QUOTED","board back-reference pointer","Directives"
"442","0",">>154493","Q_AUTHORED_CURRENT_POST","QUOTED_OR_EMBEDDED","QUOTED_ANONYMOUS_POST","BOARD_POINTER","HIGH","","OLD_Q_BODY_TO_NEW_QUOTED","board back-reference pointer","Claims|Emphasis"
"4423","0",">>9487886","Q_AUTHORED_CURRENT_POST","QUOTED_OR_EMBEDDED","QUOTED_ANONYMOUS_POST","BOARD_POINTER","HIGH","","OLD_Q_BODY_TO_NEW_QUOTED","board back-reference pointer","Directives|Questions|Themes"
"443","0",">>154644","Q_AUTHORED_CURRENT_POST","QUOTED_OR_EMBEDDED","QUOTED_ANONYMOUS_POST","BOARD_POINTER","HIGH","","OLD_Q_BODY_TO_NEW_QUOTED","board back-reference pointer","Directives|Questions|Claims|Entities|Themes"
"4437","0",">>9511175","Q_AUTHORED_CURRENT_POST","QUOTED_OR_EMBEDDED","QUOTED_ANONYMOUS_POST","BOARD_POINTER","HIGH","","OLD_Q_BODY_TO_NEW_QUOTED","board back-reference pointer","Directives|Claims|Codes|Emphasis"
"4457","0",">>9575226","Q_AUTHORED_CURRENT_POST","QUOTED_OR_EMBEDDED","QUOTED_ANONYMOUS_POST","BOARD_POINTER","HIGH","","OLD_Q_BODY_TO_NEW_QUOTED","board back-reference pointer","Questions|Claims|Codes|Entities|Themes"
"4461","0","Only when evil is forced into the light can we defeat it.","QUOTED_OR_EMBEDDED (sustained prose block — pasted or quoted passage)","Q_AUTHORED_CURRENT_POST","Q_BODY","PROSE","HIGH","","OLD_QUOTED_TO_NEW_Q_BODY","long sentence inside a drop whose dominant register is Q — prose shape alone is not a quotation","Directives|Claims|Codes|Entities|Themes"
"4461","1","Only when they can no longer operate in the [shadows] can people see the truth for themselves.","QUOTED_OR_EMBEDDED (sustained prose block — pasted or quoted passage)","Q_AUTHORED_CURRENT_POST","Q_BODY","PROSE","HIGH","","OLD_QUOTED_TO_NEW_Q_BODY","long sentence inside a drop whose dominant register is Q — prose shape alone is not a quotation","Directives|Claims|Codes|Entities|Themes"
"4461","2","Only when people see the truth [for themselves] will people understand the true nature of their deception.","QUOTED_OR_EMBEDDED (sustained prose block — pasted or quoted passage)","Q_AUTHORED_CURRENT_POST","Q_BODY","PROSE","HIGH","","OLD_QUOTED_TO_NEW_Q_BODY","long sentence inside a drop whose dominant register is Q — prose shape alone is not a quotation","Directives|Claims|Codes|Entities|Themes"
"4469","4","It was considered a great honor to be chosen to carry the flag in battle.","QUOTED_OR_EMBEDDED (sustained prose block — pasted or quoted passage)","Q_AUTHORED_CURRENT_POST","Q_BODY","PROSE","HIGH","","OLD_QUOTED_TO_NEW_Q_BODY","long sentence inside a drop whose dominant register is Q — prose shape alone is not a quotation","Claims|Codes|Emphasis|Entities|Themes"
"4469","5","The Soldier was unarmed and knew they would most certainly die (as did most who fought), but understood that the fight, that their lives, was worth the cost (self-sacrifice).","QUOTED_OR_EMBEDDED (sustained prose block — pasted or quoted passage)","Q_AUTHORED_CURRENT_POST","Q_BODY","PROSE","HIGH","","OLD_QUOTED_TO_NEW_Q_BODY","long sentence inside a drop whose dominant register is Q — prose shape alone is not a quotation","Claims|Codes|Emphasis|Entities|Themes"
"4469","7","To them, the flag represented a symbol of freedom, of hope, of equality and prosperity.","QUOTED_OR_EMBEDDED (sustained prose block — pasted or quoted passage)","Q_AUTHORED_CURRENT_POST","Q_BODY","PROSE","HIGH","","OLD_QUOTED_TO_NEW_Q_BODY","long sentence inside a drop whose dominant register is Q — prose shape alone is not a quotation","Claims|Codes|Emphasis|Entities|Themes"
"4469","8","To disrespect the flag, to kneel, is to disrespect those people who fought and died to provide each and every one of us the rights we are afforded today.","QUOTED_OR_EMBEDDED (sustained prose block — pasted or quoted passage)","Q_AUTHORED_CURRENT_POST","Q_BODY","PROSE","HIGH","","OLD_QUOTED_TO_NEW_Q_BODY","long sentence inside a drop whose dominant register is Q — prose shape alone is not a quotation","Claims|Codes|Emphasis|Entities|Themes"
"4469","9","Old Glory knows not what color skin carries her - only that for which it stands - one Nation under God, indivisible, with Liberty and JUSTICE FOR ALL.","QUOTED_OR_EMBEDDED (sustained prose block — pasted or quoted passage)","Q_AUTHORED_CURRENT_POST","Q_BODY","PROSE","HIGH","","OLD_QUOTED_TO_NEW_Q_BODY","long sentence inside a drop whose dominant register is Q — prose shape alone is not a quotation","Claims|Codes|Emphasis|Entities|Themes"
"4476","6","“To that extent it is fair to say that these pictures played their part in disguising the true character of the war led by the Germans.”","Q_AUTHORED_CURRENT_POST","QUOTED_OR_EMBEDDED","QUOTED_THIRD_PARTY","PROSE","HIGH","","OLD_Q_BODY_TO_NEW_QUOTED","self-contained quotation: one line opening and closing on quotation marks, paragraph length","Directives|Questions|Claims|Codes|Entities|Themes"
"448","0",">>158096","Q_AUTHORED_CURRENT_POST","QUOTED_OR_EMBEDDED","QUOTED_ANONYMOUS_POST","BOARD_POINTER","HIGH","","OLD_Q_BODY_TO_NEW_QUOTED","board back-reference pointer","Questions"
"4485","0",">>9683570","Q_AUTHORED_CURRENT_POST","QUOTED_OR_EMBEDDED","QUOTED_ANONYMOUS_POST","BOARD_POINTER","HIGH","","OLD_Q_BODY_TO_NEW_QUOTED","board back-reference pointer","Directives"
"4488","0",">>9695854","Q_AUTHORED_CURRENT_POST","QUOTED_OR_EMBEDDED","QUOTED_ANONYMOUS_POST","BOARD_POINTER","HIGH","","OLD_Q_BODY_TO_NEW_QUOTED","board back-reference pointer","Directives|Questions|Codes|Emphasis|Themes"
"4489","19","Lockdown(s) +C: Halt use of grand jury[ies] due to 'close proximity' _COVID mandated restrictions throughout all cities","QUOTED_OR_EMBEDDED (sustained prose block — pasted or quoted passage)","Q_AUTHORED_CURRENT_POST","Q_BODY","PROSE","HIGH","","OLD_QUOTED_TO_NEW_Q_BODY","long sentence inside a drop whose dominant register is Q — prose shape alone is not a quotation","Directives|Questions|Claims|Codes|Emphasis|Entities|Themes"
"4489","20","Lockdown(s) +C: Halt travel of called witnesses re: pending investigation [Durham (known)] _legal out deployed by witness ""I do not feel comfortable and/or safe traveling due to COVID-19 health concerns.""","QUOTED_OR_EMBEDDED (sustained prose block — pasted or quoted passage)","Q_AUTHORED_CURRENT_POST","Q_BODY","PROSE","HIGH","","OLD_QUOTED_TO_NEW_Q_BODY","long sentence inside a drop whose dominant register is Q — prose shape alone is not a quotation","Directives|Questions|Claims|Codes|Emphasis|Entities|Themes"
"449","0",">>158138","Q_AUTHORED_CURRENT_POST","QUOTED_OR_EMBEDDED","QUOTED_ANONYMOUS_POST","BOARD_POINTER","HIGH","","OLD_Q_BODY_TO_NEW_QUOTED","board back-reference pointer","Questions|Codes"
"4497","0",">>9712276","Q_AUTHORED_CURRENT_POST","QUOTED_OR_EMBEDDED","QUOTED_ANONYMOUS_POST","BOARD_POINTER","HIGH","","OLD_Q_BODY_TO_NEW_QUOTED","board back-reference pointer","Directives"
"4498","0",">>9712392","Q_AUTHORED_CURRENT_POST","QUOTED_OR_EMBEDDED","QUOTED_ANONYMOUS_POST","BOARD_POINTER","HIGH","","OLD_Q_BODY_TO_NEW_QUOTED","board back-reference pointer","Directives|Emphasis"
"450","0",">>158194","Q_AUTHORED_CURRENT_POST","QUOTED_OR_EMBEDDED","QUOTED_ANONYMOUS_POST","BOARD_POINTER","HIGH","","OLD_Q_BODY_TO_NEW_QUOTED","board back-reference pointer",""
"450","1",">>158202","Q_AUTHORED_CURRENT_POST","QUOTED_OR_EMBEDDED","QUOTED_ANONYMOUS_POST","BOARD_POINTER","HIGH","","OLD_Q_BODY_TO_NEW_QUOTED","board back-reference pointer",""
"4509","7","Mission 3: Guide [awaken] others through use of facts [DECLAS 1-99 material and other relevant facts] and memes [decouple MSDNC control of info stream] _ask 'counter' questions to initiate 'thought' vs repeat [echo] of MSDNC propaganda","QUOTED_OR_EMBEDDED (sustained prose block — pasted or quoted passage)","Q_AUTHORED_CURRENT_POST","Q_BODY","PROSE","HIGH","","OLD_QUOTED_TO_NEW_Q_BODY","long sentence inside a drop whose dominant register is Q — prose shape alone is not a quotation","Directives|Claims|Codes|Emphasis|Entities|Themes"
"4509","8","Mission 4: Learn use of camouflage [digitally] _primary account suspended-terminated _use of secondary","QUOTED_OR_EMBEDDED (sustained prose block — pasted or quoted passage)","Q_AUTHORED_CURRENT_POST","Q_BODY","PROSE","HIGH","","OLD_QUOTED_TO_NEW_Q_BODY","long sentence inside a drop whose dominant register is Q — prose shape alone is not a quotation","Directives|Claims|Codes|Emphasis|Entities|Themes"
"4510","0",">>9731023","Q_AUTHORED_CURRENT_POST","QUOTED_OR_EMBEDDED","QUOTED_ANONYMOUS_POST","BOARD_POINTER","HIGH","","OLD_Q_BODY_TO_NEW_QUOTED","board back-reference pointer","Directives"
"4511","1","Use of general public to counter the narrative [propaganda] push by controlled media.","QUOTED_OR_EMBEDDED (sustained prose block — pasted or quoted passage)","Q_AUTHORED_CURRENT_POST","Q_BODY","PROSE","HIGH","","OLD_QUOTED_TO_NEW_Q_BODY","long sentence inside a drop whose dominant register is Q — prose shape alone is not a quotation","Directives|Claims|Codes|Emphasis|Entities"
"4511","2","Analysis [start-to-now] indicates situational awareness [decoupling of MSDNC control of information (channels 1-99)] of general public expanding at massive pace.","QUOTED_OR_EMBEDDED (sustained prose block — pasted or quoted passage)","Q_AUTHORED_CURRENT_POST","Q_BODY","PROSE","HIGH","","OLD_QUOTED_TO_NEW_Q_BODY","long sentence inside a drop whose dominant register is Q — prose shape alone is not a quotation","Directives|Claims|Codes|Emphasis|Entities"
"4515","0",">>9732889","Q_AUTHORED_CURRENT_POST","QUOTED_OR_EMBEDDED","QUOTED_PRIOR_Q_POST","BOARD_POINTER","HIGH","4514","OLD_Q_BODY_TO_NEW_QUOTED","board back-reference pointer","Codes|Emphasis"
"4521","5","""Pursuant to the presidential power to quell domestic violence, federal troops are expressly exempt from the prohibitions of Posse Comitatus Act, and this exemption applies equally to active-duty military and federalized National Guard troops.""","Q_AUTHORED_CURRENT_POST","QUOTED_OR_EMBEDDED","QUOTED_THIRD_PARTY","PROSE","HIGH","","OLD_Q_BODY_TO_NEW_QUOTED","self-contained quotation: one line opening and closing on quotation marks, paragraph length","Questions|Claims|Codes|Emphasis|Entities|Themes"
"4527","0",">>9750276","Q_AUTHORED_CURRENT_POST","QUOTED_OR_EMBEDDED","QUOTED_ANONYMOUS_POST","BOARD_POINTER","HIGH","","OLD_Q_BODY_TO_NEW_QUOTED","board back-reference pointer","Claims"
"4533","0",">>9760174","Q_AUTHORED_CURRENT_POST","QUOTED_OR_EMBEDDED","QUOTED_ANONYMOUS_POST","BOARD_POINTER","HIGH","","OLD_Q_BODY_TO_NEW_QUOTED","board back-reference pointer","Claims|Codes"
"4535","1","1. vote","QUOTED_OR_EMBEDDED (numbered definition)","Q_AUTHORED_CURRENT_POST","Q_BODY","PROSE","HIGH","","OLD_QUOTED_TO_NEW_Q_BODY","canonical post body, no embedded-source evidence","Directives|Questions|Claims|Codes|Emphasis|Entities|Themes"
"4535","2","2. monetary value (tax contribution)","QUOTED_OR_EMBEDDED (numbered definition (continuation))","Q_AUTHORED_CURRENT_POST","Q_BODY","PROSE","HIGH","","OLD_QUOTED_TO_NEW_Q_BODY","canonical post body, no embedded-source evidence","Directives|Questions|Claims|Codes|Emphasis|Entities|Themes"
"4535","3","3.","QUOTED_OR_EMBEDDED (numbered definition (continuation))","Q_AUTHORED_CURRENT_POST","Q_BODY","PROSE","HIGH","","OLD_QUOTED_TO_NEW_Q_BODY","canonical post body, no embedded-source evidence","Directives|Questions|Claims|Codes|Emphasis|Entities|Themes"
"4535","4","Why is 'free thought' ridiculed, challenged, and threatened when a person is opposed to the 'mainstream-narrative'?","QUOTED_OR_EMBEDDED (numbered definition (continuation))","Q_AUTHORED_CURRENT_POST","Q_BODY","PROSE","HIGH","","OLD_QUOTED_TO_NEW_Q_BODY","canonical post body, no embedded-source evidence","Directives|Questions|Claims|Codes|Emphasis|Entities|Themes"
"4535","5","[2] remains fixed (degree allowable by 'economic recession/expansion')","QUOTED_OR_EMBEDDED (numbered definition (continuation))","Q_AUTHORED_CURRENT_POST","Q_BODY","PROSE","HIGH","","OLD_QUOTED_TO_NEW_Q_BODY","canonical post body, no embedded-source evidence","Directives|Questions|Claims|Codes|Emphasis|Entities|Themes"
"4535","6","[1] remains a variable","QUOTED_OR_EMBEDDED (numbered definition (continuation))","Q_AUTHORED_CURRENT_POST","Q_BODY","PROSE","HIGH","","OLD_QUOTED_TO_NEW_Q_BODY","canonical post body, no embedded-source evidence","Directives|Questions|Claims|Codes|Emphasis|Entities|Themes"
"4535","7","[1] dependent on a 'controlled' system of information dissemination","QUOTED_OR_EMBEDDED (numbered definition (continuation))","Q_AUTHORED_CURRENT_POST","Q_BODY","PROSE","HIGH","","OLD_QUOTED_TO_NEW_Q_BODY","canonical post body, no embedded-source evidence","Directives|Questions|Claims|Codes|Emphasis|Entities|Themes"
"4535","8","What happens when 90% of the media is controlled/owned by (6) corporations?","QUOTED_OR_EMBEDDED (numbered definition (continuation))","Q_AUTHORED_CURRENT_POST","Q_BODY","PROSE","HIGH","","OLD_QUOTED_TO_NEW_Q_BODY","long sentence inside a drop whose dominant register is Q — prose shape alone is not a quotation","Directives|Questions|Claims|Codes|Emphasis|Entities|Themes"
"4535","9","What happens when those same corporations are operated and controlled by a political ideology?","QUOTED_OR_EMBEDDED (numbered definition (continuation))","Q_AUTHORED_CURRENT_POST","Q_BODY","PROSE","HIGH","","OLD_QUOTED_TO_NEW_Q_BODY","long sentence inside a drop whose dominant register is Q — prose shape alone is not a quotation","Directives|Questions|Claims|Codes|Emphasis|Entities|Themes"
"4535","10","What happens when the news is no longer free from bias?","QUOTED_OR_EMBEDDED (numbered definition (continuation))","Q_AUTHORED_CURRENT_POST","Q_BODY","PROSE","HIGH","","OLD_QUOTED_TO_NEW_Q_BODY","canonical post body, no embedded-source evidence","Directives|Questions|Claims|Codes|Emphasis|Entities|Themes"
"4535","11","What happens when the news is no longer reliable and independent?","QUOTED_OR_EMBEDDED (numbered definition (continuation))","Q_AUTHORED_CURRENT_POST","Q_BODY","PROSE","HIGH","","OLD_QUOTED_TO_NEW_Q_BODY","canonical post body, no embedded-source evidence","Directives|Questions|Claims|Codes|Emphasis|Entities|Themes"
"4535","12","What happens when the news is no longer trustworthy?","QUOTED_OR_EMBEDDED (numbered definition (continuation))","Q_AUTHORED_CURRENT_POST","Q_BODY","PROSE","HIGH","","OLD_QUOTED_TO_NEW_Q_BODY","canonical post body, no embedded-source evidence","Directives|Questions|Claims|Codes|Emphasis|Entities|Themes"
"4535","13","What happens when the news simply becomes an extension/arm of a political party?","QUOTED_OR_EMBEDDED (numbered definition (continuation))","Q_AUTHORED_CURRENT_POST","Q_BODY","PROSE","HIGH","","OLD_QUOTED_TO_NEW_Q_BODY","canonical post body, no embedded-source evidence","Directives|Questions|Claims|Codes|Emphasis|Entities|Themes"
"4535","53","When ‘non-dogmatic’ information becomes FREE & TRANSPARENT it becomes a threat to those who attempt to control the narrative and/or stable [livestock kept – sheep].","QUOTED_OR_EMBEDDED (sustained prose block — pasted or quoted passage)","Q_AUTHORED_CURRENT_POST","Q_BODY","PROSE","HIGH","","OLD_QUOTED_TO_NEW_Q_BODY","long sentence inside a drop whose dominant register is Q — prose shape alone is not a quotation","Directives|Questions|Claims|Codes|Emphasis|Entities|Themes"
"4535","54","When you are awake, you stand on the outside of the stable (‘group-think’ collective), and have ‘free thought’.","QUOTED_OR_EMBEDDED (sustained prose block — pasted or quoted passage)","Q_AUTHORED_CURRENT_POST","Q_BODY","PROSE","HIGH","","OLD_QUOTED_TO_NEW_Q_BODY","long sentence inside a drop whose dominant register is Q — prose shape alone is not a quotation","Directives|Questions|Claims|Codes|Emphasis|Entities|Themes"
"4535","55","""Free thought"" is a philosophical viewpoint which holds that positions regarding truth should be formed on the basis of logic, reason, and empiricism, rather than authority, tradition, revelation, or dogma.","QUOTED_OR_EMBEDDED (sustained prose block — pasted or quoted passage)","Q_AUTHORED_CURRENT_POST","Q_BODY","PROSE","HIGH","","OLD_QUOTED_TO_NEW_Q_BODY","long sentence inside a drop whose dominant register is Q — prose shape alone is not a quotation","Directives|Questions|Claims|Codes|Emphasis|Entities|Themes"
"454","0",">>158952","Q_AUTHORED_CURRENT_POST","QUOTED_OR_EMBEDDED","QUOTED_ANONYMOUS_POST","BOARD_POINTER","HIGH","","OLD_Q_BODY_TO_NEW_QUOTED","board back-reference pointer","Claims|Emphasis"
"4543","1","A counter-attack to the 1st [law and order] strike _prepared and ready in an effort to change the narrative _prevent [blind] mass public awareness re: coord effort to remove [sitting] US POTUS _covertly disrupt CoC _regional comm as needed.","QUOTED_OR_EMBEDDED (sustained prose block — pasted or quoted passage)","Q_AUTHORED_CURRENT_POST","Q_BODY","PROSE","HIGH","","OLD_QUOTED_TO_NEW_Q_BODY","long sentence inside a drop whose dominant register is Q — prose shape alone is not a quotation","Directives|Claims|Codes|Emphasis|Entities"
"4543","2","Media plans to disregard [re_label as political attack _AG election interference] and inject script.","QUOTED_OR_EMBEDDED (sustained prose block — pasted or quoted passage)","Q_AUTHORED_CURRENT_POST","Q_BODY","PROSE","HIGH","","OLD_QUOTED_TO_NEW_Q_BODY","long sentence inside a drop whose dominant register is Q — prose shape alone is not a quotation","Directives|Claims|Codes|Emphasis|Entities"
"4543","3","Some commanding officers [EOs] may provide [CLAS 1-99] that do not reflect those [1-99] of the POTUS or the AG of United States.","QUOTED_OR_EMBEDDED (sustained prose block — pasted or quoted passage)","Q_AUTHORED_CURRENT_POST","Q_BODY","PROSE","HIGH","","OLD_QUOTED_TO_NEW_Q_BODY","long sentence inside a drop whose dominant register is Q — prose shape alone is not a quotation","Directives|Claims|Codes|Emphasis|Entities"
"4545","0","Humanity is good, but, when we let our guard down we allow darkness to infiltrate and destroy.","QUOTED_OR_EMBEDDED (sustained prose block — pasted or quoted passage)","Q_AUTHORED_CURRENT_POST","Q_BODY","PROSE","HIGH","","OLD_QUOTED_TO_NEW_Q_BODY","long sentence inside a drop whose dominant register is Q — prose shape alone is not a quotation","Directives|Questions|Claims|Codes|Emphasis|Entities|Themes"
"4545","1","Like past battles fought, we now face our greatest battle at present, a battle to save our Republic, our way of life, and what we decide (each of us) now will decide our future.","QUOTED_OR_EMBEDDED (sustained prose block — pasted or quoted passage)","Q_AUTHORED_CURRENT_POST","Q_BODY","PROSE","HIGH","","OLD_QUOTED_TO_NEW_Q_BODY","long sentence inside a drop whose dominant register is Q — prose shape alone is not a quotation","Directives|Questions|Claims|Codes|Emphasis|Entities|Themes"
"4545","9","Think HRC install: [2+] Supreme Court Justices, 200+ judges, rogue elements expanded inside DOJ, FBI, CIA, NSA, WH, STATE, …….removal 2nd amendment, border etc. ……… America for sale: China, Russia, Iran, Syria…….ISIS & AL Q expansion…….expansion surv of domestic citizens…….modify/change voter rules and regulations allow illegals+ballot harvesting w/ SC backed liberal-social opinion………sell off of military to highest bidder to fight internal long-standing wars……..","QUOTED_OR_EMBEDDED (sustained prose block — pasted or quoted passage)","Q_AUTHORED_CURRENT_POST","Q_BODY","PROSE","HIGH","","OLD_QUOTED_TO_NEW_Q_BODY","long sentence inside a drop whose dominant register is Q — prose shape alone is not a quotation","Directives|Questions|Claims|Codes|Emphasis|Entities|Themes"
"4545","10","Their thirst for a one world order [destruction of national sovereignty] serves to obtain control over America [and her allies [think EU]] by diluting your vote to oblivion and installing a new one world ruling party.","QUOTED_OR_EMBEDDED (sustained prose block — pasted or quoted passage)","Q_AUTHORED_CURRENT_POST","Q_BODY","PROSE","HIGH","","OLD_QUOTED_TO_NEW_Q_BODY","long sentence inside a drop whose dominant register is Q — prose shape alone is not a quotation","Directives|Questions|Claims|Codes|Emphasis|Entities|Themes"
"4545","11","The start of this concept began with organizations such as: world health org, world trade org, united nations, ICC, NATO, etc., [all meant to weaken the United States] also the formation of EU through threat [con] of close proximity attack [attack on one is an attack on all – sales pitch to gen public – fear control].","QUOTED_OR_EMBEDDED (sustained prose block — pasted or quoted passage)","Q_AUTHORED_CURRENT_POST","Q_BODY","PROSE","HIGH","","OLD_QUOTED_TO_NEW_Q_BODY","long sentence inside a drop whose dominant register is Q — prose shape alone is not a quotation","Directives|Questions|Claims|Codes|Emphasis|Entities|Themes"
"4545","13","Re: EU _each member must implement EU rules and regulations in all areas [think immigration, currency, overall control].","QUOTED_OR_EMBEDDED (sustained prose block — pasted or quoted passage)","Q_AUTHORED_CURRENT_POST","Q_BODY","PROSE","HIGH","","OLD_QUOTED_TO_NEW_Q_BODY","long sentence inside a drop whose dominant register is Q — prose shape alone is not a quotation","Directives|Questions|Claims|Codes|Emphasis|Entities|Themes"
"4545","14","Their thirst to remove your ability to defend yourself serves to prevent an uprising to challenge their control.","QUOTED_OR_EMBEDDED (sustained prose block — pasted or quoted passage)","Q_AUTHORED_CURRENT_POST","Q_BODY","PROSE","HIGH","","OLD_QUOTED_TO_NEW_Q_BODY","long sentence inside a drop whose dominant register is Q — prose shape alone is not a quotation","Directives|Questions|Claims|Codes|Emphasis|Entities|Themes"
"4545","15","There is a fundamental reason why our enemies dare not attack [invade] our borders [armed citizenry].","QUOTED_OR_EMBEDDED (sustained prose block — pasted or quoted passage)","Q_AUTHORED_CURRENT_POST","Q_BODY","PROSE","HIGH","","OLD_QUOTED_TO_NEW_Q_BODY","long sentence inside a drop whose dominant register is Q — prose shape alone is not a quotation","Directives|Questions|Claims|Codes|Emphasis|Entities|Themes"
"4546","3","""The swelling numbers of COVID-19 patients entering the United States from Mexico comes as many parts of California have pushed down their infection rates, enables many counties to lift stay-at-home restrictions and reopen businesses.""","Q_AUTHORED_CURRENT_POST","QUOTED_OR_EMBEDDED","QUOTED_THIRD_PARTY","PROSE","HIGH","","OLD_Q_BODY_TO_NEW_QUOTED","self-contained quotation: one line opening and closing on quotation marks, paragraph length","Questions|Claims|Codes|Emphasis|Entities|Themes"
"4548","4","""De Blasio said Sunday that more than 650 inmates had been released over coronavirus concerns.""","Q_AUTHORED_CURRENT_POST","QUOTED_OR_EMBEDDED","QUOTED_THIRD_PARTY","PROSE","HIGH","","OLD_Q_BODY_TO_NEW_QUOTED","pasted passage opening on a quotation mark","Questions|Claims|Codes|Entities|Themes"
"455","0",">>158980","Q_AUTHORED_CURRENT_POST","QUOTED_OR_EMBEDDED","QUOTED_PRIOR_Q_POST","BOARD_POINTER","HIGH","454","OLD_Q_BODY_TO_NEW_QUOTED","board back-reference pointer","Claims|Codes"
"4550","0",">>9801436","Q_AUTHORED_CURRENT_POST","QUOTED_OR_EMBEDDED","QUOTED_ANONYMOUS_POST","BOARD_POINTER","HIGH","","OLD_Q_BODY_TO_NEW_QUOTED","board back-reference pointer","Directives|Questions|Claims|Codes|Emphasis|Entities|Themes"
"4552","4","Why would [D]s block a bill that stops infanticide [allow abortions up to point of birth] and does not provide new restrictions on abortion itself?","Q_AUTHORED_CURRENT_POST","QUOTED_OR_EMBEDDED","QUOTED_THIRD_PARTY","PROSE","HIGH","","OLD_Q_BODY_TO_NEW_QUOTED","pasted passage directly beneath a source link or pointer","Questions|Codes|Entities|Themes"
"4552","5","How is taxpayer funded [PP] allowed to donate [large sums] of taxpayer funds to select members of [D] party?","Q_AUTHORED_CURRENT_POST","QUOTED_OR_EMBEDDED","QUOTED_THIRD_PARTY","PROSE","HIGH","","OLD_Q_BODY_TO_NEW_QUOTED","pasted passage directly beneath a source link or pointer","Questions|Codes|Entities|Themes"
"4553","39","MSDNC pushes coordinated FAKE, FALSE, MISLEADING DISINFORMATION based on a biased [D] political viewpoint [controlled mouthpiece(s)].","QUOTED_OR_EMBEDDED (sustained prose block — pasted or quoted passage)","Q_AUTHORED_CURRENT_POST","Q_BODY","PROSE","HIGH","","OLD_QUOTED_TO_NEW_Q_BODY","long sentence inside a drop whose dominant register is Q — prose shape alone is not a quotation","Directives|Questions|Claims|Codes|Emphasis|Entities|Themes"
"4553","40","Blue checkmarks then defend and attack [target] opposing viewpoints using slander, aggression, suppression, group-think, etc. [suppression tactics].","QUOTED_OR_EMBEDDED (sustained prose block — pasted or quoted passage)","Q_AUTHORED_CURRENT_POST","Q_BODY","PROSE","HIGH","","OLD_QUOTED_TO_NEW_Q_BODY","long sentence inside a drop whose dominant register is Q — prose shape alone is not a quotation","Directives|Questions|Claims|Codes|Emphasis|Entities|Themes"
"4553","41","Non-blue checkmarks then defend and promote attacker(s) [blues] viewpoint(s) [leftwing 'cult'] to instill echo_chamber wall-to-wall amplified narrative for each designated subject.","QUOTED_OR_EMBEDDED (sustained prose block — pasted or quoted passage)","Q_AUTHORED_CURRENT_POST","Q_BODY","PROSE","HIGH","","OLD_QUOTED_TO_NEW_Q_BODY","long sentence inside a drop whose dominant register is Q — prose shape alone is not a quotation","Directives|Questions|Claims|Codes|Emphasis|Entities|Themes"
"4553","42","Select [public discovery] topics are deemed and ranked in priority order [ranking determines use of assets [big-to-small]].","QUOTED_OR_EMBEDDED (sustained prose block — pasted or quoted passage)","Q_AUTHORED_CURRENT_POST","Q_BODY","PROSE","HIGH","","OLD_QUOTED_TO_NEW_Q_BODY","long sentence inside a drop whose dominant register is Q — prose shape alone is not a quotation","Directives|Questions|Claims|Codes|Emphasis|Entities|Themes"
"4556","1","MSDNC pushes coordinated FAKE, FALSE, MISLEADING DISINFORMATION based on a biased [D] political viewpoint [controlled mouthpiece(s)].","QUOTED_OR_EMBEDDED (sustained prose block — pasted or quoted passage)","Q_AUTHORED_CURRENT_POST","Q_BODY","PROSE","HIGH","","OLD_QUOTED_TO_NEW_Q_BODY","long sentence inside a drop whose dominant register is Q — prose shape alone is not a quotation","Directives|Claims|Codes|Emphasis|Entities|Themes"
"4556","2","Blue checkmarks then defend and attack [target] opposing viewpoints using slander, aggression, suppression, group-think, etc. [suppression tactics].","QUOTED_OR_EMBEDDED (sustained prose block — pasted or quoted passage)","Q_AUTHORED_CURRENT_POST","Q_BODY","PROSE","HIGH","","OLD_QUOTED_TO_NEW_Q_BODY","long sentence inside a drop whose dominant register is Q — prose shape alone is not a quotation","Directives|Claims|Codes|Emphasis|Entities|Themes"
"4556","3","Non-blue checkmarks then defend and promote attacker(s) [blues] viewpoint(s) [leftwing 'cult'] to instill echo_chamber wall-to-wall amplified narrative for each designated subject.","QUOTED_OR_EMBEDDED (sustained prose block — pasted or quoted passage)","Q_AUTHORED_CURRENT_POST","Q_BODY","PROSE","HIGH","","OLD_QUOTED_TO_NEW_Q_BODY","long sentence inside a drop whose dominant register is Q — prose shape alone is not a quotation","Directives|Claims|Codes|Emphasis|Entities|Themes"
"4556","4","Select [public discovery] topics are deemed and ranked in priority order [ranking determines use of assets [big-to-small]].","QUOTED_OR_EMBEDDED (sustained prose block — pasted or quoted passage)","Q_AUTHORED_CURRENT_POST","Q_BODY","PROSE","HIGH","","OLD_QUOTED_TO_NEW_Q_BODY","long sentence inside a drop whose dominant register is Q — prose shape alone is not a quotation","Directives|Claims|Codes|Emphasis|Entities|Themes"
"4559","3","There was a time when our history (heritage) was taught with PRIDE and RESPECT.","QUOTED_OR_EMBEDDED (sustained prose block — pasted or quoted passage)","Q_AUTHORED_CURRENT_POST","Q_BODY","PROSE","HIGH","","OLD_QUOTED_TO_NEW_Q_BODY","long sentence inside a drop whose dominant register is Q — prose shape alone is not a quotation","Questions|Claims|Codes|Emphasis|Entities|Themes"
"4559","4","There was a time when respect was given to those who serve(d), bled, and died to protect and defend our FREEDOM.","QUOTED_OR_EMBEDDED (sustained prose block — pasted or quoted passage)","Q_AUTHORED_CURRENT_POST","Q_BODY","PROSE","HIGH","","OLD_QUOTED_TO_NEW_Q_BODY","long sentence inside a drop whose dominant register is Q — prose shape alone is not a quotation","Questions|Claims|Codes|Emphasis|Entities|Themes"
"4559","7","There was a time when these UNITED STATES OF AMERICA, ONE NATION UNDER GOD, was UNITED.","QUOTED_OR_EMBEDDED (sustained prose block — pasted or quoted passage)","Q_AUTHORED_CURRENT_POST","Q_BODY","PROSE","HIGH","","OLD_QUOTED_TO_NEW_Q_BODY","long sentence inside a drop whose dominant register is Q — prose shape alone is not a quotation","Questions|Claims|Codes|Emphasis|Entities|Themes"
"4559","8","There was a time when these UNITED STATES OF AMERICA, ONE NATION UNDER GOD, was UNITED UNDER THE AMERICAN FLAG.","QUOTED_OR_EMBEDDED (sustained prose block — pasted or quoted passage)","Q_AUTHORED_CURRENT_POST","Q_BODY","PROSE","HIGH","","OLD_QUOTED_TO_NEW_Q_BODY","long sentence inside a drop whose dominant register is Q — prose shape alone is not a quotation","Questions|Claims|Codes|Emphasis|Entities|Themes"
"4559","14","There was a time when, WE, THE PEOPLE, were UNITED and STRONG.","QUOTED_OR_EMBEDDED (sustained prose block — pasted or quoted passage)","Q_AUTHORED_CURRENT_POST","Q_BODY","PROSE","HIGH","","OLD_QUOTED_TO_NEW_Q_BODY","long sentence inside a drop whose dominant register is Q — prose shape alone is not a quotation","Questions|Claims|Codes|Emphasis|Entities|Themes"
"4559","15","There was a time when the media was free from political bias [and corruption].","QUOTED_OR_EMBEDDED (sustained prose block — pasted or quoted passage)","Q_AUTHORED_CURRENT_POST","Q_BODY","PROSE","HIGH","","OLD_QUOTED_TO_NEW_Q_BODY","long sentence inside a drop whose dominant register is Q — prose shape alone is not a quotation","Questions|Claims|Codes|Emphasis|Entities|Themes"
"4559","16","There was a time when our elected leaders stood their ground, dug in, and defended those they represented.","QUOTED_OR_EMBEDDED (sustained prose block — pasted or quoted passage)","Q_AUTHORED_CURRENT_POST","Q_BODY","PROSE","HIGH","","OLD_QUOTED_TO_NEW_Q_BODY","long sentence inside a drop whose dominant register is Q — prose shape alone is not a quotation","Questions|Claims|Codes|Emphasis|Entities|Themes"
"4562","0",">>9824067","Q_AUTHORED_CURRENT_POST","QUOTED_OR_EMBEDDED","QUOTED_ANONYMOUS_POST","BOARD_POINTER","HIGH","","OLD_Q_BODY_TO_NEW_QUOTED","board back-reference pointer",""
"457","0",">>172726","Q_AUTHORED_CURRENT_POST","QUOTED_OR_EMBEDDED","QUOTED_ANONYMOUS_POST","BOARD_POINTER","HIGH","","OLD_Q_BODY_TO_NEW_QUOTED","board back-reference pointer","Directives|Emphasis|Entities|Themes"
"4596","0",">>10009900","Q_AUTHORED_CURRENT_POST","QUOTED_OR_EMBEDDED","QUOTED_ANONYMOUS_POST","BOARD_POINTER","HIGH","","OLD_Q_BODY_TO_NEW_QUOTED","board back-reference pointer",""
"4597","0",">>10010141","Q_AUTHORED_CURRENT_POST","QUOTED_OR_EMBEDDED","QUOTED_ANONYMOUS_POST","BOARD_POINTER","HIGH","","OLD_Q_BODY_TO_NEW_QUOTED","board back-reference pointer",""
"4598","0",">>10010940","Q_AUTHORED_CURRENT_POST","QUOTED_OR_EMBEDDED","QUOTED_ANONYMOUS_POST","BOARD_POINTER","HIGH","","OLD_Q_BODY_TO_NEW_QUOTED","board back-reference pointer","Directives|Claims|Codes|Emphasis|Themes"
"4606","0",">>10016299","Q_AUTHORED_CURRENT_POST","QUOTED_OR_EMBEDDED","QUOTED_ANONYMOUS_POST","BOARD_POINTER","HIGH","","OLD_Q_BODY_TO_NEW_QUOTED","board back-reference pointer",""
"4610","0",">>10017535","Q_AUTHORED_CURRENT_POST","QUOTED_OR_EMBEDDED","QUOTED_ANONYMOUS_POST","BOARD_POINTER","HIGH","","OLD_Q_BODY_TO_NEW_QUOTED","board back-reference pointer",""
"4612","0","Many thousands of MSDNC direct attacks have failed to control the reach [sway opinion] and prevent growth ['free-thought'].","QUOTED_OR_EMBEDDED (sustained prose block — pasted or quoted passage)","Q_AUTHORED_CURRENT_POST","Q_BODY","PROSE","HIGH","","OLD_QUOTED_TO_NEW_Q_BODY","long sentence inside a drop whose dominant register is Q — prose shape alone is not a quotation","Questions|Claims|Codes|Emphasis|Entities"
"4612","1","When direct attacks [use of inserts [cutouts]] fail > censorship [ban] deployed as aggressive method to slow/limit growth.","QUOTED_OR_EMBEDDED (sustained prose block — pasted or quoted passage)","Q_AUTHORED_CURRENT_POST","Q_BODY","PROSE","HIGH","","OLD_QUOTED_TO_NEW_Q_BODY","long sentence inside a drop whose dominant register is Q — prose shape alone is not a quotation","Questions|Claims|Codes|Emphasis|Entities"
"4620","20","C19 _stage 3: Activate ‘controlled’ [D] GOVS to ‘spike’ death count + project statewide fear by presenting ‘alarming’ on-ground conditions [hospital [care-supplies] projections].","QUOTED_OR_EMBEDDED (sustained prose block — pasted or quoted passage)","Q_AUTHORED_CURRENT_POST","Q_BODY","PROSE","HIGH","","OLD_QUOTED_TO_NEW_Q_BODY","long sentence inside a drop whose dominant register is Q — prose shape alone is not a quotation","Directives|Questions|Claims|Codes|Emphasis|Entities|Themes"
"4620","21","C19 _stage 4: Push testing, testing, testing to spike ‘infected’ rate incline due to daily testing inc [the political ‘set up’] _controlled MSDNC failure to report death count [rates] proportional to ‘infected’ rate _deliberate miscounting of infected numbers [%] _change non_positive to positive _label death of non_C19 as C19 _etc.","QUOTED_OR_EMBEDDED (sustained prose block — pasted or quoted passage)","Q_AUTHORED_CURRENT_POST","Q_BODY","PROSE","HIGH","","OLD_QUOTED_TO_NEW_Q_BODY","long sentence inside a drop whose dominant register is Q — prose shape alone is not a quotation","Directives|Questions|Claims|Codes|Emphasis|Entities|Themes"
"4630","1","Democratic Illinois State Representative, Keith Farnham, has resigned and was charged with possession of child pornography and has been accused of bragging at an online site about sexually molesting a 6-year-old girl.","QUOTED_OR_EMBEDDED (sustained prose block — pasted or quoted passage)","Q_AUTHORED_CURRENT_POST","Q_BODY","PROSE","HIGH","","OLD_QUOTED_TO_NEW_Q_BODY","long sentence inside a drop whose dominant register is Q — prose shape alone is not a quotation","Questions|Claims|Entities"
"4630","2","Democratic spokesperson for the Arkansas Democratic Party, Harold Moody, Jr, was charged with distribution and possession of child pornography.","QUOTED_OR_EMBEDDED (sustained prose block — pasted or quoted passage)","Q_AUTHORED_CURRENT_POST","Q_BODY","PROSE","HIGH","","OLD_QUOTED_TO_NEW_Q_BODY","long sentence inside a drop whose dominant register is Q — prose shape alone is not a quotation","Questions|Claims|Entities"
"4630","3","Democratic Radnor Township Board of Commissioners member, Philip Ahr, resigned from his position after being charged with possession of child pornography and abusing children between 2 and 6 years-old.","QUOTED_OR_EMBEDDED (sustained prose block — pasted or quoted passage)","Q_AUTHORED_CURRENT_POST","Q_BODY","PROSE","HIGH","","OLD_QUOTED_TO_NEW_Q_BODY","long sentence inside a drop whose dominant register is Q — prose shape alone is not a quotation","Questions|Claims|Entities"
"4630","4","Democratic activist and BLM organizer, Charles Wade, was arrested and charged with human trafficking and underage prostitution.","QUOTED_OR_EMBEDDED (sustained prose block — pasted or quoted passage)","Q_AUTHORED_CURRENT_POST","Q_BODY","PROSE","HIGH","","OLD_QUOTED_TO_NEW_Q_BODY","long sentence inside a drop whose dominant register is Q — prose shape alone is not a quotation","Questions|Claims|Entities"
"4630","5","Democratic Texas attorney and activist, Mark Benavides, was charged with having sex with a minor, inducing a child under 18 to have sex and compelling prostitution of at least nine legal clients and possession of child pornography. He was found guilty on six counts of sex trafficking.","QUOTED_OR_EMBEDDED (sustained prose block — pasted or quoted passage)","Q_AUTHORED_CURRENT_POST","Q_BODY","PROSE","HIGH","","OLD_QUOTED_TO_NEW_Q_BODY","long sentence inside a drop whose dominant register is Q — prose shape alone is not a quotation","Questions|Claims|Entities"
"4630","6","Democratic Virginia Delegate, Joe Morrissey, was indicted on charges connected to his relationship with a 17-year-old girl and was charged with supervisory indecent liberties with a minor, electronic solicitation of a minor, possession of child pornography and distribution of child pornography.","QUOTED_OR_EMBEDDED (sustained prose block — pasted or quoted passage)","Q_AUTHORED_CURRENT_POST","Q_BODY","PROSE","HIGH","","OLD_QUOTED_TO_NEW_Q_BODY","long sentence inside a drop whose dominant register is Q — prose shape alone is not a quotation","Questions|Claims|Entities"
"4630","7","Democratic Massachusetts Congressman, Gerry Studds, was censured by the House of Representatives after he admitted to an inappropriate relationship with a 17-year-old page.","QUOTED_OR_EMBEDDED (sustained prose block — pasted or quoted passage)","Q_AUTHORED_CURRENT_POST","Q_BODY","PROSE","HIGH","","OLD_QUOTED_TO_NEW_Q_BODY","long sentence inside a drop whose dominant register is Q — prose shape alone is not a quotation","Questions|Claims|Entities"
"4630","8","Democratic Former Mayor of Stillwater, New York, Rick Nelson was plead guilty to five counts of possession of child pornography of children less than 16 years of age.","QUOTED_OR_EMBEDDED (sustained prose block — pasted or quoted passage)","Q_AUTHORED_CURRENT_POST","Q_BODY","PROSE","HIGH","","OLD_QUOTED_TO_NEW_Q_BODY","long sentence inside a drop whose dominant register is Q — prose shape alone is not a quotation","Questions|Claims|Entities"
"4630","9","Democratic Former Mayor of Clayton, New York, Dale Kenyon, was indicted for sexual acts against a teenager.","QUOTED_OR_EMBEDDED (sustained prose block — pasted or quoted passage)","Q_AUTHORED_CURRENT_POST","Q_BODY","PROSE","HIGH","","OLD_QUOTED_TO_NEW_Q_BODY","long sentence inside a drop whose dominant register is Q — prose shape alone is not a quotation","Questions|Claims|Entities"
"4630","10","Democratic Former Mayor of Hubbard, Ohio, Richard Keenan, was given a life sentence in jail for raping a 4-year-old girl.","QUOTED_OR_EMBEDDED (sustained prose block — pasted or quoted passage)","Q_AUTHORED_CURRENT_POST","Q_BODY","PROSE","HIGH","","OLD_QUOTED_TO_NEW_Q_BODY","long sentence inside a drop whose dominant register is Q — prose shape alone is not a quotation","Questions|Claims|Entities"
"4630","11","Democratic Former Mayor of Winston, Oregeon, Kenneth Barrett, was arrested for setting up a meeting to have sex with a 14-year-old girl who turned out to be a police officer.","QUOTED_OR_EMBEDDED (sustained prose block — pasted or quoted passage)","Q_AUTHORED_CURRENT_POST","Q_BODY","PROSE","HIGH","","OLD_QUOTED_TO_NEW_Q_BODY","long sentence inside a drop whose dominant register is Q — prose shape alone is not a quotation","Questions|Claims|Entities"
"4630","12","Democratic Former Mayor of Randolph, Nebraska, Dwayne L. Schutt, was arrested and charged with four counts of felony third-degree sexual assault of a child and one count of intentional child abuse.","QUOTED_OR_EMBEDDED (sustained prose block — pasted or quoted passage)","Q_AUTHORED_CURRENT_POST","Q_BODY","PROSE","HIGH","","OLD_QUOTED_TO_NEW_Q_BODY","long sentence inside a drop whose dominant register is Q — prose shape alone is not a quotation","Questions|Claims|Entities"
"4630","13","Democratic Former Mayor of Dawson, Georgia, Christopher Wright, was indicted on the charges of aggravated child molestation, aggravated sodomy, rape, child molestation and statutory rape of an 11-year-old boy and a 12-year-old girl.","QUOTED_OR_EMBEDDED (sustained prose block — pasted or quoted passage)","Q_AUTHORED_CURRENT_POST","Q_BODY","PROSE","HIGH","","OLD_QUOTED_TO_NEW_Q_BODY","long sentence inside a drop whose dominant register is Q — prose shape alone is not a quotation","Questions|Claims|Entities"
"4630","14","Democratic Former Mayor of Stockton, California, Anthony Silva, was charged with providing alcohol to young adults during a game of strip poker that included a 16-year-old boy at a camp for underprivileged children run by the mayor.","QUOTED_OR_EMBEDDED (sustained prose block — pasted or quoted passage)","Q_AUTHORED_CURRENT_POST","Q_BODY","PROSE","HIGH","","OLD_QUOTED_TO_NEW_Q_BODY","long sentence inside a drop whose dominant register is Q — prose shape alone is not a quotation","Questions|Claims|Entities"
"4630","15","Democratic Former Mayor of Millbrook, New York, Donald Briggs, was arrested and charged with inappropriate sexual contact with a person younger than 17.","QUOTED_OR_EMBEDDED (sustained prose block — pasted or quoted passage)","Q_AUTHORED_CURRENT_POST","Q_BODY","PROSE","HIGH","","OLD_QUOTED_TO_NEW_Q_BODY","long sentence inside a drop whose dominant register is Q — prose shape alone is not a quotation","Questions|Claims|Entities"
"4630","16","Democratic party leader for Victoria County, Texas, Stephen Jabbour, plead guilty to possession and receiving over half a million child pornographic images.","QUOTED_OR_EMBEDDED (sustained prose block — pasted or quoted passage)","Q_AUTHORED_CURRENT_POST","Q_BODY","PROSE","HIGH","","OLD_QUOTED_TO_NEW_Q_BODY","long sentence inside a drop whose dominant register is Q — prose shape alone is not a quotation","Questions|Claims|Entities"
"4630","17","Democratic activist and fundraiser, Terrence Bean, was arrested on charges of sodomy and sex abuse in a case involving a 15-year-old boy and when the alleged victim declined to testify, and the judge dismissed the case.","QUOTED_OR_EMBEDDED (sustained prose block — pasted or quoted passage)","Q_AUTHORED_CURRENT_POST","Q_BODY","PROSE","HIGH","","OLD_QUOTED_TO_NEW_Q_BODY","long sentence inside a drop whose dominant register is Q — prose shape alone is not a quotation","Questions|Claims|Entities"
"4630","18","Democratic Party Chairman for Davidson County, Tennessee, Rodney Mullin, resigned amid child pornography allegations.","QUOTED_OR_EMBEDDED (sustained prose block — pasted or quoted passage)","Q_AUTHORED_CURRENT_POST","Q_BODY","PROSE","HIGH","","OLD_QUOTED_TO_NEW_Q_BODY","long sentence inside a drop whose dominant register is Q — prose shape alone is not a quotation","Questions|Claims|Entities"
"4630","19","Democratic activist, Andrew Douglas Reed, pleaded guilty to a multiple counts of 2nd-degree sexual exploitation of a minor for producing child pornography.","QUOTED_OR_EMBEDDED (sustained prose block — pasted or quoted passage)","Q_AUTHORED_CURRENT_POST","Q_BODY","PROSE","HIGH","","OLD_QUOTED_TO_NEW_Q_BODY","long sentence inside a drop whose dominant register is Q — prose shape alone is not a quotation","Questions|Claims|Entities"
"4630","20","Democratic official from Terre Haute, Indiana, David Roberts was sentenced to federal prison for producing and possessing child pornography including placing hidden cameras in the bedrooms and bathrooms at a home he shared with two minor female victims.","QUOTED_OR_EMBEDDED (sustained prose block — pasted or quoted passage)","Q_AUTHORED_CURRENT_POST","Q_BODY","PROSE","HIGH","","OLD_QUOTED_TO_NEW_Q_BODY","long sentence inside a drop whose dominant register is Q — prose shape alone is not a quotation","Questions|Claims|Entities"
"4631","0","Democratic California Congressman, Tony Cárdenas, is being sued in LA County for allegedly sexually abused a 16-year-old girl.","QUOTED_OR_EMBEDDED (sustained prose block — pasted or quoted passage)","Q_AUTHORED_CURRENT_POST","Q_BODY","PROSE","HIGH","","OLD_QUOTED_TO_NEW_Q_BODY","long sentence inside a drop whose dominant register is Q — prose shape alone is not a quotation","Claims|Entities|Themes"
"4631","1","Democratic aide to Senator Barbara Boxer, Jeff Rosato, plead guilty to charges of trading in child pornography.","QUOTED_OR_EMBEDDED (sustained prose block — pasted or quoted passage)","Q_AUTHORED_CURRENT_POST","Q_BODY","PROSE","HIGH","","OLD_QUOTED_TO_NEW_Q_BODY","long sentence inside a drop whose dominant register is Q — prose shape alone is not a quotation","Claims|Entities|Themes"
"4631","2","Democratic Alaskan State Representative, Dean Westlake, resigned from his seat after the media published a report alleging he fathered a child with a 16-year-old girl when he was 28.","QUOTED_OR_EMBEDDED (sustained prose block — pasted or quoted passage)","Q_AUTHORED_CURRENT_POST","Q_BODY","PROSE","HIGH","","OLD_QUOTED_TO_NEW_Q_BODY","long sentence inside a drop whose dominant register is Q — prose shape alone is not a quotation","Claims|Entities|Themes"
"4631","3","Democratic New Jersey State Assemblyman, Neil Cohen, was convicted of possession and distribution of child pornography.","QUOTED_OR_EMBEDDED (sustained prose block — pasted or quoted passage)","Q_AUTHORED_CURRENT_POST","Q_BODY","PROSE","HIGH","","OLD_QUOTED_TO_NEW_Q_BODY","long sentence inside a drop whose dominant register is Q — prose shape alone is not a quotation","Claims|Entities|Themes"
"4631","4","Republican Tim Nolan, chairman of Donald Trump’s presidential campaign in Kentucky, pled guilty to child sex trafficking and on February 11, 2018 he was sentenced to serve 20 years in prison.","QUOTED_OR_EMBEDDED (sustained prose block — pasted or quoted passage)","Q_AUTHORED_CURRENT_POST","Q_BODY","PROSE","HIGH","","OLD_QUOTED_TO_NEW_Q_BODY","long sentence inside a drop whose dominant register is Q — prose shape alone is not a quotation","Claims|Entities|Themes"
"4631","5","Republican state Senator Ralph Shortey was indicted on four counts of human trafficking and child pornography. In November 2017, he pleaded guilty to one count of child sex trafficking in exchange for the dropping of the other charges.","QUOTED_OR_EMBEDDED (sustained prose block — pasted or quoted passage)","Q_AUTHORED_CURRENT_POST","Q_BODY","PROSE","HIGH","","OLD_QUOTED_TO_NEW_Q_BODY","long sentence inside a drop whose dominant register is Q — prose shape alone is not a quotation","Claims|Entities|Themes"
"4631","6","Republican anti-abortion activist Howard Scott Heldreth is a convicted child rapist in Florida.","QUOTED_OR_EMBEDDED (sustained prose block — pasted or quoted passage)","Q_AUTHORED_CURRENT_POST","Q_BODY","PROSE","HIGH","","OLD_QUOTED_TO_NEW_Q_BODY","long sentence inside a drop whose dominant register is Q — prose shape alone is not a quotation","Claims|Entities|Themes"
"4631","7","Republican County Commissioner David Swartz pleaded guilty to molesting two girls under the age of 11 and was sentenced to 8 years in prison.","QUOTED_OR_EMBEDDED (sustained prose block — pasted or quoted passage)","Q_AUTHORED_CURRENT_POST","Q_BODY","PROSE","HIGH","","OLD_QUOTED_TO_NEW_Q_BODY","long sentence inside a drop whose dominant register is Q — prose shape alone is not a quotation","Claims|Entities|Themes"
"4631","8","Republican judge Mark Pazuhanich pleaded no contest to fondling a 10-year old girl and was sentenced to 10 years probation.","QUOTED_OR_EMBEDDED (sustained prose block — pasted or quoted passage)","Q_AUTHORED_CURRENT_POST","Q_BODY","PROSE","HIGH","","OLD_QUOTED_TO_NEW_Q_BODY","long sentence inside a drop whose dominant register is Q — prose shape alone is not a quotation","Claims|Entities|Themes"
"4631","9","Republican anti-abortion activist Nicholas Morency pleaded guilty to possessing child pornography on his computer and offering a bounty to anybody who murders an abortion doctor.","QUOTED_OR_EMBEDDED (sustained prose block — pasted or quoted passage)","Q_AUTHORED_CURRENT_POST","Q_BODY","PROSE","HIGH","","OLD_QUOTED_TO_NEW_Q_BODY","long sentence inside a drop whose dominant register is Q — prose shape alone is not a quotation","Claims|Entities|Themes"
"4631","10","Republican legislator Edison Misla Aldarondo was sentenced to 10 years in prison for raping his daughter between the ages of 9 and 17.","QUOTED_OR_EMBEDDED (sustained prose block — pasted or quoted passage)","Q_AUTHORED_CURRENT_POST","Q_BODY","PROSE","HIGH","","OLD_QUOTED_TO_NEW_Q_BODY","long sentence inside a drop whose dominant register is Q — prose shape alone is not a quotation","Claims|Entities|Themes"
"4631","11","Republican Mayor Philip Giordano is serving a 37-year sentence in federal prison for sexually abusing 8- and 10-year old girls.","QUOTED_OR_EMBEDDED (sustained prose block — pasted or quoted passage)","Q_AUTHORED_CURRENT_POST","Q_BODY","PROSE","HIGH","","OLD_QUOTED_TO_NEW_Q_BODY","long sentence inside a drop whose dominant register is Q — prose shape alone is not a quotation","Claims|Entities|Themes"
"4631","12","Republican campaign consultant Tom Shortridge was sentenced to three years probation for taking nude photographs of a 15-year old girl.","QUOTED_OR_EMBEDDED (sustained prose block — pasted or quoted passage)","Q_AUTHORED_CURRENT_POST","Q_BODY","PROSE","HIGH","","OLD_QUOTED_TO_NEW_Q_BODY","long sentence inside a drop whose dominant register is Q — prose shape alone is not a quotation","Claims|Entities|Themes"
"4631","13","Republican Senator Strom Thurmond, a notable racist, had sex with a 15-year old black girl which produced a child.","QUOTED_OR_EMBEDDED (sustained prose block — pasted or quoted passage)","Q_AUTHORED_CURRENT_POST","Q_BODY","PROSE","HIGH","","OLD_QUOTED_TO_NEW_Q_BODY","long sentence inside a drop whose dominant register is Q — prose shape alone is not a quotation","Claims|Entities|Themes"
"4631","14","Republican pastor Mike Hintz, whom George W. Bush commended during the 2004 presidential campaign, surrendered to police after admitting to a sexual affair with a female juvenile.","QUOTED_OR_EMBEDDED (sustained prose block — pasted or quoted passage)","Q_AUTHORED_CURRENT_POST","Q_BODY","PROSE","HIGH","","OLD_QUOTED_TO_NEW_Q_BODY","long sentence inside a drop whose dominant register is Q — prose shape alone is not a quotation","Claims|Entities|Themes"
"4631","15","Republican legislator Peter Dibble pleaded no contest to having an inappropriate relationship with a 13-year-old girl.","QUOTED_OR_EMBEDDED (sustained prose block — pasted or quoted passage)","Q_AUTHORED_CURRENT_POST","Q_BODY","PROSE","HIGH","","OLD_QUOTED_TO_NEW_Q_BODY","long sentence inside a drop whose dominant register is Q — prose shape alone is not a quotation","Claims|Entities|Themes"
"4631","16","Republican Congressman Donald “Buz” Lukens was found guilty of having sex with a female minor and sentenced to one month in jail.","QUOTED_OR_EMBEDDED (sustained prose block — pasted or quoted passage)","Q_AUTHORED_CURRENT_POST","Q_BODY","PROSE","HIGH","","OLD_QUOTED_TO_NEW_Q_BODY","long sentence inside a drop whose dominant register is Q — prose shape alone is not a quotation","Claims|Entities|Themes"
"4631","17","Republican fundraiser Richard A. Delgaudio was found guilty of child porn charges and paying two teenage girls to pose for sexual photos.","QUOTED_OR_EMBEDDED (sustained prose block — pasted or quoted passage)","Q_AUTHORED_CURRENT_POST","Q_BODY","PROSE","HIGH","","OLD_QUOTED_TO_NEW_Q_BODY","long sentence inside a drop whose dominant register is Q — prose shape alone is not a quotation","Claims|Entities|Themes"
"4631","18","Republican activist Mark A. Grethen convicted on six counts of sex crimes involving children.","QUOTED_OR_EMBEDDED (sustained prose block — pasted or quoted passage)","Q_AUTHORED_CURRENT_POST","Q_BODY","PROSE","HIGH","","OLD_QUOTED_TO_NEW_Q_BODY","long sentence inside a drop whose dominant register is Q — prose shape alone is not a quotation","Claims|Entities|Themes"
"4631","19","Republican activist Randal David Ankeney pleaded guilty to attempted sexual assault on a child.","QUOTED_OR_EMBEDDED (sustained prose block — pasted or quoted passage)","Q_AUTHORED_CURRENT_POST","Q_BODY","PROSE","HIGH","","OLD_QUOTED_TO_NEW_Q_BODY","long sentence inside a drop whose dominant register is Q — prose shape alone is not a quotation","Claims|Entities|Themes"
"4631","20","Republican Congressman Dan Crane had sex with a female minor working as a congressional page.","QUOTED_OR_EMBEDDED (sustained prose block — pasted or quoted passage)","Q_AUTHORED_CURRENT_POST","Q_BODY","PROSE","HIGH","","OLD_QUOTED_TO_NEW_Q_BODY","long sentence inside a drop whose dominant register is Q — prose shape alone is not a quotation","Claims|Entities|Themes"
"4631","21","Republican activist and Christian Coalition leader Beverly Russell admitted to an incestuous relationship with his step daughter.","QUOTED_OR_EMBEDDED (sustained prose block — pasted or quoted passage)","Q_AUTHORED_CURRENT_POST","Q_BODY","PROSE","HIGH","","OLD_QUOTED_TO_NEW_Q_BODY","long sentence inside a drop whose dominant register is Q — prose shape alone is not a quotation","Claims|Entities|Themes"
"4631","22","Republican congressman and anti-gay activist Robert Bauman was charged with having sex with a 16-year-old boy he picked up at a gay bar.","QUOTED_OR_EMBEDDED (sustained prose block — pasted or quoted passage)","Q_AUTHORED_CURRENT_POST","Q_BODY","PROSE","HIGH","","OLD_QUOTED_TO_NEW_Q_BODY","long sentence inside a drop whose dominant register is Q — prose shape alone is not a quotation","Claims|Entities|Themes"
"4631","23","Republican Committee Chairman Jeffrey Patti was arrested for distributing a video clip of a 5-year-old girl being raped.","QUOTED_OR_EMBEDDED (sustained prose block — pasted or quoted passage)","Q_AUTHORED_CURRENT_POST","Q_BODY","PROSE","HIGH","","OLD_QUOTED_TO_NEW_Q_BODY","long sentence inside a drop whose dominant register is Q — prose shape alone is not a quotation","Claims|Entities|Themes"
"4632","0","Republican activist Marty Glickman (a.k.a. “Republican Marty”), was taken into custody by Florida police on four counts of unlawful sexual activity with an underage girl and one count of delivering the drug LSD.","QUOTED_OR_EMBEDDED (sustained prose block — pasted or quoted passage)","Q_AUTHORED_CURRENT_POST","Q_BODY","PROSE","HIGH","","OLD_QUOTED_TO_NEW_Q_BODY","long sentence inside a drop whose dominant register is Q — prose shape alone is not a quotation","Claims|Entities|Themes"
"4632","1","Republican legislative aide Howard L. Brooks was charged with molesting a 12-year old boy and possession of child pornography.","QUOTED_OR_EMBEDDED (sustained prose block — pasted or quoted passage)","Q_AUTHORED_CURRENT_POST","Q_BODY","PROSE","HIGH","","OLD_QUOTED_TO_NEW_Q_BODY","long sentence inside a drop whose dominant register is Q — prose shape alone is not a quotation","Claims|Entities|Themes"
"4632","2","Republican Senate candidate John Hathaway was accused of having sex with his 12-year old baby sitter and withdrew his candidacy after the allegations were reported in the media.","QUOTED_OR_EMBEDDED (sustained prose block — pasted or quoted passage)","Q_AUTHORED_CURRENT_POST","Q_BODY","PROSE","HIGH","","OLD_QUOTED_TO_NEW_Q_BODY","long sentence inside a drop whose dominant register is Q — prose shape alone is not a quotation","Claims|Entities|Themes"
"4632","3","Republican preacher Stephen White, who demanded a return to traditional values, was sentenced to jail after offering $20 to a 14-year-old boy for permission to perform oral sex on him.","QUOTED_OR_EMBEDDED (sustained prose block — pasted or quoted passage)","Q_AUTHORED_CURRENT_POST","Q_BODY","PROSE","HIGH","","OLD_QUOTED_TO_NEW_Q_BODY","long sentence inside a drop whose dominant register is Q — prose shape alone is not a quotation","Claims|Entities|Themes"
"4632","4","Republican talk show host Jon Matthews pleaded guilty to exposing his genitals to an 11 year old girl.Republican anti-gay activist Earl “Butch” Kimmerling was sentenced to 40 years in prison for molesting an 8-year old girl after he attempted to stop a gay couple from adopting her.","QUOTED_OR_EMBEDDED (sustained prose block — pasted or quoted passage)","Q_AUTHORED_CURRENT_POST","Q_BODY","PROSE","HIGH","","OLD_QUOTED_TO_NEW_Q_BODY","long sentence inside a drop whose dominant register is Q — prose shape alone is not a quotation","Claims|Entities|Themes"
"4632","5","Republican Party leader Paul Ingram pleaded guilty to six counts of raping his daughters and served 14 years in federal prison.","QUOTED_OR_EMBEDDED (sustained prose block — pasted or quoted passage)","Q_AUTHORED_CURRENT_POST","Q_BODY","PROSE","HIGH","","OLD_QUOTED_TO_NEW_Q_BODY","long sentence inside a drop whose dominant register is Q — prose shape alone is not a quotation","Claims|Entities|Themes"
"4632","6","Republican election board official Kevin Coan was sentenced to two years probation for soliciting sex over the internet from a 14-year old girl.","QUOTED_OR_EMBEDDED (sustained prose block — pasted or quoted passage)","Q_AUTHORED_CURRENT_POST","Q_BODY","PROSE","HIGH","","OLD_QUOTED_TO_NEW_Q_BODY","long sentence inside a drop whose dominant register is Q — prose shape alone is not a quotation","Claims|Entities|Themes"
"4632","7","Republican politician Andrew Buhr was charged with two counts of first degree sodomy with a 13-year old boy.","QUOTED_OR_EMBEDDED (sustained prose block — pasted or quoted passage)","Q_AUTHORED_CURRENT_POST","Q_BODY","PROSE","HIGH","","OLD_QUOTED_TO_NEW_Q_BODY","long sentence inside a drop whose dominant register is Q — prose shape alone is not a quotation","Claims|Entities|Themes"
"4632","8","Republican politician Keith Westmoreland was arrested on seven felony counts of lewd and lascivious exhibition to girls under the age of 16 (i.e. exposing himself to children).","QUOTED_OR_EMBEDDED (sustained prose block — pasted or quoted passage)","Q_AUTHORED_CURRENT_POST","Q_BODY","PROSE","HIGH","","OLD_QUOTED_TO_NEW_Q_BODY","long sentence inside a drop whose dominant register is Q — prose shape alone is not a quotation","Claims|Entities|Themes"
"4632","9","Republican anti-abortion activist John Allen Burt was charged with sexual misconduct involving a 15-year old girl.","QUOTED_OR_EMBEDDED (sustained prose block — pasted or quoted passage)","Q_AUTHORED_CURRENT_POST","Q_BODY","PROSE","HIGH","","OLD_QUOTED_TO_NEW_Q_BODY","long sentence inside a drop whose dominant register is Q — prose shape alone is not a quotation","Claims|Entities|Themes"
"4632","10","Republican County Councilman Keola Childs pleaded guilty to molesting a male child.","QUOTED_OR_EMBEDDED (sustained prose block — pasted or quoted passage)","Q_AUTHORED_CURRENT_POST","Q_BODY","PROSE","HIGH","","OLD_QUOTED_TO_NEW_Q_BODY","long sentence inside a drop whose dominant register is Q — prose shape alone is not a quotation","Claims|Entities|Themes"
"4632","11","Republican activist John Butler was charged with criminal sexual assault on a teenage girl.Republican candidate Richard Gardner admitted to molesting his two daughters.","QUOTED_OR_EMBEDDED (sustained prose block — pasted or quoted passage)","Q_AUTHORED_CURRENT_POST","Q_BODY","PROSE","HIGH","","OLD_QUOTED_TO_NEW_Q_BODY","long sentence inside a drop whose dominant register is Q — prose shape alone is not a quotation","Claims|Entities|Themes"
"4632","12","Republican Councilman and former Marine Jack W. Gardner was convicted of molesting a 13-year old girl.","QUOTED_OR_EMBEDDED (sustained prose block — pasted or quoted passage)","Q_AUTHORED_CURRENT_POST","Q_BODY","PROSE","HIGH","","OLD_QUOTED_TO_NEW_Q_BODY","long sentence inside a drop whose dominant register is Q — prose shape alone is not a quotation","Claims|Entities|Themes"
"4632","13","Republican County Commissioner Merrill Robert Barter pleaded guilty to unlawful sexual contact and assault on a teenage boy.","QUOTED_OR_EMBEDDED (sustained prose block — pasted or quoted passage)","Q_AUTHORED_CURRENT_POST","Q_BODY","PROSE","HIGH","","OLD_QUOTED_TO_NEW_Q_BODY","long sentence inside a drop whose dominant register is Q — prose shape alone is not a quotation","Claims|Entities|Themes"
"4632","14","Republican City Councilman Fred C. Smeltzer, Jr. pleaded no contest to raping a 15 year-old girl and served 6-months in prison.","QUOTED_OR_EMBEDDED (sustained prose block — pasted or quoted passage)","Q_AUTHORED_CURRENT_POST","Q_BODY","PROSE","HIGH","","OLD_QUOTED_TO_NEW_Q_BODY","long sentence inside a drop whose dominant register is Q — prose shape alone is not a quotation","Claims|Entities|Themes"
"4632","15","Republican activist Parker J. Bena pleaded guilty to possession of child pornography on his home computer and was sentenced to 30 months in federal prison and fined $18,000.","QUOTED_OR_EMBEDDED (sustained prose block — pasted or quoted passage)","Q_AUTHORED_CURRENT_POST","Q_BODY","PROSE","HIGH","","OLD_QUOTED_TO_NEW_Q_BODY","long sentence inside a drop whose dominant register is Q — prose shape alone is not a quotation","Claims|Entities|Themes"
"4632","16","Republican parole board officer and former Colorado state representative, Larry Jack Schwarz, was fired after child pornography was found in his possession.","QUOTED_OR_EMBEDDED (sustained prose block — pasted or quoted passage)","Q_AUTHORED_CURRENT_POST","Q_BODY","PROSE","HIGH","","OLD_QUOTED_TO_NEW_Q_BODY","long sentence inside a drop whose dominant register is Q — prose shape alone is not a quotation","Claims|Entities|Themes"
"4632","17","Republican strategist and Citadel Military College graduate Robin Vanderwall was convicted in Virginia on five counts of soliciting sex from boys and girls over the internet.","QUOTED_OR_EMBEDDED (sustained prose block — pasted or quoted passage)","Q_AUTHORED_CURRENT_POST","Q_BODY","PROSE","HIGH","","OLD_QUOTED_TO_NEW_Q_BODY","long sentence inside a drop whose dominant register is Q — prose shape alone is not a quotation","Claims|Entities|Themes"
"4632","18","Republican city councilman Mark Harris, who is described as a “good military man” and “church goer,” was convicted of repeatedly having sex with an 11-year-old girl and sentenced to 12 years in prison.","QUOTED_OR_EMBEDDED (sustained prose block — pasted or quoted passage)","Q_AUTHORED_CURRENT_POST","Q_BODY","PROSE","HIGH","","OLD_QUOTED_TO_NEW_Q_BODY","long sentence inside a drop whose dominant register is Q — prose shape alone is not a quotation","Claims|Entities|Themes"
"4632","19","Republican businessman Jon Grunseth withdrew his candidacy for Minnesota governor after allegations surfaced that he went swimming in the nude with four underage girls, including his daughter.","QUOTED_OR_EMBEDDED (sustained prose block — pasted or quoted passage)","Q_AUTHORED_CURRENT_POST","Q_BODY","PROSE","HIGH","","OLD_QUOTED_TO_NEW_Q_BODY","long sentence inside a drop whose dominant register is Q — prose shape alone is not a quotation","Claims|Entities|Themes"
"4632","20","Republican director of the “Young Republican Federation” Nicholas Elizondo molested his 6-year old daughter and was sentenced to six years in prison.","QUOTED_OR_EMBEDDED (sustained prose block — pasted or quoted passage)","Q_AUTHORED_CURRENT_POST","Q_BODY","PROSE","HIGH","","OLD_QUOTED_TO_NEW_Q_BODY","long sentence inside a drop whose dominant register is Q — prose shape alone is not a quotation","Claims|Entities|Themes"
"4633","0","Republican benefactor of conservative Christian groups, Richard A. Dasen Sr., was charged with rape for allegedly paying a 15-year old girl for sex. Dasen, 62, who is married with grown children and several grandchildren, has allegedly told police that over the past decade he paid more than $1 million to have sex with a large number of young women.","QUOTED_OR_EMBEDDED (sustained prose block — pasted or quoted passage)","Q_AUTHORED_CURRENT_POST","Q_BODY","PROSE","HIGH","","OLD_QUOTED_TO_NEW_Q_BODY","long sentence inside a drop whose dominant register is Q — prose shape alone is not a quotation","Claims|Entities|Themes"
"4633","1","Democratic donor and billionaire, Jeffrey Epstein, ran an underage child sex brothel and was convicted of soliciting underage girls for prostitution.","QUOTED_OR_EMBEDDED (sustained prose block — pasted or quoted passage)","Q_AUTHORED_CURRENT_POST","Q_BODY","PROSE","HIGH","","OLD_QUOTED_TO_NEW_Q_BODY","long sentence inside a drop whose dominant register is Q — prose shape alone is not a quotation","Claims|Entities|Themes"
"4633","2","Democratic New York Congressman, Anthony Weiner, plead guilty to transferring obscene material to a minor as part of a plea agreement for sexted and sending Twitter DMs to underage girls as young as 15.","QUOTED_OR_EMBEDDED (sustained prose block — pasted or quoted passage)","Q_AUTHORED_CURRENT_POST","Q_BODY","PROSE","HIGH","","OLD_QUOTED_TO_NEW_Q_BODY","long sentence inside a drop whose dominant register is Q — prose shape alone is not a quotation","Claims|Entities|Themes"
"4633","3","Democratic donor, activist, and Hollywood producer Harvey Weinstein is being criminally prosecuted and civilly sued for years of sexual abuse (that was well known “secret” in Hollywood) including underage sexual activities with aspiring female actresses.","QUOTED_OR_EMBEDDED (sustained prose block — pasted or quoted passage)","Q_AUTHORED_CURRENT_POST","Q_BODY","PROSE","HIGH","","OLD_QUOTED_TO_NEW_Q_BODY","long sentence inside a drop whose dominant register is Q — prose shape alone is not a quotation","Claims|Entities|Themes"
"4633","4","Democratic activist and #metoo proponent, Asia Argento, settled a lawsuit for sexual harassment stemming from sexual activities with an underage actor.","QUOTED_OR_EMBEDDED (sustained prose block — pasted or quoted passage)","Q_AUTHORED_CURRENT_POST","Q_BODY","PROSE","HIGH","","OLD_QUOTED_TO_NEW_Q_BODY","long sentence inside a drop whose dominant register is Q — prose shape alone is not a quotation","Claims|Entities|Themes"
"4633","5","Democratic Mayor of Racine, Wisconsin, Gary Becker, was convicted of attempted child seduction, child pornography, and other child sex crimes.","QUOTED_OR_EMBEDDED (sustained prose block — pasted or quoted passage)","Q_AUTHORED_CURRENT_POST","Q_BODY","PROSE","HIGH","","OLD_QUOTED_TO_NEW_Q_BODY","long sentence inside a drop whose dominant register is Q — prose shape alone is not a quotation","Claims|Entities|Themes"
"4633","6","Democratic Seattle Mayor Ed Murray resigned after multiple accusations of child sexual abuse were levied against him including by family members.","QUOTED_OR_EMBEDDED (sustained prose block — pasted or quoted passage)","Q_AUTHORED_CURRENT_POST","Q_BODY","PROSE","HIGH","","OLD_QUOTED_TO_NEW_Q_BODY","long sentence inside a drop whose dominant register is Q — prose shape alone is not a quotation","Claims|Entities|Themes"
"4633","7","Democratic activist and aid to NYC Mayor De Blasio, Jacob Schwartz was arrested on possession of 3,000+ child pornographic images.","QUOTED_OR_EMBEDDED (sustained prose block — pasted or quoted passage)","Q_AUTHORED_CURRENT_POST","Q_BODY","PROSE","HIGH","","OLD_QUOTED_TO_NEW_Q_BODY","long sentence inside a drop whose dominant register is Q — prose shape alone is not a quotation","Claims|Entities|Themes"
"4633","8","Democratic activist and actor, Russell Simmons, was sued based on an allegation of sexual assault where he coerced an underage model for sex.","QUOTED_OR_EMBEDDED (sustained prose block — pasted or quoted passage)","Q_AUTHORED_CURRENT_POST","Q_BODY","PROSE","HIGH","","OLD_QUOTED_TO_NEW_Q_BODY","long sentence inside a drop whose dominant register is Q — prose shape alone is not a quotation","Claims|Entities|Themes"
"4633","9","Democratic Governor of Oregon, Neil Goldschmidt, after being caught by a newspaper, publicly admitted to having a past sexual relationship with a 13-year-old girl after the statute of limitations on the rape charges had expired.","QUOTED_OR_EMBEDDED (sustained prose block — pasted or quoted passage)","Q_AUTHORED_CURRENT_POST","Q_BODY","PROSE","HIGH","","OLD_QUOTED_TO_NEW_Q_BODY","long sentence inside a drop whose dominant register is Q — prose shape alone is not a quotation","Claims|Entities|Themes"
"4633","10","Democratic Illinois Congressman, Mel Reynolds resigned from Congress after he was convicted of statutory rape of a 16-year-old campaign volunteer.","QUOTED_OR_EMBEDDED (sustained prose block — pasted or quoted passage)","Q_AUTHORED_CURRENT_POST","Q_BODY","PROSE","HIGH","","OLD_QUOTED_TO_NEW_Q_BODY","long sentence inside a drop whose dominant register is Q — prose shape alone is not a quotation","Claims|Entities|Themes"
"4633","11","Democratic New York Congressman, Fred Richmond, was arrested in Washington D.C. for soliciting sex from a 16-year-old boy.","QUOTED_OR_EMBEDDED (sustained prose block — pasted or quoted passage)","Q_AUTHORED_CURRENT_POST","Q_BODY","PROSE","HIGH","","OLD_QUOTED_TO_NEW_Q_BODY","long sentence inside a drop whose dominant register is Q — prose shape alone is not a quotation","Claims|Entities|Themes"
"4633","12","Democratic activist, donor, and director, Roman Polanski, fled the country after pleading guilty to statutory rape of a 13-year-old girl. Democrats and Hollywood actors still defend him to this day, including, Whoopi Goldberg, Martin Scorcese, Woody Allen, David Lynch, Wim Wenders, Pedro Almodovar, Tilda Swinton and Monica Bellucci.","QUOTED_OR_EMBEDDED (sustained prose block — pasted or quoted passage)","Q_AUTHORED_CURRENT_POST","Q_BODY","PROSE","HIGH","","OLD_QUOTED_TO_NEW_Q_BODY","long sentence inside a drop whose dominant register is Q — prose shape alone is not a quotation","Claims|Entities|Themes"
"4633","13","Democratic State Senator from Alaska, George Jacko, was found guilty of sexual harassment of an underage legislative page.","QUOTED_OR_EMBEDDED (sustained prose block — pasted or quoted passage)","Q_AUTHORED_CURRENT_POST","Q_BODY","PROSE","HIGH","","OLD_QUOTED_TO_NEW_Q_BODY","long sentence inside a drop whose dominant register is Q — prose shape alone is not a quotation","Claims|Entities|Themes"
"4633","14","Democratic State Representative candidate for Colorado, Andrew Myers, was convicted for possession of child pornography and enticing children.","QUOTED_OR_EMBEDDED (sustained prose block — pasted or quoted passage)","Q_AUTHORED_CURRENT_POST","Q_BODY","PROSE","HIGH","","OLD_QUOTED_TO_NEW_Q_BODY","long sentence inside a drop whose dominant register is Q — prose shape alone is not a quotation","Claims|Entities|Themes"
"4633","15","Democratic Illinois Congressman, Gus Savage was investigated by the Democrat-controlled House Committee on Ethics for attempting to rape an underage female Peace Corps volunteer in Zaire. The Committee concluded that while the events did occur his apology was sufficient and took no further action.","QUOTED_OR_EMBEDDED (sustained prose block — pasted or quoted passage)","Q_AUTHORED_CURRENT_POST","Q_BODY","PROSE","HIGH","","OLD_QUOTED_TO_NEW_Q_BODY","long sentence inside a drop whose dominant register is Q — prose shape alone is not a quotation","Claims|Entities|Themes"
"4633","16","Democratic activist, donor, and spokesperson for Subway, Jared Fogle, was convicted of distribution and receipt of child pornography and traveling to engage in illicit sexual conduct with a minor.","QUOTED_OR_EMBEDDED (sustained prose block — pasted or quoted passage)","Q_AUTHORED_CURRENT_POST","Q_BODY","PROSE","HIGH","","OLD_QUOTED_TO_NEW_Q_BODY","long sentence inside a drop whose dominant register is Q — prose shape alone is not a quotation","Claims|Entities|Themes"
"4633","17","Democratic State Department official, Carl Carey, under Hillary Clinton’s state department, was arrested on ten counts of child porn possession.","QUOTED_OR_EMBEDDED (sustained prose block — pasted or quoted passage)","Q_AUTHORED_CURRENT_POST","Q_BODY","PROSE","HIGH","","OLD_QUOTED_TO_NEW_Q_BODY","long sentence inside a drop whose dominant register is Q — prose shape alone is not a quotation","Claims|Entities|Themes"
"4633","18","Democratic Maine Assistant Attorney General, James Cameron, was sentenced to just over 15 years in federal prison for seven counts of child porn possession, receipt and transmission.","QUOTED_OR_EMBEDDED (sustained prose block — pasted or quoted passage)","Q_AUTHORED_CURRENT_POST","Q_BODY","PROSE","HIGH","","OLD_QUOTED_TO_NEW_Q_BODY","long sentence inside a drop whose dominant register is Q — prose shape alone is not a quotation","Claims|Entities|Themes"
"4633","19","Democratic State Department official, Daniel Rosen, under Hillary Clinton’s state department, was arrested and charged with allegedly soliciting sex from a minor over the internet.","QUOTED_OR_EMBEDDED (sustained prose block — pasted or quoted passage)","Q_AUTHORED_CURRENT_POST","Q_BODY","PROSE","HIGH","","OLD_QUOTED_TO_NEW_Q_BODY","long sentence inside a drop whose dominant register is Q — prose shape alone is not a quotation","Claims|Entities|Themes"
"4633","20","Democratic State Department official, James Cafferty, pleaded guilty to one count of transportation of child pornography.","QUOTED_OR_EMBEDDED (sustained prose block — pasted or quoted passage)","Q_AUTHORED_CURRENT_POST","Q_BODY","PROSE","HIGH","","OLD_QUOTED_TO_NEW_Q_BODY","long sentence inside a drop whose dominant register is Q — prose shape alone is not a quotation","Claims|Entities|Themes"
"4633","21","Democratic radio host, Bernie Ward, plead guilty to one count of sending child pornography over the Internet.Democratic deputy attorney general from California, Raymond Liddy, was arrested for possession of child pornography.","QUOTED_OR_EMBEDDED (sustained prose block — pasted or quoted passage)","Q_AUTHORED_CURRENT_POST","Q_BODY","PROSE","HIGH","","OLD_QUOTED_TO_NEW_Q_BODY","long sentence inside a drop whose dominant register is Q — prose shape alone is not a quotation","Claims|Entities|Themes"
"4638","0",">>10567687","Q_AUTHORED_CURRENT_POST","QUOTED_OR_EMBEDDED","QUOTED_ANONYMOUS_POST","BOARD_POINTER","HIGH","","OLD_Q_BODY_TO_NEW_QUOTED","board back-reference pointer","Questions|Claims|Codes|Emphasis"
"4642","0",">>10581861","Q_AUTHORED_CURRENT_POST","QUOTED_OR_EMBEDDED","QUOTED_ANONYMOUS_POST","BOARD_POINTER","HIGH","","OLD_Q_BODY_TO_NEW_QUOTED","board back-reference pointer",""
"4648","0",">>10591965","Q_AUTHORED_CURRENT_POST","QUOTED_OR_EMBEDDED","QUOTED_ANONYMOUS_POST","BOARD_POINTER","HIGH","","OLD_Q_BODY_TO_NEW_QUOTED","board back-reference pointer","Directives|Questions|Claims|Codes|Emphasis|Entities|Themes"
"4654","0",">>10595056","Q_AUTHORED_CURRENT_POST","QUOTED_OR_EMBEDDED","QUOTED_ANONYMOUS_POST","BOARD_POINTER","HIGH","","OLD_Q_BODY_TO_NEW_QUOTED","board back-reference pointer",""
"4656","0",">>10596595","Q_AUTHORED_CURRENT_POST","QUOTED_OR_EMBEDDED","QUOTED_ANONYMOUS_POST","BOARD_POINTER","HIGH","","OLD_Q_BODY_TO_NEW_QUOTED","board back-reference pointer","Entities|Themes"
"4656","2","noun","QUOTED_OR_EMBEDDED (dictionary entry)","Q_AUTHORED_CURRENT_POST","Q_BODY","PROSE","HIGH","","OLD_QUOTED_TO_NEW_Q_BODY","canonical post body, no embedded-source evidence","Entities|Themes"
"4656","3","a person who deserts a party or cause for another.","QUOTED_OR_EMBEDDED (dictionary entry (continuation))","Q_AUTHORED_CURRENT_POST","Q_BODY","PROSE","HIGH","","OLD_QUOTED_TO_NEW_Q_BODY","canonical post body, no embedded-source evidence","Entities|Themes"
"4656","4","an apostate from a religious faith.","QUOTED_OR_EMBEDDED (dictionary entry (continuation))","Q_AUTHORED_CURRENT_POST","Q_BODY","PROSE","HIGH","","OLD_QUOTED_TO_NEW_Q_BODY","canonical post body, no embedded-source evidence","Entities|Themes"
"4656","5","adjective","QUOTED_OR_EMBEDDED (dictionary entry (continuation))","Q_AUTHORED_CURRENT_POST","Q_BODY","PROSE","HIGH","","OLD_QUOTED_TO_NEW_Q_BODY","canonical post body, no embedded-source evidence","Entities|Themes"
"4656","6","of or like a renegade; traitorous.","QUOTED_OR_EMBEDDED (dictionary entry (continuation))","Q_AUTHORED_CURRENT_POST","Q_BODY","PROSE","HIGH","","OLD_QUOTED_TO_NEW_Q_BODY","canonical post body, no embedded-source evidence","Entities|Themes"
"4659","0",">>10597334","Q_AUTHORED_CURRENT_POST","QUOTED_OR_EMBEDDED","QUOTED_ANONYMOUS_POST","BOARD_POINTER","HIGH","","OLD_Q_BODY_TO_NEW_QUOTED","board back-reference pointer","Directives"
"4660","0",">>10597460","Q_AUTHORED_CURRENT_POST","QUOTED_OR_EMBEDDED","QUOTED_ANONYMOUS_POST","BOARD_POINTER","HIGH","","OLD_Q_BODY_TO_NEW_QUOTED","board back-reference pointer","Claims"
"4661","0",">>10597547","Q_AUTHORED_CURRENT_POST","QUOTED_OR_EMBEDDED","QUOTED_ANONYMOUS_POST","BOARD_POINTER","HIGH","","OLD_Q_BODY_TO_NEW_QUOTED","board back-reference pointer","Codes|Emphasis"
"4662","0",">>10597622","Q_AUTHORED_CURRENT_POST","QUOTED_OR_EMBEDDED","QUOTED_ANONYMOUS_POST","BOARD_POINTER","HIGH","","OLD_Q_BODY_TO_NEW_QUOTED","board back-reference pointer",""
"4663","0",">>10597753","Q_AUTHORED_CURRENT_POST","QUOTED_OR_EMBEDDED","QUOTED_ANONYMOUS_POST","BOARD_POINTER","HIGH","","OLD_Q_BODY_TO_NEW_QUOTED","board back-reference pointer","Questions|Emphasis"
"4664","0",">>10597859 (/pb)","Q_AUTHORED_CURRENT_POST","QUOTED_OR_EMBEDDED","QUOTED_ANONYMOUS_POST","BOARD_POINTER","HIGH","","OLD_Q_BODY_TO_NEW_QUOTED","board back-reference pointer","Directives|Questions|Claims"
"4668","0",">>10605891","Q_AUTHORED_CURRENT_POST","QUOTED_OR_EMBEDDED","QUOTED_ANONYMOUS_POST","BOARD_POINTER","HIGH","","OLD_Q_BODY_TO_NEW_QUOTED","board back-reference pointer","Claims|Entities"
"4671","0",">>10608839","Q_AUTHORED_CURRENT_POST","QUOTED_OR_EMBEDDED","QUOTED_ANONYMOUS_POST","BOARD_POINTER","HIGH","","OLD_Q_BODY_TO_NEW_QUOTED","board back-reference pointer",""
"4672","0",">>10609371","Q_AUTHORED_CURRENT_POST","QUOTED_OR_EMBEDDED","QUOTED_ANONYMOUS_POST","BOARD_POINTER","HIGH","","OLD_Q_BODY_TO_NEW_QUOTED","board back-reference pointer","Directives|Questions|Codes|Emphasis|Themes"
"4674","0",">>10609637","Q_AUTHORED_CURRENT_POST","QUOTED_OR_EMBEDDED","QUOTED_ANONYMOUS_POST","BOARD_POINTER","HIGH","","OLD_Q_BODY_TO_NEW_QUOTED","board back-reference pointer",""
"4675","0",">>10609726","Q_AUTHORED_CURRENT_POST","QUOTED_OR_EMBEDDED","QUOTED_ANONYMOUS_POST","BOARD_POINTER","HIGH","","OLD_Q_BODY_TO_NEW_QUOTED","board back-reference pointer",""
"4678","0",">>10613424","Q_AUTHORED_CURRENT_POST","QUOTED_OR_EMBEDDED","QUOTED_ANONYMOUS_POST","BOARD_POINTER","HIGH","","OLD_Q_BODY_TO_NEW_QUOTED","board back-reference pointer","Directives"
"4679","0",">>10613821","Q_AUTHORED_CURRENT_POST","QUOTED_OR_EMBEDDED","QUOTED_ANONYMOUS_POST","BOARD_POINTER","HIGH","","OLD_Q_BODY_TO_NEW_QUOTED","board back-reference pointer",""
"4681","0",">>10618838","Q_AUTHORED_CURRENT_POST","QUOTED_OR_EMBEDDED","QUOTED_ANONYMOUS_POST","BOARD_POINTER","HIGH","","OLD_Q_BODY_TO_NEW_QUOTED","board back-reference pointer",""
"4683","0",">>10618970","Q_AUTHORED_CURRENT_POST","QUOTED_OR_EMBEDDED","QUOTED_ANONYMOUS_POST","BOARD_POINTER","HIGH","","OLD_Q_BODY_TO_NEW_QUOTED","board back-reference pointer","Directives|Emphasis"
"4684","0",">>10619368","Q_AUTHORED_CURRENT_POST","QUOTED_OR_EMBEDDED","QUOTED_ANONYMOUS_POST","BOARD_POINTER","HIGH","","OLD_Q_BODY_TO_NEW_QUOTED","board back-reference pointer",""
"4685","9","to often repeat an idea or belief to someone in order to persuade them to accept it","QUOTED_OR_EMBEDDED (sustained prose block — pasted or quoted passage)","Q_AUTHORED_CURRENT_POST","Q_BODY","PROSE","HIGH","","OLD_QUOTED_TO_NEW_Q_BODY","long sentence inside a drop whose dominant register is Q — prose shape alone is not a quotation","Directives|Questions|Claims|Codes|Emphasis|Entities"
"4685","10","Next: grab 'rage & emotion' [organized platform(s)] by indoctrinated and project as 'majority' [zoom and enhance _narrow focus as mainstream].","QUOTED_OR_EMBEDDED (sustained prose block — pasted or quoted passage)","Q_AUTHORED_CURRENT_POST","Q_BODY","PROSE","HIGH","","OLD_QUOTED_TO_NEW_Q_BODY","long sentence inside a drop whose dominant register is Q — prose shape alone is not a quotation","Directives|Questions|Claims|Codes|Emphasis|Entities"
"4690","0",">>10633420","Q_AUTHORED_CURRENT_POST","QUOTED_OR_EMBEDDED","QUOTED_ANONYMOUS_POST","BOARD_POINTER","HIGH","","OLD_Q_BODY_TO_NEW_QUOTED","board back-reference pointer",""
"4695","0",">>10634716","Q_AUTHORED_CURRENT_POST","QUOTED_OR_EMBEDDED","QUOTED_ANONYMOUS_POST","BOARD_POINTER","HIGH","","OLD_Q_BODY_TO_NEW_QUOTED","board back-reference pointer",""
"4699","15","https://twitter.com/MrAndyNgo/status/1294487845810233345","QUOTED_OR_EMBEDDED (inside a multi-line quotation)","Q_AUTHORED_CURRENT_POST","Q_BODY","URL_LINE","HIGH","","OLD_QUOTED_TO_NEW_Q_BODY","bare URL line, cut from the adjacent sentence","Questions|Codes|Entities|Themes"
"470","0",">>251666","Q_AUTHORED_CURRENT_POST","QUOTED_OR_EMBEDDED","QUOTED_ANONYMOUS_POST","BOARD_POINTER","HIGH","","OLD_Q_BODY_TO_NEW_QUOTED","board back-reference pointer","Questions|Claims|Entities|Themes"
"4702","0",">>10645101","Q_AUTHORED_CURRENT_POST","QUOTED_OR_EMBEDDED","QUOTED_ANONYMOUS_POST","BOARD_POINTER","HIGH","","OLD_Q_BODY_TO_NEW_QUOTED","board back-reference pointer",""
"4703","0",">>10645144 (/pb)","Q_AUTHORED_CURRENT_POST","QUOTED_OR_EMBEDDED","QUOTED_ANONYMOUS_POST","BOARD_POINTER","HIGH","","OLD_Q_BODY_TO_NEW_QUOTED","board back-reference pointer",""
"4705","2","noun","QUOTED_OR_EMBEDDED (dictionary entry)","Q_AUTHORED_CURRENT_POST","Q_BODY","PROSE","HIGH","","OLD_QUOTED_TO_NEW_Q_BODY","canonical post body, no embedded-source evidence","Entities"
"4705","3","a person who loves, supports, and defends his or her country and its interests with devotion","QUOTED_OR_EMBEDDED (dictionary entry (continuation))","Q_AUTHORED_CURRENT_POST","Q_BODY","PROSE","HIGH","","OLD_QUOTED_TO_NEW_Q_BODY","long sentence inside a drop whose dominant register is Q — prose shape alone is not a quotation","Entities"
"4705","4","a person who loves their country and, if necessary, will fight for it","QUOTED_OR_EMBEDDED (dictionary entry (continuation))","Q_AUTHORED_CURRENT_POST","Q_BODY","PROSE","HIGH","","OLD_QUOTED_TO_NEW_Q_BODY","long sentence inside a drop whose dominant register is Q — prose shape alone is not a quotation","Entities"
"4705","5","a person who vigorously supports their country and is prepared to defend it against enemies or detractors","QUOTED_OR_EMBEDDED (dictionary entry (continuation))","Q_AUTHORED_CURRENT_POST","Q_BODY","PROSE","HIGH","","OLD_QUOTED_TO_NEW_Q_BODY","long sentence inside a drop whose dominant register is Q — prose shape alone is not a quotation","Entities"
"4705","6","a person who regards himself or herself as a defender, especially of individual rights","QUOTED_OR_EMBEDDED (dictionary entry (continuation))","Q_AUTHORED_CURRENT_POST","Q_BODY","PROSE","HIGH","","OLD_QUOTED_TO_NEW_Q_BODY","long sentence inside a drop whose dominant register is Q — prose shape alone is not a quotation","Entities"
"4705","7","against all enemies foreign and domestic","QUOTED_OR_EMBEDDED (dictionary entry (continuation))","Q_AUTHORED_CURRENT_POST","Q_BODY","PROSE","HIGH","","OLD_QUOTED_TO_NEW_Q_BODY","canonical post body, no embedded-source evidence","Entities"
"471","0",">>251685","Q_AUTHORED_CURRENT_POST","QUOTED_OR_EMBEDDED","QUOTED_ANONYMOUS_POST","BOARD_POINTER","HIGH","","OLD_Q_BODY_TO_NEW_QUOTED","board back-reference pointer","Questions"
"4713","0",">>10650561","Q_AUTHORED_CURRENT_POST","QUOTED_OR_EMBEDDED","QUOTED_ANONYMOUS_POST","BOARD_POINTER","HIGH","","OLD_Q_BODY_TO_NEW_QUOTED","board back-reference pointer",""
"4718","0",">>10668433","Q_AUTHORED_CURRENT_POST","QUOTED_OR_EMBEDDED","QUOTED_ANONYMOUS_POST","BOARD_POINTER","HIGH","","OLD_Q_BODY_TO_NEW_QUOTED","board back-reference pointer",""
"4719","0",">>10668566","Q_AUTHORED_CURRENT_POST","QUOTED_OR_EMBEDDED","QUOTED_ANONYMOUS_POST","BOARD_POINTER","HIGH","","OLD_Q_BODY_TO_NEW_QUOTED","board back-reference pointer",""
"4723","0",">>10669567","Q_AUTHORED_CURRENT_POST","QUOTED_OR_EMBEDDED","QUOTED_ANONYMOUS_POST","BOARD_POINTER","HIGH","","OLD_Q_BODY_TO_NEW_QUOTED","board back-reference pointer","Claims|Codes|Emphasis"
"4725","0",">>10671145 (/pb)","Q_AUTHORED_CURRENT_POST","QUOTED_OR_EMBEDDED","QUOTED_ANONYMOUS_POST","BOARD_POINTER","HIGH","","OLD_Q_BODY_TO_NEW_QUOTED","board back-reference pointer",""
"4732","0",">>10683977","Q_AUTHORED_CURRENT_POST","QUOTED_OR_EMBEDDED","QUOTED_ANONYMOUS_POST","BOARD_POINTER","HIGH","","OLD_Q_BODY_TO_NEW_QUOTED","board back-reference pointer",""
"4733","0",">>10684113","Q_AUTHORED_CURRENT_POST","QUOTED_OR_EMBEDDED","QUOTED_ANONYMOUS_POST","BOARD_POINTER","HIGH","","OLD_Q_BODY_TO_NEW_QUOTED","board back-reference pointer","Claims"
"4734","3","noun","QUOTED_OR_EMBEDDED (dictionary entry)","Q_AUTHORED_CURRENT_POST","Q_BODY","PROSE","HIGH","","OLD_QUOTED_TO_NEW_Q_BODY","canonical post body, no embedded-source evidence","Directives|Codes|Emphasis"
"4734","4","a person that controls access, as to information, often acting as an arbiter of quality or legitimacy:","QUOTED_OR_EMBEDDED (dictionary entry (continuation))","Q_AUTHORED_CURRENT_POST","Q_BODY","PROSE","HIGH","","OLD_QUOTED_TO_NEW_Q_BODY","long sentence inside a drop whose dominant register is Q — prose shape alone is not a quotation","Directives|Codes|Emphasis"
"4734","5","an open internet allows innovators to bypass traditional gatekeepers and promote their work on its own merit.","QUOTED_OR_EMBEDDED (dictionary entry (continuation))","Q_AUTHORED_CURRENT_POST","Q_BODY","PROSE","HIGH","","OLD_QUOTED_TO_NEW_Q_BODY","long sentence inside a drop whose dominant register is Q — prose shape alone is not a quotation","Directives|Codes|Emphasis"
"4734","6","a guardian; monitor","QUOTED_OR_EMBEDDED (dictionary entry (continuation))","Q_AUTHORED_CURRENT_POST","Q_BODY","PROSE","HIGH","","OLD_QUOTED_TO_NEW_Q_BODY","canonical post body, no embedded-source evidence","Directives|Codes|Emphasis"
"4734","7","Deploy camouflage.","QUOTED_OR_EMBEDDED (dictionary entry (continuation))","Q_AUTHORED_CURRENT_POST","Q_BODY","PROSE","HIGH","","OLD_QUOTED_TO_NEW_Q_BODY","canonical post body, no embedded-source evidence","Directives|Codes|Emphasis"
"4734","8","Drop all references re: 'Q' 'Qanon' etc. to avoid ban/termination _censorship install.","QUOTED_OR_EMBEDDED (dictionary entry (continuation))","Q_AUTHORED_CURRENT_POST","Q_BODY","PROSE","HIGH","","OLD_QUOTED_TO_NEW_Q_BODY","canonical post body, no embedded-source evidence","Directives|Codes|Emphasis"
"4734","9","Algos [sniffers] bypass.","QUOTED_OR_EMBEDDED (dictionary entry (continuation))","Q_AUTHORED_CURRENT_POST","Q_BODY","PROSE","HIGH","","OLD_QUOTED_TO_NEW_Q_BODY","canonical post body, no embedded-source evidence","Directives|Codes|Emphasis"
"4734","10","Keep charging, Midnight Riders!","QUOTED_OR_EMBEDDED (dictionary entry (continuation))","Q_AUTHORED_CURRENT_POST","Q_BODY","PROSE","HIGH","","OLD_QUOTED_TO_NEW_Q_BODY","canonical post body, no embedded-source evidence","Directives|Codes|Emphasis"
"4734","11","[Revere's 'Midnight' Ride]","QUOTED_OR_EMBEDDED (dictionary entry (continuation))","Q_AUTHORED_CURRENT_POST","Q_BODY","PROSE","HIGH","","OLD_QUOTED_TO_NEW_Q_BODY","canonical post body, no embedded-source evidence","Directives|Codes|Emphasis"
"4734","12","Delivery of free-information.","QUOTED_OR_EMBEDDED (dictionary entry (continuation))","Q_AUTHORED_CURRENT_POST","Q_BODY","PROSE","HIGH","","OLD_QUOTED_TO_NEW_Q_BODY","canonical post body, no embedded-source evidence","Directives|Codes|Emphasis"
"4734","13","[bypass controlled media narrative].","QUOTED_OR_EMBEDDED (dictionary entry (continuation))","Q_AUTHORED_CURRENT_POST","Q_BODY","PROSE","HIGH","","OLD_QUOTED_TO_NEW_Q_BODY","canonical post body, no embedded-source evidence","Directives|Codes|Emphasis"
"4735","0",">>10685374","Q_AUTHORED_CURRENT_POST","QUOTED_OR_EMBEDDED","QUOTED_ANONYMOUS_POST","BOARD_POINTER","HIGH","","OLD_Q_BODY_TO_NEW_QUOTED","board back-reference pointer",""
"4739","0","Strengthen my faith, Lord. Forgive my sins, so that I may be clean in your righteousness. Make me brave, so I can stand and fight the spiritual battles in my life and in our world. Give me your wisdom and discernment so I won't be caught off guard. Together, Lord, we'll win, because in truth, you already have. While evil still roams, the power of Your name and Your blood rises up to defeat and bring us victory against every evil planned against us. While malicious actions may disturb us, we use the armor of God You have given us to stand firm. You will bring justice in due time for all the harm and needless violence aimed at Your children. Until then, we remain in Your presence, aligned with Your purposes, and we look to You as our Supreme Commander and Protector. Help us to avoid temptation, and deliver us from evil, Lord. You are the Mighty One, the One Who will ultimately bring all evil to light. With You, Jesus, we are safe. Amen.","Q_AUTHORED_CURRENT_POST","QUOTED_OR_EMBEDDED","QUOTED_PRAYER","PROSE","HIGH","","OLD_Q_BODY_TO_NEW_QUOTED","reproduced prayer text","Directives|Claims|Entities|Themes"
"4747","0",">>10756980","Q_AUTHORED_CURRENT_POST","QUOTED_OR_EMBEDDED","QUOTED_ANONYMOUS_POST","BOARD_POINTER","HIGH","","OLD_Q_BODY_TO_NEW_QUOTED","board back-reference pointer",""
"4753","0",">>10758597","Q_AUTHORED_CURRENT_POST","QUOTED_OR_EMBEDDED","QUOTED_ANONYMOUS_POST","BOARD_POINTER","HIGH","","OLD_Q_BODY_TO_NEW_QUOTED","board back-reference pointer",""
"4756","0",">>10770927","Q_AUTHORED_CURRENT_POST","QUOTED_OR_EMBEDDED","QUOTED_ANONYMOUS_POST","BOARD_POINTER","HIGH","","OLD_Q_BODY_TO_NEW_QUOTED","board back-reference pointer","Directives"
"4757","0",">>10770948","Q_AUTHORED_CURRENT_POST","QUOTED_OR_EMBEDDED","QUOTED_ANONYMOUS_POST","BOARD_POINTER","HIGH","","OLD_Q_BODY_TO_NEW_QUOTED","board back-reference pointer","Claims"
"4758","0",">>10771238","Q_AUTHORED_CURRENT_POST","QUOTED_OR_EMBEDDED","QUOTED_ANONYMOUS_POST","BOARD_POINTER","HIGH","","OLD_Q_BODY_TO_NEW_QUOTED","board back-reference pointer",""
"4760","0",">>10771959","Q_AUTHORED_CURRENT_POST","QUOTED_OR_EMBEDDED","QUOTED_ANONYMOUS_POST","BOARD_POINTER","HIGH","","OLD_Q_BODY_TO_NEW_QUOTED","board back-reference pointer","Directives|Claims|Themes"
"477","0",">>7935","Q_AUTHORED_CURRENT_POST","QUOTED_OR_EMBEDDED","QUOTED_ANONYMOUS_POST","BOARD_POINTER","HIGH","","OLD_Q_BODY_TO_NEW_QUOTED","board back-reference pointer","Directives|Claims"
"4771","0",">>10787029","Q_AUTHORED_CURRENT_POST","QUOTED_OR_EMBEDDED","QUOTED_ANONYMOUS_POST","BOARD_POINTER","HIGH","","OLD_Q_BODY_TO_NEW_QUOTED","board back-reference pointer",""
"4780","0",">>10823685","Q_AUTHORED_CURRENT_POST","QUOTED_OR_EMBEDDED","QUOTED_ANONYMOUS_POST","BOARD_POINTER","HIGH","","OLD_Q_BODY_TO_NEW_QUOTED","board back-reference pointer",""
"4792","0",">>10838496","Q_AUTHORED_CURRENT_POST","QUOTED_OR_EMBEDDED","QUOTED_ANONYMOUS_POST","BOARD_POINTER","HIGH","","OLD_Q_BODY_TO_NEW_QUOTED","board back-reference pointer",""
"4794","11","That to secure these rights, Governments are instituted among Men, deriving their just powers from the consent of the governed, -That whenever any Form of Government becomes destructive of these ends, it is the Right of the People to alter or to abolish it, and to institute new Government, laying its foundation on such principles and organizing its powers in such form, as to them shall seem most likely to effect their Safety and Happiness. Prudence, indeed, will dictate that Governments long established should not be changed for light and transient causes; and accordingly all experience hath shewn, that mankind are more disposed to suffer, while evils are sufferable, than to right themselves by abolishing the forms to which they are accustomed. But when a long train of abuses and usurpations, pursuing invariably the same Object evinces a design to reduce them under absolute Despotism, it is their right, it is their duty, to throw off such Government, and to provide new Guards for their future security.","QUOTED_OR_EMBEDDED (sustained prose block — pasted or quoted passage)","Q_AUTHORED_CURRENT_POST","Q_BODY","PROSE","HIGH","","OLD_QUOTED_TO_NEW_Q_BODY","long sentence inside a drop whose dominant register is Q — prose shape alone is not a quotation","Directives|Questions|Claims|Codes|Emphasis|Entities|Themes"
"4794","12","Tyranny, like hell, is not easily conquered; yet we have this consolation with us, that the harder the conflict, the more glorious the triumph.","QUOTED_OR_EMBEDDED (sustained prose block — pasted or quoted passage)","Q_AUTHORED_CURRENT_POST","Q_BODY","PROSE","HIGH","","OLD_QUOTED_TO_NEW_Q_BODY","long sentence inside a drop whose dominant register is Q — prose shape alone is not a quotation","Directives|Questions|Claims|Codes|Emphasis|Entities|Themes"
"4796","0",">>10863556","Q_AUTHORED_CURRENT_POST","QUOTED_OR_EMBEDDED","QUOTED_ANONYMOUS_POST","BOARD_POINTER","HIGH","","OLD_Q_BODY_TO_NEW_QUOTED","board back-reference pointer","Directives"
"4797","0",">>10864024","Q_AUTHORED_CURRENT_POST","QUOTED_OR_EMBEDDED","QUOTED_ANONYMOUS_POST","BOARD_POINTER","HIGH","","OLD_Q_BODY_TO_NEW_QUOTED","board back-reference pointer","Questions"
"4798","0",">>10864340","Q_AUTHORED_CURRENT_POST","QUOTED_OR_EMBEDDED","QUOTED_ANONYMOUS_POST","BOARD_POINTER","HIGH","","OLD_Q_BODY_TO_NEW_QUOTED","board back-reference pointer",""
"4799","0",">>10864305","Q_AUTHORED_CURRENT_POST","QUOTED_OR_EMBEDDED","QUOTED_ANONYMOUS_POST","BOARD_POINTER","HIGH","","OLD_Q_BODY_TO_NEW_QUOTED","board back-reference pointer","Questions|Themes"
"4808","0",">>10949642","Q_AUTHORED_CURRENT_POST","QUOTED_OR_EMBEDDED","QUOTED_ANONYMOUS_POST","BOARD_POINTER","HIGH","","OLD_Q_BODY_TO_NEW_QUOTED","board back-reference pointer","Directives"
"481","0",">>8109","Q_AUTHORED_CURRENT_POST","QUOTED_OR_EMBEDDED","QUOTED_ANONYMOUS_POST","BOARD_POINTER","HIGH","","OLD_Q_BODY_TO_NEW_QUOTED","board back-reference pointer","Directives|Questions|Entities|Themes"
"4815","0",">>10954501","Q_AUTHORED_CURRENT_POST","QUOTED_OR_EMBEDDED","QUOTED_ANONYMOUS_POST","BOARD_POINTER","HIGH","","OLD_Q_BODY_TO_NEW_QUOTED","board back-reference pointer",""
"482","0",">>8172","Q_AUTHORED_CURRENT_POST","QUOTED_OR_EMBEDDED","QUOTED_ANONYMOUS_POST","BOARD_POINTER","HIGH","","OLD_Q_BODY_TO_NEW_QUOTED","board back-reference pointer",""
"4834","0",">>10988470","Q_AUTHORED_CURRENT_POST","QUOTED_OR_EMBEDDED","QUOTED_ANONYMOUS_POST","BOARD_POINTER","HIGH","","OLD_Q_BODY_TO_NEW_QUOTED","board back-reference pointer",""
"4835","0",">>10988446","Q_AUTHORED_CURRENT_POST","QUOTED_OR_EMBEDDED","QUOTED_ANONYMOUS_POST","BOARD_POINTER","HIGH","","OLD_Q_BODY_TO_NEW_QUOTED","board back-reference pointer",""
"4837","0",">>10989031","Q_AUTHORED_CURRENT_POST","QUOTED_OR_EMBEDDED","QUOTED_ANONYMOUS_POST","BOARD_POINTER","HIGH","","OLD_Q_BODY_TO_NEW_QUOTED","board back-reference pointer","Questions"
"4839","0",">>10992036","Q_AUTHORED_CURRENT_POST","QUOTED_OR_EMBEDDED","QUOTED_PRIOR_Q_POST","BOARD_POINTER","HIGH","4838","OLD_Q_BODY_TO_NEW_QUOTED","board back-reference pointer","Questions|Entities|Themes"
"4840","0",">>10992104","Q_AUTHORED_CURRENT_POST","QUOTED_OR_EMBEDDED","QUOTED_ANONYMOUS_POST","BOARD_POINTER","HIGH","","OLD_Q_BODY_TO_NEW_QUOTED","board back-reference pointer","Directives|Questions|Entities"
"4844","0",">>11001375","Q_AUTHORED_CURRENT_POST","QUOTED_OR_EMBEDDED","QUOTED_ANONYMOUS_POST","BOARD_POINTER","HIGH","","OLD_Q_BODY_TO_NEW_QUOTED","board back-reference pointer","Questions|Entities"
"485","0",">>13061","Q_AUTHORED_CURRENT_POST","QUOTED_OR_EMBEDDED","QUOTED_ANONYMOUS_POST","BOARD_POINTER","HIGH","","OLD_Q_BODY_TO_NEW_QUOTED","board back-reference pointer","Questions"
"4854","0",">>11067894","Q_AUTHORED_CURRENT_POST","QUOTED_OR_EMBEDDED","QUOTED_ANONYMOUS_POST","BOARD_POINTER","HIGH","","OLD_Q_BODY_TO_NEW_QUOTED","board back-reference pointer",""
"4856","0",">>11068389","Q_AUTHORED_CURRENT_POST","QUOTED_OR_EMBEDDED","QUOTED_ANONYMOUS_POST","BOARD_POINTER","HIGH","","OLD_Q_BODY_TO_NEW_QUOTED","board back-reference pointer","Directives|Themes"
"486","0",">>13104","Q_AUTHORED_CURRENT_POST","QUOTED_OR_EMBEDDED","QUOTED_ANONYMOUS_POST","BOARD_POINTER","HIGH","","OLD_Q_BODY_TO_NEW_QUOTED","board back-reference pointer","Questions|Themes"
"4861","0",">>11070287","Q_AUTHORED_CURRENT_POST","QUOTED_OR_EMBEDDED","QUOTED_ANONYMOUS_POST","BOARD_POINTER","HIGH","","OLD_Q_BODY_TO_NEW_QUOTED","board back-reference pointer","Directives|Codes|Entities|Themes"
"4861","3",">House resolution passed condemning 'Qanon'","QUOTED_OR_EMBEDDED (greentext excerpt)","Q_AUTHORED_CURRENT_POST","Q_BODY","PROSE","MEDIUM","","OLD_QUOTED_TO_NEW_Q_BODY","greentext arrow with no matching quoted source — Q's own bullet","Directives|Codes|Entities|Themes"
"4861","4",">House intel committee meeting tomorrow re: 'Qanon'","QUOTED_OR_EMBEDDED (greentext excerpt)","Q_AUTHORED_CURRENT_POST","Q_BODY","PROSE","MEDIUM","","OLD_QUOTED_TO_NEW_Q_BODY","greentext arrow with no matching quoted source — Q's own bullet","Directives|Codes|Entities|Themes"
"4862","0",">>11070453","Q_AUTHORED_CURRENT_POST","QUOTED_OR_EMBEDDED","QUOTED_ANONYMOUS_POST","BOARD_POINTER","HIGH","","OLD_Q_BODY_TO_NEW_QUOTED","board back-reference pointer",""
"4864","0",">>11070966","Q_AUTHORED_CURRENT_POST","QUOTED_OR_EMBEDDED","QUOTED_ANONYMOUS_POST","BOARD_POINTER","HIGH","","OLD_Q_BODY_TO_NEW_QUOTED","board back-reference pointer",""
"487","0",">>13129","Q_AUTHORED_CURRENT_POST","QUOTED_OR_EMBEDDED","QUOTED_ANONYMOUS_POST","BOARD_POINTER","HIGH","","OLD_Q_BODY_TO_NEW_QUOTED","board back-reference pointer","Questions"
"4877","0",">>11090349","Q_AUTHORED_CURRENT_POST","QUOTED_OR_EMBEDDED","QUOTED_ANONYMOUS_POST","BOARD_POINTER","HIGH","","OLD_Q_BODY_TO_NEW_QUOTED","board back-reference pointer",""
"4878","0",">>11090593","Q_AUTHORED_CURRENT_POST","QUOTED_OR_EMBEDDED","QUOTED_ANONYMOUS_POST","BOARD_POINTER","HIGH","","OLD_Q_BODY_TO_NEW_QUOTED","board back-reference pointer","Claims|Themes"
"4879","0",">>11090775","Q_AUTHORED_CURRENT_POST","QUOTED_OR_EMBEDDED","QUOTED_ANONYMOUS_POST","BOARD_POINTER","HIGH","","OLD_Q_BODY_TO_NEW_QUOTED","board back-reference pointer","Directives|Claims"
"4910","0",">>11192597","Q_AUTHORED_CURRENT_POST","QUOTED_OR_EMBEDDED","QUOTED_ANONYMOUS_POST","BOARD_POINTER","HIGH","","OLD_Q_BODY_TO_NEW_QUOTED","board back-reference pointer","Codes|Emphasis"
"493","0",">>13534","Q_AUTHORED_CURRENT_POST","QUOTED_OR_EMBEDDED","QUOTED_ANONYMOUS_POST","BOARD_POINTER","HIGH","","OLD_Q_BODY_TO_NEW_QUOTED","board back-reference pointer","Directives|Questions|Claims|Emphasis|Entities"
"4940","0",">>11223081","Q_AUTHORED_CURRENT_POST","QUOTED_OR_EMBEDDED","QUOTED_ANONYMOUS_POST","BOARD_POINTER","HIGH","","OLD_Q_BODY_TO_NEW_QUOTED","board back-reference pointer","Claims|Codes|Entities|Themes"
"495","0",">>13655","Q_AUTHORED_CURRENT_POST","QUOTED_OR_EMBEDDED","QUOTED_ANONYMOUS_POST","BOARD_POINTER","HIGH","","OLD_Q_BODY_TO_NEW_QUOTED","board back-reference pointer","Directives"
"4955","0",">>16505361","Q_AUTHORED_CURRENT_POST","QUOTED_OR_EMBEDDED","QUOTED_ANONYMOUS_POST","BOARD_POINTER","HIGH","","OLD_Q_BODY_TO_NEW_QUOTED","board back-reference pointer","Claims"
"4957","0",">>16520866","Q_AUTHORED_CURRENT_POST","QUOTED_OR_EMBEDDED","QUOTED_ANONYMOUS_POST","BOARD_POINTER","HIGH","","OLD_Q_BODY_TO_NEW_QUOTED","board back-reference pointer",""
"4957","1",">>16521137","Q_AUTHORED_CURRENT_POST","QUOTED_OR_EMBEDDED","QUOTED_ANONYMOUS_POST","BOARD_POINTER","HIGH","","OLD_Q_BODY_TO_NEW_QUOTED","board back-reference pointer",""
"496","0",">>20277","Q_AUTHORED_CURRENT_POST","QUOTED_OR_EMBEDDED","QUOTED_ANONYMOUS_POST","BOARD_POINTER","HIGH","","OLD_Q_BODY_TO_NEW_QUOTED","board back-reference pointer","Directives"
"4965","0",">>17830253","Q_AUTHORED_CURRENT_POST","QUOTED_OR_EMBEDDED","QUOTED_ANONYMOUS_POST","BOARD_POINTER","HIGH","","OLD_Q_BODY_TO_NEW_QUOTED","board back-reference pointer","Claims"
"499","0",">>20603","Q_AUTHORED_CURRENT_POST","QUOTED_OR_EMBEDDED","QUOTED_ANONYMOUS_POST","BOARD_POINTER","HIGH","","OLD_Q_BODY_TO_NEW_QUOTED","board back-reference pointer","Questions|Codes"
"503","0",">>21093","Q_AUTHORED_CURRENT_POST","QUOTED_OR_EMBEDDED","QUOTED_PRIOR_Q_POST","BOARD_POINTER","HIGH","502","OLD_Q_BODY_TO_NEW_QUOTED","board back-reference pointer","Questions"
"507","0",">>21481","Q_AUTHORED_CURRENT_POST","QUOTED_OR_EMBEDDED","QUOTED_ANONYMOUS_POST","BOARD_POINTER","HIGH","","OLD_Q_BODY_TO_NEW_QUOTED","board back-reference pointer","Questions|Claims|Emphasis|Entities"
"508","0",">>21582","Q_AUTHORED_CURRENT_POST","QUOTED_OR_EMBEDDED","QUOTED_ANONYMOUS_POST","BOARD_POINTER","HIGH","","OLD_Q_BODY_TO_NEW_QUOTED","board back-reference pointer",""
"509","0",">>21584","Q_AUTHORED_CURRENT_POST","QUOTED_OR_EMBEDDED","QUOTED_ANONYMOUS_POST","BOARD_POINTER","HIGH","","OLD_Q_BODY_TO_NEW_QUOTED","board back-reference pointer",""
"51","0",">>147642589","Q_AUTHORED_CURRENT_POST","QUOTED_OR_EMBEDDED","QUOTED_ANONYMOUS_POST","BOARD_POINTER","HIGH","","OLD_Q_BODY_TO_NEW_QUOTED","board back-reference pointer","Directives|Claims|Emphasis|Entities|Themes"
"510","0",">>21626","Q_AUTHORED_CURRENT_POST","QUOTED_OR_EMBEDDED","QUOTED_ANONYMOUS_POST","BOARD_POINTER","HIGH","","OLD_Q_BODY_TO_NEW_QUOTED","board back-reference pointer","Directives|Claims|Codes|Entities|Themes"
"520","4",">U1","QUOTED_OR_EMBEDDED (greentext excerpt)","Q_AUTHORED_CURRENT_POST","Q_BODY","PROSE","MEDIUM","","OLD_QUOTED_TO_NEW_Q_BODY","greentext arrow with no matching quoted source — Q's own bullet","Directives|Questions|Claims|Codes|Emphasis|Entities|Themes"
"520","6",">DEFCON 1 [non-nuke FALSE]","QUOTED_OR_EMBEDDED (greentext excerpt)","Q_AUTHORED_CURRENT_POST","Q_BODY","PROSE","MEDIUM","","OLD_QUOTED_TO_NEW_Q_BODY","greentext arrow with no matching quoted source — Q's own bullet","Directives|Questions|Claims|Codes|Emphasis|Entities|Themes"
"520","19",">Shall we play a game?","QUOTED_OR_EMBEDDED (greentext excerpt)","Q_AUTHORED_CURRENT_POST","Q_BODY","PROSE","MEDIUM","","OLD_QUOTED_TO_NEW_Q_BODY","greentext arrow with no matching quoted source — Q's own bullet","Directives|Questions|Claims|Codes|Emphasis|Entities|Themes"
"520","20",">How about a nice game of CHESS?","QUOTED_OR_EMBEDDED (greentext excerpt)","Q_AUTHORED_CURRENT_POST","Q_BODY","PROSE","MEDIUM","","OLD_QUOTED_TO_NEW_Q_BODY","greentext arrow with no matching quoted source — Q's own bullet","Directives|Questions|Claims|Codes|Emphasis|Entities|Themes"
"520","29",">HAITI FOCUS","QUOTED_OR_EMBEDDED (greentext excerpt)","Q_AUTHORED_CURRENT_POST","Q_BODY","PROSE","MEDIUM","","OLD_QUOTED_TO_NEW_Q_BODY","greentext arrow with no matching quoted source — Q's own bullet","Directives|Questions|Claims|Codes|Emphasis|Entities|Themes"
"520","33",">ADM R","QUOTED_OR_EMBEDDED (greentext excerpt)","Q_AUTHORED_CURRENT_POST","Q_BODY","PROSE","MEDIUM","","OLD_QUOTED_TO_NEW_Q_BODY","greentext arrow with no matching quoted source — Q's own bullet","Directives|Questions|Claims|Codes|Emphasis|Entities|Themes"
"520","35",">""…Because of the Democrats not being interested in life and safety, DACA has now taken a big step backwards. The Dems will threaten “shutdown,” but what they are really doing is shutting down our military, at a time we need it most. Get smart, MAKE AMERICA GREAT AGAIN!","QUOTED_OR_EMBEDDED (greentext excerpt)","Q_AUTHORED_CURRENT_POST","Q_BODY","PROSE","MEDIUM","","OLD_QUOTED_TO_NEW_Q_BODY","greentext arrow with no matching quoted source — Q's own bullet","Directives|Questions|Claims|Codes|Emphasis|Entities|Themes"
"520","43",">Missing 1","QUOTED_OR_EMBEDDED (greentext excerpt)","Q_AUTHORED_CURRENT_POST","Q_BODY","PROSE","MEDIUM","","OLD_QUOTED_TO_NEW_Q_BODY","greentext arrow with no matching quoted source — Q's own bullet","Directives|Questions|Claims|Codes|Emphasis|Entities|Themes"
"520","44",">Missing 2","QUOTED_OR_EMBEDDED (greentext excerpt)","Q_AUTHORED_CURRENT_POST","Q_BODY","PROSE","MEDIUM","","OLD_QUOTED_TO_NEW_Q_BODY","greentext arrow with no matching quoted source — Q's own bullet","Directives|Questions|Claims|Codes|Emphasis|Entities|Themes"
"520","45",">Missing 3","QUOTED_OR_EMBEDDED (greentext excerpt)","Q_AUTHORED_CURRENT_POST","Q_BODY","PROSE","MEDIUM","","OLD_QUOTED_TO_NEW_Q_BODY","greentext arrow with no matching quoted source — Q's own bullet","Directives|Questions|Claims|Codes|Emphasis|Entities|Themes"
"522","18","Jeremiah 29:11","Q_AUTHORED_CURRENT_POST","QUOTED_OR_EMBEDDED","QUOTED_SCRIPTURE","PROSE","HIGH","","OLD_Q_BODY_TO_NEW_QUOTED","reproduced scripture","Codes|Themes"
"524","2",">Slush Fund","QUOTED_OR_EMBEDDED (greentext excerpt)","Q_AUTHORED_CURRENT_POST","Q_BODY","PROSE","MEDIUM","","OLD_QUOTED_TO_NEW_Q_BODY","greentext arrow with no matching quoted source — Q's own bullet","Directives|Questions|Claims|Codes|Emphasis|Entities|Themes"
"531","0",">>42090","Q_AUTHORED_CURRENT_POST","QUOTED_OR_EMBEDDED","QUOTED_ANONYMOUS_POST","BOARD_POINTER","HIGH","","OLD_Q_BODY_TO_NEW_QUOTED","board back-reference pointer","Themes"
"535","0",">>43088","Q_AUTHORED_CURRENT_POST","QUOTED_OR_EMBEDDED","QUOTED_ANONYMOUS_POST","BOARD_POINTER","HIGH","","OLD_Q_BODY_TO_NEW_QUOTED","board back-reference pointer",""
"536","0",">>43719","Q_AUTHORED_CURRENT_POST","QUOTED_OR_EMBEDDED","QUOTED_ANONYMOUS_POST","BOARD_POINTER","HIGH","","OLD_Q_BODY_TO_NEW_QUOTED","board back-reference pointer","Questions"
"539","0",">>49330","Q_AUTHORED_CURRENT_POST","QUOTED_OR_EMBEDDED","QUOTED_ANONYMOUS_POST","BOARD_POINTER","HIGH","","OLD_Q_BODY_TO_NEW_QUOTED","board back-reference pointer","Directives|Questions|Claims"
"54","0","""For I know the plans I have for you,” declares the LORD, “plans to prosper you and not to harm you, plans to give you hope and a future.""","Q_AUTHORED_CURRENT_POST","QUOTED_OR_EMBEDDED","QUOTED_THIRD_PARTY","PROSE","HIGH","","OLD_Q_BODY_TO_NEW_QUOTED","self-contained quotation: one line opening and closing on quotation marks, paragraph length","Claims|Entities"
"556","0",">>89736","Q_AUTHORED_CURRENT_POST","QUOTED_OR_EMBEDDED","QUOTED_ANONYMOUS_POST","BOARD_POINTER","HIGH","","OLD_Q_BODY_TO_NEW_QUOTED","board back-reference pointer","Directives|Emphasis|Entities|Themes"
"557","0",">>89812","Q_AUTHORED_CURRENT_POST","QUOTED_OR_EMBEDDED","QUOTED_ANONYMOUS_POST","BOARD_POINTER","HIGH","","OLD_Q_BODY_TO_NEW_QUOTED","board back-reference pointer",""
"567","0",">>97686","Q_AUTHORED_CURRENT_POST","QUOTED_OR_EMBEDDED","QUOTED_ANONYMOUS_POST","BOARD_POINTER","HIGH","","OLD_Q_BODY_TO_NEW_QUOTED","board back-reference pointer",""
"568","0",">>97724","Q_AUTHORED_CURRENT_POST","QUOTED_OR_EMBEDDED","QUOTED_ANONYMOUS_POST","BOARD_POINTER","HIGH","","OLD_Q_BODY_TO_NEW_QUOTED","board back-reference pointer","Directives|Questions|Codes|Themes"
"569","0",">>97752","Q_AUTHORED_CURRENT_POST","QUOTED_OR_EMBEDDED","QUOTED_ANONYMOUS_POST","BOARD_POINTER","HIGH","","OLD_Q_BODY_TO_NEW_QUOTED","board back-reference pointer","Claims"
"575","0",">>119569","Q_AUTHORED_CURRENT_POST","QUOTED_OR_EMBEDDED","QUOTED_ANONYMOUS_POST","BOARD_POINTER","HIGH","","OLD_Q_BODY_TO_NEW_QUOTED","board back-reference pointer","Claims|Codes|Entities|Themes"
"576","0",">>119769","Q_AUTHORED_CURRENT_POST","QUOTED_OR_EMBEDDED","QUOTED_PRIOR_Q_POST","BOARD_POINTER","HIGH","575","OLD_Q_BODY_TO_NEW_QUOTED","board back-reference pointer","Questions|Emphasis|Entities|Themes"
"577","0",">>119877","Q_AUTHORED_CURRENT_POST","QUOTED_OR_EMBEDDED","QUOTED_PRIOR_Q_POST","BOARD_POINTER","HIGH","576","OLD_Q_BODY_TO_NEW_QUOTED","board back-reference pointer","Directives|Questions|Claims|Codes|Emphasis|Entities"
"578","0",">>119877","Q_AUTHORED_CURRENT_POST","QUOTED_OR_EMBEDDED","QUOTED_PRIOR_Q_POST","BOARD_POINTER","HIGH","576","OLD_Q_BODY_TO_NEW_QUOTED","board back-reference pointer","Questions|Claims|Codes|Entities"
"579","0",">>120326","Q_AUTHORED_CURRENT_POST","QUOTED_OR_EMBEDDED","QUOTED_ANONYMOUS_POST","BOARD_POINTER","HIGH","","OLD_Q_BODY_TO_NEW_QUOTED","board back-reference pointer","Questions|Entities"
"580","0",">>120926","Q_AUTHORED_CURRENT_POST","QUOTED_OR_EMBEDDED","QUOTED_ANONYMOUS_POST","BOARD_POINTER","HIGH","","OLD_Q_BODY_TO_NEW_QUOTED","board back-reference pointer",""
"584","0",">>127246","Q_AUTHORED_CURRENT_POST","QUOTED_OR_EMBEDDED","QUOTED_ANONYMOUS_POST","BOARD_POINTER","HIGH","","OLD_Q_BODY_TO_NEW_QUOTED","board back-reference pointer","Entities"
"59","9","Remember, information is everything, the flow of information is no longer controlled by the MSM but by you/others.","QUOTED_OR_EMBEDDED (sustained prose block — pasted or quoted passage)","Q_AUTHORED_CURRENT_POST","Q_BODY","PROSE","HIGH","","OLD_QUOTED_TO_NEW_Q_BODY","long sentence inside a drop whose dominant register is Q — prose shape alone is not a quotation","Directives|Questions|Claims|Emphasis|Entities|Themes"
"59","10","Hence, why we are dedicating 'critical' time to distribute crumbs which can be followed in greater detail to paint the entire picture once more information is released.","QUOTED_OR_EMBEDDED (sustained prose block — pasted or quoted passage)","Q_AUTHORED_CURRENT_POST","Q_BODY","PROSE","HIGH","","OLD_QUOTED_TO_NEW_Q_BODY","long sentence inside a drop whose dominant register is Q — prose shape alone is not a quotation","Directives|Questions|Claims|Emphasis|Entities|Themes"
"59","13","We are fully prepared that all social media will be shut down to prevent the spread of this information (i.e. POTUS' Twitter etc. and/or mass censoring).","QUOTED_OR_EMBEDDED (sustained prose block — pasted or quoted passage)","Q_AUTHORED_CURRENT_POST","Q_BODY","PROSE","HIGH","","OLD_QUOTED_TO_NEW_Q_BODY","long sentence inside a drop whose dominant register is Q — prose shape alone is not a quotation","Directives|Questions|Claims|Emphasis|Entities|Themes"
"59","14","Sealed Federal orders pre-submitted as prevention and masked as 'in general' (though that does not account for rogue agents/programmers within).","QUOTED_OR_EMBEDDED (sustained prose block — pasted or quoted passage)","Q_AUTHORED_CURRENT_POST","Q_BODY","PROSE","HIGH","","OLD_QUOTED_TO_NEW_Q_BODY","long sentence inside a drop whose dominant register is Q — prose shape alone is not a quotation","Directives|Questions|Claims|Emphasis|Entities|Themes"
"597","0",">>139556","Q_AUTHORED_CURRENT_POST","QUOTED_OR_EMBEDDED","QUOTED_ANONYMOUS_POST","BOARD_POINTER","HIGH","","OLD_Q_BODY_TO_NEW_QUOTED","board back-reference pointer","Claims"
"6","3","POTUS will not be addressing nation on any of these issues as people begin to be indicted and must remain neutral for pure optical reasons. To suggest this is the plan is false and should be common sense.","QUOTED_OR_EMBEDDED (sustained prose block — pasted or quoted passage)","Q_AUTHORED_CURRENT_POST","Q_BODY","PROSE","HIGH","","OLD_QUOTED_TO_NEW_Q_BODY","long sentence inside a drop whose dominant register is Q — prose shape alone is not a quotation","Directives|Questions|Claims|Entities|Themes"
"6","4","Focus on Military Intelligence/ State Secrets and why might that be used vs any three letter agency","QUOTED_OR_EMBEDDED (sustained prose block — pasted or quoted passage)","Q_AUTHORED_CURRENT_POST","Q_BODY","PROSE","HIGH","","OLD_QUOTED_TO_NEW_Q_BODY","long sentence inside a drop whose dominant register is Q — prose shape alone is not a quotation","Directives|Questions|Claims|Entities|Themes"
"6","7","Again, there are a lot more good people than bad so have faith. This was a hostile takeover from an evil corrupt network of players (not just Democrats).","QUOTED_OR_EMBEDDED (sustained prose block — pasted or quoted passage)","Q_AUTHORED_CURRENT_POST","Q_BODY","PROSE","HIGH","","OLD_QUOTED_TO_NEW_Q_BODY","long sentence inside a drop whose dominant register is Q — prose shape alone is not a quotation","Directives|Questions|Claims|Entities|Themes"
"6","8","Don’t fool yourself into thinking Obama, Soros, Roth’s, Clinton’s etc have more power present day than POTUS.","QUOTED_OR_EMBEDDED (sustained prose block — pasted or quoted passage)","Q_AUTHORED_CURRENT_POST","Q_BODY","PROSE","HIGH","","OLD_QUOTED_TO_NEW_Q_BODY","long sentence inside a drop whose dominant register is Q — prose shape alone is not a quotation","Directives|Questions|Claims|Entities|Themes"
"606","0",">>158223","Q_AUTHORED_CURRENT_POST","QUOTED_OR_EMBEDDED","QUOTED_ANONYMOUS_POST","BOARD_POINTER","HIGH","","OLD_Q_BODY_TO_NEW_QUOTED","board back-reference pointer","Questions|Claims|Themes"
"607","0",">>158263","Q_AUTHORED_CURRENT_POST","QUOTED_OR_EMBEDDED","QUOTED_PRIOR_Q_POST","BOARD_POINTER","HIGH","606","OLD_Q_BODY_TO_NEW_QUOTED","board back-reference pointer","Claims|Codes|Emphasis|Entities"
"608","0",">>158391","Q_AUTHORED_CURRENT_POST","QUOTED_OR_EMBEDDED","QUOTED_ANONYMOUS_POST","BOARD_POINTER","HIGH","","OLD_Q_BODY_TO_NEW_QUOTED","board back-reference pointer",""
"611","0",">>171424","Q_AUTHORED_CURRENT_POST","QUOTED_OR_EMBEDDED","QUOTED_ANONYMOUS_POST","BOARD_POINTER","HIGH","","OLD_Q_BODY_TO_NEW_QUOTED","board back-reference pointer","Entities|Themes"
"615","0",">>174742","Q_AUTHORED_CURRENT_POST","QUOTED_OR_EMBEDDED","QUOTED_ANONYMOUS_POST","BOARD_POINTER","HIGH","","OLD_Q_BODY_TO_NEW_QUOTED","board back-reference pointer","Claims|Entities"
"616","0",">>174873","Q_AUTHORED_CURRENT_POST","QUOTED_OR_EMBEDDED","QUOTED_PRIOR_Q_POST","BOARD_POINTER","HIGH","615","OLD_Q_BODY_TO_NEW_QUOTED","board back-reference pointer",""
"617","0",">>175139","Q_AUTHORED_CURRENT_POST","QUOTED_OR_EMBEDDED","QUOTED_ANONYMOUS_POST","BOARD_POINTER","HIGH","","OLD_Q_BODY_TO_NEW_QUOTED","board back-reference pointer","Directives|Questions|Codes|Emphasis|Themes"
"618","0",">>175432","Q_AUTHORED_CURRENT_POST","QUOTED_OR_EMBEDDED","QUOTED_ANONYMOUS_POST","BOARD_POINTER","HIGH","","OLD_Q_BODY_TO_NEW_QUOTED","board back-reference pointer","Directives|Questions|Claims|Codes"
"620","0",">>175603","Q_AUTHORED_CURRENT_POST","QUOTED_OR_EMBEDDED","QUOTED_ANONYMOUS_POST","BOARD_POINTER","HIGH","","OLD_Q_BODY_TO_NEW_QUOTED","board back-reference pointer","Claims|Entities|Themes"
"621","0",">>176166","Q_AUTHORED_CURRENT_POST","QUOTED_OR_EMBEDDED","QUOTED_ANONYMOUS_POST","BOARD_POINTER","HIGH","","OLD_Q_BODY_TO_NEW_QUOTED","board back-reference pointer","Directives|Claims"
"627","0",">>179419","Q_AUTHORED_CURRENT_POST","QUOTED_OR_EMBEDDED","QUOTED_ANONYMOUS_POST","BOARD_POINTER","HIGH","","OLD_Q_BODY_TO_NEW_QUOTED","board back-reference pointer","Questions"
"629","0",">>180046","Q_AUTHORED_CURRENT_POST","QUOTED_OR_EMBEDDED","QUOTED_ANONYMOUS_POST","BOARD_POINTER","HIGH","","OLD_Q_BODY_TO_NEW_QUOTED","board back-reference pointer",""
"630","0",">>180137","Q_AUTHORED_CURRENT_POST","QUOTED_OR_EMBEDDED","QUOTED_PRIOR_Q_POST","BOARD_POINTER","HIGH","629","OLD_Q_BODY_TO_NEW_QUOTED","board back-reference pointer","Directives"
"631","0",">>180316","Q_AUTHORED_CURRENT_POST","QUOTED_OR_EMBEDDED","QUOTED_ANONYMOUS_POST","BOARD_POINTER","HIGH","","OLD_Q_BODY_TO_NEW_QUOTED","board back-reference pointer","Directives|Questions|Entities"
"632","0",">>180445","Q_AUTHORED_CURRENT_POST","QUOTED_OR_EMBEDDED","QUOTED_PRIOR_Q_POST","BOARD_POINTER","HIGH","631","OLD_Q_BODY_TO_NEW_QUOTED","board back-reference pointer","Directives|Questions|Claims|Codes"
"633","0",">>181050","Q_AUTHORED_CURRENT_POST","QUOTED_OR_EMBEDDED","QUOTED_ANONYMOUS_POST","BOARD_POINTER","HIGH","","OLD_Q_BODY_TO_NEW_QUOTED","board back-reference pointer",""
"635","0",">>181208","Q_AUTHORED_CURRENT_POST","QUOTED_OR_EMBEDDED","QUOTED_ANONYMOUS_POST","BOARD_POINTER","HIGH","","OLD_Q_BODY_TO_NEW_QUOTED","board back-reference pointer","Questions"
"647","0",">>228302","Q_AUTHORED_CURRENT_POST","QUOTED_OR_EMBEDDED","QUOTED_ANONYMOUS_POST","BOARD_POINTER","HIGH","","OLD_Q_BODY_TO_NEW_QUOTED","board back-reference pointer","Codes"
"648","0",">>228958","Q_AUTHORED_CURRENT_POST","QUOTED_OR_EMBEDDED","QUOTED_ANONYMOUS_POST","BOARD_POINTER","HIGH","","OLD_Q_BODY_TO_NEW_QUOTED","board back-reference pointer","Questions|Claims"
"649","0",">>229035","Q_AUTHORED_CURRENT_POST","QUOTED_OR_EMBEDDED","QUOTED_ANONYMOUS_POST","BOARD_POINTER","HIGH","","OLD_Q_BODY_TO_NEW_QUOTED","board back-reference pointer",""
"650","0",">>229109","Q_AUTHORED_CURRENT_POST","QUOTED_OR_EMBEDDED","QUOTED_ANONYMOUS_POST","BOARD_POINTER","HIGH","","OLD_Q_BODY_TO_NEW_QUOTED","board back-reference pointer","Emphasis"
"651","0",">>229154","Q_AUTHORED_CURRENT_POST","QUOTED_OR_EMBEDDED","QUOTED_ANONYMOUS_POST","BOARD_POINTER","HIGH","","OLD_Q_BODY_TO_NEW_QUOTED","board back-reference pointer","Directives|Questions"
"652","0",">>229273","Q_AUTHORED_CURRENT_POST","QUOTED_OR_EMBEDDED","QUOTED_ANONYMOUS_POST","BOARD_POINTER","HIGH","","OLD_Q_BODY_TO_NEW_QUOTED","board back-reference pointer","Directives"
"654","0",">>229662","Q_AUTHORED_CURRENT_POST","QUOTED_OR_EMBEDDED","QUOTED_ANONYMOUS_POST","BOARD_POINTER","HIGH","","OLD_Q_BODY_TO_NEW_QUOTED","board back-reference pointer","Questions|Emphasis"
"655","0",">>229794","Q_AUTHORED_CURRENT_POST","QUOTED_OR_EMBEDDED","QUOTED_ANONYMOUS_POST","BOARD_POINTER","HIGH","","OLD_Q_BODY_TO_NEW_QUOTED","board back-reference pointer","Questions|Codes"
"656","0",">>230019","Q_AUTHORED_CURRENT_POST","QUOTED_OR_EMBEDDED","QUOTED_ANONYMOUS_POST","BOARD_POINTER","HIGH","","OLD_Q_BODY_TO_NEW_QUOTED","board back-reference pointer","Directives|Questions|Claims"
"657","0",">>230252","Q_AUTHORED_CURRENT_POST","QUOTED_OR_EMBEDDED","QUOTED_ANONYMOUS_POST","BOARD_POINTER","HIGH","","OLD_Q_BODY_TO_NEW_QUOTED","board back-reference pointer","Claims|Themes"
"66","0",">>147688276","Q_AUTHORED_CURRENT_POST","QUOTED_OR_EMBEDDED","QUOTED_ANONYMOUS_POST","BOARD_POINTER","HIGH","","OLD_Q_BODY_TO_NEW_QUOTED","board back-reference pointer","Directives|Questions|Claims|Entities|Themes"
"660","0",">>231205","Q_AUTHORED_CURRENT_POST","QUOTED_OR_EMBEDDED","QUOTED_ANONYMOUS_POST","BOARD_POINTER","HIGH","","OLD_Q_BODY_TO_NEW_QUOTED","board back-reference pointer","Questions|Entities"
"662","0",">>231746","Q_AUTHORED_CURRENT_POST","QUOTED_OR_EMBEDDED","QUOTED_ANONYMOUS_POST","BOARD_POINTER","HIGH","","OLD_Q_BODY_TO_NEW_QUOTED","board back-reference pointer","Directives|Themes"
"663","0",">>232480","Q_AUTHORED_CURRENT_POST","QUOTED_OR_EMBEDDED","QUOTED_ANONYMOUS_POST","BOARD_POINTER","HIGH","","OLD_Q_BODY_TO_NEW_QUOTED","board back-reference pointer","Entities"
"664","0",">>274558","Q_AUTHORED_CURRENT_POST","QUOTED_OR_EMBEDDED","QUOTED_ANONYMOUS_POST","BOARD_POINTER","HIGH","","OLD_Q_BODY_TO_NEW_QUOTED","board back-reference pointer","Questions|Claims|Entities"
"665","0",">>274601","Q_AUTHORED_CURRENT_POST","QUOTED_OR_EMBEDDED","QUOTED_PRIOR_Q_POST","BOARD_POINTER","HIGH","664","OLD_Q_BODY_TO_NEW_QUOTED","board back-reference pointer","Emphasis"
"667","0",">>275544","Q_AUTHORED_CURRENT_POST","QUOTED_OR_EMBEDDED","QUOTED_PRIOR_Q_POST","BOARD_POINTER","HIGH","666","OLD_Q_BODY_TO_NEW_QUOTED","board back-reference pointer","Questions|Codes|Entities"
"668","0",">>275574","Q_AUTHORED_CURRENT_POST","QUOTED_OR_EMBEDDED","QUOTED_ANONYMOUS_POST","BOARD_POINTER","HIGH","","OLD_Q_BODY_TO_NEW_QUOTED","board back-reference pointer","Directives|Questions|Claims|Codes|Emphasis|Themes"
"671","0",">>279870","Q_AUTHORED_CURRENT_POST","QUOTED_OR_EMBEDDED","QUOTED_ANONYMOUS_POST","BOARD_POINTER","HIGH","","OLD_Q_BODY_TO_NEW_QUOTED","board back-reference pointer",""
"672","0",">>279898","Q_AUTHORED_CURRENT_POST","QUOTED_OR_EMBEDDED","QUOTED_ANONYMOUS_POST","BOARD_POINTER","HIGH","","OLD_Q_BODY_TO_NEW_QUOTED","board back-reference pointer","Directives|Emphasis"
"675","0",">>283468","Q_AUTHORED_CURRENT_POST","QUOTED_OR_EMBEDDED","QUOTED_ANONYMOUS_POST","BOARD_POINTER","HIGH","","OLD_Q_BODY_TO_NEW_QUOTED","board back-reference pointer","Directives|Entities"
"677","0",">>297464","Q_AUTHORED_CURRENT_POST","QUOTED_OR_EMBEDDED","QUOTED_ANONYMOUS_POST","BOARD_POINTER","HIGH","","OLD_Q_BODY_TO_NEW_QUOTED","board back-reference pointer","Claims"
"678","0",">>297521","Q_AUTHORED_CURRENT_POST","QUOTED_OR_EMBEDDED","QUOTED_ANONYMOUS_POST","BOARD_POINTER","HIGH","","OLD_Q_BODY_TO_NEW_QUOTED","board back-reference pointer","Directives|Questions|Emphasis|Entities|Themes"
"680","0",">>297717","Q_AUTHORED_CURRENT_POST","QUOTED_OR_EMBEDDED","QUOTED_ANONYMOUS_POST","BOARD_POINTER","HIGH","","OLD_Q_BODY_TO_NEW_QUOTED","board back-reference pointer",""
"681","0",">>298086","Q_AUTHORED_CURRENT_POST","QUOTED_OR_EMBEDDED","QUOTED_ANONYMOUS_POST","BOARD_POINTER","HIGH","","OLD_Q_BODY_TO_NEW_QUOTED","board back-reference pointer","Entities"
"688","0",">>299228","Q_AUTHORED_CURRENT_POST","QUOTED_OR_EMBEDDED","QUOTED_ANONYMOUS_POST","BOARD_POINTER","HIGH","","OLD_Q_BODY_TO_NEW_QUOTED","board back-reference pointer","Directives"
"689","0",">>299248","Q_AUTHORED_CURRENT_POST","QUOTED_OR_EMBEDDED","QUOTED_ANONYMOUS_POST","BOARD_POINTER","HIGH","","OLD_Q_BODY_TO_NEW_QUOTED","board back-reference pointer","Directives|Questions|Entities"
"69","2","All share one title in common and that is the title of ""Hero.""","QUOTED_OR_EMBEDDED (sustained prose block — pasted or quoted passage)","Q_AUTHORED_CURRENT_POST","Q_BODY","PROSE","HIGH","","OLD_QUOTED_TO_NEW_Q_BODY","long sentence inside a drop whose dominant register is Q — prose shape alone is not a quotation","Claims|Entities|Themes"
"690","0",">>299351","Q_AUTHORED_CURRENT_POST","QUOTED_OR_EMBEDDED","QUOTED_ANONYMOUS_POST","BOARD_POINTER","HIGH","","OLD_Q_BODY_TO_NEW_QUOTED","board back-reference pointer","Directives|Questions|Claims"
"691","0",">>299464","Q_AUTHORED_CURRENT_POST","QUOTED_OR_EMBEDDED","QUOTED_ANONYMOUS_POST","BOARD_POINTER","HIGH","","OLD_Q_BODY_TO_NEW_QUOTED","board back-reference pointer","Directives|Claims"
"692","0",">>299606","Q_AUTHORED_CURRENT_POST","QUOTED_OR_EMBEDDED","QUOTED_ANONYMOUS_POST","BOARD_POINTER","HIGH","","OLD_Q_BODY_TO_NEW_QUOTED","board back-reference pointer","Directives|Codes|Themes"
"703","0","“Rest in peace Mr. President (JFK), through your wisdom and strength, since your tragic death, Patriots have planned, installed, and by the grace of God, activated, the beam of LIGHT. We will forever remember your sacrifice. May you look down from above and continue to guide us as we ring the bell of FREEDOM and destroy those who wish to sacrifice our children, our way of life, and our world. We, the PEOPLE.”","Q_AUTHORED_CURRENT_POST","QUOTED_OR_EMBEDDED","QUOTED_THIRD_PARTY","PROSE","HIGH","","OLD_Q_BODY_TO_NEW_QUOTED","self-contained quotation: one line opening and closing on quotation marks, paragraph length","Questions|Claims|Emphasis|Entities|Themes"
"719","0",">>337108","Q_AUTHORED_CURRENT_POST","QUOTED_OR_EMBEDDED","QUOTED_ANONYMOUS_POST","BOARD_POINTER","HIGH","","OLD_Q_BODY_TO_NEW_QUOTED","board back-reference pointer","Questions"
"72","0",">>147977181","Q_AUTHORED_CURRENT_POST","QUOTED_OR_EMBEDDED","QUOTED_ANONYMOUS_POST","BOARD_POINTER","HIGH","","OLD_Q_BODY_TO_NEW_QUOTED","board back-reference pointer","Claims|Entities|Themes"
"721","0",">>338623","Q_AUTHORED_CURRENT_POST","QUOTED_OR_EMBEDDED","QUOTED_ANONYMOUS_POST","BOARD_POINTER","HIGH","","OLD_Q_BODY_TO_NEW_QUOTED","board back-reference pointer","Claims"
"724","0",">>339453","Q_AUTHORED_CURRENT_POST","QUOTED_OR_EMBEDDED","QUOTED_ANONYMOUS_POST","BOARD_POINTER","HIGH","","OLD_Q_BODY_TO_NEW_QUOTED","board back-reference pointer","Directives|Questions"
"725","0",">>339583","Q_AUTHORED_CURRENT_POST","QUOTED_OR_EMBEDDED","QUOTED_ANONYMOUS_POST","BOARD_POINTER","HIGH","","OLD_Q_BODY_TO_NEW_QUOTED","board back-reference pointer","Directives|Questions|Claims|Emphasis|Entities"
"726","0",">>339722","Q_AUTHORED_CURRENT_POST","QUOTED_OR_EMBEDDED","QUOTED_ANONYMOUS_POST","BOARD_POINTER","HIGH","","OLD_Q_BODY_TO_NEW_QUOTED","board back-reference pointer","Emphasis"
"729","0",">>340441","Q_AUTHORED_CURRENT_POST","QUOTED_OR_EMBEDDED","QUOTED_ANONYMOUS_POST","BOARD_POINTER","HIGH","","OLD_Q_BODY_TO_NEW_QUOTED","board back-reference pointer","Directives"
"729","1",">>325370 You will cease to exist","Q_AUTHORED_CURRENT_POST","QUOTED_OR_EMBEDDED","QUOTED_PRIOR_Q_POST","BOARD_POINTER","HIGH","712","OLD_Q_BODY_TO_NEW_QUOTED","board back-reference pointer","Directives"
"730","0",">>340695","Q_AUTHORED_CURRENT_POST","QUOTED_OR_EMBEDDED","QUOTED_ANONYMOUS_POST","BOARD_POINTER","HIGH","","OLD_Q_BODY_TO_NEW_QUOTED","board back-reference pointer","Directives|Questions|Emphasis|Entities"
"731","6",">>340441","Q_AUTHORED_CURRENT_POST","QUOTED_OR_EMBEDDED","QUOTED_ANONYMOUS_POST","BOARD_POINTER","HIGH","","OLD_Q_BODY_TO_NEW_QUOTED","board back-reference pointer","Directives|Questions|Emphasis|Entities"
"731","7",">>325370 You will cease to exist","Q_AUTHORED_CURRENT_POST","QUOTED_OR_EMBEDDED","QUOTED_PRIOR_Q_POST","BOARD_POINTER","HIGH","712","OLD_Q_BODY_TO_NEW_QUOTED","board back-reference pointer","Directives|Questions|Emphasis|Entities"
"731","12",">>340695","Q_AUTHORED_CURRENT_POST","QUOTED_OR_EMBEDDED","QUOTED_ANONYMOUS_POST","BOARD_POINTER","HIGH","","OLD_Q_BODY_TO_NEW_QUOTED","board back-reference pointer","Directives|Questions|Emphasis|Entities"
"734","0",">>342747","Q_AUTHORED_CURRENT_POST","QUOTED_OR_EMBEDDED","QUOTED_ANONYMOUS_POST","BOARD_POINTER","HIGH","","OLD_Q_BODY_TO_NEW_QUOTED","board back-reference pointer","Questions|Claims|Themes"
"735","0",">>342919","Q_AUTHORED_CURRENT_POST","QUOTED_OR_EMBEDDED","QUOTED_ANONYMOUS_POST","BOARD_POINTER","HIGH","","OLD_Q_BODY_TO_NEW_QUOTED","board back-reference pointer","Directives|Questions|Claims"
"736","0",">>343004","Q_AUTHORED_CURRENT_POST","QUOTED_OR_EMBEDDED","QUOTED_ANONYMOUS_POST","BOARD_POINTER","HIGH","","OLD_Q_BODY_TO_NEW_QUOTED","board back-reference pointer","Claims"
"737","0",">>343080","Q_AUTHORED_CURRENT_POST","QUOTED_OR_EMBEDDED","QUOTED_ANONYMOUS_POST","BOARD_POINTER","HIGH","","OLD_Q_BODY_TO_NEW_QUOTED","board back-reference pointer","Directives|Claims|Entities|Themes"
"738","0",">>343156","Q_AUTHORED_CURRENT_POST","QUOTED_OR_EMBEDDED","QUOTED_ANONYMOUS_POST","BOARD_POINTER","HIGH","","OLD_Q_BODY_TO_NEW_QUOTED","board back-reference pointer","Directives|Entities"
"739","0",">>343304","Q_AUTHORED_CURRENT_POST","QUOTED_OR_EMBEDDED","QUOTED_PRIOR_Q_POST","BOARD_POINTER","HIGH","738","OLD_Q_BODY_TO_NEW_QUOTED","board back-reference pointer","Directives|Questions"
"740","0",">>343395","Q_AUTHORED_CURRENT_POST","QUOTED_OR_EMBEDDED","QUOTED_ANONYMOUS_POST","BOARD_POINTER","HIGH","","OLD_Q_BODY_TO_NEW_QUOTED","board back-reference pointer","Codes"
"741","0",">>346987","Q_AUTHORED_CURRENT_POST","QUOTED_OR_EMBEDDED","QUOTED_ANONYMOUS_POST","BOARD_POINTER","HIGH","","OLD_Q_BODY_TO_NEW_QUOTED","board back-reference pointer",""
"744","0",">>350504","Q_AUTHORED_CURRENT_POST","QUOTED_OR_EMBEDDED","QUOTED_ANONYMOUS_POST","BOARD_POINTER","HIGH","","OLD_Q_BODY_TO_NEW_QUOTED","board back-reference pointer","Directives|Questions"
"745","0",">>350525","Q_AUTHORED_CURRENT_POST","QUOTED_OR_EMBEDDED","QUOTED_PRIOR_Q_POST","BOARD_POINTER","HIGH","744","OLD_Q_BODY_TO_NEW_QUOTED","board back-reference pointer","Directives|Questions"
"746","0",">>350576","Q_AUTHORED_CURRENT_POST","QUOTED_OR_EMBEDDED","QUOTED_ANONYMOUS_POST","BOARD_POINTER","HIGH","","OLD_Q_BODY_TO_NEW_QUOTED","board back-reference pointer","Questions|Claims|Entities"
"748","0",">>351238","Q_AUTHORED_CURRENT_POST","QUOTED_OR_EMBEDDED","QUOTED_PRIOR_Q_POST","BOARD_POINTER","HIGH","747","OLD_Q_BODY_TO_NEW_QUOTED","board back-reference pointer","Directives|Emphasis"
"749","0",">>351343","Q_AUTHORED_CURRENT_POST","QUOTED_OR_EMBEDDED","QUOTED_ANONYMOUS_POST","BOARD_POINTER","HIGH","","OLD_Q_BODY_TO_NEW_QUOTED","board back-reference pointer","Directives|Questions|Claims|Emphasis|Entities"
"751","1",">Iran","QUOTED_OR_EMBEDDED (greentext excerpt)","Q_AUTHORED_CURRENT_POST","Q_BODY","PROSE","MEDIUM","","OLD_QUOTED_TO_NEW_Q_BODY","greentext arrow with no matching quoted source — Q's own bullet","Entities"
"751","2",">NK","QUOTED_OR_EMBEDDED (greentext excerpt)","Q_AUTHORED_CURRENT_POST","Q_BODY","PROSE","MEDIUM","","OLD_QUOTED_TO_NEW_Q_BODY","greentext arrow with no matching quoted source — Q's own bullet","Entities"
"751","4",">Iran","QUOTED_OR_EMBEDDED (greentext excerpt)","Q_AUTHORED_CURRENT_POST","Q_BODY","PROSE","MEDIUM","","OLD_QUOTED_TO_NEW_Q_BODY","greentext arrow with no matching quoted source — Q's own bullet","Entities"
"751","5",">NK","QUOTED_OR_EMBEDDED (greentext excerpt)","Q_AUTHORED_CURRENT_POST","Q_BODY","PROSE","MEDIUM","","OLD_QUOTED_TO_NEW_Q_BODY","greentext arrow with no matching quoted source — Q's own bullet","Entities"
"751","6",">T cells","QUOTED_OR_EMBEDDED (greentext excerpt)","Q_AUTHORED_CURRENT_POST","Q_BODY","PROSE","MEDIUM","","OLD_QUOTED_TO_NEW_Q_BODY","greentext arrow with no matching quoted source — Q's own bullet","Entities"
"751","7",">Payoffs","QUOTED_OR_EMBEDDED (greentext excerpt)","Q_AUTHORED_CURRENT_POST","Q_BODY","PROSE","MEDIUM","","OLD_QUOTED_TO_NEW_Q_BODY","greentext arrow with no matching quoted source — Q's own bullet","Entities"
"751","9",">War engine","QUOTED_OR_EMBEDDED (greentext excerpt)","Q_AUTHORED_CURRENT_POST","Q_BODY","PROSE","MEDIUM","","OLD_QUOTED_TO_NEW_Q_BODY","greentext arrow with no matching quoted source — Q's own bullet","Entities"
"751","10",">Protection","QUOTED_OR_EMBEDDED (greentext excerpt)","Q_AUTHORED_CURRENT_POST","Q_BODY","PROSE","MEDIUM","","OLD_QUOTED_TO_NEW_Q_BODY","greentext arrow with no matching quoted source — Q's own bullet","Entities"
"761","0",">>381564","Q_AUTHORED_CURRENT_POST","QUOTED_OR_EMBEDDED","QUOTED_ANONYMOUS_POST","BOARD_POINTER","HIGH","","OLD_Q_BODY_TO_NEW_QUOTED","board back-reference pointer","Questions|Claims"
"762","0",">>381597","Q_AUTHORED_CURRENT_POST","QUOTED_OR_EMBEDDED","QUOTED_PRIOR_Q_POST","BOARD_POINTER","HIGH","761","OLD_Q_BODY_TO_NEW_QUOTED","board back-reference pointer","Directives|Questions|Claims|Codes|Emphasis|Themes"
"763","0",">>381653","Q_AUTHORED_CURRENT_POST","QUOTED_OR_EMBEDDED","QUOTED_PRIOR_Q_POST","BOARD_POINTER","HIGH","762","OLD_Q_BODY_TO_NEW_QUOTED","board back-reference pointer","Questions|Claims|Entities"
"766","0",">>382122","Q_AUTHORED_CURRENT_POST","QUOTED_OR_EMBEDDED","QUOTED_ANONYMOUS_POST","BOARD_POINTER","HIGH","","OLD_Q_BODY_TO_NEW_QUOTED","board back-reference pointer","Claims|Themes"
"767","0",">>382197","Q_AUTHORED_CURRENT_POST","QUOTED_OR_EMBEDDED","QUOTED_ANONYMOUS_POST","BOARD_POINTER","HIGH","","OLD_Q_BODY_TO_NEW_QUOTED","board back-reference pointer","Directives|Claims|Entities|Themes"
"770","0",">>387356","Q_AUTHORED_CURRENT_POST","QUOTED_OR_EMBEDDED","QUOTED_ANONYMOUS_POST","BOARD_POINTER","HIGH","","OLD_Q_BODY_TO_NEW_QUOTED","board back-reference pointer","Questions|Claims|Codes|Entities"
"773","0",">>388082","Q_AUTHORED_CURRENT_POST","QUOTED_OR_EMBEDDED","QUOTED_ANONYMOUS_POST","BOARD_POINTER","HIGH","","OLD_Q_BODY_TO_NEW_QUOTED","board back-reference pointer","Directives|Questions|Claims|Codes"
"774","0",">>388119","Q_AUTHORED_CURRENT_POST","QUOTED_OR_EMBEDDED","QUOTED_PRIOR_Q_POST","BOARD_POINTER","HIGH","773","OLD_Q_BODY_TO_NEW_QUOTED","board back-reference pointer","Claims|Emphasis"
"775","0",">>388211","Q_AUTHORED_CURRENT_POST","QUOTED_OR_EMBEDDED","QUOTED_ANONYMOUS_POST","BOARD_POINTER","HIGH","","OLD_Q_BODY_TO_NEW_QUOTED","board back-reference pointer","Directives|Questions|Codes|Themes"
"776","0",">>388315","Q_AUTHORED_CURRENT_POST","QUOTED_OR_EMBEDDED","QUOTED_ANONYMOUS_POST","BOARD_POINTER","HIGH","","OLD_Q_BODY_TO_NEW_QUOTED","board back-reference pointer","Questions|Claims|Codes|Emphasis"
"777","0",">>388528","Q_AUTHORED_CURRENT_POST","QUOTED_OR_EMBEDDED","QUOTED_ANONYMOUS_POST","BOARD_POINTER","HIGH","","OLD_Q_BODY_TO_NEW_QUOTED","board back-reference pointer","Directives|Questions|Claims|Codes|Emphasis|Entities|Themes"
"778","0",">>388588","Q_AUTHORED_CURRENT_POST","QUOTED_OR_EMBEDDED","QUOTED_PRIOR_Q_POST","BOARD_POINTER","HIGH","777","OLD_Q_BODY_TO_NEW_QUOTED","board back-reference pointer","Directives|Questions|Claims|Entities|Themes"
"779","0",">>388822","Q_AUTHORED_CURRENT_POST","QUOTED_OR_EMBEDDED","QUOTED_PRIOR_Q_POST","BOARD_POINTER","HIGH","778","OLD_Q_BODY_TO_NEW_QUOTED","board back-reference pointer","Entities|Themes"
"780","0","“There is no allegation in this indictment that any American was a knowing participant in this illegal activity,” Rosenstein said. “There is no allegation in the indictment that the charged conduct altered the outcome of the 2016 election.”","Q_AUTHORED_CURRENT_POST","QUOTED_OR_EMBEDDED","QUOTED_THIRD_PARTY","PROSE","HIGH","","OLD_Q_BODY_TO_NEW_QUOTED","self-contained quotation: one line opening and closing on quotation marks, paragraph length","Claims|Codes|Emphasis|Entities|Themes"
"782","0",">>402088","Q_AUTHORED_CURRENT_POST","QUOTED_OR_EMBEDDED","QUOTED_ANONYMOUS_POST","BOARD_POINTER","HIGH","","OLD_Q_BODY_TO_NEW_QUOTED","board back-reference pointer",""
"786","0","""Never gotten over the fact that Obama was able to send $1.7 Billion Dollars in CASH to Iran and nobody in Congress, the FBI or Justice called for an investigation!""","Q_AUTHORED_CURRENT_POST","QUOTED_OR_EMBEDDED","QUOTED_THIRD_PARTY","PROSE","HIGH","","OLD_Q_BODY_TO_NEW_QUOTED","self-contained quotation: one line opening and closing on quotation marks, paragraph length","Directives|Questions|Claims|Emphasis|Entities|Themes"
"789","0",">>422606","Q_AUTHORED_CURRENT_POST","QUOTED_OR_EMBEDDED","QUOTED_ANONYMOUS_POST","BOARD_POINTER","HIGH","","OLD_Q_BODY_TO_NEW_QUOTED","board back-reference pointer","Questions|Claims"
"790","13","JOHN 3:16","Q_AUTHORED_CURRENT_POST","QUOTED_OR_EMBEDDED","QUOTED_SCRIPTURE","PROSE","HIGH","","OLD_Q_BODY_TO_NEW_QUOTED","reproduced scripture","Directives|Questions|Claims|Codes|Entities|Themes"
"791","0","""For I know the plans I have for you,” declares the Lord, “plans to prosper you and not to harm you, plans to give you hope and a future.""","Q_AUTHORED_CURRENT_POST","QUOTED_OR_EMBEDDED","QUOTED_THIRD_PARTY","PROSE","HIGH","","OLD_Q_BODY_TO_NEW_QUOTED","self-contained quotation: one line opening and closing on quotation marks, paragraph length","Claims|Emphasis|Entities|Themes"
"799","0",">>448410","Q_AUTHORED_CURRENT_POST","QUOTED_OR_EMBEDDED","QUOTED_ANONYMOUS_POST","BOARD_POINTER","HIGH","","OLD_Q_BODY_TO_NEW_QUOTED","board back-reference pointer","Directives|Questions|Claims|Codes|Entities"
"800","0",">>448451","Q_AUTHORED_CURRENT_POST","QUOTED_OR_EMBEDDED","QUOTED_ANONYMOUS_POST","BOARD_POINTER","HIGH","","OLD_Q_BODY_TO_NEW_QUOTED","board back-reference pointer","Questions"
"802","2","1. a person who loves, supports, and defends his or her country and its interests with devotion.","QUOTED_OR_EMBEDDED (numbered definition)","Q_AUTHORED_CURRENT_POST","Q_BODY","PROSE","HIGH","","OLD_QUOTED_TO_NEW_Q_BODY","long sentence inside a drop whose dominant register is Q — prose shape alone is not a quotation","Codes|Entities"
"802","3","2. a person who regards himself or herself as a defender, especially of individual rights, against presumed interference by the federal government.","QUOTED_OR_EMBEDDED (numbered definition (continuation))","Q_AUTHORED_CURRENT_POST","Q_BODY","PROSE","HIGH","","OLD_QUOTED_TO_NEW_Q_BODY","long sentence inside a drop whose dominant register is Q — prose shape alone is not a quotation","Codes|Entities"
"802","4","Traitor","QUOTED_OR_EMBEDDED (numbered definition (continuation))","Q_AUTHORED_CURRENT_POST","Q_BODY","PROSE","HIGH","","OLD_QUOTED_TO_NEW_Q_BODY","canonical post body, no embedded-source evidence","Codes|Entities"
"802","5","1. a person who betrays another, a cause, or any trust.","QUOTED_OR_EMBEDDED (numbered definition (continuation))","Q_AUTHORED_CURRENT_POST","Q_BODY","PROSE","HIGH","","OLD_QUOTED_TO_NEW_Q_BODY","canonical post body, no embedded-source evidence","Codes|Entities"
"802","6","2. a person who commits treason by betraying his or her country.","QUOTED_OR_EMBEDDED (numbered definition (continuation))","Q_AUTHORED_CURRENT_POST","Q_BODY","PROSE","HIGH","","OLD_QUOTED_TO_NEW_Q_BODY","canonical post body, no embedded-source evidence","Codes|Entities"
"806","0",">>458430","Q_AUTHORED_CURRENT_POST","QUOTED_OR_EMBEDDED","QUOTED_PRIOR_Q_POST","BOARD_POINTER","HIGH","805","OLD_Q_BODY_TO_NEW_QUOTED","board back-reference pointer",""
"807","0",">>465258","Q_AUTHORED_CURRENT_POST","QUOTED_OR_EMBEDDED","QUOTED_ANONYMOUS_POST","BOARD_POINTER","HIGH","","OLD_Q_BODY_TO_NEW_QUOTED","board back-reference pointer","Claims"
"808","0",">>465779","Q_AUTHORED_CURRENT_POST","QUOTED_OR_EMBEDDED","QUOTED_ANONYMOUS_POST","BOARD_POINTER","HIGH","","OLD_Q_BODY_TO_NEW_QUOTED","board back-reference pointer","Questions"
"810","0",">>465930","Q_AUTHORED_CURRENT_POST","QUOTED_OR_EMBEDDED","QUOTED_ANONYMOUS_POST","BOARD_POINTER","HIGH","","OLD_Q_BODY_TO_NEW_QUOTED","board back-reference pointer","Questions|Entities|Themes"
"811","0",">>466048","Q_AUTHORED_CURRENT_POST","QUOTED_OR_EMBEDDED","QUOTED_PRIOR_Q_POST","BOARD_POINTER","HIGH","810","OLD_Q_BODY_TO_NEW_QUOTED","board back-reference pointer","Questions|Claims|Emphasis|Entities"
"814","0",">>472314","Q_AUTHORED_CURRENT_POST","QUOTED_OR_EMBEDDED","QUOTED_ANONYMOUS_POST","BOARD_POINTER","HIGH","","OLD_Q_BODY_TO_NEW_QUOTED","board back-reference pointer","Directives|Claims|Entities"
"817","0",">>476136","Q_AUTHORED_CURRENT_POST","QUOTED_OR_EMBEDDED","QUOTED_ANONYMOUS_POST","BOARD_POINTER","HIGH","","OLD_Q_BODY_TO_NEW_QUOTED","board back-reference pointer","Directives|Questions|Claims|Entities"
"818","0",">>476196","Q_AUTHORED_CURRENT_POST","QUOTED_OR_EMBEDDED","QUOTED_PRIOR_Q_POST","BOARD_POINTER","HIGH","817","OLD_Q_BODY_TO_NEW_QUOTED","board back-reference pointer","Themes"
"819","0",">>476229","Q_AUTHORED_CURRENT_POST","QUOTED_OR_EMBEDDED","QUOTED_ANONYMOUS_POST","BOARD_POINTER","HIGH","","OLD_Q_BODY_TO_NEW_QUOTED","board back-reference pointer","Directives"
"820","0",">>476325","Q_AUTHORED_CURRENT_POST","QUOTED_OR_EMBEDDED","QUOTED_PRIOR_Q_POST","BOARD_POINTER","HIGH","819","OLD_Q_BODY_TO_NEW_QUOTED","board back-reference pointer",""
"841","0",">>548157","Q_AUTHORED_CURRENT_POST","QUOTED_OR_EMBEDDED","QUOTED_ANONYMOUS_POST","BOARD_POINTER","HIGH","","OLD_Q_BODY_TO_NEW_QUOTED","board back-reference pointer","Claims|Entities"
"842","0",">>548166","Q_AUTHORED_CURRENT_POST","QUOTED_OR_EMBEDDED","QUOTED_PRIOR_Q_POST","BOARD_POINTER","HIGH","841","OLD_Q_BODY_TO_NEW_QUOTED","board back-reference pointer","Directives|Questions|Entities"
"846","0",">>562749","Q_AUTHORED_CURRENT_POST","QUOTED_OR_EMBEDDED","QUOTED_ANONYMOUS_POST","BOARD_POINTER","HIGH","","OLD_Q_BODY_TO_NEW_QUOTED","board back-reference pointer","Directives|Questions|Entities"
"847","0",">>562842","Q_AUTHORED_CURRENT_POST","QUOTED_OR_EMBEDDED","QUOTED_PRIOR_Q_POST","BOARD_POINTER","HIGH","846","OLD_Q_BODY_TO_NEW_QUOTED","board back-reference pointer","Directives|Emphasis"
"848","0",">>562883","Q_AUTHORED_CURRENT_POST","QUOTED_OR_EMBEDDED","QUOTED_ANONYMOUS_POST","BOARD_POINTER","HIGH","","OLD_Q_BODY_TO_NEW_QUOTED","board back-reference pointer",""
"849","0",">>563201","Q_AUTHORED_CURRENT_POST","QUOTED_OR_EMBEDDED","QUOTED_ANONYMOUS_POST","BOARD_POINTER","HIGH","","OLD_Q_BODY_TO_NEW_QUOTED","board back-reference pointer","Claims|Themes"
"852","0",">>563432","Q_AUTHORED_CURRENT_POST","QUOTED_OR_EMBEDDED","QUOTED_ANONYMOUS_POST","BOARD_POINTER","HIGH","","OLD_Q_BODY_TO_NEW_QUOTED","board back-reference pointer","Directives|Questions|Claims|Emphasis"
"853","0",">>563501","Q_AUTHORED_CURRENT_POST","QUOTED_OR_EMBEDDED","QUOTED_ANONYMOUS_POST","BOARD_POINTER","HIGH","","OLD_Q_BODY_TO_NEW_QUOTED","board back-reference pointer","Questions|Entities"
"855","0",">>563781","Q_AUTHORED_CURRENT_POST","QUOTED_OR_EMBEDDED","QUOTED_ANONYMOUS_POST","BOARD_POINTER","HIGH","","OLD_Q_BODY_TO_NEW_QUOTED","board back-reference pointer","Questions|Claims|Emphasis|Entities|Themes"
"855","2",">>563824","Q_AUTHORED_CURRENT_POST","QUOTED_OR_EMBEDDED","QUOTED_ANONYMOUS_POST","BOARD_POINTER","HIGH","","OLD_Q_BODY_TO_NEW_QUOTED","board back-reference pointer","Questions|Claims|Emphasis|Entities|Themes"
"858","0",">>567393","Q_AUTHORED_CURRENT_POST","QUOTED_OR_EMBEDDED","QUOTED_ANONYMOUS_POST","BOARD_POINTER","HIGH","","OLD_Q_BODY_TO_NEW_QUOTED","board back-reference pointer","Directives"
"859","0",">>567454","Q_AUTHORED_CURRENT_POST","QUOTED_OR_EMBEDDED","QUOTED_ANONYMOUS_POST","BOARD_POINTER","HIGH","","OLD_Q_BODY_TO_NEW_QUOTED","board back-reference pointer","Directives|Claims|Entities|Themes"
"86","0",">>148021760","Q_AUTHORED_CURRENT_POST","QUOTED_OR_EMBEDDED","QUOTED_ANONYMOUS_POST","BOARD_POINTER","HIGH","","OLD_Q_BODY_TO_NEW_QUOTED","board back-reference pointer","Directives|Entities"
"861","0",">>567534","Q_AUTHORED_CURRENT_POST","QUOTED_OR_EMBEDDED","QUOTED_ANONYMOUS_POST","BOARD_POINTER","HIGH","","OLD_Q_BODY_TO_NEW_QUOTED","board back-reference pointer","Directives|Claims|Themes"
"862","0",">>567610","Q_AUTHORED_CURRENT_POST","QUOTED_OR_EMBEDDED","QUOTED_ANONYMOUS_POST","BOARD_POINTER","HIGH","","OLD_Q_BODY_TO_NEW_QUOTED","board back-reference pointer","Directives|Questions|Emphasis|Entities|Themes"
"864","0",">>567733","Q_AUTHORED_CURRENT_POST","QUOTED_OR_EMBEDDED","QUOTED_ANONYMOUS_POST","BOARD_POINTER","HIGH","","OLD_Q_BODY_TO_NEW_QUOTED","board back-reference pointer","Directives|Emphasis"
"867","0",">>568863","Q_AUTHORED_CURRENT_POST","QUOTED_OR_EMBEDDED","QUOTED_PRIOR_Q_POST","BOARD_POINTER","HIGH","866","OLD_Q_BODY_TO_NEW_QUOTED","board back-reference pointer","Questions|Entities"
"876","0",">>580412","Q_AUTHORED_CURRENT_POST","QUOTED_OR_EMBEDDED","QUOTED_ANONYMOUS_POST","BOARD_POINTER","HIGH","","OLD_Q_BODY_TO_NEW_QUOTED","board back-reference pointer","Questions"
"877","0",">>580403","Q_AUTHORED_CURRENT_POST","QUOTED_OR_EMBEDDED","QUOTED_ANONYMOUS_POST","BOARD_POINTER","HIGH","","OLD_Q_BODY_TO_NEW_QUOTED","board back-reference pointer","Directives|Questions|Claims|Themes"
"882","0",">>592712","Q_AUTHORED_CURRENT_POST","QUOTED_OR_EMBEDDED","QUOTED_ANONYMOUS_POST","BOARD_POINTER","HIGH","","OLD_Q_BODY_TO_NEW_QUOTED","board back-reference pointer",""
"883","0",">>592731","Q_AUTHORED_CURRENT_POST","QUOTED_OR_EMBEDDED","QUOTED_ANONYMOUS_POST","BOARD_POINTER","HIGH","","OLD_Q_BODY_TO_NEW_QUOTED","board back-reference pointer","Claims|Themes"
"884","0",">>592845","Q_AUTHORED_CURRENT_POST","QUOTED_OR_EMBEDDED","QUOTED_ANONYMOUS_POST","BOARD_POINTER","HIGH","","OLD_Q_BODY_TO_NEW_QUOTED","board back-reference pointer","Directives|Claims|Emphasis|Entities|Themes"
"885","0",">>592934","Q_AUTHORED_CURRENT_POST","QUOTED_OR_EMBEDDED","QUOTED_ANONYMOUS_POST","BOARD_POINTER","HIGH","","OLD_Q_BODY_TO_NEW_QUOTED","board back-reference pointer","Directives|Claims"
"886","0",">>593230","Q_AUTHORED_CURRENT_POST","QUOTED_OR_EMBEDDED","QUOTED_ANONYMOUS_POST","BOARD_POINTER","HIGH","","OLD_Q_BODY_TO_NEW_QUOTED","board back-reference pointer","Directives|Questions|Claims|Entities|Themes"
"887","0",">>593859","Q_AUTHORED_CURRENT_POST","QUOTED_OR_EMBEDDED","QUOTED_ANONYMOUS_POST","BOARD_POINTER","HIGH","","OLD_Q_BODY_TO_NEW_QUOTED","board back-reference pointer","Questions|Claims|Entities|Themes"
"888","0",">>593959","Q_AUTHORED_CURRENT_POST","QUOTED_OR_EMBEDDED","QUOTED_ANONYMOUS_POST","BOARD_POINTER","HIGH","","OLD_Q_BODY_TO_NEW_QUOTED","board back-reference pointer","Claims|Entities"
"89","0",">>148028820","Q_AUTHORED_CURRENT_POST","QUOTED_OR_EMBEDDED","QUOTED_ANONYMOUS_POST","BOARD_POINTER","HIGH","","OLD_Q_BODY_TO_NEW_QUOTED","board back-reference pointer","Questions|Claims|Entities|Themes"
"890","0",">>594151","Q_AUTHORED_CURRENT_POST","QUOTED_OR_EMBEDDED","QUOTED_ANONYMOUS_POST","BOARD_POINTER","HIGH","","OLD_Q_BODY_TO_NEW_QUOTED","board back-reference pointer",""
"891","0",">>594255","Q_AUTHORED_CURRENT_POST","QUOTED_OR_EMBEDDED","QUOTED_ANONYMOUS_POST","BOARD_POINTER","HIGH","","OLD_Q_BODY_TO_NEW_QUOTED","board back-reference pointer","Directives|Themes"
"894","0",">>598223","Q_AUTHORED_CURRENT_POST","QUOTED_OR_EMBEDDED","QUOTED_ANONYMOUS_POST","BOARD_POINTER","HIGH","","OLD_Q_BODY_TO_NEW_QUOTED","board back-reference pointer","Questions"
"895","0",">>599581","Q_AUTHORED_CURRENT_POST","QUOTED_OR_EMBEDDED","QUOTED_ANONYMOUS_POST","BOARD_POINTER","HIGH","","OLD_Q_BODY_TO_NEW_QUOTED","board back-reference pointer","Directives|Claims|Codes|Emphasis|Entities|Themes"
"896","0",">>599614","Q_AUTHORED_CURRENT_POST","QUOTED_OR_EMBEDDED","QUOTED_ANONYMOUS_POST","BOARD_POINTER","HIGH","","OLD_Q_BODY_TO_NEW_QUOTED","board back-reference pointer",""
"897","0",">>599627","Q_AUTHORED_CURRENT_POST","QUOTED_OR_EMBEDDED","QUOTED_PRIOR_Q_POST","BOARD_POINTER","HIGH","896","OLD_Q_BODY_TO_NEW_QUOTED","board back-reference pointer","Directives"
"899","0",">>599714","Q_AUTHORED_CURRENT_POST","QUOTED_OR_EMBEDDED","QUOTED_ANONYMOUS_POST","BOARD_POINTER","HIGH","","OLD_Q_BODY_TO_NEW_QUOTED","board back-reference pointer","Directives|Questions"
"90","0",">>148029846","Q_AUTHORED_CURRENT_POST","QUOTED_OR_EMBEDDED","QUOTED_ANONYMOUS_POST","BOARD_POINTER","HIGH","","OLD_Q_BODY_TO_NEW_QUOTED","board back-reference pointer","Entities"
"905","0",">>605232","Q_AUTHORED_CURRENT_POST","QUOTED_OR_EMBEDDED","QUOTED_ANONYMOUS_POST","BOARD_POINTER","HIGH","","OLD_Q_BODY_TO_NEW_QUOTED","board back-reference pointer","Claims"
"907","0",">>612723","Q_AUTHORED_CURRENT_POST","QUOTED_OR_EMBEDDED","QUOTED_ANONYMOUS_POST","BOARD_POINTER","HIGH","","OLD_Q_BODY_TO_NEW_QUOTED","board back-reference pointer",""
"908","0",">>612722","Q_AUTHORED_CURRENT_POST","QUOTED_OR_EMBEDDED","QUOTED_PRIOR_Q_POST","BOARD_POINTER","HIGH","906","OLD_Q_BODY_TO_NEW_QUOTED","board back-reference pointer","Questions|Entities"
"909","0",">>612799","Q_AUTHORED_CURRENT_POST","QUOTED_OR_EMBEDDED","QUOTED_ANONYMOUS_POST","BOARD_POINTER","HIGH","","OLD_Q_BODY_TO_NEW_QUOTED","board back-reference pointer","Directives|Claims|Emphasis|Entities|Themes"
"91","4","Put simply, Obama ultimately OK’d by using the non govt email addy to communicate w/ Clinton. Obama also had an alias along with each of his cabinet members. Therefore indicting HRC would lead to indicting Obama & his cabinet etc which could never happen.","QUOTED_OR_EMBEDDED (sustained prose block — pasted or quoted passage)","Q_AUTHORED_CURRENT_POST","Q_BODY","PROSE","HIGH","","OLD_QUOTED_TO_NEW_Q_BODY","long sentence inside a drop whose dominant register is Q — prose shape alone is not a quotation","Directives|Questions|Claims|Entities"
"91","5","Remember he lied about knowing but that ultimately came out in the dump. Poof!","QUOTED_OR_EMBEDDED (sustained prose block — pasted or quoted passage)","Q_AUTHORED_CURRENT_POST","Q_BODY","PROSE","HIGH","","OLD_QUOTED_TO_NEW_Q_BODY","long sentence inside a drop whose dominant register is Q — prose shape alone is not a quotation","Directives|Questions|Claims|Entities"
"911","0",">>612955","Q_AUTHORED_CURRENT_POST","QUOTED_OR_EMBEDDED","QUOTED_ANONYMOUS_POST","BOARD_POINTER","HIGH","","OLD_Q_BODY_TO_NEW_QUOTED","board back-reference pointer",""
"912","0",">>613049","Q_AUTHORED_CURRENT_POST","QUOTED_OR_EMBEDDED","QUOTED_ANONYMOUS_POST","BOARD_POINTER","HIGH","","OLD_Q_BODY_TO_NEW_QUOTED","board back-reference pointer","Claims|Emphasis|Entities|Themes"
"913","0",">>613103","Q_AUTHORED_CURRENT_POST","QUOTED_OR_EMBEDDED","QUOTED_ANONYMOUS_POST","BOARD_POINTER","HIGH","","OLD_Q_BODY_TO_NEW_QUOTED","board back-reference pointer",""
"914","0",">>613114","Q_AUTHORED_CURRENT_POST","QUOTED_OR_EMBEDDED","QUOTED_ANONYMOUS_POST","BOARD_POINTER","HIGH","","OLD_Q_BODY_TO_NEW_QUOTED","board back-reference pointer",""
"915","0",">>613143","Q_AUTHORED_CURRENT_POST","QUOTED_OR_EMBEDDED","QUOTED_ANONYMOUS_POST","BOARD_POINTER","HIGH","","OLD_Q_BODY_TO_NEW_QUOTED","board back-reference pointer","Questions"
"916","0",">>613193","Q_AUTHORED_CURRENT_POST","QUOTED_OR_EMBEDDED","QUOTED_ANONYMOUS_POST","BOARD_POINTER","HIGH","","OLD_Q_BODY_TO_NEW_QUOTED","board back-reference pointer","Claims|Entities"
"917","0",">>613295","Q_AUTHORED_CURRENT_POST","QUOTED_OR_EMBEDDED","QUOTED_ANONYMOUS_POST","BOARD_POINTER","HIGH","","OLD_Q_BODY_TO_NEW_QUOTED","board back-reference pointer","Claims|Entities|Themes"
"918","0",">>613796","Q_AUTHORED_CURRENT_POST","QUOTED_OR_EMBEDDED","QUOTED_ANONYMOUS_POST","BOARD_POINTER","HIGH","","OLD_Q_BODY_TO_NEW_QUOTED","board back-reference pointer","Directives|Questions|Claims"
"920","0",">>614093","Q_AUTHORED_CURRENT_POST","QUOTED_OR_EMBEDDED","QUOTED_PRIOR_Q_POST","BOARD_POINTER","HIGH","918","OLD_Q_BODY_TO_NEW_QUOTED","board back-reference pointer","Questions|Claims|Entities|Themes"
"924","0",">>614610","Q_AUTHORED_CURRENT_POST","QUOTED_OR_EMBEDDED","QUOTED_PRIOR_Q_POST","BOARD_POINTER","HIGH","923","OLD_Q_BODY_TO_NEW_QUOTED","board back-reference pointer","Directives|Questions|Claims|Entities|Themes"
"926","0",">>615000","Q_AUTHORED_CURRENT_POST","QUOTED_OR_EMBEDDED","QUOTED_ANONYMOUS_POST","BOARD_POINTER","HIGH","","OLD_Q_BODY_TO_NEW_QUOTED","board back-reference pointer","Directives"
"929","0",">>616618","Q_AUTHORED_CURRENT_POST","QUOTED_OR_EMBEDDED","QUOTED_PRIOR_Q_POST","BOARD_POINTER","HIGH","928","OLD_Q_BODY_TO_NEW_QUOTED","board back-reference pointer","Emphasis"
"93","0",">>148031978","Q_AUTHORED_CURRENT_POST","QUOTED_OR_EMBEDDED","QUOTED_ANONYMOUS_POST","BOARD_POINTER","HIGH","","OLD_Q_BODY_TO_NEW_QUOTED","board back-reference pointer","Claims|Entities"
"931","0",">>616792","Q_AUTHORED_CURRENT_POST","QUOTED_OR_EMBEDDED","QUOTED_PRIOR_Q_POST","BOARD_POINTER","HIGH","930","OLD_Q_BODY_TO_NEW_QUOTED","board back-reference pointer","Claims"
"933","0",">>617020","Q_AUTHORED_CURRENT_POST","QUOTED_OR_EMBEDDED","QUOTED_ANONYMOUS_POST","BOARD_POINTER","HIGH","","OLD_Q_BODY_TO_NEW_QUOTED","board back-reference pointer","Claims"
"934","0",">>617217","Q_AUTHORED_CURRENT_POST","QUOTED_OR_EMBEDDED","QUOTED_ANONYMOUS_POST","BOARD_POINTER","HIGH","","OLD_Q_BODY_TO_NEW_QUOTED","board back-reference pointer","Directives"
"936","0",">>617965","Q_AUTHORED_CURRENT_POST","QUOTED_OR_EMBEDDED","QUOTED_PRIOR_Q_POST","BOARD_POINTER","HIGH","935","OLD_Q_BODY_TO_NEW_QUOTED","board back-reference pointer","Directives|Claims|Codes|Emphasis|Entities"
"939","0",">>618840","Q_AUTHORED_CURRENT_POST","QUOTED_OR_EMBEDDED","QUOTED_ANONYMOUS_POST","BOARD_POINTER","HIGH","","OLD_Q_BODY_TO_NEW_QUOTED","board back-reference pointer",""
"94","0",">>148032489","Q_AUTHORED_CURRENT_POST","QUOTED_OR_EMBEDDED","QUOTED_ANONYMOUS_POST","BOARD_POINTER","HIGH","","OLD_Q_BODY_TO_NEW_QUOTED","board back-reference pointer","Directives|Questions|Claims|Entities|Themes"
"941","0",">>620749","Q_AUTHORED_CURRENT_POST","QUOTED_OR_EMBEDDED","QUOTED_ANONYMOUS_POST","BOARD_POINTER","HIGH","","OLD_Q_BODY_TO_NEW_QUOTED","board back-reference pointer","Claims|Entities"
"944","0",">>621807","Q_AUTHORED_CURRENT_POST","QUOTED_OR_EMBEDDED","QUOTED_ANONYMOUS_POST","BOARD_POINTER","HIGH","","OLD_Q_BODY_TO_NEW_QUOTED","board back-reference pointer","Claims"
"949","0",">>678151","Q_AUTHORED_CURRENT_POST","QUOTED_OR_EMBEDDED","QUOTED_ANONYMOUS_POST","BOARD_POINTER","HIGH","","OLD_Q_BODY_TO_NEW_QUOTED","board back-reference pointer","Directives|Claims"
"950","0",">>678226","Q_AUTHORED_CURRENT_POST","QUOTED_OR_EMBEDDED","QUOTED_ANONYMOUS_POST","BOARD_POINTER","HIGH","","OLD_Q_BODY_TO_NEW_QUOTED","board back-reference pointer","Directives|Entities"
"955","0",">>701978","Q_AUTHORED_CURRENT_POST","QUOTED_OR_EMBEDDED","QUOTED_PRIOR_Q_POST","BOARD_POINTER","HIGH","954","OLD_Q_BODY_TO_NEW_QUOTED","board back-reference pointer","Entities"
"96","0",">>148033380","Q_AUTHORED_CURRENT_POST","QUOTED_OR_EMBEDDED","QUOTED_ANONYMOUS_POST","BOARD_POINTER","HIGH","","OLD_Q_BODY_TO_NEW_QUOTED","board back-reference pointer","Directives|Questions|Claims|Entities|Themes"
"970","0",">>815836","Q_AUTHORED_CURRENT_POST","QUOTED_OR_EMBEDDED","QUOTED_ANONYMOUS_POST","BOARD_POINTER","HIGH","","OLD_Q_BODY_TO_NEW_QUOTED","board back-reference pointer","Entities"
"974","0",">>822075","Q_AUTHORED_CURRENT_POST","QUOTED_OR_EMBEDDED","QUOTED_PRIOR_Q_POST","BOARD_POINTER","HIGH","973","OLD_Q_BODY_TO_NEW_QUOTED","board back-reference pointer","Claims|Emphasis"
"975","0",">>822187","Q_AUTHORED_CURRENT_POST","QUOTED_OR_EMBEDDED","QUOTED_ANONYMOUS_POST","BOARD_POINTER","HIGH","","OLD_Q_BODY_TO_NEW_QUOTED","board back-reference pointer","Claims"
"977","0",">>825909","Q_AUTHORED_CURRENT_POST","QUOTED_OR_EMBEDDED","QUOTED_ANONYMOUS_POST","BOARD_POINTER","HIGH","","OLD_Q_BODY_TO_NEW_QUOTED","board back-reference pointer","Entities"
"978","0",">>825987","Q_AUTHORED_CURRENT_POST","QUOTED_OR_EMBEDDED","QUOTED_ANONYMOUS_POST","BOARD_POINTER","HIGH","","OLD_Q_BODY_TO_NEW_QUOTED","board back-reference pointer","Claims"
"979","0",">>826061","Q_AUTHORED_CURRENT_POST","QUOTED_OR_EMBEDDED","QUOTED_ANONYMOUS_POST","BOARD_POINTER","HIGH","","OLD_Q_BODY_TO_NEW_QUOTED","board back-reference pointer",""
"98","0",">>148136656","Q_AUTHORED_CURRENT_POST","QUOTED_OR_EMBEDDED","QUOTED_ANONYMOUS_POST","BOARD_POINTER","HIGH","","OLD_Q_BODY_TO_NEW_QUOTED","board back-reference pointer","Directives|Claims|Entities|Themes"
"981","0",">>826502","Q_AUTHORED_CURRENT_POST","QUOTED_OR_EMBEDDED","QUOTED_ANONYMOUS_POST","BOARD_POINTER","HIGH","","OLD_Q_BODY_TO_NEW_QUOTED","board back-reference pointer","Directives|Questions|Claims|Emphasis|Entities"
"984","0",">>873571","Q_AUTHORED_CURRENT_POST","QUOTED_OR_EMBEDDED","QUOTED_ANONYMOUS_POST","BOARD_POINTER","HIGH","","OLD_Q_BODY_TO_NEW_QUOTED","board back-reference pointer","Claims"
"985","0",">>873617","Q_AUTHORED_CURRENT_POST","QUOTED_OR_EMBEDDED","QUOTED_ANONYMOUS_POST","BOARD_POINTER","HIGH","","OLD_Q_BODY_TO_NEW_QUOTED","board back-reference pointer","Claims"
"987","0",">>873935","Q_AUTHORED_CURRENT_POST","QUOTED_OR_EMBEDDED","QUOTED_PRIOR_Q_POST","BOARD_POINTER","HIGH","986","OLD_Q_BODY_TO_NEW_QUOTED","board back-reference pointer","Directives|Questions|Entities"
"989","0",">>875265","Q_AUTHORED_CURRENT_POST","QUOTED_OR_EMBEDDED","QUOTED_PRIOR_Q_POST","BOARD_POINTER","HIGH","988","OLD_Q_BODY_TO_NEW_QUOTED","board back-reference pointer","Emphasis|Entities|Themes"
"990","0",">>875311","Q_AUTHORED_CURRENT_POST","QUOTED_OR_EMBEDDED","QUOTED_ANONYMOUS_POST","BOARD_POINTER","HIGH","","OLD_Q_BODY_TO_NEW_QUOTED","board back-reference pointer","Entities"
"991","0",">>875485","Q_AUTHORED_CURRENT_POST","QUOTED_OR_EMBEDDED","QUOTED_ANONYMOUS_POST","BOARD_POINTER","HIGH","","OLD_Q_BODY_TO_NEW_QUOTED","board back-reference pointer","Questions|Claims"
"993","0",">>875827","Q_AUTHORED_CURRENT_POST","QUOTED_OR_EMBEDDED","QUOTED_PRIOR_Q_POST","BOARD_POINTER","HIGH","992","OLD_Q_BODY_TO_NEW_QUOTED","board back-reference pointer","Directives|Questions|Entities"
"994","0",">>875936","Q_AUTHORED_CURRENT_POST","QUOTED_OR_EMBEDDED","QUOTED_PRIOR_Q_POST","BOARD_POINTER","HIGH","993","OLD_Q_BODY_TO_NEW_QUOTED","board back-reference pointer",""
"996","0",">>884736","Q_AUTHORED_CURRENT_POST","QUOTED_OR_EMBEDDED","QUOTED_PRIOR_Q_POST","BOARD_POINTER","HIGH","995","OLD_Q_BODY_TO_NEW_QUOTED","board back-reference pointer","Directives|Questions|Claims|Themes"
"997","0",">>884748","Q_AUTHORED_CURRENT_POST","QUOTED_OR_EMBEDDED","QUOTED_ANONYMOUS_POST","BOARD_POINTER","HIGH","","OLD_Q_BODY_TO_NEW_QUOTED","board back-reference pointer","Codes|Emphasis|Entities|Themes"
"998","0",">>884833","Q_AUTHORED_CURRENT_POST","QUOTED_OR_EMBEDDED","QUOTED_ANONYMOUS_POST","BOARD_POINTER","HIGH","","OLD_Q_BODY_TO_NEW_QUOTED","board back-reference pointer","Questions|Emphasis"
"999","0",">>884858","Q_AUTHORED_CURRENT_POST","QUOTED_OR_EMBEDDED","QUOTED_PRIOR_Q_POST","BOARD_POINTER","HIGH","998","OLD_Q_BODY_TO_NEW_QUOTED","board back-reference pointer","Questions|Claims|Entities|Themes"