actionId,kind,postNum,sentenceId,sourceDisposition,sentenceStart,sentenceEnd,sentenceText,populationMembership,oldOccurrenceKeys,oldCategories,proposedPrimaryCategory,proposedSecondarySemantics,proposedReviewDispositions,recordsWithdrawn,withdrawReason,metadataTransferred,relationshipsPreserved,ruleCode,confidence,humanReviewRequired,beforeCountEffect,afterCountEffect,questionSideWasPartial
A-DQ-p0100-s034,DIRECTIVE_QUESTION_UNIFIED,100,p0100-s034,q_authored,552,566,Define assets?,DIRECTIVE_QUESTION_220,100|directives|552|566 100|questions|552|566,directives@552..566[EXACT] questions@552..566[EXACT],question,directive,,,,100|directives|552|566 100|questions|552|566,question_directive,R1_INTERROGATIVE,MEDIUM,false,questions:-1 directives:-1,question:+1 primary · directive:+1 secondary,false
A-DQ-p1008-s015,DIRECTIVE_QUESTION_UNIFIED,1008,p1008-s015,q_authored,345,362,Define 'witness'.,DIRECTIVE_QUESTION_220,1008|directives|345|362 1008|questions|345|362,directives@345..362[EXACT] questions@345..362[EXACT],directive,question,,,,1008|directives|345|362 1008|questions|345|362,question_directive,R2_IMPERATIVE,MEDIUM,false,questions:-1 directives:-1,directive:+1 primary · question:+1 secondary,false
A-DQ-p1021-s000,DIRECTIVE_QUESTION_UNIFIED,1021,p1021-s000,q_authored,0,53,List the estimated wealth of religious organizations.,DIRECTIVE_QUESTION_220,1021|directives|0|53 1021|questions|0|53,directives@0..53[EXACT] questions@0..53[EXACT],directive,question,,,,1021|directives|0|53 1021|questions|0|53,question_directive,R2_IMPERATIVE,MEDIUM,false,questions:-1 directives:-1,directive:+1 primary · question:+1 secondary,false
A-DQ-p1120-s000,DIRECTIVE_QUESTION_UNIFIED,1120,p1120-s000,q_authored,0,8,Clarify.,DIRECTIVE_QUESTION_220,1120|directives|0|8 1120|questions|0|8,directives@0..8[EXACT] questions@0..8[EXACT],directive,question,,,,1120|directives|0|8 1120|questions|0|8,question_directive,R2_IMPERATIVE,MEDIUM,false,questions:-1 directives:-1,directive:+1 primary · question:+1 secondary,false
A-DQ-p0117-s005,DIRECTIVE_QUESTION_UNIFIED,117,p0117-s005,q_authored,200,207,Define.,DIRECTIVE_QUESTION_220,117|directives|200|207 117|questions|200|207,directives@200..207[EXACT] questions@200..207[EXACT],directive,question,,,,117|directives|200|207 117|questions|200|207,question_directive,R2_IMPERATIVE,MEDIUM,false,questions:-1 directives:-1,directive:+1 primary · question:+1 secondary,false
A-DQ-p0119-s001,DIRECTIVE_QUESTION_UNIFIED,119,p0119-s001,q_authored,31,53,List the Billionaires.,DIRECTIVE_QUESTION_220,119|directives|31|53 119|questions|31|53,directives@31..53[EXACT] questions@31..53[EXACT],directive,question,,,,119|directives|31|53 119|questions|31|53,question_directive,R2_IMPERATIVE,MEDIUM,false,questions:-1 directives:-1,directive:+1 primary · question:+1 secondary,false
A-DQ-p0121-s019,DIRECTIVE_QUESTION_UNIFIED,121,p0121-s019,q_authored,673,678,List.,DIRECTIVE_QUESTION_220,121|directives|673|678 121|questions|673|678,directives@673..678[EXACT] questions@673..678[EXACT],directive,question,,,,121|directives|673|678 121|questions|673|678,question_directive,R2_IMPERATIVE,MEDIUM,false,questions:-1 directives:-1,directive:+1 primary · question:+1 secondary,false
A-DQ-p1241-s022,DIRECTIVE_QUESTION_UNIFIED,1241,p1241-s022,q_authored,539,564,Define nuclear stand-off.,DIRECTIVE_QUESTION_220,1241|directives|539|564 1241|questions|539|564,directives@539..564[EXACT] questions@539..564[EXACT],directive,question,,,,1241|directives|539|564 1241|questions|539|564,question_directive,R2_IMPERATIVE,MEDIUM,false,questions:-1 directives:-1,directive:+1 primary · question:+1 secondary,false
A-DQ-p1241-s029,DIRECTIVE_QUESTION_UNIFIED,1241,p1241-s029,q_authored,719,735,Define kickback.,DIRECTIVE_QUESTION_220,1241|directives|719|735 1241|questions|719|735,directives@719..735[EXACT] questions@719..735[EXACT],directive,question,,,,1241|directives|719|735 1241|questions|719|735,question_directive,R2_IMPERATIVE,MEDIUM,false,questions:-1 directives:-1,directive:+1 primary · question:+1 secondary,false
A-DQ-p1241-s030,DIRECTIVE_QUESTION_UNIFIED,1241,p1241-s030,q_authored,736,754,Define slush fund.,DIRECTIVE_QUESTION_220,1241|directives|736|754 1241|questions|736|754,directives@736..754[EXACT] questions@736..754[EXACT],directive,question,,,,1241|directives|736|754 1241|questions|736|754,question_directive,R2_IMPERATIVE,MEDIUM,false,questions:-1 directives:-1,directive:+1 primary · question:+1 secondary,false
A-DQ-p1245-s007,DIRECTIVE_QUESTION_UNIFIED,1245,p1245-s007,q_authored,121,136,Define hostage.,DIRECTIVE_QUESTION_220,1245|directives|121|136 1245|questions|121|136,directives@121..136[EXACT] questions@121..136[EXACT],directive,question,,,,1245|directives|121|136 1245|questions|121|136,question_directive,R2_IMPERATIVE,MEDIUM,false,questions:-1 directives:-1,directive:+1 primary · question:+1 secondary,false
A-DQ-p1245-s008,DIRECTIVE_QUESTION_UNIFIED,1245,p1245-s008,q_authored,137,155,Define protection.,DIRECTIVE_QUESTION_220,1245|directives|137|155 1245|questions|137|155,directives@137..155[EXACT] questions@137..155[EXACT],directive,question,,,,1245|directives|137|155 1245|questions|137|155,question_directive,R2_IMPERATIVE,MEDIUM,false,questions:-1 directives:-1,directive:+1 primary · question:+1 secondary,false
A-DQ-p1249-s004,DIRECTIVE_QUESTION_UNIFIED,1249,p1249-s004,q_authored,75,90,Define smuggle.,DIRECTIVE_QUESTION_220,1249|directives|75|90 1249|questions|75|90,directives@75..90[EXACT] questions@75..90[EXACT],directive,question,,,,1249|directives|75|90 1249|questions|75|90,question_directive,R2_IMPERATIVE,MEDIUM,false,questions:-1 directives:-1,directive:+1 primary · question:+1 secondary,false
A-DQ-p1250-s019,DIRECTIVE_QUESTION_UNIFIED,1250,p1250-s019,q_authored,617,635,Define ‘Exchange’.,DIRECTIVE_QUESTION_220,1250|directives|617|635 1250|questions|617|635,directives@617..635[EXACT] questions@617..635[EXACT],directive,question,,,,1250|directives|617|635 1250|questions|617|635,question_directive,R2_IMPERATIVE,MEDIUM,false,questions:-1 directives:-1,directive:+1 primary · question:+1 secondary,false
A-DQ-p1279-s016,DIRECTIVE_QUESTION_UNIFIED,1279,p1279-s016,q_authored,308,325,Define Evergreen.,DIRECTIVE_QUESTION_220,1279|directives|308|325 1279|questions|308|325,directives@308..325[EXACT] questions@308..325[EXACT],directive,question,,,,1279|directives|308|325 1279|questions|308|325,question_directive,R2_IMPERATIVE,MEDIUM,false,questions:-1 directives:-1,directive:+1 primary · question:+1 secondary,false
A-DQ-p1280-s004,DIRECTIVE_QUESTION_UNIFIED,1280,p1280-s004,q_authored,203,220,Define testimony.,DIRECTIVE_QUESTION_220,1280|directives|203|220 1280|questions|203|220,directives@203..220[EXACT] questions@203..220[EXACT],directive,question,,,,1280|directives|203|220 1280|questions|203|220,question_directive,R2_IMPERATIVE,MEDIUM,false,questions:-1 directives:-1,directive:+1 primary · question:+1 secondary,false
A-DQ-p1280-s005,DIRECTIVE_QUESTION_UNIFIED,1280,p1280-s005,q_authored,221,240,Define ‘on record’.,DIRECTIVE_QUESTION_220,1280|directives|221|240 1280|questions|221|240,directives@221..240[EXACT] questions@221..240[EXACT],directive,question,,,,1280|directives|221|240 1280|questions|221|240,question_directive,R2_IMPERATIVE,MEDIUM,false,questions:-1 directives:-1,directive:+1 primary · question:+1 secondary,false
A-DQ-p1306-s000,DIRECTIVE_QUESTION_UNIFIED,1306,p1306-s000,q_authored,0,42,Define the terms of the Iran nuclear deal.,DIRECTIVE_QUESTION_220,1306|directives|0|42 1306|questions|0|42,directives@0..42[EXACT] questions@0..42[EXACT],directive,question,,,,1306|directives|0|42 1306|questions|0|42,question_directive,R2_IMPERATIVE,MEDIUM,false,questions:-1 directives:-1,directive:+1 primary · question:+1 secondary,false
A-DQ-p1306-s012,DIRECTIVE_QUESTION_UNIFIED,1306,p1306-s012,q_authored,469,482,Define cover.,DIRECTIVE_QUESTION_220,1306|directives|469|482 1306|questions|469|482,directives@469..482[EXACT] questions@469..482[EXACT],directive,question,,,,1306|directives|469|482 1306|questions|469|482,question_directive,R2_IMPERATIVE,MEDIUM,false,questions:-1 directives:-1,directive:+1 primary · question:+1 secondary,false
A-DQ-p1318-s042,DIRECTIVE_QUESTION_UNIFIED,1318,p1318-s042,q_authored,1454,1476,Define single shooter.,DIRECTIVE_QUESTION_220,1318|directives|1454|1476 1318|questions|1454|1476,directives@1454..1476[EXACT] questions@1454..1476[EXACT],directive,question,,,,1318|directives|1454|1476 1318|questions|1454|1476,question_directive,R2_IMPERATIVE,MEDIUM,false,questions:-1 directives:-1,directive:+1 primary · question:+1 secondary,false
A-DQ-p1318-s044,DIRECTIVE_QUESTION_UNIFIED,1318,p1318-s044,q_authored,1492,1502,Define IG.,DIRECTIVE_QUESTION_220,1318|directives|1492|1502 1318|questions|1492|1502,directives@1492..1502[EXACT] questions@1492..1502[EXACT],directive,question,,,,1318|directives|1492|1502 1318|questions|1492|1502,question_directive,R2_IMPERATIVE,MEDIUM,false,questions:-1 directives:-1,directive:+1 primary · question:+1 secondary,false
A-DQ-p1319-s064,DIRECTIVE_QUESTION_UNIFIED,1319,p1319-s064,q_authored,1871,1888,Define roadblock.,DIRECTIVE_QUESTION_220,1319|directives|1871|1888 1319|questions|1871|1888,directives@1871..1888[EXACT] questions@1871..1888[EXACT],directive,question,,,,1319|directives|1871|1888 1319|questions|1871|1888,question_directive,R2_IMPERATIVE,MEDIUM,false,questions:-1 directives:-1,directive:+1 primary · question:+1 secondary,false
A-DQ-p1320-s008,DIRECTIVE_QUESTION_UNIFIED,1320,p1320-s008,q_authored,338,375,"Ask yourself, why are they panicking?",DIRECTIVE_QUESTION_220 WRAPPED_PARTIAL_51,1320|directives|338|375 1320|questions|352|375,directives@338..375[EXACT] questions@352..375[PARTIAL],question,directive,,1320|questions|352|375,directive-wrapped question: the embedded partial span is superseded by the complete sentence,1320|directives|338|375 1320|questions|352|375,question_directive,R1_INTERROGATIVE,MEDIUM,false,questions:-1 directives:-1,question:+1 primary · directive:+1 secondary,true
A-DQ-p1320-s009,DIRECTIVE_QUESTION_UNIFIED,1320,p1320-s009,q_authored,377,434,"Ask yourself, why is UK, France, and Germany so involved?",DIRECTIVE_QUESTION_220 WRAPPED_PARTIAL_51,1320|directives|377|434 1320|questions|391|434,directives@377..434[EXACT] questions@391..434[PARTIAL],question,directive,,1320|questions|391|434,directive-wrapped question: the embedded partial span is superseded by the complete sentence,1320|directives|377|434 1320|questions|391|434,question_directive,R1_INTERROGATIVE,MEDIUM,false,questions:-1 directives:-1,question:+1 primary · directive:+1 secondary,true
A-DQ-p1339-s034,DIRECTIVE_QUESTION_UNIFIED,1339,p1339-s034,q_authored,938,951,Define Media.,DIRECTIVE_QUESTION_220,1339|directives|938|951 1339|questions|938|951,directives@938..951[EXACT] questions@938..951[EXACT],directive,question,,,,1339|directives|938|951 1339|questions|938|951,question_directive,R2_IMPERATIVE,MEDIUM,false,questions:-1 directives:-1,directive:+1 primary · question:+1 secondary,false
A-DQ-p1339-s039,DIRECTIVE_QUESTION_UNIFIED,1339,p1339-s039,q_authored,1084,1101,Define 'Patriot'.,DIRECTIVE_QUESTION_220,1339|directives|1084|1101 1339|questions|1084|1101,directives@1084..1101[EXACT] questions@1084..1101[EXACT],directive,question,,,,1339|directives|1084|1101 1339|questions|1084|1101,question_directive,R2_IMPERATIVE,MEDIUM,false,questions:-1 directives:-1,directive:+1 primary · question:+1 secondary,false
A-DQ-p0134-s003,DIRECTIVE_QUESTION_UNIFIED,134,p0134-s003,q_authored,93,178,"List names, family history, investment/ownership stakes, and point-to-point contacts.",DIRECTIVE_QUESTION_220,134|directives|93|178 134|questions|93|178,directives@93..178[EXACT] questions@93..178[EXACT],directive,question,,,,134|directives|93|178 134|questions|93|178,question_directive,R2_IMPERATIVE,MEDIUM,false,questions:-1 directives:-1,directive:+1 primary · question:+1 secondary,false
A-DQ-p1345-s017,DIRECTIVE_QUESTION_UNIFIED,1345,p1345-s017,q_authored,466,479,Define bribe.,DIRECTIVE_QUESTION_220,1345|directives|466|479 1345|questions|466|479,directives@466..479[EXACT] questions@466..479[EXACT],directive,question,,,,1345|directives|466|479 1345|questions|466|479,question_directive,R2_IMPERATIVE,MEDIUM,false,questions:-1 directives:-1,directive:+1 primary · question:+1 secondary,false
A-DQ-p1345-s018,DIRECTIVE_QUESTION_UNIFIED,1345,p1345-s018,q_authored,480,496,Define kickback.,DIRECTIVE_QUESTION_220,1345|directives|480|496 1345|questions|480|496,directives@480..496[EXACT] questions@480..496[EXACT],directive,question,,,,1345|directives|480|496 1345|questions|480|496,question_directive,R2_IMPERATIVE,MEDIUM,false,questions:-1 directives:-1,directive:+1 primary · question:+1 secondary,false
A-DQ-p1351-s001,DIRECTIVE_QUESTION_UNIFIED,1351,p1351-s001,q_authored,20,38,Define indictment.,DIRECTIVE_QUESTION_220,1351|directives|20|38 1351|questions|20|38,directives@20..38[EXACT] questions@20..38[EXACT],directive,question,,,,1351|directives|20|38 1351|questions|20|38,question_directive,R2_IMPERATIVE,MEDIUM,false,questions:-1 directives:-1,directive:+1 primary · question:+1 secondary,false
A-DQ-p1361-s022,DIRECTIVE_QUESTION_UNIFIED,1361,p1361-s022,q_authored,1870,1888,"Ask yourself, WHY?",DIRECTIVE_QUESTION_220 WRAPPED_PARTIAL_51,1361|directives|1870|1888 1361|questions|1884|1888,directives@1870..1888[EXACT] questions@1884..1888[PARTIAL],question,directive,,1361|questions|1884|1888,directive-wrapped question: the embedded partial span is superseded by the complete sentence,1361|directives|1870|1888 1361|questions|1884|1888,question_directive,R1_INTERROGATIVE,MEDIUM,false,questions:-1 directives:-1,question:+1 primary · directive:+1 secondary,true
A-DQ-p1370-s010,DIRECTIVE_QUESTION_UNIFIED,1370,p1370-s010,q_authored,315,338,Define “On the Record.”,DIRECTIVE_QUESTION_220,1370|directives|315|338 1370|questions|315|338,directives@315..338[EXACT] questions@315..338[EXACT],directive,question,,,,1370|directives|315|338 1370|questions|315|338,question_directive,R2_IMPERATIVE,MEDIUM,false,questions:-1 directives:-1,directive:+1 primary · question:+1 secondary,false
A-DQ-p0153-s001,DIRECTIVE_QUESTION_UNIFIED,153,p0153-s001,q_authored,27,213,"Ask yourself an honest question, why would a billionaire who has it all, fame, fortune, a warm and loving family, friends, etc. want to endanger himself and his family by becoming POTUS?",DIRECTIVE_QUESTION_220 WRAPPED_PARTIAL_51,153|directives|27|213 153|questions|60|213,directives@27..213[EXACT] questions@60..213[PARTIAL],question,directive,,153|questions|60|213,directive-wrapped question: the embedded partial span is superseded by the complete sentence,153|directives|27|213 153|questions|60|213,question_directive,R1_INTERROGATIVE,MEDIUM,false,questions:-1 directives:-1,question:+1 primary · directive:+1 secondary,true
A-DQ-p1559-s005,DIRECTIVE_QUESTION_UNIFIED,1559,p1559-s005,q_authored,101,114,Define title.,DIRECTIVE_QUESTION_220,1559|directives|101|114 1559|questions|101|114,directives@101..114[EXACT] questions@101..114[EXACT],directive,question,,,,1559|directives|101|114 1559|questions|101|114,question_directive,R2_IMPERATIVE,MEDIUM,false,questions:-1 directives:-1,directive:+1 primary · question:+1 secondary,false
A-DQ-p1559-s006,DIRECTIVE_QUESTION_UNIFIED,1559,p1559-s006,q_authored,115,138,Define role w/ Mueller.,DIRECTIVE_QUESTION_220,1559|directives|115|138 1559|questions|115|138,directives@115..138[EXACT] questions@115..138[EXACT],directive,question,,,,1559|directives|115|138 1559|questions|115|138,question_directive,R2_IMPERATIVE,MEDIUM,false,questions:-1 directives:-1,directive:+1 primary · question:+1 secondary,false
A-DQ-p0157-s022,DIRECTIVE_QUESTION_UNIFIED,157,p0157-s022,q_authored,777,795,Define corruption.,DIRECTIVE_QUESTION_220,157|directives|777|795 157|questions|777|795,directives@777..795[EXACT] questions@777..795[EXACT],directive,question,,,,157|directives|777|795 157|questions|777|795,question_directive,R2_IMPERATIVE,MEDIUM,false,questions:-1 directives:-1,directive:+1 primary · question:+1 secondary,false
A-DQ-p0157-s039,DIRECTIVE_QUESTION_UNIFIED,157,p0157-s039,q_authored,1467,1485,Define censorship.,DIRECTIVE_QUESTION_220,157|directives|1467|1485 157|questions|1467|1485,directives@1467..1485[EXACT] questions@1467..1485[EXACT],directive,question,,,,157|directives|1467|1485 157|questions|1467|1485,question_directive,R2_IMPERATIVE,MEDIUM,false,questions:-1 directives:-1,directive:+1 primary · question:+1 secondary,false
A-DQ-p0157-s040,DIRECTIVE_QUESTION_UNIFIED,157,p0157-s040,q_authored,1487,1518,Define ‘controlled’ censorship.,DIRECTIVE_QUESTION_220,157|directives|1487|1518 157|questions|1487|1518,directives@1487..1518[EXACT] questions@1487..1518[EXACT],directive,question,,,,157|directives|1487|1518 157|questions|1487|1518,question_directive,R2_IMPERATIVE,MEDIUM,false,questions:-1 directives:-1,directive:+1 primary · question:+1 secondary,false
A-DQ-p0158-s005,DIRECTIVE_QUESTION_UNIFIED,158,p0158-s005,q_authored,139,157,Define oppression.,DIRECTIVE_QUESTION_220,158|directives|139|157 158|questions|139|157,directives@139..157[EXACT] questions@139..157[EXACT],directive,question,,,,158|directives|139|157 158|questions|139|157,question_directive,R2_IMPERATIVE,MEDIUM,false,questions:-1 directives:-1,directive:+1 primary · question:+1 secondary,false
A-DQ-p0158-s021,DIRECTIVE_QUESTION_UNIFIED,158,p0158-s021,q_authored,927,957,Define ‘lead-in’ (think play)?,DIRECTIVE_QUESTION_220,158|directives|927|957 158|questions|927|957,directives@927..957[EXACT] questions@927..957[EXACT],question,directive,,,,158|directives|927|957 158|questions|927|957,question_directive,R1_INTERROGATIVE,MEDIUM,false,questions:-1 directives:-1,question:+1 primary · directive:+1 secondary,false
A-DQ-p0158-s027,DIRECTIVE_QUESTION_UNIFIED,158,p0158-s027,q_authored,1110,1127,Define blackmail.,DIRECTIVE_QUESTION_220,158|directives|1110|1127 158|questions|1110|1127,directives@1110..1127[EXACT] questions@1110..1127[EXACT],directive,question,,,,158|directives|1110|1127 158|questions|1110|1127,question_directive,R2_IMPERATIVE,MEDIUM,false,questions:-1 directives:-1,directive:+1 primary · question:+1 secondary,false
A-DQ-p1589-s004,DIRECTIVE_QUESTION_UNIFIED,1589,p1589-s004,q_authored,178,185,Define.,DIRECTIVE_QUESTION_220,1589|directives|178|185 1589|questions|178|185,directives@178..185[EXACT] questions@178..185[EXACT],directive,question,,,,1589|directives|178|185 1589|questions|178|185,question_directive,R2_IMPERATIVE,MEDIUM,false,questions:-1 directives:-1,directive:+1 primary · question:+1 secondary,false
A-DQ-p1646-s024,DIRECTIVE_QUESTION_UNIFIED,1646,p1646-s024,q_authored,682,706,COMPARE TO HITLER/NAZIS?,DIRECTIVE_QUESTION_220,1646|directives|682|706 1646|questions|682|706,directives@682..706[EXACT] questions@682..706[EXACT],question,directive,,,,1646|directives|682|706 1646|questions|682|706,question_directive,R1_INTERROGATIVE,MEDIUM,false,questions:-1 directives:-1,question:+1 primary · directive:+1 secondary,false
A-DQ-p1647-s001,DIRECTIVE_QUESTION_UNIFIED,1647,p1647-s001,q_authored,17,47,Ask yourself - is this normal?,DIRECTIVE_QUESTION_220 WRAPPED_PARTIAL_51,1647|directives|17|47 1647|questions|32|47,directives@17..47[EXACT] questions@32..47[PARTIAL],question,directive,,1647|questions|32|47,directive-wrapped question: the embedded partial span is superseded by the complete sentence,1647|directives|17|47 1647|questions|32|47,question_directive,R1_INTERROGATIVE,MEDIUM,false,questions:-1 directives:-1,question:+1 primary · directive:+1 secondary,true
A-DQ-p1648-s001,DIRECTIVE_QUESTION_UNIFIED,1648,p1648-s001,q_authored,27,57,Ask yourself - is this normal?,DIRECTIVE_QUESTION_220 WRAPPED_PARTIAL_51,1648|directives|27|57 1648|questions|42|57,directives@27..57[EXACT] questions@42..57[PARTIAL],question,directive,,1648|questions|42|57,directive-wrapped question: the embedded partial span is superseded by the complete sentence,1648|directives|27|57 1648|questions|42|57,question_directive,R1_INTERROGATIVE,MEDIUM,false,questions:-1 directives:-1,question:+1 primary · directive:+1 secondary,true
A-DQ-p0165-s019,DIRECTIVE_QUESTION_UNIFIED,165,p0165-s019,q_authored,642,668,Define the ‘known’ action.,DIRECTIVE_QUESTION_220,165|directives|642|668 165|questions|642|668,directives@642..668[EXACT] questions@642..668[EXACT],directive,question,,,,165|directives|642|668 165|questions|642|668,question_directive,R2_IMPERATIVE,MEDIUM,false,questions:-1 directives:-1,directive:+1 primary · question:+1 secondary,false
A-DQ-p1658-s001,DIRECTIVE_QUESTION_UNIFIED,1658,p1658-s001,q_authored,15,45,Ask yourself - is this normal?,DIRECTIVE_QUESTION_220 WRAPPED_PARTIAL_51,1658|directives|15|45 1658|questions|30|45,directives@15..45[EXACT] questions@30..45[PARTIAL],question,directive,,1658|questions|30|45,directive-wrapped question: the embedded partial span is superseded by the complete sentence,1658|directives|15|45 1658|questions|30|45,question_directive,R1_INTERROGATIVE,MEDIUM,false,questions:-1 directives:-1,question:+1 primary · directive:+1 secondary,true
A-DQ-p1659-s000,DIRECTIVE_QUESTION_UNIFIED,1659,p1659-s000,q_authored,10,55,Ask yourself - who is filing the indictments?,DIRECTIVE_QUESTION_220 WRAPPED_PARTIAL_51,1659|directives|10|55 1659|questions|25|55,directives@10..55[EXACT] questions@25..55[PARTIAL],question,directive,,1659|questions|25|55,directive-wrapped question: the embedded partial span is superseded by the complete sentence,1659|directives|10|55 1659|questions|25|55,question_directive,R1_INTERROGATIVE,MEDIUM,false,questions:-1 directives:-1,question:+1 primary · directive:+1 secondary,true
A-DQ-p0166-s020,DIRECTIVE_QUESTION_UNIFIED,166,p0166-s020,q_authored,670,696,Define the ‘known’ action.,DIRECTIVE_QUESTION_220,166|directives|670|696 166|questions|670|696,directives@670..696[EXACT] questions@670..696[EXACT],directive,question,,,,166|directives|670|696 166|questions|670|696,question_directive,R2_IMPERATIVE,MEDIUM,false,questions:-1 directives:-1,directive:+1 primary · question:+1 secondary,false
A-DQ-p1660-s000,DIRECTIVE_QUESTION_UNIFIED,1660,p1660-s000,q_authored,10,82,Ask yourself - does Huber have the ability to file across all 50 states?,DIRECTIVE_QUESTION_220 WRAPPED_PARTIAL_51,1660|directives|10|82 1660|questions|25|82,directives@10..82[EXACT] questions@25..82[PARTIAL],question,directive,,1660|questions|25|82,directive-wrapped question: the embedded partial span is superseded by the complete sentence,1660|directives|10|82 1660|questions|25|82,question_directive,R1_INTERROGATIVE,MEDIUM,false,questions:-1 directives:-1,question:+1 primary · directive:+1 secondary,true
A-DQ-p1682-s002,DIRECTIVE_QUESTION_UNIFIED,1682,p1682-s002,q_authored,62,78,Define evidence.,DIRECTIVE_QUESTION_220,1682|directives|62|78 1682|questions|62|78,directives@62..78[EXACT] questions@62..78[EXACT],directive,question,,,,1682|directives|62|78 1682|questions|62|78,question_directive,R2_IMPERATIVE,MEDIUM,false,questions:-1 directives:-1,directive:+1 primary · question:+1 secondary,false
A-DQ-p1796-s016,DIRECTIVE_QUESTION_UNIFIED,1796,p1796-s016,q_authored,529,547,"Ask yourself, why?",DIRECTIVE_QUESTION_220 WRAPPED_PARTIAL_51,1796|directives|529|547 1796|questions|543|547,directives@529..547[EXACT] questions@543..547[PARTIAL],question,directive,,1796|questions|543|547,directive-wrapped question: the embedded partial span is superseded by the complete sentence,1796|directives|529|547 1796|questions|543|547,question_directive,R1_INTERROGATIVE,MEDIUM,false,questions:-1 directives:-1,question:+1 primary · directive:+1 secondary,true
A-DQ-p1822-s001,DIRECTIVE_QUESTION_UNIFIED,1822,p1822-s001,q_authored,26,44,Define Conspiracy.,DIRECTIVE_QUESTION_220,1822|directives|26|44 1822|questions|26|44,directives@26..44[EXACT] questions@26..44[EXACT],directive,question,,,,1822|directives|26|44 1822|questions|26|44,question_directive,R2_IMPERATIVE,MEDIUM,false,questions:-1 directives:-1,directive:+1 primary · question:+1 secondary,false
A-DQ-p1822-s064,DIRECTIVE_QUESTION_UNIFIED,1822,p1822-s064,q_authored,2005,2045,Ask yourself a simple question – WHY????,DIRECTIVE_QUESTION_220 WRAPPED_PARTIAL_51,1822|directives|2005|2045 1822|questions|2038|2045,directives@2005..2045[EXACT] questions@2038..2045[PARTIAL],question,directive,,1822|questions|2038|2045,directive-wrapped question: the embedded partial span is superseded by the complete sentence,1822|directives|2005|2045 1822|questions|2038|2045,question_directive,R1_INTERROGATIVE,MEDIUM,false,questions:-1 directives:-1,question:+1 primary · directive:+1 secondary,true
A-DQ-p1841-s001,DIRECTIVE_QUESTION_UNIFIED,1841,p1841-s001,q_authored,57,81,Define Antitrust Law(s).,DIRECTIVE_QUESTION_220,1841|directives|57|81 1841|questions|57|81,directives@57..81[EXACT] questions@57..81[EXACT],directive,question,,,,1841|directives|57|81 1841|questions|57|81,question_directive,R2_IMPERATIVE,MEDIUM,false,questions:-1 directives:-1,directive:+1 primary · question:+1 secondary,false
A-DQ-p1862-s007,DIRECTIVE_QUESTION_UNIFIED,1862,p1862-s007,q_authored,560,580,Define 'Projection'.,DIRECTIVE_QUESTION_220,1862|directives|560|580 1862|questions|560|580,directives@560..580[EXACT] questions@560..580[EXACT],directive,question,,,,1862|directives|560|580 1862|questions|560|580,question_directive,R2_IMPERATIVE,MEDIUM,false,questions:-1 directives:-1,directive:+1 primary · question:+1 secondary,false
A-DQ-p1862-s008,DIRECTIVE_QUESTION_UNIFIED,1862,p1862-s008,q_authored,581,607,Define 'Insurance Policy'.,DIRECTIVE_QUESTION_220,1862|directives|581|607 1862|questions|581|607,directives@581..607[EXACT] questions@581..607[EXACT],directive,question,,,,1862|directives|581|607 1862|questions|581|607,question_directive,R2_IMPERATIVE,MEDIUM,false,questions:-1 directives:-1,directive:+1 primary · question:+1 secondary,false
A-DQ-p1862-s009,DIRECTIVE_QUESTION_UNIFIED,1862,p1862-s009,q_authored,608,652,Define 'Warning Against Attempts to Unveil'.,DIRECTIVE_QUESTION_220,1862|directives|608|652 1862|questions|608|652,directives@608..652[EXACT] questions@608..652[EXACT],directive,question,,,,1862|directives|608|652 1862|questions|608|652,question_directive,R2_IMPERATIVE,MEDIUM,false,questions:-1 directives:-1,directive:+1 primary · question:+1 secondary,false
A-DQ-p1873-s003,DIRECTIVE_QUESTION_UNIFIED,1873,p1873-s003,q_authored,87,106,Ask yourself - WHY?,DIRECTIVE_QUESTION_220 WRAPPED_PARTIAL_51,1873|directives|87|106 1873|questions|102|106,directives@87..106[EXACT] questions@102..106[PARTIAL],question,directive,,1873|questions|102|106,directive-wrapped question: the embedded partial span is superseded by the complete sentence,1873|directives|87|106 1873|questions|102|106,question_directive,R1_INTERROGATIVE,MEDIUM,false,questions:-1 directives:-1,question:+1 primary · directive:+1 secondary,true
A-DQ-p1887-s018,DIRECTIVE_QUESTION_UNIFIED,1887,p1887-s018,q_authored,955,982,Define C_A regional assets.,DIRECTIVE_QUESTION_220,1887|directives|955|982 1887|questions|955|982,directives@955..982[EXACT] questions@955..982[EXACT],directive,question,,,,1887|directives|955|982 1887|questions|955|982,question_directive,R2_IMPERATIVE,MEDIUM,false,questions:-1 directives:-1,directive:+1 primary · question:+1 secondary,false
A-DQ-p0189-s000,DIRECTIVE_QUESTION_UNIFIED,189,p0189-s000,q_authored,0,29,Identify symbolism (Owl / Y).,DIRECTIVE_QUESTION_220,189|directives|0|29 189|questions|0|29,directives@0..29[EXACT] questions@0..29[EXACT],directive,question,,,,189|directives|0|29 189|questions|0|29,question_directive,R2_IMPERATIVE,MEDIUM,false,questions:-1 directives:-1,directive:+1 primary · question:+1 secondary,false
A-DQ-p1908-s005,DIRECTIVE_QUESTION_UNIFIED,1908,p1908-s005,q_authored,201,292,"Ask yourself, would you NOT want to be at your preferred destination PRIOR TO going public?",DIRECTIVE_QUESTION_220 WRAPPED_PARTIAL_51,1908|directives|201|292 1908|questions|215|292,directives@201..292[EXACT] questions@215..292[PARTIAL],question,directive,,1908|questions|215|292,directive-wrapped question: the embedded partial span is superseded by the complete sentence,1908|directives|201|292 1908|questions|215|292,question_directive,R1_INTERROGATIVE,MEDIUM,false,questions:-1 directives:-1,question:+1 primary · directive:+1 secondary,true
A-DQ-p1926-s000,DIRECTIVE_QUESTION_UNIFIED,1926,p1926-s000,q_authored,0,17,Define 'Fascism'.,DIRECTIVE_QUESTION_220,1926|directives|0|17 1926|questions|0|17,directives@0..17[EXACT] questions@0..17[EXACT],directive,question,,,,1926|directives|0|17 1926|questions|0|17,question_directive,R2_IMPERATIVE,MEDIUM,false,questions:-1 directives:-1,directive:+1 primary · question:+1 secondary,false
A-DQ-p1926-s002,DIRECTIVE_QUESTION_UNIFIED,1926,p1926-s002,q_authored,55,75,Define 'Censorship'.,DIRECTIVE_QUESTION_220,1926|directives|55|75 1926|questions|55|75,directives@55..75[EXACT] questions@55..75[EXACT],directive,question,,,,1926|directives|55|75 1926|questions|55|75,question_directive,R2_IMPERATIVE,MEDIUM,false,questions:-1 directives:-1,directive:+1 primary · question:+1 secondary,false
A-DQ-p1926-s004,DIRECTIVE_QUESTION_UNIFIED,1926,p1926-s004,q_authored,127,146,Define 'Narrative'.,DIRECTIVE_QUESTION_220,1926|directives|127|146 1926|questions|127|146,directives@127..146[EXACT] questions@127..146[EXACT],directive,question,,,,1926|directives|127|146 1926|questions|127|146,question_directive,R2_IMPERATIVE,MEDIUM,false,questions:-1 directives:-1,directive:+1 primary · question:+1 secondary,false
A-DQ-p1926-s006,DIRECTIVE_QUESTION_UNIFIED,1926,p1926-s006,q_authored,288,308,Define 'Projection'.,DIRECTIVE_QUESTION_220,1926|directives|288|308 1926|questions|288|308,directives@288..308[EXACT] questions@288..308[EXACT],directive,question,,,,1926|directives|288|308 1926|questions|288|308,question_directive,R2_IMPERATIVE,MEDIUM,false,questions:-1 directives:-1,directive:+1 primary · question:+1 secondary,false
A-DQ-p1926-s009,DIRECTIVE_QUESTION_UNIFIED,1926,p1926-s009,q_authored,531,565,Define 'Psychological Projection'.,DIRECTIVE_QUESTION_220,1926|directives|531|565 1926|questions|531|565,directives@531..565[EXACT] questions@531..565[EXACT],directive,question,,,,1926|directives|531|565 1926|questions|531|565,question_directive,R2_IMPERATIVE,MEDIUM,false,questions:-1 directives:-1,directive:+1 primary · question:+1 secondary,false
A-DQ-p1926-s011,DIRECTIVE_QUESTION_UNIFIED,1926,p1926-s011,q_authored,773,793,Define 'Narcissist'.,DIRECTIVE_QUESTION_220,1926|directives|773|793 1926|questions|773|793,directives@773..793[EXACT] questions@773..793[EXACT],directive,question,,,,1926|directives|773|793 1926|questions|773|793,question_directive,R2_IMPERATIVE,MEDIUM,false,questions:-1 directives:-1,directive:+1 primary · question:+1 secondary,false
A-DQ-p1926-s013,DIRECTIVE_QUESTION_UNIFIED,1926,p1926-s013,q_authored,976,991,Define 'Dogma'.,DIRECTIVE_QUESTION_220,1926|directives|976|991 1926|questions|976|991,directives@976..991[EXACT] questions@976..991[EXACT],directive,question,,,,1926|directives|976|991 1926|questions|976|991,question_directive,R2_IMPERATIVE,MEDIUM,false,questions:-1 directives:-1,directive:+1 primary · question:+1 secondary,false
A-DQ-p1926-s015,DIRECTIVE_QUESTION_UNIFIED,1926,p1926-s015,q_authored,1070,1090,Define 'Aggression'.,DIRECTIVE_QUESTION_220,1926|directives|1070|1090 1926|questions|1070|1090,directives@1070..1090[EXACT] questions@1070..1090[EXACT],directive,question,,,,1926|directives|1070|1090 1926|questions|1070|1090,question_directive,R2_IMPERATIVE,MEDIUM,false,questions:-1 directives:-1,directive:+1 primary · question:+1 secondary,false
A-DQ-p1926-s017,DIRECTIVE_QUESTION_UNIFIED,1926,p1926-s017,q_authored,1168,1189,Define 'Suppression'.,DIRECTIVE_QUESTION_220,1926|directives|1168|1189 1926|questions|1168|1189,directives@1168..1189[EXACT] questions@1168..1189[EXACT],directive,question,,,,1926|directives|1168|1189 1926|questions|1168|1189,question_directive,R2_IMPERATIVE,MEDIUM,false,questions:-1 directives:-1,directive:+1 primary · question:+1 secondary,false
A-DQ-p1926-s022,DIRECTIVE_QUESTION_UNIFIED,1926,p1926-s022,q_authored,1446,1463,Define 'Realism'.,DIRECTIVE_QUESTION_220,1926|directives|1446|1463 1926|questions|1446|1463,directives@1446..1463[EXACT] questions@1446..1463[EXACT],directive,question,,,,1926|directives|1446|1463 1926|questions|1446|1463,question_directive,R2_IMPERATIVE,MEDIUM,false,questions:-1 directives:-1,directive:+1 primary · question:+1 secondary,false
A-DQ-p1927-s001,DIRECTIVE_QUESTION_UNIFIED,1927,p1927-s001,q_authored,8,28,Define 'Subversion'.,DIRECTIVE_QUESTION_220,1927|directives|8|28 1927|questions|8|28,directives@8..28[EXACT] questions@8..28[EXACT],directive,question,,,,1927|directives|8|28 1927|questions|8|28,question_directive,R2_IMPERATIVE,MEDIUM,false,questions:-1 directives:-1,directive:+1 primary · question:+1 secondary,false
A-DQ-p1935-s004,DIRECTIVE_QUESTION_UNIFIED,1935,p1935-s004,q_authored,515,535,Define 'Projection'.,DIRECTIVE_QUESTION_220,1935|directives|515|535 1935|questions|515|535,directives@515..535[EXACT] questions@515..535[EXACT],directive,question,,,,1935|directives|515|535 1935|questions|515|535,question_directive,R2_IMPERATIVE,MEDIUM,false,questions:-1 directives:-1,directive:+1 primary · question:+1 secondary,false
A-DQ-p1935-s021,DIRECTIVE_QUESTION_UNIFIED,1935,p1935-s021,q_authored,859,955,"Ask yourself, if above are central to operational success, who would you pick to lead such orgs?",DIRECTIVE_QUESTION_220 WRAPPED_PARTIAL_51,1935|directives|859|955 1935|questions|873|955,directives@859..955[EXACT] questions@873..955[PARTIAL],question,directive,,1935|questions|873|955,directive-wrapped question: the embedded partial span is superseded by the complete sentence,1935|directives|859|955 1935|questions|873|955,question_directive,R1_INTERROGATIVE,MEDIUM,false,questions:-1 directives:-1,question:+1 primary · directive:+1 secondary,true
A-DQ-p1935-s025,DIRECTIVE_QUESTION_UNIFIED,1935,p1935-s025,q_authored,1054,1072,Define DARK MONEY.,DIRECTIVE_QUESTION_220,1935|directives|1054|1072 1935|questions|1054|1072,directives@1054..1072[EXACT] questions@1054..1072[EXACT],directive,question,,,,1935|directives|1054|1072 1935|questions|1054|1072,question_directive,R2_IMPERATIVE,MEDIUM,false,questions:-1 directives:-1,directive:+1 primary · question:+1 secondary,false
A-DQ-p1944-s005,DIRECTIVE_QUESTION_UNIFIED,1944,p1944-s005,q_authored,106,129,Define 'State Secrets'.,DIRECTIVE_QUESTION_220,1944|directives|106|129 1944|questions|106|129,directives@106..129[EXACT] questions@106..129[EXACT],directive,question,,,,1944|directives|106|129 1944|questions|106|129,question_directive,R2_IMPERATIVE,MEDIUM,false,questions:-1 directives:-1,directive:+1 primary · question:+1 secondary,false
A-DQ-p1944-s023,DIRECTIVE_QUESTION_UNIFIED,1944,p1944-s023,q_authored,1246,1266,Define 'Projection'.,DIRECTIVE_QUESTION_220,1944|directives|1246|1266 1944|questions|1246|1266,directives@1246..1266[EXACT] questions@1246..1266[EXACT],directive,question,,,,1944|directives|1246|1266 1944|questions|1246|1266,question_directive,R2_IMPERATIVE,MEDIUM,false,questions:-1 directives:-1,directive:+1 primary · question:+1 secondary,false
A-DQ-p1945-s000,DIRECTIVE_QUESTION_UNIFIED,1945,p1945-s000,q_authored,10,27,Define 'Treason'.,DIRECTIVE_QUESTION_220,1945|directives|10|27 1945|questions|10|27,directives@10..27[EXACT] questions@10..27[EXACT],directive,question,,,,1945|directives|10|27 1945|questions|10|27,question_directive,R2_IMPERATIVE,MEDIUM,false,questions:-1 directives:-1,directive:+1 primary · question:+1 secondary,false
A-DQ-p1945-s022,DIRECTIVE_QUESTION_UNIFIED,1945,p1945-s022,q_authored,2024,2044,Define 'Projection'.,DIRECTIVE_QUESTION_220,1945|directives|2024|2044 1945|questions|2024|2044,directives@2024..2044[EXACT] questions@2024..2044[EXACT],directive,question,,,,1945|directives|2024|2044 1945|questions|2024|2044,question_directive,R2_IMPERATIVE,MEDIUM,false,questions:-1 directives:-1,directive:+1 primary · question:+1 secondary,false
A-DQ-p1948-s044,DIRECTIVE_QUESTION_UNIFIED,1948,p1948-s044,q_authored,1780,1800,Define 'Contractor'.,DIRECTIVE_QUESTION_220,1948|directives|1780|1800 1948|questions|1780|1800,directives@1780..1800[EXACT] questions@1780..1800[EXACT],directive,question,,,,1948|directives|1780|1800 1948|questions|1780|1800,question_directive,R2_IMPERATIVE,MEDIUM,false,questions:-1 directives:-1,directive:+1 primary · question:+1 secondary,false
A-DQ-p1948-s045,DIRECTIVE_QUESTION_UNIFIED,1948,p1948-s045,q_authored,1801,1828,Define the 'PRISM' program.,DIRECTIVE_QUESTION_220,1948|directives|1801|1828 1948|questions|1801|1828,directives@1801..1828[EXACT] questions@1801..1828[EXACT],directive,question,,,,1948|directives|1801|1828 1948|questions|1801|1828,question_directive,R2_IMPERATIVE,MEDIUM,false,questions:-1 directives:-1,directive:+1 primary · question:+1 secondary,false
A-DQ-p1972-s006,DIRECTIVE_QUESTION_UNIFIED,1972,p1972-s006,q_authored,191,208,Define 'Shelter'.,DIRECTIVE_QUESTION_220,1972|directives|191|208 1972|questions|191|208,directives@191..208[EXACT] questions@191..208[EXACT],directive,question,,,,1972|directives|191|208 1972|questions|191|208,question_directive,R2_IMPERATIVE,MEDIUM,false,questions:-1 directives:-1,directive:+1 primary · question:+1 secondary,false
A-DQ-p2000-s003,DIRECTIVE_QUESTION_UNIFIED,2000,p2000-s003,q_authored,131,149,"Ask yourself, why?",DIRECTIVE_QUESTION_220 WRAPPED_PARTIAL_51,2000|directives|131|149 2000|questions|145|149,directives@131..149[EXACT] questions@145..149[PARTIAL],question,directive,,2000|questions|145|149,directive-wrapped question: the embedded partial span is superseded by the complete sentence,2000|directives|131|149 2000|questions|145|149,question_directive,R1_INTERROGATIVE,MEDIUM,false,questions:-1 directives:-1,question:+1 primary · directive:+1 secondary,true
A-DQ-p2032-s004,DIRECTIVE_QUESTION_UNIFIED,2032,p2032-s004,q_authored,159,181,Define 'Human Nature'.,DIRECTIVE_QUESTION_220,2032|directives|159|181 2032|questions|159|181,directives@159..181[EXACT] questions@159..181[EXACT],directive,question,,,,2032|directives|159|181 2032|questions|159|181,question_directive,R2_IMPERATIVE,MEDIUM,false,questions:-1 directives:-1,directive:+1 primary · question:+1 secondary,false
A-DQ-p2032-s018,DIRECTIVE_QUESTION_UNIFIED,2032,p2032-s018,q_authored,868,890,Define 'Echo Chamber'.,DIRECTIVE_QUESTION_220,2032|directives|868|890 2032|questions|868|890,directives@868..890[EXACT] questions@868..890[EXACT],directive,question,,,,2032|directives|868|890 2032|questions|868|890,question_directive,R2_IMPERATIVE,MEDIUM,false,questions:-1 directives:-1,directive:+1 primary · question:+1 secondary,false
A-DQ-p2171-s002,DIRECTIVE_QUESTION_UNIFIED,2171,p2171-s002,q_authored,125,142,Define 'Fascism'.,DIRECTIVE_QUESTION_220,2171|directives|125|142 2171|questions|125|142,directives@125..142[EXACT] questions@125..142[EXACT],directive,question,,,,2171|directives|125|142 2171|questions|125|142,question_directive,R2_IMPERATIVE,MEDIUM,false,questions:-1 directives:-1,directive:+1 primary · question:+1 secondary,false
A-DQ-p2171-s004,DIRECTIVE_QUESTION_UNIFIED,2171,p2171-s004,q_authored,180,200,Define 'Censorship'.,DIRECTIVE_QUESTION_220,2171|directives|180|200 2171|questions|180|200,directives@180..200[EXACT] questions@180..200[EXACT],directive,question,,,,2171|directives|180|200 2171|questions|180|200,question_directive,R2_IMPERATIVE,MEDIUM,false,questions:-1 directives:-1,directive:+1 primary · question:+1 secondary,false
A-DQ-p2171-s006,DIRECTIVE_QUESTION_UNIFIED,2171,p2171-s006,q_authored,252,271,Define 'Narrative'.,DIRECTIVE_QUESTION_220,2171|directives|252|271 2171|questions|252|271,directives@252..271[EXACT] questions@252..271[EXACT],directive,question,,,,2171|directives|252|271 2171|questions|252|271,question_directive,R2_IMPERATIVE,MEDIUM,false,questions:-1 directives:-1,directive:+1 primary · question:+1 secondary,false
A-DQ-p2171-s008,DIRECTIVE_QUESTION_UNIFIED,2171,p2171-s008,q_authored,413,433,Define 'Projection'.,DIRECTIVE_QUESTION_220,2171|directives|413|433 2171|questions|413|433,directives@413..433[EXACT] questions@413..433[EXACT],directive,question,,,,2171|directives|413|433 2171|questions|413|433,question_directive,R2_IMPERATIVE,MEDIUM,false,questions:-1 directives:-1,directive:+1 primary · question:+1 secondary,false
A-DQ-p2171-s011,DIRECTIVE_QUESTION_UNIFIED,2171,p2171-s011,q_authored,656,690,Define 'Psychological Projection'.,DIRECTIVE_QUESTION_220,2171|directives|656|690 2171|questions|656|690,directives@656..690[EXACT] questions@656..690[EXACT],directive,question,,,,2171|directives|656|690 2171|questions|656|690,question_directive,R2_IMPERATIVE,MEDIUM,false,questions:-1 directives:-1,directive:+1 primary · question:+1 secondary,false
A-DQ-p2171-s013,DIRECTIVE_QUESTION_UNIFIED,2171,p2171-s013,q_authored,898,918,Define 'Narcissist'.,DIRECTIVE_QUESTION_220,2171|directives|898|918 2171|questions|898|918,directives@898..918[EXACT] questions@898..918[EXACT],directive,question,,,,2171|directives|898|918 2171|questions|898|918,question_directive,R2_IMPERATIVE,MEDIUM,false,questions:-1 directives:-1,directive:+1 primary · question:+1 secondary,false
A-DQ-p2171-s015,DIRECTIVE_QUESTION_UNIFIED,2171,p2171-s015,q_authored,1101,1116,Define 'Dogma'.,DIRECTIVE_QUESTION_220,2171|directives|1101|1116 2171|questions|1101|1116,directives@1101..1116[EXACT] questions@1101..1116[EXACT],directive,question,,,,2171|directives|1101|1116 2171|questions|1101|1116,question_directive,R2_IMPERATIVE,MEDIUM,false,questions:-1 directives:-1,directive:+1 primary · question:+1 secondary,false
A-DQ-p2171-s017,DIRECTIVE_QUESTION_UNIFIED,2171,p2171-s017,q_authored,1195,1215,Define 'Aggression'.,DIRECTIVE_QUESTION_220,2171|directives|1195|1215 2171|questions|1195|1215,directives@1195..1215[EXACT] questions@1195..1215[EXACT],directive,question,,,,2171|directives|1195|1215 2171|questions|1195|1215,question_directive,R2_IMPERATIVE,MEDIUM,false,questions:-1 directives:-1,directive:+1 primary · question:+1 secondary,false
A-DQ-p2171-s019,DIRECTIVE_QUESTION_UNIFIED,2171,p2171-s019,q_authored,1293,1314,Define 'Suppression'.,DIRECTIVE_QUESTION_220,2171|directives|1293|1314 2171|questions|1293|1314,directives@1293..1314[EXACT] questions@1293..1314[EXACT],directive,question,,,,2171|directives|1293|1314 2171|questions|1293|1314,question_directive,R2_IMPERATIVE,MEDIUM,false,questions:-1 directives:-1,directive:+1 primary · question:+1 secondary,false
A-DQ-p2171-s024,DIRECTIVE_QUESTION_UNIFIED,2171,p2171-s024,q_authored,1571,1588,Define 'Realism'.,DIRECTIVE_QUESTION_220,2171|directives|1571|1588 2171|questions|1571|1588,directives@1571..1588[EXACT] questions@1571..1588[EXACT],directive,question,,,,2171|directives|1571|1588 2171|questions|1571|1588,question_directive,R2_IMPERATIVE,MEDIUM,false,questions:-1 directives:-1,directive:+1 primary · question:+1 secondary,false
A-DQ-p2180-s012,DIRECTIVE_QUESTION_UNIFIED,2180,p2180-s012,q_authored,1084,1101,Define 'Traitor'.,DIRECTIVE_QUESTION_220,2180|directives|1084|1101 2180|questions|1084|1101,directives@1084..1101[EXACT] questions@1084..1101[EXACT],directive,question,,,,2180|directives|1084|1101 2180|questions|1084|1101,question_directive,R2_IMPERATIVE,MEDIUM,false,questions:-1 directives:-1,directive:+1 primary · question:+1 secondary,false
A-DQ-p2206-s001,DIRECTIVE_QUESTION_UNIFIED,2206,p2206-s001,q_authored,62,80,DEFINE PROJECTION.,DIRECTIVE_QUESTION_220,2206|directives|62|80 2206|questions|62|80,directives@62..80[EXACT] questions@62..80[EXACT],directive,question,,,,2206|directives|62|80 2206|questions|62|80,question_directive,R2_IMPERATIVE,MEDIUM,false,questions:-1 directives:-1,directive:+1 primary · question:+1 secondary,false
A-DQ-p2248-s000,DIRECTIVE_QUESTION_UNIFIED,2248,p2248-s000,q_authored,0,91,"Ask yourself, how would 'FOREIGN' Allies' KNOW what is within a US TOP SECRET FISA warrant?",DIRECTIVE_QUESTION_220 WRAPPED_PARTIAL_51,2248|directives|0|91 2248|questions|14|91,directives@0..91[EXACT] questions@14..91[PARTIAL],question,directive,,2248|questions|14|91,directive-wrapped question: the embedded partial span is superseded by the complete sentence,2248|directives|0|91 2248|questions|14|91,question_directive,R1_INTERROGATIVE,MEDIUM,false,questions:-1 directives:-1,question:+1 primary · directive:+1 secondary,true
A-DQ-p2248-s002,DIRECTIVE_QUESTION_UNIFIED,2248,p2248-s002,q_authored,164,240,"Ask yourself, why are [2] 'KEY' Allies' VERY CONCERNED re: DECLAS & RELEASE?",DIRECTIVE_QUESTION_220 WRAPPED_PARTIAL_51,2248|directives|164|240 2248|questions|178|240,directives@164..240[EXACT] questions@178..240[PARTIAL],question,directive,,2248|questions|178|240,directive-wrapped question: the embedded partial span is superseded by the complete sentence,2248|directives|164|240 2248|questions|178|240,question_directive,R1_INTERROGATIVE,MEDIUM,false,questions:-1 directives:-1,question:+1 primary · directive:+1 secondary,true
A-DQ-p2300-s009,DIRECTIVE_QUESTION_UNIFIED,2300,p2300-s009,q_authored,526,543,Define 'Treason'.,DIRECTIVE_QUESTION_220,2300|directives|526|543 2300|questions|526|543,directives@526..543[EXACT] questions@526..543[EXACT],directive,question,,,,2300|directives|526|543 2300|questions|526|543,question_directive,R2_IMPERATIVE,MEDIUM,false,questions:-1 directives:-1,directive:+1 primary · question:+1 secondary,false
A-DQ-p2300-s011,DIRECTIVE_QUESTION_UNIFIED,2300,p2300-s011,q_authored,658,678,Define 'Subversion'.,DIRECTIVE_QUESTION_220,2300|directives|658|678 2300|questions|658|678,directives@658..678[EXACT] questions@658..678[EXACT],directive,question,,,,2300|directives|658|678 2300|questions|658|678,question_directive,R2_IMPERATIVE,MEDIUM,false,questions:-1 directives:-1,directive:+1 primary · question:+1 secondary,false
A-DQ-p0236-s018,DIRECTIVE_QUESTION_UNIFIED,236,p0236-s018,q_authored,459,474,Define hostage.,DIRECTIVE_QUESTION_220,236|directives|459|474 236|questions|459|474,directives@459..474[EXACT] questions@459..474[EXACT],directive,question,,,,236|directives|459|474 236|questions|459|474,question_directive,R2_IMPERATIVE,MEDIUM,false,questions:-1 directives:-1,directive:+1 primary · question:+1 secondary,false
A-DQ-p0236-s025,DIRECTIVE_QUESTION_UNIFIED,236,p0236-s025,q_authored,690,704,Define stages.,DIRECTIVE_QUESTION_220,236|directives|690|704 236|questions|690|704,directives@690..704[EXACT] questions@690..704[EXACT],directive,question,,,,236|directives|690|704 236|questions|690|704,question_directive,R2_IMPERATIVE,MEDIUM,false,questions:-1 directives:-1,directive:+1 primary · question:+1 secondary,false
A-DQ-p0236-s026,DIRECTIVE_QUESTION_UNIFIED,236,p0236-s026,q_authored,706,721,Define puppets.,DIRECTIVE_QUESTION_220,236|directives|706|721 236|questions|706|721,directives@706..721[EXACT] questions@706..721[EXACT],directive,question,,,,236|directives|706|721 236|questions|706|721,question_directive,R2_IMPERATIVE,MEDIUM,false,questions:-1 directives:-1,directive:+1 primary · question:+1 secondary,false
A-DQ-p0236-s027,DIRECTIVE_QUESTION_UNIFIED,236,p0236-s027,q_authored,722,745,Define puppet handlers.,DIRECTIVE_QUESTION_220,236|directives|722|745 236|questions|722|745,directives@722..745[EXACT] questions@722..745[EXACT],directive,question,,,,236|directives|722|745 236|questions|722|745,question_directive,R2_IMPERATIVE,MEDIUM,false,questions:-1 directives:-1,directive:+1 primary · question:+1 secondary,false
A-DQ-p0236-s028,DIRECTIVE_QUESTION_UNIFIED,236,p0236-s028,q_authored,747,764,Define proxy war.,DIRECTIVE_QUESTION_220,236|directives|747|764 236|questions|747|764,directives@747..764[EXACT] questions@747..764[EXACT],directive,question,,,,236|directives|747|764 236|questions|747|764,question_directive,R2_IMPERATIVE,MEDIUM,false,questions:-1 directives:-1,directive:+1 primary · question:+1 secondary,false
A-DQ-p2369-s004,DIRECTIVE_QUESTION_UNIFIED,2369,p2369-s004,q_authored,334,354,Define 'Projection'.,DIRECTIVE_QUESTION_220,2369|directives|334|354 2369|questions|334|354,directives@334..354[EXACT] questions@334..354[EXACT],directive,question,,,,2369|directives|334|354 2369|questions|334|354,question_directive,R2_IMPERATIVE,MEDIUM,false,questions:-1 directives:-1,directive:+1 primary · question:+1 secondary,false
A-DQ-p0243-s005,DIRECTIVE_QUESTION_UNIFIED,243,p0243-s005,q_authored,173,218,List who will not be running for re_election.,DIRECTIVE_QUESTION_220,243|directives|173|218 243|questions|173|218,directives@173..218[EXACT] questions@173..218[EXACT],directive,question,,,,243|directives|173|218 243|questions|173|218,question_directive,R2_IMPERATIVE,MEDIUM,false,questions:-1 directives:-1,directive:+1 primary · question:+1 secondary,false
A-DQ-p2501-s002,DIRECTIVE_QUESTION_UNIFIED,2501,p2501-s002,q_authored,215,231,List advantages.,DIRECTIVE_QUESTION_220,2501|directives|215|231 2501|questions|215|231,directives@215..231[EXACT] questions@215..231[EXACT],directive,question,,,,2501|directives|215|231 2501|questions|215|231,question_directive,R2_IMPERATIVE,MEDIUM,false,questions:-1 directives:-1,directive:+1 primary · question:+1 secondary,false
A-DQ-p2523-s005,DIRECTIVE_QUESTION_UNIFIED,2523,p2523-s005,q_authored,403,419,Define 'Treason',DIRECTIVE_QUESTION_220,2523|directives|403|419 2523|questions|403|419,directives@403..419[EXACT] questions@403..419[EXACT],directive,question,,,,2523|directives|403|419 2523|questions|403|419,question_directive,R2_IMPERATIVE,MEDIUM,false,questions:-1 directives:-1,directive:+1 primary · question:+1 secondary,false
A-DQ-p2527-s002,DIRECTIVE_QUESTION_UNIFIED,2527,p2527-s002,q_authored,27,43,Define 'unified',DIRECTIVE_QUESTION_220,2527|directives|27|43 2527|questions|27|43,directives@27..43[EXACT] questions@27..43[EXACT],directive,question,,,,2527|directives|27|43 2527|questions|27|43,question_directive,R2_IMPERATIVE,MEDIUM,false,questions:-1 directives:-1,directive:+1 primary · question:+1 secondary,false
A-DQ-p2534-s000,DIRECTIVE_QUESTION_UNIFIED,2534,p2534-s000,q_authored,10,136,"Ask yourself a very simple question, why is there a  total & complete MSM blackout re: France, Belgium, Germany, EU riots etc?",DIRECTIVE_QUESTION_220 WRAPPED_PARTIAL_51,2534|directives|10|136 2534|questions|47|136,directives@10..136[EXACT] questions@47..136[PARTIAL],question,directive,,2534|questions|47|136,directive-wrapped question: the embedded partial span is superseded by the complete sentence,2534|directives|10|136 2534|questions|47|136,question_directive,R1_INTERROGATIVE,MEDIUM,false,questions:-1 directives:-1,question:+1 primary · directive:+1 secondary,true
A-DQ-p2559-s001,DIRECTIVE_QUESTION_UNIFIED,2559,p2559-s001,q_authored,30,50,Define 'PROJECTION'.,DIRECTIVE_QUESTION_220,2559|directives|30|50 2559|questions|30|50,directives@30..50[EXACT] questions@30..50[EXACT],directive,question,,,,2559|directives|30|50 2559|questions|30|50,question_directive,R2_IMPERATIVE,MEDIUM,false,questions:-1 directives:-1,directive:+1 primary · question:+1 secondary,false
A-DQ-p2568-s001,DIRECTIVE_QUESTION_UNIFIED,2568,p2568-s001,q_authored,59,79,Define 'Projection'.,DIRECTIVE_QUESTION_220,2568|directives|59|79 2568|questions|59|79,directives@59..79[EXACT] questions@59..79[EXACT],directive,question,,,,2568|directives|59|79 2568|questions|59|79,question_directive,R2_IMPERATIVE,MEDIUM,false,questions:-1 directives:-1,directive:+1 primary · question:+1 secondary,false
A-DQ-p2568-s002,DIRECTIVE_QUESTION_UNIFIED,2568,p2568-s002,q_authored,80,116,Define 'Getting Ahead of the Story'.,DIRECTIVE_QUESTION_220,2568|directives|80|116 2568|questions|80|116,directives@80..116[EXACT] questions@80..116[EXACT],directive,question,,,,2568|directives|80|116 2568|questions|80|116,question_directive,R2_IMPERATIVE,MEDIUM,false,questions:-1 directives:-1,directive:+1 primary · question:+1 secondary,false
A-DQ-p2594-s001,DIRECTIVE_QUESTION_UNIFIED,2594,p2594-s001,q_authored,35,62,Define 'pecking' [animals].,DIRECTIVE_QUESTION_220,2594|directives|35|62 2594|questions|35|62,directives@35..62[EXACT] questions@35..62[EXACT],directive,question,,,,2594|directives|35|62 2594|questions|35|62,question_directive,R2_IMPERATIVE,MEDIUM,false,questions:-1 directives:-1,directive:+1 primary · question:+1 secondary,false
A-DQ-p2645-s002,DIRECTIVE_QUESTION_UNIFIED,2645,p2645-s002,q_authored,96,114,"Ask yourself, why?",DIRECTIVE_QUESTION_220 WRAPPED_PARTIAL_51,2645|directives|96|114 2645|questions|110|114,directives@96..114[EXACT] questions@110..114[PARTIAL],question,directive,,2645|questions|110|114,directive-wrapped question: the embedded partial span is superseded by the complete sentence,2645|directives|96|114 2645|questions|110|114,question_directive,R1_INTERROGATIVE,MEDIUM,false,questions:-1 directives:-1,question:+1 primary · directive:+1 secondary,true
A-DQ-p2678-s005,DIRECTIVE_QUESTION_UNIFIED,2678,p2678-s005,q_authored,180,198,"Ask yourself, why?",DIRECTIVE_QUESTION_220 WRAPPED_PARTIAL_51,2678|directives|180|198 2678|questions|194|198,directives@180..198[EXACT] questions@194..198[PARTIAL],question,directive,,2678|questions|194|198,directive-wrapped question: the embedded partial span is superseded by the complete sentence,2678|directives|180|198 2678|questions|194|198,question_directive,R1_INTERROGATIVE,MEDIUM,false,questions:-1 directives:-1,question:+1 primary · directive:+1 secondary,true
A-DQ-p2682-s001,DIRECTIVE_QUESTION_UNIFIED,2682,p2682-s001,q_authored,99,119,Define 'Projection'.,DIRECTIVE_QUESTION_220,2682|directives|99|119 2682|questions|99|119,directives@99..119[EXACT] questions@99..119[EXACT],directive,question,,,,2682|directives|99|119 2682|questions|99|119,question_directive,R2_IMPERATIVE,MEDIUM,false,questions:-1 directives:-1,directive:+1 primary · question:+1 secondary,false
A-DQ-p2691-s006,DIRECTIVE_QUESTION_UNIFIED,2691,p2691-s006,q_authored,629,647,"Ask yourself, why?",DIRECTIVE_QUESTION_220 WRAPPED_PARTIAL_51,2691|directives|629|647 2691|questions|643|647,directives@629..647[EXACT] questions@643..647[PARTIAL],question,directive,,2691|questions|643|647,directive-wrapped question: the embedded partial span is superseded by the complete sentence,2691|directives|629|647 2691|questions|643|647,question_directive,R1_INTERROGATIVE,MEDIUM,false,questions:-1 directives:-1,question:+1 primary · directive:+1 secondary,true
A-DQ-p2718-s004,DIRECTIVE_QUESTION_UNIFIED,2718,p2718-s004,q_authored,144,167,Define the word ‘plan’.,DIRECTIVE_QUESTION_220,2718|directives|144|167 2718|questions|144|167,directives@144..167[EXACT] questions@144..167[EXACT],directive,question,,,,2718|directives|144|167 2718|questions|144|167,question_directive,R2_IMPERATIVE,MEDIUM,false,questions:-1 directives:-1,directive:+1 primary · question:+1 secondary,false
A-DQ-p2787-s005,DIRECTIVE_QUESTION_UNIFIED,2787,p2787-s005,q_authored,556,576,Define 'Projection'.,DIRECTIVE_QUESTION_220,2787|directives|556|576 2787|questions|556|576,directives@556..576[EXACT] questions@556..576[EXACT],directive,question,,,,2787|directives|556|576 2787|questions|556|576,question_directive,R2_IMPERATIVE,MEDIUM,false,questions:-1 directives:-1,directive:+1 primary · question:+1 secondary,false
A-DQ-p2788-s017,DIRECTIVE_QUESTION_UNIFIED,2788,p2788-s017,q_authored,1024,1070,"Ask yourself, why are 'Liberals' always angry?",DIRECTIVE_QUESTION_220 WRAPPED_PARTIAL_51,2788|directives|1024|1070 2788|questions|1038|1070,directives@1024..1070[EXACT] questions@1038..1070[PARTIAL],question,directive,,2788|questions|1038|1070,directive-wrapped question: the embedded partial span is superseded by the complete sentence,2788|directives|1024|1070 2788|questions|1038|1070,question_directive,R1_INTERROGATIVE,MEDIUM,false,questions:-1 directives:-1,question:+1 primary · directive:+1 secondary,true
A-DQ-p2844-s011,DIRECTIVE_QUESTION_UNIFIED,2844,p2844-s011,q_authored,503,521,Define 'Renegade'.,DIRECTIVE_QUESTION_220,2844|directives|503|521 2844|questions|503|521,directives@503..521[EXACT] questions@503..521[EXACT],directive,question,,,,2844|directives|503|521 2844|questions|503|521,question_directive,R2_IMPERATIVE,MEDIUM,false,questions:-1 directives:-1,directive:+1 primary · question:+1 secondary,false
A-DQ-p2887-s000,DIRECTIVE_QUESTION_UNIFIED,2887,p2887-s000,q_authored,0,143,"Ask yourself a simple question, should a woman who travels to Syria to support and encourage 'JIHAD' against the 'West' deserve to live……………….?",DIRECTIVE_QUESTION_220 WRAPPED_PARTIAL_51,2887|directives|0|143 2887|questions|32|143,directives@0..143[EXACT] questions@32..143[PARTIAL],question,directive,,2887|questions|32|143,directive-wrapped question: the embedded partial span is superseded by the complete sentence,2887|directives|0|143 2887|questions|32|143,question_directive,R1_INTERROGATIVE,MEDIUM,false,questions:-1 directives:-1,question:+1 primary · directive:+1 secondary,true
A-DQ-p2887-s001,DIRECTIVE_QUESTION_UNIFIED,2887,p2887-s001,q_authored,145,349,"Ask yourself a simpler question, if brainwashed by ISIS terrorists (her husband and other close-proximity fighters), could this same woman be 'tasked' & 'trained' to carry out a TERRORIST ACT upon return?",DIRECTIVE_QUESTION_220 WRAPPED_PARTIAL_51,2887|directives|145|349 2887|questions|178|349,directives@145..349[EXACT] questions@178..349[PARTIAL],question,directive,,2887|questions|178|349,directive-wrapped question: the embedded partial span is superseded by the complete sentence,2887|directives|145|349 2887|questions|178|349,question_directive,R1_INTERROGATIVE,MEDIUM,false,questions:-1 directives:-1,question:+1 primary · directive:+1 secondary,true
A-DQ-p2893-s005,DIRECTIVE_QUESTION_UNIFIED,2893,p2893-s005,q_authored,142,155,Define 'Map'.,DIRECTIVE_QUESTION_220,2893|directives|142|155 2893|questions|142|155,directives@142..155[EXACT] questions@142..155[EXACT],directive,question,,,,2893|directives|142|155 2893|questions|142|155,question_directive,R2_IMPERATIVE,MEDIUM,false,questions:-1 directives:-1,directive:+1 primary · question:+1 secondary,false
A-DQ-p2937-s002,DIRECTIVE_QUESTION_UNIFIED,2937,p2937-s002,q_authored,96,117,Define 'game theory'.,DIRECTIVE_QUESTION_220,2937|directives|96|117 2937|questions|96|117,directives@96..117[EXACT] questions@96..117[EXACT],directive,question,,,,2937|directives|96|117 2937|questions|96|117,question_directive,R2_IMPERATIVE,MEDIUM,false,questions:-1 directives:-1,directive:+1 primary · question:+1 secondary,false
A-DQ-p2937-s004,DIRECTIVE_QUESTION_UNIFIED,2937,p2937-s004,q_authored,155,176,Define 'open source'.,DIRECTIVE_QUESTION_220,2937|directives|155|176 2937|questions|155|176,directives@155..176[EXACT] questions@155..176[EXACT],directive,question,,,,2937|directives|155|176 2937|questions|155|176,question_directive,R2_IMPERATIVE,MEDIUM,false,questions:-1 directives:-1,directive:+1 primary · question:+1 secondary,false
A-DQ-p2937-s005,DIRECTIVE_QUESTION_UNIFIED,2937,p2937-s005,q_authored,177,201,Define 'public purview'.,DIRECTIVE_QUESTION_220,2937|directives|177|201 2937|questions|177|201,directives@177..201[EXACT] questions@177..201[EXACT],directive,question,,,,2937|directives|177|201 2937|questions|177|201,question_directive,R2_IMPERATIVE,MEDIUM,false,questions:-1 directives:-1,directive:+1 primary · question:+1 secondary,false
A-DQ-p2937-s007,DIRECTIVE_QUESTION_UNIFIED,2937,p2937-s007,q_authored,254,285,Define 'plausible deniability'.,DIRECTIVE_QUESTION_220,2937|directives|254|285 2937|questions|254|285,directives@254..285[EXACT] questions@254..285[EXACT],directive,question,,,,2937|directives|254|285 2937|questions|254|285,question_directive,R2_IMPERATIVE,MEDIUM,false,questions:-1 directives:-1,directive:+1 primary · question:+1 secondary,false
A-DQ-p2937-s031,DIRECTIVE_QUESTION_UNIFIED,2937,p2937-s031,q_authored,1274,1293,Define 'stage set'.,DIRECTIVE_QUESTION_220,2937|directives|1274|1293 2937|questions|1274|1293,directives@1274..1293[EXACT] questions@1274..1293[EXACT],directive,question,,,,2937|directives|1274|1293 2937|questions|1274|1293,question_directive,R2_IMPERATIVE,MEDIUM,false,questions:-1 directives:-1,directive:+1 primary · question:+1 secondary,false
A-DQ-p2937-s038,DIRECTIVE_QUESTION_UNIFIED,2937,p2937-s038,q_authored,1596,1622,Define 'thesis' statement.,DIRECTIVE_QUESTION_220,2937|directives|1596|1622 2937|questions|1596|1622,directives@1596..1622[EXACT] questions@1596..1622[EXACT],directive,question,,,,2937|directives|1596|1622 2937|questions|1596|1622,question_directive,R2_IMPERATIVE,MEDIUM,false,questions:-1 directives:-1,directive:+1 primary · question:+1 secondary,false
A-DQ-p2958-s000,DIRECTIVE_QUESTION_UNIFIED,2958,p2958-s000,q_authored,10,31,Define 'backchannel'.,DIRECTIVE_QUESTION_220,2958|directives|10|31 2958|questions|10|31,directives@10..31[EXACT] questions@10..31[EXACT],directive,question,,,,2958|directives|10|31 2958|questions|10|31,question_directive,R2_IMPERATIVE,MEDIUM,false,questions:-1 directives:-1,directive:+1 primary · question:+1 secondary,false
A-DQ-p2971-s003,DIRECTIVE_QUESTION_UNIFIED,2971,p2971-s003,q_authored,117,135,Define 'evidence'.,DIRECTIVE_QUESTION_220,2971|directives|117|135 2971|questions|117|135,directives@117..135[EXACT] questions@117..135[EXACT],directive,question,,,,2971|directives|117|135 2971|questions|117|135,question_directive,R2_IMPERATIVE,MEDIUM,false,questions:-1 directives:-1,directive:+1 primary · question:+1 secondary,false
A-DQ-p2971-s015,DIRECTIVE_QUESTION_UNIFIED,2971,p2971-s015,q_authored,847,869,Define 'brainwashing'.,DIRECTIVE_QUESTION_220,2971|directives|847|869 2971|questions|847|869,directives@847..869[EXACT] questions@847..869[EXACT],directive,question,,,,2971|directives|847|869 2971|questions|847|869,question_directive,R2_IMPERATIVE,MEDIUM,false,questions:-1 directives:-1,directive:+1 primary · question:+1 secondary,false
A-DQ-p2988-s001,DIRECTIVE_QUESTION_UNIFIED,2988,p2988-s001,q_authored,56,81,Define 'Lifelog' [DARPA].,DIRECTIVE_QUESTION_220,2988|directives|56|81 2988|questions|56|81,directives@56..81[EXACT] questions@56..81[EXACT],directive,question,,,,2988|directives|56|81 2988|questions|56|81,question_directive,R2_IMPERATIVE,MEDIUM,false,questions:-1 directives:-1,directive:+1 primary · question:+1 secondary,false
A-DQ-p2988-s004,DIRECTIVE_QUESTION_UNIFIED,2988,p2988-s004,q_authored,639,651,Define 'FB'.,DIRECTIVE_QUESTION_220,2988|directives|639|651 2988|questions|639|651,directives@639..651[EXACT] questions@639..651[EXACT],directive,question,,,,2988|directives|639|651 2988|questions|639|651,question_directive,R2_IMPERATIVE,MEDIUM,false,questions:-1 directives:-1,directive:+1 primary · question:+1 secondary,false
A-DQ-p2989-s012,DIRECTIVE_QUESTION_UNIFIED,2989,p2989-s012,q_authored,665,687,Define 'Black Budget'.,DIRECTIVE_QUESTION_220,2989|directives|665|687 2989|questions|665|687,directives@665..687[EXACT] questions@665..687[EXACT],directive,question,,,,2989|directives|665|687 2989|questions|665|687,question_directive,R2_IMPERATIVE,MEDIUM,false,questions:-1 directives:-1,directive:+1 primary · question:+1 secondary,false
A-DQ-p2993-s006,DIRECTIVE_QUESTION_UNIFIED,2993,p2993-s006,q_authored,326,510,"ASK YOURSELF A VERY SIMPLE QUESTION, WOULD YOU RELEASE (GO LIVE) TO THE PUBLIC ACROSS THE MEDIA ALL HIGHLY CLASSIFIED MATERIAL (NSA) ……………PRIOR TO…………..GETTING TO YOUR END DESTINATION?",DIRECTIVE_QUESTION_220 WRAPPED_PARTIAL_51,2993|directives|326|510 2993|questions|363|510,directives@326..510[EXACT] questions@363..510[PARTIAL],question,directive,,2993|questions|363|510,directive-wrapped question: the embedded partial span is superseded by the complete sentence,2993|directives|326|510 2993|questions|363|510,question_directive,R1_INTERROGATIVE,MEDIUM,false,questions:-1 directives:-1,question:+1 primary · directive:+1 secondary,true
A-DQ-p3007-s001,DIRECTIVE_QUESTION_UNIFIED,3007,p3007-s001,q_authored,60,80,Define 'Protection'.,DIRECTIVE_QUESTION_220,3007|directives|60|80 3007|questions|60|80,directives@60..80[EXACT] questions@60..80[EXACT],directive,question,,,,3007|directives|60|80 3007|questions|60|80,question_directive,R2_IMPERATIVE,MEDIUM,false,questions:-1 directives:-1,directive:+1 primary · question:+1 secondary,false
A-DQ-p3020-s009,DIRECTIVE_QUESTION_UNIFIED,3020,p3020-s009,q_authored,332,360,Define 'Surveillance state'.,DIRECTIVE_QUESTION_220,3020|directives|332|360 3020|questions|332|360,directives@332..360[EXACT] questions@332..360[EXACT],directive,question,,,,3020|directives|332|360 3020|questions|332|360,question_directive,R2_IMPERATIVE,MEDIUM,false,questions:-1 directives:-1,directive:+1 primary · question:+1 secondary,false
A-DQ-p3022-s007,DIRECTIVE_QUESTION_UNIFIED,3022,p3022-s007,q_authored,312,327,Define 'Spook'.,DIRECTIVE_QUESTION_220,3022|directives|312|327 3022|questions|312|327,directives@312..327[EXACT] questions@312..327[EXACT],directive,question,,,,3022|directives|312|327 3022|questions|312|327,question_directive,R2_IMPERATIVE,MEDIUM,false,questions:-1 directives:-1,directive:+1 primary · question:+1 secondary,false
A-DQ-p3022-s008,DIRECTIVE_QUESTION_UNIFIED,3022,p3022-s008,q_authored,328,344,Define 'Shadow'.,DIRECTIVE_QUESTION_220,3022|directives|328|344 3022|questions|328|344,directives@328..344[EXACT] questions@328..344[EXACT],directive,question,,,,3022|directives|328|344 3022|questions|328|344,question_directive,R2_IMPERATIVE,MEDIUM,false,questions:-1 directives:-1,directive:+1 primary · question:+1 secondary,false
A-DQ-p0311-s002,DIRECTIVE_QUESTION_UNIFIED,311,p0311-s002,q_authored,45,52,Define.,DIRECTIVE_QUESTION_220,311|directives|45|52 311|questions|45|52,directives@45..52[EXACT] questions@45..52[EXACT],directive,question,,,,311|directives|45|52 311|questions|45|52,question_directive,R2_IMPERATIVE,MEDIUM,false,questions:-1 directives:-1,directive:+1 primary · question:+1 secondary,false
A-DQ-p3307-s001,DIRECTIVE_QUESTION_UNIFIED,3307,p3307-s001,q_authored,87,107,Define ‘deflection’.,DIRECTIVE_QUESTION_220,3307|directives|87|107 3307|questions|87|107,directives@87..107[EXACT] questions@87..107[EXACT],directive,question,,,,3307|directives|87|107 3307|questions|87|107,question_directive,R2_IMPERATIVE,MEDIUM,false,questions:-1 directives:-1,directive:+1 primary · question:+1 secondary,false
A-DQ-p3309-s001,DIRECTIVE_QUESTION_UNIFIED,3309,p3309-s001,q_authored,76,90,Define ‘Bait’.,DIRECTIVE_QUESTION_220,3309|directives|76|90 3309|questions|76|90,directives@76..90[EXACT] questions@76..90[EXACT],directive,question,,,,3309|directives|76|90 3309|questions|76|90,question_directive,R2_IMPERATIVE,MEDIUM,false,questions:-1 directives:-1,directive:+1 primary · question:+1 secondary,false
A-DQ-p3325-s001,DIRECTIVE_QUESTION_UNIFIED,3325,p3325-s001,q_authored,94,112,Define 'Renegade'.,DIRECTIVE_QUESTION_220,3325|directives|94|112 3325|questions|94|112,directives@94..112[EXACT] questions@94..112[EXACT],directive,question,,,,3325|directives|94|112 3325|questions|94|112,question_directive,R2_IMPERATIVE,MEDIUM,false,questions:-1 directives:-1,directive:+1 primary · question:+1 secondary,false
A-DQ-p3399-s002,DIRECTIVE_QUESTION_UNIFIED,3399,p3399-s002,q_authored,88,117,"Ask yourself, is this normal?",DIRECTIVE_QUESTION_220 WRAPPED_PARTIAL_51,3399|directives|88|117 3399|questions|102|117,directives@88..117[EXACT] questions@102..117[PARTIAL],question,directive,,3399|questions|102|117,directive-wrapped question: the embedded partial span is superseded by the complete sentence,3399|directives|88|117 3399|questions|102|117,question_directive,R1_INTERROGATIVE,MEDIUM,false,questions:-1 directives:-1,question:+1 primary · directive:+1 secondary,true
A-DQ-p3436-s001,DIRECTIVE_QUESTION_UNIFIED,3436,p3436-s001,q_authored,53,73,Define 'Projection'.,DIRECTIVE_QUESTION_220,3436|directives|53|73 3436|questions|53|73,directives@53..73[EXACT] questions@53..73[EXACT],directive,question,,,,3436|directives|53|73 3436|questions|53|73,question_directive,R2_IMPERATIVE,MEDIUM,false,questions:-1 directives:-1,directive:+1 primary · question:+1 secondary,false
A-DQ-p3459-s002,DIRECTIVE_QUESTION_UNIFIED,3459,p3459-s002,q_authored,137,172,Ask yourself a very simple Q - why?,DIRECTIVE_QUESTION_220 WRAPPED_PARTIAL_51,3459|directives|137|172 3459|questions|168|172,directives@137..172[EXACT] questions@168..172[PARTIAL],question,directive,,3459|questions|168|172,directive-wrapped question: the embedded partial span is superseded by the complete sentence,3459|directives|137|172 3459|questions|168|172,question_directive,R1_INTERROGATIVE,MEDIUM,false,questions:-1 directives:-1,question:+1 primary · directive:+1 secondary,true
A-DQ-p3501-s008,DIRECTIVE_QUESTION_UNIFIED,3501,p3501-s008,q_authored,635,655,Define 'False Flag'.,DIRECTIVE_QUESTION_220,3501|directives|635|655 3501|questions|635|655,directives@635..655[EXACT] questions@635..655[EXACT],directive,question,,,,3501|directives|635|655 3501|questions|635|655,question_directive,R2_IMPERATIVE,MEDIUM,false,questions:-1 directives:-1,directive:+1 primary · question:+1 secondary,false
A-DQ-p3540-s002,DIRECTIVE_QUESTION_UNIFIED,3540,p3540-s002,q_authored,77,107,Ask yourself a simple Q - why?,DIRECTIVE_QUESTION_220 WRAPPED_PARTIAL_51,3540|directives|77|107 3540|questions|103|107,directives@77..107[EXACT] questions@103..107[PARTIAL],question,directive,,3540|questions|103|107,directive-wrapped question: the embedded partial span is superseded by the complete sentence,3540|directives|77|107 3540|questions|103|107,question_directive,R1_INTERROGATIVE,MEDIUM,false,questions:-1 directives:-1,question:+1 primary · directive:+1 secondary,true
A-DQ-p3582-s002,DIRECTIVE_QUESTION_UNIFIED,3582,p3582-s002,q_authored,83,101,"Ask yourself, why?",DIRECTIVE_QUESTION_220 WRAPPED_PARTIAL_51,3582|directives|83|101 3582|questions|97|101,directives@83..101[EXACT] questions@97..101[PARTIAL],question,directive,,3582|questions|97|101,directive-wrapped question: the embedded partial span is superseded by the complete sentence,3582|directives|83|101 3582|questions|97|101,question_directive,R1_INTERROGATIVE,MEDIUM,false,questions:-1 directives:-1,question:+1 primary · directive:+1 secondary,true
A-DQ-p3586-s006,DIRECTIVE_QUESTION_UNIFIED,3586,p3586-s006,q_authored,182,213,Define ‘black op’ [clandestine],DIRECTIVE_QUESTION_220,3586|directives|182|213 3586|questions|182|213,directives@182..213[EXACT] questions@182..213[EXACT],directive,question,,,,3586|directives|182|213 3586|questions|182|213,question_directive,R2_IMPERATIVE,MEDIUM,false,questions:-1 directives:-1,directive:+1 primary · question:+1 secondary,false
A-DQ-p3588-s009,DIRECTIVE_QUESTION_UNIFIED,3588,p3588-s009,q_authored,359,520,"Ask yourself a very basic question – would the FAKE NEWS complex [NYT, WASHPOST, NBC, ABC, BBC, ………………………………………………………….] attack us if we weren’t a ‘real’ threat?",DIRECTIVE_QUESTION_220 WRAPPED_PARTIAL_51,3588|directives|359|520 3588|questions|396|520,directives@359..520[EXACT] questions@396..520[PARTIAL],question,directive,,3588|questions|396|520,directive-wrapped question: the embedded partial span is superseded by the complete sentence,3588|directives|359|520 3588|questions|396|520,question_directive,R1_INTERROGATIVE,MEDIUM,false,questions:-1 directives:-1,question:+1 primary · directive:+1 secondary,true
A-DQ-p3588-s010,DIRECTIVE_QUESTION_UNIFIED,3588,p3588-s010,q_authored,521,622,Ask yourself a very basic question – why is the ‘forum’ where [drops] are made under constant attack?,DIRECTIVE_QUESTION_220 WRAPPED_PARTIAL_51,3588|directives|521|622 3588|questions|558|622,directives@521..622[EXACT] questions@558..622[PARTIAL],question,directive,,3588|questions|558|622,directive-wrapped question: the embedded partial span is superseded by the complete sentence,3588|directives|521|622 3588|questions|558|622,question_directive,R1_INTERROGATIVE,MEDIUM,false,questions:-1 directives:-1,question:+1 primary · directive:+1 secondary,true
A-DQ-p3607-s003,DIRECTIVE_QUESTION_UNIFIED,3607,p3607-s003,q_authored,303,323,Define 'Projection'.,DIRECTIVE_QUESTION_220,3607|directives|303|323 3607|questions|303|323,directives@303..323[EXACT] questions@303..323[EXACT],directive,question,,,,3607|directives|303|323 3607|questions|303|323,question_directive,R2_IMPERATIVE,MEDIUM,false,questions:-1 directives:-1,directive:+1 primary · question:+1 secondary,false
A-DQ-p3661-s000,DIRECTIVE_QUESTION_UNIFIED,3661,p3661-s000,q_authored,0,41,"Ask yourself a very simple question, why?",DIRECTIVE_QUESTION_220 WRAPPED_PARTIAL_51,3661|directives|0|41 3661|questions|37|41,directives@0..41[EXACT] questions@37..41[PARTIAL],question,directive,,3661|questions|37|41,directive-wrapped question: the embedded partial span is superseded by the complete sentence,3661|directives|0|41 3661|questions|37|41,question_directive,R1_INTERROGATIVE,MEDIUM,false,questions:-1 directives:-1,question:+1 primary · directive:+1 secondary,true
A-DQ-p3836-s007,DIRECTIVE_QUESTION_UNIFIED,3836,p3836-s007,q_authored,446,464,Define projection.,DIRECTIVE_QUESTION_220,3836|directives|446|464 3836|questions|446|464,directives@446..464[EXACT] questions@446..464[EXACT],directive,question,,,,3836|directives|446|464 3836|questions|446|464,question_directive,R2_IMPERATIVE,MEDIUM,false,questions:-1 directives:-1,directive:+1 primary · question:+1 secondary,false
A-DQ-p3856-s002,DIRECTIVE_QUESTION_UNIFIED,3856,p3856-s002,q_authored,43,84,Define Renegade [Hussein USSS code name].,DIRECTIVE_QUESTION_220,3856|directives|43|84 3856|questions|43|84,directives@43..84[EXACT] questions@43..84[EXACT],directive,question,,,,3856|directives|43|84 3856|questions|43|84,question_directive,R2_IMPERATIVE,MEDIUM,false,questions:-1 directives:-1,directive:+1 primary · question:+1 secondary,false
A-DQ-p3856-s004,DIRECTIVE_QUESTION_UNIFIED,3856,p3856-s004,q_authored,106,143,Define Evergreen [HRC USSS code name],DIRECTIVE_QUESTION_220,3856|directives|106|143 3856|questions|106|143,directives@106..143[EXACT] questions@106..143[EXACT],directive,question,,,,3856|directives|106|143 3856|questions|106|143,question_directive,R2_IMPERATIVE,MEDIUM,false,questions:-1 directives:-1,directive:+1 primary · question:+1 secondary,false
A-DQ-p3857-s002,DIRECTIVE_QUESTION_UNIFIED,3857,p3857-s002,q_authored,115,153,Ask yourself a simple question —– why?,DIRECTIVE_QUESTION_220 WRAPPED_PARTIAL_51,3857|directives|115|153 3857|questions|149|153,directives@115..153[EXACT] questions@149..153[PARTIAL],question,directive,,3857|questions|149|153,directive-wrapped question: the embedded partial span is superseded by the complete sentence,3857|directives|115|153 3857|questions|149|153,question_directive,R1_INTERROGATIVE,MEDIUM,false,questions:-1 directives:-1,question:+1 primary · directive:+1 secondary,true
A-DQ-p3869-s002,DIRECTIVE_QUESTION_UNIFIED,3869,p3869-s002,q_authored,140,164,Define 'superdelegates'.,DIRECTIVE_QUESTION_220,3869|directives|140|164 3869|questions|140|164,directives@140..164[EXACT] questions@140..164[EXACT],directive,question,,,,3869|directives|140|164 3869|questions|140|164,question_directive,R2_IMPERATIVE,MEDIUM,false,questions:-1 directives:-1,directive:+1 primary · question:+1 secondary,false
A-DQ-p0388-s000,DIRECTIVE_QUESTION_UNIFIED,388,p0388-s000,q_authored,0,18,Define CORRUPTION.,DIRECTIVE_QUESTION_220,388|directives|0|18 388|questions|0|18,directives@0..18[EXACT] questions@0..18[EXACT],directive,question,,,,388|directives|0|18 388|questions|0|18,question_directive,R2_IMPERATIVE,MEDIUM,false,questions:-1 directives:-1,directive:+1 primary · question:+1 secondary,false
A-DQ-p3881-s002,DIRECTIVE_QUESTION_UNIFIED,3881,p3881-s002,q_authored,76,118,Think: re: why [no] arrests (justice) yet?,DIRECTIVE_QUESTION_220 WRAPPED_PARTIAL_51,3881|directives|76|118 3881|questions|87|118,directives@76..118[EXACT] questions@87..118[PARTIAL],question,directive,,3881|questions|87|118,directive-wrapped question: the embedded partial span is superseded by the complete sentence,3881|directives|76|118 3881|questions|87|118,question_directive,R1_INTERROGATIVE,MEDIUM,false,questions:-1 directives:-1,question:+1 primary · directive:+1 secondary,true
A-DQ-p3911-s003,DIRECTIVE_QUESTION_UNIFIED,3911,p3911-s003,q_authored,192,210,Define propaganda.,DIRECTIVE_QUESTION_220,3911|directives|192|210 3911|questions|192|210,directives@192..210[EXACT] questions@192..210[EXACT],directive,question,,,,3911|directives|192|210 3911|questions|192|210,question_directive,R2_IMPERATIVE,MEDIUM,false,questions:-1 directives:-1,directive:+1 primary · question:+1 secondary,false
A-DQ-p3920-s002,DIRECTIVE_QUESTION_UNIFIED,3920,p3920-s002,q_authored,132,149,Define 'Traitor'.,DIRECTIVE_QUESTION_220,3920|directives|132|149 3920|questions|132|149,directives@132..149[EXACT] questions@132..149[EXACT],directive,question,,,,3920|directives|132|149 3920|questions|132|149,question_directive,R2_IMPERATIVE,MEDIUM,false,questions:-1 directives:-1,directive:+1 primary · question:+1 secondary,false
A-DQ-p4014-s023,DIRECTIVE_QUESTION_UNIFIED,4014,p4014-s023,q_authored,1382,1402,Define 'insurgency'.,DIRECTIVE_QUESTION_220,4014|directives|1382|1402 4014|questions|1382|1402,directives@1382..1402[EXACT] questions@1382..1402[EXACT],directive,question,,,,4014|directives|1382|1402 4014|questions|1382|1402,question_directive,R2_IMPERATIVE,MEDIUM,false,questions:-1 directives:-1,directive:+1 primary · question:+1 secondary,false
A-DQ-p4097-s003,DIRECTIVE_QUESTION_UNIFIED,4097,p4097-s003,q_authored,252,270,"Ask yourself, why?",DIRECTIVE_QUESTION_220 WRAPPED_PARTIAL_51,4097|directives|252|270 4097|questions|266|270,directives@252..270[EXACT] questions@266..270[PARTIAL],question,directive,,4097|questions|266|270,directive-wrapped question: the embedded partial span is superseded by the complete sentence,4097|directives|252|270 4097|questions|266|270,question_directive,R1_INTERROGATIVE,MEDIUM,false,questions:-1 directives:-1,question:+1 primary · directive:+1 secondary,true
A-DQ-p4098-s001,DIRECTIVE_QUESTION_UNIFIED,4098,p4098-s001,q_authored,61,79,Define 'Renegade'.,DIRECTIVE_QUESTION_220,4098|directives|61|79 4098|questions|61|79,directives@61..79[EXACT] questions@61..79[EXACT],directive,question,,,,4098|directives|61|79 4098|questions|61|79,question_directive,R2_IMPERATIVE,MEDIUM,false,questions:-1 directives:-1,directive:+1 primary · question:+1 secondary,false
A-DQ-p4123-s004,DIRECTIVE_QUESTION_UNIFIED,4123,p4123-s004,q_authored,225,246,Define 'backchannel'.,DIRECTIVE_QUESTION_220,4123|directives|225|246 4123|questions|225|246,directives@225..246[EXACT] questions@225..246[EXACT],directive,question,,,,4123|directives|225|246 4123|questions|225|246,question_directive,R2_IMPERATIVE,MEDIUM,false,questions:-1 directives:-1,directive:+1 primary · question:+1 secondary,false
A-DQ-p4164-s009,DIRECTIVE_QUESTION_UNIFIED,4164,p4164-s009,q_authored,435,462,Define 'Shadow Government'.,DIRECTIVE_QUESTION_220,4164|directives|435|462 4164|questions|435|462,directives@435..462[EXACT] questions@435..462[EXACT],directive,question,,,,4164|directives|435|462 4164|questions|435|462,question_directive,R2_IMPERATIVE,MEDIUM,false,questions:-1 directives:-1,directive:+1 primary · question:+1 secondary,false
A-DQ-p0425-s000,DIRECTIVE_QUESTION_UNIFIED,425,p0425-s000,q_authored,9,25,Define Shutdown.,DIRECTIVE_QUESTION_220,425|directives|9|25 425|questions|9|25,directives@9..25[EXACT] questions@9..25[EXACT],directive,question,,,,425|directives|9|25 425|questions|9|25,question_directive,R2_IMPERATIVE,MEDIUM,false,questions:-1 directives:-1,directive:+1 primary · question:+1 secondary,false
A-DQ-p0426-s004,DIRECTIVE_QUESTION_UNIFIED,426,p0426-s004,q_authored,187,202,Define hostage.,DIRECTIVE_QUESTION_220,426|directives|187|202 426|questions|187|202,directives@187..202[EXACT] questions@187..202[EXACT],directive,question,,,,426|directives|187|202 426|questions|187|202,question_directive,R2_IMPERATIVE,MEDIUM,false,questions:-1 directives:-1,directive:+1 primary · question:+1 secondary,false
A-DQ-p4337-s010,DIRECTIVE_QUESTION_UNIFIED,4337,p4337-s010,q_authored,592,717,Ask yourself a very simple question - was it known [common sense and [early] medical reports] elderly community most at risk?,DIRECTIVE_QUESTION_220 WRAPPED_PARTIAL_51,4337|directives|592|717 4337|questions|630|717,directives@592..717[EXACT] questions@630..717[PARTIAL],question,directive,,4337|questions|630|717,directive-wrapped question: the embedded partial span is superseded by the complete sentence,4337|directives|592|717 4337|questions|630|717,question_directive,R1_INTERROGATIVE,MEDIUM,false,questions:-1 directives:-1,question:+1 primary · directive:+1 secondary,true
A-DQ-p4352-s014,DIRECTIVE_QUESTION_UNIFIED,4352,p4352-s014,q_authored,1687,1726,Define 'stand down' [safe haven] order.,DIRECTIVE_QUESTION_220,4352|directives|1687|1726 4352|questions|1687|1726,directives@1687..1726[EXACT] questions@1687..1726[EXACT],directive,question,,,,4352|directives|1687|1726 4352|questions|1687|1726,question_directive,R2_IMPERATIVE,MEDIUM,false,questions:-1 directives:-1,directive:+1 primary · question:+1 secondary,false
A-DQ-p4352-s015,DIRECTIVE_QUESTION_UNIFIED,4352,p4352-s015,q_authored,1727,1752,Define 'organized' group.,DIRECTIVE_QUESTION_220,4352|directives|1727|1752 4352|questions|1727|1752,directives@1727..1752[EXACT] questions@1727..1752[EXACT],directive,question,,,,4352|directives|1727|1752 4352|questions|1727|1752,question_directive,R2_IMPERATIVE,MEDIUM,false,questions:-1 directives:-1,directive:+1 primary · question:+1 secondary,false
A-DQ-p4428-s002,DIRECTIVE_QUESTION_UNIFIED,4428,p4428-s002,q_authored,102,120,"Ask yourself, why?",DIRECTIVE_QUESTION_220 WRAPPED_PARTIAL_51,4428|directives|102|120 4428|questions|116|120,directives@102..120[EXACT] questions@116..120[PARTIAL],question,directive,,4428|questions|116|120,directive-wrapped question: the embedded partial span is superseded by the complete sentence,4428|directives|102|120 4428|questions|116|120,question_directive,R1_INTERROGATIVE,MEDIUM,false,questions:-1 directives:-1,question:+1 primary · directive:+1 secondary,true
A-DQ-p4553-s002,DIRECTIVE_QUESTION_UNIFIED,4553,p4553-s002,q_authored,125,142,Define 'Fascism'.,DIRECTIVE_QUESTION_220,4553|directives|125|142 4553|questions|125|142,directives@125..142[EXACT] questions@125..142[EXACT],directive,question,,,,4553|directives|125|142 4553|questions|125|142,question_directive,R2_IMPERATIVE,MEDIUM,false,questions:-1 directives:-1,directive:+1 primary · question:+1 secondary,false
A-DQ-p4553-s004,DIRECTIVE_QUESTION_UNIFIED,4553,p4553-s004,q_authored,180,200,Define 'Censorship'.,DIRECTIVE_QUESTION_220,4553|directives|180|200 4553|questions|180|200,directives@180..200[EXACT] questions@180..200[EXACT],directive,question,,,,4553|directives|180|200 4553|questions|180|200,question_directive,R2_IMPERATIVE,MEDIUM,false,questions:-1 directives:-1,directive:+1 primary · question:+1 secondary,false
A-DQ-p4553-s006,DIRECTIVE_QUESTION_UNIFIED,4553,p4553-s006,q_authored,252,271,Define 'Narrative'.,DIRECTIVE_QUESTION_220,4553|directives|252|271 4553|questions|252|271,directives@252..271[EXACT] questions@252..271[EXACT],directive,question,,,,4553|directives|252|271 4553|questions|252|271,question_directive,R2_IMPERATIVE,MEDIUM,false,questions:-1 directives:-1,directive:+1 primary · question:+1 secondary,false
A-DQ-p4553-s008,DIRECTIVE_QUESTION_UNIFIED,4553,p4553-s008,q_authored,413,433,Define 'Projection'.,DIRECTIVE_QUESTION_220,4553|directives|413|433 4553|questions|413|433,directives@413..433[EXACT] questions@413..433[EXACT],directive,question,,,,4553|directives|413|433 4553|questions|413|433,question_directive,R2_IMPERATIVE,MEDIUM,false,questions:-1 directives:-1,directive:+1 primary · question:+1 secondary,false
A-DQ-p4553-s011,DIRECTIVE_QUESTION_UNIFIED,4553,p4553-s011,q_authored,656,690,Define 'Psychological Projection'.,DIRECTIVE_QUESTION_220,4553|directives|656|690 4553|questions|656|690,directives@656..690[EXACT] questions@656..690[EXACT],directive,question,,,,4553|directives|656|690 4553|questions|656|690,question_directive,R2_IMPERATIVE,MEDIUM,false,questions:-1 directives:-1,directive:+1 primary · question:+1 secondary,false
A-DQ-p4553-s013,DIRECTIVE_QUESTION_UNIFIED,4553,p4553-s013,q_authored,898,918,Define 'Narcissist'.,DIRECTIVE_QUESTION_220,4553|directives|898|918 4553|questions|898|918,directives@898..918[EXACT] questions@898..918[EXACT],directive,question,,,,4553|directives|898|918 4553|questions|898|918,question_directive,R2_IMPERATIVE,MEDIUM,false,questions:-1 directives:-1,directive:+1 primary · question:+1 secondary,false
A-DQ-p4553-s015,DIRECTIVE_QUESTION_UNIFIED,4553,p4553-s015,q_authored,1101,1116,Define 'Dogma'.,DIRECTIVE_QUESTION_220,4553|directives|1101|1116 4553|questions|1101|1116,directives@1101..1116[EXACT] questions@1101..1116[EXACT],directive,question,,,,4553|directives|1101|1116 4553|questions|1101|1116,question_directive,R2_IMPERATIVE,MEDIUM,false,questions:-1 directives:-1,directive:+1 primary · question:+1 secondary,false
A-DQ-p4553-s017,DIRECTIVE_QUESTION_UNIFIED,4553,p4553-s017,q_authored,1195,1215,Define 'Aggression'.,DIRECTIVE_QUESTION_220,4553|directives|1195|1215 4553|questions|1195|1215,directives@1195..1215[EXACT] questions@1195..1215[EXACT],directive,question,,,,4553|directives|1195|1215 4553|questions|1195|1215,question_directive,R2_IMPERATIVE,MEDIUM,false,questions:-1 directives:-1,directive:+1 primary · question:+1 secondary,false
A-DQ-p4553-s019,DIRECTIVE_QUESTION_UNIFIED,4553,p4553-s019,q_authored,1293,1314,Define 'Suppression'.,DIRECTIVE_QUESTION_220,4553|directives|1293|1314 4553|questions|1293|1314,directives@1293..1314[EXACT] questions@1293..1314[EXACT],directive,question,,,,4553|directives|1293|1314 4553|questions|1293|1314,question_directive,R2_IMPERATIVE,MEDIUM,false,questions:-1 directives:-1,directive:+1 primary · question:+1 secondary,false
A-DQ-p4553-s024,DIRECTIVE_QUESTION_UNIFIED,4553,p4553-s024,q_authored,1571,1588,Define 'Realism'.,DIRECTIVE_QUESTION_220,4553|directives|1571|1588 4553|questions|1571|1588,directives@1571..1588[EXACT] questions@1571..1588[EXACT],directive,question,,,,4553|directives|1571|1588 4553|questions|1571|1588,question_directive,R2_IMPERATIVE,MEDIUM,false,questions:-1 directives:-1,directive:+1 primary · question:+1 secondary,false
A-DQ-p4635-s028,DIRECTIVE_QUESTION_UNIFIED,4635,p4635-s028,q_authored,1791,1864,"Ask yourself, why are [D] party leaders refusing to condemn the violence?",DIRECTIVE_QUESTION_220 WRAPPED_PARTIAL_51,4635|directives|1791|1864 4635|questions|1805|1864,directives@1791..1864[EXACT] questions@1805..1864[PARTIAL],question,directive,,4635|questions|1805|1864,directive-wrapped question: the embedded partial span is superseded by the complete sentence,4635|directives|1791|1864 4635|questions|1805|1864,question_directive,R1_INTERROGATIVE,MEDIUM,false,questions:-1 directives:-1,question:+1 primary · directive:+1 secondary,true
A-DQ-p4635-s029,DIRECTIVE_QUESTION_UNIFIED,4635,p4635-s029,q_authored,1865,1941,"Ask yourself, why are [D] party leaders refusing to seek a unified republic?",DIRECTIVE_QUESTION_220 WRAPPED_PARTIAL_51,4635|directives|1865|1941 4635|questions|1879|1941,directives@1865..1941[EXACT] questions@1879..1941[PARTIAL],question,directive,,4635|questions|1879|1941,directive-wrapped question: the embedded partial span is superseded by the complete sentence,4635|directives|1865|1941 4635|questions|1879|1941,question_directive,R1_INTERROGATIVE,MEDIUM,false,questions:-1 directives:-1,question:+1 primary · directive:+1 secondary,true
A-DQ-p4685-s008,DIRECTIVE_QUESTION_UNIFIED,4685,p4685-s008,q_authored,507,529,Define 'indoctrinate'.,DIRECTIVE_QUESTION_220,4685|directives|507|529 4685|questions|507|529,directives@507..529[EXACT] questions@507..529[EXACT],directive,question,,,,4685|directives|507|529 4685|questions|507|529,question_directive,R2_IMPERATIVE,MEDIUM,false,questions:-1 directives:-1,directive:+1 primary · question:+1 secondary,false
A-DQ-p0479-s005,DIRECTIVE_QUESTION_UNIFIED,479,p0479-s005,q_authored,141,168,List the leadership in AUS.,DIRECTIVE_QUESTION_220,479|directives|141|168 479|questions|141|168,directives@141..168[EXACT] questions@141..168[EXACT],directive,question,,,,479|directives|141|168 479|questions|141|168,question_directive,R2_IMPERATIVE,MEDIUM,false,questions:-1 directives:-1,directive:+1 primary · question:+1 secondary,false
A-DQ-p4958-s008,DIRECTIVE_QUESTION_UNIFIED,4958,p4958-s008,q_authored,184,199,Define 'Plant'.,DIRECTIVE_QUESTION_220,4958|directives|184|199 4958|questions|184|199,directives@184..199[EXACT] questions@184..199[EXACT],directive,question,,,,4958|directives|184|199 4958|questions|184|199,question_directive,R2_IMPERATIVE,MEDIUM,false,questions:-1 directives:-1,directive:+1 primary · question:+1 secondary,false
A-DQ-p0524-s012,DIRECTIVE_QUESTION_UNIFIED,524,p0524-s012,q_authored,330,340,Reconcile?,DIRECTIVE_QUESTION_220,524|directives|330|340 524|questions|330|340,directives@330..340[EXACT] questions@330..340[EXACT],question,directive,,,,524|directives|330|340 524|questions|330|340,question_directive,R1_INTERROGATIVE,MEDIUM,false,questions:-1 directives:-1,question:+1 primary · directive:+1 secondary,false
A-DQ-p0053-s000,DIRECTIVE_QUESTION_UNIFIED,53,p0053-s000,q_authored,0,34,List out all who have foundations.,DIRECTIVE_QUESTION_220,53|directives|0|34 53|questions|0|34,directives@0..34[EXACT] questions@0..34[EXACT],directive,question,,,,53|directives|0|34 53|questions|0|34,question_directive,R2_IMPERATIVE,MEDIUM,false,questions:-1 directives:-1,directive:+1 primary · question:+1 secondary,false
A-DQ-p0641-s003,DIRECTIVE_QUESTION_UNIFIED,641,p0641-s003,q_authored,83,95,Define heel.,DIRECTIVE_QUESTION_220,641|directives|83|95 641|questions|83|95,directives@83..95[EXACT] questions@83..95[EXACT],directive,question,,,,641|directives|83|95 641|questions|83|95,question_directive,R2_IMPERATIVE,MEDIUM,false,questions:-1 directives:-1,directive:+1 primary · question:+1 secondary,false
A-DQ-p0071-s009,DIRECTIVE_QUESTION_UNIFIED,71,p0071-s009,q_authored,207,230,Define cash laundering.,DIRECTIVE_QUESTION_220,71|directives|207|230 71|questions|207|230,directives@207..230[EXACT] questions@207..230[EXACT],directive,question,,,,71|directives|207|230 71|questions|207|230,question_directive,R2_IMPERATIVE,MEDIUM,false,questions:-1 directives:-1,directive:+1 primary · question:+1 secondary,false
A-DQ-p0725-s000,DIRECTIVE_QUESTION_UNIFIED,725,p0725-s000,q_authored,9,72,"Ask yourself, why is NK participating in the O-games this year?",DIRECTIVE_QUESTION_220 WRAPPED_PARTIAL_51,725|directives|9|72 725|questions|23|72,directives@9..72[EXACT] questions@23..72[PARTIAL],question,directive,,725|questions|23|72,directive-wrapped question: the embedded partial span is superseded by the complete sentence,725|directives|9|72 725|questions|23|72,question_directive,R1_INTERROGATIVE,MEDIUM,false,questions:-1 directives:-1,question:+1 primary · directive:+1 secondary,true
A-DQ-p0725-s001,DIRECTIVE_QUESTION_UNIFIED,725,p0725-s001,q_authored,74,117,"Ask yourself, why is the 'sister' w/ Pence?",DIRECTIVE_QUESTION_220 WRAPPED_PARTIAL_51,725|directives|74|117 725|questions|88|117,directives@74..117[EXACT] questions@88..117[PARTIAL],question,directive,,725|questions|88|117,directive-wrapped question: the embedded partial span is superseded by the complete sentence,725|directives|74|117 725|questions|88|117,question_directive,R1_INTERROGATIVE,MEDIUM,false,questions:-1 directives:-1,question:+1 primary · directive:+1 secondary,true
A-DQ-p0725-s002,DIRECTIVE_QUESTION_UNIFIED,725,p0725-s002,q_authored,118,201,"Ask yourself, if controlled, how might you protect yourself and look for a way out?",DIRECTIVE_QUESTION_220 WRAPPED_PARTIAL_51,725|directives|118|201 725|questions|132|201,directives@118..201[EXACT] questions@132..201[PARTIAL],question,directive,,725|questions|132|201,directive-wrapped question: the embedded partial span is superseded by the complete sentence,725|directives|118|201 725|questions|132|201,question_directive,R1_INTERROGATIVE,MEDIUM,false,questions:-1 directives:-1,question:+1 primary · directive:+1 secondary,true
A-DQ-p0725-s003,DIRECTIVE_QUESTION_UNIFIED,725,p0725-s003,q_authored,202,238,"Ask yourself, what is a distraction?",DIRECTIVE_QUESTION_220 WRAPPED_PARTIAL_51,725|directives|202|238 725|questions|216|238,directives@202..238[EXACT] questions@216..238[PARTIAL],question,directive,,725|questions|216|238,directive-wrapped question: the embedded partial span is superseded by the complete sentence,725|directives|202|238 725|questions|216|238,question_directive,R1_INTERROGATIVE,MEDIUM,false,questions:-1 directives:-1,question:+1 primary · directive:+1 secondary,true
A-DQ-p0725-s004,DIRECTIVE_QUESTION_UNIFIED,725,p0725-s004,q_authored,239,300,"Ask yourself, why did Korea come together as a country v N&S?",DIRECTIVE_QUESTION_220 WRAPPED_PARTIAL_51,725|directives|239|300 725|questions|253|300,directives@239..300[EXACT] questions@253..300[PARTIAL],question,directive,,725|questions|253|300,directive-wrapped question: the embedded partial span is superseded by the complete sentence,725|directives|239|300 725|questions|253|300,question_directive,R1_INTERROGATIVE,MEDIUM,false,questions:-1 directives:-1,question:+1 primary · directive:+1 secondary,true
A-DQ-p0725-s005,DIRECTIVE_QUESTION_UNIFIED,725,p0725-s005,q_authored,301,374,"Ask yourself, what occurred in Asia (ref pics) just prior to the O-games?",DIRECTIVE_QUESTION_220 WRAPPED_PARTIAL_51,725|directives|301|374 725|questions|315|374,directives@301..374[EXACT] questions@315..374[PARTIAL],question,directive,,725|questions|315|374,directive-wrapped question: the embedded partial span is superseded by the complete sentence,725|directives|301|374 725|questions|315|374,question_directive,R1_INTERROGATIVE,MEDIUM,false,questions:-1 directives:-1,question:+1 primary · directive:+1 secondary,true
A-DQ-p0725-s006,DIRECTIVE_QUESTION_UNIFIED,725,p0725-s006,q_authored,375,410,"Ask yourself, what does FREED mean?",DIRECTIVE_QUESTION_220 WRAPPED_PARTIAL_51,725|directives|375|410 725|questions|389|410,directives@375..410[EXACT] questions@389..410[PARTIAL],question,directive,,725|questions|389|410,directive-wrapped question: the embedded partial span is superseded by the complete sentence,725|directives|375|410 725|questions|389|410,question_directive,R1_INTERROGATIVE,MEDIUM,false,questions:-1 directives:-1,question:+1 primary · directive:+1 secondary,true
A-DQ-p0725-s007,DIRECTIVE_QUESTION_UNIFIED,725,p0725-s007,q_authored,411,442,"Ask yourself, do we want a WAR?",DIRECTIVE_QUESTION_220 WRAPPED_PARTIAL_51,725|directives|411|442 725|questions|425|442,directives@411..442[EXACT] questions@425..442[PARTIAL],question,directive,,725|questions|425|442,directive-wrapped question: the embedded partial span is superseded by the complete sentence,725|directives|411|442 725|questions|425|442,question_directive,R1_INTERROGATIVE,MEDIUM,false,questions:-1 directives:-1,question:+1 primary · directive:+1 secondary,true
A-DQ-p0725-s008,DIRECTIVE_QUESTION_UNIFIED,725,p0725-s008,q_authored,443,486,"Ask yourself, who is trying to start a WAR?",DIRECTIVE_QUESTION_220 WRAPPED_PARTIAL_51,725|directives|443|486 725|questions|457|486,directives@443..486[EXACT] questions@457..486[PARTIAL],question,directive,,725|questions|457|486,directive-wrapped question: the embedded partial span is superseded by the complete sentence,725|directives|443|486 725|questions|457|486,question_directive,R1_INTERROGATIVE,MEDIUM,false,questions:-1 directives:-1,question:+1 primary · directive:+1 secondary,true
A-DQ-p0725-s009,DIRECTIVE_QUESTION_UNIFIED,725,p0725-s009,q_authored,487,570,"Ask yourself, if a missile was launched by rogue actors, what would be the purpose?",DIRECTIVE_QUESTION_220 WRAPPED_PARTIAL_51,725|directives|487|570 725|questions|501|570,directives@487..570[EXACT] questions@501..570[PARTIAL],question,directive,,725|questions|501|570,directive-wrapped question: the embedded partial span is superseded by the complete sentence,725|directives|487|570 725|questions|501|570,question_directive,R1_INTERROGATIVE,MEDIUM,false,questions:-1 directives:-1,question:+1 primary · directive:+1 secondary,true
A-DQ-p0725-s010,DIRECTIVE_QUESTION_UNIFIED,725,p0725-s010,q_authored,571,627,"Ask yourself, what would/should immediately start a WAR?",DIRECTIVE_QUESTION_220 WRAPPED_PARTIAL_51,725|directives|571|627 725|questions|585|627,directives@571..627[EXACT] questions@585..627[PARTIAL],question,directive,,725|questions|585|627,directive-wrapped question: the embedded partial span is superseded by the complete sentence,725|directives|571|627 725|questions|585|627,question_directive,R1_INTERROGATIVE,MEDIUM,false,questions:-1 directives:-1,question:+1 primary · directive:+1 secondary,true
A-DQ-p0732-s010,DIRECTIVE_QUESTION_UNIFIED,732,p0732-s010,q_authored,528,552,Define money laundering.,DIRECTIVE_QUESTION_220,732|directives|528|552 732|questions|528|552,directives@528..552[EXACT] questions@528..552[EXACT],directive,question,,,,732|directives|528|552 732|questions|528|552,question_directive,R2_IMPERATIVE,MEDIUM,false,questions:-1 directives:-1,directive:+1 primary · question:+1 secondary,false
A-DQ-p0732-s011,DIRECTIVE_QUESTION_UNIFIED,732,p0732-s011,q_authored,553,579,Define the word 'Traitor'.,DIRECTIVE_QUESTION_220,732|directives|553|579 732|questions|553|579,directives@553..579[EXACT] questions@553..579[EXACT],directive,question,,,,732|directives|553|579 732|questions|553|579,question_directive,R2_IMPERATIVE,MEDIUM,false,questions:-1 directives:-1,directive:+1 primary · question:+1 secondary,false
A-DQ-p0077-s010,DIRECTIVE_QUESTION_UNIFIED,77,p0077-s010,q_authored,218,241,Define cash laundering.,DIRECTIVE_QUESTION_220,77|directives|218|241 77|questions|218|241,directives@218..241[EXACT] questions@218..241[EXACT],directive,question,,,,77|directives|218|241 77|questions|218|241,question_directive,R2_IMPERATIVE,MEDIUM,false,questions:-1 directives:-1,directive:+1 primary · question:+1 secondary,false
A-DQ-p0790-s011,DIRECTIVE_QUESTION_UNIFIED,790,p0790-s011,q_authored,176,191,DEFINE THE END?,DIRECTIVE_QUESTION_220,790|directives|176|191 790|questions|176|191,directives@176..191[EXACT] questions@176..191[EXACT],question,directive,,,,790|directives|176|191 790|questions|176|191,question_directive,R1_INTERROGATIVE,MEDIUM,false,questions:-1 directives:-1,question:+1 primary · directive:+1 secondary,false
A-DQ-p0830-s012,DIRECTIVE_QUESTION_UNIFIED,830,p0830-s012,q_authored,347,365,Define false flag?,DIRECTIVE_QUESTION_220,830|directives|347|365 830|questions|347|365,directives@347..365[EXACT] questions@347..365[EXACT],question,directive,,,,830|directives|347|365 830|questions|347|365,question_directive,R1_INTERROGATIVE,MEDIUM,false,questions:-1 directives:-1,question:+1 primary · directive:+1 secondary,false
A-DQ-p0856-s002,DIRECTIVE_QUESTION_UNIFIED,856,p0856-s002,q_authored,48,66,"Ask yourself, why?",DIRECTIVE_QUESTION_220 WRAPPED_PARTIAL_51,856|directives|48|66 856|questions|62|66,directives@48..66[EXACT] questions@62..66[PARTIAL],question,directive,,856|questions|62|66,directive-wrapped question: the embedded partial span is superseded by the complete sentence,856|directives|48|66 856|questions|62|66,question_directive,R1_INTERROGATIVE,MEDIUM,false,questions:-1 directives:-1,question:+1 primary · directive:+1 secondary,true
A-DQ-p0097-s001,DIRECTIVE_QUESTION_UNIFIED,97,p0097-s001,q_authored,13,20,Define.,DIRECTIVE_QUESTION_220,97|directives|13|20 97|questions|13|20,directives@13..20[EXACT] questions@13..20[EXACT],directive,question,,,,97|directives|13|20 97|questions|13|20,question_directive,R2_IMPERATIVE,MEDIUM,false,questions:-1 directives:-1,directive:+1 primary · question:+1 secondary,false
A-DQ-p0097-s011,DIRECTIVE_QUESTION_UNIFIED,97,p0097-s011,q_authored,182,197,Define hostage.,DIRECTIVE_QUESTION_220,97|directives|182|197 97|questions|182|197,directives@182..197[EXACT] questions@182..197[EXACT],directive,question,,,,97|directives|182|197 97|questions|182|197,question_directive,R2_IMPERATIVE,MEDIUM,false,questions:-1 directives:-1,directive:+1 primary · question:+1 secondary,false
A-DQ-p0097-s012,DIRECTIVE_QUESTION_UNIFIED,97,p0097-s012,q_authored,198,214,Define leverage.,DIRECTIVE_QUESTION_220,97|directives|198|214 97|questions|198|214,directives@198..214[EXACT] questions@198..214[EXACT],directive,question,,,,97|directives|198|214 97|questions|198|214,question_directive,R2_IMPERATIVE,MEDIUM,false,questions:-1 directives:-1,directive:+1 primary · question:+1 secondary,false
A-DQ-p0099-s003,DIRECTIVE_QUESTION_UNIFIED,99,p0099-s003,q_authored,45,52,Define.,DIRECTIVE_QUESTION_220,99|directives|45|52 99|questions|45|52,directives@45..52[EXACT] questions@45..52[EXACT],directive,question,,,,99|directives|45|52 99|questions|45|52,question_directive,R2_IMPERATIVE,MEDIUM,false,questions:-1 directives:-1,directive:+1 primary · question:+1 secondary,false
